estimator,rmse,angle_rmse,voltage_magnitude_rmse,residual_norm,weighted_residual,condition_number,rank,effective_rank,runtime_seconds,iterations,converged,failed,failure_reason,case_name,dataset_source,dataset_source_detail,external_case,mode,n_measurements,n_states,scenario_name,noise_std,missing_ratio,bad_data_ratio,bad_data_count,bad_data_magnitude,bad_data_target,target_condition_number,achieved_condition_number,trial_id,sweep_name,sweep_parameter,sweep_value,seed
pseudoinverse,0.0021140406484147878,0.0029886525438281497,0.00029083976968835584,4.960405726593861,4.960405726593861,227.1572256831145,113,113,0.8525352920041769,4,True,False,,ieee57,pypower,pypower.case57.case57,True,nonlinear_ac_state_estimation,298,113,nonlinear_ac_ieee57,0.0,0.1,0.05,1,5.0,weak_area,,227.1572256831145,nonlinear_noise_sweep_0p0_seed101,nonlinear_noise_sweep,scenario.noise_std,0.0,101
ridge,0.0021140406484153607,0.00298865254382908,0.00029083976968722063,4.960405726593859,4.960405726593859,227.15722568306674,113,113,0.8545778750049067,4,True,False,,ieee57,pypower,pypower.case57.case57,True,nonlinear_ac_state_estimation,298,113,nonlinear_ac_ieee57,0.0,0.1,0.05,1,5.0,weak_area,,227.15722568306674,nonlinear_noise_sweep_0p0_seed101,nonlinear_noise_sweep,scenario.noise_std,0.0,101
truncated_svd,0.002114040648414947,0.002988652543828402,0.00029083976968810696,4.960405726593856,4.960405726593856,227.15722568311466,113,113,0.8511458749999292,4,True,False,,ieee57,pypower,pypower.case57.case57,True,nonlinear_ac_state_estimation,298,113,nonlinear_ac_ieee57,0.0,0.1,0.05,1,5.0,weak_area,,227.15722568311466,nonlinear_noise_sweep_0p0_seed101,nonlinear_noise_sweep,scenario.noise_std,0.0,101
qsvt_regularized,0.0021140406484153607,0.00298865254382908,0.00029083976968722063,4.960405726593859,4.960405726593859,227.15722568306674,113,113,0.8588492499984568,4,True,False,,ieee57,pypower,pypower.case57.case57,True,nonlinear_ac_state_estimation,298,113,nonlinear_ac_ieee57,0.0,0.1,0.05,1,5.0,weak_area,,227.15722568306674,nonlinear_noise_sweep_0p0_seed101,nonlinear_noise_sweep,scenario.noise_std,0.0,101
huber_irls,0.0006443244910400243,0.0009111572220529686,8.592005233759615e-05,4.9795919544447385,4.9795919544447385,227.83141498648715,113,113,0.8883136250005919,4,True,False,,ieee57,pypower,pypower.case57.case57,True,nonlinear_ac_state_estimation,298,113,nonlinear_ac_ieee57,0.0,0.1,0.05,1,5.0,weak_area,,227.83141498648715,nonlinear_noise_sweep_0p0_seed101,nonlinear_noise_sweep,scenario.noise_std,0.0,101
pseudoinverse,0.0036678059397368037,0.003635182959703602,0.0036995764529464464,6.867338171610186,6.867338171610186,234.99196757028557,113,113,1.2387192919995869,6,True,False,,ieee57,pypower,pypower.case57.case57,True,nonlinear_ac_state_estimation,298,113,nonlinear_ac_ieee57,0.0,0.1,0.05,2,5.0,weak_area,,234.99196757028557,nonlinear_noise_sweep_0p0_seed202,nonlinear_noise_sweep,scenario.noise_std,0.0,202
ridge,0.003667805939736845,0.003635182959703911,0.003699576452946227,6.867338171610183,6.867338171610183,234.9919675702853,113,113,1.2331833330026711,6,True,False,,ieee57,pypower,pypower.case57.case57,True,nonlinear_ac_state_estimation,298,113,nonlinear_ac_ieee57,0.0,0.1,0.05,2,5.0,weak_area,,234.9919675702853,nonlinear_noise_sweep_0p0_seed202,nonlinear_noise_sweep,scenario.noise_std,0.0,202
truncated_svd,0.003667805939736782,0.0036351829597035834,0.003699576452946421,6.867338171610181,6.867338171610181,234.9919675702857,113,113,1.2464117919953424,6,True,False,,ieee57,pypower,pypower.case57.case57,True,nonlinear_ac_state_estimation,298,113,nonlinear_ac_ieee57,0.0,0.1,0.05,2,5.0,weak_area,,234.9919675702857,nonlinear_noise_sweep_0p0_seed202,nonlinear_noise_sweep,scenario.noise_std,0.0,202
qsvt_regularized,0.003667805939736845,0.003635182959703911,0.003699576452946227,6.867338171610183,6.867338171610183,234.9919675702853,113,113,1.244027583998104,6,True,False,,ieee57,pypower,pypower.case57.case57,True,nonlinear_ac_state_estimation,298,113,nonlinear_ac_ieee57,0.0,0.1,0.05,2,5.0,weak_area,,234.9919675702853,nonlinear_noise_sweep_0p0_seed202,nonlinear_noise_sweep,scenario.noise_std,0.0,202
huber_irls,0.0012691396375640264,0.0012714346734016707,0.0012668808166857077,6.956929759483281,6.956929759483281,234.5837504470151,113,113,0.8712924999999814,4,True,False,,ieee57,pypower,pypower.case57.case57,True,nonlinear_ac_state_estimation,298,113,nonlinear_ac_ieee57,0.0,0.1,0.05,2,5.0,weak_area,,234.5837504470151,nonlinear_noise_sweep_0p0_seed202,nonlinear_noise_sweep,scenario.noise_std,0.0,202
pseudoinverse,0.002131450105463189,0.0030275517149242243,3.456591431716848e-05,4.9600622857040415,4.9600622857040415,230.0964632456467,113,113,0.8577448330033803,4,True,False,,ieee57,pypower,pypower.case57.case57,True,nonlinear_ac_state_estimation,298,113,nonlinear_ac_ieee57,0.0,0.1,0.05,1,5.0,weak_area,,230.0964632456467,nonlinear_noise_sweep_0p0_seed303,nonlinear_noise_sweep,scenario.noise_std,0.0,303
ridge,0.002131450105463894,0.0030275517149252265,3.456591431715596e-05,4.960062285704036,4.960062285704036,230.09646324552784,113,113,0.8819123330031289,4,True,False,,ieee57,pypower,pypower.case57.case57,True,nonlinear_ac_state_estimation,298,113,nonlinear_ac_ieee57,0.0,0.1,0.05,1,5.0,weak_area,,230.09646324552784,nonlinear_noise_sweep_0p0_seed303,nonlinear_noise_sweep,scenario.noise_std,0.0,303
truncated_svd,0.0021314501054632497,0.0030275517149243106,3.456591431718748e-05,4.96006228570404,4.96006228570404,230.09646324564645,113,113,0.8601013330044225,4,True,False,,ieee57,pypower,pypower.case57.case57,True,nonlinear_ac_state_estimation,298,113,nonlinear_ac_ieee57,0.0,0.1,0.05,1,5.0,weak_area,,230.09646324564645,nonlinear_noise_sweep_0p0_seed303,nonlinear_noise_sweep,scenario.noise_std,0.0,303
qsvt_regularized,0.002131450105463894,0.0030275517149252265,3.456591431715596e-05,4.960062285704036,4.960062285704036,230.09646324552784,113,113,0.8568812079975032,4,True,False,,ieee57,pypower,pypower.case57.case57,True,nonlinear_ac_state_estimation,298,113,nonlinear_ac_ieee57,0.0,0.1,0.05,1,5.0,weak_area,,230.09646324552784,nonlinear_noise_sweep_0p0_seed303,nonlinear_noise_sweep,scenario.noise_std,0.0,303
huber_irls,0.0006499678134881584,0.0009232217296846029,1.0941340734406365e-05,4.979393529772633,4.979393529772633,229.34140066427608,113,113,0.8756421669968404,4,True,False,,ieee57,pypower,pypower.case57.case57,True,nonlinear_ac_state_estimation,298,113,nonlinear_ac_ieee57,0.0,0.1,0.05,1,5.0,weak_area,,229.34140066427608,nonlinear_noise_sweep_0p0_seed303,nonlinear_noise_sweep,scenario.noise_std,0.0,303
pseudoinverse,0.0007929534544098548,0.0005380409338808296,0.0009808720147523142,4.956949091445127,4.956949091445127,228.142880879746,113,113,1.054815041999973,5,True,False,,ieee57,pypower,pypower.case57.case57,True,nonlinear_ac_state_estimation,298,113,nonlinear_ac_ieee57,0.0,0.1,0.05,1,5.0,weak_area,,228.142880879746,nonlinear_noise_sweep_0p0_seed404,nonlinear_noise_sweep,scenario.noise_std,0.0,404
ridge,0.0007929534544098192,0.0005380409338809042,0.000980872014752217,4.95694909144512,4.95694909144512,228.14288087975376,113,113,1.0446129579941044,5,True,False,,ieee57,pypower,pypower.case57.case57,True,nonlinear_ac_state_estimation,298,113,nonlinear_ac_ieee57,0.0,0.1,0.05,1,5.0,weak_area,,228.14288087975376,nonlinear_noise_sweep_0p0_seed404,nonlinear_noise_sweep,scenario.noise_std,0.0,404
truncated_svd,0.0007929534544098202,0.0005380409338808521,0.0009808720147522468,4.95694909144512,4.95694909144512,228.14288087974603,113,113,1.052497458003927,5,True,False,,ieee57,pypower,pypower.case57.case57,True,nonlinear_ac_state_estimation,298,113,nonlinear_ac_ieee57,0.0,0.1,0.05,1,5.0,weak_area,,228.14288087974603,nonlinear_noise_sweep_0p0_seed404,nonlinear_noise_sweep,scenario.noise_std,0.0,404
qsvt_regularized,0.0007929534544098192,0.0005380409338809042,0.000980872014752217,4.95694909144512,4.95694909144512,228.14288087975376,113,113,1.058709666998766,5,True,False,,ieee57,pypower,pypower.case57.case57,True,nonlinear_ac_state_estimation,298,113,nonlinear_ac_ieee57,0.0,0.1,0.05,1,5.0,weak_area,,228.14288087975376,nonlinear_noise_sweep_0p0_seed404,nonlinear_noise_sweep,scenario.noise_std,0.0,404
huber_irls,0.00024011205239261364,0.00016369335110457813,0.0002965985650675213,4.977934987542642,4.977934987542642,228.94332528355568,113,113,0.8647525830019731,4,True,False,,ieee57,pypower,pypower.case57.case57,True,nonlinear_ac_state_estimation,298,113,nonlinear_ac_ieee57,0.0,0.1,0.05,1,5.0,weak_area,,228.94332528355568,nonlinear_noise_sweep_0p0_seed404,nonlinear_noise_sweep,scenario.noise_std,0.0,404
pseudoinverse,0.0010182864321211353,0.0012739048756770979,0.000679161463488509,6.968606145500325,6.968606145500325,228.74895039145252,113,113,0.8566733749976265,4,True,False,,ieee57,pypower,pypower.case57.case57,True,nonlinear_ac_state_estimation,298,113,nonlinear_ac_ieee57,0.0,0.1,0.05,2,5.0,weak_area,,228.74895039145252,nonlinear_noise_sweep_0p0_seed505,nonlinear_noise_sweep,scenario.noise_std,0.0,505
ridge,0.0010182864321211715,0.0012739048756770315,0.0006791614634887384,6.968606145500323,6.968606145500323,228.7489503913766,113,113,0.9153669579973212,4,True,False,,ieee57,pypower,pypower.case57.case57,True,nonlinear_ac_state_estimation,298,113,nonlinear_ac_ieee57,0.0,0.1,0.05,2,5.0,weak_area,,228.7489503913766,nonlinear_noise_sweep_0p0_seed505,nonlinear_noise_sweep,scenario.noise_std,0.0,505
truncated_svd,0.001018286432121142,0.0012739048756770963,0.0006791614634885325,6.968606145500325,6.968606145500325,228.74895039145275,113,113,0.8605291670028237,4,True,False,,ieee57,pypower,pypower.case57.case57,True,nonlinear_ac_state_estimation,298,113,nonlinear_ac_ieee57,0.0,0.1,0.05,2,5.0,weak_area,,228.74895039145275,nonlinear_noise_sweep_0p0_seed505,nonlinear_noise_sweep,scenario.noise_std,0.0,505
qsvt_regularized,0.0010182864321211715,0.0012739048756770315,0.0006791614634887384,6.968606145500323,6.968606145500323,228.7489503913766,113,113,0.8498357920034323,4,True,False,,ieee57,pypower,pypower.case57.case57,True,nonlinear_ac_state_estimation,298,113,nonlinear_ac_ieee57,0.0,0.1,0.05,2,5.0,weak_area,,228.7489503913766,nonlinear_noise_sweep_0p0_seed505,nonlinear_noise_sweep,scenario.noise_std,0.0,505
huber_irls,0.0003193954897309742,0.00040370587491170637,0.00020522691073389545,7.016721227234587,7.016721227234587,228.1413915497057,113,113,0.8664064580007107,4,True,False,,ieee57,pypower,pypower.case57.case57,True,nonlinear_ac_state_estimation,298,113,nonlinear_ac_ieee57,0.0,0.1,0.05,2,5.0,weak_area,,228.1413915497057,nonlinear_noise_sweep_0p0_seed505,nonlinear_noise_sweep,scenario.noise_std,0.0,505
pseudoinverse,0.00181526773572644,0.00039625921988649816,0.002525532978088161,4.964864596341276,4.964864596341276,237.46281780276794,113,113,1.0415124589999323,5,True,False,,ieee57,pypower,pypower.case57.case57,True,nonlinear_ac_state_estimation,298,113,nonlinear_ac_ieee57,0.0,0.1,0.05,1,5.0,weak_area,,237.46281780276794,nonlinear_noise_sweep_0p0_seed606,nonlinear_noise_sweep,scenario.noise_std,0.0,606
ridge,0.0018152677357266675,0.00039625921988667624,0.002525532978088457,4.9648645963412665,4.9648645963412665,237.46281780279193,113,113,1.04430970899557,5,True,False,,ieee57,pypower,pypower.case57.case57,True,nonlinear_ac_state_estimation,298,113,nonlinear_ac_ieee57,0.0,0.1,0.05,1,5.0,weak_area,,237.46281780279193,nonlinear_noise_sweep_0p0_seed606,nonlinear_noise_sweep,scenario.noise_std,0.0,606
truncated_svd,0.0018152677357265576,0.0003962592198864952,0.0025255329780883287,4.964864596341268,4.964864596341268,237.46281780276828,113,113,1.0573637080015033,5,True,False,,ieee57,pypower,pypower.case57.case57,True,nonlinear_ac_state_estimation,298,113,nonlinear_ac_ieee57,0.0,0.1,0.05,1,5.0,weak_area,,237.46281780276828,nonlinear_noise_sweep_0p0_seed606,nonlinear_noise_sweep,scenario.noise_std,0.0,606
qsvt_regularized,0.0018152677357266675,0.00039625921988667624,0.002525532978088457,4.9648645963412665,4.9648645963412665,237.46281780279193,113,113,1.0347315409962903,5,True,False,,ieee57,pypower,pypower.case57.case57,True,nonlinear_ac_state_estimation,298,113,nonlinear_ac_ieee57,0.0,0.1,0.05,1,5.0,weak_area,,237.46281780279193,nonlinear_noise_sweep_0p0_seed606,nonlinear_noise_sweep,scenario.noise_std,0.0,606
huber_irls,0.0005591335707867517,0.00012195052871235109,0.0007779234773448308,4.981777485591841,4.981777485591841,239.91720476233442,113,113,0.8712333329967805,4,True,False,,ieee57,pypower,pypower.case57.case57,True,nonlinear_ac_state_estimation,298,113,nonlinear_ac_ieee57,0.0,0.1,0.05,1,5.0,weak_area,,239.91720476233442,nonlinear_noise_sweep_0p0_seed606,nonlinear_noise_sweep,scenario.noise_std,0.0,606
pseudoinverse,0.00045114539946194537,0.0006161771193816453,0.00017458611695583058,7.061735622554598,7.061735622554598,232.0039283644921,113,113,1.0839590830000816,5,True,False,,ieee57,pypower,pypower.case57.case57,True,nonlinear_ac_state_estimation,298,113,nonlinear_ac_ieee57,0.0,0.1,0.05,2,5.0,weak_area,,232.0039283644921,nonlinear_noise_sweep_0p0_seed707,nonlinear_noise_sweep,scenario.noise_std,0.0,707
ridge,0.000451145399461997,0.0006161771193816826,0.00017458611695596535,7.061735622554598,7.061735622554598,232.00392836449552,113,113,1.0401028329943074,5,True,False,,ieee57,pypower,pypower.case57.case57,True,nonlinear_ac_state_estimation,298,113,nonlinear_ac_ieee57,0.0,0.1,0.05,2,5.0,weak_area,,232.00392836449552,nonlinear_noise_sweep_0p0_seed707,nonlinear_noise_sweep,scenario.noise_std,0.0,707
truncated_svd,0.00045114539946201145,0.0006161771193817236,0.00017458611695589775,7.061735622554599,7.061735622554599,232.00392836449183,113,113,1.0437067920065601,5,True,False,,ieee57,pypower,pypower.case57.case57,True,nonlinear_ac_state_estimation,298,113,nonlinear_ac_ieee57,0.0,0.1,0.05,2,5.0,weak_area,,232.00392836449183,nonlinear_noise_sweep_0p0_seed707,nonlinear_noise_sweep,scenario.noise_std,0.0,707
qsvt_regularized,0.000451145399461997,0.0006161771193816826,0.00017458611695596535,7.061735622554598,7.061735622554598,232.00392836449552,113,113,1.025931459000276,5,True,False,,ieee57,pypower,pypower.case57.case57,True,nonlinear_ac_state_estimation,298,113,nonlinear_ac_ieee57,0.0,0.1,0.05,2,5.0,weak_area,,232.00392836449552,nonlinear_noise_sweep_0p0_seed707,nonlinear_noise_sweep,scenario.noise_std,0.0,707
huber_irls,0.0001380397743771516,0.0001891167737675137,5.136112792315072e-05,7.066250919807346,7.066250919807346,232.18033508705767,113,113,0.8903790409967769,4,True,False,,ieee57,pypower,pypower.case57.case57,True,nonlinear_ac_state_estimation,298,113,nonlinear_ac_ieee57,0.0,0.1,0.05,2,5.0,weak_area,,232.18033508705767,nonlinear_noise_sweep_0p0_seed707,nonlinear_noise_sweep,scenario.noise_std,0.0,707
pseudoinverse,0.008858418073167725,0.006459534006466778,0.01070387291710099,6.205456019813989,6.205456019813989,248.03582803677267,113,113,1.0523449999964214,5,True,False,,ieee57,pypower,pypower.case57.case57,True,nonlinear_ac_state_estimation,298,113,nonlinear_ac_ieee57,0.0,0.1,0.05,2,5.0,weak_area,,248.03582803677267,nonlinear_noise_sweep_0p0_seed808,nonlinear_noise_sweep,scenario.noise_std,0.0,808
ridge,0.008858418073168327,0.006459534006467183,0.010703872917101736,6.2054560198139885,6.2054560198139885,248.03582803677168,113,113,1.0574476659967331,5,True,False,,ieee57,pypower,pypower.case57.case57,True,nonlinear_ac_state_estimation,298,113,nonlinear_ac_ieee57,0.0,0.1,0.05,2,5.0,weak_area,,248.03582803677168,nonlinear_noise_sweep_0p0_seed808,nonlinear_noise_sweep,scenario.noise_std,0.0,808
truncated_svd,0.008858418073167737,0.006459534006466784,0.010703872917101004,6.205456019813994,6.205456019813994,248.03582803677142,113,113,1.0467291249951813,5,True,False,,ieee57,pypower,pypower.case57.case57,True,nonlinear_ac_state_estimation,298,113,nonlinear_ac_ieee57,0.0,0.1,0.05,2,5.0,weak_area,,248.03582803677142,nonlinear_noise_sweep_0p0_seed808,nonlinear_noise_sweep,scenario.noise_std,0.0,808
qsvt_regularized,0.008858418073168327,0.006459534006467183,0.010703872917101736,6.2054560198139885,6.2054560198139885,248.03582803677168,113,113,1.037700084001699,5,True,False,,ieee57,pypower,pypower.case57.case57,True,nonlinear_ac_state_estimation,298,113,nonlinear_ac_ieee57,0.0,0.1,0.05,2,5.0,weak_area,,248.03582803677168,nonlinear_noise_sweep_0p0_seed808,nonlinear_noise_sweep,scenario.noise_std,0.0,808
huber_irls,0.0039063894168611816,0.0033250691132104934,0.004403398821204928,6.489310367341291,6.489310367341291,248.04219135988816,113,113,0.902849916004925,4,True,False,,ieee57,pypower,pypower.case57.case57,True,nonlinear_ac_state_estimation,298,113,nonlinear_ac_ieee57,0.0,0.1,0.05,2,5.0,weak_area,,248.04219135988816,nonlinear_noise_sweep_0p0_seed808,nonlinear_noise_sweep,scenario.noise_std,0.0,808
pseudoinverse,0.007287530951672036,0.006838774387715188,0.007702997099475879,4.297536649320066,4.297536649320066,262.10764122861724,113,113,1.2389085839968175,6,True,False,,ieee57,pypower,pypower.case57.case57,True,nonlinear_ac_state_estimation,298,113,nonlinear_ac_ieee57,0.0,0.1,0.05,1,5.0,weak_area,,262.10764122861724,nonlinear_noise_sweep_0p0_seed909,nonlinear_noise_sweep,scenario.noise_std,0.0,909
ridge,0.007287530951672027,0.006838774387715006,0.007702997099476023,4.297536649320062,4.297536649320062,262.1076412286167,113,113,1.2808479580053245,6,True,False,,ieee57,pypower,pypower.case57.case57,True,nonlinear_ac_state_estimation,298,113,nonlinear_ac_ieee57,0.0,0.1,0.05,1,5.0,weak_area,,262.1076412286167,nonlinear_noise_sweep_0p0_seed909,nonlinear_noise_sweep,scenario.noise_std,0.0,909
truncated_svd,0.007287530951672148,0.006838774387715263,0.007702997099476024,4.297536649320063,4.297536649320063,262.1076412286168,113,113,1.2269040410028538,6,True,False,,ieee57,pypower,pypower.case57.case57,True,nonlinear_ac_state_estimation,298,113,nonlinear_ac_ieee57,0.0,0.1,0.05,1,5.0,weak_area,,262.1076412286168,nonlinear_noise_sweep_0p0_seed909,nonlinear_noise_sweep,scenario.noise_std,0.0,909
qsvt_regularized,0.007287530951672027,0.006838774387715006,0.007702997099476023,4.297536649320062,4.297536649320062,262.1076412286167,113,113,1.2338770829956047,6,True,False,,ieee57,pypower,pypower.case57.case57,True,nonlinear_ac_state_estimation,298,113,nonlinear_ac_ieee57,0.0,0.1,0.05,1,5.0,weak_area,,262.1076412286167,nonlinear_noise_sweep_0p0_seed909,nonlinear_noise_sweep,scenario.noise_std,0.0,909
huber_irls,0.0029621563670289286,0.0027526149200956355,0.0031544957347782233,4.546627591898406,4.546627591898406,262.09059034615495,113,113,1.1117014160045073,5,True,False,,ieee57,pypower,pypower.case57.case57,True,nonlinear_ac_state_estimation,298,113,nonlinear_ac_ieee57,0.0,0.1,0.05,1,5.0,weak_area,,262.09059034615495,nonlinear_noise_sweep_0p0_seed909,nonlinear_noise_sweep,scenario.noise_std,0.0,909
pseudoinverse,0.012879336410028048,0.0016516108228479933,0.018060025545247157,5.5300937714934,5.5300937714934,421.7956063107849,113,113,1.437109042002703,7,True,False,,ieee57,pypower,pypower.case57.case57,True,nonlinear_ac_state_estimation,298,113,nonlinear_ac_ieee57,0.0,0.1,0.05,2,5.0,weak_area,,421.7956063107849,nonlinear_noise_sweep_0p0_seed1001,nonlinear_noise_sweep,scenario.noise_std,0.0,1001
ridge,0.012879336410030234,0.001651610822848172,0.018060025545250234,5.530093771493401,5.530093771493401,421.79560631070404,113,113,1.4116191249995609,7,True,False,,ieee57,pypower,pypower.case57.case57,True,nonlinear_ac_state_estimation,298,113,nonlinear_ac_ieee57,0.0,0.1,0.05,2,5.0,weak_area,,421.79560631070404,nonlinear_noise_sweep_0p0_seed1001,nonlinear_noise_sweep,scenario.noise_std,0.0,1001
truncated_svd,0.012879336410028005,0.0016516108228479566,0.0180600255452471,5.5300937714934015,5.5300937714934015,421.7956063107854,113,113,1.4280450830046902,7,True,False,,ieee57,pypower,pypower.case57.case57,True,nonlinear_ac_state_estimation,298,113,nonlinear_ac_ieee57,0.0,0.1,0.05,2,5.0,weak_area,,421.7956063107854,nonlinear_noise_sweep_0p0_seed1001,nonlinear_noise_sweep,scenario.noise_std,0.0,1001
qsvt_regularized,0.012879336410030234,0.001651610822848172,0.018060025545250234,5.530093771493401,5.530093771493401,421.79560631070404,113,113,1.4269487499987008,7,True,False,,ieee57,pypower,pypower.case57.case57,True,nonlinear_ac_state_estimation,298,113,nonlinear_ac_ieee57,0.0,0.1,0.05,2,5.0,weak_area,,421.79560631070404,nonlinear_noise_sweep_0p0_seed1001,nonlinear_noise_sweep,scenario.noise_std,0.0,1001
huber_irls,0.012853360916496186,0.0015765838167198002,0.018029901911884194,5.547748380731476,5.547748380731476,421.80060755336945,113,113,1.4509340830045403,7,True,False,,ieee57,pypower,pypower.case57.case57,True,nonlinear_ac_state_estimation,298,113,nonlinear_ac_ieee57,0.0,0.1,0.05,2,5.0,weak_area,,421.80060755336945,nonlinear_noise_sweep_0p0_seed1001,nonlinear_noise_sweep,scenario.noise_std,0.0,1001
pseudoinverse,0.0021735947680746504,0.003018458762817353,0.0006441216163246699,5.236630745457022,5.236630745457022,227.9628938181202,113,113,0.8582693749995087,4,True,False,,ieee57,pypower,pypower.case57.case57,True,nonlinear_ac_state_estimation,298,113,nonlinear_ac_ieee57,0.002,0.1,0.05,1,5.0,weak_area,,227.9628938181202,nonlinear_noise_sweep_0p002_seed101,nonlinear_noise_sweep,scenario.noise_std,0.002,101
ridge,0.0021735947680750606,0.0030184587628179177,0.0006441216163248145,5.236630745457026,5.236630745457026,227.96289381807657,113,113,0.8659384170023259,4,True,False,,ieee57,pypower,pypower.case57.case57,True,nonlinear_ac_state_estimation,298,113,nonlinear_ac_ieee57,0.002,0.1,0.05,1,5.0,weak_area,,227.96289381807657,nonlinear_noise_sweep_0p002_seed101,nonlinear_noise_sweep,scenario.noise_std,0.002,101
truncated_svd,0.0021735947680747323,0.0030184587628174645,0.000644121616324704,5.236630745457052,5.236630745457052,227.96289381811928,113,113,0.9212657499956549,4,True,False,,ieee57,pypower,pypower.case57.case57,True,nonlinear_ac_state_estimation,298,113,nonlinear_ac_ieee57,0.002,0.1,0.05,1,5.0,weak_area,,227.96289381811928,nonlinear_noise_sweep_0p002_seed101,nonlinear_noise_sweep,scenario.noise_std,0.002,101
qsvt_regularized,0.0021735947680750606,0.0030184587628179177,0.0006441216163248145,5.236630745457026,5.236630745457026,227.96289381807657,113,113,0.8465412090008613,4,True,False,,ieee57,pypower,pypower.case57.case57,True,nonlinear_ac_state_estimation,298,113,nonlinear_ac_ieee57,0.002,0.1,0.05,1,5.0,weak_area,,227.96289381807657,nonlinear_noise_sweep_0p002_seed101,nonlinear_noise_sweep,scenario.noise_std,0.002,101
huber_irls,0.0008827292269050491,0.0010357928993166338,0.0007005046082505307,5.254678882820863,5.254678882820863,228.6454288041138,113,113,0.8807731659981073,4,True,False,,ieee57,pypower,pypower.case57.case57,True,nonlinear_ac_state_estimation,298,113,nonlinear_ac_ieee57,0.002,0.1,0.05,1,5.0,weak_area,,228.6454288041138,nonlinear_noise_sweep_0p002_seed101,nonlinear_noise_sweep,scenario.noise_std,0.002,101
pseudoinverse,0.003737806823568569,0.003594872994953003,0.003873099578116848,7.0707680737038485,7.0707680737038485,235.47728662527183,113,113,1.2428232500024023,6,True,False,,ieee57,pypower,pypower.case57.case57,True,nonlinear_ac_state_estimation,298,113,nonlinear_ac_ieee57,0.002,0.1,0.05,2,5.0,weak_area,,235.47728662527183,nonlinear_noise_sweep_0p002_seed202,nonlinear_noise_sweep,scenario.noise_std,0.002,202
ridge,0.00373780682356865,0.0035948729949534025,0.003873099578116638,7.070768073703853,7.070768073703853,235.47728662527155,113,113,1.2501895829991554,6,True,False,,ieee57,pypower,pypower.case57.case57,True,nonlinear_ac_state_estimation,298,113,nonlinear_ac_ieee57,0.002,0.1,0.05,2,5.0,weak_area,,235.47728662527155,nonlinear_noise_sweep_0p002_seed202,nonlinear_noise_sweep,scenario.noise_std,0.002,202
truncated_svd,0.003737806823568562,0.003594872994953007,0.0038730995781168323,7.0707680737038565,7.0707680737038565,235.47728662527274,113,113,1.2282453750012792,6,True,False,,ieee57,pypower,pypower.case57.case57,True,nonlinear_ac_state_estimation,298,113,nonlinear_ac_ieee57,0.002,0.1,0.05,2,5.0,weak_area,,235.47728662527274,nonlinear_noise_sweep_0p002_seed202,nonlinear_noise_sweep,scenario.noise_std,0.002,202
qsvt_regularized,0.00373780682356865,0.0035948729949534025,0.003873099578116638,7.070768073703853,7.070768073703853,235.47728662527155,113,113,1.2347198329953244,6,True,False,,ieee57,pypower,pypower.case57.case57,True,nonlinear_ac_state_estimation,298,113,nonlinear_ac_ieee57,0.002,0.1,0.05,2,5.0,weak_area,,235.47728662527155,nonlinear_noise_sweep_0p002_seed202,nonlinear_noise_sweep,scenario.noise_std,0.002,202
huber_irls,0.0014259768717988278,0.001283295693262871,0.001553444704016198,7.157942768008047,7.157942768008047,235.06949140878882,113,113,0.8848419999994803,4,True,False,,ieee57,pypower,pypower.case57.case57,True,nonlinear_ac_state_estimation,298,113,nonlinear_ac_ieee57,0.002,0.1,0.05,2,5.0,weak_area,,235.06949140878882,nonlinear_noise_sweep_0p002_seed202,nonlinear_noise_sweep,scenario.noise_std,0.002,202
pseudoinverse,0.0023256708386066582,0.0032845717739997437,0.0003513660219696856,5.2823921797910485,5.2823921797910485,230.378427526558,113,113,0.8499869170045713,4,True,False,,ieee57,pypower,pypower.case57.case57,True,nonlinear_ac_state_estimation,298,113,nonlinear_ac_ieee57,0.002,0.1,0.05,1,5.0,weak_area,,230.378427526558,nonlinear_noise_sweep_0p002_seed303,nonlinear_noise_sweep,scenario.noise_std,0.002,303
ridge,0.0023256708386070204,0.0032845717740002545,0.0003513660219697446,5.282392179791037,5.282392179791037,230.37842752649803,113,113,0.8481755000029807,4,True,False,,ieee57,pypower,pypower.case57.case57,True,nonlinear_ac_state_estimation,298,113,nonlinear_ac_ieee57,0.002,0.1,0.05,1,5.0,weak_area,,230.37842752649803,nonlinear_noise_sweep_0p002_seed303,nonlinear_noise_sweep,scenario.noise_std,0.002,303
truncated_svd,0.0023256708386065147,0.0032845717739995437,0.00035136602196963963,5.28239217979105,5.28239217979105,230.37842752655692,113,113,0.8418969170015771,4,True,False,,ieee57,pypower,pypower.case57.case57,True,nonlinear_ac_state_estimation,298,113,nonlinear_ac_ieee57,0.002,0.1,0.05,1,5.0,weak_area,,230.37842752655692,nonlinear_noise_sweep_0p002_seed303,nonlinear_noise_sweep,scenario.noise_std,0.002,303
qsvt_regularized,0.0023256708386070204,0.0032845717740002545,0.0003513660219697446,5.282392179791037,5.282392179791037,230.37842752649803,113,113,0.8699065840046387,4,True,False,,ieee57,pypower,pypower.case57.case57,True,nonlinear_ac_state_estimation,298,113,nonlinear_ac_ieee57,0.002,0.1,0.05,1,5.0,weak_area,,230.37842752649803,nonlinear_noise_sweep_0p002_seed303,nonlinear_noise_sweep,scenario.noise_std,0.002,303
huber_irls,0.0009394303629948149,0.0012866604719349447,0.0003508909327057292,5.300599090460077,5.300599090460077,229.60726780385028,113,113,0.8737524579992169,4,True,False,,ieee57,pypower,pypower.case57.case57,True,nonlinear_ac_state_estimation,298,113,nonlinear_ac_ieee57,0.002,0.1,0.05,1,5.0,weak_area,,229.60726780385028,nonlinear_noise_sweep_0p002_seed303,nonlinear_noise_sweep,scenario.noise_std,0.002,303
pseudoinverse,0.0013198709813646574,0.0006907229037306447,0.0017276655874448581,5.17691565049169,5.17691565049169,227.19494991781647,113,113,1.0399845829961123,5,True,False,,ieee57,pypower,pypower.case57.case57,True,nonlinear_ac_state_estimation,298,113,nonlinear_ac_ieee57,0.002,0.1,0.05,1,5.0,weak_area,,227.19494991781647,nonlinear_noise_sweep_0p002_seed404,nonlinear_noise_sweep,scenario.noise_std,0.002,404
ridge,0.0013198709813646604,0.0006907229037306203,0.0017276655874448729,5.176915650491714,5.176915650491714,227.19494991782474,113,113,1.0385267919991747,5,True,False,,ieee57,pypower,pypower.case57.case57,True,nonlinear_ac_state_estimation,298,113,nonlinear_ac_ieee57,0.002,0.1,0.05,1,5.0,weak_area,,227.19494991782474,nonlinear_noise_sweep_0p002_seed404,nonlinear_noise_sweep,scenario.noise_std,0.002,404
truncated_svd,0.0013198709813645655,0.0006907229037305726,0.0017276655874447476,5.176915650491682,5.176915650491682,227.1949499178165,113,113,1.0228704170003766,5,True,False,,ieee57,pypower,pypower.case57.case57,True,nonlinear_ac_state_estimation,298,113,nonlinear_ac_ieee57,0.002,0.1,0.05,1,5.0,weak_area,,227.1949499178165,nonlinear_noise_sweep_0p002_seed404,nonlinear_noise_sweep,scenario.noise_std,0.002,404
qsvt_regularized,0.0013198709813646604,0.0006907229037306203,0.0017276655874448729,5.176915650491714,5.176915650491714,227.19494991782474,113,113,1.0344003749996773,5,True,False,,ieee57,pypower,pypower.case57.case57,True,nonlinear_ac_state_estimation,298,113,nonlinear_ac_ieee57,0.002,0.1,0.05,1,5.0,weak_area,,227.19494991782474,nonlinear_noise_sweep_0p002_seed404,nonlinear_noise_sweep,scenario.noise_std,0.002,404
huber_irls,0.0008758762572683427,0.0004571432549144399,0.0011469724765390441,5.19682165660001,5.19682165660001,227.98470656592565,113,113,0.8764815000031376,4,True,False,,ieee57,pypower,pypower.case57.case57,True,nonlinear_ac_state_estimation,298,113,nonlinear_ac_ieee57,0.002,0.1,0.05,1,5.0,weak_area,,227.98470656592565,nonlinear_noise_sweep_0p002_seed404,nonlinear_noise_sweep,scenario.noise_std,0.002,404
pseudoinverse,0.0010721213818218039,0.0014189753936958331,0.0005482299376482225,7.095062987881146,7.095062987881146,227.71545558822828,113,113,0.8690377909952076,4,True,False,,ieee57,pypower,pypower.case57.case57,True,nonlinear_ac_state_estimation,298,113,nonlinear_ac_ieee57,0.002,0.1,0.05,2,5.0,weak_area,,227.71545558822828,nonlinear_noise_sweep_0p002_seed505,nonlinear_noise_sweep,scenario.noise_std,0.002,505
ridge,0.0010721213818218522,0.0014189753936959177,0.0005482299376481956,7.0950629878811355,7.0950629878811355,227.71545558813233,113,113,0.8629584579975926,4,True,False,,ieee57,pypower,pypower.case57.case57,True,nonlinear_ac_state_estimation,298,113,nonlinear_ac_ieee57,0.002,0.1,0.05,2,5.0,weak_area,,227.71545558813233,nonlinear_noise_sweep_0p002_seed505,nonlinear_noise_sweep,scenario.noise_std,0.002,505
truncated_svd,0.0010721213818217952,0.0014189753936958186,0.000548229937648226,7.095062987881148,7.095062987881148,227.71545558822802,113,113,0.8443915829993784,4,True,False,,ieee57,pypower,pypower.case57.case57,True,nonlinear_ac_state_estimation,298,113,nonlinear_ac_ieee57,0.002,0.1,0.05,2,5.0,weak_area,,227.71545558822802,nonlinear_noise_sweep_0p002_seed505,nonlinear_noise_sweep,scenario.noise_std,0.002,505
qsvt_regularized,0.0010721213818218522,0.0014189753936959177,0.0005482299376481956,7.0950629878811355,7.0950629878811355,227.71545558813233,113,113,0.852598332996422,4,True,False,,ieee57,pypower,pypower.case57.case57,True,nonlinear_ac_state_estimation,298,113,nonlinear_ac_ieee57,0.002,0.1,0.05,2,5.0,weak_area,,227.71545558813233,nonlinear_noise_sweep_0p002_seed505,nonlinear_noise_sweep,scenario.noise_std,0.002,505
huber_irls,0.0006971976417373512,0.0007025859558073788,0.0006918629937275635,7.142155995569934,7.142155995569934,227.1116159577519,113,113,0.8756647920017713,4,True,False,,ieee57,pypower,pypower.case57.case57,True,nonlinear_ac_state_estimation,298,113,nonlinear_ac_ieee57,0.002,0.1,0.05,2,5.0,weak_area,,227.1116159577519,nonlinear_noise_sweep_0p002_seed505,nonlinear_noise_sweep,scenario.noise_std,0.002,505
pseudoinverse,0.002458555622572298,0.001058880683384086,0.003298695209291594,5.130152709818091,5.130152709818091,236.58727292719794,113,113,1.086195708005107,5,True,False,,ieee57,pypower,pypower.case57.case57,True,nonlinear_ac_state_estimation,298,113,nonlinear_ac_ieee57,0.002,0.1,0.05,1,5.0,weak_area,,236.58727292719794,nonlinear_noise_sweep_0p002_seed606,nonlinear_noise_sweep,scenario.noise_std,0.002,606
ridge,0.00245855562257259,0.00105888068338447,0.003298695209291905,5.130152709818119,5.130152709818119,236.587272927236,113,113,1.053048083995236,5,True,False,,ieee57,pypower,pypower.case57.case57,True,nonlinear_ac_state_estimation,298,113,nonlinear_ac_ieee57,0.002,0.1,0.05,1,5.0,weak_area,,236.587272927236,nonlinear_noise_sweep_0p002_seed606,nonlinear_noise_sweep,scenario.noise_std,0.002,606
truncated_svd,0.0024585556225721534,0.0010588806833840283,0.003298695209291399,5.130152709818099,5.130152709818099,236.5872729271978,113,113,1.0235467500024242,5,True,False,,ieee57,pypower,pypower.case57.case57,True,nonlinear_ac_state_estimation,298,113,nonlinear_ac_ieee57,0.002,0.1,0.05,1,5.0,weak_area,,236.5872729271978,nonlinear_noise_sweep_0p002_seed606,nonlinear_noise_sweep,scenario.noise_std,0.002,606
qsvt_regularized,0.00245855562257259,0.00105888068338447,0.003298695209291905,5.130152709818119,5.130152709818119,236.587272927236,113,113,1.0473855419986648,5,True,False,,ieee57,pypower,pypower.case57.case57,True,nonlinear_ac_state_estimation,298,113,nonlinear_ac_ieee57,0.002,0.1,0.05,1,5.0,weak_area,,236.587272927236,nonlinear_noise_sweep_0p002_seed606,nonlinear_noise_sweep,scenario.noise_std,0.002,606
huber_irls,0.001318119062746354,0.0008656722003097269,0.0016456467321136078,5.145972751138146,5.145972751138146,238.95385302805477,113,113,1.0788855420032633,5,True,False,,ieee57,pypower,pypower.case57.case57,True,nonlinear_ac_state_estimation,298,113,nonlinear_ac_ieee57,0.002,0.1,0.05,1,5.0,weak_area,,238.95385302805477,nonlinear_noise_sweep_0p002_seed606,nonlinear_noise_sweep,scenario.noise_std,0.002,606
pseudoinverse,0.0007796982935714018,0.0008504015385642645,0.0007033477587663432,7.269722589416381,7.269722589416381,232.24909779749984,113,113,1.066502917004982,5,True,False,,ieee57,pypower,pypower.case57.case57,True,nonlinear_ac_state_estimation,298,113,nonlinear_ac_ieee57,0.002,0.1,0.05,2,5.0,weak_area,,232.24909779749984,nonlinear_noise_sweep_0p002_seed707,nonlinear_noise_sweep,scenario.noise_std,0.002,707
ridge,0.0007796982935714234,0.0008504015385642785,0.0007033477587663741,7.269722589416386,7.269722589416386,232.24909779750232,113,113,1.0383272500039311,5,True,False,,ieee57,pypower,pypower.case57.case57,True,nonlinear_ac_state_estimation,298,113,nonlinear_ac_ieee57,0.002,0.1,0.05,2,5.0,weak_area,,232.24909779750232,nonlinear_noise_sweep_0p002_seed707,nonlinear_noise_sweep,scenario.noise_std,0.002,707
truncated_svd,0.0007796982935715068,0.0008504015385644034,0.0007033477587664092,7.269722589416392,7.269722589416392,232.24909779749962,113,113,1.033320750000712,5,True,False,,ieee57,pypower,pypower.case57.case57,True,nonlinear_ac_state_estimation,298,113,nonlinear_ac_ieee57,0.002,0.1,0.05,2,5.0,weak_area,,232.24909779749962,nonlinear_noise_sweep_0p002_seed707,nonlinear_noise_sweep,scenario.noise_std,0.002,707
qsvt_regularized,0.0007796982935714234,0.0008504015385642785,0.0007033477587663741,7.269722589416386,7.269722589416386,232.24909779750232,113,113,1.0398620000050869,5,True,False,,ieee57,pypower,pypower.case57.case57,True,nonlinear_ac_state_estimation,298,113,nonlinear_ac_ieee57,0.002,0.1,0.05,2,5.0,weak_area,,232.24909779750232,nonlinear_noise_sweep_0p002_seed707,nonlinear_noise_sweep,scenario.noise_std,0.002,707
huber_irls,0.0006493436678813899,0.0006237685001910855,0.0006735250753544521,7.274167042849701,7.274167042849701,232.42424773160823,113,113,0.8894669590008561,4,True,False,,ieee57,pypower,pypower.case57.case57,True,nonlinear_ac_state_estimation,298,113,nonlinear_ac_ieee57,0.002,0.1,0.05,2,5.0,weak_area,,232.42424773160823,nonlinear_noise_sweep_0p002_seed707,nonlinear_noise_sweep,scenario.noise_std,0.002,707
pseudoinverse,0.00906842874610949,0.0067866795590158045,0.010852607498847403,6.438688208298268,6.438688208298268,248.3174048318532,113,113,1.0628940419992432,5,True,False,,ieee57,pypower,pypower.case57.case57,True,nonlinear_ac_state_estimation,298,113,nonlinear_ac_ieee57,0.002,0.1,0.05,2,5.0,weak_area,,248.3174048318532,nonlinear_noise_sweep_0p002_seed808,nonlinear_noise_sweep,scenario.noise_std,0.002,808
ridge,0.009068428746110073,0.006786679559016124,0.010852607498848168,6.438688208298258,6.438688208298258,248.31740483185268,113,113,1.0249589169980027,5,True,False,,ieee57,pypower,pypower.case57.case57,True,nonlinear_ac_state_estimation,298,113,nonlinear_ac_ieee57,0.002,0.1,0.05,2,5.0,weak_area,,248.31740483185268,nonlinear_noise_sweep_0p002_seed808,nonlinear_noise_sweep,scenario.noise_std,0.002,808
truncated_svd,0.00906842874610948,0.0067866795590157975,0.010852607498847389,6.438688208298272,6.438688208298272,248.31740483185249,113,113,1.028563416999532,5,True,False,,ieee57,pypower,pypower.case57.case57,True,nonlinear_ac_state_estimation,298,113,nonlinear_ac_ieee57,0.002,0.1,0.05,2,5.0,weak_area,,248.31740483185249,nonlinear_noise_sweep_0p002_seed808,nonlinear_noise_sweep,scenario.noise_std,0.002,808
qsvt_regularized,0.009068428746110073,0.006786679559016124,0.010852607498848168,6.438688208298258,6.438688208298258,248.31740483185268,113,113,1.0515369579952676,5,True,False,,ieee57,pypower,pypower.case57.case57,True,nonlinear_ac_state_estimation,298,113,nonlinear_ac_ieee57,0.002,0.1,0.05,2,5.0,weak_area,,248.31740483185268,nonlinear_noise_sweep_0p002_seed808,nonlinear_noise_sweep,scenario.noise_std,0.002,808
huber_irls,0.004158582044370069,0.003653763208684242,0.00460091663114588,6.711600456432948,6.711600456432948,248.32372570142599,113,113,0.9235630409966689,4,True,False,,ieee57,pypower,pypower.case57.case57,True,nonlinear_ac_state_estimation,298,113,nonlinear_ac_ieee57,0.002,0.1,0.05,2,5.0,weak_area,,248.32372570142599,nonlinear_noise_sweep_0p002_seed808,nonlinear_noise_sweep,scenario.noise_std,0.002,808
pseudoinverse,0.007455152544128825,0.007039043295811899,0.007842490574480446,4.594057045010852,4.594057045010852,261.9681676236773,113,113,1.226377083999978,6,True,False,,ieee57,pypower,pypower.case57.case57,True,nonlinear_ac_state_estimation,298,113,nonlinear_ac_ieee57,0.002,0.1,0.05,1,5.0,weak_area,,261.9681676236773,nonlinear_noise_sweep_0p002_seed909,nonlinear_noise_sweep,scenario.noise_std,0.002,909
ridge,0.007455152544128703,0.007039043295811665,0.007842490574480426,4.594057045010863,4.594057045010863,261.96816762367695,113,113,1.2577465409995057,6,True,False,,ieee57,pypower,pypower.case57.case57,True,nonlinear_ac_state_estimation,298,113,nonlinear_ac_ieee57,0.002,0.1,0.05,1,5.0,weak_area,,261.96816762367695,nonlinear_noise_sweep_0p002_seed909,nonlinear_noise_sweep,scenario.noise_std,0.002,909
truncated_svd,0.007455152544128803,0.007039043295811909,0.007842490574480398,4.594057045010851,4.594057045010851,261.96816762367723,113,113,1.2390195000043605,6,True,False,,ieee57,pypower,pypower.case57.case57,True,nonlinear_ac_state_estimation,298,113,nonlinear_ac_ieee57,0.002,0.1,0.05,1,5.0,weak_area,,261.96816762367723,nonlinear_noise_sweep_0p002_seed909,nonlinear_noise_sweep,scenario.noise_std,0.002,909
qsvt_regularized,0.007455152544128703,0.007039043295811665,0.007842490574480426,4.594057045010863,4.594057045010863,261.96816762367695,113,113,1.2395972090016585,6,True,False,,ieee57,pypower,pypower.case57.case57,True,nonlinear_ac_state_estimation,298,113,nonlinear_ac_ieee57,0.002,0.1,0.05,1,5.0,weak_area,,261.96816762367695,nonlinear_noise_sweep_0p002_seed909,nonlinear_noise_sweep,scenario.noise_std,0.002,909
huber_irls,0.003159114384953833,0.0030045175110942016,0.0033039619789232027,4.828736095598115,4.828736095598115,261.9510544334772,113,113,1.0790200000046752,5,True,False,,ieee57,pypower,pypower.case57.case57,True,nonlinear_ac_state_estimation,298,113,nonlinear_ac_ieee57,0.002,0.1,0.05,1,5.0,weak_area,,261.9510544334772,nonlinear_noise_sweep_0p002_seed909,nonlinear_noise_sweep,scenario.noise_std,0.002,909
pseudoinverse,0.012909746144022665,0.001546316169333737,0.018112152261939032,5.787031090145386,5.787031090145386,421.54169915369465,113,113,1.4287054169981275,7,True,False,,ieee57,pypower,pypower.case57.case57,True,nonlinear_ac_state_estimation,298,113,nonlinear_ac_ieee57,0.002,0.1,0.05,2,5.0,weak_area,,421.54169915369465,nonlinear_noise_sweep_0p002_seed1001,nonlinear_noise_sweep,scenario.noise_std,0.002,1001
ridge,0.012909746144024872,0.0015463161693337465,0.01811215226194215,5.787031090145397,5.787031090145397,421.5416991536153,113,113,1.431072832994687,7,True,False,,ieee57,pypower,pypower.case57.case57,True,nonlinear_ac_state_estimation,298,113,nonlinear_ac_ieee57,0.002,0.1,0.05,2,5.0,weak_area,,421.5416991536153,nonlinear_noise_sweep_0p002_seed1001,nonlinear_noise_sweep,scenario.noise_std,0.002,1001
truncated_svd,0.01290974614402265,0.0015463161693337636,0.01811215226193901,5.7870310901453825,5.7870310901453825,421.54169915369465,113,113,1.3985946249958943,7,True,False,,ieee57,pypower,pypower.case57.case57,True,nonlinear_ac_state_estimation,298,113,nonlinear_ac_ieee57,0.002,0.1,0.05,2,5.0,weak_area,,421.54169915369465,nonlinear_noise_sweep_0p002_seed1001,nonlinear_noise_sweep,scenario.noise_std,0.002,1001
qsvt_regularized,0.012909746144024872,0.0015463161693337465,0.01811215226194215,5.787031090145397,5.787031090145397,421.5416991536153,113,113,1.4069651669997256,7,True,False,,ieee57,pypower,pypower.case57.case57,True,nonlinear_ac_state_estimation,298,113,nonlinear_ac_ieee57,0.002,0.1,0.05,2,5.0,weak_area,,421.5416991536153,nonlinear_noise_sweep_0p002_seed1001,nonlinear_noise_sweep,scenario.noise_std,0.002,1001
huber_irls,0.0128823078261063,0.0015036980223909605,0.018076913440308363,5.803976223245065,5.803976223245065,421.54675047522596,113,113,1.4551375000010012,7,True,False,,ieee57,pypower,pypower.case57.case57,True,nonlinear_ac_state_estimation,298,113,nonlinear_ac_ieee57,0.002,0.1,0.05,2,5.0,weak_area,,421.54675047522596,nonlinear_noise_sweep_0p002_seed1001,nonlinear_noise_sweep,scenario.noise_std,0.002,1001
pseudoinverse,0.0037367202984731644,0.003904722149770447,0.0035639619113401995,9.914670927306455,9.914670927306455,231.26109252740918,113,113,0.8328873749997001,4,True,False,,ieee57,pypower,pypower.case57.case57,True,nonlinear_ac_state_estimation,298,113,nonlinear_ac_ieee57,0.01,0.1,0.05,1,5.0,weak_area,,231.26109252740918,nonlinear_noise_sweep_0p01_seed101,nonlinear_noise_sweep,scenario.noise_std,0.01,101
ridge,0.003736720298473247,0.003904722149770621,0.003563961911340184,9.914670927306457,9.914670927306457,231.26109252740923,113,113,0.8397331669984851,4,True,False,,ieee57,pypower,pypower.case57.case57,True,nonlinear_ac_state_estimation,298,113,nonlinear_ac_ieee57,0.01,0.1,0.05,1,5.0,weak_area,,231.26109252740923,nonlinear_noise_sweep_0p01_seed101,nonlinear_noise_sweep,scenario.noise_std,0.01,101
truncated_svd,0.0037367202984731804,0.0039047221497705005,0.0035639619113401757,9.91467092730645,9.91467092730645,231.2610925274098,113,113,0.8364099999962491,4,True,False,,ieee57,pypower,pypower.case57.case57,True,nonlinear_ac_state_estimation,298,113,nonlinear_ac_ieee57,0.01,0.1,0.05,1,5.0,weak_area,,231.2610925274098,nonlinear_noise_sweep_0p01_seed101,nonlinear_noise_sweep,scenario.noise_std,0.01,101
qsvt_regularized,0.003736720298473247,0.003904722149770621,0.003563961911340184,9.914670927306457,9.914670927306457,231.26109252740923,113,113,0.8408551659958903,4,True,False,,ieee57,pypower,pypower.case57.case57,True,nonlinear_ac_state_estimation,298,113,nonlinear_ac_ieee57,0.01,0.1,0.05,1,5.0,weak_area,,231.26109252740923,nonlinear_noise_sweep_0p01_seed101,nonlinear_noise_sweep,scenario.noise_std,0.01,101
huber_irls,0.003169273881409,0.0027143819220990448,0.0035600238453594004,9.92678964902063,9.92678964902063,231.976627627345,113,113,0.8960547910028254,4,True,False,,ieee57,pypower,pypower.case57.case57,True,nonlinear_ac_state_estimation,298,113,nonlinear_ac_ieee57,0.01,0.1,0.05,1,5.0,weak_area,,231.976627627345,nonlinear_noise_sweep_0p01_seed101,nonlinear_noise_sweep,scenario.noise_std,0.01,101
pseudoinverse,0.004904421882109262,0.004030346678178237,0.005632583960873572,10.879082703726347,10.879082703726347,237.44043740950912,113,113,1.212512375001097,6,True,False,,ieee57,pypower,pypower.case57.case57,True,nonlinear_ac_state_estimation,298,113,nonlinear_ac_ieee57,0.01,0.1,0.05,2,5.0,weak_area,,237.44043740950912,nonlinear_noise_sweep_0p01_seed202,nonlinear_noise_sweep,scenario.noise_std,0.01,202
ridge,0.004904421882109292,0.004030346678178522,0.0056325839608734225,10.879082703726327,10.879082703726327,237.4404374095099,113,113,1.2164991669997107,6,True,False,,ieee57,pypower,pypower.case57.case57,True,nonlinear_ac_state_estimation,298,113,nonlinear_ac_ieee57,0.01,0.1,0.05,2,5.0,weak_area,,237.4404374095099,nonlinear_noise_sweep_0p01_seed202,nonlinear_noise_sweep,scenario.noise_std,0.01,202
truncated_svd,0.004904421882109267,0.004030346678178263,0.005632583960873562,10.879082703726327,10.879082703726327,237.44043740950949,113,113,1.2300238329989952,6,True,False,,ieee57,pypower,pypower.case57.case57,True,nonlinear_ac_state_estimation,298,113,nonlinear_ac_ieee57,0.01,0.1,0.05,2,5.0,weak_area,,237.44043740950949,nonlinear_noise_sweep_0p01_seed202,nonlinear_noise_sweep,scenario.noise_std,0.01,202
qsvt_regularized,0.004904421882109292,0.004030346678178522,0.0056325839608734225,10.879082703726327,10.879082703726327,237.4404374095099,113,113,1.2136659579991829,6,True,False,,ieee57,pypower,pypower.case57.case57,True,nonlinear_ac_state_estimation,298,113,nonlinear_ac_ieee57,0.01,0.1,0.05,2,5.0,weak_area,,237.4404374095099,nonlinear_noise_sweep_0p01_seed202,nonlinear_noise_sweep,scenario.noise_std,0.01,202
huber_irls,0.003437416706119855,0.00251742330776577,0.004147063370022151,10.937435204412745,10.937435204412745,237.0517042998704,113,113,1.0883576670021284,5,True,False,,ieee57,pypower,pypower.case57.case57,True,nonlinear_ac_state_estimation,298,113,nonlinear_ac_ieee57,0.01,0.1,0.05,2,5.0,weak_area,,237.0517042998704,nonlinear_noise_sweep_0p01_seed202,nonlinear_noise_sweep,scenario.noise_std,0.01,202
pseudoinverse,0.0038335570268080202,0.005150928758144445,0.0017515420022775714,10.324241418134829,10.324241418134829,231.5290525754948,113,113,1.0517187500008731,5,True,False,,ieee57,pypower,pypower.case57.case57,True,nonlinear_ac_state_estimation,298,113,nonlinear_ac_ieee57,0.01,0.1,0.05,1,5.0,weak_area,,231.5290525754948,nonlinear_noise_sweep_0p01_seed303,nonlinear_noise_sweep,scenario.noise_std,0.01,303
ridge,0.0038335570268080107,0.005150928758144439,0.0017515420022775426,10.324241418134806,10.324241418134806,231.52905257550358,113,113,1.0561067079979694,5,True,False,,ieee57,pypower,pypower.case57.case57,True,nonlinear_ac_state_estimation,298,113,nonlinear_ac_ieee57,0.01,0.1,0.05,1,5.0,weak_area,,231.52905257550358,nonlinear_noise_sweep_0p01_seed303,nonlinear_noise_sweep,scenario.noise_std,0.01,303
truncated_svd,0.003833557026807927,0.005150928758144298,0.0017515420022775848,10.324241418134813,10.324241418134813,231.52905257549517,113,113,1.0298350830053096,5,True,False,,ieee57,pypower,pypower.case57.case57,True,nonlinear_ac_state_estimation,298,113,nonlinear_ac_ieee57,0.01,0.1,0.05,1,5.0,weak_area,,231.52905257549517,nonlinear_noise_sweep_0p01_seed303,nonlinear_noise_sweep,scenario.noise_std,0.01,303
qsvt_regularized,0.0038335570268080107,0.005150928758144439,0.0017515420022775426,10.324241418134806,10.324241418134806,231.52905257550358,113,113,1.0407279589999234,5,True,False,,ieee57,pypower,pypower.case57.case57,True,nonlinear_ac_state_estimation,298,113,nonlinear_ac_ieee57,0.01,0.1,0.05,1,5.0,weak_area,,231.52905257550358,nonlinear_noise_sweep_0p01_seed303,nonlinear_noise_sweep,scenario.noise_std,0.01,303
huber_irls,0.0028507895164790135,0.0037370185797354952,0.001546324774362353,10.380063846312753,10.380063846312753,230.73379444375053,113,113,0.8972244160031551,4,True,False,,ieee57,pypower,pypower.case57.case57,True,nonlinear_ac_state_estimation,298,113,nonlinear_ac_ieee57,0.01,0.1,0.05,1,5.0,weak_area,,230.73379444375053,nonlinear_noise_sweep_0p01_seed303,nonlinear_noise_sweep,scenario.noise_std,0.01,303
pseudoinverse,0.004094594143158299,0.0021954222799164913,0.005338721530382773,9.250211144309343,9.250211144309343,223.47849188605662,113,113,1.06544966599904,5,True,False,,ieee57,pypower,pypower.case57.case57,True,nonlinear_ac_state_estimation,298,113,nonlinear_ac_ieee57,0.01,0.1,0.05,1,5.0,weak_area,,223.47849188605662,nonlinear_noise_sweep_0p01_seed404,nonlinear_noise_sweep,scenario.noise_std,0.01,404
ridge,0.004094594143158216,0.002195422279916447,0.005338721530382665,9.250211144309338,9.250211144309338,223.4784918860674,113,113,1.0348311659981846,5,True,False,,ieee57,pypower,pypower.case57.case57,True,nonlinear_ac_state_estimation,298,113,nonlinear_ac_ieee57,0.01,0.1,0.05,1,5.0,weak_area,,223.4784918860674,nonlinear_noise_sweep_0p01_seed404,nonlinear_noise_sweep,scenario.noise_std,0.01,404
truncated_svd,0.004094594143158291,0.0021954222799164696,0.00533872153038277,9.250211144309338,9.250211144309338,223.47849188605622,113,113,1.0417109159971005,5,True,False,,ieee57,pypower,pypower.case57.case57,True,nonlinear_ac_state_estimation,298,113,nonlinear_ac_ieee57,0.01,0.1,0.05,1,5.0,weak_area,,223.47849188605622,nonlinear_noise_sweep_0p01_seed404,nonlinear_noise_sweep,scenario.noise_std,0.01,404
qsvt_regularized,0.004094594143158216,0.002195422279916447,0.005338721530382665,9.250211144309338,9.250211144309338,223.4784918860674,113,113,1.0427026249963092,5,True,False,,ieee57,pypower,pypower.case57.case57,True,nonlinear_ac_state_estimation,298,113,nonlinear_ac_ieee57,0.01,0.1,0.05,1,5.0,weak_area,,223.4784918860674,nonlinear_noise_sweep_0p01_seed404,nonlinear_noise_sweep,scenario.noise_std,0.01,404
huber_irls,0.0037580832571671246,0.002089860602167445,0.004869056382009801,9.270568351329025,9.270568351329025,224.36808531776245,113,113,0.8870926670060726,4,True,False,,ieee57,pypower,pypower.case57.case57,True,nonlinear_ac_state_estimation,298,113,nonlinear_ac_ieee57,0.01,0.1,0.05,1,5.0,weak_area,,224.36808531776245,nonlinear_noise_sweep_0p01_seed404,nonlinear_noise_sweep,scenario.noise_std,0.01,404
pseudoinverse,0.003377731940621915,0.0030492867526353694,0.0036719153969541085,9.69145407188568,9.69145407188568,223.70828152588805,113,113,0.8496200840017991,4,True,False,,ieee57,pypower,pypower.case57.case57,True,nonlinear_ac_state_estimation,298,113,nonlinear_ac_ieee57,0.01,0.1,0.05,2,5.0,weak_area,,223.70828152588805,nonlinear_noise_sweep_0p01_seed505,nonlinear_noise_sweep,scenario.noise_std,0.01,505
ridge,0.0033777319406225275,0.003049286752637007,0.003671915396953889,9.691454071885637,9.691454071885637,223.7082815257179,113,113,0.828436874995532,4,True,False,,ieee57,pypower,pypower.case57.case57,True,nonlinear_ac_state_estimation,298,113,nonlinear_ac_ieee57,0.01,0.1,0.05,2,5.0,weak_area,,223.7082815257179,nonlinear_noise_sweep_0p01_seed505,nonlinear_noise_sweep,scenario.noise_std,0.01,505
truncated_svd,0.0033777319406218705,0.0030492867526352102,0.0036719153969541566,9.691454071885666,9.691454071885666,223.70828152588882,113,113,0.8474666249967413,4,True,False,,ieee57,pypower,pypower.case57.case57,True,nonlinear_ac_state_estimation,298,113,nonlinear_ac_ieee57,0.01,0.1,0.05,2,5.0,weak_area,,223.70828152588882,nonlinear_noise_sweep_0p01_seed505,nonlinear_noise_sweep,scenario.noise_std,0.01,505
qsvt_regularized,0.0033777319406225275,0.003049286752637007,0.003671915396953889,9.691454071885637,9.691454071885637,223.7082815257179,113,113,0.8709458340017591,4,True,False,,ieee57,pypower,pypower.case57.case57,True,nonlinear_ac_state_estimation,298,113,nonlinear_ac_ieee57,0.01,0.1,0.05,2,5.0,weak_area,,223.7082815257179,nonlinear_noise_sweep_0p01_seed505,nonlinear_noise_sweep,scenario.noise_std,0.01,505
huber_irls,0.0034410333170109605,0.002742167773091245,0.004010751238351316,9.726214693544401,9.726214693544401,223.1078873582302,113,113,0.8698213340030634,4,True,False,,ieee57,pypower,pypower.case57.case57,True,nonlinear_ac_state_estimation,298,113,nonlinear_ac_ieee57,0.01,0.1,0.05,2,5.0,weak_area,,223.1078873582302,nonlinear_noise_sweep_0p01_seed505,nonlinear_noise_sweep,scenario.noise_std,0.01,505
pseudoinverse,0.0055961799153906935,0.004161331480647795,0.006713579962703778,8.613185872140468,8.613185872140468,233.32902554441372,113,113,1.0439624169957824,5,True,False,,ieee57,pypower,pypower.case57.case57,True,nonlinear_ac_state_estimation,298,113,nonlinear_ac_ieee57,0.01,0.1,0.05,1,5.0,weak_area,,233.32902554441372,nonlinear_noise_sweep_0p01_seed606,nonlinear_noise_sweep,scenario.noise_std,0.01,606
ridge,0.005596179915391603,0.004161331480649232,0.006713579962704407,8.613185872140438,8.613185872140438,233.3290255444332,113,113,1.0196832090005046,5,True,False,,ieee57,pypower,pypower.case57.case57,True,nonlinear_ac_state_estimation,298,113,nonlinear_ac_ieee57,0.01,0.1,0.05,1,5.0,weak_area,,233.3290255444332,nonlinear_noise_sweep_0p01_seed606,nonlinear_noise_sweep,scenario.noise_std,0.01,606
truncated_svd,0.0055961799153907005,0.004161331480647843,0.0067135799627037595,8.613185872140436,8.613185872140436,233.32902554441378,113,113,1.0327991249941988,5,True,False,,ieee57,pypower,pypower.case57.case57,True,nonlinear_ac_state_estimation,298,113,nonlinear_ac_ieee57,0.01,0.1,0.05,1,5.0,weak_area,,233.32902554441378,nonlinear_noise_sweep_0p01_seed606,nonlinear_noise_sweep,scenario.noise_std,0.01,606
qsvt_regularized,0.005596179915391603,0.004161331480649232,0.006713579962704407,8.613185872140438,8.613185872140438,233.3290255444332,113,113,1.040816624998115,5,True,False,,ieee57,pypower,pypower.case57.case57,True,nonlinear_ac_state_estimation,298,113,nonlinear_ac_ieee57,0.01,0.1,0.05,1,5.0,weak_area,,233.3290255444332,nonlinear_noise_sweep_0p01_seed606,nonlinear_noise_sweep,scenario.noise_std,0.01,606
huber_irls,0.004764365105023388,0.004046436485698654,0.005377148623935101,8.628639490329089,8.628639490329089,235.35967634033327,113,113,1.0830382089989143,5,True,False,,ieee57,pypower,pypower.case57.case57,True,nonlinear_ac_state_estimation,298,113,nonlinear_ac_ieee57,0.01,0.1,0.05,1,5.0,weak_area,,235.35967634033327,nonlinear_noise_sweep_0p01_seed606,nonlinear_noise_sweep,scenario.noise_std,0.01,606
pseudoinverse,0.003196824911281965,0.00302824209259049,0.003354208943837839,11.01452364423539,11.01452364423539,233.2504550176498,113,113,0.8293633329958539,4,True,False,,ieee57,pypower,pypower.case57.case57,True,nonlinear_ac_state_estimation,298,113,nonlinear_ac_ieee57,0.01,0.1,0.05,2,5.0,weak_area,,233.2504550176498,nonlinear_noise_sweep_0p01_seed707,nonlinear_noise_sweep,scenario.noise_std,0.01,707
ridge,0.0031968249112818755,0.0030282420925906864,0.003354208943837496,11.014523644235327,11.014523644235327,233.25045501775745,113,113,0.8433390830032295,4,True,False,,ieee57,pypower,pypower.case57.case57,True,nonlinear_ac_state_estimation,298,113,nonlinear_ac_ieee57,0.01,0.1,0.05,2,5.0,weak_area,,233.25045501775745,nonlinear_noise_sweep_0p01_seed707,nonlinear_noise_sweep,scenario.noise_std,0.01,707
truncated_svd,0.0031968249112819713,0.0030282420925905108,0.0033542089438378326,11.014523644235357,11.014523644235357,233.25045501764876,113,113,0.8503161249973346,4,True,False,,ieee57,pypower,pypower.case57.case57,True,nonlinear_ac_state_estimation,298,113,nonlinear_ac_ieee57,0.01,0.1,0.05,2,5.0,weak_area,,233.25045501764876,nonlinear_noise_sweep_0p01_seed707,nonlinear_noise_sweep,scenario.noise_std,0.01,707
qsvt_regularized,0.0031968249112818755,0.0030282420925906864,0.003354208943837496,11.014523644235327,11.014523644235327,233.25045501775745,113,113,0.8525565000018105,4,True,False,,ieee57,pypower,pypower.case57.case57,True,nonlinear_ac_state_estimation,298,113,nonlinear_ac_ieee57,0.01,0.1,0.05,2,5.0,weak_area,,233.25045501775745,nonlinear_noise_sweep_0p01_seed707,nonlinear_noise_sweep,scenario.noise_std,0.01,707
huber_irls,0.0032579276251935903,0.0029434785620356323,0.00353976097893084,11.02288119908244,11.02288119908244,233.35485327423146,113,113,0.9027269999933196,4,True,False,,ieee57,pypower,pypower.case57.case57,True,nonlinear_ac_state_estimation,298,113,nonlinear_ac_ieee57,0.01,0.1,0.05,2,5.0,weak_area,,233.35485327423146,nonlinear_noise_sweep_0p01_seed707,nonlinear_noise_sweep,scenario.noise_std,0.01,707
pseudoinverse,0.010501119654699647,0.008751592161647793,0.011973542926325898,10.699453843280873,10.699453843280873,249.47869214801983,113,113,1.0493835829984164,5,True,False,,ieee57,pypower,pypower.case57.case57,True,nonlinear_ac_state_estimation,298,113,nonlinear_ac_ieee57,0.01,0.1,0.05,2,5.0,weak_area,,249.47869214801983,nonlinear_noise_sweep_0p01_seed808,nonlinear_noise_sweep,scenario.noise_std,0.01,808
ridge,0.010501119654700537,0.008751592161648234,0.01197354292632713,10.69945384328084,10.69945384328084,249.4786921480291,113,113,1.0379030000040075,5,True,False,,ieee57,pypower,pypower.case57.case57,True,nonlinear_ac_state_estimation,298,113,nonlinear_ac_ieee57,0.01,0.1,0.05,2,5.0,weak_area,,249.4786921480291,nonlinear_noise_sweep_0p01_seed808,nonlinear_noise_sweep,scenario.noise_std,0.01,808
truncated_svd,0.010501119654699565,0.008751592161647689,0.011973542926325827,10.699453843280823,10.699453843280823,249.47869214802063,113,113,1.039957291999599,5,True,False,,ieee57,pypower,pypower.case57.case57,True,nonlinear_ac_state_estimation,298,113,nonlinear_ac_ieee57,0.01,0.1,0.05,2,5.0,weak_area,,249.47869214802063,nonlinear_noise_sweep_0p01_seed808,nonlinear_noise_sweep,scenario.noise_std,0.01,808
qsvt_regularized,0.010501119654700537,0.008751592161648234,0.01197354292632713,10.69945384328084,10.69945384328084,249.4786921480291,113,113,1.0463166669942439,5,True,False,,ieee57,pypower,pypower.case57.case57,True,nonlinear_ac_state_estimation,298,113,nonlinear_ac_ieee57,0.01,0.1,0.05,2,5.0,weak_area,,249.4786921480291,nonlinear_noise_sweep_0p01_seed808,nonlinear_noise_sweep,scenario.noise_std,0.01,808
huber_irls,0.005804194506190087,0.0055147328177549,0.0060751616482055465,10.880163000011644,10.880163000011644,249.74617498100767,113,113,1.1654968750008265,5,True,False,,ieee57,pypower,pypower.case57.case57,True,nonlinear_ac_state_estimation,298,113,nonlinear_ac_ieee57,0.01,0.1,0.05,2,5.0,weak_area,,249.74617498100767,nonlinear_noise_sweep_0p01_seed808,nonlinear_noise_sweep,scenario.noise_std,0.01,808
pseudoinverse,0.008702967871590356,0.008677830164139384,0.008727594058076169,9.142401334735169,9.142401334735169,261.55777947222185,113,113,1.2238166250026552,6,True,False,,ieee57,pypower,pypower.case57.case57,True,nonlinear_ac_state_estimation,298,113,nonlinear_ac_ieee57,0.01,0.1,0.05,1,5.0,weak_area,,261.55777947222185,nonlinear_noise_sweep_0p01_seed909,nonlinear_noise_sweep,scenario.noise_std,0.01,909
ridge,0.00870296787158979,0.008677830164138808,0.008727594058075612,9.142401334735153,9.142401334735153,261.5577794722227,113,113,1.2268565830017906,6,True,False,,ieee57,pypower,pypower.case57.case57,True,nonlinear_ac_state_estimation,298,113,nonlinear_ac_ieee57,0.01,0.1,0.05,1,5.0,weak_area,,261.5577794722227,nonlinear_noise_sweep_0p01_seed909,nonlinear_noise_sweep,scenario.noise_std,0.01,909
truncated_svd,0.008702967871590287,0.008677830164139295,0.008727594058076119,9.142401334735153,9.142401334735153,261.55777947222214,113,113,1.2406097919956665,6,True,False,,ieee57,pypower,pypower.case57.case57,True,nonlinear_ac_state_estimation,298,113,nonlinear_ac_ieee57,0.01,0.1,0.05,1,5.0,weak_area,,261.55777947222214,nonlinear_noise_sweep_0p01_seed909,nonlinear_noise_sweep,scenario.noise_std,0.01,909
qsvt_regularized,0.00870296787158979,0.008677830164138808,0.008727594058075612,9.142401334735153,9.142401334735153,261.5577794722227,113,113,1.2415391249960521,6,True,False,,ieee57,pypower,pypower.case57.case57,True,nonlinear_ac_state_estimation,298,113,nonlinear_ac_ieee57,0.01,0.1,0.05,1,5.0,weak_area,,261.5577794722227,nonlinear_noise_sweep_0p01_seed909,nonlinear_noise_sweep,scenario.noise_std,0.01,909
huber_irls,0.005072293479643681,0.005433092453523081,0.004690876862541775,9.273864951957384,9.273864951957384,261.21515695820506,113,113,1.093311917000392,5,True,False,,ieee57,pypower,pypower.case57.case57,True,nonlinear_ac_state_estimation,298,113,nonlinear_ac_ieee57,0.01,0.1,0.05,1,5.0,weak_area,,261.21515695820506,nonlinear_noise_sweep_0p01_seed909,nonlinear_noise_sweep,scenario.noise_std,0.01,909
pseudoinverse,0.013198546482803155,0.002434000249426444,0.018426249440956152,10.023786629527494,10.023786629527494,420.5297450473482,113,113,1.4300027089993819,7,True,False,,ieee57,pypower,pypower.case57.case57,True,nonlinear_ac_state_estimation,298,113,nonlinear_ac_ieee57,0.01,0.1,0.05,2,5.0,weak_area,,420.5297450473482,nonlinear_noise_sweep_0p01_seed1001,nonlinear_noise_sweep,scenario.noise_std,0.01,1001
ridge,0.013198546482805457,0.0024340002494257734,0.018426249440959514,10.02378662952753,10.02378662952753,420.52974504726797,113,113,1.453113540999766,7,True,False,,ieee57,pypower,pypower.case57.case57,True,nonlinear_ac_state_estimation,298,113,nonlinear_ac_ieee57,0.01,0.1,0.05,2,5.0,weak_area,,420.52974504726797,nonlinear_noise_sweep_0p01_seed1001,nonlinear_noise_sweep,scenario.noise_std,0.01,1001
truncated_svd,0.013198546482803155,0.0024340002494264374,0.018426249440956156,10.02378662952751,10.02378662952751,420.5297450473483,113,113,1.4234442499946454,7,True,False,,ieee57,pypower,pypower.case57.case57,True,nonlinear_ac_state_estimation,298,113,nonlinear_ac_ieee57,0.01,0.1,0.05,2,5.0,weak_area,,420.5297450473483,nonlinear_noise_sweep_0p01_seed1001,nonlinear_noise_sweep,scenario.noise_std,0.01,1001
qsvt_regularized,0.013198546482805457,0.0024340002494257734,0.018426249440959514,10.02378662952753,10.02378662952753,420.52974504726797,113,113,1.420161707996158,7,True,False,,ieee57,pypower,pypower.case57.case57,True,nonlinear_ac_state_estimation,298,113,nonlinear_ac_ieee57,0.01,0.1,0.05,2,5.0,weak_area,,420.52974504726797,nonlinear_noise_sweep_0p01_seed1001,nonlinear_noise_sweep,scenario.noise_std,0.01,1001
huber_irls,0.013207541478805944,0.0024963402610570385,0.01843083235937376,10.037257552250697,10.037257552250697,420.3881431105566,113,113,1.5416119169967715,7,True,False,,ieee57,pypower,pypower.case57.case57,True,nonlinear_ac_state_estimation,298,113,nonlinear_ac_ieee57,0.01,0.1,0.05,2,5.0,weak_area,,420.3881431105566,nonlinear_noise_sweep_0p01_seed1001,nonlinear_noise_sweep,scenario.noise_std,0.01,1001
pseudoinverse,0.006488873678251986,0.007790739016843553,0.004882774977104864,6.795426070559708,6.795426070559708,223.4069728341337,113,113,1.0345347500042408,5,True,False,,ieee57,pypower,pypower.case57.case57,True,nonlinear_ac_state_estimation,331,113,nonlinear_ac_ieee57,0.002,0.0,0.05,2,5.0,weak_area,,223.4069728341337,nonlinear_missing_sweep_0p0_seed101,nonlinear_missing_sweep,scenario.missing_ratio,0.0,101
ridge,0.006488873678251928,0.007790739016843655,0.004882774977104552,6.795426070559698,6.795426070559698,223.40697283413294,113,113,1.0700999580003554,5,True,False,,ieee57,pypower,pypower.case57.case57,True,nonlinear_ac_state_estimation,331,113,nonlinear_ac_ieee57,0.002,0.0,0.05,2,5.0,weak_area,,223.40697283413294,nonlinear_missing_sweep_0p0_seed101,nonlinear_missing_sweep,scenario.missing_ratio,0.0,101
truncated_svd,0.006488873678251978,0.007790739016843548,0.004882774977104856,6.795426070559707,6.795426070559707,223.40697283413357,113,113,1.0527420420039562,5,True,False,,ieee57,pypower,pypower.case57.case57,True,nonlinear_ac_state_estimation,331,113,nonlinear_ac_ieee57,0.002,0.0,0.05,2,5.0,weak_area,,223.40697283413357,nonlinear_missing_sweep_0p0_seed101,nonlinear_missing_sweep,scenario.missing_ratio,0.0,101
qsvt_regularized,0.006488873678251928,0.007790739016843655,0.004882774977104552,6.795426070559698,6.795426070559698,223.40697283413294,113,113,1.0468729169951985,5,True,False,,ieee57,pypower,pypower.case57.case57,True,nonlinear_ac_state_estimation,331,113,nonlinear_ac_ieee57,0.002,0.0,0.05,2,5.0,weak_area,,223.40697283413294,nonlinear_missing_sweep_0p0_seed101,nonlinear_missing_sweep,scenario.missing_ratio,0.0,101
huber_irls,0.0025580788871598873,0.003014695043722156,0.0020109180517969573,6.993806539757351,6.993806539757351,223.39889104798652,113,113,0.9000797089975094,4,True,False,,ieee57,pypower,pypower.case57.case57,True,nonlinear_ac_state_estimation,331,113,nonlinear_ac_ieee57,0.002,0.0,0.05,2,5.0,weak_area,,223.39889104798652,nonlinear_missing_sweep_0p0_seed101,nonlinear_missing_sweep,scenario.missing_ratio,0.0,101
pseudoinverse,0.000990536399172697,0.0011196390796823353,0.0008446966964601838,7.2481620100823045,7.2481620100823045,223.05533407081546,113,113,0.8435198749939445,4,True,False,,ieee57,pypower,pypower.case57.case57,True,nonlinear_ac_state_estimation,331,113,nonlinear_ac_ieee57,0.002,0.0,0.05,2,5.0,weak_area,,223.05533407081546,nonlinear_missing_sweep_0p0_seed202,nonlinear_missing_sweep,scenario.missing_ratio,0.0,202
ridge,0.0009905363991727408,0.0011196390796824008,0.0008446966964602003,7.248162010082302,7.248162010082302,223.05533407082459,113,113,0.8531427499983693,4,True,False,,ieee57,pypower,pypower.case57.case57,True,nonlinear_ac_state_estimation,331,113,nonlinear_ac_ieee57,0.002,0.0,0.05,2,5.0,weak_area,,223.05533407082459,nonlinear_missing_sweep_0p0_seed202,nonlinear_missing_sweep,scenario.missing_ratio,0.0,202
truncated_svd,0.0009905363991727363,0.0011196390796823679,0.0008446966964602328,7.248162010082313,7.248162010082313,223.05533407081597,113,113,0.8531697919970611,4,True,False,,ieee57,pypower,pypower.case57.case57,True,nonlinear_ac_state_estimation,331,113,nonlinear_ac_ieee57,0.002,0.0,0.05,2,5.0,weak_area,,223.05533407081597,nonlinear_missing_sweep_0p0_seed202,nonlinear_missing_sweep,scenario.missing_ratio,0.0,202
qsvt_regularized,0.0009905363991727408,0.0011196390796824008,0.0008446966964602003,7.248162010082302,7.248162010082302,223.05533407082459,113,113,0.8647556659998372,4,True,False,,ieee57,pypower,pypower.case57.case57,True,nonlinear_ac_state_estimation,331,113,nonlinear_ac_ieee57,0.002,0.0,0.05,2,5.0,weak_area,,223.05533407082459,nonlinear_missing_sweep_0p0_seed202,nonlinear_missing_sweep,scenario.missing_ratio,0.0,202
huber_irls,0.0006331232754403519,0.0006106921015844766,0.0006544125938537299,7.274812313938157,7.274812313938157,223.04760436907537,113,113,0.8934812499937834,4,True,False,,ieee57,pypower,pypower.case57.case57,True,nonlinear_ac_state_estimation,331,113,nonlinear_ac_ieee57,0.002,0.0,0.05,2,5.0,weak_area,,223.04760436907537,nonlinear_missing_sweep_0p0_seed202,nonlinear_missing_sweep,scenario.missing_ratio,0.0,202
pseudoinverse,0.001109323756064926,0.0011179587981343892,0.0011007742423527027,7.173917847346731,7.173917847346731,222.84740869369548,113,113,0.834302374998515,4,True,False,,ieee57,pypower,pypower.case57.case57,True,nonlinear_ac_state_estimation,331,113,nonlinear_ac_ieee57,0.002,0.0,0.05,2,5.0,weak_area,,222.84740869369548,nonlinear_missing_sweep_0p0_seed303,nonlinear_missing_sweep,scenario.missing_ratio,0.0,303
ridge,0.0011093237560649892,0.0011179587981344596,0.0011007742423527588,7.17391784734676,7.17391784734676,222.84740869373238,113,113,0.8735607910057297,4,True,False,,ieee57,pypower,pypower.case57.case57,True,nonlinear_ac_state_estimation,331,113,nonlinear_ac_ieee57,0.002,0.0,0.05,2,5.0,weak_area,,222.84740869373238,nonlinear_missing_sweep_0p0_seed303,nonlinear_missing_sweep,scenario.missing_ratio,0.0,303
truncated_svd,0.0011093237560649396,0.001117958798134403,0.0011007742423527163,7.173917847346713,7.173917847346713,222.84740869369577,113,113,0.855333083003643,4,True,False,,ieee57,pypower,pypower.case57.case57,True,nonlinear_ac_state_estimation,331,113,nonlinear_ac_ieee57,0.002,0.0,0.05,2,5.0,weak_area,,222.84740869369577,nonlinear_missing_sweep_0p0_seed303,nonlinear_missing_sweep,scenario.missing_ratio,0.0,303
qsvt_regularized,0.0011093237560649892,0.0011179587981344596,0.0011007742423527588,7.17391784734676,7.17391784734676,222.84740869373238,113,113,0.860619917002623,4,True,False,,ieee57,pypower,pypower.case57.case57,True,nonlinear_ac_state_estimation,331,113,nonlinear_ac_ieee57,0.002,0.0,0.05,2,5.0,weak_area,,222.84740869373238,nonlinear_missing_sweep_0p0_seed303,nonlinear_missing_sweep,scenario.missing_ratio,0.0,303
huber_irls,0.000596238873048647,0.0006852426680240252,0.0004934015286576973,7.236758934471589,7.236758934471589,222.87200814667793,113,113,0.8826697909971699,4,True,False,,ieee57,pypower,pypower.case57.case57,True,nonlinear_ac_state_estimation,331,113,nonlinear_ac_ieee57,0.002,0.0,0.05,2,5.0,weak_area,,222.87200814667793,nonlinear_missing_sweep_0p0_seed303,nonlinear_missing_sweep,scenario.missing_ratio,0.0,303
pseudoinverse,0.007793068476767833,0.009273049996281969,0.005993120311624329,6.815466093566514,6.815466093566514,214.34034635064035,113,113,1.216113165995921,6,True,False,,ieee57,pypower,pypower.case57.case57,True,nonlinear_ac_state_estimation,331,113,nonlinear_ac_ieee57,0.002,0.0,0.05,2,5.0,weak_area,,214.34034635064035,nonlinear_missing_sweep_0p0_seed404,nonlinear_missing_sweep,scenario.missing_ratio,0.0,404
ridge,0.007793068476766162,0.009273049996280145,0.005993120311622793,6.815466093566515,6.815466093566515,214.34034635067593,113,113,1.2255097919987747,6,True,False,,ieee57,pypower,pypower.case57.case57,True,nonlinear_ac_state_estimation,331,113,nonlinear_ac_ieee57,0.002,0.0,0.05,2,5.0,weak_area,,214.34034635067593,nonlinear_missing_sweep_0p0_seed404,nonlinear_missing_sweep,scenario.missing_ratio,0.0,404
truncated_svd,0.007793068476767858,0.00927304999628199,0.005993120311624362,6.8154660935665055,6.8154660935665055,214.34034635064023,113,113,1.2220994160015834,6,True,False,,ieee57,pypower,pypower.case57.case57,True,nonlinear_ac_state_estimation,331,113,nonlinear_ac_ieee57,0.002,0.0,0.05,2,5.0,weak_area,,214.34034635064023,nonlinear_missing_sweep_0p0_seed404,nonlinear_missing_sweep,scenario.missing_ratio,0.0,404
qsvt_regularized,0.007793068476766162,0.009273049996280145,0.005993120311622793,6.815466093566515,6.815466093566515,214.34034635067593,113,113,1.224957500002347,6,True,False,,ieee57,pypower,pypower.case57.case57,True,nonlinear_ac_state_estimation,331,113,nonlinear_ac_ieee57,0.002,0.0,0.05,2,5.0,weak_area,,214.34034635067593,nonlinear_missing_sweep_0p0_seed404,nonlinear_missing_sweep,scenario.missing_ratio,0.0,404
huber_irls,0.003220674795051587,0.0037416327883478774,0.0026094652999049932,6.988133221071529,6.988133221071529,218.43602542385347,113,113,1.2930542920003063,6,True,False,,ieee57,pypower,pypower.case57.case57,True,nonlinear_ac_state_estimation,331,113,nonlinear_ac_ieee57,0.002,0.0,0.05,2,5.0,weak_area,,218.43602542385347,nonlinear_missing_sweep_0p0_seed404,nonlinear_missing_sweep,scenario.missing_ratio,0.0,404
pseudoinverse,0.005765250357307119,0.007420701174535167,0.0034340030563717234,6.943159633338565,6.943159633338565,218.8955560495674,113,113,1.0462979170042672,5,True,False,,ieee57,pypower,pypower.case57.case57,True,nonlinear_ac_state_estimation,331,113,nonlinear_ac_ieee57,0.002,0.0,0.05,2,5.0,weak_area,,218.8955560495674,nonlinear_missing_sweep_0p0_seed505,nonlinear_missing_sweep,scenario.missing_ratio,0.0,505
ridge,0.005765250357304838,0.007420701174532728,0.0034340030563693087,6.943159633338573,6.943159633338573,218.89555604966267,113,113,1.0514289580023615,5,True,False,,ieee57,pypower,pypower.case57.case57,True,nonlinear_ac_state_estimation,331,113,nonlinear_ac_ieee57,0.002,0.0,0.05,2,5.0,weak_area,,218.89555604966267,nonlinear_missing_sweep_0p0_seed505,nonlinear_missing_sweep,scenario.missing_ratio,0.0,505
truncated_svd,0.00576525035730713,0.007420701174535183,0.0034340030563717204,6.943159633338574,6.943159633338574,218.89555604956715,113,113,1.0226540829971782,5,True,False,,ieee57,pypower,pypower.case57.case57,True,nonlinear_ac_state_estimation,331,113,nonlinear_ac_ieee57,0.002,0.0,0.05,2,5.0,weak_area,,218.89555604956715,nonlinear_missing_sweep_0p0_seed505,nonlinear_missing_sweep,scenario.missing_ratio,0.0,505
qsvt_regularized,0.005765250357304838,0.007420701174532728,0.0034340030563693087,6.943159633338573,6.943159633338573,218.89555604966267,113,113,1.0728313750005327,5,True,False,,ieee57,pypower,pypower.case57.case57,True,nonlinear_ac_state_estimation,331,113,nonlinear_ac_ieee57,0.002,0.0,0.05,2,5.0,weak_area,,218.89555604966267,nonlinear_missing_sweep_0p0_seed505,nonlinear_missing_sweep,scenario.missing_ratio,0.0,505
huber_irls,0.001958803086576647,0.002349660514724558,0.0014773145573918724,7.089786963782887,7.089786963782887,220.52079597032886,113,113,1.097209291998297,5,True,False,,ieee57,pypower,pypower.case57.case57,True,nonlinear_ac_state_estimation,331,113,nonlinear_ac_ieee57,0.002,0.0,0.05,2,5.0,weak_area,,220.52079597032886,nonlinear_missing_sweep_0p0_seed505,nonlinear_missing_sweep,scenario.missing_ratio,0.0,505
pseudoinverse,0.0010816112541494737,0.0011285612311324337,0.0010334098127444998,7.186078131209052,7.186078131209052,222.8998110919071,113,113,1.0594302500030608,5,True,False,,ieee57,pypower,pypower.case57.case57,True,nonlinear_ac_state_estimation,331,113,nonlinear_ac_ieee57,0.002,0.0,0.05,2,5.0,weak_area,,222.8998110919071,nonlinear_missing_sweep_0p0_seed606,nonlinear_missing_sweep,scenario.missing_ratio,0.0,606
ridge,0.0010816112541494865,0.0011285612311324421,0.0010334098127445174,7.186078131209055,7.186078131209055,222.89981109191436,113,113,1.0431897090020357,5,True,False,,ieee57,pypower,pypower.case57.case57,True,nonlinear_ac_state_estimation,331,113,nonlinear_ac_ieee57,0.002,0.0,0.05,2,5.0,weak_area,,222.89981109191436,nonlinear_missing_sweep_0p0_seed606,nonlinear_missing_sweep,scenario.missing_ratio,0.0,606
truncated_svd,0.0010816112541494924,0.0011285612311324477,0.0010334098127445235,7.1860781312090385,7.1860781312090385,222.89981109190768,113,113,1.0376683750000666,5,True,False,,ieee57,pypower,pypower.case57.case57,True,nonlinear_ac_state_estimation,331,113,nonlinear_ac_ieee57,0.002,0.0,0.05,2,5.0,weak_area,,222.89981109190768,nonlinear_missing_sweep_0p0_seed606,nonlinear_missing_sweep,scenario.missing_ratio,0.0,606
qsvt_regularized,0.0010816112541494865,0.0011285612311324421,0.0010334098127445174,7.186078131209055,7.186078131209055,222.89981109191436,113,113,1.0476660420026747,5,True,False,,ieee57,pypower,pypower.case57.case57,True,nonlinear_ac_state_estimation,331,113,nonlinear_ac_ieee57,0.002,0.0,0.05,2,5.0,weak_area,,222.89981109191436,nonlinear_missing_sweep_0p0_seed606,nonlinear_missing_sweep,scenario.missing_ratio,0.0,606
huber_irls,0.000802140552250121,0.0007920799053723311,0.0008119033012710653,7.202291485499818,7.202291485499818,221.97685329098084,113,113,0.8869942499950412,4,True,False,,ieee57,pypower,pypower.case57.case57,True,nonlinear_ac_state_estimation,331,113,nonlinear_ac_ieee57,0.002,0.0,0.05,2,5.0,weak_area,,221.97685329098084,nonlinear_missing_sweep_0p0_seed606,nonlinear_missing_sweep,scenario.missing_ratio,0.0,606
pseudoinverse,0.006018078613012712,0.006890270798344591,0.005015598402262198,6.855273664576905,6.855273664576905,222.67324593648485,113,113,1.0615604589984287,5,True,False,,ieee57,pypower,pypower.case57.case57,True,nonlinear_ac_state_estimation,331,113,nonlinear_ac_ieee57,0.002,0.0,0.05,2,5.0,weak_area,,222.67324593648485,nonlinear_missing_sweep_0p0_seed707,nonlinear_missing_sweep,scenario.missing_ratio,0.0,707
ridge,0.006018078613010285,0.006890270798342777,0.005015598402258877,6.855273664576913,6.855273664576913,222.67324593648578,113,113,1.0270058330061147,5,True,False,,ieee57,pypower,pypower.case57.case57,True,nonlinear_ac_state_estimation,331,113,nonlinear_ac_ieee57,0.002,0.0,0.05,2,5.0,weak_area,,222.67324593648578,nonlinear_missing_sweep_0p0_seed707,nonlinear_missing_sweep,scenario.missing_ratio,0.0,707
truncated_svd,0.006018078613012686,0.006890270798344584,0.0050155984022621485,6.855273664576878,6.855273664576878,222.67324593648544,113,113,1.0742734160012333,5,True,False,,ieee57,pypower,pypower.case57.case57,True,nonlinear_ac_state_estimation,331,113,nonlinear_ac_ieee57,0.002,0.0,0.05,2,5.0,weak_area,,222.67324593648544,nonlinear_missing_sweep_0p0_seed707,nonlinear_missing_sweep,scenario.missing_ratio,0.0,707
qsvt_regularized,0.006018078613010285,0.006890270798342777,0.005015598402258877,6.855273664576913,6.855273664576913,222.67324593648578,113,113,1.0505372920015361,5,True,False,,ieee57,pypower,pypower.case57.case57,True,nonlinear_ac_state_estimation,331,113,nonlinear_ac_ieee57,0.002,0.0,0.05,2,5.0,weak_area,,222.67324593648578,nonlinear_missing_sweep_0p0_seed707,nonlinear_missing_sweep,scenario.missing_ratio,0.0,707
huber_irls,0.0023713332881827045,0.0026959047551792753,0.0020018478286095635,7.02205256262887,7.02205256262887,222.6610698917561,113,113,0.9054787920031231,4,True,False,,ieee57,pypower,pypower.case57.case57,True,nonlinear_ac_state_estimation,331,113,nonlinear_ac_ieee57,0.002,0.0,0.05,2,5.0,weak_area,,222.6610698917561,nonlinear_missing_sweep_0p0_seed707,nonlinear_missing_sweep,scenario.missing_ratio,0.0,707
pseudoinverse,0.0009569015870774233,0.0008822398936148689,0.0010249707593356252,7.2772944324528215,7.2772944324528215,222.74106737688533,113,113,1.1365796669997508,5,True,False,,ieee57,pypower,pypower.case57.case57,True,nonlinear_ac_state_estimation,331,113,nonlinear_ac_ieee57,0.002,0.0,0.05,2,5.0,weak_area,,222.74106737688533,nonlinear_missing_sweep_0p0_seed808,nonlinear_missing_sweep,scenario.missing_ratio,0.0,808
ridge,0.0009569015870757666,0.0008822398936155233,0.0010249707593320057,7.277294432452811,7.277294432452811,222.7410673768861,113,113,1.0967478750026203,5,True,False,,ieee57,pypower,pypower.case57.case57,True,nonlinear_ac_state_estimation,331,113,nonlinear_ac_ieee57,0.002,0.0,0.05,2,5.0,weak_area,,222.7410673768861,nonlinear_missing_sweep_0p0_seed808,nonlinear_missing_sweep,scenario.missing_ratio,0.0,808
truncated_svd,0.0009569015870774385,0.0008822398936148843,0.0010249707593356404,7.27729443245281,7.27729443245281,222.7410673768871,113,113,1.1624697079969337,5,True,False,,ieee57,pypower,pypower.case57.case57,True,nonlinear_ac_state_estimation,331,113,nonlinear_ac_ieee57,0.002,0.0,0.05,2,5.0,weak_area,,222.7410673768871,nonlinear_missing_sweep_0p0_seed808,nonlinear_missing_sweep,scenario.missing_ratio,0.0,808
qsvt_regularized,0.0009569015870757666,0.0008822398936155233,0.0010249707593320057,7.277294432452811,7.277294432452811,222.7410673768861,113,113,1.0832070000033127,5,True,False,,ieee57,pypower,pypower.case57.case57,True,nonlinear_ac_state_estimation,331,113,nonlinear_ac_ieee57,0.002,0.0,0.05,2,5.0,weak_area,,222.7410673768861,nonlinear_missing_sweep_0p0_seed808,nonlinear_missing_sweep,scenario.missing_ratio,0.0,808
huber_irls,0.0007113420727555428,0.0006021497097135589,0.0008043100262271031,7.298108775154229,7.298108775154229,222.7292699200979,113,113,1.1965027080004802,5,True,False,,ieee57,pypower,pypower.case57.case57,True,nonlinear_ac_state_estimation,331,113,nonlinear_ac_ieee57,0.002,0.0,0.05,2,5.0,weak_area,,222.7292699200979,nonlinear_missing_sweep_0p0_seed808,nonlinear_missing_sweep,scenario.missing_ratio,0.0,808
pseudoinverse,0.004127644683442191,0.003760530168607152,0.004458980768513226,6.990682150250854,6.990682150250854,222.06113245703196,113,113,1.2861791660034214,6,True,False,,ieee57,pypower,pypower.case57.case57,True,nonlinear_ac_state_estimation,331,113,nonlinear_ac_ieee57,0.002,0.0,0.05,2,5.0,weak_area,,222.06113245703196,nonlinear_missing_sweep_0p0_seed909,nonlinear_missing_sweep,scenario.missing_ratio,0.0,909
ridge,0.004127644683441434,0.0037605301686064797,0.004458980768512395,6.990682150250861,6.990682150250861,222.06113245703114,113,113,1.2840933330007829,6,True,False,,ieee57,pypower,pypower.case57.case57,True,nonlinear_ac_state_estimation,331,113,nonlinear_ac_ieee57,0.002,0.0,0.05,2,5.0,weak_area,,222.06113245703114,nonlinear_missing_sweep_0p0_seed909,nonlinear_missing_sweep,scenario.missing_ratio,0.0,909
truncated_svd,0.004127644683442216,0.003760530168607162,0.004458980768513266,6.990682150250872,6.990682150250872,222.0611324570314,113,113,1.364056291000452,6,True,False,,ieee57,pypower,pypower.case57.case57,True,nonlinear_ac_state_estimation,331,113,nonlinear_ac_ieee57,0.002,0.0,0.05,2,5.0,weak_area,,222.0611324570314,nonlinear_missing_sweep_0p0_seed909,nonlinear_missing_sweep,scenario.missing_ratio,0.0,909
qsvt_regularized,0.004127644683441434,0.0037605301686064797,0.004458980768512395,6.990682150250861,6.990682150250861,222.06113245703114,113,113,1.3327728329968522,6,True,False,,ieee57,pypower,pypower.case57.case57,True,nonlinear_ac_state_estimation,331,113,nonlinear_ac_ieee57,0.002,0.0,0.05,2,5.0,weak_area,,222.06113245703114,nonlinear_missing_sweep_0p0_seed909,nonlinear_missing_sweep,scenario.missing_ratio,0.0,909
huber_irls,0.0015129186137844179,0.0014104976184471367,0.0016071991052136437,7.114445889805846,7.114445889805846,222.02129193971447,113,113,1.1220200000025216,5,True,False,,ieee57,pypower,pypower.case57.case57,True,nonlinear_ac_state_estimation,331,113,nonlinear_ac_ieee57,0.002,0.0,0.05,2,5.0,weak_area,,222.02129193971447,nonlinear_missing_sweep_0p0_seed909,nonlinear_missing_sweep,scenario.missing_ratio,0.0,909
pseudoinverse,0.007171125720098723,0.00589916179841062,0.008231543764771447,6.847800823002378,6.847800823002378,212.33451821859157,113,113,1.5696535000024596,7,True,False,,ieee57,pypower,pypower.case57.case57,True,nonlinear_ac_state_estimation,331,113,nonlinear_ac_ieee57,0.002,0.0,0.05,2,5.0,weak_area,,212.33451821859157,nonlinear_missing_sweep_0p0_seed1001,nonlinear_missing_sweep,scenario.missing_ratio,0.0,1001
ridge,0.007171125720098448,0.0058991617984113206,0.008231543764770479,6.847800823002412,6.847800823002412,212.33451821860137,113,113,1.4566467499971623,7,True,False,,ieee57,pypower,pypower.case57.case57,True,nonlinear_ac_state_estimation,331,113,nonlinear_ac_ieee57,0.002,0.0,0.05,2,5.0,weak_area,,212.33451821860137,nonlinear_missing_sweep_0p0_seed1001,nonlinear_missing_sweep,scenario.missing_ratio,0.0,1001
truncated_svd,0.00717112572009886,0.005899161798410836,0.008231543764771532,6.847800823002396,6.847800823002396,212.33451821859052,113,113,1.5136093749970314,7,True,False,,ieee57,pypower,pypower.case57.case57,True,nonlinear_ac_state_estimation,331,113,nonlinear_ac_ieee57,0.002,0.0,0.05,2,5.0,weak_area,,212.33451821859052,nonlinear_missing_sweep_0p0_seed1001,nonlinear_missing_sweep,scenario.missing_ratio,0.0,1001
qsvt_regularized,0.007171125720098448,0.0058991617984113206,0.008231543764770479,6.847800823002412,6.847800823002412,212.33451821860137,113,113,1.44752595799946,7,True,False,,ieee57,pypower,pypower.case57.case57,True,nonlinear_ac_state_estimation,331,113,nonlinear_ac_ieee57,0.002,0.0,0.05,2,5.0,weak_area,,212.33451821860137,nonlinear_missing_sweep_0p0_seed1001,nonlinear_missing_sweep,scenario.missing_ratio,0.0,1001
huber_irls,0.00274394118978603,0.00224312853099611,0.0031595859811547346,7.035230726970578,7.035230726970578,218.2959347456797,113,113,1.3697930410053232,6,True,False,,ieee57,pypower,pypower.case57.case57,True,nonlinear_ac_state_estimation,331,113,nonlinear_ac_ieee57,0.002,0.0,0.05,2,5.0,weak_area,,218.2959347456797,nonlinear_missing_sweep_0p0_seed1001,nonlinear_missing_sweep,scenario.missing_ratio,0.0,1001
pseudoinverse,0.0021735947680746504,0.003018458762817353,0.0006441216163246699,5.236630745457022,5.236630745457022,227.9628938181202,113,113,0.890978332994564,4,True,False,,ieee57,pypower,pypower.case57.case57,True,nonlinear_ac_state_estimation,298,113,nonlinear_ac_ieee57,0.002,0.1,0.05,1,5.0,weak_area,,227.9628938181202,nonlinear_missing_sweep_0p1_seed101,nonlinear_missing_sweep,scenario.missing_ratio,0.1,101
ridge,0.0021735947680750606,0.0030184587628179177,0.0006441216163248145,5.236630745457026,5.236630745457026,227.96289381807657,113,113,0.8778218329971423,4,True,False,,ieee57,pypower,pypower.case57.case57,True,nonlinear_ac_state_estimation,298,113,nonlinear_ac_ieee57,0.002,0.1,0.05,1,5.0,weak_area,,227.96289381807657,nonlinear_missing_sweep_0p1_seed101,nonlinear_missing_sweep,scenario.missing_ratio,0.1,101
truncated_svd,0.0021735947680747323,0.0030184587628174645,0.000644121616324704,5.236630745457052,5.236630745457052,227.96289381811928,113,113,0.8781749999980093,4,True,False,,ieee57,pypower,pypower.case57.case57,True,nonlinear_ac_state_estimation,298,113,nonlinear_ac_ieee57,0.002,0.1,0.05,1,5.0,weak_area,,227.96289381811928,nonlinear_missing_sweep_0p1_seed101,nonlinear_missing_sweep,scenario.missing_ratio,0.1,101
qsvt_regularized,0.0021735947680750606,0.0030184587628179177,0.0006441216163248145,5.236630745457026,5.236630745457026,227.96289381807657,113,113,0.8705023329966934,4,True,False,,ieee57,pypower,pypower.case57.case57,True,nonlinear_ac_state_estimation,298,113,nonlinear_ac_ieee57,0.002,0.1,0.05,1,5.0,weak_area,,227.96289381807657,nonlinear_missing_sweep_0p1_seed101,nonlinear_missing_sweep,scenario.missing_ratio,0.1,101
huber_irls,0.0008827292269050491,0.0010357928993166338,0.0007005046082505307,5.254678882820863,5.254678882820863,228.6454288041138,113,113,0.9004098749937839,4,True,False,,ieee57,pypower,pypower.case57.case57,True,nonlinear_ac_state_estimation,298,113,nonlinear_ac_ieee57,0.002,0.1,0.05,1,5.0,weak_area,,228.6454288041138,nonlinear_missing_sweep_0p1_seed101,nonlinear_missing_sweep,scenario.missing_ratio,0.1,101
pseudoinverse,0.003737806823568569,0.003594872994953003,0.003873099578116848,7.0707680737038485,7.0707680737038485,235.47728662527183,113,113,1.2760307919961633,6,True,False,,ieee57,pypower,pypower.case57.case57,True,nonlinear_ac_state_estimation,298,113,nonlinear_ac_ieee57,0.002,0.1,0.05,2,5.0,weak_area,,235.47728662527183,nonlinear_missing_sweep_0p1_seed202,nonlinear_missing_sweep,scenario.missing_ratio,0.1,202
ridge,0.00373780682356865,0.0035948729949534025,0.003873099578116638,7.070768073703853,7.070768073703853,235.47728662527155,113,113,1.2621037089993479,6,True,False,,ieee57,pypower,pypower.case57.case57,True,nonlinear_ac_state_estimation,298,113,nonlinear_ac_ieee57,0.002,0.1,0.05,2,5.0,weak_area,,235.47728662527155,nonlinear_missing_sweep_0p1_seed202,nonlinear_missing_sweep,scenario.missing_ratio,0.1,202
truncated_svd,0.003737806823568562,0.003594872994953007,0.0038730995781168323,7.0707680737038565,7.0707680737038565,235.47728662527274,113,113,1.2583246249996591,6,True,False,,ieee57,pypower,pypower.case57.case57,True,nonlinear_ac_state_estimation,298,113,nonlinear_ac_ieee57,0.002,0.1,0.05,2,5.0,weak_area,,235.47728662527274,nonlinear_missing_sweep_0p1_seed202,nonlinear_missing_sweep,scenario.missing_ratio,0.1,202
qsvt_regularized,0.00373780682356865,0.0035948729949534025,0.003873099578116638,7.070768073703853,7.070768073703853,235.47728662527155,113,113,1.2687127090030117,6,True,False,,ieee57,pypower,pypower.case57.case57,True,nonlinear_ac_state_estimation,298,113,nonlinear_ac_ieee57,0.002,0.1,0.05,2,5.0,weak_area,,235.47728662527155,nonlinear_missing_sweep_0p1_seed202,nonlinear_missing_sweep,scenario.missing_ratio,0.1,202
huber_irls,0.0014259768717988278,0.001283295693262871,0.001553444704016198,7.157942768008047,7.157942768008047,235.06949140878882,113,113,0.9199798749978072,4,True,False,,ieee57,pypower,pypower.case57.case57,True,nonlinear_ac_state_estimation,298,113,nonlinear_ac_ieee57,0.002,0.1,0.05,2,5.0,weak_area,,235.06949140878882,nonlinear_missing_sweep_0p1_seed202,nonlinear_missing_sweep,scenario.missing_ratio,0.1,202
pseudoinverse,0.0023256708386066582,0.0032845717739997437,0.0003513660219696856,5.2823921797910485,5.2823921797910485,230.378427526558,113,113,0.8865748340031132,4,True,False,,ieee57,pypower,pypower.case57.case57,True,nonlinear_ac_state_estimation,298,113,nonlinear_ac_ieee57,0.002,0.1,0.05,1,5.0,weak_area,,230.378427526558,nonlinear_missing_sweep_0p1_seed303,nonlinear_missing_sweep,scenario.missing_ratio,0.1,303
ridge,0.0023256708386070204,0.0032845717740002545,0.0003513660219697446,5.282392179791037,5.282392179791037,230.37842752649803,113,113,0.8683537499964586,4,True,False,,ieee57,pypower,pypower.case57.case57,True,nonlinear_ac_state_estimation,298,113,nonlinear_ac_ieee57,0.002,0.1,0.05,1,5.0,weak_area,,230.37842752649803,nonlinear_missing_sweep_0p1_seed303,nonlinear_missing_sweep,scenario.missing_ratio,0.1,303
truncated_svd,0.0023256708386065147,0.0032845717739995437,0.00035136602196963963,5.28239217979105,5.28239217979105,230.37842752655692,113,113,0.847759958000097,4,True,False,,ieee57,pypower,pypower.case57.case57,True,nonlinear_ac_state_estimation,298,113,nonlinear_ac_ieee57,0.002,0.1,0.05,1,5.0,weak_area,,230.37842752655692,nonlinear_missing_sweep_0p1_seed303,nonlinear_missing_sweep,scenario.missing_ratio,0.1,303
qsvt_regularized,0.0023256708386070204,0.0032845717740002545,0.0003513660219697446,5.282392179791037,5.282392179791037,230.37842752649803,113,113,0.8813900000022841,4,True,False,,ieee57,pypower,pypower.case57.case57,True,nonlinear_ac_state_estimation,298,113,nonlinear_ac_ieee57,0.002,0.1,0.05,1,5.0,weak_area,,230.37842752649803,nonlinear_missing_sweep_0p1_seed303,nonlinear_missing_sweep,scenario.missing_ratio,0.1,303
huber_irls,0.0009394303629948149,0.0012866604719349447,0.0003508909327057292,5.300599090460077,5.300599090460077,229.60726780385028,113,113,0.9037307920007152,4,True,False,,ieee57,pypower,pypower.case57.case57,True,nonlinear_ac_state_estimation,298,113,nonlinear_ac_ieee57,0.002,0.1,0.05,1,5.0,weak_area,,229.60726780385028,nonlinear_missing_sweep_0p1_seed303,nonlinear_missing_sweep,scenario.missing_ratio,0.1,303
pseudoinverse,0.0013198709813646574,0.0006907229037306447,0.0017276655874448581,5.17691565049169,5.17691565049169,227.19494991781647,113,113,1.0747879580012523,5,True,False,,ieee57,pypower,pypower.case57.case57,True,nonlinear_ac_state_estimation,298,113,nonlinear_ac_ieee57,0.002,0.1,0.05,1,5.0,weak_area,,227.19494991781647,nonlinear_missing_sweep_0p1_seed404,nonlinear_missing_sweep,scenario.missing_ratio,0.1,404
ridge,0.0013198709813646604,0.0006907229037306203,0.0017276655874448729,5.176915650491714,5.176915650491714,227.19494991782474,113,113,1.078472374996636,5,True,False,,ieee57,pypower,pypower.case57.case57,True,nonlinear_ac_state_estimation,298,113,nonlinear_ac_ieee57,0.002,0.1,0.05,1,5.0,weak_area,,227.19494991782474,nonlinear_missing_sweep_0p1_seed404,nonlinear_missing_sweep,scenario.missing_ratio,0.1,404
truncated_svd,0.0013198709813645655,0.0006907229037305726,0.0017276655874447476,5.176915650491682,5.176915650491682,227.1949499178165,113,113,1.1011157500033733,5,True,False,,ieee57,pypower,pypower.case57.case57,True,nonlinear_ac_state_estimation,298,113,nonlinear_ac_ieee57,0.002,0.1,0.05,1,5.0,weak_area,,227.1949499178165,nonlinear_missing_sweep_0p1_seed404,nonlinear_missing_sweep,scenario.missing_ratio,0.1,404
qsvt_regularized,0.0013198709813646604,0.0006907229037306203,0.0017276655874448729,5.176915650491714,5.176915650491714,227.19494991782474,113,113,1.088386041999911,5,True,False,,ieee57,pypower,pypower.case57.case57,True,nonlinear_ac_state_estimation,298,113,nonlinear_ac_ieee57,0.002,0.1,0.05,1,5.0,weak_area,,227.19494991782474,nonlinear_missing_sweep_0p1_seed404,nonlinear_missing_sweep,scenario.missing_ratio,0.1,404
huber_irls,0.0008758762572683427,0.0004571432549144399,0.0011469724765390441,5.19682165660001,5.19682165660001,227.98470656592565,113,113,0.907918625001912,4,True,False,,ieee57,pypower,pypower.case57.case57,True,nonlinear_ac_state_estimation,298,113,nonlinear_ac_ieee57,0.002,0.1,0.05,1,5.0,weak_area,,227.98470656592565,nonlinear_missing_sweep_0p1_seed404,nonlinear_missing_sweep,scenario.missing_ratio,0.1,404
pseudoinverse,0.0010721213818218039,0.0014189753936958331,0.0005482299376482225,7.095062987881146,7.095062987881146,227.71545558822828,113,113,0.8920855420001317,4,True,False,,ieee57,pypower,pypower.case57.case57,True,nonlinear_ac_state_estimation,298,113,nonlinear_ac_ieee57,0.002,0.1,0.05,2,5.0,weak_area,,227.71545558822828,nonlinear_missing_sweep_0p1_seed505,nonlinear_missing_sweep,scenario.missing_ratio,0.1,505
ridge,0.0010721213818218522,0.0014189753936959177,0.0005482299376481956,7.0950629878811355,7.0950629878811355,227.71545558813233,113,113,0.8750968339954852,4,True,False,,ieee57,pypower,pypower.case57.case57,True,nonlinear_ac_state_estimation,298,113,nonlinear_ac_ieee57,0.002,0.1,0.05,2,5.0,weak_area,,227.71545558813233,nonlinear_missing_sweep_0p1_seed505,nonlinear_missing_sweep,scenario.missing_ratio,0.1,505
truncated_svd,0.0010721213818217952,0.0014189753936958186,0.000548229937648226,7.095062987881148,7.095062987881148,227.71545558822802,113,113,0.8687951250030892,4,True,False,,ieee57,pypower,pypower.case57.case57,True,nonlinear_ac_state_estimation,298,113,nonlinear_ac_ieee57,0.002,0.1,0.05,2,5.0,weak_area,,227.71545558822802,nonlinear_missing_sweep_0p1_seed505,nonlinear_missing_sweep,scenario.missing_ratio,0.1,505
qsvt_regularized,0.0010721213818218522,0.0014189753936959177,0.0005482299376481956,7.0950629878811355,7.0950629878811355,227.71545558813233,113,113,0.8412158329956583,4,True,False,,ieee57,pypower,pypower.case57.case57,True,nonlinear_ac_state_estimation,298,113,nonlinear_ac_ieee57,0.002,0.1,0.05,2,5.0,weak_area,,227.71545558813233,nonlinear_missing_sweep_0p1_seed505,nonlinear_missing_sweep,scenario.missing_ratio,0.1,505
huber_irls,0.0006971976417373512,0.0007025859558073788,0.0006918629937275635,7.142155995569934,7.142155995569934,227.1116159577519,113,113,0.8719601670018164,4,True,False,,ieee57,pypower,pypower.case57.case57,True,nonlinear_ac_state_estimation,298,113,nonlinear_ac_ieee57,0.002,0.1,0.05,2,5.0,weak_area,,227.1116159577519,nonlinear_missing_sweep_0p1_seed505,nonlinear_missing_sweep,scenario.missing_ratio,0.1,505
pseudoinverse,0.002458555622572298,0.001058880683384086,0.003298695209291594,5.130152709818091,5.130152709818091,236.58727292719794,113,113,1.0551742919997196,5,True,False,,ieee57,pypower,pypower.case57.case57,True,nonlinear_ac_state_estimation,298,113,nonlinear_ac_ieee57,0.002,0.1,0.05,1,5.0,weak_area,,236.58727292719794,nonlinear_missing_sweep_0p1_seed606,nonlinear_missing_sweep,scenario.missing_ratio,0.1,606
ridge,0.00245855562257259,0.00105888068338447,0.003298695209291905,5.130152709818119,5.130152709818119,236.587272927236,113,113,1.068132209002215,5,True,False,,ieee57,pypower,pypower.case57.case57,True,nonlinear_ac_state_estimation,298,113,nonlinear_ac_ieee57,0.002,0.1,0.05,1,5.0,weak_area,,236.587272927236,nonlinear_missing_sweep_0p1_seed606,nonlinear_missing_sweep,scenario.missing_ratio,0.1,606
truncated_svd,0.0024585556225721534,0.0010588806833840283,0.003298695209291399,5.130152709818099,5.130152709818099,236.5872729271978,113,113,1.0642820420034695,5,True,False,,ieee57,pypower,pypower.case57.case57,True,nonlinear_ac_state_estimation,298,113,nonlinear_ac_ieee57,0.002,0.1,0.05,1,5.0,weak_area,,236.5872729271978,nonlinear_missing_sweep_0p1_seed606,nonlinear_missing_sweep,scenario.missing_ratio,0.1,606
qsvt_regularized,0.00245855562257259,0.00105888068338447,0.003298695209291905,5.130152709818119,5.130152709818119,236.587272927236,113,113,1.052959375003411,5,True,False,,ieee57,pypower,pypower.case57.case57,True,nonlinear_ac_state_estimation,298,113,nonlinear_ac_ieee57,0.002,0.1,0.05,1,5.0,weak_area,,236.587272927236,nonlinear_missing_sweep_0p1_seed606,nonlinear_missing_sweep,scenario.missing_ratio,0.1,606
huber_irls,0.001318119062746354,0.0008656722003097269,0.0016456467321136078,5.145972751138146,5.145972751138146,238.95385302805477,113,113,1.0949692919966765,5,True,False,,ieee57,pypower,pypower.case57.case57,True,nonlinear_ac_state_estimation,298,113,nonlinear_ac_ieee57,0.002,0.1,0.05,1,5.0,weak_area,,238.95385302805477,nonlinear_missing_sweep_0p1_seed606,nonlinear_missing_sweep,scenario.missing_ratio,0.1,606
pseudoinverse,0.0007796982935714018,0.0008504015385642645,0.0007033477587663432,7.269722589416381,7.269722589416381,232.24909779749984,113,113,1.0708046250001644,5,True,False,,ieee57,pypower,pypower.case57.case57,True,nonlinear_ac_state_estimation,298,113,nonlinear_ac_ieee57,0.002,0.1,0.05,2,5.0,weak_area,,232.24909779749984,nonlinear_missing_sweep_0p1_seed707,nonlinear_missing_sweep,scenario.missing_ratio,0.1,707
ridge,0.0007796982935714234,0.0008504015385642785,0.0007033477587663741,7.269722589416386,7.269722589416386,232.24909779750232,113,113,1.0677053750041523,5,True,False,,ieee57,pypower,pypower.case57.case57,True,nonlinear_ac_state_estimation,298,113,nonlinear_ac_ieee57,0.002,0.1,0.05,2,5.0,weak_area,,232.24909779750232,nonlinear_missing_sweep_0p1_seed707,nonlinear_missing_sweep,scenario.missing_ratio,0.1,707
truncated_svd,0.0007796982935715068,0.0008504015385644034,0.0007033477587664092,7.269722589416392,7.269722589416392,232.24909779749962,113,113,1.0923402089974843,5,True,False,,ieee57,pypower,pypower.case57.case57,True,nonlinear_ac_state_estimation,298,113,nonlinear_ac_ieee57,0.002,0.1,0.05,2,5.0,weak_area,,232.24909779749962,nonlinear_missing_sweep_0p1_seed707,nonlinear_missing_sweep,scenario.missing_ratio,0.1,707
qsvt_regularized,0.0007796982935714234,0.0008504015385642785,0.0007033477587663741,7.269722589416386,7.269722589416386,232.24909779750232,113,113,1.063092999997025,5,True,False,,ieee57,pypower,pypower.case57.case57,True,nonlinear_ac_state_estimation,298,113,nonlinear_ac_ieee57,0.002,0.1,0.05,2,5.0,weak_area,,232.24909779750232,nonlinear_missing_sweep_0p1_seed707,nonlinear_missing_sweep,scenario.missing_ratio,0.1,707
huber_irls,0.0006493436678813899,0.0006237685001910855,0.0006735250753544521,7.274167042849701,7.274167042849701,232.42424773160823,113,113,0.8925956669991137,4,True,False,,ieee57,pypower,pypower.case57.case57,True,nonlinear_ac_state_estimation,298,113,nonlinear_ac_ieee57,0.002,0.1,0.05,2,5.0,weak_area,,232.42424773160823,nonlinear_missing_sweep_0p1_seed707,nonlinear_missing_sweep,scenario.missing_ratio,0.1,707
pseudoinverse,0.00906842874610949,0.0067866795590158045,0.010852607498847403,6.438688208298268,6.438688208298268,248.3174048318532,113,113,1.0731303749998915,5,True,False,,ieee57,pypower,pypower.case57.case57,True,nonlinear_ac_state_estimation,298,113,nonlinear_ac_ieee57,0.002,0.1,0.05,2,5.0,weak_area,,248.3174048318532,nonlinear_missing_sweep_0p1_seed808,nonlinear_missing_sweep,scenario.missing_ratio,0.1,808
ridge,0.009068428746110073,0.006786679559016124,0.010852607498848168,6.438688208298258,6.438688208298258,248.31740483185268,113,113,1.053212375001749,5,True,False,,ieee57,pypower,pypower.case57.case57,True,nonlinear_ac_state_estimation,298,113,nonlinear_ac_ieee57,0.002,0.1,0.05,2,5.0,weak_area,,248.31740483185268,nonlinear_missing_sweep_0p1_seed808,nonlinear_missing_sweep,scenario.missing_ratio,0.1,808
truncated_svd,0.00906842874610948,0.0067866795590157975,0.010852607498847389,6.438688208298272,6.438688208298272,248.31740483185249,113,113,1.1045010840025498,5,True,False,,ieee57,pypower,pypower.case57.case57,True,nonlinear_ac_state_estimation,298,113,nonlinear_ac_ieee57,0.002,0.1,0.05,2,5.0,weak_area,,248.31740483185249,nonlinear_missing_sweep_0p1_seed808,nonlinear_missing_sweep,scenario.missing_ratio,0.1,808
qsvt_regularized,0.009068428746110073,0.006786679559016124,0.010852607498848168,6.438688208298258,6.438688208298258,248.31740483185268,113,113,1.0786916669967468,5,True,False,,ieee57,pypower,pypower.case57.case57,True,nonlinear_ac_state_estimation,298,113,nonlinear_ac_ieee57,0.002,0.1,0.05,2,5.0,weak_area,,248.31740483185268,nonlinear_missing_sweep_0p1_seed808,nonlinear_missing_sweep,scenario.missing_ratio,0.1,808
huber_irls,0.004158582044370069,0.003653763208684242,0.00460091663114588,6.711600456432948,6.711600456432948,248.32372570142599,113,113,0.9482730839954456,4,True,False,,ieee57,pypower,pypower.case57.case57,True,nonlinear_ac_state_estimation,298,113,nonlinear_ac_ieee57,0.002,0.1,0.05,2,5.0,weak_area,,248.32372570142599,nonlinear_missing_sweep_0p1_seed808,nonlinear_missing_sweep,scenario.missing_ratio,0.1,808
pseudoinverse,0.007455152544128825,0.007039043295811899,0.007842490574480446,4.594057045010852,4.594057045010852,261.9681676236773,113,113,1.2741108339978382,6,True,False,,ieee57,pypower,pypower.case57.case57,True,nonlinear_ac_state_estimation,298,113,nonlinear_ac_ieee57,0.002,0.1,0.05,1,5.0,weak_area,,261.9681676236773,nonlinear_missing_sweep_0p1_seed909,nonlinear_missing_sweep,scenario.missing_ratio,0.1,909
ridge,0.007455152544128703,0.007039043295811665,0.007842490574480426,4.594057045010863,4.594057045010863,261.96816762367695,113,113,1.243808416002139,6,True,False,,ieee57,pypower,pypower.case57.case57,True,nonlinear_ac_state_estimation,298,113,nonlinear_ac_ieee57,0.002,0.1,0.05,1,5.0,weak_area,,261.96816762367695,nonlinear_missing_sweep_0p1_seed909,nonlinear_missing_sweep,scenario.missing_ratio,0.1,909
truncated_svd,0.007455152544128803,0.007039043295811909,0.007842490574480398,4.594057045010851,4.594057045010851,261.96816762367723,113,113,1.2564757079962874,6,True,False,,ieee57,pypower,pypower.case57.case57,True,nonlinear_ac_state_estimation,298,113,nonlinear_ac_ieee57,0.002,0.1,0.05,1,5.0,weak_area,,261.96816762367723,nonlinear_missing_sweep_0p1_seed909,nonlinear_missing_sweep,scenario.missing_ratio,0.1,909
qsvt_regularized,0.007455152544128703,0.007039043295811665,0.007842490574480426,4.594057045010863,4.594057045010863,261.96816762367695,113,113,1.303889499999059,6,True,False,,ieee57,pypower,pypower.case57.case57,True,nonlinear_ac_state_estimation,298,113,nonlinear_ac_ieee57,0.002,0.1,0.05,1,5.0,weak_area,,261.96816762367695,nonlinear_missing_sweep_0p1_seed909,nonlinear_missing_sweep,scenario.missing_ratio,0.1,909
huber_irls,0.003159114384953833,0.0030045175110942016,0.0033039619789232027,4.828736095598115,4.828736095598115,261.9510544334772,113,113,1.1590166250025504,5,True,False,,ieee57,pypower,pypower.case57.case57,True,nonlinear_ac_state_estimation,298,113,nonlinear_ac_ieee57,0.002,0.1,0.05,1,5.0,weak_area,,261.9510544334772,nonlinear_missing_sweep_0p1_seed909,nonlinear_missing_sweep,scenario.missing_ratio,0.1,909
pseudoinverse,0.012909746144022665,0.001546316169333737,0.018112152261939032,5.787031090145386,5.787031090145386,421.54169915369465,113,113,1.5823958330001915,7,True,False,,ieee57,pypower,pypower.case57.case57,True,nonlinear_ac_state_estimation,298,113,nonlinear_ac_ieee57,0.002,0.1,0.05,2,5.0,weak_area,,421.54169915369465,nonlinear_missing_sweep_0p1_seed1001,nonlinear_missing_sweep,scenario.missing_ratio,0.1,1001
ridge,0.012909746144024872,0.0015463161693337465,0.01811215226194215,5.787031090145397,5.787031090145397,421.5416991536153,113,113,1.4449246250005672,7,True,False,,ieee57,pypower,pypower.case57.case57,True,nonlinear_ac_state_estimation,298,113,nonlinear_ac_ieee57,0.002,0.1,0.05,2,5.0,weak_area,,421.5416991536153,nonlinear_missing_sweep_0p1_seed1001,nonlinear_missing_sweep,scenario.missing_ratio,0.1,1001
truncated_svd,0.01290974614402265,0.0015463161693337636,0.01811215226193901,5.7870310901453825,5.7870310901453825,421.54169915369465,113,113,1.4722187090010266,7,True,False,,ieee57,pypower,pypower.case57.case57,True,nonlinear_ac_state_estimation,298,113,nonlinear_ac_ieee57,0.002,0.1,0.05,2,5.0,weak_area,,421.54169915369465,nonlinear_missing_sweep_0p1_seed1001,nonlinear_missing_sweep,scenario.missing_ratio,0.1,1001
qsvt_regularized,0.012909746144024872,0.0015463161693337465,0.01811215226194215,5.787031090145397,5.787031090145397,421.5416991536153,113,113,1.454605625003751,7,True,False,,ieee57,pypower,pypower.case57.case57,True,nonlinear_ac_state_estimation,298,113,nonlinear_ac_ieee57,0.002,0.1,0.05,2,5.0,weak_area,,421.5416991536153,nonlinear_missing_sweep_0p1_seed1001,nonlinear_missing_sweep,scenario.missing_ratio,0.1,1001
huber_irls,0.0128823078261063,0.0015036980223909605,0.018076913440308363,5.803976223245065,5.803976223245065,421.54675047522596,113,113,1.5264254170033382,7,True,False,,ieee57,pypower,pypower.case57.case57,True,nonlinear_ac_state_estimation,298,113,nonlinear_ac_ieee57,0.002,0.1,0.05,2,5.0,weak_area,,421.54675047522596,nonlinear_missing_sweep_0p1_seed1001,nonlinear_missing_sweep,scenario.missing_ratio,0.1,1001
pseudoinverse,0.0009914886728693223,0.0009610354223660508,0.001020523063700237,5.1804512452777915,5.1804512452777915,357.8823488732953,113,113,0.8967983749971609,4,True,False,,ieee57,pypower,pypower.case57.case57,True,nonlinear_ac_state_estimation,265,113,nonlinear_ac_ieee57,0.002,0.2,0.05,1,5.0,weak_area,,357.8823488732953,nonlinear_missing_sweep_0p2_seed101,nonlinear_missing_sweep,scenario.missing_ratio,0.2,101
ridge,0.000991488672869621,0.0009610354223665126,0.0010205230637003852,5.180451245277782,5.180451245277782,357.88234887329844,113,113,0.8779952920012875,4,True,False,,ieee57,pypower,pypower.case57.case57,True,nonlinear_ac_state_estimation,265,113,nonlinear_ac_ieee57,0.002,0.2,0.05,1,5.0,weak_area,,357.88234887329844,nonlinear_missing_sweep_0p2_seed101,nonlinear_missing_sweep,scenario.missing_ratio,0.2,101
truncated_svd,0.0009914886728693189,0.0009610354223660478,0.0010205230637002332,5.1804512452777915,5.1804512452777915,357.8823488732928,113,113,0.8661707080027554,4,True,False,,ieee57,pypower,pypower.case57.case57,True,nonlinear_ac_state_estimation,265,113,nonlinear_ac_ieee57,0.002,0.2,0.05,1,5.0,weak_area,,357.8823488732928,nonlinear_missing_sweep_0p2_seed101,nonlinear_missing_sweep,scenario.missing_ratio,0.2,101
qsvt_regularized,0.000991488672869621,0.0009610354223665126,0.0010205230637003852,5.180451245277782,5.180451245277782,357.88234887329844,113,113,0.8554807499967865,4,True,False,,ieee57,pypower,pypower.case57.case57,True,nonlinear_ac_state_estimation,265,113,nonlinear_ac_ieee57,0.002,0.2,0.05,1,5.0,weak_area,,357.88234887329844,nonlinear_missing_sweep_0p2_seed101,nonlinear_missing_sweep,scenario.missing_ratio,0.2,101
huber_irls,0.0009523767865292111,0.0009638506338043117,0.0009409679967129814,5.186578451412834,5.186578451412834,357.84256480456895,113,113,0.8784580000065034,4,True,False,,ieee57,pypower,pypower.case57.case57,True,nonlinear_ac_state_estimation,265,113,nonlinear_ac_ieee57,0.002,0.2,0.05,1,5.0,weak_area,,357.84256480456895,nonlinear_missing_sweep_0p2_seed101,nonlinear_missing_sweep,scenario.missing_ratio,0.2,101
pseudoinverse,0.0044244171871889,0.0006765713465520468,0.0061933664135621225,5.133561874131325,5.133561874131325,301.3287014962798,113,113,1.2670778749961755,6,True,False,,ieee57,pypower,pypower.case57.case57,True,nonlinear_ac_state_estimation,265,113,nonlinear_ac_ieee57,0.002,0.2,0.05,1,5.0,weak_area,,301.3287014962798,nonlinear_missing_sweep_0p2_seed202,nonlinear_missing_sweep,scenario.missing_ratio,0.2,202
ridge,0.004424417187187687,0.0006765713465519795,0.006193366413560412,5.1335618741313445,5.1335618741313445,301.3287014961995,113,113,1.3038344169981428,6,True,False,,ieee57,pypower,pypower.case57.case57,True,nonlinear_ac_state_estimation,265,113,nonlinear_ac_ieee57,0.002,0.2,0.05,1,5.0,weak_area,,301.3287014961995,nonlinear_missing_sweep_0p2_seed202,nonlinear_missing_sweep,scenario.missing_ratio,0.2,202
truncated_svd,0.0044244171871888295,0.0006765713465519509,0.006193366413562032,5.133561874131322,5.133561874131322,301.3287014962799,113,113,1.2795559160003904,6,True,False,,ieee57,pypower,pypower.case57.case57,True,nonlinear_ac_state_estimation,265,113,nonlinear_ac_ieee57,0.002,0.2,0.05,1,5.0,weak_area,,301.3287014962799,nonlinear_missing_sweep_0p2_seed202,nonlinear_missing_sweep,scenario.missing_ratio,0.2,202
qsvt_regularized,0.004424417187187687,0.0006765713465519795,0.006193366413560412,5.1335618741313445,5.1335618741313445,301.3287014961995,113,113,1.259077624999918,6,True,False,,ieee57,pypower,pypower.case57.case57,True,nonlinear_ac_state_estimation,265,113,nonlinear_ac_ieee57,0.002,0.2,0.05,1,5.0,weak_area,,301.3287014961995,nonlinear_missing_sweep_0p2_seed202,nonlinear_missing_sweep,scenario.missing_ratio,0.2,202
huber_irls,0.001875104704079988,0.0005909343908375022,0.0025743491807531656,5.167351338522658,5.167351338522658,293.03711707162194,113,113,1.1032454579981277,5,True,False,,ieee57,pypower,pypower.case57.case57,True,nonlinear_ac_state_estimation,265,113,nonlinear_ac_ieee57,0.002,0.2,0.05,1,5.0,weak_area,,293.03711707162194,nonlinear_missing_sweep_0p2_seed202,nonlinear_missing_sweep,scenario.missing_ratio,0.2,202
pseudoinverse,0.009795476110814117,0.008825438278418994,0.01066290059422679,4.230576367034921,4.230576367034921,241.6813808889269,113,113,1.6056961670037708,7,True,False,,ieee57,pypower,pypower.case57.case57,True,nonlinear_ac_state_estimation,265,113,nonlinear_ac_ieee57,0.002,0.2,0.05,1,5.0,weak_area,,241.6813808889269,nonlinear_missing_sweep_0p2_seed303,nonlinear_missing_sweep,scenario.missing_ratio,0.2,303
ridge,0.009795476110812613,0.008825438278417542,0.010662900594225231,4.230576367034914,4.230576367034914,241.68138088892564,113,113,1.5020135410013609,7,True,False,,ieee57,pypower,pypower.case57.case57,True,nonlinear_ac_state_estimation,265,113,nonlinear_ac_ieee57,0.002,0.2,0.05,1,5.0,weak_area,,241.68138088892564,nonlinear_missing_sweep_0p2_seed303,nonlinear_missing_sweep,scenario.missing_ratio,0.2,303
truncated_svd,0.009795476110814107,0.008825438278419011,0.01066290059422676,4.230576367034916,4.230576367034916,241.68138088892672,113,113,1.4935279169949354,7,True,False,,ieee57,pypower,pypower.case57.case57,True,nonlinear_ac_state_estimation,265,113,nonlinear_ac_ieee57,0.002,0.2,0.05,1,5.0,weak_area,,241.68138088892672,nonlinear_missing_sweep_0p2_seed303,nonlinear_missing_sweep,scenario.missing_ratio,0.2,303
qsvt_regularized,0.009795476110812613,0.008825438278417542,0.010662900594225231,4.230576367034914,4.230576367034914,241.68138088892564,113,113,1.459998958001961,7,True,False,,ieee57,pypower,pypower.case57.case57,True,nonlinear_ac_state_estimation,265,113,nonlinear_ac_ieee57,0.002,0.2,0.05,1,5.0,weak_area,,241.68138088892564,nonlinear_missing_sweep_0p2_seed303,nonlinear_missing_sweep,scenario.missing_ratio,0.2,303
huber_irls,0.004614177169888575,0.004204245806700855,0.004984190903653604,4.552496781530455,4.552496781530455,241.6835128100124,113,113,1.5663025840040063,7,True,False,,ieee57,pypower,pypower.case57.case57,True,nonlinear_ac_state_estimation,265,113,nonlinear_ac_ieee57,0.002,0.2,0.05,1,5.0,weak_area,,241.6835128100124,nonlinear_missing_sweep_0p2_seed303,nonlinear_missing_sweep,scenario.missing_ratio,0.2,303
pseudoinverse,0.011166946887007614,0.007817990805956446,0.013680825690863485,6.60080531302581,6.60080531302581,379.966342907459,113,113,1.4201750830034143,7,True,False,,ieee57,pypower,pypower.case57.case57,True,nonlinear_ac_state_estimation,265,113,nonlinear_ac_ieee57,0.002,0.2,0.05,2,5.0,weak_area,,379.966342907459,nonlinear_missing_sweep_0p2_seed404,nonlinear_missing_sweep,scenario.missing_ratio,0.2,404
ridge,0.011166946887007968,0.007817990805963078,0.013680825690860333,6.600805313025802,6.600805313025802,379.9663429075785,113,113,1.3981463750023977,7,True,False,,ieee57,pypower,pypower.case57.case57,True,nonlinear_ac_state_estimation,265,113,nonlinear_ac_ieee57,0.002,0.2,0.05,2,5.0,weak_area,,379.9663429075785,nonlinear_missing_sweep_0p2_seed404,nonlinear_missing_sweep,scenario.missing_ratio,0.2,404
truncated_svd,0.011166946887007572,0.007817990805956406,0.013680825690863438,6.600805313025795,6.600805313025795,379.9663429074609,113,113,1.441135209002823,7,True,False,,ieee57,pypower,pypower.case57.case57,True,nonlinear_ac_state_estimation,265,113,nonlinear_ac_ieee57,0.002,0.2,0.05,2,5.0,weak_area,,379.9663429074609,nonlinear_missing_sweep_0p2_seed404,nonlinear_missing_sweep,scenario.missing_ratio,0.2,404
qsvt_regularized,0.011166946887007968,0.007817990805963078,0.013680825690860333,6.600805313025802,6.600805313025802,379.9663429075785,113,113,1.424038000004657,7,True,False,,ieee57,pypower,pypower.case57.case57,True,nonlinear_ac_state_estimation,265,113,nonlinear_ac_ieee57,0.002,0.2,0.05,2,5.0,weak_area,,379.9663429075785,nonlinear_missing_sweep_0p2_seed404,nonlinear_missing_sweep,scenario.missing_ratio,0.2,404
huber_irls,0.004781237405734422,0.0034841597623670797,0.005778668333980128,6.857719782505541,6.857719782505541,393.0908658819886,113,113,1.098110541999631,5,True,False,,ieee57,pypower,pypower.case57.case57,True,nonlinear_ac_state_estimation,265,113,nonlinear_ac_ieee57,0.002,0.2,0.05,2,5.0,weak_area,,393.0908658819886,nonlinear_missing_sweep_0p2_seed404,nonlinear_missing_sweep,scenario.missing_ratio,0.2,404
pseudoinverse,0.009428131318570388,0.008538870238502541,0.010226764439110683,3.9862032606774105,3.9862032606774105,236.22843729757767,113,113,1.2256919579958776,6,True,False,,ieee57,pypower,pypower.case57.case57,True,nonlinear_ac_state_estimation,265,113,nonlinear_ac_ieee57,0.002,0.2,0.05,1,5.0,weak_area,,236.22843729757767,nonlinear_missing_sweep_0p2_seed505,nonlinear_missing_sweep,scenario.missing_ratio,0.2,505
ridge,0.009428131318570468,0.008538870238502501,0.010226764439110856,3.9862032606774305,3.9862032606774305,236.22843729756687,113,113,1.2217885420031962,6,True,False,,ieee57,pypower,pypower.case57.case57,True,nonlinear_ac_state_estimation,265,113,nonlinear_ac_ieee57,0.002,0.2,0.05,1,5.0,weak_area,,236.22843729756687,nonlinear_missing_sweep_0p2_seed505,nonlinear_missing_sweep,scenario.missing_ratio,0.2,505
truncated_svd,0.009428131318570432,0.008538870238502555,0.010226764439110749,3.986203260677425,3.986203260677425,236.22843729757716,113,113,1.2078634170029545,6,True,False,,ieee57,pypower,pypower.case57.case57,True,nonlinear_ac_state_estimation,265,113,nonlinear_ac_ieee57,0.002,0.2,0.05,1,5.0,weak_area,,236.22843729757716,nonlinear_missing_sweep_0p2_seed505,nonlinear_missing_sweep,scenario.missing_ratio,0.2,505
qsvt_regularized,0.009428131318570468,0.008538870238502501,0.010226764439110856,3.9862032606774305,3.9862032606774305,236.22843729756687,113,113,1.2108274589991197,6,True,False,,ieee57,pypower,pypower.case57.case57,True,nonlinear_ac_state_estimation,265,113,nonlinear_ac_ieee57,0.002,0.2,0.05,1,5.0,weak_area,,236.22843729756687,nonlinear_missing_sweep_0p2_seed505,nonlinear_missing_sweep,scenario.missing_ratio,0.2,505
huber_irls,0.0050191429335686094,0.00452144209364492,0.005464142060474338,4.254224917161814,4.254224917161814,221.74159258152352,113,113,1.3300102499997593,6,True,False,,ieee57,pypower,pypower.case57.case57,True,nonlinear_ac_state_estimation,265,113,nonlinear_ac_ieee57,0.002,0.2,0.05,1,5.0,weak_area,,221.74159258152352,nonlinear_missing_sweep_0p2_seed505,nonlinear_missing_sweep,scenario.missing_ratio,0.2,505
pseudoinverse,0.011254382157999896,0.014756899514591573,0.006095447888496508,6.45663289962511,6.45663289962511,306.69405590884605,113,113,1.2686508749975474,6,True,False,,ieee57,pypower,pypower.case57.case57,True,nonlinear_ac_state_estimation,265,113,nonlinear_ac_ieee57,0.002,0.2,0.05,2,5.0,weak_area,,306.69405590884605,nonlinear_missing_sweep_0p2_seed606,nonlinear_missing_sweep,scenario.missing_ratio,0.2,606
ridge,0.01125438215799913,0.01475689951459053,0.0060954478884961754,6.456632899625083,6.456632899625083,306.6940559088532,113,113,1.2395845419960096,6,True,False,,ieee57,pypower,pypower.case57.case57,True,nonlinear_ac_state_estimation,265,113,nonlinear_ac_ieee57,0.002,0.2,0.05,2,5.0,weak_area,,306.6940559088532,nonlinear_missing_sweep_0p2_seed606,nonlinear_missing_sweep,scenario.missing_ratio,0.2,606
truncated_svd,0.011254382157999733,0.014756899514591228,0.006095447888496722,6.456632899625102,6.456632899625102,306.6940559088448,113,113,1.2178736250061775,6,True,False,,ieee57,pypower,pypower.case57.case57,True,nonlinear_ac_state_estimation,265,113,nonlinear_ac_ieee57,0.002,0.2,0.05,2,5.0,weak_area,,306.6940559088448,nonlinear_missing_sweep_0p2_seed606,nonlinear_missing_sweep,scenario.missing_ratio,0.2,606
qsvt_regularized,0.01125438215799913,0.01475689951459053,0.0060954478884961754,6.456632899625083,6.456632899625083,306.6940559088532,113,113,1.2466006670001661,6,True,False,,ieee57,pypower,pypower.case57.case57,True,nonlinear_ac_state_estimation,265,113,nonlinear_ac_ieee57,0.002,0.2,0.05,2,5.0,weak_area,,306.6940559088532,nonlinear_missing_sweep_0p2_seed606,nonlinear_missing_sweep,scenario.missing_ratio,0.2,606
huber_irls,0.00499922456710048,0.006593473285061675,0.0026143530646675246,6.735384634535456,6.735384634535456,312.87766543838995,113,113,1.0779312919985387,5,True,False,,ieee57,pypower,pypower.case57.case57,True,nonlinear_ac_state_estimation,265,113,nonlinear_ac_ieee57,0.002,0.2,0.05,2,5.0,weak_area,,312.87766543838995,nonlinear_missing_sweep_0p2_seed606,nonlinear_missing_sweep,scenario.missing_ratio,0.2,606
pseudoinverse,0.009665947953993606,0.006111851075725731,0.012186984438361123,4.382823041620658,4.382823041620658,291.52917461011435,113,113,1.4074605420028092,7,True,False,,ieee57,pypower,pypower.case57.case57,True,nonlinear_ac_state_estimation,265,113,nonlinear_ac_ieee57,0.002,0.2,0.05,1,5.0,weak_area,,291.52917461011435,nonlinear_missing_sweep_0p2_seed707,nonlinear_missing_sweep,scenario.missing_ratio,0.2,707
ridge,0.009665947953990596,0.0061118510757233405,0.012186984438357567,4.3828230416206395,4.3828230416206395,291.52917461011407,113,113,1.4167190840016701,7,True,False,,ieee57,pypower,pypower.case57.case57,True,nonlinear_ac_state_estimation,265,113,nonlinear_ac_ieee57,0.002,0.2,0.05,1,5.0,weak_area,,291.52917461011407,nonlinear_missing_sweep_0p2_seed707,nonlinear_missing_sweep,scenario.missing_ratio,0.2,707
truncated_svd,0.009665947953993602,0.006111851075725718,0.012186984438361125,4.382823041620645,4.382823041620645,291.52917461011515,113,113,1.4295297080025193,7,True,False,,ieee57,pypower,pypower.case57.case57,True,nonlinear_ac_state_estimation,265,113,nonlinear_ac_ieee57,0.002,0.2,0.05,1,5.0,weak_area,,291.52917461011515,nonlinear_missing_sweep_0p2_seed707,nonlinear_missing_sweep,scenario.missing_ratio,0.2,707
qsvt_regularized,0.009665947953990596,0.0061118510757233405,0.012186984438357567,4.3828230416206395,4.3828230416206395,291.52917461011407,113,113,1.4234756250007194,7,True,False,,ieee57,pypower,pypower.case57.case57,True,nonlinear_ac_state_estimation,265,113,nonlinear_ac_ieee57,0.002,0.2,0.05,1,5.0,weak_area,,291.52917461011407,nonlinear_missing_sweep_0p2_seed707,nonlinear_missing_sweep,scenario.missing_ratio,0.2,707
huber_irls,0.004706643192028943,0.0030350808761877646,0.005904763604295818,4.634886108260822,4.634886108260822,291.5231206328351,113,113,1.3520408749973285,6,True,False,,ieee57,pypower,pypower.case57.case57,True,nonlinear_ac_state_estimation,265,113,nonlinear_ac_ieee57,0.002,0.2,0.05,1,5.0,weak_area,,291.5231206328351,nonlinear_missing_sweep_0p2_seed707,nonlinear_missing_sweep,scenario.missing_ratio,0.2,707
pseudoinverse,0.01057855840611387,0.004576793332182129,0.014186930225064377,4.444397574210185,4.444397574210185,215.99191878731142,113,113,1.3049043330029235,6,True,False,,ieee57,pypower,pypower.case57.case57,True,nonlinear_ac_state_estimation,265,113,nonlinear_ac_ieee57,0.002,0.2,0.05,1,5.0,weak_area,,215.99191878731142,nonlinear_missing_sweep_0p2_seed808,nonlinear_missing_sweep,scenario.missing_ratio,0.2,808
ridge,0.010578558406114066,0.004576793332182208,0.014186930225064643,4.444397574210209,4.444397574210209,215.991918787302,113,113,1.9948717079969356,6,True,False,,ieee57,pypower,pypower.case57.case57,True,nonlinear_ac_state_estimation,265,113,nonlinear_ac_ieee57,0.002,0.2,0.05,1,5.0,weak_area,,215.991918787302,nonlinear_missing_sweep_0p2_seed808,nonlinear_missing_sweep,scenario.missing_ratio,0.2,808
truncated_svd,0.010578558406113832,0.004576793332182138,0.014186930225064317,4.444397574210196,4.444397574210196,215.9919187873115,113,113,1.5140505410017795,6,True,False,,ieee57,pypower,pypower.case57.case57,True,nonlinear_ac_state_estimation,265,113,nonlinear_ac_ieee57,0.002,0.2,0.05,1,5.0,weak_area,,215.9919187873115,nonlinear_missing_sweep_0p2_seed808,nonlinear_missing_sweep,scenario.missing_ratio,0.2,808
qsvt_regularized,0.010578558406114066,0.004576793332182208,0.014186930225064643,4.444397574210209,4.444397574210209,215.991918787302,113,113,1.3443816250000964,6,True,False,,ieee57,pypower,pypower.case57.case57,True,nonlinear_ac_state_estimation,265,113,nonlinear_ac_ieee57,0.002,0.2,0.05,1,5.0,weak_area,,215.991918787302,nonlinear_missing_sweep_0p2_seed808,nonlinear_missing_sweep,scenario.missing_ratio,0.2,808
huber_irls,0.0046608757414703435,0.0019972965780662095,0.006256772246424712,4.720742530201033,4.720742530201033,231.5173092856178,113,113,1.1437420829970506,5,True,False,,ieee57,pypower,pypower.case57.case57,True,nonlinear_ac_state_estimation,265,113,nonlinear_ac_ieee57,0.002,0.2,0.05,1,5.0,weak_area,,231.5173092856178,nonlinear_missing_sweep_0p2_seed808,nonlinear_missing_sweep,scenario.missing_ratio,0.2,808
pseudoinverse,0.009539156382873684,0.009109146990754113,0.00994352889263031,6.613111862663257,6.613111862663257,328.42568648326545,113,113,1.3531533339992166,6,True,False,,ieee57,pypower,pypower.case57.case57,True,nonlinear_ac_state_estimation,265,113,nonlinear_ac_ieee57,0.002,0.2,0.05,2,5.0,weak_area,,328.42568648326545,nonlinear_missing_sweep_0p2_seed909,nonlinear_missing_sweep,scenario.missing_ratio,0.2,909
ridge,0.009539156382873783,0.009109146990753988,0.009943528892630612,6.613111862663245,6.613111862663245,328.4256864832756,113,113,1.3126997920044232,6,True,False,,ieee57,pypower,pypower.case57.case57,True,nonlinear_ac_state_estimation,265,113,nonlinear_ac_ieee57,0.002,0.2,0.05,2,5.0,weak_area,,328.4256864832756,nonlinear_missing_sweep_0p2_seed909,nonlinear_missing_sweep,scenario.missing_ratio,0.2,909
truncated_svd,0.009539156382873669,0.0091091469907541,0.009943528892630296,6.613111862663265,6.613111862663265,328.4256864832649,113,113,1.5302922920018318,6,True,False,,ieee57,pypower,pypower.case57.case57,True,nonlinear_ac_state_estimation,265,113,nonlinear_ac_ieee57,0.002,0.2,0.05,2,5.0,weak_area,,328.4256864832649,nonlinear_missing_sweep_0p2_seed909,nonlinear_missing_sweep,scenario.missing_ratio,0.2,909
qsvt_regularized,0.009539156382873783,0.009109146990753988,0.009943528892630612,6.613111862663245,6.613111862663245,328.4256864832756,113,113,1.2404535000023316,6,True,False,,ieee57,pypower,pypower.case57.case57,True,nonlinear_ac_state_estimation,265,113,nonlinear_ac_ieee57,0.002,0.2,0.05,2,5.0,weak_area,,328.4256864832756,nonlinear_missing_sweep_0p2_seed909,nonlinear_missing_sweep,scenario.missing_ratio,0.2,909
huber_irls,0.0036949017541285842,0.003792622092692574,0.003596310909475695,6.849222363423911,6.849222363423911,330.7331966617216,113,113,0.8870892499980982,4,True,False,,ieee57,pypower,pypower.case57.case57,True,nonlinear_ac_state_estimation,265,113,nonlinear_ac_ieee57,0.002,0.2,0.05,2,5.0,weak_area,,330.7331966617216,nonlinear_missing_sweep_0p2_seed909,nonlinear_missing_sweep,scenario.missing_ratio,0.2,909
pseudoinverse,0.0011705134003320882,0.0014471738237842315,0.0008115396546455691,5.174122507162128,5.174122507162128,241.3552875656995,113,113,1.0556680000008782,5,True,False,,ieee57,pypower,pypower.case57.case57,True,nonlinear_ac_state_estimation,265,113,nonlinear_ac_ieee57,0.002,0.2,0.05,1,5.0,weak_area,,241.3552875656995,nonlinear_missing_sweep_0p2_seed1001,nonlinear_missing_sweep,scenario.missing_ratio,0.2,1001
ridge,0.0011705134003321693,0.0014471738237844356,0.0008115396546454433,5.174122507162123,5.174122507162123,241.3552875657134,113,113,1.0391460419996292,5,True,False,,ieee57,pypower,pypower.case57.case57,True,nonlinear_ac_state_estimation,265,113,nonlinear_ac_ieee57,0.002,0.2,0.05,1,5.0,weak_area,,241.3552875657134,nonlinear_missing_sweep_0p2_seed1001,nonlinear_missing_sweep,scenario.missing_ratio,0.2,1001
truncated_svd,0.001170513400332112,0.0014471738237842584,0.0008115396546455906,5.1741225071621155,5.1741225071621155,241.3552875657002,113,113,1.0524535829972592,5,True,False,,ieee57,pypower,pypower.case57.case57,True,nonlinear_ac_state_estimation,265,113,nonlinear_ac_ieee57,0.002,0.2,0.05,1,5.0,weak_area,,241.3552875657002,nonlinear_missing_sweep_0p2_seed1001,nonlinear_missing_sweep,scenario.missing_ratio,0.2,1001
qsvt_regularized,0.0011705134003321693,0.0014471738237844356,0.0008115396546454433,5.174122507162123,5.174122507162123,241.3552875657134,113,113,1.032674207999662,5,True,False,,ieee57,pypower,pypower.case57.case57,True,nonlinear_ac_state_estimation,265,113,nonlinear_ac_ieee57,0.002,0.2,0.05,1,5.0,weak_area,,241.3552875657134,nonlinear_missing_sweep_0p2_seed1001,nonlinear_missing_sweep,scenario.missing_ratio,0.2,1001
huber_irls,0.0007239567323961489,0.000808416844718067,0.0006300472285693848,5.1828328446296785,5.1828328446296785,241.92636115272907,113,113,0.8665147080027964,4,True,False,,ieee57,pypower,pypower.case57.case57,True,nonlinear_ac_state_estimation,265,113,nonlinear_ac_ieee57,0.002,0.2,0.05,1,5.0,weak_area,,241.92636115272907,nonlinear_missing_sweep_0p2_seed1001,nonlinear_missing_sweep,scenario.missing_ratio,0.2,1001
pseudoinverse,0.0006429506390162559,0.0005239127711028089,0.0007415184409261302,1.7263432616236412,1.7263432616236412,228.97170965464315,113,113,0.9046530829946278,4,True,False,,ieee57,pypower,pypower.case57.case57,True,nonlinear_ac_state_estimation,298,113,nonlinear_ac_ieee57,0.002,0.1,0.0,0,5.0,weak_area,,228.97170965464315,nonlinear_bad_data_ratio_sweep_0p0_seed101,nonlinear_bad_data_ratio_sweep,scenario.bad_data.ratio,0.0,101
ridge,0.0006429506390164905,0.0005239127711029599,0.0007415184409264288,1.7263432616236756,1.7263432616236756,228.97170965466037,113,113,0.8539397079948685,4,True,False,,ieee57,pypower,pypower.case57.case57,True,nonlinear_ac_state_estimation,298,113,nonlinear_ac_ieee57,0.002,0.1,0.0,0,5.0,weak_area,,228.97170965466037,nonlinear_bad_data_ratio_sweep_0p0_seed101,nonlinear_bad_data_ratio_sweep,scenario.bad_data.ratio,0.0,101
truncated_svd,0.0006429506390161735,0.0005239127711028175,0.0007415184409259827,1.7263432616236465,1.7263432616236465,228.9717096546425,113,113,0.8550429590031854,4,True,False,,ieee57,pypower,pypower.case57.case57,True,nonlinear_ac_state_estimation,298,113,nonlinear_ac_ieee57,0.002,0.1,0.0,0,5.0,weak_area,,228.9717096546425,nonlinear_bad_data_ratio_sweep_0p0_seed101,nonlinear_bad_data_ratio_sweep,scenario.bad_data.ratio,0.0,101
qsvt_regularized,0.0006429506390164905,0.0005239127711029599,0.0007415184409264288,1.7263432616236756,1.7263432616236756,228.97170965466037,113,113,0.851690666997456,4,True,False,,ieee57,pypower,pypower.case57.case57,True,nonlinear_ac_state_estimation,298,113,nonlinear_ac_ieee57,0.002,0.1,0.0,0,5.0,weak_area,,228.97170965466037,nonlinear_bad_data_ratio_sweep_0p0_seed101,nonlinear_bad_data_ratio_sweep,scenario.bad_data.ratio,0.0,101
huber_irls,0.0006429506390163011,0.0005239127711028711,0.000741518440926165,1.7263432616236565,1.7263432616236565,228.9717096546429,113,113,0.8414575409988174,4,True,False,,ieee57,pypower,pypower.case57.case57,True,nonlinear_ac_state_estimation,298,113,nonlinear_ac_ieee57,0.002,0.1,0.0,0,5.0,weak_area,,228.9717096546429,nonlinear_bad_data_ratio_sweep_0p0_seed101,nonlinear_bad_data_ratio_sweep,scenario.bad_data.ratio,0.0,101
pseudoinverse,0.0006304864204304873,0.0004707661246623606,0.0007551951253139185,1.6886285290078777,1.6886285290078777,234.8944931562327,113,113,0.8513265830042656,4,True,False,,ieee57,pypower,pypower.case57.case57,True,nonlinear_ac_state_estimation,298,113,nonlinear_ac_ieee57,0.002,0.1,0.0,0,5.0,weak_area,,234.8944931562327,nonlinear_bad_data_ratio_sweep_0p0_seed202,nonlinear_bad_data_ratio_sweep,scenario.bad_data.ratio,0.0,202
ridge,0.0006304864204303415,0.00047076612466212964,0.0007551951253138186,1.6886285290078509,1.6886285290078509,234.89449315620772,113,113,0.8466034160010167,4,True,False,,ieee57,pypower,pypower.case57.case57,True,nonlinear_ac_state_estimation,298,113,nonlinear_ac_ieee57,0.002,0.1,0.0,0,5.0,weak_area,,234.89449315620772,nonlinear_bad_data_ratio_sweep_0p0_seed202,nonlinear_bad_data_ratio_sweep,scenario.bad_data.ratio,0.0,202
truncated_svd,0.0006304864204304822,0.00047076612466235933,0.0007551951253139108,1.688628529007841,1.688628529007841,234.89449315623173,113,113,0.842512875002285,4,True,False,,ieee57,pypower,pypower.case57.case57,True,nonlinear_ac_state_estimation,298,113,nonlinear_ac_ieee57,0.002,0.1,0.0,0,5.0,weak_area,,234.89449315623173,nonlinear_bad_data_ratio_sweep_0p0_seed202,nonlinear_bad_data_ratio_sweep,scenario.bad_data.ratio,0.0,202
qsvt_regularized,0.0006304864204303415,0.00047076612466212964,0.0007551951253138186,1.6886285290078509,1.6886285290078509,234.89449315620772,113,113,0.8380000840043067,4,True,False,,ieee57,pypower,pypower.case57.case57,True,nonlinear_ac_state_estimation,298,113,nonlinear_ac_ieee57,0.002,0.1,0.0,0,5.0,weak_area,,234.89449315620772,nonlinear_bad_data_ratio_sweep_0p0_seed202,nonlinear_bad_data_ratio_sweep,scenario.bad_data.ratio,0.0,202
huber_irls,0.0006304864204304811,0.00047076612466237066,0.000755195125313902,1.6886285290078509,1.6886285290078509,234.89449315623133,113,113,0.8510065839946037,4,True,False,,ieee57,pypower,pypower.case57.case57,True,nonlinear_ac_state_estimation,298,113,nonlinear_ac_ieee57,0.002,0.1,0.0,0,5.0,weak_area,,234.89449315623133,nonlinear_bad_data_ratio_sweep_0p0_seed202,nonlinear_bad_data_ratio_sweep,scenario.bad_data.ratio,0.0,202
pseudoinverse,0.0005361587473122997,0.0006743109327356258,0.00035095728129414807,1.8093948252206216,1.8093948252206216,229.29642499466934,113,113,0.8356936249983846,4,True,False,,ieee57,pypower,pypower.case57.case57,True,nonlinear_ac_state_estimation,298,113,nonlinear_ac_ieee57,0.002,0.1,0.0,0,5.0,weak_area,,229.29642499466934,nonlinear_bad_data_ratio_sweep_0p0_seed303,nonlinear_bad_data_ratio_sweep,scenario.bad_data.ratio,0.0,303
ridge,0.0005361587473123432,0.0006743109327357098,0.00035095728129412145,1.8093948252206669,1.8093948252206669,229.29642499471254,113,113,0.8456313330025296,4,True,False,,ieee57,pypower,pypower.case57.case57,True,nonlinear_ac_state_estimation,298,113,nonlinear_ac_ieee57,0.002,0.1,0.0,0,5.0,weak_area,,229.29642499471254,nonlinear_bad_data_ratio_sweep_0p0_seed303,nonlinear_bad_data_ratio_sweep,scenario.bad_data.ratio,0.0,303
truncated_svd,0.0005361587473123436,0.000674310932735701,0.0003509572812941395,1.8093948252206387,1.8093948252206387,229.29642499466956,113,113,0.866776500006381,4,True,False,,ieee57,pypower,pypower.case57.case57,True,nonlinear_ac_state_estimation,298,113,nonlinear_ac_ieee57,0.002,0.1,0.0,0,5.0,weak_area,,229.29642499466956,nonlinear_bad_data_ratio_sweep_0p0_seed303,nonlinear_bad_data_ratio_sweep,scenario.bad_data.ratio,0.0,303
qsvt_regularized,0.0005361587473123432,0.0006743109327357098,0.00035095728129412145,1.8093948252206669,1.8093948252206669,229.29642499471254,113,113,0.8843968750006752,4,True,False,,ieee57,pypower,pypower.case57.case57,True,nonlinear_ac_state_estimation,298,113,nonlinear_ac_ieee57,0.002,0.1,0.0,0,5.0,weak_area,,229.29642499471254,nonlinear_bad_data_ratio_sweep_0p0_seed303,nonlinear_bad_data_ratio_sweep,scenario.bad_data.ratio,0.0,303
huber_irls,0.0005361587473123183,0.000674310932735682,0.0003509572812940983,1.809394825220679,1.809394825220679,229.29642499466956,113,113,0.8713379999971949,4,True,False,,ieee57,pypower,pypower.case57.case57,True,nonlinear_ac_state_estimation,298,113,nonlinear_ac_ieee57,0.002,0.1,0.0,0,5.0,weak_area,,229.29642499466956,nonlinear_bad_data_ratio_sweep_0p0_seed303,nonlinear_bad_data_ratio_sweep,scenario.bad_data.ratio,0.0,303
pseudoinverse,0.0007263188214891057,0.0004218921630181652,0.0009332484541292045,1.578681501605973,1.578681501605973,228.33818166703654,113,113,0.859140667002066,4,True,False,,ieee57,pypower,pypower.case57.case57,True,nonlinear_ac_state_estimation,298,113,nonlinear_ac_ieee57,0.002,0.1,0.0,0,5.0,weak_area,,228.33818166703654,nonlinear_bad_data_ratio_sweep_0p0_seed404,nonlinear_bad_data_ratio_sweep,scenario.bad_data.ratio,0.0,404
ridge,0.0007263188214892063,0.0004218921630181993,0.0009332484541293446,1.578681501606036,1.578681501606036,228.33818166702375,113,113,0.8509205420050421,4,True,False,,ieee57,pypower,pypower.case57.case57,True,nonlinear_ac_state_estimation,298,113,nonlinear_ac_ieee57,0.002,0.1,0.0,0,5.0,weak_area,,228.33818166702375,nonlinear_bad_data_ratio_sweep_0p0_seed404,nonlinear_bad_data_ratio_sweep,scenario.bad_data.ratio,0.0,404
truncated_svd,0.0007263188214892016,0.00042189216301816336,0.0009332484541293535,1.5786815016059563,1.5786815016059563,228.33818166703765,113,113,0.8371396250004182,4,True,False,,ieee57,pypower,pypower.case57.case57,True,nonlinear_ac_state_estimation,298,113,nonlinear_ac_ieee57,0.002,0.1,0.0,0,5.0,weak_area,,228.33818166703765,nonlinear_bad_data_ratio_sweep_0p0_seed404,nonlinear_bad_data_ratio_sweep,scenario.bad_data.ratio,0.0,404
qsvt_regularized,0.0007263188214892063,0.0004218921630181993,0.0009332484541293446,1.578681501606036,1.578681501606036,228.33818166702375,113,113,0.8465272500034189,4,True,False,,ieee57,pypower,pypower.case57.case57,True,nonlinear_ac_state_estimation,298,113,nonlinear_ac_ieee57,0.002,0.1,0.0,0,5.0,weak_area,,228.33818166702375,nonlinear_bad_data_ratio_sweep_0p0_seed404,nonlinear_bad_data_ratio_sweep,scenario.bad_data.ratio,0.0,404
huber_irls,0.0007263188214891248,0.000421892163018171,0.0009332484541292316,1.5786815016059659,1.5786815016059659,228.33818166703637,113,113,0.8530244580033468,4,True,False,,ieee57,pypower,pypower.case57.case57,True,nonlinear_ac_state_estimation,298,113,nonlinear_ac_ieee57,0.002,0.1,0.0,0,5.0,weak_area,,228.33818166703637,nonlinear_bad_data_ratio_sweep_0p0_seed404,nonlinear_bad_data_ratio_sweep,scenario.bad_data.ratio,0.0,404
pseudoinverse,0.0007049697190024089,0.0005454224492950975,0.0008324536142532113,1.3502656119439924,1.3502656119439924,226.85336524745495,113,113,0.8736786669978756,4,True,False,,ieee57,pypower,pypower.case57.case57,True,nonlinear_ac_state_estimation,298,113,nonlinear_ac_ieee57,0.002,0.1,0.0,0,5.0,weak_area,,226.85336524745495,nonlinear_bad_data_ratio_sweep_0p0_seed505,nonlinear_bad_data_ratio_sweep,scenario.bad_data.ratio,0.0,505
ridge,0.0007049697190026782,0.0005454224492951078,0.0008324536142536568,1.3502656119439533,1.3502656119439533,226.8533652474326,113,113,0.8538521669979673,4,True,False,,ieee57,pypower,pypower.case57.case57,True,nonlinear_ac_state_estimation,298,113,nonlinear_ac_ieee57,0.002,0.1,0.0,0,5.0,weak_area,,226.8533652474326,nonlinear_bad_data_ratio_sweep_0p0_seed505,nonlinear_bad_data_ratio_sweep,scenario.bad_data.ratio,0.0,505
truncated_svd,0.0007049697190024815,0.0005454224492950643,0.0008324536142533546,1.3502656119439351,1.3502656119439351,226.85336524745412,113,113,0.855700167005125,4,True,False,,ieee57,pypower,pypower.case57.case57,True,nonlinear_ac_state_estimation,298,113,nonlinear_ac_ieee57,0.002,0.1,0.0,0,5.0,weak_area,,226.85336524745412,nonlinear_bad_data_ratio_sweep_0p0_seed505,nonlinear_bad_data_ratio_sweep,scenario.bad_data.ratio,0.0,505
qsvt_regularized,0.0007049697190026782,0.0005454224492951078,0.0008324536142536568,1.3502656119439533,1.3502656119439533,226.8533652474326,113,113,0.8574360830025398,4,True,False,,ieee57,pypower,pypower.case57.case57,True,nonlinear_ac_state_estimation,298,113,nonlinear_ac_ieee57,0.002,0.1,0.0,0,5.0,weak_area,,226.8533652474326,nonlinear_bad_data_ratio_sweep_0p0_seed505,nonlinear_bad_data_ratio_sweep,scenario.bad_data.ratio,0.0,505
huber_irls,0.0007049697190024373,0.0005454224492951861,0.000832453614253202,1.350265611943986,1.350265611943986,226.85336524745443,113,113,0.867474457998469,4,True,False,,ieee57,pypower,pypower.case57.case57,True,nonlinear_ac_state_estimation,298,113,nonlinear_ac_ieee57,0.002,0.1,0.0,0,5.0,weak_area,,226.85336524745443,nonlinear_bad_data_ratio_sweep_0p0_seed505,nonlinear_bad_data_ratio_sweep,scenario.bad_data.ratio,0.0,505
pseudoinverse,0.0008756258622058575,0.0007917553609808716,0.0009508476977104748,1.434545402953452,1.434545402953452,240.07305027278193,113,113,0.8520178329999908,4,True,False,,ieee57,pypower,pypower.case57.case57,True,nonlinear_ac_state_estimation,298,113,nonlinear_ac_ieee57,0.002,0.1,0.0,0,5.0,weak_area,,240.07305027278193,nonlinear_bad_data_ratio_sweep_0p0_seed606,nonlinear_bad_data_ratio_sweep,scenario.bad_data.ratio,0.0,606
ridge,0.0008756258622044073,0.0007917553609797846,0.0009508476977087165,1.4345454029534914,1.4345454029534914,240.0730502722654,113,113,0.8514831249995041,4,True,False,,ieee57,pypower,pypower.case57.case57,True,nonlinear_ac_state_estimation,298,113,nonlinear_ac_ieee57,0.002,0.1,0.0,0,5.0,weak_area,,240.0730502722654,nonlinear_bad_data_ratio_sweep_0p0_seed606,nonlinear_bad_data_ratio_sweep,scenario.bad_data.ratio,0.0,606
truncated_svd,0.0008756258622058474,0.0007917553609808527,0.000950847697710472,1.4345454029534308,1.4345454029534308,240.07305027278122,113,113,0.8493327499963925,4,True,False,,ieee57,pypower,pypower.case57.case57,True,nonlinear_ac_state_estimation,298,113,nonlinear_ac_ieee57,0.002,0.1,0.0,0,5.0,weak_area,,240.07305027278122,nonlinear_bad_data_ratio_sweep_0p0_seed606,nonlinear_bad_data_ratio_sweep,scenario.bad_data.ratio,0.0,606
qsvt_regularized,0.0008756258622044073,0.0007917553609797846,0.0009508476977087165,1.4345454029534914,1.4345454029534914,240.0730502722654,113,113,0.8542245830030879,4,True,False,,ieee57,pypower,pypower.case57.case57,True,nonlinear_ac_state_estimation,298,113,nonlinear_ac_ieee57,0.002,0.1,0.0,0,5.0,weak_area,,240.0730502722654,nonlinear_bad_data_ratio_sweep_0p0_seed606,nonlinear_bad_data_ratio_sweep,scenario.bad_data.ratio,0.0,606
huber_irls,0.0008756258622057899,0.0007917553609809613,0.0009508476977102779,1.4345454029534244,1.4345454029534244,240.07305027278133,113,113,0.8548907919976045,4,True,False,,ieee57,pypower,pypower.case57.case57,True,nonlinear_ac_state_estimation,298,113,nonlinear_ac_ieee57,0.002,0.1,0.0,0,5.0,weak_area,,240.07305027278133,nonlinear_bad_data_ratio_sweep_0p0_seed606,nonlinear_bad_data_ratio_sweep,scenario.bad_data.ratio,0.0,606
pseudoinverse,0.0006346437765731317,0.0005995122367558382,0.0006673603682332576,1.6814332144099842,1.6814332144099842,232.4994232011699,113,113,0.8381692909970297,4,True,False,,ieee57,pypower,pypower.case57.case57,True,nonlinear_ac_state_estimation,298,113,nonlinear_ac_ieee57,0.002,0.1,0.0,0,5.0,weak_area,,232.4994232011699,nonlinear_bad_data_ratio_sweep_0p0_seed707,nonlinear_bad_data_ratio_sweep,scenario.bad_data.ratio,0.0,707
ridge,0.0006346437765730591,0.0005995122367557531,0.0006673603682331958,1.6814332144099946,1.6814332144099946,232.49942320123134,113,113,0.8471956249995856,4,True,False,,ieee57,pypower,pypower.case57.case57,True,nonlinear_ac_state_estimation,298,113,nonlinear_ac_ieee57,0.002,0.1,0.0,0,5.0,weak_area,,232.49942320123134,nonlinear_bad_data_ratio_sweep_0p0_seed707,nonlinear_bad_data_ratio_sweep,scenario.bad_data.ratio,0.0,707
truncated_svd,0.0006346437765731437,0.0005995122367558866,0.0006673603682332376,1.6814332144099884,1.6814332144099884,232.49942320116944,113,113,0.8485315409998293,4,True,False,,ieee57,pypower,pypower.case57.case57,True,nonlinear_ac_state_estimation,298,113,nonlinear_ac_ieee57,0.002,0.1,0.0,0,5.0,weak_area,,232.49942320116944,nonlinear_bad_data_ratio_sweep_0p0_seed707,nonlinear_bad_data_ratio_sweep,scenario.bad_data.ratio,0.0,707
qsvt_regularized,0.0006346437765730591,0.0005995122367557531,0.0006673603682331958,1.6814332144099946,1.6814332144099946,232.49942320123134,113,113,0.8511304589992505,4,True,False,,ieee57,pypower,pypower.case57.case57,True,nonlinear_ac_state_estimation,298,113,nonlinear_ac_ieee57,0.002,0.1,0.0,0,5.0,weak_area,,232.49942320123134,nonlinear_bad_data_ratio_sweep_0p0_seed707,nonlinear_bad_data_ratio_sweep,scenario.bad_data.ratio,0.0,707
huber_irls,0.0006346437765731094,0.0005995122367558037,0.0006673603682332461,1.6814332144099704,1.6814332144099704,232.49942320116992,113,113,0.8881335420010146,4,True,False,,ieee57,pypower,pypower.case57.case57,True,nonlinear_ac_state_estimation,298,113,nonlinear_ac_ieee57,0.002,0.1,0.0,0,5.0,weak_area,,232.49942320116992,nonlinear_bad_data_ratio_sweep_0p0_seed707,nonlinear_bad_data_ratio_sweep,scenario.bad_data.ratio,0.0,707
pseudoinverse,0.000804797188445015,0.0008065223300033152,0.0008030987036988102,1.74956348670647,1.74956348670647,248.32859685887635,113,113,0.8737674589938251,4,True,False,,ieee57,pypower,pypower.case57.case57,True,nonlinear_ac_state_estimation,298,113,nonlinear_ac_ieee57,0.002,0.1,0.0,0,5.0,weak_area,,248.32859685887635,nonlinear_bad_data_ratio_sweep_0p0_seed808,nonlinear_bad_data_ratio_sweep,scenario.bad_data.ratio,0.0,808
ridge,0.00080479718844504,0.0008065223300033959,0.0008030987036987802,1.7495634867064493,1.7495634867064493,248.3285968589777,113,113,0.8568382500016014,4,True,False,,ieee57,pypower,pypower.case57.case57,True,nonlinear_ac_state_estimation,298,113,nonlinear_ac_ieee57,0.002,0.1,0.0,0,5.0,weak_area,,248.3285968589777,nonlinear_bad_data_ratio_sweep_0p0_seed808,nonlinear_bad_data_ratio_sweep,scenario.bad_data.ratio,0.0,808
truncated_svd,0.0008047971884450239,0.0008065223300033593,0.0008030987036987843,1.7495634867064278,1.7495634867064278,248.32859685887675,113,113,0.8960384160018293,4,True,False,,ieee57,pypower,pypower.case57.case57,True,nonlinear_ac_state_estimation,298,113,nonlinear_ac_ieee57,0.002,0.1,0.0,0,5.0,weak_area,,248.32859685887675,nonlinear_bad_data_ratio_sweep_0p0_seed808,nonlinear_bad_data_ratio_sweep,scenario.bad_data.ratio,0.0,808
qsvt_regularized,0.00080479718844504,0.0008065223300033959,0.0008030987036987802,1.7495634867064493,1.7495634867064493,248.3285968589777,113,113,0.9366022079993854,4,True,False,,ieee57,pypower,pypower.case57.case57,True,nonlinear_ac_state_estimation,298,113,nonlinear_ac_ieee57,0.002,0.1,0.0,0,5.0,weak_area,,248.3285968589777,nonlinear_bad_data_ratio_sweep_0p0_seed808,nonlinear_bad_data_ratio_sweep,scenario.bad_data.ratio,0.0,808
huber_irls,0.0008047971884450436,0.0008065223300033769,0.0008030987036988065,1.7495634867064096,1.7495634867064096,248.32859685887698,113,113,0.860690749999776,4,True,False,,ieee57,pypower,pypower.case57.case57,True,nonlinear_ac_state_estimation,298,113,nonlinear_ac_ieee57,0.002,0.1,0.0,0,5.0,weak_area,,248.32859685887698,nonlinear_bad_data_ratio_sweep_0p0_seed808,nonlinear_bad_data_ratio_sweep,scenario.bad_data.ratio,0.0,808
pseudoinverse,0.0007118637868074625,0.0008519833503287974,0.0005398784873366724,1.6113975676290286,1.6113975676290286,261.9398496411605,113,113,0.8799347919994034,4,True,False,,ieee57,pypower,pypower.case57.case57,True,nonlinear_ac_state_estimation,298,113,nonlinear_ac_ieee57,0.002,0.1,0.0,0,5.0,weak_area,,261.9398496411605,nonlinear_bad_data_ratio_sweep_0p0_seed909,nonlinear_bad_data_ratio_sweep,scenario.bad_data.ratio,0.0,909
ridge,0.0007118637868077577,0.0008519833503290784,0.0005398784873370082,1.6113975676290664,1.6113975676290664,261.9398496411493,113,113,0.8622066250027274,4,True,False,,ieee57,pypower,pypower.case57.case57,True,nonlinear_ac_state_estimation,298,113,nonlinear_ac_ieee57,0.002,0.1,0.0,0,5.0,weak_area,,261.9398496411493,nonlinear_bad_data_ratio_sweep_0p0_seed909,nonlinear_bad_data_ratio_sweep,scenario.bad_data.ratio,0.0,909
truncated_svd,0.0007118637868074512,0.0008519833503287592,0.0005398784873367023,1.6113975676289938,1.6113975676289938,261.93984964116083,113,113,0.8430615829929593,4,True,False,,ieee57,pypower,pypower.case57.case57,True,nonlinear_ac_state_estimation,298,113,nonlinear_ac_ieee57,0.002,0.1,0.0,0,5.0,weak_area,,261.93984964116083,nonlinear_bad_data_ratio_sweep_0p0_seed909,nonlinear_bad_data_ratio_sweep,scenario.bad_data.ratio,0.0,909
qsvt_regularized,0.0007118637868077577,0.0008519833503290784,0.0005398784873370082,1.6113975676290664,1.6113975676290664,261.9398496411493,113,113,0.854570124996826,4,True,False,,ieee57,pypower,pypower.case57.case57,True,nonlinear_ac_state_estimation,298,113,nonlinear_ac_ieee57,0.002,0.1,0.0,0,5.0,weak_area,,261.9398496411493,nonlinear_bad_data_ratio_sweep_0p0_seed909,nonlinear_bad_data_ratio_sweep,scenario.bad_data.ratio,0.0,909
huber_irls,0.0007118637868074305,0.0008519833503287258,0.0005398784873366999,1.6113975676290344,1.6113975676290344,261.9398496411604,113,113,0.8538373749979655,4,True,False,,ieee57,pypower,pypower.case57.case57,True,nonlinear_ac_state_estimation,298,113,nonlinear_ac_ieee57,0.002,0.1,0.0,0,5.0,weak_area,,261.9398496411604,nonlinear_bad_data_ratio_sweep_0p0_seed909,nonlinear_bad_data_ratio_sweep,scenario.bad_data.ratio,0.0,909
pseudoinverse,0.0004650173485361155,0.00048549478031739165,0.00044398036181490927,1.6637059184899086,1.6637059184899086,397.7013725525809,113,113,0.8613987080025254,4,True,False,,ieee57,pypower,pypower.case57.case57,True,nonlinear_ac_state_estimation,298,113,nonlinear_ac_ieee57,0.002,0.1,0.0,0,5.0,weak_area,,397.7013725525809,nonlinear_bad_data_ratio_sweep_0p0_seed1001,nonlinear_bad_data_ratio_sweep,scenario.bad_data.ratio,0.0,1001
ridge,0.00046501734853608646,0.0004854947803173646,0.000443980361814878,1.6637059184899063,1.6637059184899063,397.7013725525447,113,113,0.8626176659963676,4,True,False,,ieee57,pypower,pypower.case57.case57,True,nonlinear_ac_state_estimation,298,113,nonlinear_ac_ieee57,0.002,0.1,0.0,0,5.0,weak_area,,397.7013725525447,nonlinear_bad_data_ratio_sweep_0p0_seed1001,nonlinear_bad_data_ratio_sweep,scenario.bad_data.ratio,0.0,1001
truncated_svd,0.0004650173485360961,0.0004854947803173635,0.00044398036181489913,1.6637059184898761,1.6637059184898761,397.7013725525799,113,113,0.8563391659990884,4,True,False,,ieee57,pypower,pypower.case57.case57,True,nonlinear_ac_state_estimation,298,113,nonlinear_ac_ieee57,0.002,0.1,0.0,0,5.0,weak_area,,397.7013725525799,nonlinear_bad_data_ratio_sweep_0p0_seed1001,nonlinear_bad_data_ratio_sweep,scenario.bad_data.ratio,0.0,1001
qsvt_regularized,0.00046501734853608646,0.0004854947803173646,0.000443980361814878,1.6637059184899063,1.6637059184899063,397.7013725525447,113,113,0.8494113339984324,4,True,False,,ieee57,pypower,pypower.case57.case57,True,nonlinear_ac_state_estimation,298,113,nonlinear_ac_ieee57,0.002,0.1,0.0,0,5.0,weak_area,,397.7013725525447,nonlinear_bad_data_ratio_sweep_0p0_seed1001,nonlinear_bad_data_ratio_sweep,scenario.bad_data.ratio,0.0,1001
huber_irls,0.00046501734853616523,0.0004854947803174856,0.00044398036181491154,1.66370591848984,1.66370591848984,397.7013725525808,113,113,0.8504100830032257,4,True,False,,ieee57,pypower,pypower.case57.case57,True,nonlinear_ac_state_estimation,298,113,nonlinear_ac_ieee57,0.002,0.1,0.0,0,5.0,weak_area,,397.7013725525808,nonlinear_bad_data_ratio_sweep_0p0_seed1001,nonlinear_bad_data_ratio_sweep,scenario.bad_data.ratio,0.0,1001
pseudoinverse,0.0021735947680746504,0.003018458762817353,0.0006441216163246699,5.236630745457022,5.236630745457022,227.9628938181202,113,113,0.866439375000482,4,True,False,,ieee57,pypower,pypower.case57.case57,True,nonlinear_ac_state_estimation,298,113,nonlinear_ac_ieee57,0.002,0.1,0.05,1,5.0,weak_area,,227.9628938181202,nonlinear_bad_data_ratio_sweep_0p05_seed101,nonlinear_bad_data_ratio_sweep,scenario.bad_data.ratio,0.05,101
ridge,0.0021735947680750606,0.0030184587628179177,0.0006441216163248145,5.236630745457026,5.236630745457026,227.96289381807657,113,113,0.8685094170068623,4,True,False,,ieee57,pypower,pypower.case57.case57,True,nonlinear_ac_state_estimation,298,113,nonlinear_ac_ieee57,0.002,0.1,0.05,1,5.0,weak_area,,227.96289381807657,nonlinear_bad_data_ratio_sweep_0p05_seed101,nonlinear_bad_data_ratio_sweep,scenario.bad_data.ratio,0.05,101
truncated_svd,0.0021735947680747323,0.0030184587628174645,0.000644121616324704,5.236630745457052,5.236630745457052,227.96289381811928,113,113,0.8316468330012867,4,True,False,,ieee57,pypower,pypower.case57.case57,True,nonlinear_ac_state_estimation,298,113,nonlinear_ac_ieee57,0.002,0.1,0.05,1,5.0,weak_area,,227.96289381811928,nonlinear_bad_data_ratio_sweep_0p05_seed101,nonlinear_bad_data_ratio_sweep,scenario.bad_data.ratio,0.05,101
qsvt_regularized,0.0021735947680750606,0.0030184587628179177,0.0006441216163248145,5.236630745457026,5.236630745457026,227.96289381807657,113,113,0.8685785829948145,4,True,False,,ieee57,pypower,pypower.case57.case57,True,nonlinear_ac_state_estimation,298,113,nonlinear_ac_ieee57,0.002,0.1,0.05,1,5.0,weak_area,,227.96289381807657,nonlinear_bad_data_ratio_sweep_0p05_seed101,nonlinear_bad_data_ratio_sweep,scenario.bad_data.ratio,0.05,101
huber_irls,0.0008827292269050491,0.0010357928993166338,0.0007005046082505307,5.254678882820863,5.254678882820863,228.6454288041138,113,113,0.8828079170052661,4,True,False,,ieee57,pypower,pypower.case57.case57,True,nonlinear_ac_state_estimation,298,113,nonlinear_ac_ieee57,0.002,0.1,0.05,1,5.0,weak_area,,228.6454288041138,nonlinear_bad_data_ratio_sweep_0p05_seed101,nonlinear_bad_data_ratio_sweep,scenario.bad_data.ratio,0.05,101
pseudoinverse,0.003737806823568569,0.003594872994953003,0.003873099578116848,7.0707680737038485,7.0707680737038485,235.47728662527183,113,113,1.2758877919986844,6,True,False,,ieee57,pypower,pypower.case57.case57,True,nonlinear_ac_state_estimation,298,113,nonlinear_ac_ieee57,0.002,0.1,0.05,2,5.0,weak_area,,235.47728662527183,nonlinear_bad_data_ratio_sweep_0p05_seed202,nonlinear_bad_data_ratio_sweep,scenario.bad_data.ratio,0.05,202
ridge,0.00373780682356865,0.0035948729949534025,0.003873099578116638,7.070768073703853,7.070768073703853,235.47728662527155,113,113,1.230323124997085,6,True,False,,ieee57,pypower,pypower.case57.case57,True,nonlinear_ac_state_estimation,298,113,nonlinear_ac_ieee57,0.002,0.1,0.05,2,5.0,weak_area,,235.47728662527155,nonlinear_bad_data_ratio_sweep_0p05_seed202,nonlinear_bad_data_ratio_sweep,scenario.bad_data.ratio,0.05,202
truncated_svd,0.003737806823568562,0.003594872994953007,0.0038730995781168323,7.0707680737038565,7.0707680737038565,235.47728662527274,113,113,1.257773167002597,6,True,False,,ieee57,pypower,pypower.case57.case57,True,nonlinear_ac_state_estimation,298,113,nonlinear_ac_ieee57,0.002,0.1,0.05,2,5.0,weak_area,,235.47728662527274,nonlinear_bad_data_ratio_sweep_0p05_seed202,nonlinear_bad_data_ratio_sweep,scenario.bad_data.ratio,0.05,202
qsvt_regularized,0.00373780682356865,0.0035948729949534025,0.003873099578116638,7.070768073703853,7.070768073703853,235.47728662527155,113,113,1.24042449999979,6,True,False,,ieee57,pypower,pypower.case57.case57,True,nonlinear_ac_state_estimation,298,113,nonlinear_ac_ieee57,0.002,0.1,0.05,2,5.0,weak_area,,235.47728662527155,nonlinear_bad_data_ratio_sweep_0p05_seed202,nonlinear_bad_data_ratio_sweep,scenario.bad_data.ratio,0.05,202
huber_irls,0.0014259768717988278,0.001283295693262871,0.001553444704016198,7.157942768008047,7.157942768008047,235.06949140878882,113,113,0.8789460840052925,4,True,False,,ieee57,pypower,pypower.case57.case57,True,nonlinear_ac_state_estimation,298,113,nonlinear_ac_ieee57,0.002,0.1,0.05,2,5.0,weak_area,,235.06949140878882,nonlinear_bad_data_ratio_sweep_0p05_seed202,nonlinear_bad_data_ratio_sweep,scenario.bad_data.ratio,0.05,202
pseudoinverse,0.0023256708386066582,0.0032845717739997437,0.0003513660219696856,5.2823921797910485,5.2823921797910485,230.378427526558,113,113,0.9171259170034318,4,True,False,,ieee57,pypower,pypower.case57.case57,True,nonlinear_ac_state_estimation,298,113,nonlinear_ac_ieee57,0.002,0.1,0.05,1,5.0,weak_area,,230.378427526558,nonlinear_bad_data_ratio_sweep_0p05_seed303,nonlinear_bad_data_ratio_sweep,scenario.bad_data.ratio,0.05,303
ridge,0.0023256708386070204,0.0032845717740002545,0.0003513660219697446,5.282392179791037,5.282392179791037,230.37842752649803,113,113,0.8526436249958351,4,True,False,,ieee57,pypower,pypower.case57.case57,True,nonlinear_ac_state_estimation,298,113,nonlinear_ac_ieee57,0.002,0.1,0.05,1,5.0,weak_area,,230.37842752649803,nonlinear_bad_data_ratio_sweep_0p05_seed303,nonlinear_bad_data_ratio_sweep,scenario.bad_data.ratio,0.05,303
truncated_svd,0.0023256708386065147,0.0032845717739995437,0.00035136602196963963,5.28239217979105,5.28239217979105,230.37842752655692,113,113,0.879730708002171,4,True,False,,ieee57,pypower,pypower.case57.case57,True,nonlinear_ac_state_estimation,298,113,nonlinear_ac_ieee57,0.002,0.1,0.05,1,5.0,weak_area,,230.37842752655692,nonlinear_bad_data_ratio_sweep_0p05_seed303,nonlinear_bad_data_ratio_sweep,scenario.bad_data.ratio,0.05,303
qsvt_regularized,0.0023256708386070204,0.0032845717740002545,0.0003513660219697446,5.282392179791037,5.282392179791037,230.37842752649803,113,113,0.8690252090018475,4,True,False,,ieee57,pypower,pypower.case57.case57,True,nonlinear_ac_state_estimation,298,113,nonlinear_ac_ieee57,0.002,0.1,0.05,1,5.0,weak_area,,230.37842752649803,nonlinear_bad_data_ratio_sweep_0p05_seed303,nonlinear_bad_data_ratio_sweep,scenario.bad_data.ratio,0.05,303
huber_irls,0.0009394303629948149,0.0012866604719349447,0.0003508909327057292,5.300599090460077,5.300599090460077,229.60726780385028,113,113,0.878389416000573,4,True,False,,ieee57,pypower,pypower.case57.case57,True,nonlinear_ac_state_estimation,298,113,nonlinear_ac_ieee57,0.002,0.1,0.05,1,5.0,weak_area,,229.60726780385028,nonlinear_bad_data_ratio_sweep_0p05_seed303,nonlinear_bad_data_ratio_sweep,scenario.bad_data.ratio,0.05,303
pseudoinverse,0.0013198709813646574,0.0006907229037306447,0.0017276655874448581,5.17691565049169,5.17691565049169,227.19494991781647,113,113,1.056200875005743,5,True,False,,ieee57,pypower,pypower.case57.case57,True,nonlinear_ac_state_estimation,298,113,nonlinear_ac_ieee57,0.002,0.1,0.05,1,5.0,weak_area,,227.19494991781647,nonlinear_bad_data_ratio_sweep_0p05_seed404,nonlinear_bad_data_ratio_sweep,scenario.bad_data.ratio,0.05,404
ridge,0.0013198709813646604,0.0006907229037306203,0.0017276655874448729,5.176915650491714,5.176915650491714,227.19494991782474,113,113,1.0606968749998487,5,True,False,,ieee57,pypower,pypower.case57.case57,True,nonlinear_ac_state_estimation,298,113,nonlinear_ac_ieee57,0.002,0.1,0.05,1,5.0,weak_area,,227.19494991782474,nonlinear_bad_data_ratio_sweep_0p05_seed404,nonlinear_bad_data_ratio_sweep,scenario.bad_data.ratio,0.05,404
truncated_svd,0.0013198709813645655,0.0006907229037305726,0.0017276655874447476,5.176915650491682,5.176915650491682,227.1949499178165,113,113,1.0708105419980711,5,True,False,,ieee57,pypower,pypower.case57.case57,True,nonlinear_ac_state_estimation,298,113,nonlinear_ac_ieee57,0.002,0.1,0.05,1,5.0,weak_area,,227.1949499178165,nonlinear_bad_data_ratio_sweep_0p05_seed404,nonlinear_bad_data_ratio_sweep,scenario.bad_data.ratio,0.05,404
qsvt_regularized,0.0013198709813646604,0.0006907229037306203,0.0017276655874448729,5.176915650491714,5.176915650491714,227.19494991782474,113,113,1.0522117919972516,5,True,False,,ieee57,pypower,pypower.case57.case57,True,nonlinear_ac_state_estimation,298,113,nonlinear_ac_ieee57,0.002,0.1,0.05,1,5.0,weak_area,,227.19494991782474,nonlinear_bad_data_ratio_sweep_0p05_seed404,nonlinear_bad_data_ratio_sweep,scenario.bad_data.ratio,0.05,404
huber_irls,0.0008758762572683427,0.0004571432549144399,0.0011469724765390441,5.19682165660001,5.19682165660001,227.98470656592565,113,113,0.9180444160010666,4,True,False,,ieee57,pypower,pypower.case57.case57,True,nonlinear_ac_state_estimation,298,113,nonlinear_ac_ieee57,0.002,0.1,0.05,1,5.0,weak_area,,227.98470656592565,nonlinear_bad_data_ratio_sweep_0p05_seed404,nonlinear_bad_data_ratio_sweep,scenario.bad_data.ratio,0.05,404
pseudoinverse,0.0010721213818218039,0.0014189753936958331,0.0005482299376482225,7.095062987881146,7.095062987881146,227.71545558822828,113,113,0.8713452499941923,4,True,False,,ieee57,pypower,pypower.case57.case57,True,nonlinear_ac_state_estimation,298,113,nonlinear_ac_ieee57,0.002,0.1,0.05,2,5.0,weak_area,,227.71545558822828,nonlinear_bad_data_ratio_sweep_0p05_seed505,nonlinear_bad_data_ratio_sweep,scenario.bad_data.ratio,0.05,505
ridge,0.0010721213818218522,0.0014189753936959177,0.0005482299376481956,7.0950629878811355,7.0950629878811355,227.71545558813233,113,113,0.8523527910001576,4,True,False,,ieee57,pypower,pypower.case57.case57,True,nonlinear_ac_state_estimation,298,113,nonlinear_ac_ieee57,0.002,0.1,0.05,2,5.0,weak_area,,227.71545558813233,nonlinear_bad_data_ratio_sweep_0p05_seed505,nonlinear_bad_data_ratio_sweep,scenario.bad_data.ratio,0.05,505
truncated_svd,0.0010721213818217952,0.0014189753936958186,0.000548229937648226,7.095062987881148,7.095062987881148,227.71545558822802,113,113,0.8619966250043944,4,True,False,,ieee57,pypower,pypower.case57.case57,True,nonlinear_ac_state_estimation,298,113,nonlinear_ac_ieee57,0.002,0.1,0.05,2,5.0,weak_area,,227.71545558822802,nonlinear_bad_data_ratio_sweep_0p05_seed505,nonlinear_bad_data_ratio_sweep,scenario.bad_data.ratio,0.05,505
qsvt_regularized,0.0010721213818218522,0.0014189753936959177,0.0005482299376481956,7.0950629878811355,7.0950629878811355,227.71545558813233,113,113,0.8801224160051788,4,True,False,,ieee57,pypower,pypower.case57.case57,True,nonlinear_ac_state_estimation,298,113,nonlinear_ac_ieee57,0.002,0.1,0.05,2,5.0,weak_area,,227.71545558813233,nonlinear_bad_data_ratio_sweep_0p05_seed505,nonlinear_bad_data_ratio_sweep,scenario.bad_data.ratio,0.05,505
huber_irls,0.0006971976417373512,0.0007025859558073788,0.0006918629937275635,7.142155995569934,7.142155995569934,227.1116159577519,113,113,0.8793369160048314,4,True,False,,ieee57,pypower,pypower.case57.case57,True,nonlinear_ac_state_estimation,298,113,nonlinear_ac_ieee57,0.002,0.1,0.05,2,5.0,weak_area,,227.1116159577519,nonlinear_bad_data_ratio_sweep_0p05_seed505,nonlinear_bad_data_ratio_sweep,scenario.bad_data.ratio,0.05,505
pseudoinverse,0.002458555622572298,0.001058880683384086,0.003298695209291594,5.130152709818091,5.130152709818091,236.58727292719794,113,113,1.0850482919995557,5,True,False,,ieee57,pypower,pypower.case57.case57,True,nonlinear_ac_state_estimation,298,113,nonlinear_ac_ieee57,0.002,0.1,0.05,1,5.0,weak_area,,236.58727292719794,nonlinear_bad_data_ratio_sweep_0p05_seed606,nonlinear_bad_data_ratio_sweep,scenario.bad_data.ratio,0.05,606
ridge,0.00245855562257259,0.00105888068338447,0.003298695209291905,5.130152709818119,5.130152709818119,236.587272927236,113,113,1.1967781669955002,5,True,False,,ieee57,pypower,pypower.case57.case57,True,nonlinear_ac_state_estimation,298,113,nonlinear_ac_ieee57,0.002,0.1,0.05,1,5.0,weak_area,,236.587272927236,nonlinear_bad_data_ratio_sweep_0p05_seed606,nonlinear_bad_data_ratio_sweep,scenario.bad_data.ratio,0.05,606
truncated_svd,0.0024585556225721534,0.0010588806833840283,0.003298695209291399,5.130152709818099,5.130152709818099,236.5872729271978,113,113,1.1922305830012192,5,True,False,,ieee57,pypower,pypower.case57.case57,True,nonlinear_ac_state_estimation,298,113,nonlinear_ac_ieee57,0.002,0.1,0.05,1,5.0,weak_area,,236.5872729271978,nonlinear_bad_data_ratio_sweep_0p05_seed606,nonlinear_bad_data_ratio_sweep,scenario.bad_data.ratio,0.05,606
qsvt_regularized,0.00245855562257259,0.00105888068338447,0.003298695209291905,5.130152709818119,5.130152709818119,236.587272927236,113,113,1.1724785839978722,5,True,False,,ieee57,pypower,pypower.case57.case57,True,nonlinear_ac_state_estimation,298,113,nonlinear_ac_ieee57,0.002,0.1,0.05,1,5.0,weak_area,,236.587272927236,nonlinear_bad_data_ratio_sweep_0p05_seed606,nonlinear_bad_data_ratio_sweep,scenario.bad_data.ratio,0.05,606
huber_irls,0.001318119062746354,0.0008656722003097269,0.0016456467321136078,5.145972751138146,5.145972751138146,238.95385302805477,113,113,1.173786042003485,5,True,False,,ieee57,pypower,pypower.case57.case57,True,nonlinear_ac_state_estimation,298,113,nonlinear_ac_ieee57,0.002,0.1,0.05,1,5.0,weak_area,,238.95385302805477,nonlinear_bad_data_ratio_sweep_0p05_seed606,nonlinear_bad_data_ratio_sweep,scenario.bad_data.ratio,0.05,606
pseudoinverse,0.0007796982935714018,0.0008504015385642645,0.0007033477587663432,7.269722589416381,7.269722589416381,232.24909779749984,113,113,1.1359207500063349,5,True,False,,ieee57,pypower,pypower.case57.case57,True,nonlinear_ac_state_estimation,298,113,nonlinear_ac_ieee57,0.002,0.1,0.05,2,5.0,weak_area,,232.24909779749984,nonlinear_bad_data_ratio_sweep_0p05_seed707,nonlinear_bad_data_ratio_sweep,scenario.bad_data.ratio,0.05,707
ridge,0.0007796982935714234,0.0008504015385642785,0.0007033477587663741,7.269722589416386,7.269722589416386,232.24909779750232,113,113,1.0924188749995665,5,True,False,,ieee57,pypower,pypower.case57.case57,True,nonlinear_ac_state_estimation,298,113,nonlinear_ac_ieee57,0.002,0.1,0.05,2,5.0,weak_area,,232.24909779750232,nonlinear_bad_data_ratio_sweep_0p05_seed707,nonlinear_bad_data_ratio_sweep,scenario.bad_data.ratio,0.05,707
truncated_svd,0.0007796982935715068,0.0008504015385644034,0.0007033477587664092,7.269722589416392,7.269722589416392,232.24909779749962,113,113,1.1028403340023942,5,True,False,,ieee57,pypower,pypower.case57.case57,True,nonlinear_ac_state_estimation,298,113,nonlinear_ac_ieee57,0.002,0.1,0.05,2,5.0,weak_area,,232.24909779749962,nonlinear_bad_data_ratio_sweep_0p05_seed707,nonlinear_bad_data_ratio_sweep,scenario.bad_data.ratio,0.05,707
qsvt_regularized,0.0007796982935714234,0.0008504015385642785,0.0007033477587663741,7.269722589416386,7.269722589416386,232.24909779750232,113,113,1.1665690000008908,5,True,False,,ieee57,pypower,pypower.case57.case57,True,nonlinear_ac_state_estimation,298,113,nonlinear_ac_ieee57,0.002,0.1,0.05,2,5.0,weak_area,,232.24909779750232,nonlinear_bad_data_ratio_sweep_0p05_seed707,nonlinear_bad_data_ratio_sweep,scenario.bad_data.ratio,0.05,707
huber_irls,0.0006493436678813899,0.0006237685001910855,0.0006735250753544521,7.274167042849701,7.274167042849701,232.42424773160823,113,113,1.0110268750067917,4,True,False,,ieee57,pypower,pypower.case57.case57,True,nonlinear_ac_state_estimation,298,113,nonlinear_ac_ieee57,0.002,0.1,0.05,2,5.0,weak_area,,232.42424773160823,nonlinear_bad_data_ratio_sweep_0p05_seed707,nonlinear_bad_data_ratio_sweep,scenario.bad_data.ratio,0.05,707
pseudoinverse,0.00906842874610949,0.0067866795590158045,0.010852607498847403,6.438688208298268,6.438688208298268,248.3174048318532,113,113,1.139538082999934,5,True,False,,ieee57,pypower,pypower.case57.case57,True,nonlinear_ac_state_estimation,298,113,nonlinear_ac_ieee57,0.002,0.1,0.05,2,5.0,weak_area,,248.3174048318532,nonlinear_bad_data_ratio_sweep_0p05_seed808,nonlinear_bad_data_ratio_sweep,scenario.bad_data.ratio,0.05,808
ridge,0.009068428746110073,0.006786679559016124,0.010852607498848168,6.438688208298258,6.438688208298258,248.31740483185268,113,113,1.0696309579943772,5,True,False,,ieee57,pypower,pypower.case57.case57,True,nonlinear_ac_state_estimation,298,113,nonlinear_ac_ieee57,0.002,0.1,0.05,2,5.0,weak_area,,248.31740483185268,nonlinear_bad_data_ratio_sweep_0p05_seed808,nonlinear_bad_data_ratio_sweep,scenario.bad_data.ratio,0.05,808
truncated_svd,0.00906842874610948,0.0067866795590157975,0.010852607498847389,6.438688208298272,6.438688208298272,248.31740483185249,113,113,1.0786417499984964,5,True,False,,ieee57,pypower,pypower.case57.case57,True,nonlinear_ac_state_estimation,298,113,nonlinear_ac_ieee57,0.002,0.1,0.05,2,5.0,weak_area,,248.31740483185249,nonlinear_bad_data_ratio_sweep_0p05_seed808,nonlinear_bad_data_ratio_sweep,scenario.bad_data.ratio,0.05,808
qsvt_regularized,0.009068428746110073,0.006786679559016124,0.010852607498848168,6.438688208298258,6.438688208298258,248.31740483185268,113,113,1.0765472080020118,5,True,False,,ieee57,pypower,pypower.case57.case57,True,nonlinear_ac_state_estimation,298,113,nonlinear_ac_ieee57,0.002,0.1,0.05,2,5.0,weak_area,,248.31740483185268,nonlinear_bad_data_ratio_sweep_0p05_seed808,nonlinear_bad_data_ratio_sweep,scenario.bad_data.ratio,0.05,808
huber_irls,0.004158582044370069,0.003653763208684242,0.00460091663114588,6.711600456432948,6.711600456432948,248.32372570142599,113,113,0.9248593749944121,4,True,False,,ieee57,pypower,pypower.case57.case57,True,nonlinear_ac_state_estimation,298,113,nonlinear_ac_ieee57,0.002,0.1,0.05,2,5.0,weak_area,,248.32372570142599,nonlinear_bad_data_ratio_sweep_0p05_seed808,nonlinear_bad_data_ratio_sweep,scenario.bad_data.ratio,0.05,808
pseudoinverse,0.007455152544128825,0.007039043295811899,0.007842490574480446,4.594057045010852,4.594057045010852,261.9681676236773,113,113,1.3257423340037349,6,True,False,,ieee57,pypower,pypower.case57.case57,True,nonlinear_ac_state_estimation,298,113,nonlinear_ac_ieee57,0.002,0.1,0.05,1,5.0,weak_area,,261.9681676236773,nonlinear_bad_data_ratio_sweep_0p05_seed909,nonlinear_bad_data_ratio_sweep,scenario.bad_data.ratio,0.05,909
ridge,0.007455152544128703,0.007039043295811665,0.007842490574480426,4.594057045010863,4.594057045010863,261.96816762367695,113,113,1.26996795800369,6,True,False,,ieee57,pypower,pypower.case57.case57,True,nonlinear_ac_state_estimation,298,113,nonlinear_ac_ieee57,0.002,0.1,0.05,1,5.0,weak_area,,261.96816762367695,nonlinear_bad_data_ratio_sweep_0p05_seed909,nonlinear_bad_data_ratio_sweep,scenario.bad_data.ratio,0.05,909
truncated_svd,0.007455152544128803,0.007039043295811909,0.007842490574480398,4.594057045010851,4.594057045010851,261.96816762367723,113,113,1.3338057500004652,6,True,False,,ieee57,pypower,pypower.case57.case57,True,nonlinear_ac_state_estimation,298,113,nonlinear_ac_ieee57,0.002,0.1,0.05,1,5.0,weak_area,,261.96816762367723,nonlinear_bad_data_ratio_sweep_0p05_seed909,nonlinear_bad_data_ratio_sweep,scenario.bad_data.ratio,0.05,909
qsvt_regularized,0.007455152544128703,0.007039043295811665,0.007842490574480426,4.594057045010863,4.594057045010863,261.96816762367695,113,113,1.46414670899685,6,True,False,,ieee57,pypower,pypower.case57.case57,True,nonlinear_ac_state_estimation,298,113,nonlinear_ac_ieee57,0.002,0.1,0.05,1,5.0,weak_area,,261.96816762367695,nonlinear_bad_data_ratio_sweep_0p05_seed909,nonlinear_bad_data_ratio_sweep,scenario.bad_data.ratio,0.05,909
huber_irls,0.003159114384953833,0.0030045175110942016,0.0033039619789232027,4.828736095598115,4.828736095598115,261.9510544334772,113,113,1.3679754170007072,5,True,False,,ieee57,pypower,pypower.case57.case57,True,nonlinear_ac_state_estimation,298,113,nonlinear_ac_ieee57,0.002,0.1,0.05,1,5.0,weak_area,,261.9510544334772,nonlinear_bad_data_ratio_sweep_0p05_seed909,nonlinear_bad_data_ratio_sweep,scenario.bad_data.ratio,0.05,909
pseudoinverse,0.012909746144022665,0.001546316169333737,0.018112152261939032,5.787031090145386,5.787031090145386,421.54169915369465,113,113,1.6700487499983865,7,True,False,,ieee57,pypower,pypower.case57.case57,True,nonlinear_ac_state_estimation,298,113,nonlinear_ac_ieee57,0.002,0.1,0.05,2,5.0,weak_area,,421.54169915369465,nonlinear_bad_data_ratio_sweep_0p05_seed1001,nonlinear_bad_data_ratio_sweep,scenario.bad_data.ratio,0.05,1001
ridge,0.012909746144024872,0.0015463161693337465,0.01811215226194215,5.787031090145397,5.787031090145397,421.5416991536153,113,113,1.653132416002336,7,True,False,,ieee57,pypower,pypower.case57.case57,True,nonlinear_ac_state_estimation,298,113,nonlinear_ac_ieee57,0.002,0.1,0.05,2,5.0,weak_area,,421.5416991536153,nonlinear_bad_data_ratio_sweep_0p05_seed1001,nonlinear_bad_data_ratio_sweep,scenario.bad_data.ratio,0.05,1001
truncated_svd,0.01290974614402265,0.0015463161693337636,0.01811215226193901,5.7870310901453825,5.7870310901453825,421.54169915369465,113,113,1.5525465840037214,7,True,False,,ieee57,pypower,pypower.case57.case57,True,nonlinear_ac_state_estimation,298,113,nonlinear_ac_ieee57,0.002,0.1,0.05,2,5.0,weak_area,,421.54169915369465,nonlinear_bad_data_ratio_sweep_0p05_seed1001,nonlinear_bad_data_ratio_sweep,scenario.bad_data.ratio,0.05,1001
qsvt_regularized,0.012909746144024872,0.0015463161693337465,0.01811215226194215,5.787031090145397,5.787031090145397,421.5416991536153,113,113,1.4422022920043673,7,True,False,,ieee57,pypower,pypower.case57.case57,True,nonlinear_ac_state_estimation,298,113,nonlinear_ac_ieee57,0.002,0.1,0.05,2,5.0,weak_area,,421.5416991536153,nonlinear_bad_data_ratio_sweep_0p05_seed1001,nonlinear_bad_data_ratio_sweep,scenario.bad_data.ratio,0.05,1001
huber_irls,0.0128823078261063,0.0015036980223909605,0.018076913440308363,5.803976223245065,5.803976223245065,421.54675047522596,113,113,1.5535573340021074,7,True,False,,ieee57,pypower,pypower.case57.case57,True,nonlinear_ac_state_estimation,298,113,nonlinear_ac_ieee57,0.002,0.1,0.05,2,5.0,weak_area,,421.54675047522596,nonlinear_bad_data_ratio_sweep_0p05_seed1001,nonlinear_bad_data_ratio_sweep,scenario.bad_data.ratio,0.05,1001
pseudoinverse,0.008678532846388991,0.00998396396198791,0.007168105917408983,8.24172873233272,8.24172873233272,224.35665749087306,113,113,1.2730936250009108,6,True,False,,ieee57,pypower,pypower.case57.case57,True,nonlinear_ac_state_estimation,298,113,nonlinear_ac_ieee57,0.002,0.1,0.1,3,5.0,weak_area,,224.35665749087306,nonlinear_bad_data_ratio_sweep_0p1_seed101,nonlinear_bad_data_ratio_sweep,scenario.bad_data.ratio,0.1,101
ridge,0.00867853284638783,0.009983963961987691,0.007168105917406495,8.241728732332716,8.241728732332716,224.35665749091635,113,113,1.3018599579954753,6,True,False,,ieee57,pypower,pypower.case57.case57,True,nonlinear_ac_state_estimation,298,113,nonlinear_ac_ieee57,0.002,0.1,0.1,3,5.0,weak_area,,224.35665749091635,nonlinear_bad_data_ratio_sweep_0p1_seed101,nonlinear_bad_data_ratio_sweep,scenario.bad_data.ratio,0.1,101
truncated_svd,0.008678532846389015,0.009983963961987906,0.007168105917409045,8.241728732332708,8.241728732332708,224.35665749087244,113,113,1.2634344999969471,6,True,False,,ieee57,pypower,pypower.case57.case57,True,nonlinear_ac_state_estimation,298,113,nonlinear_ac_ieee57,0.002,0.1,0.1,3,5.0,weak_area,,224.35665749087244,nonlinear_bad_data_ratio_sweep_0p1_seed101,nonlinear_bad_data_ratio_sweep,scenario.bad_data.ratio,0.1,101
qsvt_regularized,0.00867853284638783,0.009983963961987691,0.007168105917406495,8.241728732332716,8.241728732332716,224.35665749091635,113,113,1.2831912920009927,6,True,False,,ieee57,pypower,pypower.case57.case57,True,nonlinear_ac_state_estimation,298,113,nonlinear_ac_ieee57,0.002,0.1,0.1,3,5.0,weak_area,,224.35665749091635,nonlinear_bad_data_ratio_sweep_0p1_seed101,nonlinear_bad_data_ratio_sweep,scenario.bad_data.ratio,0.1,101
huber_irls,0.003337525702284608,0.00401309483431319,0.002502068283250224,8.481994115799141,8.481994115799141,226.94947190336214,113,113,1.1311469160064007,5,True,False,,ieee57,pypower,pypower.case57.case57,True,nonlinear_ac_state_estimation,298,113,nonlinear_ac_ieee57,0.002,0.1,0.1,3,5.0,weak_area,,226.94947190336214,nonlinear_bad_data_ratio_sweep_0p1_seed101,nonlinear_bad_data_ratio_sweep,scenario.bad_data.ratio,0.1,101
pseudoinverse,0.008573853566277184,0.007506746148238241,0.009506294986559674,8.281431443273167,8.281431443273167,249.34164350739158,113,113,1.6787632499981555,8,True,False,,ieee57,pypower,pypower.case57.case57,True,nonlinear_ac_state_estimation,298,113,nonlinear_ac_ieee57,0.002,0.1,0.1,3,5.0,weak_area,,249.34164350739158,nonlinear_bad_data_ratio_sweep_0p1_seed202,nonlinear_bad_data_ratio_sweep,scenario.bad_data.ratio,0.1,202
ridge,0.00857385356628126,0.007506746148241167,0.009506294986564695,8.28143144327316,8.28143144327316,249.3416435073221,113,113,1.6490134170016972,8,True,False,,ieee57,pypower,pypower.case57.case57,True,nonlinear_ac_state_estimation,298,113,nonlinear_ac_ieee57,0.002,0.1,0.1,3,5.0,weak_area,,249.3416435073221,nonlinear_bad_data_ratio_sweep_0p1_seed202,nonlinear_bad_data_ratio_sweep,scenario.bad_data.ratio,0.1,202
truncated_svd,0.008573853566277188,0.007506746148238196,0.009506294986559716,8.28143144327317,8.28143144327317,249.34164350739093,113,113,1.6332529579958646,8,True,False,,ieee57,pypower,pypower.case57.case57,True,nonlinear_ac_state_estimation,298,113,nonlinear_ac_ieee57,0.002,0.1,0.1,3,5.0,weak_area,,249.34164350739093,nonlinear_bad_data_ratio_sweep_0p1_seed202,nonlinear_bad_data_ratio_sweep,scenario.bad_data.ratio,0.1,202
qsvt_regularized,0.00857385356628126,0.007506746148241167,0.009506294986564695,8.28143144327316,8.28143144327316,249.3416435073221,113,113,1.642520458000945,8,True,False,,ieee57,pypower,pypower.case57.case57,True,nonlinear_ac_state_estimation,298,113,nonlinear_ac_ieee57,0.002,0.1,0.1,3,5.0,weak_area,,249.3416435073221,nonlinear_bad_data_ratio_sweep_0p1_seed202,nonlinear_bad_data_ratio_sweep,scenario.bad_data.ratio,0.1,202
huber_irls,0.0036983186175619572,0.0031764730772490153,0.004147553495048109,8.469929600652547,8.469929600652547,240.7950831025896,113,113,1.3039087500001187,6,True,False,,ieee57,pypower,pypower.case57.case57,True,nonlinear_ac_state_estimation,298,113,nonlinear_ac_ieee57,0.002,0.1,0.1,3,5.0,weak_area,,240.7950831025896,nonlinear_bad_data_ratio_sweep_0p1_seed202,nonlinear_bad_data_ratio_sweep,scenario.bad_data.ratio,0.1,202
pseudoinverse,0.0056076498281389916,0.005404208083380777,0.005800578003206754,8.523868759137848,8.523868759137848,230.0777558771609,113,113,1.2927490829970338,6,True,False,,ieee57,pypower,pypower.case57.case57,True,nonlinear_ac_state_estimation,298,113,nonlinear_ac_ieee57,0.002,0.1,0.1,3,5.0,weak_area,,230.0777558771609,nonlinear_bad_data_ratio_sweep_0p1_seed303,nonlinear_bad_data_ratio_sweep,scenario.bad_data.ratio,0.1,303
ridge,0.005607649828140223,0.005404208083382462,0.005800578003207571,8.523868759137846,8.523868759137846,230.0777558771607,113,113,1.254545625000901,6,True,False,,ieee57,pypower,pypower.case57.case57,True,nonlinear_ac_state_estimation,298,113,nonlinear_ac_ieee57,0.002,0.1,0.1,3,5.0,weak_area,,230.0777558771607,nonlinear_bad_data_ratio_sweep_0p1_seed303,nonlinear_bad_data_ratio_sweep,scenario.bad_data.ratio,0.1,303
truncated_svd,0.005607649828139049,0.005404208083380872,0.005800578003206776,8.523868759137857,8.523868759137857,230.07775587716168,113,113,1.2232315420042141,6,True,False,,ieee57,pypower,pypower.case57.case57,True,nonlinear_ac_state_estimation,298,113,nonlinear_ac_ieee57,0.002,0.1,0.1,3,5.0,weak_area,,230.07775587716168,nonlinear_bad_data_ratio_sweep_0p1_seed303,nonlinear_bad_data_ratio_sweep,scenario.bad_data.ratio,0.1,303
qsvt_regularized,0.005607649828140223,0.005404208083382462,0.005800578003207571,8.523868759137846,8.523868759137846,230.0777558771607,113,113,1.237121666999883,6,True,False,,ieee57,pypower,pypower.case57.case57,True,nonlinear_ac_state_estimation,298,113,nonlinear_ac_ieee57,0.002,0.1,0.1,3,5.0,weak_area,,230.0777558771607,nonlinear_bad_data_ratio_sweep_0p1_seed303,nonlinear_bad_data_ratio_sweep,scenario.bad_data.ratio,0.1,303
huber_irls,0.0022155021524608277,0.002164768208606737,0.002264239261745231,8.648827770553456,8.648827770553456,229.49864127724933,113,113,1.1032905829997617,5,True,False,,ieee57,pypower,pypower.case57.case57,True,nonlinear_ac_state_estimation,298,113,nonlinear_ac_ieee57,0.002,0.1,0.1,3,5.0,weak_area,,229.49864127724933,nonlinear_bad_data_ratio_sweep_0p1_seed303,nonlinear_bad_data_ratio_sweep,scenario.bad_data.ratio,0.1,303
pseudoinverse,0.0076510614248270735,0.00901379145801984,0.006018925245855614,8.363494630882208,8.363494630882208,228.89399867087286,113,113,1.2420946669953992,6,True,False,,ieee57,pypower,pypower.case57.case57,True,nonlinear_ac_state_estimation,298,113,nonlinear_ac_ieee57,0.002,0.1,0.1,3,5.0,weak_area,,228.89399867087286,nonlinear_bad_data_ratio_sweep_0p1_seed404,nonlinear_bad_data_ratio_sweep,scenario.bad_data.ratio,0.1,404
ridge,0.007651061424825058,0.009013791458017445,0.0060189252458540555,8.363494630882201,8.363494630882201,228.89399867087346,113,113,1.221517167003185,6,True,False,,ieee57,pypower,pypower.case57.case57,True,nonlinear_ac_state_estimation,298,113,nonlinear_ac_ieee57,0.002,0.1,0.1,3,5.0,weak_area,,228.89399867087346,nonlinear_bad_data_ratio_sweep_0p1_seed404,nonlinear_bad_data_ratio_sweep,scenario.bad_data.ratio,0.1,404
truncated_svd,0.007651061424827098,0.009013791458019815,0.006018925245855711,8.363494630882213,8.363494630882213,228.89399867087292,113,113,1.2274894579968532,6,True,False,,ieee57,pypower,pypower.case57.case57,True,nonlinear_ac_state_estimation,298,113,nonlinear_ac_ieee57,0.002,0.1,0.1,3,5.0,weak_area,,228.89399867087292,nonlinear_bad_data_ratio_sweep_0p1_seed404,nonlinear_bad_data_ratio_sweep,scenario.bad_data.ratio,0.1,404
qsvt_regularized,0.007651061424825058,0.009013791458017445,0.0060189252458540555,8.363494630882201,8.363494630882201,228.89399867087346,113,113,1.236797416000627,6,True,False,,ieee57,pypower,pypower.case57.case57,True,nonlinear_ac_state_estimation,298,113,nonlinear_ac_ieee57,0.002,0.1,0.1,3,5.0,weak_area,,228.89399867087346,nonlinear_bad_data_ratio_sweep_0p1_seed404,nonlinear_bad_data_ratio_sweep,scenario.bad_data.ratio,0.1,404
huber_irls,0.00311418149785765,0.0035524600086349043,0.0026129563986649037,8.542012667592807,8.542012667592807,228.50190088956253,113,113,1.1306202499981737,5,True,False,,ieee57,pypower,pypower.case57.case57,True,nonlinear_ac_state_estimation,298,113,nonlinear_ac_ieee57,0.002,0.1,0.1,3,5.0,weak_area,,228.50190088956253,nonlinear_bad_data_ratio_sweep_0p1_seed404,nonlinear_bad_data_ratio_sweep,scenario.bad_data.ratio,0.1,404
pseudoinverse,0.012806464603527043,0.01717796091340403,0.005935345248535352,7.470698066757937,7.470698066757937,221.05441824946917,113,113,1.2510643749992596,6,True,False,,ieee57,pypower,pypower.case57.case57,True,nonlinear_ac_state_estimation,298,113,nonlinear_ac_ieee57,0.002,0.1,0.1,3,5.0,weak_area,,221.05441824946917,nonlinear_bad_data_ratio_sweep_0p1_seed505,nonlinear_bad_data_ratio_sweep,scenario.bad_data.ratio,0.1,505
ridge,0.012806464603526599,0.017177960913403706,0.005935345248534372,7.470698066757938,7.470698066757938,221.05441824949315,113,113,1.2330682500032708,6,True,False,,ieee57,pypower,pypower.case57.case57,True,nonlinear_ac_state_estimation,298,113,nonlinear_ac_ieee57,0.002,0.1,0.1,3,5.0,weak_area,,221.05441824949315,nonlinear_bad_data_ratio_sweep_0p1_seed505,nonlinear_bad_data_ratio_sweep,scenario.bad_data.ratio,0.1,505
truncated_svd,0.012806464603527011,0.01717796091340401,0.005935345248535275,7.4706980667579455,7.4706980667579455,221.05441824946902,113,113,1.3219317910043173,6,True,False,,ieee57,pypower,pypower.case57.case57,True,nonlinear_ac_state_estimation,298,113,nonlinear_ac_ieee57,0.002,0.1,0.1,3,5.0,weak_area,,221.05441824946902,nonlinear_bad_data_ratio_sweep_0p1_seed505,nonlinear_bad_data_ratio_sweep,scenario.bad_data.ratio,0.1,505
qsvt_regularized,0.012806464603526599,0.017177960913403706,0.005935345248534372,7.470698066757938,7.470698066757938,221.05441824949315,113,113,1.2168640419986332,6,True,False,,ieee57,pypower,pypower.case57.case57,True,nonlinear_ac_state_estimation,298,113,nonlinear_ac_ieee57,0.002,0.1,0.1,3,5.0,weak_area,,221.05441824949315,nonlinear_bad_data_ratio_sweep_0p1_seed505,nonlinear_bad_data_ratio_sweep,scenario.bad_data.ratio,0.1,505
huber_irls,0.005302086683141631,0.0070489111200155805,0.0026297542888878236,7.944076215578461,7.944076215578461,224.24323557769947,113,113,1.0958678329989198,5,True,False,,ieee57,pypower,pypower.case57.case57,True,nonlinear_ac_state_estimation,298,113,nonlinear_ac_ieee57,0.002,0.1,0.1,3,5.0,weak_area,,224.24323557769947,nonlinear_bad_data_ratio_sweep_0p1_seed505,nonlinear_bad_data_ratio_sweep,scenario.bad_data.ratio,0.1,505
pseudoinverse,0.0076790304485802865,0.007417920863813196,0.007927188035405666,8.343120817747069,8.343120817747069,247.76801315323326,113,113,1.405535999998392,7,True,False,,ieee57,pypower,pypower.case57.case57,True,nonlinear_ac_state_estimation,298,113,nonlinear_ac_ieee57,0.002,0.1,0.1,3,5.0,weak_area,,247.76801315323326,nonlinear_bad_data_ratio_sweep_0p1_seed606,nonlinear_bad_data_ratio_sweep,scenario.bad_data.ratio,0.1,606
ridge,0.0076790304485794495,0.007417920863813398,0.007927188035403874,8.34312081774708,8.34312081774708,247.7680131532741,113,113,1.4302216659998521,7,True,False,,ieee57,pypower,pypower.case57.case57,True,nonlinear_ac_state_estimation,298,113,nonlinear_ac_ieee57,0.002,0.1,0.1,3,5.0,weak_area,,247.7680131532741,nonlinear_bad_data_ratio_sweep_0p1_seed606,nonlinear_bad_data_ratio_sweep,scenario.bad_data.ratio,0.1,606
truncated_svd,0.0076790304485802995,0.007417920863813223,0.00792718803540567,8.343120817747067,8.343120817747067,247.76801315323215,113,113,1.40746783400391,7,True,False,,ieee57,pypower,pypower.case57.case57,True,nonlinear_ac_state_estimation,298,113,nonlinear_ac_ieee57,0.002,0.1,0.1,3,5.0,weak_area,,247.76801315323215,nonlinear_bad_data_ratio_sweep_0p1_seed606,nonlinear_bad_data_ratio_sweep,scenario.bad_data.ratio,0.1,606
qsvt_regularized,0.0076790304485794495,0.007417920863813398,0.007927188035403874,8.34312081774708,8.34312081774708,247.7680131532741,113,113,1.4435590830034926,7,True,False,,ieee57,pypower,pypower.case57.case57,True,nonlinear_ac_state_estimation,298,113,nonlinear_ac_ieee57,0.002,0.1,0.1,3,5.0,weak_area,,247.7680131532741,nonlinear_bad_data_ratio_sweep_0p1_seed606,nonlinear_bad_data_ratio_sweep,scenario.bad_data.ratio,0.1,606
huber_irls,0.0027400182260225153,0.002838117188776888,0.002640092942259477,8.535946401677213,8.535946401677213,242.5984697313806,113,113,1.0940046250034356,5,True,False,,ieee57,pypower,pypower.case57.case57,True,nonlinear_ac_state_estimation,298,113,nonlinear_ac_ieee57,0.002,0.1,0.1,3,5.0,weak_area,,242.5984697313806,nonlinear_bad_data_ratio_sweep_0p1_seed606,nonlinear_bad_data_ratio_sweep,scenario.bad_data.ratio,0.1,606
pseudoinverse,0.005947319997266546,0.006561575029693585,0.005274634047671022,8.51729153354677,8.51729153354677,233.5125485496487,113,113,1.2226329589975649,6,True,False,,ieee57,pypower,pypower.case57.case57,True,nonlinear_ac_state_estimation,298,113,nonlinear_ac_ieee57,0.002,0.1,0.1,3,5.0,weak_area,,233.5125485496487,nonlinear_bad_data_ratio_sweep_0p1_seed707,nonlinear_bad_data_ratio_sweep,scenario.bad_data.ratio,0.1,707
ridge,0.005947319997265323,0.0065615750296920735,0.005274634047670132,8.517291533546768,8.517291533546768,233.51254854964748,113,113,1.2330663329994422,6,True,False,,ieee57,pypower,pypower.case57.case57,True,nonlinear_ac_state_estimation,298,113,nonlinear_ac_ieee57,0.002,0.1,0.1,3,5.0,weak_area,,233.51254854964748,nonlinear_bad_data_ratio_sweep_0p1_seed707,nonlinear_bad_data_ratio_sweep,scenario.bad_data.ratio,0.1,707
truncated_svd,0.005947319997266584,0.00656157502969365,0.005274634047671024,8.517291533546762,8.517291533546762,233.51254854964898,113,113,1.24827570799971,6,True,False,,ieee57,pypower,pypower.case57.case57,True,nonlinear_ac_state_estimation,298,113,nonlinear_ac_ieee57,0.002,0.1,0.1,3,5.0,weak_area,,233.51254854964898,nonlinear_bad_data_ratio_sweep_0p1_seed707,nonlinear_bad_data_ratio_sweep,scenario.bad_data.ratio,0.1,707
qsvt_regularized,0.005947319997265323,0.0065615750296920735,0.005274634047670132,8.517291533546768,8.517291533546768,233.51254854964748,113,113,1.2228140419974807,6,True,False,,ieee57,pypower,pypower.case57.case57,True,nonlinear_ac_state_estimation,298,113,nonlinear_ac_ieee57,0.002,0.1,0.1,3,5.0,weak_area,,233.51254854964748,nonlinear_bad_data_ratio_sweep_0p1_seed707,nonlinear_bad_data_ratio_sweep,scenario.bad_data.ratio,0.1,707
huber_irls,0.002209685673166685,0.0024135415526741356,0.0019891639749704073,8.648822169771975,8.648822169771975,232.80281087417524,113,113,1.0979683750047116,5,True,False,,ieee57,pypower,pypower.case57.case57,True,nonlinear_ac_state_estimation,298,113,nonlinear_ac_ieee57,0.002,0.1,0.1,3,5.0,weak_area,,232.80281087417524,nonlinear_bad_data_ratio_sweep_0p1_seed707,nonlinear_bad_data_ratio_sweep,scenario.bad_data.ratio,0.1,707
pseudoinverse,0.010892696800250403,0.014142685660001385,0.0062220238356376495,7.952453214949688,7.952453214949688,238.8749643604903,113,113,1.436522000003606,7,True,False,,ieee57,pypower,pypower.case57.case57,True,nonlinear_ac_state_estimation,298,113,nonlinear_ac_ieee57,0.002,0.1,0.1,3,5.0,weak_area,,238.8749643604903,nonlinear_bad_data_ratio_sweep_0p1_seed808,nonlinear_bad_data_ratio_sweep,scenario.bad_data.ratio,0.1,808
ridge,0.010892696800249934,0.014142685660000718,0.006222023835637507,7.952453214949689,7.952453214949689,238.8749643605003,113,113,1.4330564999982016,7,True,False,,ieee57,pypower,pypower.case57.case57,True,nonlinear_ac_state_estimation,298,113,nonlinear_ac_ieee57,0.002,0.1,0.1,3,5.0,weak_area,,238.8749643605003,nonlinear_bad_data_ratio_sweep_0p1_seed808,nonlinear_bad_data_ratio_sweep,scenario.bad_data.ratio,0.1,808
truncated_svd,0.010892696800250415,0.014142685660001405,0.006222023835637652,7.952453214949679,7.952453214949679,238.87496436049105,113,113,1.4028854589996627,7,True,False,,ieee57,pypower,pypower.case57.case57,True,nonlinear_ac_state_estimation,298,113,nonlinear_ac_ieee57,0.002,0.1,0.1,3,5.0,weak_area,,238.87496436049105,nonlinear_bad_data_ratio_sweep_0p1_seed808,nonlinear_bad_data_ratio_sweep,scenario.bad_data.ratio,0.1,808
qsvt_regularized,0.010892696800249934,0.014142685660000718,0.006222023835637507,7.952453214949689,7.952453214949689,238.8749643605003,113,113,1.422693041000457,7,True,False,,ieee57,pypower,pypower.case57.case57,True,nonlinear_ac_state_estimation,298,113,nonlinear_ac_ieee57,0.002,0.1,0.1,3,5.0,weak_area,,238.8749643605003,nonlinear_bad_data_ratio_sweep_0p1_seed808,nonlinear_bad_data_ratio_sweep,scenario.bad_data.ratio,0.1,808
huber_irls,0.00420253825877324,0.005433874299055704,0.002450272483861542,8.324104730760016,8.324104730760016,244.63719728667206,113,113,1.3105152919961256,6,True,False,,ieee57,pypower,pypower.case57.case57,True,nonlinear_ac_state_estimation,298,113,nonlinear_ac_ieee57,0.002,0.1,0.1,3,5.0,weak_area,,244.63719728667206,nonlinear_bad_data_ratio_sweep_0p1_seed808,nonlinear_bad_data_ratio_sweep,scenario.bad_data.ratio,0.1,808
pseudoinverse,0.007914877592762562,0.00898324730653841,0.0067013856439726354,8.221801567997566,8.221801567997566,259.33873123037876,113,113,1.2185745839960873,6,True,False,,ieee57,pypower,pypower.case57.case57,True,nonlinear_ac_state_estimation,298,113,nonlinear_ac_ieee57,0.002,0.1,0.1,3,5.0,weak_area,,259.33873123037876,nonlinear_bad_data_ratio_sweep_0p1_seed909,nonlinear_bad_data_ratio_sweep,scenario.bad_data.ratio,0.1,909
ridge,0.007914877592762971,0.008983247306539115,0.006701385643972669,8.221801567997584,8.221801567997584,259.3387312303989,113,113,1.228204499995627,6,True,False,,ieee57,pypower,pypower.case57.case57,True,nonlinear_ac_state_estimation,298,113,nonlinear_ac_ieee57,0.002,0.1,0.1,3,5.0,weak_area,,259.3387312303989,nonlinear_bad_data_ratio_sweep_0p1_seed909,nonlinear_bad_data_ratio_sweep,scenario.bad_data.ratio,0.1,909
truncated_svd,0.007914877592762565,0.008983247306538407,0.006701385643972648,8.221801567997584,8.221801567997584,259.3387312303776,113,113,1.249357083994255,6,True,False,,ieee57,pypower,pypower.case57.case57,True,nonlinear_ac_state_estimation,298,113,nonlinear_ac_ieee57,0.002,0.1,0.1,3,5.0,weak_area,,259.3387312303776,nonlinear_bad_data_ratio_sweep_0p1_seed909,nonlinear_bad_data_ratio_sweep,scenario.bad_data.ratio,0.1,909
qsvt_regularized,0.007914877592762971,0.008983247306539115,0.006701385643972669,8.221801567997584,8.221801567997584,259.3387312303989,113,113,1.2246500829933211,6,True,False,,ieee57,pypower,pypower.case57.case57,True,nonlinear_ac_state_estimation,298,113,nonlinear_ac_ieee57,0.002,0.1,0.1,3,5.0,weak_area,,259.3387312303989,nonlinear_bad_data_ratio_sweep_0p1_seed909,nonlinear_bad_data_ratio_sweep,scenario.bad_data.ratio,0.1,909
huber_irls,0.0030127515301892473,0.0034583974966895686,0.0024986844598856783,8.475021543329657,8.475021543329657,259.5604825391948,113,113,1.0989742499950808,5,True,False,,ieee57,pypower,pypower.case57.case57,True,nonlinear_ac_state_estimation,298,113,nonlinear_ac_ieee57,0.002,0.1,0.1,3,5.0,weak_area,,259.5604825391948,nonlinear_bad_data_ratio_sweep_0p1_seed909,nonlinear_bad_data_ratio_sweep,scenario.bad_data.ratio,0.1,909
pseudoinverse,0.015497753039358023,0.00918405101287157,0.019831287993752493,6.846173805161179,6.846173805161179,381.09981070914415,113,113,1.4303543339992757,7,True,False,,ieee57,pypower,pypower.case57.case57,True,nonlinear_ac_state_estimation,298,113,nonlinear_ac_ieee57,0.002,0.1,0.1,3,5.0,weak_area,,381.09981070914415,nonlinear_bad_data_ratio_sweep_0p1_seed1001,nonlinear_bad_data_ratio_sweep,scenario.bad_data.ratio,0.1,1001
ridge,0.015497753039357028,0.009184051012873036,0.019831287993750286,6.846173805161184,6.846173805161184,381.0998107092233,113,113,1.426692417000595,7,True,False,,ieee57,pypower,pypower.case57.case57,True,nonlinear_ac_state_estimation,298,113,nonlinear_ac_ieee57,0.002,0.1,0.1,3,5.0,weak_area,,381.0998107092233,nonlinear_bad_data_ratio_sweep_0p1_seed1001,nonlinear_bad_data_ratio_sweep,scenario.bad_data.ratio,0.1,1001
truncated_svd,0.015497753039358002,0.009184051012871546,0.019831287993752472,6.846173805161176,6.846173805161176,381.09981070914364,113,113,1.4157542500033742,7,True,False,,ieee57,pypower,pypower.case57.case57,True,nonlinear_ac_state_estimation,298,113,nonlinear_ac_ieee57,0.002,0.1,0.1,3,5.0,weak_area,,381.09981070914364,nonlinear_bad_data_ratio_sweep_0p1_seed1001,nonlinear_bad_data_ratio_sweep,scenario.bad_data.ratio,0.1,1001
qsvt_regularized,0.015497753039357028,0.009184051012873036,0.019831287993750286,6.846173805161184,6.846173805161184,381.0998107092233,113,113,1.4368362500026706,7,True,False,,ieee57,pypower,pypower.case57.case57,True,nonlinear_ac_state_estimation,298,113,nonlinear_ac_ieee57,0.002,0.1,0.1,3,5.0,weak_area,,381.0998107092233,nonlinear_bad_data_ratio_sweep_0p1_seed1001,nonlinear_bad_data_ratio_sweep,scenario.bad_data.ratio,0.1,1001
huber_irls,0.013238297172781131,0.00503487950461574,0.017958985049704352,7.041375584168624,7.041375584168624,380.16328765853484,113,113,1.3409038749960018,6,True,False,,ieee57,pypower,pypower.case57.case57,True,nonlinear_ac_state_estimation,298,113,nonlinear_ac_ieee57,0.002,0.1,0.1,3,5.0,weak_area,,380.16328765853484,nonlinear_bad_data_ratio_sweep_0p1_seed1001,nonlinear_bad_data_ratio_sweep,scenario.bad_data.ratio,0.1,1001
