estimator,rmse,angle_rmse,voltage_magnitude_rmse,residual_norm,weighted_residual,condition_number,rank,effective_rank,runtime_seconds,converged,failed,failure_reason,case_name,dataset_source,dataset_source_detail,external_case,mode,n_measurements,n_states,scenario_name,noise_std,missing_ratio,bad_data_ratio,bad_data_count,bad_data_magnitude,bad_data_target,target_condition_number,achieved_condition_number,trial_id,sweep_name,sweep_parameter,sweep_value,seed
pseudoinverse,0.022942278414058416,0.030903940264276928,0.01057983616599704,4.636635947101107,4.636635947101107,1910.733895764296,59,59,0.005407541997556109,True,False,,ieee30,pypower,pypower.case30.case30,True,ac_power_flow_linearized,91,59,real_ieee30_ac_linearized,0.0,0.1,0.05,1,5.0,weak_area,,664.9079859883259,real_noise_sweep_0p0_seed101,real_noise_sweep,scenario.noise_std,0.0,101
ridge,0.02294223583293227,0.03090388662782589,0.010579806021156596,4.6366359471018175,4.6366359471018175,1910.733895764296,59,59,0.00044429200352169573,True,False,,ieee30,pypower,pypower.case30.case30,True,ac_power_flow_linearized,91,59,real_ieee30_ac_linearized,0.0,0.1,0.05,1,5.0,weak_area,,664.9079859883259,real_noise_sweep_0p0_seed101,real_noise_sweep,scenario.noise_std,0.0,101
truncated_svd,0.022942278414058402,0.030903940264276907,0.010579836165997034,4.636635947101107,4.636635947101107,1910.733895764296,59,59,0.00037808300112374127,True,False,,ieee30,pypower,pypower.case30.case30,True,ac_power_flow_linearized,91,59,real_ieee30_ac_linearized,0.0,0.1,0.05,1,5.0,weak_area,,664.9079859883259,real_noise_sweep_0p0_seed101,real_noise_sweep,scenario.noise_std,0.0,101
qsvt_regularized,0.02294223583293227,0.03090388662782589,0.010579806021156596,4.6366359471018175,4.6366359471018175,1910.733895764296,59,59,0.0003684170005726628,True,False,,ieee30,pypower,pypower.case30.case30,True,ac_power_flow_linearized,91,59,real_ieee30_ac_linearized,0.0,0.1,0.05,1,5.0,weak_area,,664.9079859883259,real_noise_sweep_0p0_seed101,real_noise_sweep,scenario.noise_std,0.0,101
huber_irls,0.008001125165946232,0.010799371250741157,0.0036281127712096887,4.794386859144467,4.794386859144467,1910.733895764296,59,59,0.0025781670046853833,True,False,,ieee30,pypower,pypower.case30.case30,True,ac_power_flow_linearized,91,59,real_ieee30_ac_linearized,0.0,0.1,0.05,1,5.0,weak_area,,664.9079859883259,real_noise_sweep_0p0_seed101,real_noise_sweep,scenario.noise_std,0.0,101
pseudoinverse,0.07325782345732797,0.04791721853554544,0.09129623541550212,0.11413538087331856,0.11413538087331856,11356.449255065296,59,59,0.0005841249949298799,True,False,,ieee30,pypower,pypower.case30.case30,True,ac_power_flow_linearized,91,59,real_ieee30_ac_linearized,0.0,0.1,0.05,1,5.0,weak_area,,658.2106903999758,real_noise_sweep_0p0_seed202,real_noise_sweep,scenario.noise_std,0.0,202
ridge,0.07325771657809603,0.0479171265656085,0.09129611341218755,0.11413538107607897,0.11413538107607897,11356.449255065296,59,59,0.00037758400139864534,True,False,,ieee30,pypower,pypower.case30.case30,True,ac_power_flow_linearized,91,59,real_ieee30_ac_linearized,0.0,0.1,0.05,1,5.0,weak_area,,658.2106903999758,real_noise_sweep_0p0_seed202,real_noise_sweep,scenario.noise_std,0.0,202
truncated_svd,0.07325782345732801,0.04791721853554546,0.09129623541550216,0.11413538087331893,0.11413538087331893,11356.449255065296,59,59,0.00037554200389422476,True,False,,ieee30,pypower,pypower.case30.case30,True,ac_power_flow_linearized,91,59,real_ieee30_ac_linearized,0.0,0.1,0.05,1,5.0,weak_area,,658.2106903999758,real_noise_sweep_0p0_seed202,real_noise_sweep,scenario.noise_std,0.0,202
qsvt_regularized,0.07325771657809603,0.0479171265656085,0.09129611341218755,0.11413538107607897,0.11413538107607897,11356.449255065296,59,59,0.0004926670007989742,True,False,,ieee30,pypower,pypower.case30.case30,True,ac_power_flow_linearized,91,59,real_ieee30_ac_linearized,0.0,0.1,0.05,1,5.0,weak_area,,658.2106903999758,real_noise_sweep_0p0_seed202,real_noise_sweep,scenario.noise_std,0.0,202
huber_irls,0.07325782345732805,0.04791721853554552,0.09129623541550222,0.11413538087331807,0.11413538087331807,11356.449255065296,59,59,0.000735250003344845,True,False,,ieee30,pypower,pypower.case30.case30,True,ac_power_flow_linearized,91,59,real_ieee30_ac_linearized,0.0,0.1,0.05,1,5.0,weak_area,,658.2106903999758,real_noise_sweep_0p0_seed202,real_noise_sweep,scenario.noise_std,0.0,202
pseudoinverse,0.028581268736069934,0.040700749626766466,0.0022837603931695266,3.859508079514059,3.859508079514059,882.8874595088183,59,59,0.0006014999962644652,True,False,,ieee30,pypower,pypower.case30.case30,True,ac_power_flow_linearized,91,59,real_ieee30_ac_linearized,0.0,0.1,0.05,1,5.0,weak_area,,658.952167674556,real_noise_sweep_0p0_seed303,real_noise_sweep,scenario.noise_std,0.0,303
ridge,0.028581218009209756,0.040700677092655464,0.002283761460769818,3.859508079515179,3.859508079515179,882.8874595088183,59,59,0.0004028750045108609,True,False,,ieee30,pypower,pypower.case30.case30,True,ac_power_flow_linearized,91,59,real_ieee30_ac_linearized,0.0,0.1,0.05,1,5.0,weak_area,,658.952167674556,real_noise_sweep_0p0_seed303,real_noise_sweep,scenario.noise_std,0.0,303
truncated_svd,0.02858126873606995,0.04070074962676649,0.0022837603931695222,3.8595080795140584,3.8595080795140584,882.8874595088183,59,59,0.00040858399734133855,True,False,,ieee30,pypower,pypower.case30.case30,True,ac_power_flow_linearized,91,59,real_ieee30_ac_linearized,0.0,0.1,0.05,1,5.0,weak_area,,658.952167674556,real_noise_sweep_0p0_seed303,real_noise_sweep,scenario.noise_std,0.0,303
qsvt_regularized,0.028581218009209756,0.040700677092655464,0.002283761460769818,3.859508079515179,3.859508079515179,882.8874595088183,59,59,0.00038895900070201606,True,False,,ieee30,pypower,pypower.case30.case30,True,ac_power_flow_linearized,91,59,real_ieee30_ac_linearized,0.0,0.1,0.05,1,5.0,weak_area,,658.952167674556,real_noise_sweep_0p0_seed303,real_noise_sweep,scenario.noise_std,0.0,303
huber_irls,0.014389238082025767,0.020486229431008477,0.001225804356254766,4.169793348582076,4.169793348582076,882.8874595088183,59,59,0.003692791004141327,True,False,,ieee30,pypower,pypower.case30.case30,True,ac_power_flow_linearized,91,59,real_ieee30_ac_linearized,0.0,0.1,0.05,1,5.0,weak_area,,658.952167674556,real_noise_sweep_0p0_seed303,real_noise_sweep,scenario.noise_std,0.0,303
pseudoinverse,0.03048491721759477,0.03394464075249568,0.026718008938659714,4.076339111403501,4.076339111403501,654.5687366016749,59,59,0.0006211660002009012,True,False,,ieee30,pypower,pypower.case30.case30,True,ac_power_flow_linearized,91,59,real_ieee30_ac_linearized,0.0,0.1,0.05,1,5.0,weak_area,,664.4204809144534,real_noise_sweep_0p0_seed404,real_noise_sweep,scenario.noise_std,0.0,404
ridge,0.03048488295783562,0.033944589508157694,0.026717994996369464,4.076339111404292,4.076339111404292,654.5687366016749,59,59,0.0003892499953508377,True,False,,ieee30,pypower,pypower.case30.case30,True,ac_power_flow_linearized,91,59,real_ieee30_ac_linearized,0.0,0.1,0.05,1,5.0,weak_area,,664.4204809144534,real_noise_sweep_0p0_seed404,real_noise_sweep,scenario.noise_std,0.0,404
truncated_svd,0.03048491721759478,0.033944640752495696,0.026718008938659724,4.0763391114035,4.0763391114035,654.5687366016749,59,59,0.00039183400076581165,True,False,,ieee30,pypower,pypower.case30.case30,True,ac_power_flow_linearized,91,59,real_ieee30_ac_linearized,0.0,0.1,0.05,1,5.0,weak_area,,664.4204809144534,real_noise_sweep_0p0_seed404,real_noise_sweep,scenario.noise_std,0.0,404
qsvt_regularized,0.03048488295783562,0.033944589508157694,0.026717994996369464,4.076339111404292,4.076339111404292,654.5687366016749,59,59,0.00037858299765503034,True,False,,ieee30,pypower,pypower.case30.case30,True,ac_power_flow_linearized,91,59,real_ieee30_ac_linearized,0.0,0.1,0.05,1,5.0,weak_area,,664.4204809144534,real_noise_sweep_0p0_seed404,real_noise_sweep,scenario.noise_std,0.0,404
huber_irls,0.013735716171903991,0.01525047401063024,0.012092411198258244,4.375926816715031,4.375926816715031,654.5687366016749,59,59,0.0032955419956124388,True,False,,ieee30,pypower,pypower.case30.case30,True,ac_power_flow_linearized,91,59,real_ieee30_ac_linearized,0.0,0.1,0.05,1,5.0,weak_area,,664.4204809144534,real_noise_sweep_0p0_seed404,real_noise_sweep,scenario.noise_std,0.0,404
pseudoinverse,0.01776573153419334,0.02528283091683037,0.001675581131576771,4.15542011109817,4.15542011109817,1311.6621165062822,59,59,0.0006745829959982075,True,False,,ieee30,pypower,pypower.case30.case30,True,ac_power_flow_linearized,91,59,real_ieee30_ac_linearized,0.0,0.1,0.05,1,5.0,weak_area,,653.3091250021798,real_noise_sweep_0p0_seed505,real_noise_sweep,scenario.noise_std,0.0,505
ridge,0.017765718114667896,0.02528281235606871,0.0016755720349307497,4.155420111098336,4.155420111098336,1311.6621165062822,59,59,0.00041112500184681267,True,False,,ieee30,pypower,pypower.case30.case30,True,ac_power_flow_linearized,91,59,real_ieee30_ac_linearized,0.0,0.1,0.05,1,5.0,weak_area,,653.3091250021798,real_noise_sweep_0p0_seed505,real_noise_sweep,scenario.noise_std,0.0,505
truncated_svd,0.017765731534193332,0.025282830916830364,0.001675581131576767,4.155420111098169,4.155420111098169,1311.6621165062822,59,59,0.00048333399900002405,True,False,,ieee30,pypower,pypower.case30.case30,True,ac_power_flow_linearized,91,59,real_ieee30_ac_linearized,0.0,0.1,0.05,1,5.0,weak_area,,653.3091250021798,real_noise_sweep_0p0_seed505,real_noise_sweep,scenario.noise_std,0.0,505
qsvt_regularized,0.017765718114667896,0.02528281235606871,0.0016755720349307497,4.155420111098336,4.155420111098336,1311.6621165062822,59,59,0.00038949999725446105,True,False,,ieee30,pypower,pypower.case30.case30,True,ac_power_flow_linearized,91,59,real_ieee30_ac_linearized,0.0,0.1,0.05,1,5.0,weak_area,,653.3091250021798,real_noise_sweep_0p0_seed505,real_noise_sweep,scenario.noise_std,0.0,505
huber_irls,0.007787512834012271,0.01098976384505613,0.001587489008061252,4.44329415701648,4.44329415701648,1311.6621165062822,59,59,0.0040390829963143915,True,False,,ieee30,pypower,pypower.case30.case30,True,ac_power_flow_linearized,91,59,real_ieee30_ac_linearized,0.0,0.1,0.05,1,5.0,weak_area,,653.3091250021798,real_noise_sweep_0p0_seed505,real_noise_sweep,scenario.noise_std,0.0,505
pseudoinverse,0.03785410389046795,0.053440120278041146,0.007579600902106605,4.122109444348981,4.122109444348981,1.7682777836755194e+17,58,58,0.0006277909997152165,True,False,,ieee30,pypower,pypower.case30.case30,True,ac_power_flow_linearized,91,59,real_ieee30_ac_linearized,0.0,0.1,0.05,1,5.0,weak_area,,664.1121893060704,real_noise_sweep_0p0_seed606,real_noise_sweep,scenario.noise_std,0.0,606
ridge,0.037839323932283404,0.053439977432534,0.00743403715303621,4.122109444713207,4.122109444713207,1.7682777836755194e+17,58,58,0.00039283299702219665,True,False,,ieee30,pypower,pypower.case30.case30,True,ac_power_flow_linearized,91,59,real_ieee30_ac_linearized,0.0,0.1,0.05,1,5.0,weak_area,,664.1121893060704,real_noise_sweep_0p0_seed606,real_noise_sweep,scenario.noise_std,0.0,606
truncated_svd,0.037854103890467936,0.05344012027804113,0.007579600902106605,4.122109444348981,4.122109444348981,1.7682777836755194e+17,58,58,0.00038387499807868153,True,False,,ieee30,pypower,pypower.case30.case30,True,ac_power_flow_linearized,91,59,real_ieee30_ac_linearized,0.0,0.1,0.05,1,5.0,weak_area,,664.1121893060704,real_noise_sweep_0p0_seed606,real_noise_sweep,scenario.noise_std,0.0,606
qsvt_regularized,0.037839323932283404,0.053439977432534,0.00743403715303621,4.122109444713207,4.122109444713207,1.7682777836755194e+17,58,58,0.0004162920013186522,True,False,,ieee30,pypower,pypower.case30.case30,True,ac_power_flow_linearized,91,59,real_ieee30_ac_linearized,0.0,0.1,0.05,1,5.0,weak_area,,664.1121893060704,real_noise_sweep_0p0_seed606,real_noise_sweep,scenario.noise_std,0.0,606
huber_irls,0.017468737142192964,0.023561100659078564,0.007969967376531202,4.414887425184971,4.414887425184971,1.7682777836755194e+17,58,58,0.0034653749971766956,True,False,,ieee30,pypower,pypower.case30.case30,True,ac_power_flow_linearized,91,59,real_ieee30_ac_linearized,0.0,0.1,0.05,1,5.0,weak_area,,664.1121893060704,real_noise_sweep_0p0_seed606,real_noise_sweep,scenario.noise_std,0.0,606
pseudoinverse,0.72383120787272,0.5183803934983582,0.8778598349280385,3.0958754204163728,3.0958754204163728,8744.460222961441,59,59,0.0005939580005360767,True,False,,ieee30,pypower,pypower.case30.case30,True,ac_power_flow_linearized,91,59,real_ieee30_ac_linearized,0.0,0.1,0.05,1,5.0,weak_area,,655.0626612320015,real_noise_sweep_0p0_seed707,real_noise_sweep,scenario.noise_std,0.0,707
ridge,0.7235396664705774,0.5181735718967945,0.8775051304820336,3.0958756215772874,3.0958756215772874,8744.460222961441,59,59,0.00039649999962421134,True,False,,ieee30,pypower,pypower.case30.case30,True,ac_power_flow_linearized,91,59,real_ieee30_ac_linearized,0.0,0.1,0.05,1,5.0,weak_area,,655.0626612320015,real_noise_sweep_0p0_seed707,real_noise_sweep,scenario.noise_std,0.0,707
truncated_svd,0.723831207872718,0.5183803934983567,0.8778598349280362,3.09587542041637,3.09587542041637,8744.460222961441,59,59,0.0004064169988851063,True,False,,ieee30,pypower,pypower.case30.case30,True,ac_power_flow_linearized,91,59,real_ieee30_ac_linearized,0.0,0.1,0.05,1,5.0,weak_area,,655.0626612320015,real_noise_sweep_0p0_seed707,real_noise_sweep,scenario.noise_std,0.0,707
qsvt_regularized,0.7235396664705774,0.5181735718967945,0.8775051304820336,3.0958756215772874,3.0958756215772874,8744.460222961441,59,59,0.0003967080047004856,True,False,,ieee30,pypower,pypower.case30.case30,True,ac_power_flow_linearized,91,59,real_ieee30_ac_linearized,0.0,0.1,0.05,1,5.0,weak_area,,655.0626612320015,real_noise_sweep_0p0_seed707,real_noise_sweep,scenario.noise_std,0.0,707
huber_irls,0.6544165535102001,0.46869631005423407,0.793657982682859,3.118556160116449,3.118556160116449,8744.460222961441,59,59,0.0037756669989903457,False,False,,ieee30,pypower,pypower.case30.case30,True,ac_power_flow_linearized,91,59,real_ieee30_ac_linearized,0.0,0.1,0.05,1,5.0,weak_area,,655.0626612320015,real_noise_sweep_0p0_seed707,real_noise_sweep,scenario.noise_std,0.0,707
pseudoinverse,6.671183055281145,4.340565940964419,8.32546585307032,2.755575619714231,2.755575619714231,77393.8766907611,59,59,0.0005598330026259646,True,False,,ieee30,pypower,pypower.case30.case30,True,ac_power_flow_linearized,91,59,real_ieee30_ac_linearized,0.0,0.1,0.05,1,5.0,weak_area,,656.5888011751795,real_noise_sweep_0p0_seed808,real_noise_sweep,scenario.noise_std,0.0,808
ridge,6.488277607334745,4.220981003587676,8.097496102569515,2.7568458472492456,2.7568458472492456,77393.8766907611,59,59,0.0003971250043832697,True,False,,ieee30,pypower,pypower.case30.case30,True,ac_power_flow_linearized,91,59,real_ieee30_ac_linearized,0.0,0.1,0.05,1,5.0,weak_area,,656.5888011751795,real_noise_sweep_0p0_seed808,real_noise_sweep,scenario.noise_std,0.0,808
truncated_svd,6.67118305528115,4.340565940964422,8.325465853070325,2.755575619714266,2.755575619714266,77393.8766907611,59,59,0.0003867499981424771,True,False,,ieee30,pypower,pypower.case30.case30,True,ac_power_flow_linearized,91,59,real_ieee30_ac_linearized,0.0,0.1,0.05,1,5.0,weak_area,,656.5888011751795,real_noise_sweep_0p0_seed808,real_noise_sweep,scenario.noise_std,0.0,808
qsvt_regularized,6.488277607334745,4.220981003587676,8.097496102569515,2.7568458472492456,2.7568458472492456,77393.8766907611,59,59,0.0003754579956876114,True,False,,ieee30,pypower,pypower.case30.case30,True,ac_power_flow_linearized,91,59,real_ieee30_ac_linearized,0.0,0.1,0.05,1,5.0,weak_area,,656.5888011751795,real_noise_sweep_0p0_seed808,real_noise_sweep,scenario.noise_std,0.0,808
huber_irls,7.056140385015467,4.589753408331876,8.806529124689625,2.774453863745972,2.774453863745972,77393.8766907611,59,59,0.0038041669977246784,False,False,,ieee30,pypower,pypower.case30.case30,True,ac_power_flow_linearized,91,59,real_ieee30_ac_linearized,0.0,0.1,0.05,1,5.0,weak_area,,656.5888011751795,real_noise_sweep_0p0_seed808,real_noise_sweep,scenario.noise_std,0.0,808
pseudoinverse,0.07827882025560096,0.06200987583894682,0.09128989210031706,0.046476065671099895,0.046476065671099895,1322.0474132137817,59,59,0.0006254580002860166,True,False,,ieee30,pypower,pypower.case30.case30,True,ac_power_flow_linearized,91,59,real_ieee30_ac_linearized,0.0,0.1,0.05,1,5.0,weak_area,,658.965485210082,real_noise_sweep_0p0_seed909,real_noise_sweep,scenario.noise_std,0.0,909
ridge,0.07827869555891484,0.062009758789500935,0.0912897586729714,0.046476066298609196,0.046476066298609196,1322.0474132137817,59,59,0.00039287500112550333,True,False,,ieee30,pypower,pypower.case30.case30,True,ac_power_flow_linearized,91,59,real_ieee30_ac_linearized,0.0,0.1,0.05,1,5.0,weak_area,,658.965485210082,real_noise_sweep_0p0_seed909,real_noise_sweep,scenario.noise_std,0.0,909
truncated_svd,0.07827882025560094,0.0620098758389468,0.09128989210031702,0.046476065671100436,0.046476065671100436,1322.0474132137817,59,59,0.000381792000553105,True,False,,ieee30,pypower,pypower.case30.case30,True,ac_power_flow_linearized,91,59,real_ieee30_ac_linearized,0.0,0.1,0.05,1,5.0,weak_area,,658.965485210082,real_noise_sweep_0p0_seed909,real_noise_sweep,scenario.noise_std,0.0,909
qsvt_regularized,0.07827869555891484,0.062009758789500935,0.0912897586729714,0.046476066298609196,0.046476066298609196,1322.0474132137817,59,59,0.00044379199971444905,True,False,,ieee30,pypower,pypower.case30.case30,True,ac_power_flow_linearized,91,59,real_ieee30_ac_linearized,0.0,0.1,0.05,1,5.0,weak_area,,658.965485210082,real_noise_sweep_0p0_seed909,real_noise_sweep,scenario.noise_std,0.0,909
huber_irls,0.07827882025560094,0.06200987583894677,0.09128989210031707,0.046476065671099694,0.046476065671099694,1322.0474132137817,59,59,0.0006973750059842132,True,False,,ieee30,pypower,pypower.case30.case30,True,ac_power_flow_linearized,91,59,real_ieee30_ac_linearized,0.0,0.1,0.05,1,5.0,weak_area,,658.965485210082,real_noise_sweep_0p0_seed909,real_noise_sweep,scenario.noise_std,0.0,909
pseudoinverse,0.04777670186120718,0.05785849076143937,0.035399452708006,2.5270782696442304,2.5270782696442304,1.4221147487147949e+17,58,58,0.0005829590008943342,True,False,,ieee30,pypower,pypower.case30.case30,True,ac_power_flow_linearized,91,59,real_ieee30_ac_linearized,0.0,0.1,0.05,1,5.0,weak_area,,661.0391998992394,real_noise_sweep_0p0_seed1001,real_noise_sweep,scenario.noise_std,0.0,1001
ridge,0.04777401758378906,0.05785791139214363,0.035393242858160465,2.5270782697922436,2.5270782697922436,1.4221147487147949e+17,58,58,0.00038020800275262445,True,False,,ieee30,pypower,pypower.case30.case30,True,ac_power_flow_linearized,91,59,real_ieee30_ac_linearized,0.0,0.1,0.05,1,5.0,weak_area,,661.0391998992394,real_noise_sweep_0p0_seed1001,real_noise_sweep,scenario.noise_std,0.0,1001
truncated_svd,0.04777670186120718,0.057858490761439375,0.03539945270800599,2.52707826964423,2.52707826964423,1.4221147487147949e+17,58,58,0.0003823750012088567,True,False,,ieee30,pypower,pypower.case30.case30,True,ac_power_flow_linearized,91,59,real_ieee30_ac_linearized,0.0,0.1,0.05,1,5.0,weak_area,,661.0391998992394,real_noise_sweep_0p0_seed1001,real_noise_sweep,scenario.noise_std,0.0,1001
qsvt_regularized,0.04777401758378906,0.05785791139214363,0.035393242858160465,2.5270782697922436,2.5270782697922436,1.4221147487147949e+17,58,58,0.00036558300053002313,True,False,,ieee30,pypower,pypower.case30.case30,True,ac_power_flow_linearized,91,59,real_ieee30_ac_linearized,0.0,0.1,0.05,1,5.0,weak_area,,661.0391998992394,real_noise_sweep_0p0_seed1001,real_noise_sweep,scenario.noise_std,0.0,1001
huber_irls,0.047776701861207325,0.05785849076143949,0.035399452708006186,2.52707826964423,2.52707826964423,1.4221147487147949e+17,58,58,0.0006637080005020835,True,False,,ieee30,pypower,pypower.case30.case30,True,ac_power_flow_linearized,91,59,real_ieee30_ac_linearized,0.0,0.1,0.05,1,5.0,weak_area,,661.0391998992394,real_noise_sweep_0p0_seed1001,real_noise_sweep,scenario.noise_std,0.0,1001
pseudoinverse,0.005437370394630741,0.002365776006411613,0.00726182902679743,4.886406613557959,4.886406613557959,1.9100852249825053e+17,58,58,0.0005752500001108274,True,False,,ieee30,pypower,pypower.case30.case30,True,ac_power_flow_linearized,91,59,real_ieee30_ac_linearized,0.002,0.1,0.05,1,5.0,weak_area,,664.9079859883259,real_noise_sweep_0p002_seed101,real_noise_sweep,scenario.noise_std,0.002,101
ridge,0.005437304063417961,0.0023657154899115905,0.007261750407921875,4.886406613558113,4.886406613558113,1.9100852249825053e+17,58,58,0.0004792500039911829,True,False,,ieee30,pypower,pypower.case30.case30,True,ac_power_flow_linearized,91,59,real_ieee30_ac_linearized,0.002,0.1,0.05,1,5.0,weak_area,,664.9079859883259,real_noise_sweep_0p002_seed101,real_noise_sweep,scenario.noise_std,0.002,101
truncated_svd,0.005437370394630741,0.0023657760064116117,0.00726182902679743,4.886406613557959,4.886406613557959,1.9100852249825053e+17,58,58,0.00045341600343817845,True,False,,ieee30,pypower,pypower.case30.case30,True,ac_power_flow_linearized,91,59,real_ieee30_ac_linearized,0.002,0.1,0.05,1,5.0,weak_area,,664.9079859883259,real_noise_sweep_0p002_seed101,real_noise_sweep,scenario.noise_std,0.002,101
qsvt_regularized,0.005437304063417961,0.0023657154899115905,0.007261750407921875,4.886406613558113,4.886406613558113,1.9100852249825053e+17,58,58,0.0004192080014036037,True,False,,ieee30,pypower,pypower.case30.case30,True,ac_power_flow_linearized,91,59,real_ieee30_ac_linearized,0.002,0.1,0.05,1,5.0,weak_area,,664.9079859883259,real_noise_sweep_0p002_seed101,real_noise_sweep,scenario.noise_std,0.002,101
huber_irls,0.002906309435850358,0.0013967440260919117,0.003837427590281355,4.944209779461871,4.944209779461871,1.9100852249825053e+17,58,58,0.0017876670026453212,True,False,,ieee30,pypower,pypower.case30.case30,True,ac_power_flow_linearized,91,59,real_ieee30_ac_linearized,0.002,0.1,0.05,1,5.0,weak_area,,664.9079859883259,real_noise_sweep_0p002_seed101,real_noise_sweep,scenario.noise_std,0.002,101
pseudoinverse,0.03304084304351824,0.04683305910841781,0.005174984362082345,3.1135585607302776,3.1135585607302776,3232.450505614005,59,59,0.0005720839981222525,True,False,,ieee30,pypower,pypower.case30.case30,True,ac_power_flow_linearized,91,59,real_ieee30_ac_linearized,0.002,0.1,0.05,1,5.0,weak_area,,658.2106903999758,real_noise_sweep_0p002_seed202,real_noise_sweep,scenario.noise_std,0.002,202
ridge,0.033040792999815015,0.04683299186357473,0.005174944255496214,3.113558560731893,3.113558560731893,3232.450505614005,59,59,0.0003884170000674203,True,False,,ieee30,pypower,pypower.case30.case30,True,ac_power_flow_linearized,91,59,real_ieee30_ac_linearized,0.002,0.1,0.05,1,5.0,weak_area,,658.2106903999758,real_noise_sweep_0p002_seed202,real_noise_sweep,scenario.noise_std,0.002,202
truncated_svd,0.03304084304351822,0.046833059108417785,0.005174984362082343,3.1135585607302776,3.1135585607302776,3232.450505614005,59,59,0.0004975000047124922,True,False,,ieee30,pypower,pypower.case30.case30,True,ac_power_flow_linearized,91,59,real_ieee30_ac_linearized,0.002,0.1,0.05,1,5.0,weak_area,,658.2106903999758,real_noise_sweep_0p002_seed202,real_noise_sweep,scenario.noise_std,0.002,202
qsvt_regularized,0.033040792999815015,0.04683299186357473,0.005174944255496214,3.113558560731893,3.113558560731893,3232.450505614005,59,59,0.0004080829967278987,True,False,,ieee30,pypower,pypower.case30.case30,True,ac_power_flow_linearized,91,59,real_ieee30_ac_linearized,0.002,0.1,0.05,1,5.0,weak_area,,658.2106903999758,real_noise_sweep_0p002_seed202,real_noise_sweep,scenario.noise_std,0.002,202
huber_irls,0.025629330269789797,0.03632952459759915,0.003998730079498345,3.2358079996022573,3.2358079996022573,3232.450505614005,59,59,0.003808749999734573,False,False,,ieee30,pypower,pypower.case30.case30,True,ac_power_flow_linearized,91,59,real_ieee30_ac_linearized,0.002,0.1,0.05,1,5.0,weak_area,,658.2106903999758,real_noise_sweep_0p002_seed202,real_noise_sweep,scenario.noise_std,0.002,202
pseudoinverse,1.2187165538039322,0.8436091774482102,1.494348413060106,4.150029671357847,4.150029671357847,1.714482301442949e+17,58,58,0.0005590829969150946,True,False,,ieee30,pypower,pypower.case30.case30,True,ac_power_flow_linearized,91,59,real_ieee30_ac_linearized,0.002,0.1,0.05,1,5.0,weak_area,,658.952167674556,real_noise_sweep_0p002_seed303,real_noise_sweep,scenario.noise_std,0.002,303
ridge,0.9521213505881672,0.6630111526076096,1.165298803490965,4.150210104730606,4.150210104730606,1.714482301442949e+17,58,58,0.00038820900226710364,True,False,,ieee30,pypower,pypower.case30.case30,True,ac_power_flow_linearized,91,59,real_ieee30_ac_linearized,0.002,0.1,0.05,1,5.0,weak_area,,658.952167674556,real_noise_sweep_0p002_seed303,real_noise_sweep,scenario.noise_std,0.002,303
truncated_svd,1.2187165538039322,0.8436091774482102,1.494348413060106,4.150029671357847,4.150029671357847,1.714482301442949e+17,58,58,0.0003913749969797209,True,False,,ieee30,pypower,pypower.case30.case30,True,ac_power_flow_linearized,91,59,real_ieee30_ac_linearized,0.002,0.1,0.05,1,5.0,weak_area,,658.952167674556,real_noise_sweep_0p002_seed303,real_noise_sweep,scenario.noise_std,0.002,303
qsvt_regularized,0.9521213505881672,0.6630111526076096,1.165298803490965,4.150210104730606,4.150210104730606,1.714482301442949e+17,58,58,0.00043608299893094227,True,False,,ieee30,pypower,pypower.case30.case30,True,ac_power_flow_linearized,91,59,real_ieee30_ac_linearized,0.002,0.1,0.05,1,5.0,weak_area,,658.952167674556,real_noise_sweep_0p002_seed303,real_noise_sweep,scenario.noise_std,0.002,303
huber_irls,0.5304995868431902,0.367188647865158,0.6504962540577947,4.438756704339787,4.438756704339787,1.714482301442949e+17,58,58,0.003602875003707595,True,False,,ieee30,pypower,pypower.case30.case30,True,ac_power_flow_linearized,91,59,real_ieee30_ac_linearized,0.002,0.1,0.05,1,5.0,weak_area,,658.952167674556,real_noise_sweep_0p002_seed303,real_noise_sweep,scenario.noise_std,0.002,303
pseudoinverse,0.004851917248275463,0.002888768799900276,0.006183096279005696,4.974178003443631,4.974178003443631,389313.94498984964,59,59,0.0005855830022483133,True,False,,ieee30,pypower,pypower.case30.case30,True,ac_power_flow_linearized,91,59,real_ieee30_ac_linearized,0.002,0.1,0.05,1,5.0,weak_area,,664.4204809144534,real_noise_sweep_0p002_seed404,real_noise_sweep,scenario.noise_std,0.002,404
ridge,0.004783372427365527,0.0028354490356407936,0.006101379869002837,4.974178003543805,4.974178003543805,389313.94498984964,59,59,0.0003835419993265532,True,False,,ieee30,pypower,pypower.case30.case30,True,ac_power_flow_linearized,91,59,real_ieee30_ac_linearized,0.002,0.1,0.05,1,5.0,weak_area,,664.4204809144534,real_noise_sweep_0p002_seed404,real_noise_sweep,scenario.noise_std,0.002,404
truncated_svd,0.0048519172482754626,0.0028887687999002752,0.006183096279005696,4.974178003443631,4.974178003443631,389313.94498984964,59,59,0.0003903339966200292,True,False,,ieee30,pypower,pypower.case30.case30,True,ac_power_flow_linearized,91,59,real_ieee30_ac_linearized,0.002,0.1,0.05,1,5.0,weak_area,,664.4204809144534,real_noise_sweep_0p002_seed404,real_noise_sweep,scenario.noise_std,0.002,404
qsvt_regularized,0.004783372427365527,0.0028354490356407936,0.006101379869002837,4.974178003543805,4.974178003543805,389313.94498984964,59,59,0.00038225000025704503,True,False,,ieee30,pypower,pypower.case30.case30,True,ac_power_flow_linearized,91,59,real_ieee30_ac_linearized,0.002,0.1,0.05,1,5.0,weak_area,,664.4204809144534,real_noise_sweep_0p002_seed404,real_noise_sweep,scenario.noise_std,0.002,404
huber_irls,0.04101000378687449,0.027562154821124858,0.05072701622483562,4.98726835109446,4.98726835109446,389313.94498984964,59,59,0.0016414580022683367,True,False,,ieee30,pypower,pypower.case30.case30,True,ac_power_flow_linearized,91,59,real_ieee30_ac_linearized,0.002,0.1,0.05,1,5.0,weak_area,,664.4204809144534,real_noise_sweep_0p002_seed404,real_noise_sweep,scenario.noise_std,0.002,404
pseudoinverse,0.051435366934639015,0.029544215380485656,0.06602455657287654,2.703628959345252,2.703628959345252,782.8587287446862,59,59,0.0006387499961419962,True,False,,ieee30,pypower,pypower.case30.case30,True,ac_power_flow_linearized,91,59,real_ieee30_ac_linearized,0.002,0.1,0.05,1,5.0,weak_area,,653.3091250021798,real_noise_sweep_0p002_seed505,real_noise_sweep,scenario.noise_std,0.002,505
ridge,0.051435317040690084,0.029544181045750764,0.06602449498210067,2.703628959348097,2.703628959348097,782.8587287446862,59,59,0.0004269580022082664,True,False,,ieee30,pypower,pypower.case30.case30,True,ac_power_flow_linearized,91,59,real_ieee30_ac_linearized,0.002,0.1,0.05,1,5.0,weak_area,,653.3091250021798,real_noise_sweep_0p002_seed505,real_noise_sweep,scenario.noise_std,0.002,505
truncated_svd,0.05143536693463906,0.029544215380485676,0.06602455657287658,2.703628959345252,2.703628959345252,782.8587287446862,59,59,0.0004027920003863983,True,False,,ieee30,pypower,pypower.case30.case30,True,ac_power_flow_linearized,91,59,real_ieee30_ac_linearized,0.002,0.1,0.05,1,5.0,weak_area,,653.3091250021798,real_noise_sweep_0p002_seed505,real_noise_sweep,scenario.noise_std,0.002,505
qsvt_regularized,0.051435317040690084,0.029544181045750764,0.06602449498210067,2.703628959348097,2.703628959348097,782.8587287446862,59,59,0.00039812500472180545,True,False,,ieee30,pypower,pypower.case30.case30,True,ac_power_flow_linearized,91,59,real_ieee30_ac_linearized,0.002,0.1,0.05,1,5.0,weak_area,,653.3091250021798,real_noise_sweep_0p002_seed505,real_noise_sweep,scenario.noise_std,0.002,505
huber_irls,0.05143536693463913,0.0295442153804857,0.06602455657287669,2.703628959345252,2.703628959345252,782.8587287446862,59,59,0.0007401670009130612,True,False,,ieee30,pypower,pypower.case30.case30,True,ac_power_flow_linearized,91,59,real_ieee30_ac_linearized,0.002,0.1,0.05,1,5.0,weak_area,,653.3091250021798,real_noise_sweep_0p002_seed505,real_noise_sweep,scenario.noise_std,0.002,505
pseudoinverse,0.09193769720080659,0.05273613160474393,0.1180463160665185,1.8992016980320863,1.8992016980320863,125154.09364819992,59,59,0.000575416001083795,True,False,,ieee30,pypower,pypower.case30.case30,True,ac_power_flow_linearized,91,59,real_ieee30_ac_linearized,0.002,0.1,0.05,1,5.0,weak_area,,664.1121893060704,real_noise_sweep_0p002_seed606,real_noise_sweep,scenario.noise_std,0.002,606
ridge,0.08854689475509891,0.050305529058133146,0.11390110627421805,1.899202157774545,1.899202157774545,125154.09364819992,59,59,0.0004120419980608858,True,False,,ieee30,pypower,pypower.case30.case30,True,ac_power_flow_linearized,91,59,real_ieee30_ac_linearized,0.002,0.1,0.05,1,5.0,weak_area,,664.1121893060704,real_noise_sweep_0p002_seed606,real_noise_sweep,scenario.noise_std,0.002,606
truncated_svd,0.0919376972008066,0.052736131604743934,0.11804631606651851,1.8992016980320854,1.8992016980320854,125154.09364819992,59,59,0.0004084999964106828,True,False,,ieee30,pypower,pypower.case30.case30,True,ac_power_flow_linearized,91,59,real_ieee30_ac_linearized,0.002,0.1,0.05,1,5.0,weak_area,,664.1121893060704,real_noise_sweep_0p002_seed606,real_noise_sweep,scenario.noise_std,0.002,606
qsvt_regularized,0.08854689475509891,0.050305529058133146,0.11390110627421805,1.899202157774545,1.899202157774545,125154.09364819992,59,59,0.0003968339951825328,True,False,,ieee30,pypower,pypower.case30.case30,True,ac_power_flow_linearized,91,59,real_ieee30_ac_linearized,0.002,0.1,0.05,1,5.0,weak_area,,664.1121893060704,real_noise_sweep_0p002_seed606,real_noise_sweep,scenario.noise_std,0.002,606
huber_irls,0.09193769720080752,0.05273613160474463,0.11804631606651964,1.899201698032086,1.899201698032086,125154.09364819992,59,59,0.000704416997905355,True,False,,ieee30,pypower,pypower.case30.case30,True,ac_power_flow_linearized,91,59,real_ieee30_ac_linearized,0.002,0.1,0.05,1,5.0,weak_area,,664.1121893060704,real_noise_sweep_0p002_seed606,real_noise_sweep,scenario.noise_std,0.002,606
pseudoinverse,0.10741377432653337,0.09196444613476756,0.12047947193828674,3.2403143704790978,3.2403143704790978,1717.0455244401148,59,59,0.0006205000026966445,True,False,,ieee30,pypower,pypower.case30.case30,True,ac_power_flow_linearized,91,59,real_ieee30_ac_linearized,0.002,0.1,0.05,1,5.0,weak_area,,655.0626612320015,real_noise_sweep_0p002_seed707,real_noise_sweep,scenario.noise_std,0.002,707
ridge,0.10741253701598463,0.09196383133660864,0.12047775609841399,3.240314370600303,3.240314370600303,1717.0455244401148,59,59,0.000411458000598941,True,False,,ieee30,pypower,pypower.case30.case30,True,ac_power_flow_linearized,91,59,real_ieee30_ac_linearized,0.002,0.1,0.05,1,5.0,weak_area,,655.0626612320015,real_noise_sweep_0p002_seed707,real_noise_sweep,scenario.noise_std,0.002,707
truncated_svd,0.10741377432653337,0.09196444613476756,0.12047947193828673,3.2403143704790978,3.2403143704790978,1717.0455244401148,59,59,0.00039095900137908757,True,False,,ieee30,pypower,pypower.case30.case30,True,ac_power_flow_linearized,91,59,real_ieee30_ac_linearized,0.002,0.1,0.05,1,5.0,weak_area,,655.0626612320015,real_noise_sweep_0p002_seed707,real_noise_sweep,scenario.noise_std,0.002,707
qsvt_regularized,0.10741253701598463,0.09196383133660864,0.12047775609841399,3.240314370600303,3.240314370600303,1717.0455244401148,59,59,0.00037933300336590037,True,False,,ieee30,pypower,pypower.case30.case30,True,ac_power_flow_linearized,91,59,real_ieee30_ac_linearized,0.002,0.1,0.05,1,5.0,weak_area,,655.0626612320015,real_noise_sweep_0p002_seed707,real_noise_sweep,scenario.noise_std,0.002,707
huber_irls,0.077360979621452,0.06625739873588331,0.08675392501808836,3.4104407266411805,3.4104407266411805,1717.0455244401148,59,59,0.003715916995133739,False,False,,ieee30,pypower,pypower.case30.case30,True,ac_power_flow_linearized,91,59,real_ieee30_ac_linearized,0.002,0.1,0.05,1,5.0,weak_area,,655.0626612320015,real_noise_sweep_0p002_seed707,real_noise_sweep,scenario.noise_std,0.002,707
pseudoinverse,0.07333474213330925,0.04804178333417931,0.09135438401993637,0.136081308330065,0.136081308330065,1174.0616722496804,59,59,0.0006587909956579097,True,False,,ieee30,pypower,pypower.case30.case30,True,ac_power_flow_linearized,91,59,real_ieee30_ac_linearized,0.002,0.1,0.05,1,5.0,weak_area,,656.5888011751795,real_noise_sweep_0p002_seed808,real_noise_sweep,scenario.noise_std,0.002,808
ridge,0.07333463919586977,0.0480416923335685,0.09135426776883337,0.13608130849407968,0.13608130849407968,1174.0616722496804,59,59,0.00042299999768147245,True,False,,ieee30,pypower,pypower.case30.case30,True,ac_power_flow_linearized,91,59,real_ieee30_ac_linearized,0.002,0.1,0.05,1,5.0,weak_area,,656.5888011751795,real_noise_sweep_0p002_seed808,real_noise_sweep,scenario.noise_std,0.002,808
truncated_svd,0.07333474213330925,0.04804178333417928,0.09135438401993637,0.13608130833006363,0.13608130833006363,1174.0616722496804,59,59,0.0004154999987804331,True,False,,ieee30,pypower,pypower.case30.case30,True,ac_power_flow_linearized,91,59,real_ieee30_ac_linearized,0.002,0.1,0.05,1,5.0,weak_area,,656.5888011751795,real_noise_sweep_0p002_seed808,real_noise_sweep,scenario.noise_std,0.002,808
qsvt_regularized,0.07333463919586977,0.0480416923335685,0.09135426776883337,0.13608130849407968,0.13608130849407968,1174.0616722496804,59,59,0.0004445829981705174,True,False,,ieee30,pypower,pypower.case30.case30,True,ac_power_flow_linearized,91,59,real_ieee30_ac_linearized,0.002,0.1,0.05,1,5.0,weak_area,,656.5888011751795,real_noise_sweep_0p002_seed808,real_noise_sweep,scenario.noise_std,0.002,808
huber_irls,0.07333474213330926,0.048041783334179244,0.09135438401993641,0.13608130833006377,0.13608130833006377,1174.0616722496804,59,59,0.0007114160034689121,True,False,,ieee30,pypower,pypower.case30.case30,True,ac_power_flow_linearized,91,59,real_ieee30_ac_linearized,0.002,0.1,0.05,1,5.0,weak_area,,656.5888011751795,real_noise_sweep_0p002_seed808,real_noise_sweep,scenario.noise_std,0.002,808
pseudoinverse,0.004598677838098829,0.0028454079684835515,0.005810703872889745,4.9752513892418655,4.9752513892418655,5412.586841655552,59,59,0.0005649169979733415,True,False,,ieee30,pypower,pypower.case30.case30,True,ac_power_flow_linearized,91,59,real_ieee30_ac_linearized,0.002,0.1,0.05,1,5.0,weak_area,,658.965485210082,real_noise_sweep_0p002_seed909,real_noise_sweep,scenario.noise_std,0.002,909
ridge,0.0045985538095401944,0.0028453240504565584,0.005810550552239356,4.975251389242102,4.975251389242102,5412.586841655552,59,59,0.0003787500027101487,True,False,,ieee30,pypower,pypower.case30.case30,True,ac_power_flow_linearized,91,59,real_ieee30_ac_linearized,0.002,0.1,0.05,1,5.0,weak_area,,658.965485210082,real_noise_sweep_0p002_seed909,real_noise_sweep,scenario.noise_std,0.002,909
truncated_svd,0.0045986778380988245,0.0028454079684835498,0.005810703872889741,4.9752513892418655,4.9752513892418655,5412.586841655552,59,59,0.000381334000849165,True,False,,ieee30,pypower,pypower.case30.case30,True,ac_power_flow_linearized,91,59,real_ieee30_ac_linearized,0.002,0.1,0.05,1,5.0,weak_area,,658.965485210082,real_noise_sweep_0p002_seed909,real_noise_sweep,scenario.noise_std,0.002,909
qsvt_regularized,0.0045985538095401944,0.0028453240504565584,0.005810550552239356,4.975251389242102,4.975251389242102,5412.586841655552,59,59,0.0003711669996846467,True,False,,ieee30,pypower,pypower.case30.case30,True,ac_power_flow_linearized,91,59,real_ieee30_ac_linearized,0.002,0.1,0.05,1,5.0,weak_area,,658.965485210082,real_noise_sweep_0p002_seed909,real_noise_sweep,scenario.noise_std,0.002,909
huber_irls,0.001693115227621371,0.000957353212165993,0.0021798507690031356,4.98781329224517,4.98781329224517,5412.586841655552,59,59,0.0016056669992394745,True,False,,ieee30,pypower,pypower.case30.case30,True,ac_power_flow_linearized,91,59,real_ieee30_ac_linearized,0.002,0.1,0.05,1,5.0,weak_area,,658.965485210082,real_noise_sweep_0p002_seed909,real_noise_sweep,scenario.noise_std,0.002,909
pseudoinverse,0.05567421712589438,0.03179060323036754,0.07154692109460374,2.3810240009024866,2.3810240009024866,1.9557534910000045e+17,58,58,0.0006680000005871989,True,False,,ieee30,pypower,pypower.case30.case30,True,ac_power_flow_linearized,91,59,real_ieee30_ac_linearized,0.002,0.1,0.05,1,5.0,weak_area,,661.0391998992394,real_noise_sweep_0p002_seed1001,real_noise_sweep,scenario.noise_std,0.002,1001
ridge,0.05567415720299427,0.03179055214002445,0.0715468513353077,2.38102400090661,2.38102400090661,1.9557534910000045e+17,58,58,0.0003881670054397546,True,False,,ieee30,pypower,pypower.case30.case30,True,ac_power_flow_linearized,91,59,real_ieee30_ac_linearized,0.002,0.1,0.05,1,5.0,weak_area,,661.0391998992394,real_noise_sweep_0p002_seed1001,real_noise_sweep,scenario.noise_std,0.002,1001
truncated_svd,0.05567421712589438,0.03179060323036754,0.07154692109460374,2.381024000902488,2.381024000902488,1.9557534910000045e+17,58,58,0.0004015830054413527,True,False,,ieee30,pypower,pypower.case30.case30,True,ac_power_flow_linearized,91,59,real_ieee30_ac_linearized,0.002,0.1,0.05,1,5.0,weak_area,,661.0391998992394,real_noise_sweep_0p002_seed1001,real_noise_sweep,scenario.noise_std,0.002,1001
qsvt_regularized,0.05567415720299427,0.03179055214002445,0.0715468513353077,2.38102400090661,2.38102400090661,1.9557534910000045e+17,58,58,0.0003861250006593764,True,False,,ieee30,pypower,pypower.case30.case30,True,ac_power_flow_linearized,91,59,real_ieee30_ac_linearized,0.002,0.1,0.05,1,5.0,weak_area,,661.0391998992394,real_noise_sweep_0p002_seed1001,real_noise_sweep,scenario.noise_std,0.002,1001
huber_irls,0.0556742171258944,0.03179060323036754,0.07154692109460377,2.3810240009024852,2.3810240009024852,1.9557534910000045e+17,58,58,0.0006710419984301552,True,False,,ieee30,pypower,pypower.case30.case30,True,ac_power_flow_linearized,91,59,real_ieee30_ac_linearized,0.002,0.1,0.05,1,5.0,weak_area,,661.0391998992394,real_noise_sweep_0p002_seed1001,real_noise_sweep,scenario.noise_std,0.002,1001
pseudoinverse,0.005383655191094546,0.002406138607780926,0.007169717016227794,4.901052954559698,4.901052954559698,1.9100852249825053e+17,58,58,0.00065487500251038,True,False,,ieee30,pypower,pypower.case30.case30,True,ac_power_flow_linearized,91,59,real_ieee30_ac_linearized,0.01,0.1,0.05,1,5.0,weak_area,,664.9079859883259,real_noise_sweep_0p01_seed101,real_noise_sweep,scenario.noise_std,0.01,101
ridge,0.005383580401194981,0.0024060713689828973,0.007169628383408199,4.901052954559871,4.901052954559871,1.9100852249825053e+17,58,58,0.00040333400102099404,True,False,,ieee30,pypower,pypower.case30.case30,True,ac_power_flow_linearized,91,59,real_ieee30_ac_linearized,0.01,0.1,0.05,1,5.0,weak_area,,664.9079859883259,real_noise_sweep_0p01_seed101,real_noise_sweep,scenario.noise_std,0.01,101
truncated_svd,0.005383655191094545,0.002406138607780925,0.007169717016227794,4.901052954559699,4.901052954559699,1.9100852249825053e+17,58,58,0.0004056670004501939,True,False,,ieee30,pypower,pypower.case30.case30,True,ac_power_flow_linearized,91,59,real_ieee30_ac_linearized,0.01,0.1,0.05,1,5.0,weak_area,,664.9079859883259,real_noise_sweep_0p01_seed101,real_noise_sweep,scenario.noise_std,0.01,101
qsvt_regularized,0.005383580401194981,0.0024060713689828973,0.007169628383408199,4.901052954559871,4.901052954559871,1.9100852249825053e+17,58,58,0.00040470800013281405,True,False,,ieee30,pypower,pypower.case30.case30,True,ac_power_flow_linearized,91,59,real_ieee30_ac_linearized,0.01,0.1,0.05,1,5.0,weak_area,,664.9079859883259,real_noise_sweep_0p01_seed101,real_noise_sweep,scenario.noise_std,0.01,101
huber_irls,0.0029704148222146625,0.001518951932093735,0.003888741246888655,4.959177047332233,4.959177047332233,1.9100852249825053e+17,58,58,0.0018689160060603172,True,False,,ieee30,pypower,pypower.case30.case30,True,ac_power_flow_linearized,91,59,real_ieee30_ac_linearized,0.01,0.1,0.05,1,5.0,weak_area,,664.9079859883259,real_noise_sweep_0p01_seed101,real_noise_sweep,scenario.noise_std,0.01,101
pseudoinverse,0.033182772469910644,0.0470413797250026,0.0051343164169375365,3.1094423788328496,3.1094423788328496,3232.450505614005,59,59,0.0007229579932754859,True,False,,ieee30,pypower,pypower.case30.case30,True,ac_power_flow_linearized,91,59,real_ieee30_ac_linearized,0.01,0.1,0.05,1,5.0,weak_area,,658.2106903999758,real_noise_sweep_0p01_seed202,real_noise_sweep,scenario.noise_std,0.01,202
ridge,0.03318272300827676,0.04704131166107871,0.005134290562319616,3.1094423788344416,3.1094423788344416,3232.450505614005,59,59,0.0004012499994132668,True,False,,ieee30,pypower,pypower.case30.case30,True,ac_power_flow_linearized,91,59,real_ieee30_ac_linearized,0.01,0.1,0.05,1,5.0,weak_area,,658.2106903999758,real_noise_sweep_0p01_seed202,real_noise_sweep,scenario.noise_std,0.01,202
truncated_svd,0.03318277246991063,0.04704137972500258,0.005134316416937534,3.10944237883285,3.10944237883285,3232.450505614005,59,59,0.0004131660025450401,True,False,,ieee30,pypower,pypower.case30.case30,True,ac_power_flow_linearized,91,59,real_ieee30_ac_linearized,0.01,0.1,0.05,1,5.0,weak_area,,658.2106903999758,real_noise_sweep_0p01_seed202,real_noise_sweep,scenario.noise_std,0.01,202
qsvt_regularized,0.03318272300827676,0.04704131166107871,0.005134290562319616,3.1094423788344416,3.1094423788344416,3232.450505614005,59,59,0.00040970899863168597,True,False,,ieee30,pypower,pypower.case30.case30,True,ac_power_flow_linearized,91,59,real_ieee30_ac_linearized,0.01,0.1,0.05,1,5.0,weak_area,,658.2106903999758,real_noise_sweep_0p01_seed202,real_noise_sweep,scenario.noise_std,0.01,202
huber_irls,0.025824868617509347,0.036613102503326576,0.003972604246300128,3.230138553775222,3.230138553775222,3232.450505614005,59,59,0.0035308330043335445,False,False,,ieee30,pypower,pypower.case30.case30,True,ac_power_flow_linearized,91,59,real_ieee30_ac_linearized,0.01,0.1,0.05,1,5.0,weak_area,,658.2106903999758,real_noise_sweep_0p01_seed202,real_noise_sweep,scenario.noise_std,0.01,202
pseudoinverse,1.1936075944599756,0.8266026508390905,1.4633564153997378,4.151999006952787,4.151999006952787,1.714482301442949e+17,58,58,0.0005995419996907003,True,False,,ieee30,pypower,pypower.case30.case30,True,ac_power_flow_linearized,91,59,real_ieee30_ac_linearized,0.01,0.1,0.05,1,5.0,weak_area,,658.952167674556,real_noise_sweep_0p01_seed303,real_noise_sweep,scenario.noise_std,0.01,303
ridge,0.9325072067176291,0.6497270783067189,1.1410871823539457,4.1521719990130705,4.1521719990130705,1.714482301442949e+17,58,58,0.0003857079937006347,True,False,,ieee30,pypower,pypower.case30.case30,True,ac_power_flow_linearized,91,59,real_ieee30_ac_linearized,0.01,0.1,0.05,1,5.0,weak_area,,658.952167674556,real_noise_sweep_0p01_seed303,real_noise_sweep,scenario.noise_std,0.01,303
truncated_svd,1.1936075944599756,0.8266026508390905,1.4633564153997378,4.1519990069527815,4.1519990069527815,1.714482301442949e+17,58,58,0.0003849159984383732,True,False,,ieee30,pypower,pypower.case30.case30,True,ac_power_flow_linearized,91,59,real_ieee30_ac_linearized,0.01,0.1,0.05,1,5.0,weak_area,,658.952167674556,real_noise_sweep_0p01_seed303,real_noise_sweep,scenario.noise_std,0.01,303
qsvt_regularized,0.9325072067176291,0.6497270783067189,1.1410871823539457,4.1521719990130705,4.1521719990130705,1.714482301442949e+17,58,58,0.0004073330055689439,True,False,,ieee30,pypower,pypower.case30.case30,True,ac_power_flow_linearized,91,59,real_ieee30_ac_linearized,0.01,0.1,0.05,1,5.0,weak_area,,658.952167674556,real_noise_sweep_0p01_seed303,real_noise_sweep,scenario.noise_std,0.01,303
huber_irls,0.5050433539563751,0.34994178223832206,0.6190783551761143,4.440879962142499,4.440879962142499,1.714482301442949e+17,58,58,0.0035952079997514375,True,False,,ieee30,pypower,pypower.case30.case30,True,ac_power_flow_linearized,91,59,real_ieee30_ac_linearized,0.01,0.1,0.05,1,5.0,weak_area,,658.952167674556,real_noise_sweep_0p01_seed303,real_noise_sweep,scenario.noise_std,0.01,303
pseudoinverse,0.1967431770424338,0.1324020358741747,0.24326844644323242,4.975740192295625,4.975740192295625,389313.94498984964,59,59,0.0005687500015483238,True,False,,ieee30,pypower,pypower.case30.case30,True,ac_power_flow_linearized,91,59,real_ieee30_ac_linearized,0.01,0.1,0.05,1,5.0,weak_area,,664.4204809144534,real_noise_sweep_0p01_seed404,real_noise_sweep,scenario.noise_std,0.01,404
ridge,0.11615776708234038,0.07819388919860189,0.1436141519753149,4.9757457546934845,4.9757457546934845,389313.94498984964,59,59,0.00039316699985647574,True,False,,ieee30,pypower,pypower.case30.case30,True,ac_power_flow_linearized,91,59,real_ieee30_ac_linearized,0.01,0.1,0.05,1,5.0,weak_area,,664.4204809144534,real_noise_sweep_0p01_seed404,real_noise_sweep,scenario.noise_std,0.01,404
truncated_svd,0.1967431770424337,0.13240203587417462,0.24326844644323226,4.975740192295625,4.975740192295625,389313.94498984964,59,59,0.0003894160035997629,True,False,,ieee30,pypower,pypower.case30.case30,True,ac_power_flow_linearized,91,59,real_ieee30_ac_linearized,0.01,0.1,0.05,1,5.0,weak_area,,664.4204809144534,real_noise_sweep_0p01_seed404,real_noise_sweep,scenario.noise_std,0.01,404
qsvt_regularized,0.11615776708234038,0.07819388919860189,0.1436141519753149,4.9757457546934845,4.9757457546934845,389313.94498984964,59,59,0.00039308299892582,True,False,,ieee30,pypower,pypower.case30.case30,True,ac_power_flow_linearized,91,59,real_ieee30_ac_linearized,0.01,0.1,0.05,1,5.0,weak_area,,664.4204809144534,real_noise_sweep_0p01_seed404,real_noise_sweep,scenario.noise_std,0.01,404
huber_irls,0.23883454031717619,0.16071734273546026,0.2953191752347517,4.988836582181414,4.988836582181414,389313.94498984964,59,59,0.001757291000103578,True,False,,ieee30,pypower,pypower.case30.case30,True,ac_power_flow_linearized,91,59,real_ieee30_ac_linearized,0.01,0.1,0.05,1,5.0,weak_area,,664.4204809144534,real_noise_sweep_0p01_seed404,real_noise_sweep,scenario.noise_std,0.01,404
pseudoinverse,0.05131250819147238,0.029534179501963218,0.06584063368222898,2.7112273763798007,2.7112273763798007,782.8587287446862,59,59,0.0007208329989225604,True,False,,ieee30,pypower,pypower.case30.case30,True,ac_power_flow_linearized,91,59,real_ieee30_ac_linearized,0.01,0.1,0.05,1,5.0,weak_area,,653.3091250021798,real_noise_sweep_0p01_seed505,real_noise_sweep,scenario.noise_std,0.01,505
ridge,0.05131245833078718,0.029534145027473514,0.06584057220902781,2.711227376382629,2.711227376382629,782.8587287446862,59,59,0.0003982500056736171,True,False,,ieee30,pypower,pypower.case30.case30,True,ac_power_flow_linearized,91,59,real_ieee30_ac_linearized,0.01,0.1,0.05,1,5.0,weak_area,,653.3091250021798,real_noise_sweep_0p01_seed505,real_noise_sweep,scenario.noise_std,0.01,505
truncated_svd,0.051312508191472414,0.02953417950196324,0.06584063368222902,2.7112273763798007,2.7112273763798007,782.8587287446862,59,59,0.00039616599678993225,True,False,,ieee30,pypower,pypower.case30.case30,True,ac_power_flow_linearized,91,59,real_ieee30_ac_linearized,0.01,0.1,0.05,1,5.0,weak_area,,653.3091250021798,real_noise_sweep_0p01_seed505,real_noise_sweep,scenario.noise_std,0.01,505
qsvt_regularized,0.05131245833078718,0.029534145027473514,0.06584057220902781,2.711227376382629,2.711227376382629,782.8587287446862,59,59,0.00039445800211979076,True,False,,ieee30,pypower,pypower.case30.case30,True,ac_power_flow_linearized,91,59,real_ieee30_ac_linearized,0.01,0.1,0.05,1,5.0,weak_area,,653.3091250021798,real_noise_sweep_0p01_seed505,real_noise_sweep,scenario.noise_std,0.01,505
huber_irls,0.051312508191472435,0.02953417950196327,0.06584063368222905,2.7112273763798003,2.7112273763798003,782.8587287446862,59,59,0.0006885000038892031,True,False,,ieee30,pypower,pypower.case30.case30,True,ac_power_flow_linearized,91,59,real_ieee30_ac_linearized,0.01,0.1,0.05,1,5.0,weak_area,,653.3091250021798,real_noise_sweep_0p01_seed505,real_noise_sweep,scenario.noise_std,0.01,505
pseudoinverse,0.10492524419503285,0.06221505741896232,0.13382805106729936,1.9032042000033211,1.9032042000033211,125154.09364819992,59,59,0.0006377499958034605,True,False,,ieee30,pypower,pypower.case30.case30,True,ac_power_flow_linearized,91,59,real_ieee30_ac_linearized,0.01,0.1,0.05,1,5.0,weak_area,,664.1121893060704,real_noise_sweep_0p01_seed606,real_noise_sweep,scenario.noise_std,0.01,606
ridge,0.10033260267626451,0.058944806162559184,0.12821479677934833,1.9032049064311065,1.9032049064311065,125154.09364819992,59,59,0.00039799999649403617,True,False,,ieee30,pypower,pypower.case30.case30,True,ac_power_flow_linearized,91,59,real_ieee30_ac_linearized,0.01,0.1,0.05,1,5.0,weak_area,,664.1121893060704,real_noise_sweep_0p01_seed606,real_noise_sweep,scenario.noise_std,0.01,606
truncated_svd,0.10492524419503287,0.062215057418962334,0.1338280510672994,1.9032042000033225,1.9032042000033225,125154.09364819992,59,59,0.00040337500104214996,True,False,,ieee30,pypower,pypower.case30.case30,True,ac_power_flow_linearized,91,59,real_ieee30_ac_linearized,0.01,0.1,0.05,1,5.0,weak_area,,664.1121893060704,real_noise_sweep_0p01_seed606,real_noise_sweep,scenario.noise_std,0.01,606
qsvt_regularized,0.10033260267626451,0.058944806162559184,0.12821479677934833,1.9032049064311065,1.9032049064311065,125154.09364819992,59,59,0.0005177499988349155,True,False,,ieee30,pypower,pypower.case30.case30,True,ac_power_flow_linearized,91,59,real_ieee30_ac_linearized,0.01,0.1,0.05,1,5.0,weak_area,,664.1121893060704,real_noise_sweep_0p01_seed606,real_noise_sweep,scenario.noise_std,0.01,606
huber_irls,0.10492524419503356,0.062215057418962834,0.13382805106730022,1.903204200003323,1.903204200003323,125154.09364819992,59,59,0.0006965420034248382,True,False,,ieee30,pypower,pypower.case30.case30,True,ac_power_flow_linearized,91,59,real_ieee30_ac_linearized,0.01,0.1,0.05,1,5.0,weak_area,,664.1121893060704,real_noise_sweep_0p01_seed606,real_noise_sweep,scenario.noise_std,0.01,606
pseudoinverse,0.10707399268893933,0.0914598151487968,0.12025577170988519,3.230749001537596,3.230749001537596,1717.0455244401148,59,59,0.0006014999962644652,True,False,,ieee30,pypower,pypower.case30.case30,True,ac_power_flow_linearized,91,59,real_ieee30_ac_linearized,0.01,0.1,0.05,1,5.0,weak_area,,655.0626612320015,real_noise_sweep_0p01_seed707,real_noise_sweep,scenario.noise_std,0.01,707
ridge,0.10707275734990533,0.09145920188635437,0.12025405938307059,3.230749001658585,3.230749001658585,1717.0455244401148,59,59,0.00039795900374883786,True,False,,ieee30,pypower,pypower.case30.case30,True,ac_power_flow_linearized,91,59,real_ieee30_ac_linearized,0.01,0.1,0.05,1,5.0,weak_area,,655.0626612320015,real_noise_sweep_0p01_seed707,real_noise_sweep,scenario.noise_std,0.01,707
truncated_svd,0.10707399268893932,0.0914598151487968,0.12025577170988516,3.2307490015375966,3.2307490015375966,1717.0455244401148,59,59,0.0003849579952657223,True,False,,ieee30,pypower,pypower.case30.case30,True,ac_power_flow_linearized,91,59,real_ieee30_ac_linearized,0.01,0.1,0.05,1,5.0,weak_area,,655.0626612320015,real_noise_sweep_0p01_seed707,real_noise_sweep,scenario.noise_std,0.01,707
qsvt_regularized,0.10707275734990533,0.09145920188635437,0.12025405938307059,3.230749001658585,3.230749001658585,1717.0455244401148,59,59,0.0004015000013168901,True,False,,ieee30,pypower,pypower.case30.case30,True,ac_power_flow_linearized,91,59,real_ieee30_ac_linearized,0.01,0.1,0.05,1,5.0,weak_area,,655.0626612320015,real_noise_sweep_0p01_seed707,real_noise_sweep,scenario.noise_std,0.01,707
huber_irls,0.07736023543379572,0.06604276593423149,0.08691068106987751,3.3976228126136085,3.3976228126136085,1717.0455244401148,59,59,0.003784500004258007,False,False,,ieee30,pypower,pypower.case30.case30,True,ac_power_flow_linearized,91,59,real_ieee30_ac_linearized,0.01,0.1,0.05,1,5.0,weak_area,,655.0626612320015,real_noise_sweep_0p01_seed707,real_noise_sweep,scenario.noise_std,0.01,707
pseudoinverse,0.07355946033170384,0.0483729146785247,0.09154059767717272,0.15246880397937515,0.15246880397937515,1174.0616722496804,59,59,0.0005971659993520007,True,False,,ieee30,pypower,pypower.case30.case30,True,ac_power_flow_linearized,91,59,real_ieee30_ac_linearized,0.01,0.1,0.05,1,5.0,weak_area,,656.5888011751795,real_noise_sweep_0p01_seed808,real_noise_sweep,scenario.noise_std,0.01,808
ridge,0.07355935694842584,0.04837282285090668,0.09154048120165177,0.15246880412687822,0.15246880412687822,1174.0616722496804,59,59,0.0003965840005548671,True,False,,ieee30,pypower,pypower.case30.case30,True,ac_power_flow_linearized,91,59,real_ieee30_ac_linearized,0.01,0.1,0.05,1,5.0,weak_area,,656.5888011751795,real_noise_sweep_0p01_seed808,real_noise_sweep,scenario.noise_std,0.01,808
truncated_svd,0.07355946033170382,0.04837291467852468,0.09154059767717271,0.15246880397937587,0.15246880397937587,1174.0616722496804,59,59,0.00040662500396138057,True,False,,ieee30,pypower,pypower.case30.case30,True,ac_power_flow_linearized,91,59,real_ieee30_ac_linearized,0.01,0.1,0.05,1,5.0,weak_area,,656.5888011751795,real_noise_sweep_0p01_seed808,real_noise_sweep,scenario.noise_std,0.01,808
qsvt_regularized,0.07355935694842584,0.04837282285090668,0.09154048120165177,0.15246880412687822,0.15246880412687822,1174.0616722496804,59,59,0.00037970799894537777,True,False,,ieee30,pypower,pypower.case30.case30,True,ac_power_flow_linearized,91,59,real_ieee30_ac_linearized,0.01,0.1,0.05,1,5.0,weak_area,,656.5888011751795,real_noise_sweep_0p01_seed808,real_noise_sweep,scenario.noise_std,0.01,808
huber_irls,0.07355946033170384,0.048372914678524684,0.09154059767717274,0.1524688039793736,0.1524688039793736,1174.0616722496804,59,59,0.0007344159967033193,True,False,,ieee30,pypower,pypower.case30.case30,True,ac_power_flow_linearized,91,59,real_ieee30_ac_linearized,0.01,0.1,0.05,1,5.0,weak_area,,656.5888011751795,real_noise_sweep_0p01_seed808,real_noise_sweep,scenario.noise_std,0.01,808
pseudoinverse,0.006583644819483948,0.004132343503408404,0.00829077146664343,4.977683485899209,4.977683485899209,5412.586841655552,59,59,0.0006432500013033859,True,False,,ieee30,pypower,pypower.case30.case30,True,ac_power_flow_linearized,91,59,real_ieee30_ac_linearized,0.01,0.1,0.05,1,5.0,weak_area,,658.965485210082,real_noise_sweep_0p01_seed909,real_noise_sweep,scenario.noise_std,0.01,909
ridge,0.006583168034831474,0.00413203249963345,0.008290176709720973,4.977683485900797,4.977683485900797,5412.586841655552,59,59,0.00040420799632556736,True,False,,ieee30,pypower,pypower.case30.case30,True,ac_power_flow_linearized,91,59,real_ieee30_ac_linearized,0.01,0.1,0.05,1,5.0,weak_area,,658.965485210082,real_noise_sweep_0p01_seed909,real_noise_sweep,scenario.noise_std,0.01,909
truncated_svd,0.006583644819483931,0.004132343503408391,0.008290771466643407,4.977683485899209,4.977683485899209,5412.586841655552,59,59,0.0004073329982929863,True,False,,ieee30,pypower,pypower.case30.case30,True,ac_power_flow_linearized,91,59,real_ieee30_ac_linearized,0.01,0.1,0.05,1,5.0,weak_area,,658.965485210082,real_noise_sweep_0p01_seed909,real_noise_sweep,scenario.noise_std,0.01,909
qsvt_regularized,0.006583168034831474,0.00413203249963345,0.008290176709720973,4.977683485900797,4.977683485900797,5412.586841655552,59,59,0.0003888329956680536,True,False,,ieee30,pypower,pypower.case30.case30,True,ac_power_flow_linearized,91,59,real_ieee30_ac_linearized,0.01,0.1,0.05,1,5.0,weak_area,,658.965485210082,real_noise_sweep_0p01_seed909,real_noise_sweep,scenario.noise_std,0.01,909
huber_irls,0.003986896319572034,0.0024612887482845383,0.005040320316367055,4.990255189009401,4.990255189009401,5412.586841655552,59,59,0.0018807079977705143,True,False,,ieee30,pypower,pypower.case30.case30,True,ac_power_flow_linearized,91,59,real_ieee30_ac_linearized,0.01,0.1,0.05,1,5.0,weak_area,,658.965485210082,real_noise_sweep_0p01_seed909,real_noise_sweep,scenario.noise_std,0.01,909
pseudoinverse,0.055669088945431565,0.031837996690693614,0.07151869625299061,2.383000635627423,2.383000635627423,1.9557534910000045e+17,58,58,0.0005547089967876673,True,False,,ieee30,pypower,pypower.case30.case30,True,ac_power_flow_linearized,91,59,real_ieee30_ac_linearized,0.01,0.1,0.05,1,5.0,weak_area,,661.0391998992394,real_noise_sweep_0p01_seed1001,real_noise_sweep,scenario.noise_std,0.01,1001
ridge,0.05566902906407428,0.031837945448716896,0.07151862663618931,2.3830006356315363,2.3830006356315363,1.9557534910000045e+17,58,58,0.00039291600114665926,True,False,,ieee30,pypower,pypower.case30.case30,True,ac_power_flow_linearized,91,59,real_ieee30_ac_linearized,0.01,0.1,0.05,1,5.0,weak_area,,661.0391998992394,real_noise_sweep_0p01_seed1001,real_noise_sweep,scenario.noise_std,0.01,1001
truncated_svd,0.05566908894543156,0.031837996690693614,0.0715186962529906,2.383000635627422,2.383000635627422,1.9557534910000045e+17,58,58,0.0003897080023307353,True,False,,ieee30,pypower,pypower.case30.case30,True,ac_power_flow_linearized,91,59,real_ieee30_ac_linearized,0.01,0.1,0.05,1,5.0,weak_area,,661.0391998992394,real_noise_sweep_0p01_seed1001,real_noise_sweep,scenario.noise_std,0.01,1001
qsvt_regularized,0.05566902906407428,0.031837945448716896,0.07151862663618931,2.3830006356315363,2.3830006356315363,1.9557534910000045e+17,58,58,0.00039074999949662015,True,False,,ieee30,pypower,pypower.case30.case30,True,ac_power_flow_linearized,91,59,real_ieee30_ac_linearized,0.01,0.1,0.05,1,5.0,weak_area,,661.0391998992394,real_noise_sweep_0p01_seed1001,real_noise_sweep,scenario.noise_std,0.01,1001
huber_irls,0.05566908894543154,0.031837996690693635,0.07151869625299055,2.3830006356274236,2.3830006356274236,1.9557534910000045e+17,58,58,0.0006524170021293685,True,False,,ieee30,pypower,pypower.case30.case30,True,ac_power_flow_linearized,91,59,real_ieee30_ac_linearized,0.01,0.1,0.05,1,5.0,weak_area,,661.0391998992394,real_noise_sweep_0p01_seed1001,real_noise_sweep,scenario.noise_std,0.01,1001
pseudoinverse,0.02423367713526942,0.034512411595611095,0.0018877258989858435,3.898668957782424,3.898668957782424,664.9079859883259,59,59,0.0006696249984088354,True,False,,ieee30,pypower,pypower.case30.case30,True,ac_power_flow_linearized,101,59,real_ieee30_ac_linearized,0.002,0.0,0.05,1,5.0,weak_area,,664.9079859883259,real_missing_sweep_0p0_seed101,real_missing_sweep,scenario.missing_ratio,0.0,101
ridge,0.0242336485862939,0.034512370723271596,0.0018877274623169873,3.8986689577829825,3.8986689577829825,664.9079859883259,59,59,0.00043183399975532666,True,False,,ieee30,pypower,pypower.case30.case30,True,ac_power_flow_linearized,101,59,real_ieee30_ac_linearized,0.002,0.0,0.05,1,5.0,weak_area,,664.9079859883259,real_missing_sweep_0p0_seed101,real_missing_sweep,scenario.missing_ratio,0.0,101
truncated_svd,0.024233677135269416,0.03451241159561109,0.0018877258989858452,3.898668957782424,3.898668957782424,664.9079859883259,59,59,0.00043733300117310137,True,False,,ieee30,pypower,pypower.case30.case30,True,ac_power_flow_linearized,101,59,real_ieee30_ac_linearized,0.002,0.0,0.05,1,5.0,weak_area,,664.9079859883259,real_missing_sweep_0p0_seed101,real_missing_sweep,scenario.missing_ratio,0.0,101
qsvt_regularized,0.0242336485862939,0.034512370723271596,0.0018877274623169873,3.8986689577829825,3.8986689577829825,664.9079859883259,59,59,0.00041708399658091366,True,False,,ieee30,pypower,pypower.case30.case30,True,ac_power_flow_linearized,101,59,real_ieee30_ac_linearized,0.002,0.0,0.05,1,5.0,weak_area,,664.9079859883259,real_missing_sweep_0p0_seed101,real_missing_sweep,scenario.missing_ratio,0.0,101
huber_irls,0.011996898037477492,0.017087224393453348,0.0009015597980104362,4.210565715378823,4.210565715378823,664.9079859883259,59,59,0.003999665997980628,True,False,,ieee30,pypower,pypower.case30.case30,True,ac_power_flow_linearized,101,59,real_ieee30_ac_linearized,0.002,0.0,0.05,1,5.0,weak_area,,664.9079859883259,real_missing_sweep_0p0_seed101,real_missing_sweep,scenario.missing_ratio,0.0,101
pseudoinverse,0.029091341638555104,0.028144032779292977,0.029978632662926802,4.125125525602378,4.125125525602378,658.2106903999758,59,59,0.0006242919989745133,True,False,,ieee30,pypower,pypower.case30.case30,True,ac_power_flow_linearized,101,59,real_ieee30_ac_linearized,0.002,0.0,0.05,1,5.0,weak_area,,658.2106903999758,real_missing_sweep_0p0_seed202,real_missing_sweep,scenario.missing_ratio,0.0,202
ridge,0.029091316784505026,0.028144000970040845,0.029978614097208728,4.125125525602887,4.125125525602887,658.2106903999758,59,59,0.00042795800254680216,True,False,,ieee30,pypower,pypower.case30.case30,True,ac_power_flow_linearized,101,59,real_ieee30_ac_linearized,0.002,0.0,0.05,1,5.0,weak_area,,658.2106903999758,real_missing_sweep_0p0_seed202,real_missing_sweep,scenario.missing_ratio,0.0,202
truncated_svd,0.0290913416385551,0.028144032779292977,0.0299786326629268,4.125125525602379,4.125125525602379,658.2106903999758,59,59,0.000450084000476636,True,False,,ieee30,pypower,pypower.case30.case30,True,ac_power_flow_linearized,101,59,real_ieee30_ac_linearized,0.002,0.0,0.05,1,5.0,weak_area,,658.2106903999758,real_missing_sweep_0p0_seed202,real_missing_sweep,scenario.missing_ratio,0.0,202
qsvt_regularized,0.029091316784505026,0.028144000970040845,0.029978614097208728,4.125125525602887,4.125125525602887,658.2106903999758,59,59,0.00042204199417028576,True,False,,ieee30,pypower,pypower.case30.case30,True,ac_power_flow_linearized,101,59,real_ieee30_ac_linearized,0.002,0.0,0.05,1,5.0,weak_area,,658.2106903999758,real_missing_sweep_0p0_seed202,real_missing_sweep,scenario.missing_ratio,0.0,202
huber_irls,0.012905642139510717,0.012530630191606858,0.013258074578646155,4.415032884271776,4.415032884271776,658.2106903999758,59,59,0.0038875840036780573,True,False,,ieee30,pypower,pypower.case30.case30,True,ac_power_flow_linearized,101,59,real_ieee30_ac_linearized,0.002,0.0,0.05,1,5.0,weak_area,,658.2106903999758,real_missing_sweep_0p0_seed202,real_missing_sweep,scenario.missing_ratio,0.0,202
pseudoinverse,0.02870990560984193,0.027453485086795168,0.029874259080642375,4.1492181667806145,4.1492181667806145,658.952167674556,59,59,0.0006304589987848885,True,False,,ieee30,pypower,pypower.case30.case30,True,ac_power_flow_linearized,101,59,real_ieee30_ac_linearized,0.002,0.0,0.05,1,5.0,weak_area,,658.952167674556,real_missing_sweep_0p0_seed303,real_missing_sweep,scenario.missing_ratio,0.0,303
ridge,0.028709880489763546,0.027453453056913338,0.02987424005658701,4.149218166781134,4.149218166781134,658.952167674556,59,59,0.00042462500277906656,True,False,,ieee30,pypower,pypower.case30.case30,True,ac_power_flow_linearized,101,59,real_ieee30_ac_linearized,0.002,0.0,0.05,1,5.0,weak_area,,658.952167674556,real_missing_sweep_0p0_seed303,real_missing_sweep,scenario.missing_ratio,0.0,303
truncated_svd,0.028709905609841924,0.027453485086795164,0.029874259080642368,4.1492181667806145,4.1492181667806145,658.952167674556,59,59,0.00041720899753272533,True,False,,ieee30,pypower,pypower.case30.case30,True,ac_power_flow_linearized,101,59,real_ieee30_ac_linearized,0.002,0.0,0.05,1,5.0,weak_area,,658.952167674556,real_missing_sweep_0p0_seed303,real_missing_sweep,scenario.missing_ratio,0.0,303
qsvt_regularized,0.028709880489763546,0.027453453056913338,0.02987424005658701,4.149218166781134,4.149218166781134,658.952167674556,59,59,0.0004127080028411001,True,False,,ieee30,pypower,pypower.case30.case30,True,ac_power_flow_linearized,101,59,real_ieee30_ac_linearized,0.002,0.0,0.05,1,5.0,weak_area,,658.952167674556,real_missing_sweep_0p0_seed303,real_missing_sweep,scenario.missing_ratio,0.0,303
huber_irls,0.01247215780070813,0.011881770128158697,0.013017438447670095,4.440215982551682,4.440215982551682,658.952167674556,59,59,0.00387849999970058,True,False,,ieee30,pypower,pypower.case30.case30,True,ac_power_flow_linearized,101,59,real_ieee30_ac_linearized,0.002,0.0,0.05,1,5.0,weak_area,,658.952167674556,real_missing_sweep_0p0_seed303,real_missing_sweep,scenario.missing_ratio,0.0,303
pseudoinverse,0.003301651571129245,0.0019089043384969608,0.004232728534089366,4.982977482535123,4.982977482535123,664.4204809144534,59,59,0.0005678750021615997,True,False,,ieee30,pypower,pypower.case30.case30,True,ac_power_flow_linearized,101,59,real_ieee30_ac_linearized,0.002,0.0,0.05,1,5.0,weak_area,,664.4204809144534,real_missing_sweep_0p0_seed404,real_missing_sweep,scenario.missing_ratio,0.0,404
ridge,0.0033016493188698084,0.0019089037514674772,0.004232725334912023,4.982977482535127,4.982977482535127,664.4204809144534,59,59,0.00039229200046975166,True,False,,ieee30,pypower,pypower.case30.case30,True,ac_power_flow_linearized,101,59,real_ieee30_ac_linearized,0.002,0.0,0.05,1,5.0,weak_area,,664.4204809144534,real_missing_sweep_0p0_seed404,real_missing_sweep,scenario.missing_ratio,0.0,404
truncated_svd,0.0033016515711292447,0.0019089043384969604,0.004232728534089366,4.982977482535123,4.982977482535123,664.4204809144534,59,59,0.00040462499600835145,True,False,,ieee30,pypower,pypower.case30.case30,True,ac_power_flow_linearized,101,59,real_ieee30_ac_linearized,0.002,0.0,0.05,1,5.0,weak_area,,664.4204809144534,real_missing_sweep_0p0_seed404,real_missing_sweep,scenario.missing_ratio,0.0,404
qsvt_regularized,0.0033016493188698084,0.0019089037514674772,0.004232725334912023,4.982977482535127,4.982977482535127,664.4204809144534,59,59,0.0003889579966198653,True,False,,ieee30,pypower,pypower.case30.case30,True,ac_power_flow_linearized,101,59,real_ieee30_ac_linearized,0.002,0.0,0.05,1,5.0,weak_area,,664.4204809144534,real_missing_sweep_0p0_seed404,real_missing_sweep,scenario.missing_ratio,0.0,404
huber_irls,0.0010334728070790777,0.0006305001113405983,0.0013100574442077965,4.991252134645454,4.991252134645454,664.4204809144534,59,59,0.0014637499989476055,True,False,,ieee30,pypower,pypower.case30.case30,True,ac_power_flow_linearized,101,59,real_ieee30_ac_linearized,0.002,0.0,0.05,1,5.0,weak_area,,664.4204809144534,real_missing_sweep_0p0_seed404,real_missing_sweep,scenario.missing_ratio,0.0,404
pseudoinverse,0.017633294817798364,0.02514625244951795,0.000495503997983903,4.156663651210261,4.156663651210261,653.3091250021798,59,59,0.0005817920027766377,True,False,,ieee30,pypower,pypower.case30.case30,True,ac_power_flow_linearized,101,59,real_ieee30_ac_linearized,0.002,0.0,0.05,1,5.0,weak_area,,653.3091250021798,real_missing_sweep_0p0_seed505,real_missing_sweep,scenario.missing_ratio,0.0,505
ridge,0.01763328291583425,0.02514623527936043,0.0004955133357668146,4.15666365121041,4.15666365121041,653.3091250021798,59,59,0.00041333300032420084,True,False,,ieee30,pypower,pypower.case30.case30,True,ac_power_flow_linearized,101,59,real_ieee30_ac_linearized,0.002,0.0,0.05,1,5.0,weak_area,,653.3091250021798,real_missing_sweep_0p0_seed505,real_missing_sweep,scenario.missing_ratio,0.0,505
truncated_svd,0.017633294817798364,0.025146252449517955,0.0004955039979839119,4.156663651210262,4.156663651210262,653.3091250021798,59,59,0.0004985409977962263,True,False,,ieee30,pypower,pypower.case30.case30,True,ac_power_flow_linearized,101,59,real_ieee30_ac_linearized,0.002,0.0,0.05,1,5.0,weak_area,,653.3091250021798,real_missing_sweep_0p0_seed505,real_missing_sweep,scenario.missing_ratio,0.0,505
qsvt_regularized,0.01763328291583425,0.02514623527936043,0.0004955133357668146,4.15666365121041,4.15666365121041,653.3091250021798,59,59,0.0004202499985694885,True,False,,ieee30,pypower,pypower.case30.case30,True,ac_power_flow_linearized,101,59,real_ieee30_ac_linearized,0.002,0.0,0.05,1,5.0,weak_area,,653.3091250021798,real_missing_sweep_0p0_seed505,real_missing_sweep,scenario.missing_ratio,0.0,505
huber_irls,0.007613636164324154,0.010856960938291428,0.0002412094019437573,4.444644224469446,4.444644224469446,653.3091250021798,59,59,0.0032181250062421896,True,False,,ieee30,pypower,pypower.case30.case30,True,ac_power_flow_linearized,101,59,real_ieee30_ac_linearized,0.002,0.0,0.05,1,5.0,weak_area,,653.3091250021798,real_missing_sweep_0p0_seed505,real_missing_sweep,scenario.missing_ratio,0.0,505
pseudoinverse,0.07772823360736601,0.06067873520692135,0.09122931937349162,0.08266081577935028,0.08266081577935028,664.1121893060704,59,59,0.0006426670006476343,True,False,,ieee30,pypower,pypower.case30.case30,True,ac_power_flow_linearized,101,59,real_ieee30_ac_linearized,0.002,0.0,0.05,1,5.0,weak_area,,664.1121893060704,real_missing_sweep_0p0_seed606,real_missing_sweep,scenario.missing_ratio,0.0,606
ridge,0.07772811459243512,0.060678625216130024,0.0912291906687257,0.08266081610593091,0.08266081610593091,664.1121893060704,59,59,0.0004282910012989305,True,False,,ieee30,pypower,pypower.case30.case30,True,ac_power_flow_linearized,101,59,real_ieee30_ac_linearized,0.002,0.0,0.05,1,5.0,weak_area,,664.1121893060704,real_missing_sweep_0p0_seed606,real_missing_sweep,scenario.missing_ratio,0.0,606
truncated_svd,0.07772823360736605,0.06067873520692141,0.09122931937349166,0.08266081577935148,0.08266081577935148,664.1121893060704,59,59,0.00044912500015925616,True,False,,ieee30,pypower,pypower.case30.case30,True,ac_power_flow_linearized,101,59,real_ieee30_ac_linearized,0.002,0.0,0.05,1,5.0,weak_area,,664.1121893060704,real_missing_sweep_0p0_seed606,real_missing_sweep,scenario.missing_ratio,0.0,606
qsvt_regularized,0.07772811459243512,0.060678625216130024,0.0912291906687257,0.08266081610593091,0.08266081610593091,664.1121893060704,59,59,0.00043345800077077,True,False,,ieee30,pypower,pypower.case30.case30,True,ac_power_flow_linearized,101,59,real_ieee30_ac_linearized,0.002,0.0,0.05,1,5.0,weak_area,,664.1121893060704,real_missing_sweep_0p0_seed606,real_missing_sweep,scenario.missing_ratio,0.0,606
huber_irls,0.07772823360736611,0.060678735206921505,0.09122931937349166,0.08266081577935114,0.08266081577935114,664.1121893060704,59,59,0.0008926670052460395,True,False,,ieee30,pypower,pypower.case30.case30,True,ac_power_flow_linearized,101,59,real_ieee30_ac_linearized,0.002,0.0,0.05,1,5.0,weak_area,,664.1121893060704,real_missing_sweep_0p0_seed606,real_missing_sweep,scenario.missing_ratio,0.0,606
pseudoinverse,0.017873895297319937,0.02549198834881479,0.000350676658601013,4.1590014967514675,4.1590014967514675,655.0626612320015,59,59,0.0006534579952131025,True,False,,ieee30,pypower,pypower.case30.case30,True,ac_power_flow_linearized,101,59,real_ieee30_ac_linearized,0.002,0.0,0.05,1,5.0,weak_area,,655.0626612320015,real_missing_sweep_0p0_seed707,real_missing_sweep,scenario.missing_ratio,0.0,707
ridge,0.017873882893315467,0.025491970659036342,0.00035067634648066904,4.159001496751625,4.159001496751625,655.0626612320015,59,59,0.0004205410004942678,True,False,,ieee30,pypower,pypower.case30.case30,True,ac_power_flow_linearized,101,59,real_ieee30_ac_linearized,0.002,0.0,0.05,1,5.0,weak_area,,655.0626612320015,real_missing_sweep_0p0_seed707,real_missing_sweep,scenario.missing_ratio,0.0,707
truncated_svd,0.01787389529731994,0.025491988348814793,0.00035067665860101266,4.1590014967514675,4.1590014967514675,655.0626612320015,59,59,0.0004127080028411001,True,False,,ieee30,pypower,pypower.case30.case30,True,ac_power_flow_linearized,101,59,real_ieee30_ac_linearized,0.002,0.0,0.05,1,5.0,weak_area,,655.0626612320015,real_missing_sweep_0p0_seed707,real_missing_sweep,scenario.missing_ratio,0.0,707
qsvt_regularized,0.017873882893315467,0.025491970659036342,0.00035067634648066904,4.159001496751625,4.159001496751625,655.0626612320015,59,59,0.00040608400013297796,True,False,,ieee30,pypower,pypower.case30.case30,True,ac_power_flow_linearized,101,59,real_ieee30_ac_linearized,0.002,0.0,0.05,1,5.0,weak_area,,655.0626612320015,real_missing_sweep_0p0_seed707,real_missing_sweep,scenario.missing_ratio,0.0,707
huber_irls,0.007768302707251481,0.011077979923468458,0.0002249113736277331,4.4474482724905995,4.4474482724905995,655.0626612320015,59,59,0.003473625001788605,True,False,,ieee30,pypower,pypower.case30.case30,True,ac_power_flow_linearized,101,59,real_ieee30_ac_linearized,0.002,0.0,0.05,1,5.0,weak_area,,655.0626612320015,real_missing_sweep_0p0_seed707,real_missing_sweep,scenario.missing_ratio,0.0,707
pseudoinverse,0.0229662649783021,0.03214006604058344,0.006226231574188517,3.49165809513804,3.49165809513804,656.5888011751795,59,59,0.0009902910023811273,True,False,,ieee30,pypower,pypower.case30.case30,True,ac_power_flow_linearized,101,59,real_ieee30_ac_linearized,0.002,0.0,0.05,1,5.0,weak_area,,656.5888011751795,real_missing_sweep_0p0_seed808,real_missing_sweep,scenario.missing_ratio,0.0,808
ridge,0.022966246221388938,0.032140039833626996,0.0062262262778226465,3.4916580951383933,3.4916580951383933,656.5888011751795,59,59,0.0004920419960399158,True,False,,ieee30,pypower,pypower.case30.case30,True,ac_power_flow_linearized,101,59,real_ieee30_ac_linearized,0.002,0.0,0.05,1,5.0,weak_area,,656.5888011751795,real_missing_sweep_0p0_seed808,real_missing_sweep,scenario.missing_ratio,0.0,808
truncated_svd,0.022966264978302092,0.032140066040583434,0.006226231574188518,3.4916580951380394,3.4916580951380394,656.5888011751795,59,59,0.0011417909990996122,True,False,,ieee30,pypower,pypower.case30.case30,True,ac_power_flow_linearized,101,59,real_ieee30_ac_linearized,0.002,0.0,0.05,1,5.0,weak_area,,656.5888011751795,real_missing_sweep_0p0_seed808,real_missing_sweep,scenario.missing_ratio,0.0,808
qsvt_regularized,0.022966246221388938,0.032140039833626996,0.0062262262778226465,3.4916580951383933,3.4916580951383933,656.5888011751795,59,59,0.001464875000237953,True,False,,ieee30,pypower,pypower.case30.case30,True,ac_power_flow_linearized,101,59,real_ieee30_ac_linearized,0.002,0.0,0.05,1,5.0,weak_area,,656.5888011751795,real_missing_sweep_0p0_seed808,real_missing_sweep,scenario.missing_ratio,0.0,808
huber_irls,0.01422978028457269,0.019912720715909434,0.003863225021063576,3.752725294138935,3.752725294138935,656.5888011751795,59,59,0.0047372079934575595,False,False,,ieee30,pypower,pypower.case30.case30,True,ac_power_flow_linearized,101,59,real_ieee30_ac_linearized,0.002,0.0,0.05,1,5.0,weak_area,,656.5888011751795,real_missing_sweep_0p0_seed808,real_missing_sweep,scenario.missing_ratio,0.0,808
pseudoinverse,0.018484510317799067,0.01780343821798381,0.019119832827524896,4.565076184224669,4.565076184224669,658.965485210082,59,59,0.0006238749992917292,True,False,,ieee30,pypower,pypower.case30.case30,True,ac_power_flow_linearized,101,59,real_ieee30_ac_linearized,0.002,0.0,0.05,1,5.0,weak_area,,658.965485210082,real_missing_sweep_0p0_seed909,real_missing_sweep,scenario.missing_ratio,0.0,909
ridge,0.018484494025738783,0.01780341732923,0.019119820653363626,4.565076184224869,4.565076184224869,658.965485210082,59,59,0.0003996250015916303,True,False,,ieee30,pypower,pypower.case30.case30,True,ac_power_flow_linearized,101,59,real_ieee30_ac_linearized,0.002,0.0,0.05,1,5.0,weak_area,,658.965485210082,real_missing_sweep_0p0_seed909,real_missing_sweep,scenario.missing_ratio,0.0,909
truncated_svd,0.01848451031779907,0.017803438217983816,0.019119832827524903,4.565076184224669,4.565076184224669,658.965485210082,59,59,0.0007407919983961619,True,False,,ieee30,pypower,pypower.case30.case30,True,ac_power_flow_linearized,101,59,real_ieee30_ac_linearized,0.002,0.0,0.05,1,5.0,weak_area,,658.965485210082,real_missing_sweep_0p0_seed909,real_missing_sweep,scenario.missing_ratio,0.0,909
qsvt_regularized,0.018484494025738783,0.01780341732923,0.019119820653363626,4.565076184224869,4.565076184224869,658.965485210082,59,59,0.00042216700239805505,True,False,,ieee30,pypower,pypower.case30.case30,True,ac_power_flow_linearized,101,59,real_ieee30_ac_linearized,0.002,0.0,0.05,1,5.0,weak_area,,658.965485210082,real_missing_sweep_0p0_seed909,real_missing_sweep,scenario.missing_ratio,0.0,909
huber_irls,0.006675810812962367,0.006430406761304448,0.0069047489654063005,4.749386100099375,4.749386100099375,658.965485210082,59,59,0.0026232079981127754,True,False,,ieee30,pypower,pypower.case30.case30,True,ac_power_flow_linearized,101,59,real_ieee30_ac_linearized,0.002,0.0,0.05,1,5.0,weak_area,,658.965485210082,real_missing_sweep_0p0_seed909,real_missing_sweep,scenario.missing_ratio,0.0,909
pseudoinverse,0.03418578143666754,0.04666970972464277,0.013889563379279306,4.127195580760842,4.127195580760842,661.0391998992394,59,59,0.0006787090023863129,True,False,,ieee30,pypower,pypower.case30.case30,True,ac_power_flow_linearized,101,59,real_ieee30_ac_linearized,0.002,0.0,0.05,1,5.0,weak_area,,661.0391998992394,real_missing_sweep_0p0_seed1001,real_missing_sweep,scenario.missing_ratio,0.0,1001
ridge,0.03418572857824364,0.04666963566373125,0.013889548073423448,4.127195580762147,4.127195580762147,661.0391998992394,59,59,0.00041575000068405643,True,False,,ieee30,pypower,pypower.case30.case30,True,ac_power_flow_linearized,101,59,real_ieee30_ac_linearized,0.002,0.0,0.05,1,5.0,weak_area,,661.0391998992394,real_missing_sweep_0p0_seed1001,real_missing_sweep,scenario.missing_ratio,0.0,1001
truncated_svd,0.03418578143666755,0.04666970972464278,0.013889563379279308,4.127195580760842,4.127195580760842,661.0391998992394,59,59,0.0004158750016358681,True,False,,ieee30,pypower,pypower.case30.case30,True,ac_power_flow_linearized,101,59,real_ieee30_ac_linearized,0.002,0.0,0.05,1,5.0,weak_area,,661.0391998992394,real_missing_sweep_0p0_seed1001,real_missing_sweep,scenario.missing_ratio,0.0,1001
qsvt_regularized,0.03418572857824364,0.04666963566373125,0.013889548073423448,4.127195580762147,4.127195580762147,661.0391998992394,59,59,0.00046308300079545006,True,False,,ieee30,pypower,pypower.case30.case30,True,ac_power_flow_linearized,101,59,real_ieee30_ac_linearized,0.002,0.0,0.05,1,5.0,weak_area,,661.0391998992394,real_missing_sweep_0p0_seed1001,real_missing_sweep,scenario.missing_ratio,0.0,1001
huber_irls,0.015072095563623532,0.020581511089117824,0.006106162060924164,4.418801048399323,4.418801048399323,661.0391998992394,59,59,0.004016749997390434,True,False,,ieee30,pypower,pypower.case30.case30,True,ac_power_flow_linearized,101,59,real_ieee30_ac_linearized,0.002,0.0,0.05,1,5.0,weak_area,,661.0391998992394,real_missing_sweep_0p0_seed1001,real_missing_sweep,scenario.missing_ratio,0.0,1001
pseudoinverse,0.005437370394630741,0.002365776006411613,0.00726182902679743,4.886406613557959,4.886406613557959,1.9100852249825053e+17,58,58,0.0005921250049141236,True,False,,ieee30,pypower,pypower.case30.case30,True,ac_power_flow_linearized,91,59,real_ieee30_ac_linearized,0.002,0.1,0.05,1,5.0,weak_area,,664.9079859883259,real_missing_sweep_0p1_seed101,real_missing_sweep,scenario.missing_ratio,0.1,101
ridge,0.005437304063417961,0.0023657154899115905,0.007261750407921875,4.886406613558113,4.886406613558113,1.9100852249825053e+17,58,58,0.0003897079950547777,True,False,,ieee30,pypower,pypower.case30.case30,True,ac_power_flow_linearized,91,59,real_ieee30_ac_linearized,0.002,0.1,0.05,1,5.0,weak_area,,664.9079859883259,real_missing_sweep_0p1_seed101,real_missing_sweep,scenario.missing_ratio,0.1,101
truncated_svd,0.005437370394630741,0.0023657760064116117,0.00726182902679743,4.886406613557959,4.886406613557959,1.9100852249825053e+17,58,58,0.0004002089990535751,True,False,,ieee30,pypower,pypower.case30.case30,True,ac_power_flow_linearized,91,59,real_ieee30_ac_linearized,0.002,0.1,0.05,1,5.0,weak_area,,664.9079859883259,real_missing_sweep_0p1_seed101,real_missing_sweep,scenario.missing_ratio,0.1,101
qsvt_regularized,0.005437304063417961,0.0023657154899115905,0.007261750407921875,4.886406613558113,4.886406613558113,1.9100852249825053e+17,58,58,0.0003939589951187372,True,False,,ieee30,pypower,pypower.case30.case30,True,ac_power_flow_linearized,91,59,real_ieee30_ac_linearized,0.002,0.1,0.05,1,5.0,weak_area,,664.9079859883259,real_missing_sweep_0p1_seed101,real_missing_sweep,scenario.missing_ratio,0.1,101
huber_irls,0.002906309435850358,0.0013967440260919117,0.003837427590281355,4.944209779461871,4.944209779461871,1.9100852249825053e+17,58,58,0.0016764160027378239,True,False,,ieee30,pypower,pypower.case30.case30,True,ac_power_flow_linearized,91,59,real_ieee30_ac_linearized,0.002,0.1,0.05,1,5.0,weak_area,,664.9079859883259,real_missing_sweep_0p1_seed101,real_missing_sweep,scenario.missing_ratio,0.1,101
pseudoinverse,0.03304084304351824,0.04683305910841781,0.005174984362082345,3.1135585607302776,3.1135585607302776,3232.450505614005,59,59,0.0006662910018349066,True,False,,ieee30,pypower,pypower.case30.case30,True,ac_power_flow_linearized,91,59,real_ieee30_ac_linearized,0.002,0.1,0.05,1,5.0,weak_area,,658.2106903999758,real_missing_sweep_0p1_seed202,real_missing_sweep,scenario.missing_ratio,0.1,202
ridge,0.033040792999815015,0.04683299186357473,0.005174944255496214,3.113558560731893,3.113558560731893,3232.450505614005,59,59,0.0004060830033267848,True,False,,ieee30,pypower,pypower.case30.case30,True,ac_power_flow_linearized,91,59,real_ieee30_ac_linearized,0.002,0.1,0.05,1,5.0,weak_area,,658.2106903999758,real_missing_sweep_0p1_seed202,real_missing_sweep,scenario.missing_ratio,0.1,202
truncated_svd,0.03304084304351822,0.046833059108417785,0.005174984362082343,3.1135585607302776,3.1135585607302776,3232.450505614005,59,59,0.0003983749993494712,True,False,,ieee30,pypower,pypower.case30.case30,True,ac_power_flow_linearized,91,59,real_ieee30_ac_linearized,0.002,0.1,0.05,1,5.0,weak_area,,658.2106903999758,real_missing_sweep_0p1_seed202,real_missing_sweep,scenario.missing_ratio,0.1,202
qsvt_regularized,0.033040792999815015,0.04683299186357473,0.005174944255496214,3.113558560731893,3.113558560731893,3232.450505614005,59,59,0.00039158300205599517,True,False,,ieee30,pypower,pypower.case30.case30,True,ac_power_flow_linearized,91,59,real_ieee30_ac_linearized,0.002,0.1,0.05,1,5.0,weak_area,,658.2106903999758,real_missing_sweep_0p1_seed202,real_missing_sweep,scenario.missing_ratio,0.1,202
huber_irls,0.025629330269789797,0.03632952459759915,0.003998730079498345,3.2358079996022573,3.2358079996022573,3232.450505614005,59,59,0.0036733750021085143,False,False,,ieee30,pypower,pypower.case30.case30,True,ac_power_flow_linearized,91,59,real_ieee30_ac_linearized,0.002,0.1,0.05,1,5.0,weak_area,,658.2106903999758,real_missing_sweep_0p1_seed202,real_missing_sweep,scenario.missing_ratio,0.1,202
pseudoinverse,1.2187165538039322,0.8436091774482102,1.494348413060106,4.150029671357847,4.150029671357847,1.714482301442949e+17,58,58,0.0006223329983185977,True,False,,ieee30,pypower,pypower.case30.case30,True,ac_power_flow_linearized,91,59,real_ieee30_ac_linearized,0.002,0.1,0.05,1,5.0,weak_area,,658.952167674556,real_missing_sweep_0p1_seed303,real_missing_sweep,scenario.missing_ratio,0.1,303
ridge,0.9521213505881672,0.6630111526076096,1.165298803490965,4.150210104730606,4.150210104730606,1.714482301442949e+17,58,58,0.0004041249994770624,True,False,,ieee30,pypower,pypower.case30.case30,True,ac_power_flow_linearized,91,59,real_ieee30_ac_linearized,0.002,0.1,0.05,1,5.0,weak_area,,658.952167674556,real_missing_sweep_0p1_seed303,real_missing_sweep,scenario.missing_ratio,0.1,303
truncated_svd,1.2187165538039322,0.8436091774482102,1.494348413060106,4.150029671357847,4.150029671357847,1.714482301442949e+17,58,58,0.0003962920018238947,True,False,,ieee30,pypower,pypower.case30.case30,True,ac_power_flow_linearized,91,59,real_ieee30_ac_linearized,0.002,0.1,0.05,1,5.0,weak_area,,658.952167674556,real_missing_sweep_0p1_seed303,real_missing_sweep,scenario.missing_ratio,0.1,303
qsvt_regularized,0.9521213505881672,0.6630111526076096,1.165298803490965,4.150210104730606,4.150210104730606,1.714482301442949e+17,58,58,0.0003939579983125441,True,False,,ieee30,pypower,pypower.case30.case30,True,ac_power_flow_linearized,91,59,real_ieee30_ac_linearized,0.002,0.1,0.05,1,5.0,weak_area,,658.952167674556,real_missing_sweep_0p1_seed303,real_missing_sweep,scenario.missing_ratio,0.1,303
huber_irls,0.5304995868431902,0.367188647865158,0.6504962540577947,4.438756704339787,4.438756704339787,1.714482301442949e+17,58,58,0.0036992910027038306,True,False,,ieee30,pypower,pypower.case30.case30,True,ac_power_flow_linearized,91,59,real_ieee30_ac_linearized,0.002,0.1,0.05,1,5.0,weak_area,,658.952167674556,real_missing_sweep_0p1_seed303,real_missing_sweep,scenario.missing_ratio,0.1,303
pseudoinverse,0.004851917248275463,0.002888768799900276,0.006183096279005696,4.974178003443631,4.974178003443631,389313.94498984964,59,59,0.0005784579989267513,True,False,,ieee30,pypower,pypower.case30.case30,True,ac_power_flow_linearized,91,59,real_ieee30_ac_linearized,0.002,0.1,0.05,1,5.0,weak_area,,664.4204809144534,real_missing_sweep_0p1_seed404,real_missing_sweep,scenario.missing_ratio,0.1,404
ridge,0.004783372427365527,0.0028354490356407936,0.006101379869002837,4.974178003543805,4.974178003543805,389313.94498984964,59,59,0.00039870900218375027,True,False,,ieee30,pypower,pypower.case30.case30,True,ac_power_flow_linearized,91,59,real_ieee30_ac_linearized,0.002,0.1,0.05,1,5.0,weak_area,,664.4204809144534,real_missing_sweep_0p1_seed404,real_missing_sweep,scenario.missing_ratio,0.1,404
truncated_svd,0.0048519172482754626,0.0028887687999002752,0.006183096279005696,4.974178003443631,4.974178003443631,389313.94498984964,59,59,0.00038862499786773697,True,False,,ieee30,pypower,pypower.case30.case30,True,ac_power_flow_linearized,91,59,real_ieee30_ac_linearized,0.002,0.1,0.05,1,5.0,weak_area,,664.4204809144534,real_missing_sweep_0p1_seed404,real_missing_sweep,scenario.missing_ratio,0.1,404
qsvt_regularized,0.004783372427365527,0.0028354490356407936,0.006101379869002837,4.974178003543805,4.974178003543805,389313.94498984964,59,59,0.00039145899791037664,True,False,,ieee30,pypower,pypower.case30.case30,True,ac_power_flow_linearized,91,59,real_ieee30_ac_linearized,0.002,0.1,0.05,1,5.0,weak_area,,664.4204809144534,real_missing_sweep_0p1_seed404,real_missing_sweep,scenario.missing_ratio,0.1,404
huber_irls,0.04101000378687449,0.027562154821124858,0.05072701622483562,4.98726835109446,4.98726835109446,389313.94498984964,59,59,0.0016950420031207614,True,False,,ieee30,pypower,pypower.case30.case30,True,ac_power_flow_linearized,91,59,real_ieee30_ac_linearized,0.002,0.1,0.05,1,5.0,weak_area,,664.4204809144534,real_missing_sweep_0p1_seed404,real_missing_sweep,scenario.missing_ratio,0.1,404
pseudoinverse,0.051435366934639015,0.029544215380485656,0.06602455657287654,2.703628959345252,2.703628959345252,782.8587287446862,59,59,0.000691040993842762,True,False,,ieee30,pypower,pypower.case30.case30,True,ac_power_flow_linearized,91,59,real_ieee30_ac_linearized,0.002,0.1,0.05,1,5.0,weak_area,,653.3091250021798,real_missing_sweep_0p1_seed505,real_missing_sweep,scenario.missing_ratio,0.1,505
ridge,0.051435317040690084,0.029544181045750764,0.06602449498210067,2.703628959348097,2.703628959348097,782.8587287446862,59,59,0.00041745800263015553,True,False,,ieee30,pypower,pypower.case30.case30,True,ac_power_flow_linearized,91,59,real_ieee30_ac_linearized,0.002,0.1,0.05,1,5.0,weak_area,,653.3091250021798,real_missing_sweep_0p1_seed505,real_missing_sweep,scenario.missing_ratio,0.1,505
truncated_svd,0.05143536693463906,0.029544215380485676,0.06602455657287658,2.703628959345252,2.703628959345252,782.8587287446862,59,59,0.0004166669968981296,True,False,,ieee30,pypower,pypower.case30.case30,True,ac_power_flow_linearized,91,59,real_ieee30_ac_linearized,0.002,0.1,0.05,1,5.0,weak_area,,653.3091250021798,real_missing_sweep_0p1_seed505,real_missing_sweep,scenario.missing_ratio,0.1,505
qsvt_regularized,0.051435317040690084,0.029544181045750764,0.06602449498210067,2.703628959348097,2.703628959348097,782.8587287446862,59,59,0.00039983299939194694,True,False,,ieee30,pypower,pypower.case30.case30,True,ac_power_flow_linearized,91,59,real_ieee30_ac_linearized,0.002,0.1,0.05,1,5.0,weak_area,,653.3091250021798,real_missing_sweep_0p1_seed505,real_missing_sweep,scenario.missing_ratio,0.1,505
huber_irls,0.05143536693463913,0.0295442153804857,0.06602455657287669,2.703628959345252,2.703628959345252,782.8587287446862,59,59,0.0007405829965136945,True,False,,ieee30,pypower,pypower.case30.case30,True,ac_power_flow_linearized,91,59,real_ieee30_ac_linearized,0.002,0.1,0.05,1,5.0,weak_area,,653.3091250021798,real_missing_sweep_0p1_seed505,real_missing_sweep,scenario.missing_ratio,0.1,505
pseudoinverse,0.09193769720080659,0.05273613160474393,0.1180463160665185,1.8992016980320863,1.8992016980320863,125154.09364819992,59,59,0.0005910410036449321,True,False,,ieee30,pypower,pypower.case30.case30,True,ac_power_flow_linearized,91,59,real_ieee30_ac_linearized,0.002,0.1,0.05,1,5.0,weak_area,,664.1121893060704,real_missing_sweep_0p1_seed606,real_missing_sweep,scenario.missing_ratio,0.1,606
ridge,0.08854689475509891,0.050305529058133146,0.11390110627421805,1.899202157774545,1.899202157774545,125154.09364819992,59,59,0.00039779099461156875,True,False,,ieee30,pypower,pypower.case30.case30,True,ac_power_flow_linearized,91,59,real_ieee30_ac_linearized,0.002,0.1,0.05,1,5.0,weak_area,,664.1121893060704,real_missing_sweep_0p1_seed606,real_missing_sweep,scenario.missing_ratio,0.1,606
truncated_svd,0.0919376972008066,0.052736131604743934,0.11804631606651851,1.8992016980320854,1.8992016980320854,125154.09364819992,59,59,0.0004023329966003075,True,False,,ieee30,pypower,pypower.case30.case30,True,ac_power_flow_linearized,91,59,real_ieee30_ac_linearized,0.002,0.1,0.05,1,5.0,weak_area,,664.1121893060704,real_missing_sweep_0p1_seed606,real_missing_sweep,scenario.missing_ratio,0.1,606
qsvt_regularized,0.08854689475509891,0.050305529058133146,0.11390110627421805,1.899202157774545,1.899202157774545,125154.09364819992,59,59,0.0003907089994754642,True,False,,ieee30,pypower,pypower.case30.case30,True,ac_power_flow_linearized,91,59,real_ieee30_ac_linearized,0.002,0.1,0.05,1,5.0,weak_area,,664.1121893060704,real_missing_sweep_0p1_seed606,real_missing_sweep,scenario.missing_ratio,0.1,606
huber_irls,0.09193769720080752,0.05273613160474463,0.11804631606651964,1.899201698032086,1.899201698032086,125154.09364819992,59,59,0.0007166659997892566,True,False,,ieee30,pypower,pypower.case30.case30,True,ac_power_flow_linearized,91,59,real_ieee30_ac_linearized,0.002,0.1,0.05,1,5.0,weak_area,,664.1121893060704,real_missing_sweep_0p1_seed606,real_missing_sweep,scenario.missing_ratio,0.1,606
pseudoinverse,0.10741377432653337,0.09196444613476756,0.12047947193828674,3.2403143704790978,3.2403143704790978,1717.0455244401148,59,59,0.0005944590011495166,True,False,,ieee30,pypower,pypower.case30.case30,True,ac_power_flow_linearized,91,59,real_ieee30_ac_linearized,0.002,0.1,0.05,1,5.0,weak_area,,655.0626612320015,real_missing_sweep_0p1_seed707,real_missing_sweep,scenario.missing_ratio,0.1,707
ridge,0.10741253701598463,0.09196383133660864,0.12047775609841399,3.240314370600303,3.240314370600303,1717.0455244401148,59,59,0.0004033329969388433,True,False,,ieee30,pypower,pypower.case30.case30,True,ac_power_flow_linearized,91,59,real_ieee30_ac_linearized,0.002,0.1,0.05,1,5.0,weak_area,,655.0626612320015,real_missing_sweep_0p1_seed707,real_missing_sweep,scenario.missing_ratio,0.1,707
truncated_svd,0.10741377432653337,0.09196444613476756,0.12047947193828673,3.2403143704790978,3.2403143704790978,1717.0455244401148,59,59,0.00039495799865107983,True,False,,ieee30,pypower,pypower.case30.case30,True,ac_power_flow_linearized,91,59,real_ieee30_ac_linearized,0.002,0.1,0.05,1,5.0,weak_area,,655.0626612320015,real_missing_sweep_0p1_seed707,real_missing_sweep,scenario.missing_ratio,0.1,707
qsvt_regularized,0.10741253701598463,0.09196383133660864,0.12047775609841399,3.240314370600303,3.240314370600303,1717.0455244401148,59,59,0.00039962499431567267,True,False,,ieee30,pypower,pypower.case30.case30,True,ac_power_flow_linearized,91,59,real_ieee30_ac_linearized,0.002,0.1,0.05,1,5.0,weak_area,,655.0626612320015,real_missing_sweep_0p1_seed707,real_missing_sweep,scenario.missing_ratio,0.1,707
huber_irls,0.077360979621452,0.06625739873588331,0.08675392501808836,3.4104407266411805,3.4104407266411805,1717.0455244401148,59,59,0.0035250000000814907,False,False,,ieee30,pypower,pypower.case30.case30,True,ac_power_flow_linearized,91,59,real_ieee30_ac_linearized,0.002,0.1,0.05,1,5.0,weak_area,,655.0626612320015,real_missing_sweep_0p1_seed707,real_missing_sweep,scenario.missing_ratio,0.1,707
pseudoinverse,0.07333474213330925,0.04804178333417931,0.09135438401993637,0.136081308330065,0.136081308330065,1174.0616722496804,59,59,0.000672124995617196,True,False,,ieee30,pypower,pypower.case30.case30,True,ac_power_flow_linearized,91,59,real_ieee30_ac_linearized,0.002,0.1,0.05,1,5.0,weak_area,,656.5888011751795,real_missing_sweep_0p1_seed808,real_missing_sweep,scenario.missing_ratio,0.1,808
ridge,0.07333463919586977,0.0480416923335685,0.09135426776883337,0.13608130849407968,0.13608130849407968,1174.0616722496804,59,59,0.00042216700239805505,True,False,,ieee30,pypower,pypower.case30.case30,True,ac_power_flow_linearized,91,59,real_ieee30_ac_linearized,0.002,0.1,0.05,1,5.0,weak_area,,656.5888011751795,real_missing_sweep_0p1_seed808,real_missing_sweep,scenario.missing_ratio,0.1,808
truncated_svd,0.07333474213330925,0.04804178333417928,0.09135438401993637,0.13608130833006363,0.13608130833006363,1174.0616722496804,59,59,0.0004281660003471188,True,False,,ieee30,pypower,pypower.case30.case30,True,ac_power_flow_linearized,91,59,real_ieee30_ac_linearized,0.002,0.1,0.05,1,5.0,weak_area,,656.5888011751795,real_missing_sweep_0p1_seed808,real_missing_sweep,scenario.missing_ratio,0.1,808
qsvt_regularized,0.07333463919586977,0.0480416923335685,0.09135426776883337,0.13608130849407968,0.13608130849407968,1174.0616722496804,59,59,0.0003922079995390959,True,False,,ieee30,pypower,pypower.case30.case30,True,ac_power_flow_linearized,91,59,real_ieee30_ac_linearized,0.002,0.1,0.05,1,5.0,weak_area,,656.5888011751795,real_missing_sweep_0p1_seed808,real_missing_sweep,scenario.missing_ratio,0.1,808
huber_irls,0.07333474213330926,0.048041783334179244,0.09135438401993641,0.13608130833006377,0.13608130833006377,1174.0616722496804,59,59,0.0006685420012217946,True,False,,ieee30,pypower,pypower.case30.case30,True,ac_power_flow_linearized,91,59,real_ieee30_ac_linearized,0.002,0.1,0.05,1,5.0,weak_area,,656.5888011751795,real_missing_sweep_0p1_seed808,real_missing_sweep,scenario.missing_ratio,0.1,808
pseudoinverse,0.004598677838098829,0.0028454079684835515,0.005810703872889745,4.9752513892418655,4.9752513892418655,5412.586841655552,59,59,0.000537291998625733,True,False,,ieee30,pypower,pypower.case30.case30,True,ac_power_flow_linearized,91,59,real_ieee30_ac_linearized,0.002,0.1,0.05,1,5.0,weak_area,,658.965485210082,real_missing_sweep_0p1_seed909,real_missing_sweep,scenario.missing_ratio,0.1,909
ridge,0.0045985538095401944,0.0028453240504565584,0.005810550552239356,4.975251389242102,4.975251389242102,5412.586841655552,59,59,0.00039758400089340284,True,False,,ieee30,pypower,pypower.case30.case30,True,ac_power_flow_linearized,91,59,real_ieee30_ac_linearized,0.002,0.1,0.05,1,5.0,weak_area,,658.965485210082,real_missing_sweep_0p1_seed909,real_missing_sweep,scenario.missing_ratio,0.1,909
truncated_svd,0.0045986778380988245,0.0028454079684835498,0.005810703872889741,4.9752513892418655,4.9752513892418655,5412.586841655552,59,59,0.0003924999982700683,True,False,,ieee30,pypower,pypower.case30.case30,True,ac_power_flow_linearized,91,59,real_ieee30_ac_linearized,0.002,0.1,0.05,1,5.0,weak_area,,658.965485210082,real_missing_sweep_0p1_seed909,real_missing_sweep,scenario.missing_ratio,0.1,909
qsvt_regularized,0.0045985538095401944,0.0028453240504565584,0.005810550552239356,4.975251389242102,4.975251389242102,5412.586841655552,59,59,0.00038891599979251623,True,False,,ieee30,pypower,pypower.case30.case30,True,ac_power_flow_linearized,91,59,real_ieee30_ac_linearized,0.002,0.1,0.05,1,5.0,weak_area,,658.965485210082,real_missing_sweep_0p1_seed909,real_missing_sweep,scenario.missing_ratio,0.1,909
huber_irls,0.001693115227621371,0.000957353212165993,0.0021798507690031356,4.98781329224517,4.98781329224517,5412.586841655552,59,59,0.0016731249997974373,True,False,,ieee30,pypower,pypower.case30.case30,True,ac_power_flow_linearized,91,59,real_ieee30_ac_linearized,0.002,0.1,0.05,1,5.0,weak_area,,658.965485210082,real_missing_sweep_0p1_seed909,real_missing_sweep,scenario.missing_ratio,0.1,909
pseudoinverse,0.05567421712589438,0.03179060323036754,0.07154692109460374,2.3810240009024866,2.3810240009024866,1.9557534910000045e+17,58,58,0.0005894170026294887,True,False,,ieee30,pypower,pypower.case30.case30,True,ac_power_flow_linearized,91,59,real_ieee30_ac_linearized,0.002,0.1,0.05,1,5.0,weak_area,,661.0391998992394,real_missing_sweep_0p1_seed1001,real_missing_sweep,scenario.missing_ratio,0.1,1001
ridge,0.05567415720299427,0.03179055214002445,0.0715468513353077,2.38102400090661,2.38102400090661,1.9557534910000045e+17,58,58,0.00042116599797736853,True,False,,ieee30,pypower,pypower.case30.case30,True,ac_power_flow_linearized,91,59,real_ieee30_ac_linearized,0.002,0.1,0.05,1,5.0,weak_area,,661.0391998992394,real_missing_sweep_0p1_seed1001,real_missing_sweep,scenario.missing_ratio,0.1,1001
truncated_svd,0.05567421712589438,0.03179060323036754,0.07154692109460374,2.381024000902488,2.381024000902488,1.9557534910000045e+17,58,58,0.00038329199742292985,True,False,,ieee30,pypower,pypower.case30.case30,True,ac_power_flow_linearized,91,59,real_ieee30_ac_linearized,0.002,0.1,0.05,1,5.0,weak_area,,661.0391998992394,real_missing_sweep_0p1_seed1001,real_missing_sweep,scenario.missing_ratio,0.1,1001
qsvt_regularized,0.05567415720299427,0.03179055214002445,0.0715468513353077,2.38102400090661,2.38102400090661,1.9557534910000045e+17,58,58,0.00036933400406269357,True,False,,ieee30,pypower,pypower.case30.case30,True,ac_power_flow_linearized,91,59,real_ieee30_ac_linearized,0.002,0.1,0.05,1,5.0,weak_area,,661.0391998992394,real_missing_sweep_0p1_seed1001,real_missing_sweep,scenario.missing_ratio,0.1,1001
huber_irls,0.0556742171258944,0.03179060323036754,0.07154692109460377,2.3810240009024852,2.3810240009024852,1.9557534910000045e+17,58,58,0.000650041998596862,True,False,,ieee30,pypower,pypower.case30.case30,True,ac_power_flow_linearized,91,59,real_ieee30_ac_linearized,0.002,0.1,0.05,1,5.0,weak_area,,661.0391998992394,real_missing_sweep_0p1_seed1001,real_missing_sweep,scenario.missing_ratio,0.1,1001
pseudoinverse,16.54567509039277,11.072541296858136,20.490948030179528,2.7363040871992474,2.7363040871992474,3.38399920128612e+17,58,58,0.0005725000009988435,True,False,,ieee30,pypower,pypower.case30.case30,True,ac_power_flow_linearized,81,59,real_ieee30_ac_linearized,0.002,0.2,0.05,1,5.0,weak_area,,664.9079859883259,real_missing_sweep_0p2_seed101,real_missing_sweep,scenario.missing_ratio,0.2,101
ridge,8.342172678410911,5.5909447916472725,10.327015716967669,2.8091128300156174,2.8091128300156174,3.38399920128612e+17,58,58,0.0003682079986901954,True,False,,ieee30,pypower,pypower.case30.case30,True,ac_power_flow_linearized,81,59,real_ieee30_ac_linearized,0.002,0.2,0.05,1,5.0,weak_area,,664.9079859883259,real_missing_sweep_0p2_seed101,real_missing_sweep,scenario.missing_ratio,0.2,101
truncated_svd,16.54567509039277,11.072541296858136,20.490948030179528,2.7363040871992474,2.7363040871992474,3.38399920128612e+17,58,58,0.0003872920060530305,True,False,,ieee30,pypower,pypower.case30.case30,True,ac_power_flow_linearized,81,59,real_ieee30_ac_linearized,0.002,0.2,0.05,1,5.0,weak_area,,664.9079859883259,real_missing_sweep_0p2_seed101,real_missing_sweep,scenario.missing_ratio,0.2,101
qsvt_regularized,8.342172678410911,5.5909447916472725,10.327015716967669,2.8091128300156174,2.8091128300156174,3.38399920128612e+17,58,58,0.000385833001928404,True,False,,ieee30,pypower,pypower.case30.case30,True,ac_power_flow_linearized,81,59,real_ieee30_ac_linearized,0.002,0.2,0.05,1,5.0,weak_area,,664.9079859883259,real_missing_sweep_0p2_seed101,real_missing_sweep,scenario.missing_ratio,0.2,101
huber_irls,17.23593313788124,11.53434862998427,21.34585933747235,2.7580618233259666,2.7580618233259666,3.38399920128612e+17,58,58,0.0038048749993322417,False,False,,ieee30,pypower,pypower.case30.case30,True,ac_power_flow_linearized,81,59,real_ieee30_ac_linearized,0.002,0.2,0.05,1,5.0,weak_area,,664.9079859883259,real_missing_sweep_0p2_seed101,real_missing_sweep,scenario.missing_ratio,0.2,101
pseudoinverse,0.0899978608222725,0.03777173859849028,0.12062377589523207,0.10003107758592189,0.10003107758592189,2.882303245787086e+17,58,58,0.000549374999536667,True,False,,ieee30,pypower,pypower.case30.case30,True,ac_power_flow_linearized,81,59,real_ieee30_ac_linearized,0.002,0.2,0.05,1,5.0,weak_area,,658.2106903999758,real_missing_sweep_0p2_seed202,real_missing_sweep,scenario.missing_ratio,0.2,202
ridge,0.08999154995021613,0.037769583651102584,0.12061516801490889,0.10003109451790192,0.10003109451790192,2.882303245787086e+17,58,58,0.00038654200034216046,True,False,,ieee30,pypower,pypower.case30.case30,True,ac_power_flow_linearized,81,59,real_ieee30_ac_linearized,0.002,0.2,0.05,1,5.0,weak_area,,658.2106903999758,real_missing_sweep_0p2_seed202,real_missing_sweep,scenario.missing_ratio,0.2,202
truncated_svd,0.08999786082227253,0.03777173859849029,0.1206237758952321,0.1000310775859214,0.1000310775859214,2.882303245787086e+17,58,58,0.00038579200190724805,True,False,,ieee30,pypower,pypower.case30.case30,True,ac_power_flow_linearized,81,59,real_ieee30_ac_linearized,0.002,0.2,0.05,1,5.0,weak_area,,658.2106903999758,real_missing_sweep_0p2_seed202,real_missing_sweep,scenario.missing_ratio,0.2,202
qsvt_regularized,0.08999154995021613,0.037769583651102584,0.12061516801490889,0.10003109451790192,0.10003109451790192,2.882303245787086e+17,58,58,0.00037720799446105957,True,False,,ieee30,pypower,pypower.case30.case30,True,ac_power_flow_linearized,81,59,real_ieee30_ac_linearized,0.002,0.2,0.05,1,5.0,weak_area,,658.2106903999758,real_missing_sweep_0p2_seed202,real_missing_sweep,scenario.missing_ratio,0.2,202
huber_irls,0.0899978608222725,0.037771738598490284,0.12062377589523206,0.10003107758592243,0.10003107758592243,2.882303245787086e+17,58,58,0.0006621670036111027,True,False,,ieee30,pypower,pypower.case30.case30,True,ac_power_flow_linearized,81,59,real_ieee30_ac_linearized,0.002,0.2,0.05,1,5.0,weak_area,,658.2106903999758,real_missing_sweep_0p2_seed202,real_missing_sweep,scenario.missing_ratio,0.2,202
pseudoinverse,0.07348330577928655,0.04865421220111583,0.09127581623563649,0.08033243293550624,0.08033243293550624,2.4030134803788982e+17,58,58,0.0005339589988579974,True,False,,ieee30,pypower,pypower.case30.case30,True,ac_power_flow_linearized,81,59,real_ieee30_ac_linearized,0.002,0.2,0.05,1,5.0,weak_area,,658.952167674556,real_missing_sweep_0p2_seed303,real_missing_sweep,scenario.missing_ratio,0.2,303
ridge,0.07348320077653339,0.048654115681826426,0.09127569971882968,0.08033243321917444,0.08033243321917444,2.4030134803788982e+17,58,58,0.0003798750040004961,True,False,,ieee30,pypower,pypower.case30.case30,True,ac_power_flow_linearized,81,59,real_ieee30_ac_linearized,0.002,0.2,0.05,1,5.0,weak_area,,658.952167674556,real_missing_sweep_0p2_seed303,real_missing_sweep,scenario.missing_ratio,0.2,303
truncated_svd,0.07348330577928658,0.048654212201115855,0.09127581623563653,0.08033243293550678,0.08033243293550678,2.4030134803788982e+17,58,58,0.00042512499931035563,True,False,,ieee30,pypower,pypower.case30.case30,True,ac_power_flow_linearized,81,59,real_ieee30_ac_linearized,0.002,0.2,0.05,1,5.0,weak_area,,658.952167674556,real_missing_sweep_0p2_seed303,real_missing_sweep,scenario.missing_ratio,0.2,303
qsvt_regularized,0.07348320077653339,0.048654115681826426,0.09127569971882968,0.08033243321917444,0.08033243321917444,2.4030134803788982e+17,58,58,0.0003862919984385371,True,False,,ieee30,pypower,pypower.case30.case30,True,ac_power_flow_linearized,81,59,real_ieee30_ac_linearized,0.002,0.2,0.05,1,5.0,weak_area,,658.952167674556,real_missing_sweep_0p2_seed303,real_missing_sweep,scenario.missing_ratio,0.2,303
huber_irls,0.07348330577928656,0.04865421220111581,0.09127581623563653,0.0803324329355069,0.0803324329355069,2.4030134803788982e+17,58,58,0.0006471669985330664,True,False,,ieee30,pypower,pypower.case30.case30,True,ac_power_flow_linearized,81,59,real_ieee30_ac_linearized,0.002,0.2,0.05,1,5.0,weak_area,,658.952167674556,real_missing_sweep_0p2_seed303,real_missing_sweep,scenario.missing_ratio,0.2,303
pseudoinverse,0.8248176873593629,0.5795214122262824,1.0066383308788451,0.6181862626076332,0.6181862626076332,95354.83423830653,59,59,0.0005671249964507297,True,False,,ieee30,pypower,pypower.case30.case30,True,ac_power_flow_linearized,81,59,real_ieee30_ac_linearized,0.002,0.2,0.05,1,5.0,weak_area,,664.4204809144534,real_missing_sweep_0p2_seed404,real_missing_sweep,scenario.missing_ratio,0.2,404
ridge,0.8155939186323129,0.5727169864958793,0.9955614046771799,0.6182213796139198,0.6182213796139198,95354.83423830653,59,59,0.0003845829996862449,True,False,,ieee30,pypower,pypower.case30.case30,True,ac_power_flow_linearized,81,59,real_ieee30_ac_linearized,0.002,0.2,0.05,1,5.0,weak_area,,664.4204809144534,real_missing_sweep_0p2_seed404,real_missing_sweep,scenario.missing_ratio,0.2,404
truncated_svd,0.8248176873593629,0.5795214122262822,1.0066383308788451,0.6181862626076345,0.6181862626076345,95354.83423830653,59,59,0.00038012499862816185,True,False,,ieee30,pypower,pypower.case30.case30,True,ac_power_flow_linearized,81,59,real_ieee30_ac_linearized,0.002,0.2,0.05,1,5.0,weak_area,,664.4204809144534,real_missing_sweep_0p2_seed404,real_missing_sweep,scenario.missing_ratio,0.2,404
qsvt_regularized,0.8155939186323129,0.5727169864958793,0.9955614046771799,0.6182213796139198,0.6182213796139198,95354.83423830653,59,59,0.0003772080017370172,True,False,,ieee30,pypower,pypower.case30.case30,True,ac_power_flow_linearized,81,59,real_ieee30_ac_linearized,0.002,0.2,0.05,1,5.0,weak_area,,664.4204809144534,real_missing_sweep_0p2_seed404,real_missing_sweep,scenario.missing_ratio,0.2,404
huber_irls,0.8248176873593632,0.5795214122262827,1.0066383308788454,0.6181862626076386,0.6181862626076386,95354.83423830653,59,59,0.0007974580003065057,True,False,,ieee30,pypower,pypower.case30.case30,True,ac_power_flow_linearized,81,59,real_ieee30_ac_linearized,0.002,0.2,0.05,1,5.0,weak_area,,664.4204809144534,real_missing_sweep_0p2_seed404,real_missing_sweep,scenario.missing_ratio,0.2,404
pseudoinverse,78.89997864005267,60.64314293267571,93.20891559230624,0.07125102799919936,0.07125102799919936,561159.8471046878,59,59,0.0005925840014242567,True,False,,ieee30,pypower,pypower.case30.case30,True,ac_power_flow_linearized,81,59,real_ieee30_ac_linearized,0.002,0.2,0.05,1,5.0,weak_area,,653.3091250021798,real_missing_sweep_0p2_seed505,real_missing_sweep,scenario.missing_ratio,0.2,505
ridge,29.12656610084822,22.37706129693299,34.415016596675535,2.9255231874345484,2.9255231874345484,561159.8471046878,59,59,0.00038587499875575304,True,False,,ieee30,pypower,pypower.case30.case30,True,ac_power_flow_linearized,81,59,real_ieee30_ac_linearized,0.002,0.2,0.05,1,5.0,weak_area,,653.3091250021798,real_missing_sweep_0p2_seed505,real_missing_sweep,scenario.missing_ratio,0.2,505
truncated_svd,78.89997864005264,60.64314293267569,93.2089155923062,0.07125102799919554,0.07125102799919554,561159.8471046878,59,59,0.0003815419986494817,True,False,,ieee30,pypower,pypower.case30.case30,True,ac_power_flow_linearized,81,59,real_ieee30_ac_linearized,0.002,0.2,0.05,1,5.0,weak_area,,653.3091250021798,real_missing_sweep_0p2_seed505,real_missing_sweep,scenario.missing_ratio,0.2,505
qsvt_regularized,29.12656610084822,22.37706129693299,34.415016596675535,2.9255231874345484,2.9255231874345484,561159.8471046878,59,59,0.0003767910020542331,True,False,,ieee30,pypower,pypower.case30.case30,True,ac_power_flow_linearized,81,59,real_ieee30_ac_linearized,0.002,0.2,0.05,1,5.0,weak_area,,653.3091250021798,real_missing_sweep_0p2_seed505,real_missing_sweep,scenario.missing_ratio,0.2,505
huber_irls,78.89997864005254,60.6431429326756,93.2089155923061,0.071251027999197,0.071251027999197,561159.8471046878,59,59,0.0006910420052008703,True,False,,ieee30,pypower,pypower.case30.case30,True,ac_power_flow_linearized,81,59,real_ieee30_ac_linearized,0.002,0.2,0.05,1,5.0,weak_area,,653.3091250021798,real_missing_sweep_0p2_seed505,real_missing_sweep,scenario.missing_ratio,0.2,505
pseudoinverse,0.009807536085255251,0.00542724105127493,0.012676598731942755,4.967448587457395,4.967448587457395,1.8002973575009072e+17,58,58,0.0005390840015024878,True,False,,ieee30,pypower,pypower.case30.case30,True,ac_power_flow_linearized,81,59,real_ieee30_ac_linearized,0.002,0.2,0.05,1,5.0,weak_area,,664.1121893060704,real_missing_sweep_0p2_seed606,real_missing_sweep,scenario.missing_ratio,0.2,606
ridge,0.00980749436187127,0.005427220069757927,0.012676543930882942,4.9674485874576515,4.9674485874576515,1.8002973575009072e+17,58,58,0.0003899590010405518,True,False,,ieee30,pypower,pypower.case30.case30,True,ac_power_flow_linearized,81,59,real_ieee30_ac_linearized,0.002,0.2,0.05,1,5.0,weak_area,,664.1121893060704,real_missing_sweep_0p2_seed606,real_missing_sweep,scenario.missing_ratio,0.2,606
truncated_svd,0.009807536085255248,0.00542724105127493,0.012676598731942754,4.967448587457395,4.967448587457395,1.8002973575009072e+17,58,58,0.00037274999340297654,True,False,,ieee30,pypower,pypower.case30.case30,True,ac_power_flow_linearized,81,59,real_ieee30_ac_linearized,0.002,0.2,0.05,1,5.0,weak_area,,664.1121893060704,real_missing_sweep_0p2_seed606,real_missing_sweep,scenario.missing_ratio,0.2,606
qsvt_regularized,0.00980749436187127,0.005427220069757927,0.012676543930882942,4.9674485874576515,4.9674485874576515,1.8002973575009072e+17,58,58,0.0003727079965756275,True,False,,ieee30,pypower,pypower.case30.case30,True,ac_power_flow_linearized,81,59,real_ieee30_ac_linearized,0.002,0.2,0.05,1,5.0,weak_area,,664.1121893060704,real_missing_sweep_0p2_seed606,real_missing_sweep,scenario.missing_ratio,0.2,606
huber_irls,0.002726532819908116,0.0015096720481616826,0.003523779745136889,4.983792421885733,4.983792421885733,1.8002973575009072e+17,58,58,0.0016239999968092889,True,False,,ieee30,pypower,pypower.case30.case30,True,ac_power_flow_linearized,81,59,real_ieee30_ac_linearized,0.002,0.2,0.05,1,5.0,weak_area,,664.1121893060704,real_missing_sweep_0p2_seed606,real_missing_sweep,scenario.missing_ratio,0.2,606
pseudoinverse,10.522718126009774,7.470183983219134,12.79924788839388,3.806523439755282,3.806523439755282,194126.1317321697,59,59,0.0005077919995528646,True,False,,ieee30,pypower,pypower.case30.case30,True,ac_power_flow_linearized,81,59,real_ieee30_ac_linearized,0.002,0.2,0.05,1,5.0,weak_area,,655.0626612320015,real_missing_sweep_0p2_seed707,real_missing_sweep,scenario.missing_ratio,0.2,707
ridge,8.968130280684305,6.362846115562442,10.910431969952372,3.8173100532583093,3.8173100532583093,194126.1317321697,59,59,0.0004456249953364022,True,False,,ieee30,pypower,pypower.case30.case30,True,ac_power_flow_linearized,81,59,real_ieee30_ac_linearized,0.002,0.2,0.05,1,5.0,weak_area,,655.0626612320015,real_missing_sweep_0p2_seed707,real_missing_sweep,scenario.missing_ratio,0.2,707
truncated_svd,10.522718126009778,7.470183983219137,12.799247888393886,3.8065234397552836,3.8065234397552836,194126.1317321697,59,59,0.00039858299714978784,True,False,,ieee30,pypower,pypower.case30.case30,True,ac_power_flow_linearized,81,59,real_ieee30_ac_linearized,0.002,0.2,0.05,1,5.0,weak_area,,655.0626612320015,real_missing_sweep_0p2_seed707,real_missing_sweep,scenario.missing_ratio,0.2,707
qsvt_regularized,8.968130280684305,6.362846115562442,10.910431969952372,3.8173100532583093,3.8173100532583093,194126.1317321697,59,59,0.00038750000385334715,True,False,,ieee30,pypower,pypower.case30.case30,True,ac_power_flow_linearized,81,59,real_ieee30_ac_linearized,0.002,0.2,0.05,1,5.0,weak_area,,655.0626612320015,real_missing_sweep_0p2_seed707,real_missing_sweep,scenario.missing_ratio,0.2,707
huber_irls,5.4468206689717205,3.8669296318502826,6.625109483481621,4.1155105157928,4.1155105157928,194126.1317321697,59,59,0.003491707997454796,False,False,,ieee30,pypower,pypower.case30.case30,True,ac_power_flow_linearized,81,59,real_ieee30_ac_linearized,0.002,0.2,0.05,1,5.0,weak_area,,655.0626612320015,real_missing_sweep_0p2_seed707,real_missing_sweep,scenario.missing_ratio,0.2,707
pseudoinverse,0.031008607895957434,0.02718859358764833,0.03429923373202077,4.961206669105331,4.961206669105331,8377.292880807894,59,59,0.00057458299852442,True,False,,ieee30,pypower,pypower.case30.case30,True,ac_power_flow_linearized,81,59,real_ieee30_ac_linearized,0.002,0.2,0.05,1,5.0,weak_area,,656.5888011751795,real_missing_sweep_0p2_seed808,real_missing_sweep,scenario.missing_ratio,0.2,808
ridge,0.031007910914882034,0.027187952478223275,0.034298485768434285,4.961206669117836,4.961206669117836,8377.292880807894,59,59,0.0004166250000707805,True,False,,ieee30,pypower,pypower.case30.case30,True,ac_power_flow_linearized,81,59,real_ieee30_ac_linearized,0.002,0.2,0.05,1,5.0,weak_area,,656.5888011751795,real_missing_sweep_0p2_seed808,real_missing_sweep,scenario.missing_ratio,0.2,808
truncated_svd,0.03100860789595742,0.027188593587648316,0.034299233732020755,4.961206669105331,4.961206669105331,8377.292880807894,59,59,0.00037762499414384365,True,False,,ieee30,pypower,pypower.case30.case30,True,ac_power_flow_linearized,81,59,real_ieee30_ac_linearized,0.002,0.2,0.05,1,5.0,weak_area,,656.5888011751795,real_missing_sweep_0p2_seed808,real_missing_sweep,scenario.missing_ratio,0.2,808
qsvt_regularized,0.031007910914882034,0.027187952478223275,0.034298485768434285,4.961206669117836,4.961206669117836,8377.292880807894,59,59,0.00038920799852348864,True,False,,ieee30,pypower,pypower.case30.case30,True,ac_power_flow_linearized,81,59,real_ieee30_ac_linearized,0.002,0.2,0.05,1,5.0,weak_area,,656.5888011751795,real_missing_sweep_0p2_seed808,real_missing_sweep,scenario.missing_ratio,0.2,808
huber_irls,0.010045503393817969,0.00810853117283124,0.011614812542661187,4.98199696884853,4.98199696884853,8377.292880807894,59,59,0.0017223749964614399,True,False,,ieee30,pypower,pypower.case30.case30,True,ac_power_flow_linearized,81,59,real_ieee30_ac_linearized,0.002,0.2,0.05,1,5.0,weak_area,,656.5888011751795,real_missing_sweep_0p2_seed808,real_missing_sweep,scenario.missing_ratio,0.2,808
pseudoinverse,0.0791026865181238,0.03486026100093585,0.10550433952120036,3.8571050757977536,3.8571050757977536,2632.319571535772,59,59,0.0005296250019455329,True,False,,ieee30,pypower,pypower.case30.case30,True,ac_power_flow_linearized,81,59,real_ieee30_ac_linearized,0.002,0.2,0.05,1,5.0,weak_area,,658.965485210082,real_missing_sweep_0p2_seed909,real_missing_sweep,scenario.missing_ratio,0.2,909
ridge,0.0791017095788173,0.03485983802120915,0.10550303410172913,3.85710507585649,3.85710507585649,2632.319571535772,59,59,0.0003832500005955808,True,False,,ieee30,pypower,pypower.case30.case30,True,ac_power_flow_linearized,81,59,real_ieee30_ac_linearized,0.002,0.2,0.05,1,5.0,weak_area,,658.965485210082,real_missing_sweep_0p2_seed909,real_missing_sweep,scenario.missing_ratio,0.2,909
truncated_svd,0.07910268651812381,0.03486026100093586,0.10550433952120038,3.857105075797754,3.857105075797754,2632.319571535772,59,59,0.0004321250016801059,True,False,,ieee30,pypower,pypower.case30.case30,True,ac_power_flow_linearized,81,59,real_ieee30_ac_linearized,0.002,0.2,0.05,1,5.0,weak_area,,658.965485210082,real_missing_sweep_0p2_seed909,real_missing_sweep,scenario.missing_ratio,0.2,909
qsvt_regularized,0.0791017095788173,0.03485983802120915,0.10550303410172913,3.85710507585649,3.85710507585649,2632.319571535772,59,59,0.00039133399695856497,True,False,,ieee30,pypower,pypower.case30.case30,True,ac_power_flow_linearized,81,59,real_ieee30_ac_linearized,0.002,0.2,0.05,1,5.0,weak_area,,658.965485210082,real_missing_sweep_0p2_seed909,real_missing_sweep,scenario.missing_ratio,0.2,909
huber_irls,0.03986582313611779,0.017579271395827774,0.05316824074058258,4.1674553191393695,4.1674553191393695,2632.319571535772,59,59,0.003499708000163082,False,False,,ieee30,pypower,pypower.case30.case30,True,ac_power_flow_linearized,81,59,real_ieee30_ac_linearized,0.002,0.2,0.05,1,5.0,weak_area,,658.965485210082,real_missing_sweep_0p2_seed909,real_missing_sweep,scenario.missing_ratio,0.2,909
pseudoinverse,0.061185891376501406,0.03708043748861099,0.0776756672372646,1.9535899976674616,1.9535899976674616,1489.6561402616398,59,59,0.0006170830019982532,True,False,,ieee30,pypower,pypower.case30.case30,True,ac_power_flow_linearized,81,59,real_ieee30_ac_linearized,0.002,0.2,0.05,1,5.0,weak_area,,661.0391998992394,real_missing_sweep_0p2_seed1001,real_missing_sweep,scenario.missing_ratio,0.2,1001
ridge,0.061185823958950974,0.0370803870746491,0.0776755860606665,1.9535899976736766,1.9535899976736766,1489.6561402616398,59,59,0.0003873329987982288,True,False,,ieee30,pypower,pypower.case30.case30,True,ac_power_flow_linearized,81,59,real_ieee30_ac_linearized,0.002,0.2,0.05,1,5.0,weak_area,,661.0391998992394,real_missing_sweep_0p2_seed1001,real_missing_sweep,scenario.missing_ratio,0.2,1001
truncated_svd,0.0611858913765014,0.03708043748861099,0.0776756672372646,1.953589997667461,1.953589997667461,1489.6561402616398,59,59,0.00039208300586324185,True,False,,ieee30,pypower,pypower.case30.case30,True,ac_power_flow_linearized,81,59,real_ieee30_ac_linearized,0.002,0.2,0.05,1,5.0,weak_area,,661.0391998992394,real_missing_sweep_0p2_seed1001,real_missing_sweep,scenario.missing_ratio,0.2,1001
qsvt_regularized,0.061185823958950974,0.0370803870746491,0.0776755860606665,1.9535899976736766,1.9535899976736766,1489.6561402616398,59,59,0.00037895800051046535,True,False,,ieee30,pypower,pypower.case30.case30,True,ac_power_flow_linearized,81,59,real_ieee30_ac_linearized,0.002,0.2,0.05,1,5.0,weak_area,,661.0391998992394,real_missing_sweep_0p2_seed1001,real_missing_sweep,scenario.missing_ratio,0.2,1001
huber_irls,0.06118589137650133,0.037080437488611076,0.07767566723726446,1.9535899976674607,1.9535899976674607,1489.6561402616398,59,59,0.0006714580013067462,True,False,,ieee30,pypower,pypower.case30.case30,True,ac_power_flow_linearized,81,59,real_ieee30_ac_linearized,0.002,0.2,0.05,1,5.0,weak_area,,661.0391998992394,real_missing_sweep_0p2_seed1001,real_missing_sweep,scenario.missing_ratio,0.2,1001
pseudoinverse,0.002292936894566341,0.0010613773315182255,0.003041528580551709,0.058939943498199567,0.058939943498199567,1.9100852249825053e+17,58,58,0.0005752090000896715,True,False,,ieee30,pypower,pypower.case30.case30,True,ac_power_flow_linearized,91,59,real_ieee30_ac_linearized,0.002,0.1,0.0,0,5.0,weak_area,,664.9079859883259,real_bad_data_ratio_sweep_0p0_seed101,real_bad_data_ratio_sweep,scenario.bad_data.ratio,0.0,101
ridge,0.0022929085037421758,0.0010613522102494348,0.003041494961766984,0.05893994349975831,0.05893994349975831,1.9100852249825053e+17,58,58,0.00039149999793153256,True,False,,ieee30,pypower,pypower.case30.case30,True,ac_power_flow_linearized,91,59,real_ieee30_ac_linearized,0.002,0.1,0.0,0,5.0,weak_area,,664.9079859883259,real_bad_data_ratio_sweep_0p0_seed101,real_bad_data_ratio_sweep,scenario.bad_data.ratio,0.0,101
truncated_svd,0.0022929368945663405,0.001061377331518224,0.003041528580551709,0.05893994349820035,0.05893994349820035,1.9100852249825053e+17,58,58,0.00037924999924143776,True,False,,ieee30,pypower,pypower.case30.case30,True,ac_power_flow_linearized,91,59,real_ieee30_ac_linearized,0.002,0.1,0.0,0,5.0,weak_area,,664.9079859883259,real_bad_data_ratio_sweep_0p0_seed101,real_bad_data_ratio_sweep,scenario.bad_data.ratio,0.0,101
qsvt_regularized,0.0022929085037421758,0.0010613522102494348,0.003041494961766984,0.05893994349975831,0.05893994349975831,1.9100852249825053e+17,58,58,0.0003735409991350025,True,False,,ieee30,pypower,pypower.case30.case30,True,ac_power_flow_linearized,91,59,real_ieee30_ac_linearized,0.002,0.1,0.0,0,5.0,weak_area,,664.9079859883259,real_bad_data_ratio_sweep_0p0_seed101,real_bad_data_ratio_sweep,scenario.bad_data.ratio,0.0,101
huber_irls,0.0022929368945663166,0.0010613773315182055,0.0030415285805516805,0.05893994349819989,0.05893994349819989,1.9100852249825053e+17,58,58,0.0006852500009699725,True,False,,ieee30,pypower,pypower.case30.case30,True,ac_power_flow_linearized,91,59,real_ieee30_ac_linearized,0.002,0.1,0.0,0,5.0,weak_area,,664.9079859883259,real_bad_data_ratio_sweep_0p0_seed101,real_bad_data_ratio_sweep,scenario.bad_data.ratio,0.0,101
pseudoinverse,0.00023440952720887628,0.00026455131652141994,0.0002010213245079376,0.09914246698147043,0.09914246698147043,3232.450505614005,59,59,0.0005577920019277371,True,False,,ieee30,pypower,pypower.case30.case30,True,ac_power_flow_linearized,91,59,real_ieee30_ac_linearized,0.002,0.1,0.0,0,5.0,weak_area,,658.2106903999758,real_bad_data_ratio_sweep_0p0_seed202,real_bad_data_ratio_sweep,scenario.bad_data.ratio,0.0,202
ridge,0.0002344051113283868,0.0002645527976016577,0.00020100931304697334,0.09914246698291374,0.09914246698291374,3232.450505614005,59,59,0.0004154170019319281,True,False,,ieee30,pypower,pypower.case30.case30,True,ac_power_flow_linearized,91,59,real_ieee30_ac_linearized,0.002,0.1,0.0,0,5.0,weak_area,,658.2106903999758,real_bad_data_ratio_sweep_0p0_seed202,real_bad_data_ratio_sweep,scenario.bad_data.ratio,0.0,202
truncated_svd,0.00023440952720887672,0.0002645513165214202,0.00020102132450793822,0.0991424669814701,0.0991424669814701,3232.450505614005,59,59,0.00041329099622089416,True,False,,ieee30,pypower,pypower.case30.case30,True,ac_power_flow_linearized,91,59,real_ieee30_ac_linearized,0.002,0.1,0.0,0,5.0,weak_area,,658.2106903999758,real_bad_data_ratio_sweep_0p0_seed202,real_bad_data_ratio_sweep,scenario.bad_data.ratio,0.0,202
qsvt_regularized,0.0002344051113283868,0.0002645527976016577,0.00020100931304697334,0.09914246698291374,0.09914246698291374,3232.450505614005,59,59,0.00040316599915968254,True,False,,ieee30,pypower,pypower.case30.case30,True,ac_power_flow_linearized,91,59,real_ieee30_ac_linearized,0.002,0.1,0.0,0,5.0,weak_area,,658.2106903999758,real_bad_data_ratio_sweep_0p0_seed202,real_bad_data_ratio_sweep,scenario.bad_data.ratio,0.0,202
huber_irls,0.00023440952720885823,0.0002645513165214345,0.00020102132450787759,0.09914246698147017,0.09914246698147017,3232.450505614005,59,59,0.0007112499952199869,True,False,,ieee30,pypower,pypower.case30.case30,True,ac_power_flow_linearized,91,59,real_ieee30_ac_linearized,0.002,0.1,0.0,0,5.0,weak_area,,658.2106903999758,real_bad_data_ratio_sweep_0p0_seed202,real_bad_data_ratio_sweep,scenario.bad_data.ratio,0.0,202
pseudoinverse,0.0009160604023334589,0.0005826754578447102,0.0011498553966566875,0.07794447320671197,0.07794447320671197,1.714482301442949e+17,58,58,0.0005727079987991601,True,False,,ieee30,pypower,pypower.case30.case30,True,ac_power_flow_linearized,91,59,real_ieee30_ac_linearized,0.002,0.1,0.0,0,5.0,weak_area,,658.952167674556,real_bad_data_ratio_sweep_0p0_seed303,real_bad_data_ratio_sweep,scenario.bad_data.ratio,0.0,303
ridge,0.0008134030236982439,0.0004959360611404201,0.0010312325882696645,0.07794447590387797,0.07794447590387797,1.714482301442949e+17,58,58,0.00039024999568937346,True,False,,ieee30,pypower,pypower.case30.case30,True,ac_power_flow_linearized,91,59,real_ieee30_ac_linearized,0.002,0.1,0.0,0,5.0,weak_area,,658.952167674556,real_bad_data_ratio_sweep_0p0_seed303,real_bad_data_ratio_sweep,scenario.bad_data.ratio,0.0,303
truncated_svd,0.0009160604023334591,0.0005826754578447108,0.0011498553966566875,0.07794447320671134,0.07794447320671134,1.714482301442949e+17,58,58,0.0003859589996864088,True,False,,ieee30,pypower,pypower.case30.case30,True,ac_power_flow_linearized,91,59,real_ieee30_ac_linearized,0.002,0.1,0.0,0,5.0,weak_area,,658.952167674556,real_bad_data_ratio_sweep_0p0_seed303,real_bad_data_ratio_sweep,scenario.bad_data.ratio,0.0,303
qsvt_regularized,0.0008134030236982439,0.0004959360611404201,0.0010312325882696645,0.07794447590387797,0.07794447590387797,1.714482301442949e+17,58,58,0.0003855839968309738,True,False,,ieee30,pypower,pypower.case30.case30,True,ac_power_flow_linearized,91,59,real_ieee30_ac_linearized,0.002,0.1,0.0,0,5.0,weak_area,,658.952167674556,real_bad_data_ratio_sweep_0p0_seed303,real_bad_data_ratio_sweep,scenario.bad_data.ratio,0.0,303
huber_irls,0.000916060402333114,0.000582675457844449,0.001149855396656275,0.07794447320671125,0.07794447320671125,1.714482301442949e+17,58,58,0.0006758339950465597,True,False,,ieee30,pypower,pypower.case30.case30,True,ac_power_flow_linearized,91,59,real_ieee30_ac_linearized,0.002,0.1,0.0,0,5.0,weak_area,,658.952167674556,real_bad_data_ratio_sweep_0p0_seed303,real_bad_data_ratio_sweep,scenario.bad_data.ratio,0.0,303
pseudoinverse,0.05931255258906295,0.039875627218934236,0.07335958266107032,0.08139129495326253,0.08139129495326253,389313.94498984964,59,59,0.0006032500023138709,True,False,,ieee30,pypower,pypower.case30.case30,True,ac_power_flow_linearized,91,59,real_ieee30_ac_linearized,0.002,0.1,0.0,0,5.0,weak_area,,664.4204809144534,real_bad_data_ratio_sweep_0p0_seed404,real_bad_data_ratio_sweep,scenario.bad_data.ratio,0.0,404
ridge,0.0349156821761317,0.023466146362698323,0.04318875089623146,0.08142242932373003,0.08142242932373003,389313.94498984964,59,59,0.0004085830005351454,True,False,,ieee30,pypower,pypower.case30.case30,True,ac_power_flow_linearized,91,59,real_ieee30_ac_linearized,0.002,0.1,0.0,0,5.0,weak_area,,664.4204809144534,real_bad_data_ratio_sweep_0p0_seed404,real_bad_data_ratio_sweep,scenario.bad_data.ratio,0.0,404
truncated_svd,0.05931255258906292,0.03987562721893422,0.07335958266107029,0.08139129495326186,0.08139129495326186,389313.94498984964,59,59,0.0003938750014640391,True,False,,ieee30,pypower,pypower.case30.case30,True,ac_power_flow_linearized,91,59,real_ieee30_ac_linearized,0.002,0.1,0.0,0,5.0,weak_area,,664.4204809144534,real_bad_data_ratio_sweep_0p0_seed404,real_bad_data_ratio_sweep,scenario.bad_data.ratio,0.0,404
qsvt_regularized,0.0349156821761317,0.023466146362698323,0.04318875089623146,0.08142242932373003,0.08142242932373003,389313.94498984964,59,59,0.00038049999420763925,True,False,,ieee30,pypower,pypower.case30.case30,True,ac_power_flow_linearized,91,59,real_ieee30_ac_linearized,0.002,0.1,0.0,0,5.0,weak_area,,664.4204809144534,real_bad_data_ratio_sweep_0p0_seed404,real_bad_data_ratio_sweep,scenario.bad_data.ratio,0.0,404
huber_irls,0.059312552589062935,0.039875627218934215,0.0733595826610703,0.08139129495326462,0.08139129495326462,389313.94498984964,59,59,0.0006697920034639537,True,False,,ieee30,pypower,pypower.case30.case30,True,ac_power_flow_linearized,91,59,real_ieee30_ac_linearized,0.002,0.1,0.0,0,5.0,weak_area,,664.4204809144534,real_bad_data_ratio_sweep_0p0_seed404,real_bad_data_ratio_sweep,scenario.bad_data.ratio,0.0,404
pseudoinverse,0.0004810926617783782,0.00043700336769404447,0.0005201721652780338,0.12440949154383857,0.12440949154383857,782.8587287446862,59,59,0.0005809580034110695,True,False,,ieee30,pypower,pypower.case30.case30,True,ac_power_flow_linearized,91,59,real_ieee30_ac_linearized,0.002,0.1,0.0,0,5.0,weak_area,,653.3091250021798,real_bad_data_ratio_sweep_0p0_seed505,real_bad_data_ratio_sweep,scenario.bad_data.ratio,0.0,505
ridge,0.0004810934447739889,0.00043700378458525266,0.0005201732509191047,0.12440949154390196,0.12440949154390196,782.8587287446862,59,59,0.00038383299397537485,True,False,,ieee30,pypower,pypower.case30.case30,True,ac_power_flow_linearized,91,59,real_ieee30_ac_linearized,0.002,0.1,0.0,0,5.0,weak_area,,653.3091250021798,real_bad_data_ratio_sweep_0p0_seed505,real_bad_data_ratio_sweep,scenario.bad_data.ratio,0.0,505
truncated_svd,0.000481092661778378,0.00043700336769404404,0.0005201721652780338,0.12440949154383832,0.12440949154383832,782.8587287446862,59,59,0.0003851669971481897,True,False,,ieee30,pypower,pypower.case30.case30,True,ac_power_flow_linearized,91,59,real_ieee30_ac_linearized,0.002,0.1,0.0,0,5.0,weak_area,,653.3091250021798,real_bad_data_ratio_sweep_0p0_seed505,real_bad_data_ratio_sweep,scenario.bad_data.ratio,0.0,505
qsvt_regularized,0.0004810934447739889,0.00043700378458525266,0.0005201732509191047,0.12440949154390196,0.12440949154390196,782.8587287446862,59,59,0.0003902909957105294,True,False,,ieee30,pypower,pypower.case30.case30,True,ac_power_flow_linearized,91,59,real_ieee30_ac_linearized,0.002,0.1,0.0,0,5.0,weak_area,,653.3091250021798,real_bad_data_ratio_sweep_0p0_seed505,real_bad_data_ratio_sweep,scenario.bad_data.ratio,0.0,505
huber_irls,0.0004810926617785795,0.00043700336769413316,0.000520172165278328,0.12440949154383643,0.12440949154383643,782.8587287446862,59,59,0.0007242919964483008,True,False,,ieee30,pypower,pypower.case30.case30,True,ac_power_flow_linearized,91,59,real_ieee30_ac_linearized,0.002,0.1,0.0,0,5.0,weak_area,,653.3091250021798,real_bad_data_ratio_sweep_0p0_seed505,real_bad_data_ratio_sweep,scenario.bad_data.ratio,0.0,505
pseudoinverse,0.001363939285048596,0.0009326343202978855,0.0016786412713670758,0.048828944816888306,0.048828944816888306,125154.09364819992,59,59,0.0006394169977284037,True,False,,ieee30,pypower,pypower.case30.case30,True,ac_power_flow_linearized,91,59,real_ieee30_ac_linearized,0.002,0.1,0.0,0,5.0,weak_area,,664.1121893060704,real_bad_data_ratio_sweep_0p0_seed606,real_bad_data_ratio_sweep,scenario.bad_data.ratio,0.0,606
ridge,0.001267102929517565,0.000867447445602588,0.0015589093746370306,0.04882895293437132,0.04882895293437132,125154.09364819992,59,59,0.0004379159945528954,True,False,,ieee30,pypower,pypower.case30.case30,True,ac_power_flow_linearized,91,59,real_ieee30_ac_linearized,0.002,0.1,0.0,0,5.0,weak_area,,664.1121893060704,real_bad_data_ratio_sweep_0p0_seed606,real_bad_data_ratio_sweep,scenario.bad_data.ratio,0.0,606
truncated_svd,0.0013639392850485963,0.0009326343202978858,0.0016786412713670762,0.04882894481688807,0.04882894481688807,125154.09364819992,59,59,0.0003903340038959868,True,False,,ieee30,pypower,pypower.case30.case30,True,ac_power_flow_linearized,91,59,real_ieee30_ac_linearized,0.002,0.1,0.0,0,5.0,weak_area,,664.1121893060704,real_bad_data_ratio_sweep_0p0_seed606,real_bad_data_ratio_sweep,scenario.bad_data.ratio,0.0,606
qsvt_regularized,0.001267102929517565,0.000867447445602588,0.0015589093746370306,0.04882895293437132,0.04882895293437132,125154.09364819992,59,59,0.00039162499888334423,True,False,,ieee30,pypower,pypower.case30.case30,True,ac_power_flow_linearized,91,59,real_ieee30_ac_linearized,0.002,0.1,0.0,0,5.0,weak_area,,664.1121893060704,real_bad_data_ratio_sweep_0p0_seed606,real_bad_data_ratio_sweep,scenario.bad_data.ratio,0.0,606
huber_irls,0.001363939285048937,0.0009326343202981114,0.0016786412713674992,0.048828944816888376,0.048828944816888376,125154.09364819992,59,59,0.0007059580020722933,True,False,,ieee30,pypower,pypower.case30.case30,True,ac_power_flow_linearized,91,59,real_ieee30_ac_linearized,0.002,0.1,0.0,0,5.0,weak_area,,664.1121893060704,real_bad_data_ratio_sweep_0p0_seed606,real_bad_data_ratio_sweep,scenario.bad_data.ratio,0.0,606
pseudoinverse,0.0006356596033457795,0.0005376268861790488,0.0007178088732311755,0.3227388643104758,0.3227388643104758,1717.0455244401148,59,59,0.0006303749978542328,True,False,,ieee30,pypower,pypower.case30.case30,True,ac_power_flow_linearized,91,59,real_ieee30_ac_linearized,0.002,0.1,0.0,0,5.0,weak_area,,655.0626612320015,real_bad_data_ratio_sweep_0p0_seed707,real_bad_data_ratio_sweep,scenario.bad_data.ratio,0.0,707
ridge,0.0006356565864764551,0.0005376246326265157,0.0007178052506849371,0.3227388643105069,0.3227388643105069,1717.0455244401148,59,59,0.0004009159965789877,True,False,,ieee30,pypower,pypower.case30.case30,True,ac_power_flow_linearized,91,59,real_ieee30_ac_linearized,0.002,0.1,0.0,0,5.0,weak_area,,655.0626612320015,real_bad_data_ratio_sweep_0p0_seed707,real_bad_data_ratio_sweep,scenario.bad_data.ratio,0.0,707
truncated_svd,0.0006356596033457795,0.0005376268861790491,0.000717808873231175,0.3227388643104709,0.3227388643104709,1717.0455244401148,59,59,0.00039479199767811224,True,False,,ieee30,pypower,pypower.case30.case30,True,ac_power_flow_linearized,91,59,real_ieee30_ac_linearized,0.002,0.1,0.0,0,5.0,weak_area,,655.0626612320015,real_bad_data_ratio_sweep_0p0_seed707,real_bad_data_ratio_sweep,scenario.bad_data.ratio,0.0,707
qsvt_regularized,0.0006356565864764551,0.0005376246326265157,0.0007178052506849371,0.3227388643105069,0.3227388643105069,1717.0455244401148,59,59,0.00038225000025704503,True,False,,ieee30,pypower,pypower.case30.case30,True,ac_power_flow_linearized,91,59,real_ieee30_ac_linearized,0.002,0.1,0.0,0,5.0,weak_area,,655.0626612320015,real_bad_data_ratio_sweep_0p0_seed707,real_bad_data_ratio_sweep,scenario.bad_data.ratio,0.0,707
huber_irls,0.0006356596033458223,0.0005376268861791446,0.0007178088732311807,0.322738864310468,0.322738864310468,1717.0455244401148,59,59,0.0007180839966167696,True,False,,ieee30,pypower,pypower.case30.case30,True,ac_power_flow_linearized,91,59,real_ieee30_ac_linearized,0.002,0.1,0.0,0,5.0,weak_area,,655.0626612320015,real_bad_data_ratio_sweep_0p0_seed707,real_bad_data_ratio_sweep,scenario.bad_data.ratio,0.0,707
pseudoinverse,0.0015878685325271824,0.0010123892027454641,0.0019919440845698063,0.13145124535634994,0.13145124535634994,1174.0616722496804,59,59,0.0006237920024432242,True,False,,ieee30,pypower,pypower.case30.case30,True,ac_power_flow_linearized,91,59,real_ieee30_ac_linearized,0.002,0.1,0.0,0,5.0,weak_area,,656.5888011751795,real_bad_data_ratio_sweep_0p0_seed808,real_bad_data_ratio_sweep,scenario.bad_data.ratio,0.0,808
ridge,0.0015878600129865194,0.0010123844314183983,0.0019919330724807597,0.1314512453566472,0.1314512453566472,1174.0616722496804,59,59,0.00038945900450926274,True,False,,ieee30,pypower,pypower.case30.case30,True,ac_power_flow_linearized,91,59,real_ieee30_ac_linearized,0.002,0.1,0.0,0,5.0,weak_area,,656.5888011751795,real_bad_data_ratio_sweep_0p0_seed808,real_bad_data_ratio_sweep,scenario.bad_data.ratio,0.0,808
truncated_svd,0.0015878685325271822,0.001012389202745464,0.001991944084569806,0.13145124535634958,0.13145124535634958,1174.0616722496804,59,59,0.0003872909946949221,True,False,,ieee30,pypower,pypower.case30.case30,True,ac_power_flow_linearized,91,59,real_ieee30_ac_linearized,0.002,0.1,0.0,0,5.0,weak_area,,656.5888011751795,real_bad_data_ratio_sweep_0p0_seed808,real_bad_data_ratio_sweep,scenario.bad_data.ratio,0.0,808
qsvt_regularized,0.0015878600129865194,0.0010123844314183983,0.0019919330724807597,0.1314512453566472,0.1314512453566472,1174.0616722496804,59,59,0.0003799170008278452,True,False,,ieee30,pypower,pypower.case30.case30,True,ac_power_flow_linearized,91,59,real_ieee30_ac_linearized,0.002,0.1,0.0,0,5.0,weak_area,,656.5888011751795,real_bad_data_ratio_sweep_0p0_seed808,real_bad_data_ratio_sweep,scenario.bad_data.ratio,0.0,808
huber_irls,0.001587868532527199,0.0010123892027454641,0.0019919440845698323,0.1314512453563483,0.1314512453563483,1174.0616722496804,59,59,0.0006763329947716556,True,False,,ieee30,pypower,pypower.case30.case30,True,ac_power_flow_linearized,91,59,real_ieee30_ac_linearized,0.002,0.1,0.0,0,5.0,weak_area,,656.5888011751795,real_bad_data_ratio_sweep_0p0_seed808,real_bad_data_ratio_sweep,scenario.bad_data.ratio,0.0,808
pseudoinverse,0.0007806379740704193,0.00031489377263487086,0.0010500596585242658,0.0361004153165942,0.0361004153165942,5412.586841655552,59,59,0.0005682499977410771,True,False,,ieee30,pypower,pypower.case30.case30,True,ac_power_flow_linearized,91,59,real_ieee30_ac_linearized,0.002,0.1,0.0,0,5.0,weak_area,,658.965485210082,real_bad_data_ratio_sweep_0p0_seed909,real_bad_data_ratio_sweep,scenario.bad_data.ratio,0.0,909
ridge,0.0007806584226527851,0.0003149096845799538,0.0010500849429901722,0.03610041532105536,0.03610041532105536,5412.586841655552,59,59,0.00039808300061849877,True,False,,ieee30,pypower,pypower.case30.case30,True,ac_power_flow_linearized,91,59,real_ieee30_ac_linearized,0.002,0.1,0.0,0,5.0,weak_area,,658.965485210082,real_bad_data_ratio_sweep_0p0_seed909,real_bad_data_ratio_sweep,scenario.bad_data.ratio,0.0,909
truncated_svd,0.0007806379740704202,0.00031489377263487135,0.0010500596585242667,0.03610041531659432,0.03610041531659432,5412.586841655552,59,59,0.0004792079998878762,True,False,,ieee30,pypower,pypower.case30.case30,True,ac_power_flow_linearized,91,59,real_ieee30_ac_linearized,0.002,0.1,0.0,0,5.0,weak_area,,658.965485210082,real_bad_data_ratio_sweep_0p0_seed909,real_bad_data_ratio_sweep,scenario.bad_data.ratio,0.0,909
qsvt_regularized,0.0007806584226527851,0.0003149096845799538,0.0010500849429901722,0.03610041532105536,0.03610041532105536,5412.586841655552,59,59,0.0004237080065649934,True,False,,ieee30,pypower,pypower.case30.case30,True,ac_power_flow_linearized,91,59,real_ieee30_ac_linearized,0.002,0.1,0.0,0,5.0,weak_area,,658.965485210082,real_bad_data_ratio_sweep_0p0_seed909,real_bad_data_ratio_sweep,scenario.bad_data.ratio,0.0,909
huber_irls,0.0007806379740704441,0.0003148937726348329,0.0010500596585243129,0.03610041531659425,0.03610041531659425,5412.586841655552,59,59,0.0007685829987167381,True,False,,ieee30,pypower,pypower.case30.case30,True,ac_power_flow_linearized,91,59,real_ieee30_ac_linearized,0.002,0.1,0.0,0,5.0,weak_area,,658.965485210082,real_bad_data_ratio_sweep_0p0_seed909,real_bad_data_ratio_sweep,scenario.bad_data.ratio,0.0,909
pseudoinverse,0.001208575173047459,0.0002546333216151769,0.0016762883329911602,0.07010497008775966,0.07010497008775966,1.9557534910000045e+17,58,58,0.0006891669981996529,True,False,,ieee30,pypower,pypower.case30.case30,True,ac_power_flow_linearized,91,59,real_ieee30_ac_linearized,0.002,0.1,0.0,0,5.0,weak_area,,661.0391998992394,real_bad_data_ratio_sweep_0p0_seed1001,real_bad_data_ratio_sweep,scenario.bad_data.ratio,0.0,1001
ridge,0.0012085649269545614,0.00025462638786045945,0.0016762748228613478,0.070104970088284,0.070104970088284,1.9557534910000045e+17,58,58,0.00040050000097835436,True,False,,ieee30,pypower,pypower.case30.case30,True,ac_power_flow_linearized,91,59,real_ieee30_ac_linearized,0.002,0.1,0.0,0,5.0,weak_area,,661.0391998992394,real_bad_data_ratio_sweep_0p0_seed1001,real_bad_data_ratio_sweep,scenario.bad_data.ratio,0.0,1001
truncated_svd,0.001208575173047459,0.00025463332161517653,0.0016762883329911602,0.07010497008776023,0.07010497008776023,1.9557534910000045e+17,58,58,0.00041666600009193644,True,False,,ieee30,pypower,pypower.case30.case30,True,ac_power_flow_linearized,91,59,real_ieee30_ac_linearized,0.002,0.1,0.0,0,5.0,weak_area,,661.0391998992394,real_bad_data_ratio_sweep_0p0_seed1001,real_bad_data_ratio_sweep,scenario.bad_data.ratio,0.0,1001
qsvt_regularized,0.0012085649269545614,0.00025462638786045945,0.0016762748228613478,0.070104970088284,0.070104970088284,1.9557534910000045e+17,58,58,0.0004010419943369925,True,False,,ieee30,pypower,pypower.case30.case30,True,ac_power_flow_linearized,91,59,real_ieee30_ac_linearized,0.002,0.1,0.0,0,5.0,weak_area,,661.0391998992394,real_bad_data_ratio_sweep_0p0_seed1001,real_bad_data_ratio_sweep,scenario.bad_data.ratio,0.0,1001
huber_irls,0.0012085751730471972,0.00025463332161500827,0.0016762883329908133,0.07010497008776082,0.07010497008776082,1.9557534910000045e+17,58,58,0.0006868330019642599,True,False,,ieee30,pypower,pypower.case30.case30,True,ac_power_flow_linearized,91,59,real_ieee30_ac_linearized,0.002,0.1,0.0,0,5.0,weak_area,,661.0391998992394,real_bad_data_ratio_sweep_0p0_seed1001,real_bad_data_ratio_sweep,scenario.bad_data.ratio,0.0,1001
pseudoinverse,0.005437370394630741,0.002365776006411613,0.00726182902679743,4.886406613557959,4.886406613557959,1.9100852249825053e+17,58,58,0.0006159170006867498,True,False,,ieee30,pypower,pypower.case30.case30,True,ac_power_flow_linearized,91,59,real_ieee30_ac_linearized,0.002,0.1,0.05,1,5.0,weak_area,,664.9079859883259,real_bad_data_ratio_sweep_0p05_seed101,real_bad_data_ratio_sweep,scenario.bad_data.ratio,0.05,101
ridge,0.005437304063417961,0.0023657154899115905,0.007261750407921875,4.886406613558113,4.886406613558113,1.9100852249825053e+17,58,58,0.00040699999954085797,True,False,,ieee30,pypower,pypower.case30.case30,True,ac_power_flow_linearized,91,59,real_ieee30_ac_linearized,0.002,0.1,0.05,1,5.0,weak_area,,664.9079859883259,real_bad_data_ratio_sweep_0p05_seed101,real_bad_data_ratio_sweep,scenario.bad_data.ratio,0.05,101
truncated_svd,0.005437370394630741,0.0023657760064116117,0.00726182902679743,4.886406613557959,4.886406613557959,1.9100852249825053e+17,58,58,0.00042116600525332615,True,False,,ieee30,pypower,pypower.case30.case30,True,ac_power_flow_linearized,91,59,real_ieee30_ac_linearized,0.002,0.1,0.05,1,5.0,weak_area,,664.9079859883259,real_bad_data_ratio_sweep_0p05_seed101,real_bad_data_ratio_sweep,scenario.bad_data.ratio,0.05,101
qsvt_regularized,0.005437304063417961,0.0023657154899115905,0.007261750407921875,4.886406613558113,4.886406613558113,1.9100852249825053e+17,58,58,0.0004068749985890463,True,False,,ieee30,pypower,pypower.case30.case30,True,ac_power_flow_linearized,91,59,real_ieee30_ac_linearized,0.002,0.1,0.05,1,5.0,weak_area,,664.9079859883259,real_bad_data_ratio_sweep_0p05_seed101,real_bad_data_ratio_sweep,scenario.bad_data.ratio,0.05,101
huber_irls,0.002906309435850358,0.0013967440260919117,0.003837427590281355,4.944209779461871,4.944209779461871,1.9100852249825053e+17,58,58,0.0018545409984653816,True,False,,ieee30,pypower,pypower.case30.case30,True,ac_power_flow_linearized,91,59,real_ieee30_ac_linearized,0.002,0.1,0.05,1,5.0,weak_area,,664.9079859883259,real_bad_data_ratio_sweep_0p05_seed101,real_bad_data_ratio_sweep,scenario.bad_data.ratio,0.05,101
pseudoinverse,0.03304084304351824,0.04683305910841781,0.005174984362082345,3.1135585607302776,3.1135585607302776,3232.450505614005,59,59,0.0005683749986928888,True,False,,ieee30,pypower,pypower.case30.case30,True,ac_power_flow_linearized,91,59,real_ieee30_ac_linearized,0.002,0.1,0.05,1,5.0,weak_area,,658.2106903999758,real_bad_data_ratio_sweep_0p05_seed202,real_bad_data_ratio_sweep,scenario.bad_data.ratio,0.05,202
ridge,0.033040792999815015,0.04683299186357473,0.005174944255496214,3.113558560731893,3.113558560731893,3232.450505614005,59,59,0.00039033299981383607,True,False,,ieee30,pypower,pypower.case30.case30,True,ac_power_flow_linearized,91,59,real_ieee30_ac_linearized,0.002,0.1,0.05,1,5.0,weak_area,,658.2106903999758,real_bad_data_ratio_sweep_0p05_seed202,real_bad_data_ratio_sweep,scenario.bad_data.ratio,0.05,202
truncated_svd,0.03304084304351822,0.046833059108417785,0.005174984362082343,3.1135585607302776,3.1135585607302776,3232.450505614005,59,59,0.000396249997720588,True,False,,ieee30,pypower,pypower.case30.case30,True,ac_power_flow_linearized,91,59,real_ieee30_ac_linearized,0.002,0.1,0.05,1,5.0,weak_area,,658.2106903999758,real_bad_data_ratio_sweep_0p05_seed202,real_bad_data_ratio_sweep,scenario.bad_data.ratio,0.05,202
qsvt_regularized,0.033040792999815015,0.04683299186357473,0.005174944255496214,3.113558560731893,3.113558560731893,3232.450505614005,59,59,0.00038558300002478063,True,False,,ieee30,pypower,pypower.case30.case30,True,ac_power_flow_linearized,91,59,real_ieee30_ac_linearized,0.002,0.1,0.05,1,5.0,weak_area,,658.2106903999758,real_bad_data_ratio_sweep_0p05_seed202,real_bad_data_ratio_sweep,scenario.bad_data.ratio,0.05,202
huber_irls,0.025629330269789797,0.03632952459759915,0.003998730079498345,3.2358079996022573,3.2358079996022573,3232.450505614005,59,59,0.0035471250012051314,False,False,,ieee30,pypower,pypower.case30.case30,True,ac_power_flow_linearized,91,59,real_ieee30_ac_linearized,0.002,0.1,0.05,1,5.0,weak_area,,658.2106903999758,real_bad_data_ratio_sweep_0p05_seed202,real_bad_data_ratio_sweep,scenario.bad_data.ratio,0.05,202
pseudoinverse,1.2187165538039322,0.8436091774482102,1.494348413060106,4.150029671357847,4.150029671357847,1.714482301442949e+17,58,58,0.0006135829971753992,True,False,,ieee30,pypower,pypower.case30.case30,True,ac_power_flow_linearized,91,59,real_ieee30_ac_linearized,0.002,0.1,0.05,1,5.0,weak_area,,658.952167674556,real_bad_data_ratio_sweep_0p05_seed303,real_bad_data_ratio_sweep,scenario.bad_data.ratio,0.05,303
ridge,0.9521213505881672,0.6630111526076096,1.165298803490965,4.150210104730606,4.150210104730606,1.714482301442949e+17,58,58,0.0004148330044699833,True,False,,ieee30,pypower,pypower.case30.case30,True,ac_power_flow_linearized,91,59,real_ieee30_ac_linearized,0.002,0.1,0.05,1,5.0,weak_area,,658.952167674556,real_bad_data_ratio_sweep_0p05_seed303,real_bad_data_ratio_sweep,scenario.bad_data.ratio,0.05,303
truncated_svd,1.2187165538039322,0.8436091774482102,1.494348413060106,4.150029671357847,4.150029671357847,1.714482301442949e+17,58,58,0.0003954999992856756,True,False,,ieee30,pypower,pypower.case30.case30,True,ac_power_flow_linearized,91,59,real_ieee30_ac_linearized,0.002,0.1,0.05,1,5.0,weak_area,,658.952167674556,real_bad_data_ratio_sweep_0p05_seed303,real_bad_data_ratio_sweep,scenario.bad_data.ratio,0.05,303
qsvt_regularized,0.9521213505881672,0.6630111526076096,1.165298803490965,4.150210104730606,4.150210104730606,1.714482301442949e+17,58,58,0.0003872090019285679,True,False,,ieee30,pypower,pypower.case30.case30,True,ac_power_flow_linearized,91,59,real_ieee30_ac_linearized,0.002,0.1,0.05,1,5.0,weak_area,,658.952167674556,real_bad_data_ratio_sweep_0p05_seed303,real_bad_data_ratio_sweep,scenario.bad_data.ratio,0.05,303
huber_irls,0.5304995868431902,0.367188647865158,0.6504962540577947,4.438756704339787,4.438756704339787,1.714482301442949e+17,58,58,0.0037235830022837035,True,False,,ieee30,pypower,pypower.case30.case30,True,ac_power_flow_linearized,91,59,real_ieee30_ac_linearized,0.002,0.1,0.05,1,5.0,weak_area,,658.952167674556,real_bad_data_ratio_sweep_0p05_seed303,real_bad_data_ratio_sweep,scenario.bad_data.ratio,0.05,303
pseudoinverse,0.004851917248275463,0.002888768799900276,0.006183096279005696,4.974178003443631,4.974178003443631,389313.94498984964,59,59,0.0006280840025283396,True,False,,ieee30,pypower,pypower.case30.case30,True,ac_power_flow_linearized,91,59,real_ieee30_ac_linearized,0.002,0.1,0.05,1,5.0,weak_area,,664.4204809144534,real_bad_data_ratio_sweep_0p05_seed404,real_bad_data_ratio_sweep,scenario.bad_data.ratio,0.05,404
ridge,0.004783372427365527,0.0028354490356407936,0.006101379869002837,4.974178003543805,4.974178003543805,389313.94498984964,59,59,0.00041716700070537627,True,False,,ieee30,pypower,pypower.case30.case30,True,ac_power_flow_linearized,91,59,real_ieee30_ac_linearized,0.002,0.1,0.05,1,5.0,weak_area,,664.4204809144534,real_bad_data_ratio_sweep_0p05_seed404,real_bad_data_ratio_sweep,scenario.bad_data.ratio,0.05,404
truncated_svd,0.0048519172482754626,0.0028887687999002752,0.006183096279005696,4.974178003443631,4.974178003443631,389313.94498984964,59,59,0.0004209160033497028,True,False,,ieee30,pypower,pypower.case30.case30,True,ac_power_flow_linearized,91,59,real_ieee30_ac_linearized,0.002,0.1,0.05,1,5.0,weak_area,,664.4204809144534,real_bad_data_ratio_sweep_0p05_seed404,real_bad_data_ratio_sweep,scenario.bad_data.ratio,0.05,404
qsvt_regularized,0.004783372427365527,0.0028354490356407936,0.006101379869002837,4.974178003543805,4.974178003543805,389313.94498984964,59,59,0.0004057909973198548,True,False,,ieee30,pypower,pypower.case30.case30,True,ac_power_flow_linearized,91,59,real_ieee30_ac_linearized,0.002,0.1,0.05,1,5.0,weak_area,,664.4204809144534,real_bad_data_ratio_sweep_0p05_seed404,real_bad_data_ratio_sweep,scenario.bad_data.ratio,0.05,404
huber_irls,0.04101000378687449,0.027562154821124858,0.05072701622483562,4.98726835109446,4.98726835109446,389313.94498984964,59,59,0.0016428750022896565,True,False,,ieee30,pypower,pypower.case30.case30,True,ac_power_flow_linearized,91,59,real_ieee30_ac_linearized,0.002,0.1,0.05,1,5.0,weak_area,,664.4204809144534,real_bad_data_ratio_sweep_0p05_seed404,real_bad_data_ratio_sweep,scenario.bad_data.ratio,0.05,404
pseudoinverse,0.051435366934639015,0.029544215380485656,0.06602455657287654,2.703628959345252,2.703628959345252,782.8587287446862,59,59,0.0005583750025834888,True,False,,ieee30,pypower,pypower.case30.case30,True,ac_power_flow_linearized,91,59,real_ieee30_ac_linearized,0.002,0.1,0.05,1,5.0,weak_area,,653.3091250021798,real_bad_data_ratio_sweep_0p05_seed505,real_bad_data_ratio_sweep,scenario.bad_data.ratio,0.05,505
ridge,0.051435317040690084,0.029544181045750764,0.06602449498210067,2.703628959348097,2.703628959348097,782.8587287446862,59,59,0.00047508300485787913,True,False,,ieee30,pypower,pypower.case30.case30,True,ac_power_flow_linearized,91,59,real_ieee30_ac_linearized,0.002,0.1,0.05,1,5.0,weak_area,,653.3091250021798,real_bad_data_ratio_sweep_0p05_seed505,real_bad_data_ratio_sweep,scenario.bad_data.ratio,0.05,505
truncated_svd,0.05143536693463906,0.029544215380485676,0.06602455657287658,2.703628959345252,2.703628959345252,782.8587287446862,59,59,0.00040674999763723463,True,False,,ieee30,pypower,pypower.case30.case30,True,ac_power_flow_linearized,91,59,real_ieee30_ac_linearized,0.002,0.1,0.05,1,5.0,weak_area,,653.3091250021798,real_bad_data_ratio_sweep_0p05_seed505,real_bad_data_ratio_sweep,scenario.bad_data.ratio,0.05,505
qsvt_regularized,0.051435317040690084,0.029544181045750764,0.06602449498210067,2.703628959348097,2.703628959348097,782.8587287446862,59,59,0.0004008329997304827,True,False,,ieee30,pypower,pypower.case30.case30,True,ac_power_flow_linearized,91,59,real_ieee30_ac_linearized,0.002,0.1,0.05,1,5.0,weak_area,,653.3091250021798,real_bad_data_ratio_sweep_0p05_seed505,real_bad_data_ratio_sweep,scenario.bad_data.ratio,0.05,505
huber_irls,0.05143536693463913,0.0295442153804857,0.06602455657287669,2.703628959345252,2.703628959345252,782.8587287446862,59,59,0.0007278749981196597,True,False,,ieee30,pypower,pypower.case30.case30,True,ac_power_flow_linearized,91,59,real_ieee30_ac_linearized,0.002,0.1,0.05,1,5.0,weak_area,,653.3091250021798,real_bad_data_ratio_sweep_0p05_seed505,real_bad_data_ratio_sweep,scenario.bad_data.ratio,0.05,505
pseudoinverse,0.09193769720080659,0.05273613160474393,0.1180463160665185,1.8992016980320863,1.8992016980320863,125154.09364819992,59,59,0.0005635829948005266,True,False,,ieee30,pypower,pypower.case30.case30,True,ac_power_flow_linearized,91,59,real_ieee30_ac_linearized,0.002,0.1,0.05,1,5.0,weak_area,,664.1121893060704,real_bad_data_ratio_sweep_0p05_seed606,real_bad_data_ratio_sweep,scenario.bad_data.ratio,0.05,606
ridge,0.08854689475509891,0.050305529058133146,0.11390110627421805,1.899202157774545,1.899202157774545,125154.09364819992,59,59,0.00044320800225250423,True,False,,ieee30,pypower,pypower.case30.case30,True,ac_power_flow_linearized,91,59,real_ieee30_ac_linearized,0.002,0.1,0.05,1,5.0,weak_area,,664.1121893060704,real_bad_data_ratio_sweep_0p05_seed606,real_bad_data_ratio_sweep,scenario.bad_data.ratio,0.05,606
truncated_svd,0.0919376972008066,0.052736131604743934,0.11804631606651851,1.8992016980320854,1.8992016980320854,125154.09364819992,59,59,0.00041074999899137765,True,False,,ieee30,pypower,pypower.case30.case30,True,ac_power_flow_linearized,91,59,real_ieee30_ac_linearized,0.002,0.1,0.05,1,5.0,weak_area,,664.1121893060704,real_bad_data_ratio_sweep_0p05_seed606,real_bad_data_ratio_sweep,scenario.bad_data.ratio,0.05,606
qsvt_regularized,0.08854689475509891,0.050305529058133146,0.11390110627421805,1.899202157774545,1.899202157774545,125154.09364819992,59,59,0.00040091700066113845,True,False,,ieee30,pypower,pypower.case30.case30,True,ac_power_flow_linearized,91,59,real_ieee30_ac_linearized,0.002,0.1,0.05,1,5.0,weak_area,,664.1121893060704,real_bad_data_ratio_sweep_0p05_seed606,real_bad_data_ratio_sweep,scenario.bad_data.ratio,0.05,606
huber_irls,0.09193769720080752,0.05273613160474463,0.11804631606651964,1.899201698032086,1.899201698032086,125154.09364819992,59,59,0.0007174170023063198,True,False,,ieee30,pypower,pypower.case30.case30,True,ac_power_flow_linearized,91,59,real_ieee30_ac_linearized,0.002,0.1,0.05,1,5.0,weak_area,,664.1121893060704,real_bad_data_ratio_sweep_0p05_seed606,real_bad_data_ratio_sweep,scenario.bad_data.ratio,0.05,606
pseudoinverse,0.10741377432653337,0.09196444613476756,0.12047947193828674,3.2403143704790978,3.2403143704790978,1717.0455244401148,59,59,0.0005605839978670701,True,False,,ieee30,pypower,pypower.case30.case30,True,ac_power_flow_linearized,91,59,real_ieee30_ac_linearized,0.002,0.1,0.05,1,5.0,weak_area,,655.0626612320015,real_bad_data_ratio_sweep_0p05_seed707,real_bad_data_ratio_sweep,scenario.bad_data.ratio,0.05,707
ridge,0.10741253701598463,0.09196383133660864,0.12047775609841399,3.240314370600303,3.240314370600303,1717.0455244401148,59,59,0.00039445800211979076,True,False,,ieee30,pypower,pypower.case30.case30,True,ac_power_flow_linearized,91,59,real_ieee30_ac_linearized,0.002,0.1,0.05,1,5.0,weak_area,,655.0626612320015,real_bad_data_ratio_sweep_0p05_seed707,real_bad_data_ratio_sweep,scenario.bad_data.ratio,0.05,707
truncated_svd,0.10741377432653337,0.09196444613476756,0.12047947193828673,3.2403143704790978,3.2403143704790978,1717.0455244401148,59,59,0.00040816699765855446,True,False,,ieee30,pypower,pypower.case30.case30,True,ac_power_flow_linearized,91,59,real_ieee30_ac_linearized,0.002,0.1,0.05,1,5.0,weak_area,,655.0626612320015,real_bad_data_ratio_sweep_0p05_seed707,real_bad_data_ratio_sweep,scenario.bad_data.ratio,0.05,707
qsvt_regularized,0.10741253701598463,0.09196383133660864,0.12047775609841399,3.240314370600303,3.240314370600303,1717.0455244401148,59,59,0.0003974999999627471,True,False,,ieee30,pypower,pypower.case30.case30,True,ac_power_flow_linearized,91,59,real_ieee30_ac_linearized,0.002,0.1,0.05,1,5.0,weak_area,,655.0626612320015,real_bad_data_ratio_sweep_0p05_seed707,real_bad_data_ratio_sweep,scenario.bad_data.ratio,0.05,707
huber_irls,0.077360979621452,0.06625739873588331,0.08675392501808836,3.4104407266411805,3.4104407266411805,1717.0455244401148,59,59,0.0039737920014886186,False,False,,ieee30,pypower,pypower.case30.case30,True,ac_power_flow_linearized,91,59,real_ieee30_ac_linearized,0.002,0.1,0.05,1,5.0,weak_area,,655.0626612320015,real_bad_data_ratio_sweep_0p05_seed707,real_bad_data_ratio_sweep,scenario.bad_data.ratio,0.05,707
pseudoinverse,0.07333474213330925,0.04804178333417931,0.09135438401993637,0.136081308330065,0.136081308330065,1174.0616722496804,59,59,0.0006239590002223849,True,False,,ieee30,pypower,pypower.case30.case30,True,ac_power_flow_linearized,91,59,real_ieee30_ac_linearized,0.002,0.1,0.05,1,5.0,weak_area,,656.5888011751795,real_bad_data_ratio_sweep_0p05_seed808,real_bad_data_ratio_sweep,scenario.bad_data.ratio,0.05,808
ridge,0.07333463919586977,0.0480416923335685,0.09135426776883337,0.13608130849407968,0.13608130849407968,1174.0616722496804,59,59,0.000410166998335626,True,False,,ieee30,pypower,pypower.case30.case30,True,ac_power_flow_linearized,91,59,real_ieee30_ac_linearized,0.002,0.1,0.05,1,5.0,weak_area,,656.5888011751795,real_bad_data_ratio_sweep_0p05_seed808,real_bad_data_ratio_sweep,scenario.bad_data.ratio,0.05,808
truncated_svd,0.07333474213330925,0.04804178333417928,0.09135438401993637,0.13608130833006363,0.13608130833006363,1174.0616722496804,59,59,0.0004059999992023222,True,False,,ieee30,pypower,pypower.case30.case30,True,ac_power_flow_linearized,91,59,real_ieee30_ac_linearized,0.002,0.1,0.05,1,5.0,weak_area,,656.5888011751795,real_bad_data_ratio_sweep_0p05_seed808,real_bad_data_ratio_sweep,scenario.bad_data.ratio,0.05,808
qsvt_regularized,0.07333463919586977,0.0480416923335685,0.09135426776883337,0.13608130849407968,0.13608130849407968,1174.0616722496804,59,59,0.0003952920014853589,True,False,,ieee30,pypower,pypower.case30.case30,True,ac_power_flow_linearized,91,59,real_ieee30_ac_linearized,0.002,0.1,0.05,1,5.0,weak_area,,656.5888011751795,real_bad_data_ratio_sweep_0p05_seed808,real_bad_data_ratio_sweep,scenario.bad_data.ratio,0.05,808
huber_irls,0.07333474213330926,0.048041783334179244,0.09135438401993641,0.13608130833006377,0.13608130833006377,1174.0616722496804,59,59,0.0007287909975275397,True,False,,ieee30,pypower,pypower.case30.case30,True,ac_power_flow_linearized,91,59,real_ieee30_ac_linearized,0.002,0.1,0.05,1,5.0,weak_area,,656.5888011751795,real_bad_data_ratio_sweep_0p05_seed808,real_bad_data_ratio_sweep,scenario.bad_data.ratio,0.05,808
pseudoinverse,0.004598677838098829,0.0028454079684835515,0.005810703872889745,4.9752513892418655,4.9752513892418655,5412.586841655552,59,59,0.000546208000741899,True,False,,ieee30,pypower,pypower.case30.case30,True,ac_power_flow_linearized,91,59,real_ieee30_ac_linearized,0.002,0.1,0.05,1,5.0,weak_area,,658.965485210082,real_bad_data_ratio_sweep_0p05_seed909,real_bad_data_ratio_sweep,scenario.bad_data.ratio,0.05,909
ridge,0.0045985538095401944,0.0028453240504565584,0.005810550552239356,4.975251389242102,4.975251389242102,5412.586841655552,59,59,0.00038462500378955156,True,False,,ieee30,pypower,pypower.case30.case30,True,ac_power_flow_linearized,91,59,real_ieee30_ac_linearized,0.002,0.1,0.05,1,5.0,weak_area,,658.965485210082,real_bad_data_ratio_sweep_0p05_seed909,real_bad_data_ratio_sweep,scenario.bad_data.ratio,0.05,909
truncated_svd,0.0045986778380988245,0.0028454079684835498,0.005810703872889741,4.9752513892418655,4.9752513892418655,5412.586841655552,59,59,0.00038537500222446397,True,False,,ieee30,pypower,pypower.case30.case30,True,ac_power_flow_linearized,91,59,real_ieee30_ac_linearized,0.002,0.1,0.05,1,5.0,weak_area,,658.965485210082,real_bad_data_ratio_sweep_0p05_seed909,real_bad_data_ratio_sweep,scenario.bad_data.ratio,0.05,909
qsvt_regularized,0.0045985538095401944,0.0028453240504565584,0.005810550552239356,4.975251389242102,4.975251389242102,5412.586841655552,59,59,0.0003885830010403879,True,False,,ieee30,pypower,pypower.case30.case30,True,ac_power_flow_linearized,91,59,real_ieee30_ac_linearized,0.002,0.1,0.05,1,5.0,weak_area,,658.965485210082,real_bad_data_ratio_sweep_0p05_seed909,real_bad_data_ratio_sweep,scenario.bad_data.ratio,0.05,909
huber_irls,0.001693115227621371,0.000957353212165993,0.0021798507690031356,4.98781329224517,4.98781329224517,5412.586841655552,59,59,0.001727666000078898,True,False,,ieee30,pypower,pypower.case30.case30,True,ac_power_flow_linearized,91,59,real_ieee30_ac_linearized,0.002,0.1,0.05,1,5.0,weak_area,,658.965485210082,real_bad_data_ratio_sweep_0p05_seed909,real_bad_data_ratio_sweep,scenario.bad_data.ratio,0.05,909
pseudoinverse,0.05567421712589438,0.03179060323036754,0.07154692109460374,2.3810240009024866,2.3810240009024866,1.9557534910000045e+17,58,58,0.0005548749977606349,True,False,,ieee30,pypower,pypower.case30.case30,True,ac_power_flow_linearized,91,59,real_ieee30_ac_linearized,0.002,0.1,0.05,1,5.0,weak_area,,661.0391998992394,real_bad_data_ratio_sweep_0p05_seed1001,real_bad_data_ratio_sweep,scenario.bad_data.ratio,0.05,1001
ridge,0.05567415720299427,0.03179055214002445,0.0715468513353077,2.38102400090661,2.38102400090661,1.9557534910000045e+17,58,58,0.00037683299888158217,True,False,,ieee30,pypower,pypower.case30.case30,True,ac_power_flow_linearized,91,59,real_ieee30_ac_linearized,0.002,0.1,0.05,1,5.0,weak_area,,661.0391998992394,real_bad_data_ratio_sweep_0p05_seed1001,real_bad_data_ratio_sweep,scenario.bad_data.ratio,0.05,1001
truncated_svd,0.05567421712589438,0.03179060323036754,0.07154692109460374,2.381024000902488,2.381024000902488,1.9557534910000045e+17,58,58,0.0004440830016392283,True,False,,ieee30,pypower,pypower.case30.case30,True,ac_power_flow_linearized,91,59,real_ieee30_ac_linearized,0.002,0.1,0.05,1,5.0,weak_area,,661.0391998992394,real_bad_data_ratio_sweep_0p05_seed1001,real_bad_data_ratio_sweep,scenario.bad_data.ratio,0.05,1001
qsvt_regularized,0.05567415720299427,0.03179055214002445,0.0715468513353077,2.38102400090661,2.38102400090661,1.9557534910000045e+17,58,58,0.000410459004342556,True,False,,ieee30,pypower,pypower.case30.case30,True,ac_power_flow_linearized,91,59,real_ieee30_ac_linearized,0.002,0.1,0.05,1,5.0,weak_area,,661.0391998992394,real_bad_data_ratio_sweep_0p05_seed1001,real_bad_data_ratio_sweep,scenario.bad_data.ratio,0.05,1001
huber_irls,0.0556742171258944,0.03179060323036754,0.07154692109460377,2.3810240009024852,2.3810240009024852,1.9557534910000045e+17,58,58,0.0007031249988358468,True,False,,ieee30,pypower,pypower.case30.case30,True,ac_power_flow_linearized,91,59,real_ieee30_ac_linearized,0.002,0.1,0.05,1,5.0,weak_area,,661.0391998992394,real_bad_data_ratio_sweep_0p05_seed1001,real_bad_data_ratio_sweep,scenario.bad_data.ratio,0.05,1001
pseudoinverse,0.024051083322246522,0.03188104232985731,0.012454178667337036,6.787577229098595,6.787577229098595,1.9100852249825053e+17,58,58,0.000658124998153653,True,False,,ieee30,pypower,pypower.case30.case30,True,ac_power_flow_linearized,91,59,real_ieee30_ac_linearized,0.002,0.1,0.1,2,5.0,weak_area,,664.9079859883259,real_bad_data_ratio_sweep_0p1_seed101,real_bad_data_ratio_sweep,scenario.bad_data.ratio,0.1,101
ridge,0.024051048989944493,0.03188099544168276,0.012454164301229507,6.787577229098923,6.787577229098923,1.9100852249825053e+17,58,58,0.0006474999972851947,True,False,,ieee30,pypower,pypower.case30.case30,True,ac_power_flow_linearized,91,59,real_ieee30_ac_linearized,0.002,0.1,0.1,2,5.0,weak_area,,664.9079859883259,real_bad_data_ratio_sweep_0p1_seed101,real_bad_data_ratio_sweep,scenario.bad_data.ratio,0.1,101
truncated_svd,0.024051083322246522,0.03188104232985731,0.012454178667337036,6.787577229098595,6.787577229098595,1.9100852249825053e+17,58,58,0.0004098330027773045,True,False,,ieee30,pypower,pypower.case30.case30,True,ac_power_flow_linearized,91,59,real_ieee30_ac_linearized,0.002,0.1,0.1,2,5.0,weak_area,,664.9079859883259,real_bad_data_ratio_sweep_0p1_seed101,real_bad_data_ratio_sweep,scenario.bad_data.ratio,0.1,101
qsvt_regularized,0.024051048989944493,0.03188099544168276,0.012454164301229507,6.787577229098923,6.787577229098923,1.9100852249825053e+17,58,58,0.00039466699672630057,True,False,,ieee30,pypower,pypower.case30.case30,True,ac_power_flow_linearized,91,59,real_ieee30_ac_linearized,0.002,0.1,0.1,2,5.0,weak_area,,664.9079859883259,real_bad_data_ratio_sweep_0p1_seed101,real_bad_data_ratio_sweep,scenario.bad_data.ratio,0.1,101
huber_irls,0.008559520479994209,0.011088796741509688,0.005022539457080837,6.910587106483717,6.910587106483717,1.9100852249825053e+17,58,58,0.0023181249998742715,True,False,,ieee30,pypower,pypower.case30.case30,True,ac_power_flow_linearized,91,59,real_ieee30_ac_linearized,0.002,0.1,0.1,2,5.0,weak_area,,664.9079859883259,real_bad_data_ratio_sweep_0p1_seed101,real_bad_data_ratio_sweep,scenario.bad_data.ratio,0.1,101
pseudoinverse,0.06100965584239645,0.0844956985712989,0.020463250816972346,5.709884585339635,5.709884585339635,3232.450505614005,59,59,0.0005976669999654405,True,False,,ieee30,pypower,pypower.case30.case30,True,ac_power_flow_linearized,91,59,real_ieee30_ac_linearized,0.002,0.1,0.1,2,5.0,weak_area,,658.2106903999758,real_bad_data_ratio_sweep_0p1_seed202,real_bad_data_ratio_sweep,scenario.bad_data.ratio,0.1,202
ridge,0.061009513649312556,0.08449552677474742,0.02046310279869106,5.709884585344027,5.709884585344027,3232.450505614005,59,59,0.0003743330016732216,True,False,,ieee30,pypower,pypower.case30.case30,True,ac_power_flow_linearized,91,59,real_ieee30_ac_linearized,0.002,0.1,0.1,2,5.0,weak_area,,658.2106903999758,real_bad_data_ratio_sweep_0p1_seed202,real_bad_data_ratio_sweep,scenario.bad_data.ratio,0.1,202
truncated_svd,0.06100965584239642,0.08449569857129886,0.020463250816972346,5.709884585339634,5.709884585339634,3232.450505614005,59,59,0.00047270899813156575,True,False,,ieee30,pypower,pypower.case30.case30,True,ac_power_flow_linearized,91,59,real_ieee30_ac_linearized,0.002,0.1,0.1,2,5.0,weak_area,,658.2106903999758,real_bad_data_ratio_sweep_0p1_seed202,real_bad_data_ratio_sweep,scenario.bad_data.ratio,0.1,202
qsvt_regularized,0.061009513649312556,0.08449552677474742,0.02046310279869106,5.709884585344027,5.709884585344027,3232.450505614005,59,59,0.0003864579994115047,True,False,,ieee30,pypower,pypower.case30.case30,True,ac_power_flow_linearized,91,59,real_ieee30_ac_linearized,0.002,0.1,0.1,2,5.0,weak_area,,658.2106903999758,real_bad_data_ratio_sweep_0p1_seed202,real_bad_data_ratio_sweep,scenario.bad_data.ratio,0.1,202
huber_irls,0.030048743858921742,0.04198413763875513,0.008476097485710455,6.052361038259196,6.052361038259196,3232.450505614005,59,59,0.0038784160060458817,False,False,,ieee30,pypower,pypower.case30.case30,True,ac_power_flow_linearized,91,59,real_ieee30_ac_linearized,0.002,0.1,0.1,2,5.0,weak_area,,658.2106903999758,real_bad_data_ratio_sweep_0p1_seed202,real_bad_data_ratio_sweep,scenario.bad_data.ratio,0.1,202
pseudoinverse,29.929323855454403,20.248065761430507,36.95066996006903,3.9693217719420026,3.9693217719420026,1.714482301442949e+17,58,58,0.0005774169985670596,True,False,,ieee30,pypower,pypower.case30.case30,True,ac_power_flow_linearized,91,59,real_ieee30_ac_linearized,0.002,0.1,0.1,2,5.0,weak_area,,658.952167674556,real_bad_data_ratio_sweep_0p1_seed303,real_bad_data_ratio_sweep,scenario.bad_data.ratio,0.1,303
ridge,23.38124972433988,15.812332963673065,28.86948858961475,4.081521777040047,4.081521777040047,1.714482301442949e+17,58,58,0.000397540999983903,True,False,,ieee30,pypower,pypower.case30.case30,True,ac_power_flow_linearized,91,59,real_ieee30_ac_linearized,0.002,0.1,0.1,2,5.0,weak_area,,658.952167674556,real_bad_data_ratio_sweep_0p1_seed303,real_bad_data_ratio_sweep,scenario.bad_data.ratio,0.1,303
truncated_svd,29.929323855454403,20.248065761430507,36.95066996006903,3.969321771942003,3.969321771942003,1.714482301442949e+17,58,58,0.00037983299989718944,True,False,,ieee30,pypower,pypower.case30.case30,True,ac_power_flow_linearized,91,59,real_ieee30_ac_linearized,0.002,0.1,0.1,2,5.0,weak_area,,658.952167674556,real_bad_data_ratio_sweep_0p1_seed303,real_bad_data_ratio_sweep,scenario.bad_data.ratio,0.1,303
qsvt_regularized,23.38124972433988,15.812332963673065,28.86948858961475,4.081521777040047,4.081521777040047,1.714482301442949e+17,58,58,0.0003754169956664555,True,False,,ieee30,pypower,pypower.case30.case30,True,ac_power_flow_linearized,91,59,real_ieee30_ac_linearized,0.002,0.1,0.1,2,5.0,weak_area,,658.952167674556,real_bad_data_ratio_sweep_0p1_seed303,real_bad_data_ratio_sweep,scenario.bad_data.ratio,0.1,303
huber_irls,29.098590089144064,19.684409875690402,35.92591682565424,3.9871950031896746,3.9871950031896746,1.714482301442949e+17,58,58,0.0036905419983668253,False,False,,ieee30,pypower,pypower.case30.case30,True,ac_power_flow_linearized,91,59,real_ieee30_ac_linearized,0.002,0.1,0.1,2,5.0,weak_area,,658.952167674556,real_bad_data_ratio_sweep_0p1_seed303,real_bad_data_ratio_sweep,scenario.bad_data.ratio,0.1,303
pseudoinverse,4.979818001827816,3.335009468894897,6.1659557139112255,4.475883221026319,4.475883221026319,389313.94498984964,59,59,0.0005980420028208755,True,False,,ieee30,pypower,pypower.case30.case30,True,ac_power_flow_linearized,91,59,real_ieee30_ac_linearized,0.002,0.1,0.1,2,5.0,weak_area,,664.4204809144534,real_bad_data_ratio_sweep_0p1_seed404,real_bad_data_ratio_sweep,scenario.bad_data.ratio,0.1,404
ridge,2.9423347591924673,1.964616886067224,3.6462347269129824,4.479832539328712,4.479832539328712,389313.94498984964,59,59,0.0004121250021853484,True,False,,ieee30,pypower,pypower.case30.case30,True,ac_power_flow_linearized,91,59,real_ieee30_ac_linearized,0.002,0.1,0.1,2,5.0,weak_area,,664.4204809144534,real_bad_data_ratio_sweep_0p1_seed404,real_bad_data_ratio_sweep,scenario.bad_data.ratio,0.1,404
truncated_svd,4.979818001827814,3.335009468894895,6.165955713911223,4.475883221026309,4.475883221026309,389313.94498984964,59,59,0.00040354100201511756,True,False,,ieee30,pypower,pypower.case30.case30,True,ac_power_flow_linearized,91,59,real_ieee30_ac_linearized,0.002,0.1,0.1,2,5.0,weak_area,,664.4204809144534,real_bad_data_ratio_sweep_0p1_seed404,real_bad_data_ratio_sweep,scenario.bad_data.ratio,0.1,404
qsvt_regularized,2.9423347591924673,1.964616886067224,3.6462347269129824,4.479832539328712,4.479832539328712,389313.94498984964,59,59,0.00040179200004786253,True,False,,ieee30,pypower,pypower.case30.case30,True,ac_power_flow_linearized,91,59,real_ieee30_ac_linearized,0.002,0.1,0.1,2,5.0,weak_area,,664.4204809144534,real_bad_data_ratio_sweep_0p1_seed404,real_bad_data_ratio_sweep,scenario.bad_data.ratio,0.1,404
huber_irls,2.34436623969777,1.5699681731887924,2.9028028352169,4.737007327779287,4.737007327779287,389313.94498984964,59,59,0.0033288749982602894,True,False,,ieee30,pypower,pypower.case30.case30,True,ac_power_flow_linearized,91,59,real_ieee30_ac_linearized,0.002,0.1,0.1,2,5.0,weak_area,,664.4204809144534,real_bad_data_ratio_sweep_0p1_seed404,real_bad_data_ratio_sweep,scenario.bad_data.ratio,0.1,404
pseudoinverse,0.06285607425352216,0.049788315453106476,0.07330640350592618,4.94005773061658,4.94005773061658,782.8587287446862,59,59,0.0006283749971771613,True,False,,ieee30,pypower,pypower.case30.case30,True,ac_power_flow_linearized,91,59,real_ieee30_ac_linearized,0.002,0.1,0.1,2,5.0,weak_area,,653.3091250021798,real_bad_data_ratio_sweep_0p1_seed505,real_bad_data_ratio_sweep,scenario.bad_data.ratio,0.1,505
ridge,0.06285600431217869,0.049788236662778526,0.07330633729262169,4.940057730619184,4.940057730619184,782.8587287446862,59,59,0.00040304099820787087,True,False,,ieee30,pypower,pypower.case30.case30,True,ac_power_flow_linearized,91,59,real_ieee30_ac_linearized,0.002,0.1,0.1,2,5.0,weak_area,,653.3091250021798,real_bad_data_ratio_sweep_0p1_seed505,real_bad_data_ratio_sweep,scenario.bad_data.ratio,0.1,505
truncated_svd,0.06285607425352219,0.04978831545310649,0.07330640350592624,4.94005773061658,4.94005773061658,782.8587287446862,59,59,0.00039966699841897935,True,False,,ieee30,pypower,pypower.case30.case30,True,ac_power_flow_linearized,91,59,real_ieee30_ac_linearized,0.002,0.1,0.1,2,5.0,weak_area,,653.3091250021798,real_bad_data_ratio_sweep_0p1_seed505,real_bad_data_ratio_sweep,scenario.bad_data.ratio,0.1,505
qsvt_regularized,0.06285600431217869,0.049788236662778526,0.07330633729262169,4.940057730619184,4.940057730619184,782.8587287446862,59,59,0.00038262500311248004,True,False,,ieee30,pypower,pypower.case30.case30,True,ac_power_flow_linearized,91,59,real_ieee30_ac_linearized,0.002,0.1,0.1,2,5.0,weak_area,,653.3091250021798,real_bad_data_ratio_sweep_0p1_seed505,real_bad_data_ratio_sweep,scenario.bad_data.ratio,0.1,505
huber_irls,0.05572065353240283,0.0366884812257258,0.06931747917847367,5.0463774424288905,5.0463774424288905,782.8587287446862,59,59,0.0026792909993673675,True,False,,ieee30,pypower,pypower.case30.case30,True,ac_power_flow_linearized,91,59,real_ieee30_ac_linearized,0.002,0.1,0.1,2,5.0,weak_area,,653.3091250021798,real_bad_data_ratio_sweep_0p1_seed505,real_bad_data_ratio_sweep,scenario.bad_data.ratio,0.1,505
pseudoinverse,0.09193769720080659,0.05273613160474393,0.1180463160665185,1.8992016980320863,1.8992016980320863,125154.09364819992,59,59,0.0005911249972996302,True,False,,ieee30,pypower,pypower.case30.case30,True,ac_power_flow_linearized,91,59,real_ieee30_ac_linearized,0.002,0.1,0.1,1,5.0,weak_area,,664.1121893060704,real_bad_data_ratio_sweep_0p1_seed606,real_bad_data_ratio_sweep,scenario.bad_data.ratio,0.1,606
ridge,0.08854689475509891,0.050305529058133146,0.11390110627421805,1.899202157774545,1.899202157774545,125154.09364819992,59,59,0.00038012499862816185,True,False,,ieee30,pypower,pypower.case30.case30,True,ac_power_flow_linearized,91,59,real_ieee30_ac_linearized,0.002,0.1,0.1,1,5.0,weak_area,,664.1121893060704,real_bad_data_ratio_sweep_0p1_seed606,real_bad_data_ratio_sweep,scenario.bad_data.ratio,0.1,606
truncated_svd,0.0919376972008066,0.052736131604743934,0.11804631606651851,1.8992016980320854,1.8992016980320854,125154.09364819992,59,59,0.00037929199606878683,True,False,,ieee30,pypower,pypower.case30.case30,True,ac_power_flow_linearized,91,59,real_ieee30_ac_linearized,0.002,0.1,0.1,1,5.0,weak_area,,664.1121893060704,real_bad_data_ratio_sweep_0p1_seed606,real_bad_data_ratio_sweep,scenario.bad_data.ratio,0.1,606
qsvt_regularized,0.08854689475509891,0.050305529058133146,0.11390110627421805,1.899202157774545,1.899202157774545,125154.09364819992,59,59,0.00037266699655447155,True,False,,ieee30,pypower,pypower.case30.case30,True,ac_power_flow_linearized,91,59,real_ieee30_ac_linearized,0.002,0.1,0.1,1,5.0,weak_area,,664.1121893060704,real_bad_data_ratio_sweep_0p1_seed606,real_bad_data_ratio_sweep,scenario.bad_data.ratio,0.1,606
huber_irls,0.09193769720080752,0.05273613160474463,0.11804631606651964,1.899201698032086,1.899201698032086,125154.09364819992,59,59,0.0006753750058123842,True,False,,ieee30,pypower,pypower.case30.case30,True,ac_power_flow_linearized,91,59,real_ieee30_ac_linearized,0.002,0.1,0.1,1,5.0,weak_area,,664.1121893060704,real_bad_data_ratio_sweep_0p1_seed606,real_bad_data_ratio_sweep,scenario.bad_data.ratio,0.1,606
pseudoinverse,0.10741377432653337,0.09196444613476756,0.12047947193828674,3.2403143704790978,3.2403143704790978,1717.0455244401148,59,59,0.0005512080024345778,True,False,,ieee30,pypower,pypower.case30.case30,True,ac_power_flow_linearized,91,59,real_ieee30_ac_linearized,0.002,0.1,0.1,1,5.0,weak_area,,655.0626612320015,real_bad_data_ratio_sweep_0p1_seed707,real_bad_data_ratio_sweep,scenario.bad_data.ratio,0.1,707
ridge,0.10741253701598463,0.09196383133660864,0.12047775609841399,3.240314370600303,3.240314370600303,1717.0455244401148,59,59,0.00038295799458865076,True,False,,ieee30,pypower,pypower.case30.case30,True,ac_power_flow_linearized,91,59,real_ieee30_ac_linearized,0.002,0.1,0.1,1,5.0,weak_area,,655.0626612320015,real_bad_data_ratio_sweep_0p1_seed707,real_bad_data_ratio_sweep,scenario.bad_data.ratio,0.1,707
truncated_svd,0.10741377432653337,0.09196444613476756,0.12047947193828673,3.2403143704790978,3.2403143704790978,1717.0455244401148,59,59,0.0004028749972349033,True,False,,ieee30,pypower,pypower.case30.case30,True,ac_power_flow_linearized,91,59,real_ieee30_ac_linearized,0.002,0.1,0.1,1,5.0,weak_area,,655.0626612320015,real_bad_data_ratio_sweep_0p1_seed707,real_bad_data_ratio_sweep,scenario.bad_data.ratio,0.1,707
qsvt_regularized,0.10741253701598463,0.09196383133660864,0.12047775609841399,3.240314370600303,3.240314370600303,1717.0455244401148,59,59,0.0003832910006167367,True,False,,ieee30,pypower,pypower.case30.case30,True,ac_power_flow_linearized,91,59,real_ieee30_ac_linearized,0.002,0.1,0.1,1,5.0,weak_area,,655.0626612320015,real_bad_data_ratio_sweep_0p1_seed707,real_bad_data_ratio_sweep,scenario.bad_data.ratio,0.1,707
huber_irls,0.077360979621452,0.06625739873588331,0.08675392501808836,3.4104407266411805,3.4104407266411805,1717.0455244401148,59,59,0.0035490829977788962,False,False,,ieee30,pypower,pypower.case30.case30,True,ac_power_flow_linearized,91,59,real_ieee30_ac_linearized,0.002,0.1,0.1,1,5.0,weak_area,,655.0626612320015,real_bad_data_ratio_sweep_0p1_seed707,real_bad_data_ratio_sweep,scenario.bad_data.ratio,0.1,707
pseudoinverse,0.07076150547206826,0.06071390958878295,0.07927274921321677,4.803023441921535,4.803023441921535,1174.0616722496804,59,59,0.0005396249980549328,True,False,,ieee30,pypower,pypower.case30.case30,True,ac_power_flow_linearized,91,59,real_ieee30_ac_linearized,0.002,0.1,0.1,2,5.0,weak_area,,656.5888011751795,real_bad_data_ratio_sweep_0p1_seed808,real_bad_data_ratio_sweep,scenario.bad_data.ratio,0.1,808
ridge,0.07076141204982986,0.06071380897795396,0.07927265969721836,4.803023441925636,4.803023441925636,1174.0616722496804,59,59,0.00038083399704191834,True,False,,ieee30,pypower,pypower.case30.case30,True,ac_power_flow_linearized,91,59,real_ieee30_ac_linearized,0.002,0.1,0.1,2,5.0,weak_area,,656.5888011751795,real_bad_data_ratio_sweep_0p1_seed808,real_bad_data_ratio_sweep,scenario.bad_data.ratio,0.1,808
truncated_svd,0.07076150547206818,0.06071390958878292,0.07927274921321667,4.8030234419215345,4.8030234419215345,1174.0616722496804,59,59,0.00037645799602614716,True,False,,ieee30,pypower,pypower.case30.case30,True,ac_power_flow_linearized,91,59,real_ieee30_ac_linearized,0.002,0.1,0.1,2,5.0,weak_area,,656.5888011751795,real_bad_data_ratio_sweep_0p1_seed808,real_bad_data_ratio_sweep,scenario.bad_data.ratio,0.1,808
qsvt_regularized,0.07076141204982986,0.06071380897795396,0.07927265969721836,4.803023441925636,4.803023441925636,1174.0616722496804,59,59,0.00039220900362124667,True,False,,ieee30,pypower,pypower.case30.case30,True,ac_power_flow_linearized,91,59,real_ieee30_ac_linearized,0.002,0.1,0.1,2,5.0,weak_area,,656.5888011751795,real_bad_data_ratio_sweep_0p1_seed808,real_bad_data_ratio_sweep,scenario.bad_data.ratio,0.1,808
huber_irls,0.06325469052841497,0.03941101417986054,0.07979652946400981,5.043095973541648,5.043095973541648,1174.0616722496804,59,59,0.002540333996876143,True,False,,ieee30,pypower,pypower.case30.case30,True,ac_power_flow_linearized,91,59,real_ieee30_ac_linearized,0.002,0.1,0.1,2,5.0,weak_area,,656.5888011751795,real_bad_data_ratio_sweep_0p1_seed808,real_bad_data_ratio_sweep,scenario.bad_data.ratio,0.1,808
pseudoinverse,0.07269342873963966,0.04572327004757174,0.09149641797034591,4.1394052459541095,4.1394052459541095,5412.586841655552,59,59,0.0005316660026437603,True,False,,ieee30,pypower,pypower.case30.case30,True,ac_power_flow_linearized,91,59,real_ieee30_ac_linearized,0.002,0.1,0.1,2,5.0,weak_area,,658.965485210082,real_bad_data_ratio_sweep_0p1_seed909,real_bad_data_ratio_sweep,scenario.bad_data.ratio,0.1,909
ridge,0.07269331958026591,0.045723154690789455,0.0914963031334898,4.1394052459599235,4.1394052459599235,5412.586841655552,59,59,0.0003824579980573617,True,False,,ieee30,pypower,pypower.case30.case30,True,ac_power_flow_linearized,91,59,real_ieee30_ac_linearized,0.002,0.1,0.1,2,5.0,weak_area,,658.965485210082,real_bad_data_ratio_sweep_0p1_seed909,real_bad_data_ratio_sweep,scenario.bad_data.ratio,0.1,909
truncated_svd,0.07269342873963971,0.04572327004757177,0.09149641797034598,4.13940524595411,4.13940524595411,5412.586841655552,59,59,0.00038141699769767,True,False,,ieee30,pypower,pypower.case30.case30,True,ac_power_flow_linearized,91,59,real_ieee30_ac_linearized,0.002,0.1,0.1,2,5.0,weak_area,,658.965485210082,real_bad_data_ratio_sweep_0p1_seed909,real_bad_data_ratio_sweep,scenario.bad_data.ratio,0.1,909
qsvt_regularized,0.07269331958026591,0.045723154690789455,0.0914963031334898,4.1394052459599235,4.1394052459599235,5412.586841655552,59,59,0.0003740410029422492,True,False,,ieee30,pypower,pypower.case30.case30,True,ac_power_flow_linearized,91,59,real_ieee30_ac_linearized,0.002,0.1,0.1,2,5.0,weak_area,,658.965485210082,real_bad_data_ratio_sweep_0p1_seed909,real_bad_data_ratio_sweep,scenario.bad_data.ratio,0.1,909
huber_irls,0.07261245368387244,0.04577347980378622,0.09134557190918408,4.424016508865613,4.424016508865613,5412.586841655552,59,59,0.0028867910004919395,True,False,,ieee30,pypower,pypower.case30.case30,True,ac_power_flow_linearized,91,59,real_ieee30_ac_linearized,0.002,0.1,0.1,2,5.0,weak_area,,658.965485210082,real_bad_data_ratio_sweep_0p1_seed909,real_bad_data_ratio_sweep,scenario.bad_data.ratio,0.1,909
pseudoinverse,0.05254194406348421,0.031203460781430437,0.06699320221605527,5.662201804279166,5.662201804279166,1.9557534910000045e+17,58,58,0.0005338749979273416,True,False,,ieee30,pypower,pypower.case30.case30,True,ac_power_flow_linearized,91,59,real_ieee30_ac_linearized,0.002,0.1,0.1,2,5.0,weak_area,,661.0391998992394,real_bad_data_ratio_sweep_0p1_seed1001,real_bad_data_ratio_sweep,scenario.bad_data.ratio,0.1,1001
ridge,0.05254187892610012,0.031203407872888236,0.06699312556783718,5.662201804280941,5.662201804280941,1.9557534910000045e+17,58,58,0.0003724169946508482,True,False,,ieee30,pypower,pypower.case30.case30,True,ac_power_flow_linearized,91,59,real_ieee30_ac_linearized,0.002,0.1,0.1,2,5.0,weak_area,,661.0391998992394,real_bad_data_ratio_sweep_0p1_seed1001,real_bad_data_ratio_sweep,scenario.bad_data.ratio,0.1,1001
truncated_svd,0.052541944063484204,0.031203460781430443,0.06699320221605526,5.662201804279165,5.662201804279165,1.9557534910000045e+17,58,58,0.0003798340039793402,True,False,,ieee30,pypower,pypower.case30.case30,True,ac_power_flow_linearized,91,59,real_ieee30_ac_linearized,0.002,0.1,0.1,2,5.0,weak_area,,661.0391998992394,real_bad_data_ratio_sweep_0p1_seed1001,real_bad_data_ratio_sweep,scenario.bad_data.ratio,0.1,1001
qsvt_regularized,0.05254187892610012,0.031203407872888236,0.06699312556783718,5.662201804280941,5.662201804280941,1.9557534910000045e+17,58,58,0.0003665000040200539,True,False,,ieee30,pypower,pypower.case30.case30,True,ac_power_flow_linearized,91,59,real_ieee30_ac_linearized,0.002,0.1,0.1,2,5.0,weak_area,,661.0391998992394,real_bad_data_ratio_sweep_0p1_seed1001,real_bad_data_ratio_sweep,scenario.bad_data.ratio,0.1,1001
huber_irls,0.054816833571200284,0.0316257574142223,0.07030475609679943,5.719362173909818,5.719362173909818,1.9557534910000045e+17,58,58,0.0016828750012791716,True,False,,ieee30,pypower,pypower.case30.case30,True,ac_power_flow_linearized,91,59,real_ieee30_ac_linearized,0.002,0.1,0.1,2,5.0,weak_area,,661.0391998992394,real_bad_data_ratio_sweep_0p1_seed1001,real_bad_data_ratio_sweep,scenario.bad_data.ratio,0.1,1001
