estimator,rmse,angle_rmse,voltage_magnitude_rmse,residual_norm,weighted_residual,condition_number,rank,effective_rank,runtime_seconds,iterations,converged,failed,failure_reason,case_name,dataset_source,dataset_source_detail,external_case,mode,n_measurements,n_states,scenario_name,noise_std,missing_ratio,bad_data_ratio,bad_data_count,bad_data_magnitude,bad_data_target,target_condition_number,achieved_condition_number,trial_id,sweep_name,sweep_parameter,sweep_value,seed
pseudoinverse,0.0009184025528811138,9.708033819770652e-05,0.001292452622729368,8.60684648253023,8.60684648253023,398.18928311304103,235,235,5.143922541000009,4,True,False,,ieee118,pypower,pypower.case118.case118,True,nonlinear_ac_state_estimation,653,235,nonlinear_ac_ieee118,0.0,0.1,0.05,3,5.0,weak_area,,398.18928311304103,nonlinear_noise_sweep_0p0_seed101,nonlinear_noise_sweep,scenario.noise_std,0.0,101
ridge,0.0009184025528810046,9.708033819776326e-05,0.0012924526227292088,8.606846482530228,8.606846482530228,398.1892831130125,235,235,5.160288667000003,4,True,False,,ieee118,pypower,pypower.case118.case118,True,nonlinear_ac_state_estimation,653,235,nonlinear_ac_ieee118,0.0,0.1,0.05,3,5.0,weak_area,,398.1892831130125,nonlinear_noise_sweep_0p0_seed101,nonlinear_noise_sweep,scenario.noise_std,0.0,101
truncated_svd,0.0009184025528810722,9.708033819771767e-05,0.0012924526227293081,8.606846482530225,8.606846482530225,398.1892831130391,235,235,5.174223457999986,4,True,False,,ieee118,pypower,pypower.case118.case118,True,nonlinear_ac_state_estimation,653,235,nonlinear_ac_ieee118,0.0,0.1,0.05,3,5.0,weak_area,,398.1892831130391,nonlinear_noise_sweep_0p0_seed101,nonlinear_noise_sweep,scenario.noise_std,0.0,101
qsvt_regularized,0.0009184025528810046,9.708033819776326e-05,0.0012924526227292088,8.606846482530228,8.606846482530228,398.1892831130125,235,235,5.175581125000008,4,True,False,,ieee118,pypower,pypower.case118.case118,True,nonlinear_ac_state_estimation,653,235,nonlinear_ac_ieee118,0.0,0.1,0.05,3,5.0,weak_area,,398.1892831130125,nonlinear_noise_sweep_0p0_seed101,nonlinear_noise_sweep,scenario.noise_std,0.0,101
huber_irls,0.0002856261869587223,3.0276836867500804e-05,0.00040195067291035215,8.632287505742037,8.632287505742037,401.42775505198006,235,235,5.236910916999989,4,True,False,,ieee118,pypower,pypower.case118.case118,True,nonlinear_ac_state_estimation,653,235,nonlinear_ac_ieee118,0.0,0.1,0.05,3,5.0,weak_area,,401.42775505198006,nonlinear_noise_sweep_0p0_seed101,nonlinear_noise_sweep,scenario.noise_std,0.0,101
pseudoinverse,0.003711245622553516,0.004497319653118796,0.002715784715660789,7.003424248953378,7.003424248953378,330.18078204142836,235,235,6.3897885840000015,5,True,False,,ieee118,pypower,pypower.case118.case118,True,nonlinear_ac_state_estimation,653,235,nonlinear_ac_ieee118,0.0,0.1,0.05,3,5.0,weak_area,,330.18078204142836,nonlinear_noise_sweep_0p0_seed202,nonlinear_noise_sweep,scenario.noise_std,0.0,202
ridge,0.0037112456225535505,0.004497319653118739,0.002715784715660977,7.003424248953346,7.003424248953346,330.18078204142944,235,235,6.60176687500001,5,True,False,,ieee118,pypower,pypower.case118.case118,True,nonlinear_ac_state_estimation,653,235,nonlinear_ac_ieee118,0.0,0.1,0.05,3,5.0,weak_area,,330.18078204142944,nonlinear_noise_sweep_0p0_seed202,nonlinear_noise_sweep,scenario.noise_std,0.0,202
truncated_svd,0.003711245622553517,0.0044973196531188,0.002715784715660786,7.0034242489533725,7.0034242489533725,330.18078204142756,235,235,6.3516915419999975,5,True,False,,ieee118,pypower,pypower.case118.case118,True,nonlinear_ac_state_estimation,653,235,nonlinear_ac_ieee118,0.0,0.1,0.05,3,5.0,weak_area,,330.18078204142756,nonlinear_noise_sweep_0p0_seed202,nonlinear_noise_sweep,scenario.noise_std,0.0,202
qsvt_regularized,0.0037112456225535505,0.004497319653118739,0.002715784715660977,7.003424248953346,7.003424248953346,330.18078204142944,235,235,6.276366749999994,5,True,False,,ieee118,pypower,pypower.case118.case118,True,nonlinear_ac_state_estimation,653,235,nonlinear_ac_ieee118,0.0,0.1,0.05,3,5.0,weak_area,,330.18078204142944,nonlinear_noise_sweep_0p0_seed202,nonlinear_noise_sweep,scenario.noise_std,0.0,202
huber_irls,0.002433200108663552,0.0030905571615737018,0.001523205120735188,7.305423929992389,7.305423929992389,329.993266944943,235,235,6.816225250000002,5,True,False,,ieee118,pypower,pypower.case118.case118,True,nonlinear_ac_state_estimation,653,235,nonlinear_ac_ieee118,0.0,0.1,0.05,3,5.0,weak_area,,329.993266944943,nonlinear_noise_sweep_0p0_seed202,nonlinear_noise_sweep,scenario.noise_std,0.0,202
pseudoinverse,0.0007835438394949774,0.0010376247169603015,0.00039387591230369555,8.223399479810128,8.223399479810128,441.1782927428307,235,235,5.304461707999991,4,True,False,,ieee118,pypower,pypower.case118.case118,True,nonlinear_ac_state_estimation,653,235,nonlinear_ac_ieee118,0.0,0.1,0.05,3,5.0,weak_area,,441.1782927428307,nonlinear_noise_sweep_0p0_seed303,nonlinear_noise_sweep,scenario.noise_std,0.0,303
ridge,0.0007835438394949888,0.0010376247169602902,0.00039387591230377074,8.223399479810132,8.223399479810132,441.1782927428186,235,235,5.409222209000006,4,True,False,,ieee118,pypower,pypower.case118.case118,True,nonlinear_ac_state_estimation,653,235,nonlinear_ac_ieee118,0.0,0.1,0.05,3,5.0,weak_area,,441.1782927428186,nonlinear_noise_sweep_0p0_seed303,nonlinear_noise_sweep,scenario.noise_std,0.0,303
truncated_svd,0.0007835438394949519,0.001037624716960275,0.0003938759123036639,8.223399479810132,8.223399479810132,441.1782927428255,235,235,5.228933667000007,4,True,False,,ieee118,pypower,pypower.case118.case118,True,nonlinear_ac_state_estimation,653,235,nonlinear_ac_ieee118,0.0,0.1,0.05,3,5.0,weak_area,,441.1782927428255,nonlinear_noise_sweep_0p0_seed303,nonlinear_noise_sweep,scenario.noise_std,0.0,303
qsvt_regularized,0.0007835438394949888,0.0010376247169602902,0.00039387591230377074,8.223399479810132,8.223399479810132,441.1782927428186,235,235,5.254804875000019,4,True,False,,ieee118,pypower,pypower.case118.case118,True,nonlinear_ac_state_estimation,653,235,nonlinear_ac_ieee118,0.0,0.1,0.05,3,5.0,weak_area,,441.1782927428186,nonlinear_noise_sweep_0p0_seed303,nonlinear_noise_sweep,scenario.noise_std,0.0,303
huber_irls,0.0003105578067205042,0.00041476901552648716,0.0001466271999087017,8.390747243623647,8.390747243623647,440.6306175381835,235,235,5.430269457999998,4,True,False,,ieee118,pypower,pypower.case118.case118,True,nonlinear_ac_state_estimation,653,235,nonlinear_ac_ieee118,0.0,0.1,0.05,3,5.0,weak_area,,440.6306175381835,nonlinear_noise_sweep_0p0_seed303,nonlinear_noise_sweep,scenario.noise_std,0.0,303
pseudoinverse,0.0038030278891007636,0.0016934637571824705,0.005095091592217582,7.198561346691344,7.198561346691344,427.8058678217969,235,235,6.638552790999995,5,True,False,,ieee118,pypower,pypower.case118.case118,True,nonlinear_ac_state_estimation,653,235,nonlinear_ac_ieee118,0.0,0.1,0.05,3,5.0,weak_area,,427.8058678217969,nonlinear_noise_sweep_0p0_seed404,nonlinear_noise_sweep,scenario.noise_std,0.0,404
ridge,0.0038030278891006924,0.0016934637571822948,0.005095091592217534,7.198561346691361,7.198561346691361,427.8058678217916,235,235,6.2911423330000105,5,True,False,,ieee118,pypower,pypower.case118.case118,True,nonlinear_ac_state_estimation,653,235,nonlinear_ac_ieee118,0.0,0.1,0.05,3,5.0,weak_area,,427.8058678217916,nonlinear_noise_sweep_0p0_seed404,nonlinear_noise_sweep,scenario.noise_std,0.0,404
truncated_svd,0.0038030278891007774,0.0016934637571824364,0.005095091592217614,7.198561346691319,7.198561346691319,427.80586782179597,235,235,6.472566916999995,5,True,False,,ieee118,pypower,pypower.case118.case118,True,nonlinear_ac_state_estimation,653,235,nonlinear_ac_ieee118,0.0,0.1,0.05,3,5.0,weak_area,,427.80586782179597,nonlinear_noise_sweep_0p0_seed404,nonlinear_noise_sweep,scenario.noise_std,0.0,404
qsvt_regularized,0.0038030278891006924,0.0016934637571822948,0.005095091592217534,7.198561346691361,7.198561346691361,427.8058678217916,235,235,6.412225791999987,5,True,False,,ieee118,pypower,pypower.case118.case118,True,nonlinear_ac_state_estimation,653,235,nonlinear_ac_ieee118,0.0,0.1,0.05,3,5.0,weak_area,,427.8058678217916,nonlinear_noise_sweep_0p0_seed404,nonlinear_noise_sweep,scenario.noise_std,0.0,404
huber_irls,0.0023646478758361593,0.0011382388235329206,0.0031386501863037088,7.503221658558439,7.503221658558439,428.9414928882653,235,235,7.529672790999996,5,True,False,,ieee118,pypower,pypower.case118.case118,True,nonlinear_ac_state_estimation,653,235,nonlinear_ac_ieee118,0.0,0.1,0.05,3,5.0,weak_area,,428.9414928882653,nonlinear_noise_sweep_0p0_seed404,nonlinear_noise_sweep,scenario.noise_std,0.0,404
pseudoinverse,0.0022802733103700922,0.0030831764678285116,0.0009642665278285686,7.877465660690509,7.877465660690509,309.1977416701854,235,235,5.437071790999994,4,True,False,,ieee118,pypower,pypower.case118.case118,True,nonlinear_ac_state_estimation,653,235,nonlinear_ac_ieee118,0.0,0.1,0.05,3,5.0,weak_area,,309.1977416701854,nonlinear_noise_sweep_0p0_seed505,nonlinear_noise_sweep,scenario.noise_std,0.0,505
ridge,0.002280273310369913,0.0030831764678283407,0.0009642665278282683,7.87746566069051,7.87746566069051,309.19774167020563,235,235,5.574884999999995,4,True,False,,ieee118,pypower,pypower.case118.case118,True,nonlinear_ac_state_estimation,653,235,nonlinear_ac_ieee118,0.0,0.1,0.05,3,5.0,weak_area,,309.19774167020563,nonlinear_noise_sweep_0p0_seed505,nonlinear_noise_sweep,scenario.noise_std,0.0,505
truncated_svd,0.0022802733103700836,0.003083176467828512,0.0009642665278285272,7.877465660690522,7.877465660690522,309.1977416701849,235,235,5.097651042000024,4,True,False,,ieee118,pypower,pypower.case118.case118,True,nonlinear_ac_state_estimation,653,235,nonlinear_ac_ieee118,0.0,0.1,0.05,3,5.0,weak_area,,309.1977416701849,nonlinear_noise_sweep_0p0_seed505,nonlinear_noise_sweep,scenario.noise_std,0.0,505
qsvt_regularized,0.002280273310369913,0.0030831764678283407,0.0009642665278282683,7.87746566069051,7.87746566069051,309.19774167020563,235,235,5.086273041999988,4,True,False,,ieee118,pypower,pypower.case118.case118,True,nonlinear_ac_state_estimation,653,235,nonlinear_ac_ieee118,0.0,0.1,0.05,3,5.0,weak_area,,309.19774167020563,nonlinear_noise_sweep_0p0_seed505,nonlinear_noise_sweep,scenario.noise_std,0.0,505
huber_irls,0.0009236625305539192,0.0012516748998399666,0.00038165667096448446,8.167939749946564,8.167939749946564,308.7448593885193,235,235,5.366979834000006,4,True,False,,ieee118,pypower,pypower.case118.case118,True,nonlinear_ac_state_estimation,653,235,nonlinear_ac_ieee118,0.0,0.1,0.05,3,5.0,weak_area,,308.7448593885193,nonlinear_noise_sweep_0p0_seed505,nonlinear_noise_sweep,scenario.noise_std,0.0,505
pseudoinverse,0.0022008063793804065,0.0009940293772060353,0.0029438630563643413,7.8315412610091535,7.8315412610091535,427.98630516515647,235,235,7.401403125000002,6,True,False,,ieee118,pypower,pypower.case118.case118,True,nonlinear_ac_state_estimation,653,235,nonlinear_ac_ieee118,0.0,0.1,0.05,3,5.0,weak_area,,427.98630516515647,nonlinear_noise_sweep_0p0_seed606,nonlinear_noise_sweep,scenario.noise_std,0.0,606
ridge,0.0022008063793804203,0.0009940293772060158,0.0029438630563643686,7.831541261009124,7.831541261009124,427.9863051651586,235,235,7.385980291999999,6,True,False,,ieee118,pypower,pypower.case118.case118,True,nonlinear_ac_state_estimation,653,235,nonlinear_ac_ieee118,0.0,0.1,0.05,3,5.0,weak_area,,427.9863051651586,nonlinear_noise_sweep_0p0_seed606,nonlinear_noise_sweep,scenario.noise_std,0.0,606
truncated_svd,0.0022008063793804307,0.000994029377206041,0.0029438630563643755,7.831541261009137,7.831541261009137,427.9863051651596,235,235,7.390116040999999,6,True,False,,ieee118,pypower,pypower.case118.case118,True,nonlinear_ac_state_estimation,653,235,nonlinear_ac_ieee118,0.0,0.1,0.05,3,5.0,weak_area,,427.9863051651596,nonlinear_noise_sweep_0p0_seed606,nonlinear_noise_sweep,scenario.noise_std,0.0,606
qsvt_regularized,0.0022008063793804203,0.0009940293772060158,0.0029438630563643686,7.831541261009124,7.831541261009124,427.9863051651586,235,235,7.384662042000002,6,True,False,,ieee118,pypower,pypower.case118.case118,True,nonlinear_ac_state_estimation,653,235,nonlinear_ac_ieee118,0.0,0.1,0.05,3,5.0,weak_area,,427.9863051651586,nonlinear_noise_sweep_0p0_seed606,nonlinear_noise_sweep,scenario.noise_std,0.0,606
huber_irls,0.0008676292456709166,0.0003852161844918408,0.0011627758023031618,8.150605497634961,8.150605497634961,427.9969777002766,235,235,5.399026042000003,4,True,False,,ieee118,pypower,pypower.case118.case118,True,nonlinear_ac_state_estimation,653,235,nonlinear_ac_ieee118,0.0,0.1,0.05,3,5.0,weak_area,,427.9969777002766,nonlinear_noise_sweep_0p0_seed606,nonlinear_noise_sweep,scenario.noise_std,0.0,606
pseudoinverse,0.0048375439981492895,0.0013692333519353115,0.006689277346750871,7.939038928649307,7.939038928649307,492.2831867879635,235,235,6.293599208000046,5,True,False,,ieee118,pypower,pypower.case118.case118,True,nonlinear_ac_state_estimation,653,235,nonlinear_ac_ieee118,0.0,0.1,0.05,3,5.0,weak_area,,492.2831867879635,nonlinear_noise_sweep_0p0_seed707,nonlinear_noise_sweep,scenario.noise_std,0.0,707
ridge,0.00483754399814893,0.0013692333519352226,0.006689277346750372,7.939038928649297,7.939038928649297,492.28318678793545,235,235,6.385570457999961,5,True,False,,ieee118,pypower,pypower.case118.case118,True,nonlinear_ac_state_estimation,653,235,nonlinear_ac_ieee118,0.0,0.1,0.05,3,5.0,weak_area,,492.28318678793545,nonlinear_noise_sweep_0p0_seed707,nonlinear_noise_sweep,scenario.noise_std,0.0,707
truncated_svd,0.004837543998149273,0.0013692333519353045,0.006689277346750849,7.939038928649291,7.939038928649291,492.2831867879642,235,235,6.411235042000044,5,True,False,,ieee118,pypower,pypower.case118.case118,True,nonlinear_ac_state_estimation,653,235,nonlinear_ac_ieee118,0.0,0.1,0.05,3,5.0,weak_area,,492.2831867879642,nonlinear_noise_sweep_0p0_seed707,nonlinear_noise_sweep,scenario.noise_std,0.0,707
qsvt_regularized,0.00483754399814893,0.0013692333519352226,0.006689277346750372,7.939038928649297,7.939038928649297,492.28318678793545,235,235,6.420053792000033,5,True,False,,ieee118,pypower,pypower.case118.case118,True,nonlinear_ac_state_estimation,653,235,nonlinear_ac_ieee118,0.0,0.1,0.05,3,5.0,weak_area,,492.28318678793545,nonlinear_noise_sweep_0p0_seed707,nonlinear_noise_sweep,scenario.noise_std,0.0,707
huber_irls,0.0025250693524804468,0.0006876627637439737,0.0034970050275740018,8.123507784759791,8.123507784759791,485.8763776898922,235,235,6.894734707999987,5,True,False,,ieee118,pypower,pypower.case118.case118,True,nonlinear_ac_state_estimation,653,235,nonlinear_ac_ieee118,0.0,0.1,0.05,3,5.0,weak_area,,485.8763776898922,nonlinear_noise_sweep_0p0_seed707,nonlinear_noise_sweep,scenario.noise_std,0.0,707
pseudoinverse,0.0027751891882730893,0.0011873983805263018,0.0037336463606440834,7.325770096767784,7.325770096767784,304.5210808403955,235,235,6.458938042,5,True,False,,ieee118,pypower,pypower.case118.case118,True,nonlinear_ac_state_estimation,653,235,nonlinear_ac_ieee118,0.0,0.1,0.05,3,5.0,weak_area,,304.5210808403955,nonlinear_noise_sweep_0p0_seed808,nonlinear_noise_sweep,scenario.noise_std,0.0,808
ridge,0.002775189188273073,0.0011873983805262545,0.003733646360644074,7.325770096767715,7.325770096767715,304.5210808403915,235,235,6.448678915999949,5,True,False,,ieee118,pypower,pypower.case118.case118,True,nonlinear_ac_state_estimation,653,235,nonlinear_ac_ieee118,0.0,0.1,0.05,3,5.0,weak_area,,304.5210808403915,nonlinear_noise_sweep_0p0_seed808,nonlinear_noise_sweep,scenario.noise_std,0.0,808
truncated_svd,0.0027751891882731353,0.0011873983805263002,0.0037336463606441523,7.3257700967677515,7.3257700967677515,304.5210808403929,235,235,6.414585208000005,5,True,False,,ieee118,pypower,pypower.case118.case118,True,nonlinear_ac_state_estimation,653,235,nonlinear_ac_ieee118,0.0,0.1,0.05,3,5.0,weak_area,,304.5210808403929,nonlinear_noise_sweep_0p0_seed808,nonlinear_noise_sweep,scenario.noise_std,0.0,808
qsvt_regularized,0.002775189188273073,0.0011873983805262545,0.003733646360644074,7.325770096767715,7.325770096767715,304.5210808403915,235,235,6.3239446659999885,5,True,False,,ieee118,pypower,pypower.case118.case118,True,nonlinear_ac_state_estimation,653,235,nonlinear_ac_ieee118,0.0,0.1,0.05,3,5.0,weak_area,,304.5210808403915,nonlinear_noise_sweep_0p0_seed808,nonlinear_noise_sweep,scenario.noise_std,0.0,808
huber_irls,0.0018646136810006216,0.0007809261864750619,0.0025138469645729334,7.617152998044352,7.617152998044352,304.8197155231226,235,235,6.744455416999983,5,True,False,,ieee118,pypower,pypower.case118.case118,True,nonlinear_ac_state_estimation,653,235,nonlinear_ac_ieee118,0.0,0.1,0.05,3,5.0,weak_area,,304.8197155231226,nonlinear_noise_sweep_0p0_seed808,nonlinear_noise_sweep,scenario.noise_std,0.0,808
pseudoinverse,0.0032460981704179504,0.0016685116313614203,0.004269036229236703,7.707616917865131,7.707616917865131,422.01567349461044,235,235,6.305114166999999,5,True,False,,ieee118,pypower,pypower.case118.case118,True,nonlinear_ac_state_estimation,653,235,nonlinear_ac_ieee118,0.0,0.1,0.05,3,5.0,weak_area,,422.01567349461044,nonlinear_noise_sweep_0p0_seed909,nonlinear_noise_sweep,scenario.noise_std,0.0,909
ridge,0.0032460981704177487,0.0016685116313611963,0.004269036229236485,7.707616917865156,7.707616917865156,422.015673494611,235,235,6.227239625000038,5,True,False,,ieee118,pypower,pypower.case118.case118,True,nonlinear_ac_state_estimation,653,235,nonlinear_ac_ieee118,0.0,0.1,0.05,3,5.0,weak_area,,422.015673494611,nonlinear_noise_sweep_0p0_seed909,nonlinear_noise_sweep,scenario.noise_std,0.0,909
truncated_svd,0.003246098170417892,0.001668511631361392,0.004269036229236626,7.70761691786511,7.70761691786511,422.01567349460925,235,235,6.290067915999998,5,True,False,,ieee118,pypower,pypower.case118.case118,True,nonlinear_ac_state_estimation,653,235,nonlinear_ac_ieee118,0.0,0.1,0.05,3,5.0,weak_area,,422.01567349460925,nonlinear_noise_sweep_0p0_seed909,nonlinear_noise_sweep,scenario.noise_std,0.0,909
qsvt_regularized,0.0032460981704177487,0.0016685116313611963,0.004269036229236485,7.707616917865156,7.707616917865156,422.015673494611,235,235,6.3304758749999905,5,True,False,,ieee118,pypower,pypower.case118.case118,True,nonlinear_ac_state_estimation,653,235,nonlinear_ac_ieee118,0.0,0.1,0.05,3,5.0,weak_area,,422.015673494611,nonlinear_noise_sweep_0p0_seed909,nonlinear_noise_sweep,scenario.noise_std,0.0,909
huber_irls,0.002233135410437293,0.0010676751065018988,0.0029666910865429655,7.8388696774344835,7.8388696774344835,422.0464941636748,235,235,6.827211624999961,5,True,False,,ieee118,pypower,pypower.case118.case118,True,nonlinear_ac_state_estimation,653,235,nonlinear_ac_ieee118,0.0,0.1,0.05,3,5.0,weak_area,,422.0464941636748,nonlinear_noise_sweep_0p0_seed909,nonlinear_noise_sweep,scenario.noise_std,0.0,909
pseudoinverse,0.001651324869881594,0.0005655242540324583,0.002261311829226275,8.428863064265252,8.428863064265252,373.0998795394518,235,235,6.285639250000031,5,True,False,,ieee118,pypower,pypower.case118.case118,True,nonlinear_ac_state_estimation,653,235,nonlinear_ac_ieee118,0.0,0.1,0.05,3,5.0,weak_area,,373.0998795394518,nonlinear_noise_sweep_0p0_seed1001,nonlinear_noise_sweep,scenario.noise_std,0.0,1001
ridge,0.001651324869881555,0.0005655242540324508,0.0022613118292262205,8.428863064265245,8.428863064265245,373.09987953945847,235,235,6.350337833000026,5,True,False,,ieee118,pypower,pypower.case118.case118,True,nonlinear_ac_state_estimation,653,235,nonlinear_ac_ieee118,0.0,0.1,0.05,3,5.0,weak_area,,373.09987953945847,nonlinear_noise_sweep_0p0_seed1001,nonlinear_noise_sweep,scenario.noise_std,0.0,1001
truncated_svd,0.0016513248698815691,0.0005655242540324686,0.0022613118292262365,8.428863064265247,8.428863064265247,373.09987953945205,235,235,6.4565087919999655,5,True,False,,ieee118,pypower,pypower.case118.case118,True,nonlinear_ac_state_estimation,653,235,nonlinear_ac_ieee118,0.0,0.1,0.05,3,5.0,weak_area,,373.09987953945205,nonlinear_noise_sweep_0p0_seed1001,nonlinear_noise_sweep,scenario.noise_std,0.0,1001
qsvt_regularized,0.001651324869881555,0.0005655242540324508,0.0022613118292262205,8.428863064265245,8.428863064265245,373.09987953945847,235,235,6.396780250000006,5,True,False,,ieee118,pypower,pypower.case118.case118,True,nonlinear_ac_state_estimation,653,235,nonlinear_ac_ieee118,0.0,0.1,0.05,3,5.0,weak_area,,373.09987953945847,nonlinear_noise_sweep_0p0_seed1001,nonlinear_noise_sweep,scenario.noise_std,0.0,1001
huber_irls,0.000529688405947391,0.00018154519533855325,0.0007253154880933527,8.537561169786127,8.537561169786127,379.2276999264674,235,235,5.402778375000025,4,True,False,,ieee118,pypower,pypower.case118.case118,True,nonlinear_ac_state_estimation,653,235,nonlinear_ac_ieee118,0.0,0.1,0.05,3,5.0,weak_area,,379.2276999264674,nonlinear_noise_sweep_0p0_seed1001,nonlinear_noise_sweep,scenario.noise_std,0.0,1001
pseudoinverse,0.0010033410036594786,0.00040088882291254314,0.0013584937091062877,8.973086190652925,8.973086190652925,397.9704647695169,235,235,5.297045916000002,4,True,False,,ieee118,pypower,pypower.case118.case118,True,nonlinear_ac_state_estimation,653,235,nonlinear_ac_ieee118,0.002,0.1,0.05,3,5.0,weak_area,,397.9704647695169,nonlinear_noise_sweep_0p002_seed101,nonlinear_noise_sweep,scenario.noise_std,0.002,101
ridge,0.0010033410036595367,0.00040088882291252156,0.0013584937091063796,8.973086190652912,8.973086190652912,397.9704647694866,235,235,5.2709255830000075,4,True,False,,ieee118,pypower,pypower.case118.case118,True,nonlinear_ac_state_estimation,653,235,nonlinear_ac_ieee118,0.002,0.1,0.05,3,5.0,weak_area,,397.9704647694866,nonlinear_noise_sweep_0p002_seed101,nonlinear_noise_sweep,scenario.noise_std,0.002,101
truncated_svd,0.0010033410036594816,0.00040088882291252525,0.0013584937091062977,8.973086190652939,8.973086190652939,397.97046476952363,235,235,5.286866125000017,4,True,False,,ieee118,pypower,pypower.case118.case118,True,nonlinear_ac_state_estimation,653,235,nonlinear_ac_ieee118,0.002,0.1,0.05,3,5.0,weak_area,,397.97046476952363,nonlinear_noise_sweep_0p002_seed101,nonlinear_noise_sweep,scenario.noise_std,0.002,101
qsvt_regularized,0.0010033410036595367,0.00040088882291252156,0.0013584937091063796,8.973086190652912,8.973086190652912,397.9704647694866,235,235,5.198491875000002,4,True,False,,ieee118,pypower,pypower.case118.case118,True,nonlinear_ac_state_estimation,653,235,nonlinear_ac_ieee118,0.002,0.1,0.05,3,5.0,weak_area,,397.9704647694866,nonlinear_noise_sweep_0p002_seed101,nonlinear_noise_sweep,scenario.noise_std,0.002,101
huber_irls,0.00043572198970428253,0.00037456704602759603,0.0004888628544362827,8.9975825249255,8.9975825249255,401.2107483598391,235,235,5.440531749999991,4,True,False,,ieee118,pypower,pypower.case118.case118,True,nonlinear_ac_state_estimation,653,235,nonlinear_ac_ieee118,0.002,0.1,0.05,3,5.0,weak_area,,401.2107483598391,nonlinear_noise_sweep_0p002_seed101,nonlinear_noise_sweep,scenario.noise_std,0.002,101
pseudoinverse,0.0037278518666725496,0.004537613368252267,0.002694539814073344,7.436651222536472,7.436651222536472,330.24050764129674,235,235,6.525806165999995,5,True,False,,ieee118,pypower,pypower.case118.case118,True,nonlinear_ac_state_estimation,653,235,nonlinear_ac_ieee118,0.002,0.1,0.05,3,5.0,weak_area,,330.24050764129674,nonlinear_noise_sweep_0p002_seed202,nonlinear_noise_sweep,scenario.noise_std,0.002,202
ridge,0.003727851866672534,0.004537613368252286,0.002694539814073269,7.436651222536469,7.436651222536469,330.2405076412985,235,235,6.42049750000001,5,True,False,,ieee118,pypower,pypower.case118.case118,True,nonlinear_ac_state_estimation,653,235,nonlinear_ac_ieee118,0.002,0.1,0.05,3,5.0,weak_area,,330.2405076412985,nonlinear_noise_sweep_0p002_seed202,nonlinear_noise_sweep,scenario.noise_std,0.002,202
truncated_svd,0.003727851866672542,0.0045376133682522605,0.0026945398140733328,7.436651222536485,7.436651222536485,330.2405076412966,235,235,6.445764875000009,5,True,False,,ieee118,pypower,pypower.case118.case118,True,nonlinear_ac_state_estimation,653,235,nonlinear_ac_ieee118,0.002,0.1,0.05,3,5.0,weak_area,,330.2405076412966,nonlinear_noise_sweep_0p002_seed202,nonlinear_noise_sweep,scenario.noise_std,0.002,202
qsvt_regularized,0.003727851866672534,0.004537613368252286,0.002694539814073269,7.436651222536469,7.436651222536469,330.2405076412985,235,235,6.4365162080000005,5,True,False,,ieee118,pypower,pypower.case118.case118,True,nonlinear_ac_state_estimation,653,235,nonlinear_ac_ieee118,0.002,0.1,0.05,3,5.0,weak_area,,330.2405076412985,nonlinear_noise_sweep_0p002_seed202,nonlinear_noise_sweep,scenario.noise_std,0.002,202
huber_irls,0.0024634786753201755,0.0031415943308543545,0.00151659168567016,7.721698785435533,7.721698785435533,330.05637767774135,235,235,6.859294207999994,5,True,False,,ieee118,pypower,pypower.case118.case118,True,nonlinear_ac_state_estimation,653,235,nonlinear_ac_ieee118,0.002,0.1,0.05,3,5.0,weak_area,,330.05637767774135,nonlinear_noise_sweep_0p002_seed202,nonlinear_noise_sweep,scenario.noise_std,0.002,202
pseudoinverse,0.0007845172189924595,0.001034434225795117,0.00040587288361752425,8.592894755355882,8.592894755355882,440.2502132803552,235,235,5.294659999999965,4,True,False,,ieee118,pypower,pypower.case118.case118,True,nonlinear_ac_state_estimation,653,235,nonlinear_ac_ieee118,0.002,0.1,0.05,3,5.0,weak_area,,440.2502132803552,nonlinear_noise_sweep_0p002_seed303,nonlinear_noise_sweep,scenario.noise_std,0.002,303
ridge,0.0007845172189924218,0.0010344342257950817,0.000405872883617469,8.592894755355866,8.592894755355866,440.25021328033927,235,235,5.252015207999989,4,True,False,,ieee118,pypower,pypower.case118.case118,True,nonlinear_ac_state_estimation,653,235,nonlinear_ac_ieee118,0.002,0.1,0.05,3,5.0,weak_area,,440.25021328033927,nonlinear_noise_sweep_0p002_seed303,nonlinear_noise_sweep,scenario.noise_std,0.002,303
truncated_svd,0.0007845172189924618,0.001034434225795123,0.00040587288361751883,8.59289475535586,8.59289475535586,440.25021328035115,235,235,5.228589542000009,4,True,False,,ieee118,pypower,pypower.case118.case118,True,nonlinear_ac_state_estimation,653,235,nonlinear_ac_ieee118,0.002,0.1,0.05,3,5.0,weak_area,,440.25021328035115,nonlinear_noise_sweep_0p002_seed303,nonlinear_noise_sweep,scenario.noise_std,0.002,303
qsvt_regularized,0.0007845172189924218,0.0010344342257950817,0.000405872883617469,8.592894755355866,8.592894755355866,440.25021328033927,235,235,5.245849874999976,4,True,False,,ieee118,pypower,pypower.case118.case118,True,nonlinear_ac_state_estimation,653,235,nonlinear_ac_ieee118,0.002,0.1,0.05,3,5.0,weak_area,,440.25021328033927,nonlinear_noise_sweep_0p002_seed303,nonlinear_noise_sweep,scenario.noise_std,0.002,303
huber_irls,0.00036924022745919174,0.00043341133355321215,0.00029200651948534394,8.754708242786986,8.754708242786986,439.7028074051953,235,235,5.494150500000046,4,True,False,,ieee118,pypower,pypower.case118.case118,True,nonlinear_ac_state_estimation,653,235,nonlinear_ac_ieee118,0.002,0.1,0.05,3,5.0,weak_area,,439.7028074051953,nonlinear_noise_sweep_0p002_seed303,nonlinear_noise_sweep,scenario.noise_std,0.002,303
pseudoinverse,0.003889561422176985,0.0018262000123023564,0.005179036896454992,7.634457971445752,7.634457971445752,427.22589746301713,235,235,6.4551644170001055,5,True,False,,ieee118,pypower,pypower.case118.case118,True,nonlinear_ac_state_estimation,653,235,nonlinear_ac_ieee118,0.002,0.1,0.05,3,5.0,weak_area,,427.22589746301713,nonlinear_noise_sweep_0p002_seed404,nonlinear_noise_sweep,scenario.noise_std,0.002,404
ridge,0.0038895614221768665,0.0018262000123022435,0.0051790368964548545,7.634457971445802,7.634457971445802,427.2258974630163,235,235,6.202880042000061,5,True,False,,ieee118,pypower,pypower.case118.case118,True,nonlinear_ac_state_estimation,653,235,nonlinear_ac_ieee118,0.002,0.1,0.05,3,5.0,weak_area,,427.2258974630163,nonlinear_noise_sweep_0p002_seed404,nonlinear_noise_sweep,scenario.noise_std,0.002,404
truncated_svd,0.0038895614221770534,0.001826200012302376,0.005179036896455088,7.634457971445763,7.634457971445763,427.22589746301935,235,235,6.0848177499999565,5,True,False,,ieee118,pypower,pypower.case118.case118,True,nonlinear_ac_state_estimation,653,235,nonlinear_ac_ieee118,0.002,0.1,0.05,3,5.0,weak_area,,427.22589746301935,nonlinear_noise_sweep_0p002_seed404,nonlinear_noise_sweep,scenario.noise_std,0.002,404
qsvt_regularized,0.0038895614221768665,0.0018262000123022435,0.0051790368964548545,7.634457971445802,7.634457971445802,427.2258974630163,235,235,6.0635182500000155,5,True,False,,ieee118,pypower,pypower.case118.case118,True,nonlinear_ac_state_estimation,653,235,nonlinear_ac_ieee118,0.002,0.1,0.05,3,5.0,weak_area,,427.2258974630163,nonlinear_noise_sweep_0p002_seed404,nonlinear_noise_sweep,scenario.noise_std,0.002,404
huber_irls,0.0024750125511934277,0.0012774647586086426,0.0032529025874200404,7.924150941278339,7.924150941278339,428.3401969034028,235,235,6.512148249999996,5,True,False,,ieee118,pypower,pypower.case118.case118,True,nonlinear_ac_state_estimation,653,235,nonlinear_ac_ieee118,0.002,0.1,0.05,3,5.0,weak_area,,428.3401969034028,nonlinear_noise_sweep_0p002_seed404,nonlinear_noise_sweep,scenario.noise_std,0.002,404
pseudoinverse,0.002241058303083941,0.0030199583982567,0.0009794197677209804,8.266441158290677,8.266441158290677,309.32832287306314,235,235,5.014745749999975,4,True,False,,ieee118,pypower,pypower.case118.case118,True,nonlinear_ac_state_estimation,653,235,nonlinear_ac_ieee118,0.002,0.1,0.05,3,5.0,weak_area,,309.32832287306314,nonlinear_noise_sweep_0p002_seed505,nonlinear_noise_sweep,scenario.noise_std,0.002,505
ridge,0.0022410583030837905,0.003019958398256549,0.000979419767720756,8.266441158290679,8.266441158290679,309.3283228730819,235,235,4.966770417000021,4,True,False,,ieee118,pypower,pypower.case118.case118,True,nonlinear_ac_state_estimation,653,235,nonlinear_ac_ieee118,0.002,0.1,0.05,3,5.0,weak_area,,309.3283228730819,nonlinear_noise_sweep_0p002_seed505,nonlinear_noise_sweep,scenario.noise_std,0.002,505
truncated_svd,0.0022410583030839223,0.0030199583982566756,0.0009794197677209702,8.266441158290679,8.266441158290679,309.32832287306167,235,235,4.956354167000086,4,True,False,,ieee118,pypower,pypower.case118.case118,True,nonlinear_ac_state_estimation,653,235,nonlinear_ac_ieee118,0.002,0.1,0.05,3,5.0,weak_area,,309.32832287306167,nonlinear_noise_sweep_0p002_seed505,nonlinear_noise_sweep,scenario.noise_std,0.002,505
qsvt_regularized,0.0022410583030837905,0.003019958398256549,0.000979419767720756,8.266441158290679,8.266441158290679,309.3283228730819,235,235,5.025518250000005,4,True,False,,ieee118,pypower,pypower.case118.case118,True,nonlinear_ac_state_estimation,653,235,nonlinear_ac_ieee118,0.002,0.1,0.05,3,5.0,weak_area,,309.3283228730819,nonlinear_noise_sweep_0p002_seed505,nonlinear_noise_sweep,scenario.noise_std,0.002,505
huber_irls,0.0009224355814054452,0.0012182257456006267,0.0004722995069696611,8.547321062276836,8.547321062276836,308.87611886620044,235,235,5.243716916999915,4,True,False,,ieee118,pypower,pypower.case118.case118,True,nonlinear_ac_state_estimation,653,235,nonlinear_ac_ieee118,0.002,0.1,0.05,3,5.0,weak_area,,308.87611886620044,nonlinear_noise_sweep_0p002_seed505,nonlinear_noise_sweep,scenario.noise_std,0.002,505
pseudoinverse,0.0022614781352021194,0.0010810453063768836,0.0030044084713345097,8.190024641199045,8.190024641199045,427.7829002912757,235,235,7.209114375000013,6,True,False,,ieee118,pypower,pypower.case118.case118,True,nonlinear_ac_state_estimation,653,235,nonlinear_ac_ieee118,0.002,0.1,0.05,3,5.0,weak_area,,427.7829002912757,nonlinear_noise_sweep_0p002_seed606,nonlinear_noise_sweep,scenario.noise_std,0.002,606
ridge,0.002261478135202163,0.0010810453063769122,0.003004408471334565,8.19002464119904,8.19002464119904,427.7829002912766,235,235,7.255273375000002,6,True,False,,ieee118,pypower,pypower.case118.case118,True,nonlinear_ac_state_estimation,653,235,nonlinear_ac_ieee118,0.002,0.1,0.05,3,5.0,weak_area,,427.7829002912766,nonlinear_noise_sweep_0p002_seed606,nonlinear_noise_sweep,scenario.noise_std,0.002,606
truncated_svd,0.0022614781352020947,0.0010810453063768667,0.0030044084713344785,8.190024641199066,8.190024641199066,427.7829002912778,235,235,7.201607290999959,6,True,False,,ieee118,pypower,pypower.case118.case118,True,nonlinear_ac_state_estimation,653,235,nonlinear_ac_ieee118,0.002,0.1,0.05,3,5.0,weak_area,,427.7829002912778,nonlinear_noise_sweep_0p002_seed606,nonlinear_noise_sweep,scenario.noise_std,0.002,606
qsvt_regularized,0.002261478135202163,0.0010810453063769122,0.003004408471334565,8.19002464119904,8.19002464119904,427.7829002912766,235,235,7.362588833000018,6,True,False,,ieee118,pypower,pypower.case118.case118,True,nonlinear_ac_state_estimation,653,235,nonlinear_ac_ieee118,0.002,0.1,0.05,3,5.0,weak_area,,427.7829002912766,nonlinear_noise_sweep_0p002_seed606,nonlinear_noise_sweep,scenario.noise_std,0.002,606
huber_irls,0.0009543029948564808,0.0005245301654185156,0.0012413180077102447,8.496537077916111,8.496537077916111,427.79362720671844,235,235,5.2352750000000015,4,True,False,,ieee118,pypower,pypower.case118.case118,True,nonlinear_ac_state_estimation,653,235,nonlinear_ac_ieee118,0.002,0.1,0.05,3,5.0,weak_area,,427.79362720671844,nonlinear_noise_sweep_0p002_seed606,nonlinear_noise_sweep,scenario.noise_std,0.002,606
pseudoinverse,0.004712626624674943,0.0014306321432332452,0.0064961623650483715,8.327707407613238,8.327707407613238,491.72952210343897,235,235,6.11976679199995,5,True,False,,ieee118,pypower,pypower.case118.case118,True,nonlinear_ac_state_estimation,653,235,nonlinear_ac_ieee118,0.002,0.1,0.05,3,5.0,weak_area,,491.72952210343897,nonlinear_noise_sweep_0p002_seed707,nonlinear_noise_sweep,scenario.noise_std,0.002,707
ridge,0.00471262662467476,0.001430632143233237,0.006496162365048108,8.327707407613255,8.327707407613255,491.7295221034132,235,235,6.104524833000028,5,True,False,,ieee118,pypower,pypower.case118.case118,True,nonlinear_ac_state_estimation,653,235,nonlinear_ac_ieee118,0.002,0.1,0.05,3,5.0,weak_area,,491.7295221034132,nonlinear_noise_sweep_0p002_seed707,nonlinear_noise_sweep,scenario.noise_std,0.002,707
truncated_svd,0.004712626624674862,0.0014306321432331816,0.006496162365048266,8.327707407613236,8.327707407613236,491.7295221034404,235,235,6.093556792000072,5,True,False,,ieee118,pypower,pypower.case118.case118,True,nonlinear_ac_state_estimation,653,235,nonlinear_ac_ieee118,0.002,0.1,0.05,3,5.0,weak_area,,491.7295221034404,nonlinear_noise_sweep_0p002_seed707,nonlinear_noise_sweep,scenario.noise_std,0.002,707
qsvt_regularized,0.00471262662467476,0.001430632143233237,0.006496162365048108,8.327707407613255,8.327707407613255,491.7295221034132,235,235,6.0854757500000005,5,True,False,,ieee118,pypower,pypower.case118.case118,True,nonlinear_ac_state_estimation,653,235,nonlinear_ac_ieee118,0.002,0.1,0.05,3,5.0,weak_area,,491.7295221034132,nonlinear_noise_sweep_0p002_seed707,nonlinear_noise_sweep,scenario.noise_std,0.002,707
huber_irls,0.0024075440185895402,0.0007761146102778896,0.0033084990995333316,8.504445954943636,8.504445954943636,485.3323136062437,235,235,6.508298708999973,5,True,False,,ieee118,pypower,pypower.case118.case118,True,nonlinear_ac_state_estimation,653,235,nonlinear_ac_ieee118,0.002,0.1,0.05,3,5.0,weak_area,,485.3323136062437,nonlinear_noise_sweep_0p002_seed707,nonlinear_noise_sweep,scenario.noise_std,0.002,707
pseudoinverse,0.0028280266095789424,0.001337347336965263,0.003762226795408784,7.694130856885729,7.694130856885729,304.4474800767399,235,235,6.104772208999975,5,True,False,,ieee118,pypower,pypower.case118.case118,True,nonlinear_ac_state_estimation,653,235,nonlinear_ac_ieee118,0.002,0.1,0.05,3,5.0,weak_area,,304.4474800767399,nonlinear_noise_sweep_0p002_seed808,nonlinear_noise_sweep,scenario.noise_std,0.002,808
ridge,0.002828026609578868,0.0013373473369652086,0.0037622267954086916,7.694130856885758,7.694130856885758,304.44748007674036,235,235,6.0956544169999916,5,True,False,,ieee118,pypower,pypower.case118.case118,True,nonlinear_ac_state_estimation,653,235,nonlinear_ac_ieee118,0.002,0.1,0.05,3,5.0,weak_area,,304.44748007674036,nonlinear_noise_sweep_0p002_seed808,nonlinear_noise_sweep,scenario.noise_std,0.002,808
truncated_svd,0.0028280266095789585,0.0013373473369652704,0.0037622267954088053,7.6941308568858,7.6941308568858,304.44748007674093,235,235,6.2068298750000395,5,True,False,,ieee118,pypower,pypower.case118.case118,True,nonlinear_ac_state_estimation,653,235,nonlinear_ac_ieee118,0.002,0.1,0.05,3,5.0,weak_area,,304.44748007674093,nonlinear_noise_sweep_0p002_seed808,nonlinear_noise_sweep,scenario.noise_std,0.002,808
qsvt_regularized,0.002828026609578868,0.0013373473369652086,0.0037622267954086916,7.694130856885758,7.694130856885758,304.44748007674036,235,235,6.087424958000042,5,True,False,,ieee118,pypower,pypower.case118.case118,True,nonlinear_ac_state_estimation,653,235,nonlinear_ac_ieee118,0.002,0.1,0.05,3,5.0,weak_area,,304.44748007674036,nonlinear_noise_sweep_0p002_seed808,nonlinear_noise_sweep,scenario.noise_std,0.002,808
huber_irls,0.0019564272286679706,0.0009731105718300654,0.0025853159219244026,7.966576320037405,7.966576320037405,304.73911502909726,235,235,6.537055083000041,5,True,False,,ieee118,pypower,pypower.case118.case118,True,nonlinear_ac_state_estimation,653,235,nonlinear_ac_ieee118,0.002,0.1,0.05,3,5.0,weak_area,,304.73911502909726,nonlinear_noise_sweep_0p002_seed808,nonlinear_noise_sweep,scenario.noise_std,0.002,808
pseudoinverse,0.003338438576960276,0.0016735834237890815,0.004406670904469765,8.075620675376703,8.075620675376703,422.2568974113299,235,235,6.113068458000043,5,True,False,,ieee118,pypower,pypower.case118.case118,True,nonlinear_ac_state_estimation,653,235,nonlinear_ac_ieee118,0.002,0.1,0.05,3,5.0,weak_area,,422.2568974113299,nonlinear_noise_sweep_0p002_seed909,nonlinear_noise_sweep,scenario.noise_std,0.002,909
ridge,0.0033384385769600986,0.001673583423788866,0.004406670904469579,8.075620675376706,8.075620675376706,422.2568974113236,235,235,6.0889459580000675,5,True,False,,ieee118,pypower,pypower.case118.case118,True,nonlinear_ac_state_estimation,653,235,nonlinear_ac_ieee118,0.002,0.1,0.05,3,5.0,weak_area,,422.2568974113236,nonlinear_noise_sweep_0p002_seed909,nonlinear_noise_sweep,scenario.noise_std,0.002,909
truncated_svd,0.0033384385769602183,0.0016735834237890785,0.004406670904469678,8.075620675376703,8.075620675376703,422.25689741132726,235,235,6.0870780000000195,5,True,False,,ieee118,pypower,pypower.case118.case118,True,nonlinear_ac_state_estimation,653,235,nonlinear_ac_ieee118,0.002,0.1,0.05,3,5.0,weak_area,,422.25689741132726,nonlinear_noise_sweep_0p002_seed909,nonlinear_noise_sweep,scenario.noise_std,0.002,909
qsvt_regularized,0.0033384385769600986,0.001673583423788866,0.004406670904469579,8.075620675376706,8.075620675376706,422.2568974113236,235,235,6.0756692090000115,5,True,False,,ieee118,pypower,pypower.case118.case118,True,nonlinear_ac_state_estimation,653,235,nonlinear_ac_ieee118,0.002,0.1,0.05,3,5.0,weak_area,,422.2568974113236,nonlinear_noise_sweep_0p002_seed909,nonlinear_noise_sweep,scenario.noise_std,0.002,909
huber_irls,0.0023694429003629394,0.0011591268365183677,0.003138272144087346,8.199661176183525,8.199661176183525,422.2878924265525,235,235,6.553812624999978,5,True,False,,ieee118,pypower,pypower.case118.case118,True,nonlinear_ac_state_estimation,653,235,nonlinear_ac_ieee118,0.002,0.1,0.05,3,5.0,weak_area,,422.2878924265525,nonlinear_noise_sweep_0p002_seed909,nonlinear_noise_sweep,scenario.noise_std,0.002,909
pseudoinverse,0.0017191547311884243,0.0006057374834164678,0.002349921488832639,8.826715692775164,8.826715692775164,372.75001396144154,235,235,6.112174041000003,5,True,False,,ieee118,pypower,pypower.case118.case118,True,nonlinear_ac_state_estimation,653,235,nonlinear_ac_ieee118,0.002,0.1,0.05,3,5.0,weak_area,,372.75001396144154,nonlinear_noise_sweep_0p002_seed1001,nonlinear_noise_sweep,scenario.noise_std,0.002,1001
ridge,0.0017191547311884844,0.0006057374834164874,0.0023499214888327217,8.826715692775183,8.826715692775183,372.75001396144654,235,235,6.083440290999988,5,True,False,,ieee118,pypower,pypower.case118.case118,True,nonlinear_ac_state_estimation,653,235,nonlinear_ac_ieee118,0.002,0.1,0.05,3,5.0,weak_area,,372.75001396144654,nonlinear_noise_sweep_0p002_seed1001,nonlinear_noise_sweep,scenario.noise_std,0.002,1001
truncated_svd,0.0017191547311884803,0.0006057374834164734,0.0023499214888327187,8.826715692775133,8.826715692775133,372.75001396144137,235,235,6.116494416000023,5,True,False,,ieee118,pypower,pypower.case118.case118,True,nonlinear_ac_state_estimation,653,235,nonlinear_ac_ieee118,0.002,0.1,0.05,3,5.0,weak_area,,372.75001396144137,nonlinear_noise_sweep_0p002_seed1001,nonlinear_noise_sweep,scenario.noise_std,0.002,1001
qsvt_regularized,0.0017191547311884844,0.0006057374834164874,0.0023499214888327217,8.826715692775183,8.826715692775183,372.75001396144654,235,235,6.0729784999999765,5,True,False,,ieee118,pypower,pypower.case118.case118,True,nonlinear_ac_state_estimation,653,235,nonlinear_ac_ieee118,0.002,0.1,0.05,3,5.0,weak_area,,372.75001396144654,nonlinear_noise_sweep_0p002_seed1001,nonlinear_noise_sweep,scenario.noise_std,0.002,1001
huber_irls,0.0006419746930398189,0.00031719569506723504,0.0008491230285525003,8.930827472632881,8.930827472632881,378.83307822182894,235,235,5.095376417000011,4,True,False,,ieee118,pypower,pypower.case118.case118,True,nonlinear_ac_state_estimation,653,235,nonlinear_ac_ieee118,0.002,0.1,0.05,3,5.0,weak_area,,378.83307822182894,nonlinear_noise_sweep_0p002_seed1001,nonlinear_noise_sweep,scenario.noise_std,0.002,1001
pseudoinverse,0.0018287177730909859,0.0018538472371388737,0.0018034555867496851,15.291527515889829,15.291527515889829,397.0954818758812,235,235,4.991686542000025,4,True,False,,ieee118,pypower,pypower.case118.case118,True,nonlinear_ac_state_estimation,653,235,nonlinear_ac_ieee118,0.01,0.1,0.05,3,5.0,weak_area,,397.0954818758812,nonlinear_noise_sweep_0p01_seed101,nonlinear_noise_sweep,scenario.noise_std,0.01,101
ridge,0.0018287177730910405,0.0018538472371388058,0.0018034555867498649,15.291527515889747,15.291527515889747,397.09548187583056,235,235,4.965218542000002,4,True,False,,ieee118,pypower,pypower.case118.case118,True,nonlinear_ac_state_estimation,653,235,nonlinear_ac_ieee118,0.01,0.1,0.05,3,5.0,weak_area,,397.09548187583056,nonlinear_noise_sweep_0p01_seed101,nonlinear_noise_sweep,scenario.noise_std,0.01,101
truncated_svd,0.0018287177730909616,0.0018538472371388477,0.001803455586749663,15.291527515889785,15.291527515889785,397.09548187587984,235,235,4.960208957999953,4,True,False,,ieee118,pypower,pypower.case118.case118,True,nonlinear_ac_state_estimation,653,235,nonlinear_ac_ieee118,0.01,0.1,0.05,3,5.0,weak_area,,397.09548187587984,nonlinear_noise_sweep_0p01_seed101,nonlinear_noise_sweep,scenario.noise_std,0.01,101
qsvt_regularized,0.0018287177730910405,0.0018538472371388058,0.0018034555867498649,15.291527515889747,15.291527515889747,397.09548187583056,235,235,4.991833042000053,4,True,False,,ieee118,pypower,pypower.case118.case118,True,nonlinear_ac_state_estimation,653,235,nonlinear_ac_ieee118,0.01,0.1,0.05,3,5.0,weak_area,,397.09548187583056,nonlinear_noise_sweep_0p01_seed101,nonlinear_noise_sweep,scenario.noise_std,0.01,101
huber_irls,0.0014988381688023737,0.0018223630116897527,0.0010867983358648738,15.307961281853327,15.307961281853327,400.4008160623307,235,235,5.230941790999964,4,True,False,,ieee118,pypower,pypower.case118.case118,True,nonlinear_ac_state_estimation,653,235,nonlinear_ac_ieee118,0.01,0.1,0.05,3,5.0,weak_area,,400.4008160623307,nonlinear_noise_sweep_0p01_seed101,nonlinear_noise_sweep,scenario.noise_std,0.01,101
pseudoinverse,0.004129272740588749,0.004989556774074294,0.003045092961829474,14.526373059580907,14.526373059580907,330.4854936343453,235,235,6.121878833999972,5,True,False,,ieee118,pypower,pypower.case118.case118,True,nonlinear_ac_state_estimation,653,235,nonlinear_ac_ieee118,0.01,0.1,0.05,3,5.0,weak_area,,330.4854936343453,nonlinear_noise_sweep_0p01_seed202,nonlinear_noise_sweep,scenario.noise_std,0.01,202
ridge,0.004129272740588703,0.0049895567740742405,0.003045092961829438,14.526373059580878,14.526373059580878,330.4854936343475,235,235,6.068623832999947,5,True,False,,ieee118,pypower,pypower.case118.case118,True,nonlinear_ac_state_estimation,653,235,nonlinear_ac_ieee118,0.01,0.1,0.05,3,5.0,weak_area,,330.4854936343475,nonlinear_noise_sweep_0p01_seed202,nonlinear_noise_sweep,scenario.noise_std,0.01,202
truncated_svd,0.004129272740588737,0.004989556774074315,0.003045092961829407,14.526373059580902,14.526373059580902,330.4854936343457,235,235,6.0810723749999624,5,True,False,,ieee118,pypower,pypower.case118.case118,True,nonlinear_ac_state_estimation,653,235,nonlinear_ac_ieee118,0.01,0.1,0.05,3,5.0,weak_area,,330.4854936343457,nonlinear_noise_sweep_0p01_seed202,nonlinear_noise_sweep,scenario.noise_std,0.01,202
qsvt_regularized,0.004129272740588703,0.0049895567740742405,0.003045092961829438,14.526373059580878,14.526373059580878,330.4854936343475,235,235,6.071248374999982,5,True,False,,ieee118,pypower,pypower.case118.case118,True,nonlinear_ac_state_estimation,653,235,nonlinear_ac_ieee118,0.01,0.1,0.05,3,5.0,weak_area,,330.4854936343475,nonlinear_noise_sweep_0p01_seed202,nonlinear_noise_sweep,scenario.noise_std,0.01,202
huber_irls,0.003028602213649435,0.0037138397680395296,0.0021427577873316637,14.6884974758443,14.6884974758443,330.36232722176777,235,235,6.545704500000056,5,True,False,,ieee118,pypower,pypower.case118.case118,True,nonlinear_ac_state_estimation,653,235,nonlinear_ac_ieee118,0.01,0.1,0.05,3,5.0,weak_area,,330.36232722176777,nonlinear_noise_sweep_0p01_seed202,nonlinear_noise_sweep,scenario.noise_std,0.01,202
pseudoinverse,0.0013951838403685288,0.0013144574067799773,0.0014708582176946154,14.607103374186764,14.607103374186764,436.57577340131564,235,235,5.022237541999971,4,True,False,,ieee118,pypower,pypower.case118.case118,True,nonlinear_ac_state_estimation,653,235,nonlinear_ac_ieee118,0.01,0.1,0.05,3,5.0,weak_area,,436.57577340131564,nonlinear_noise_sweep_0p01_seed303,nonlinear_noise_sweep,scenario.noise_std,0.01,303
ridge,0.0013951838403684672,0.0013144574067800036,0.001470858217694476,14.607103374186774,14.607103374186774,436.57577340128984,235,235,4.972931541999969,4,True,False,,ieee118,pypower,pypower.case118.case118,True,nonlinear_ac_state_estimation,653,235,nonlinear_ac_ieee118,0.01,0.1,0.05,3,5.0,weak_area,,436.57577340128984,nonlinear_noise_sweep_0p01_seed303,nonlinear_noise_sweep,scenario.noise_std,0.01,303
truncated_svd,0.0013951838403685538,0.0013144574067799858,0.001470858217694655,14.607103374186693,14.607103374186693,436.57577340131127,235,235,5.0045566250000775,4,True,False,,ieee118,pypower,pypower.case118.case118,True,nonlinear_ac_state_estimation,653,235,nonlinear_ac_ieee118,0.01,0.1,0.05,3,5.0,weak_area,,436.57577340131127,nonlinear_noise_sweep_0p01_seed303,nonlinear_noise_sweep,scenario.noise_std,0.01,303
qsvt_regularized,0.0013951838403684672,0.0013144574067800036,0.001470858217694476,14.607103374186774,14.607103374186774,436.57577340128984,235,235,5.162618917000032,4,True,False,,ieee118,pypower,pypower.case118.case118,True,nonlinear_ac_state_estimation,653,235,nonlinear_ac_ieee118,0.01,0.1,0.05,3,5.0,weak_area,,436.57577340128984,nonlinear_noise_sweep_0p01_seed303,nonlinear_noise_sweep,scenario.noise_std,0.01,303
huber_irls,0.0012849025478745776,0.0009929259328977222,0.0015200036177443334,14.707725693669628,14.707725693669628,436.09191313940215,235,235,5.201676916999986,4,True,False,,ieee118,pypower,pypower.case118.case118,True,nonlinear_ac_state_estimation,653,235,nonlinear_ac_ieee118,0.01,0.1,0.05,3,5.0,weak_area,,436.09191313940215,nonlinear_noise_sweep_0p01_seed303,nonlinear_noise_sweep,scenario.noise_std,0.01,303
pseudoinverse,0.004423059994828409,0.0025900837577622514,0.005684139821814725,14.391241929544474,14.391241929544474,424.91277548882556,235,235,6.103925249999975,5,True,False,,ieee118,pypower,pypower.case118.case118,True,nonlinear_ac_state_estimation,653,235,nonlinear_ac_ieee118,0.01,0.1,0.05,3,5.0,weak_area,,424.91277548882556,nonlinear_noise_sweep_0p01_seed404,nonlinear_noise_sweep,scenario.noise_std,0.01,404
ridge,0.0044230599948282675,0.0025900837577620675,0.005684139821814588,14.391241929544444,14.391241929544444,424.9127754888352,235,235,6.0841056250000065,5,True,False,,ieee118,pypower,pypower.case118.case118,True,nonlinear_ac_state_estimation,653,235,nonlinear_ac_ieee118,0.01,0.1,0.05,3,5.0,weak_area,,424.9127754888352,nonlinear_noise_sweep_0p01_seed404,nonlinear_noise_sweep,scenario.noise_std,0.01,404
truncated_svd,0.004423059994828394,0.002590083757762203,0.005684139821814723,14.391241929544456,14.391241929544456,424.91277548882965,235,235,6.076999541000077,5,True,False,,ieee118,pypower,pypower.case118.case118,True,nonlinear_ac_state_estimation,653,235,nonlinear_ac_ieee118,0.01,0.1,0.05,3,5.0,weak_area,,424.91277548882965,nonlinear_noise_sweep_0p01_seed404,nonlinear_noise_sweep,scenario.noise_std,0.01,404
qsvt_regularized,0.0044230599948282675,0.0025900837577620675,0.005684139821814588,14.391241929544444,14.391241929544444,424.9127754888352,235,235,6.076247249999938,5,True,False,,ieee118,pypower,pypower.case118.case118,True,nonlinear_ac_state_estimation,653,235,nonlinear_ac_ieee118,0.01,0.1,0.05,3,5.0,weak_area,,424.9127754888352,nonlinear_noise_sweep_0p01_seed404,nonlinear_noise_sweep,scenario.noise_std,0.01,404
huber_irls,0.0032167504476470566,0.002111035096123153,0.004023502685236438,14.566226091469836,14.566226091469836,425.97176048792164,235,235,7.706182583999976,6,True,False,,ieee118,pypower,pypower.case118.case118,True,nonlinear_ac_state_estimation,653,235,nonlinear_ac_ieee118,0.01,0.1,0.05,3,5.0,weak_area,,425.97176048792164,nonlinear_noise_sweep_0p01_seed404,nonlinear_noise_sweep,scenario.noise_std,0.01,404
pseudoinverse,0.002743917810556092,0.0034033723017866725,0.0018733877353717915,14.44003652393363,14.44003652393363,309.87264557175035,235,235,4.986409874999936,4,True,False,,ieee118,pypower,pypower.case118.case118,True,nonlinear_ac_state_estimation,653,235,nonlinear_ac_ieee118,0.01,0.1,0.05,3,5.0,weak_area,,309.87264557175035,nonlinear_noise_sweep_0p01_seed505,nonlinear_noise_sweep,scenario.noise_std,0.01,505
ridge,0.0027439178105559416,0.0034033723017865124,0.0018733877353716412,14.440036523933658,14.440036523933658,309.8726455717739,235,235,4.967723625000076,4,True,False,,ieee118,pypower,pypower.case118.case118,True,nonlinear_ac_state_estimation,653,235,nonlinear_ac_ieee118,0.01,0.1,0.05,3,5.0,weak_area,,309.8726455717739,nonlinear_noise_sweep_0p01_seed505,nonlinear_noise_sweep,scenario.noise_std,0.01,505
truncated_svd,0.00274391781055608,0.003403372301786656,0.0018733877353717856,14.44003652393363,14.44003652393363,309.87264557175007,235,235,4.964831290999996,4,True,False,,ieee118,pypower,pypower.case118.case118,True,nonlinear_ac_state_estimation,653,235,nonlinear_ac_ieee118,0.01,0.1,0.05,3,5.0,weak_area,,309.87264557175007,nonlinear_noise_sweep_0p01_seed505,nonlinear_noise_sweep,scenario.noise_std,0.01,505
qsvt_regularized,0.0027439178105559416,0.0034033723017865124,0.0018733877353716412,14.440036523933658,14.440036523933658,309.8726455717739,235,235,4.967177084000014,4,True,False,,ieee118,pypower,pypower.case118.case118,True,nonlinear_ac_state_estimation,653,235,nonlinear_ac_ieee118,0.01,0.1,0.05,3,5.0,weak_area,,309.8726455717739,nonlinear_noise_sweep_0p01_seed505,nonlinear_noise_sweep,scenario.noise_std,0.01,505
huber_irls,0.0019614315792659473,0.0022878681840771,0.0015722093264019126,14.620238711040553,14.620238711040553,309.19739121075827,235,235,5.205371207999974,4,True,False,,ieee118,pypower,pypower.case118.case118,True,nonlinear_ac_state_estimation,653,235,nonlinear_ac_ieee118,0.01,0.1,0.05,3,5.0,weak_area,,309.19739121075827,nonlinear_noise_sweep_0p01_seed505,nonlinear_noise_sweep,scenario.noise_std,0.01,505
pseudoinverse,0.0027978731901250305,0.0019408744208719768,0.003443076988592369,14.31849252399421,14.31849252399421,426.97130670982193,235,235,7.201021540999932,6,True,False,,ieee118,pypower,pypower.case118.case118,True,nonlinear_ac_state_estimation,653,235,nonlinear_ac_ieee118,0.01,0.1,0.05,3,5.0,weak_area,,426.97130670982193,nonlinear_noise_sweep_0p01_seed606,nonlinear_noise_sweep,scenario.noise_std,0.01,606
ridge,0.0027978731901250275,0.0019408744208719662,0.00344307698859237,14.318492523994248,14.318492523994248,426.97130670982295,235,235,7.173366500000043,6,True,False,,ieee118,pypower,pypower.case118.case118,True,nonlinear_ac_state_estimation,653,235,nonlinear_ac_ieee118,0.01,0.1,0.05,3,5.0,weak_area,,426.97130670982295,nonlinear_noise_sweep_0p01_seed606,nonlinear_noise_sweep,scenario.noise_std,0.01,606
truncated_svd,0.0027978731901251025,0.0019408744208719714,0.003443076988592489,14.318492523994218,14.318492523994218,426.9713067098227,235,235,7.177738584000053,6,True,False,,ieee118,pypower,pypower.case118.case118,True,nonlinear_ac_state_estimation,653,235,nonlinear_ac_ieee118,0.01,0.1,0.05,3,5.0,weak_area,,426.9713067098227,nonlinear_noise_sweep_0p01_seed606,nonlinear_noise_sweep,scenario.noise_std,0.01,606
qsvt_regularized,0.0027978731901250275,0.0019408744208719662,0.00344307698859237,14.318492523994248,14.318492523994248,426.97130670982295,235,235,7.16983191700001,6,True,False,,ieee118,pypower,pypower.case118.case118,True,nonlinear_ac_state_estimation,653,235,nonlinear_ac_ieee118,0.01,0.1,0.05,3,5.0,weak_area,,426.97130670982295,nonlinear_noise_sweep_0p01_seed606,nonlinear_noise_sweep,scenario.noise_std,0.01,606
huber_irls,0.0017343313863368355,0.0016152904437058723,0.0018447949281857117,14.500045990568415,14.500045990568415,426.92923329394125,235,235,5.2090409170000385,4,True,False,,ieee118,pypower,pypower.case118.case118,True,nonlinear_ac_state_estimation,653,235,nonlinear_ac_ieee118,0.01,0.1,0.05,3,5.0,weak_area,,426.92923329394125,nonlinear_noise_sweep_0p01_seed606,nonlinear_noise_sweep,scenario.noise_std,0.01,606
pseudoinverse,0.004433554029907834,0.0020791290678602577,0.005904242460148643,14.841463547304024,14.841463547304024,489.5298979417058,235,235,6.087823250000042,5,True,False,,ieee118,pypower,pypower.case118.case118,True,nonlinear_ac_state_estimation,653,235,nonlinear_ac_ieee118,0.01,0.1,0.05,3,5.0,weak_area,,489.5298979417058,nonlinear_noise_sweep_0p01_seed707,nonlinear_noise_sweep,scenario.noise_std,0.01,707
ridge,0.004433554029907623,0.002079129067860225,0.00590424246014834,14.84146354730405,14.84146354730405,489.5298979416821,235,235,6.086449249999987,5,True,False,,ieee118,pypower,pypower.case118.case118,True,nonlinear_ac_state_estimation,653,235,nonlinear_ac_ieee118,0.01,0.1,0.05,3,5.0,weak_area,,489.5298979416821,nonlinear_noise_sweep_0p01_seed707,nonlinear_noise_sweep,scenario.noise_std,0.01,707
truncated_svd,0.004433554029907886,0.00207912906786029,0.005904242460148709,14.84146354730408,14.84146354730408,489.5298979417049,235,235,6.062569166999992,5,True,False,,ieee118,pypower,pypower.case118.case118,True,nonlinear_ac_state_estimation,653,235,nonlinear_ac_ieee118,0.01,0.1,0.05,3,5.0,weak_area,,489.5298979417049,nonlinear_noise_sweep_0p01_seed707,nonlinear_noise_sweep,scenario.noise_std,0.01,707
qsvt_regularized,0.004433554029907623,0.002079129067860225,0.00590424246014834,14.84146354730405,14.84146354730405,489.5298979416821,235,235,6.104877041000009,5,True,False,,ieee118,pypower,pypower.case118.case118,True,nonlinear_ac_state_estimation,653,235,nonlinear_ac_ieee118,0.01,0.1,0.05,3,5.0,weak_area,,489.5298979416821,nonlinear_noise_sweep_0p01_seed707,nonlinear_noise_sweep,scenario.noise_std,0.01,707
huber_irls,0.0023861255562620267,0.0016512183278983128,0.0029386261562059797,14.94560521573172,14.94560521573172,483.08546671382334,235,235,6.519728957999973,5,True,False,,ieee118,pypower,pypower.case118.case118,True,nonlinear_ac_state_estimation,653,235,nonlinear_ac_ieee118,0.01,0.1,0.05,3,5.0,weak_area,,483.08546671382334,nonlinear_noise_sweep_0p01_seed707,nonlinear_noise_sweep,scenario.noise_std,0.01,707
pseudoinverse,0.00347626926101084,0.002522204982493802,0.004214128447210666,14.14035352364665,14.14035352364665,304.1550598368874,235,235,6.10651104100009,5,True,False,,ieee118,pypower,pypower.case118.case118,True,nonlinear_ac_state_estimation,653,235,nonlinear_ac_ieee118,0.01,0.1,0.05,3,5.0,weak_area,,304.1550598368874,nonlinear_noise_sweep_0p01_seed808,nonlinear_noise_sweep,scenario.noise_std,0.01,808
ridge,0.003476269261010743,0.0025222049824937254,0.004214128447210553,14.140353523646626,14.140353523646626,304.15505983688934,235,235,6.0777137500000435,5,True,False,,ieee118,pypower,pypower.case118.case118,True,nonlinear_ac_state_estimation,653,235,nonlinear_ac_ieee118,0.01,0.1,0.05,3,5.0,weak_area,,304.15505983688934,nonlinear_noise_sweep_0p01_seed808,nonlinear_noise_sweep,scenario.noise_std,0.01,808
truncated_svd,0.003476269261010827,0.00252220498249378,0.004214128447210659,14.14035352364664,14.14035352364664,304.1550598368873,235,235,6.0664189169999645,5,True,False,,ieee118,pypower,pypower.case118.case118,True,nonlinear_ac_state_estimation,653,235,nonlinear_ac_ieee118,0.01,0.1,0.05,3,5.0,weak_area,,304.1550598368873,nonlinear_noise_sweep_0p01_seed808,nonlinear_noise_sweep,scenario.noise_std,0.01,808
qsvt_regularized,0.003476269261010743,0.0025222049824937254,0.004214128447210553,14.140353523646626,14.140353523646626,304.15505983688934,235,235,6.107288124999968,5,True,False,,ieee118,pypower,pypower.case118.case118,True,nonlinear_ac_state_estimation,653,235,nonlinear_ac_ieee118,0.01,0.1,0.05,3,5.0,weak_area,,304.15505983688934,nonlinear_noise_sweep_0p01_seed808,nonlinear_noise_sweep,scenario.noise_std,0.01,808
huber_irls,0.0027744740720548073,0.0022288515151446327,0.0032256005176289414,14.286019887646905,14.286019887646905,304.4767296961919,235,235,6.530292749999944,5,True,False,,ieee118,pypower,pypower.case118.case118,True,nonlinear_ac_state_estimation,653,235,nonlinear_ac_ieee118,0.01,0.1,0.05,3,5.0,weak_area,,304.4767296961919,nonlinear_noise_sweep_0p01_seed808,nonlinear_noise_sweep,scenario.noise_std,0.01,808
pseudoinverse,0.004281966615478266,0.0025705688742954868,0.005473871298476356,14.141972993545727,14.141972993545727,423.23224363867246,235,235,6.123437040999988,5,True,False,,ieee118,pypower,pypower.case118.case118,True,nonlinear_ac_state_estimation,653,235,nonlinear_ac_ieee118,0.01,0.1,0.05,3,5.0,weak_area,,423.23224363867246,nonlinear_noise_sweep_0p01_seed909,nonlinear_noise_sweep,scenario.noise_std,0.01,909
ridge,0.00428196661547821,0.0025705688742953246,0.005473871298476345,14.141972993545757,14.141972993545757,423.2322436386727,235,235,6.292932833000009,5,True,False,,ieee118,pypower,pypower.case118.case118,True,nonlinear_ac_state_estimation,653,235,nonlinear_ac_ieee118,0.01,0.1,0.05,3,5.0,weak_area,,423.2322436386727,nonlinear_noise_sweep_0p01_seed909,nonlinear_noise_sweep,scenario.noise_std,0.01,909
truncated_svd,0.004281966615478233,0.0025705688742954716,0.005473871298476313,14.141972993545785,14.141972993545785,423.2322436386708,235,235,6.220342500000015,5,True,False,,ieee118,pypower,pypower.case118.case118,True,nonlinear_ac_state_estimation,653,235,nonlinear_ac_ieee118,0.01,0.1,0.05,3,5.0,weak_area,,423.2322436386708,nonlinear_noise_sweep_0p01_seed909,nonlinear_noise_sweep,scenario.noise_std,0.01,909
qsvt_regularized,0.00428196661547821,0.0025705688742953246,0.005473871298476345,14.141972993545757,14.141972993545757,423.2322436386727,235,235,6.122423249999997,5,True,False,,ieee118,pypower,pypower.case118.case118,True,nonlinear_ac_state_estimation,653,235,nonlinear_ac_ieee118,0.01,0.1,0.05,3,5.0,weak_area,,423.2322436386727,nonlinear_noise_sweep_0p01_seed909,nonlinear_noise_sweep,scenario.noise_std,0.01,909
huber_irls,0.0034978893392991106,0.0022837932725693635,0.0043812396084273245,14.211188654242433,14.211188654242433,423.2140130798268,235,235,6.552726791000055,5,True,False,,ieee118,pypower,pypower.case118.case118,True,nonlinear_ac_state_estimation,653,235,nonlinear_ac_ieee118,0.01,0.1,0.05,3,5.0,weak_area,,423.2140130798268,nonlinear_noise_sweep_0p01_seed909,nonlinear_noise_sweep,scenario.noise_std,0.01,909
pseudoinverse,0.002342270327397058,0.0014574302428740332,0.0029698257618087963,15.474412173335873,15.474412173335873,371.37073397691506,235,235,5.016694082999948,4,True,False,,ieee118,pypower,pypower.case118.case118,True,nonlinear_ac_state_estimation,653,235,nonlinear_ac_ieee118,0.01,0.1,0.05,3,5.0,weak_area,,371.37073397691506,nonlinear_noise_sweep_0p01_seed1001,nonlinear_noise_sweep,scenario.noise_std,0.01,1001
ridge,0.002342270327397934,0.00145743024287414,0.0029698257618101195,15.474412173335832,15.474412173335832,371.37073397722924,235,235,4.990715499999965,4,True,False,,ieee118,pypower,pypower.case118.case118,True,nonlinear_ac_state_estimation,653,235,nonlinear_ac_ieee118,0.01,0.1,0.05,3,5.0,weak_area,,371.37073397722924,nonlinear_noise_sweep_0p01_seed1001,nonlinear_noise_sweep,scenario.noise_std,0.01,1001
truncated_svd,0.002342270327397008,0.0014574302428739814,0.002969825761808743,15.474412173335816,15.474412173335816,371.37073397691574,235,235,4.981608334000043,4,True,False,,ieee118,pypower,pypower.case118.case118,True,nonlinear_ac_state_estimation,653,235,nonlinear_ac_ieee118,0.01,0.1,0.05,3,5.0,weak_area,,371.37073397691574,nonlinear_noise_sweep_0p01_seed1001,nonlinear_noise_sweep,scenario.noise_std,0.01,1001
qsvt_regularized,0.002342270327397934,0.00145743024287414,0.0029698257618101195,15.474412173335832,15.474412173335832,371.37073397722924,235,235,4.972576207999964,4,True,False,,ieee118,pypower,pypower.case118.case118,True,nonlinear_ac_state_estimation,653,235,nonlinear_ac_ieee118,0.01,0.1,0.05,3,5.0,weak_area,,371.37073397722924,nonlinear_noise_sweep_0p01_seed1001,nonlinear_noise_sweep,scenario.noise_std,0.01,1001
huber_irls,0.0015976667839535839,0.0013549256854261818,0.0018064276436008037,15.53915582753982,15.53915582753982,377.2964404842525,235,235,6.296044582999912,5,True,False,,ieee118,pypower,pypower.case118.case118,True,nonlinear_ac_state_estimation,653,235,nonlinear_ac_ieee118,0.01,0.1,0.05,3,5.0,weak_area,,377.2964404842525,nonlinear_noise_sweep_0p01_seed1001,nonlinear_noise_sweep,scenario.noise_std,0.01,1001
pseudoinverse,0.00322352752660822,0.0013638962436536338,0.004341629942945032,9.016017394704674,9.016017394704674,312.5719948783265,235,235,7.249789875000033,6,True,False,,ieee118,pypower,pypower.case118.case118,True,nonlinear_ac_state_estimation,726,235,nonlinear_ac_ieee118,0.002,0.0,0.05,4,5.0,weak_area,,312.5719948783265,nonlinear_missing_sweep_0p0_seed101,nonlinear_missing_sweep,scenario.missing_ratio,0.0,101
ridge,0.0032235275266082,0.0013638962436536362,0.004341629942945002,9.01601739470469,9.01601739470469,312.57199487832236,235,235,7.187443999999914,6,True,False,,ieee118,pypower,pypower.case118.case118,True,nonlinear_ac_state_estimation,726,235,nonlinear_ac_ieee118,0.002,0.0,0.05,4,5.0,weak_area,,312.57199487832236,nonlinear_missing_sweep_0p0_seed101,nonlinear_missing_sweep,scenario.missing_ratio,0.0,101
truncated_svd,0.003223527526608197,0.001363896243653619,0.004341629942945003,9.016017394704718,9.016017394704718,312.57199487832406,235,235,7.199462291999907,6,True,False,,ieee118,pypower,pypower.case118.case118,True,nonlinear_ac_state_estimation,726,235,nonlinear_ac_ieee118,0.002,0.0,0.05,4,5.0,weak_area,,312.57199487832406,nonlinear_missing_sweep_0p0_seed101,nonlinear_missing_sweep,scenario.missing_ratio,0.0,101
qsvt_regularized,0.0032235275266082,0.0013638962436536362,0.004341629942945002,9.01601739470469,9.01601739470469,312.57199487832236,235,235,7.2969753749998745,6,True,False,,ieee118,pypower,pypower.case118.case118,True,nonlinear_ac_state_estimation,726,235,nonlinear_ac_ieee118,0.002,0.0,0.05,4,5.0,weak_area,,312.57199487832236,nonlinear_missing_sweep_0p0_seed101,nonlinear_missing_sweep,scenario.missing_ratio,0.0,101
huber_irls,0.0013504503804690003,0.0006562673025421978,0.0017902347202096826,9.418770473500917,9.418770473500917,307.5246247090608,235,235,6.576688583000077,5,True,False,,ieee118,pypower,pypower.case118.case118,True,nonlinear_ac_state_estimation,726,235,nonlinear_ac_ieee118,0.002,0.0,0.05,4,5.0,weak_area,,307.5246247090608,nonlinear_missing_sweep_0p0_seed101,nonlinear_missing_sweep,scenario.missing_ratio,0.0,101
pseudoinverse,0.003313848361239985,0.004479924213358779,0.0014037375167610157,9.597787068324394,9.597787068324394,305.296276510737,235,235,6.113069500000165,5,True,False,,ieee118,pypower,pypower.case118.case118,True,nonlinear_ac_state_estimation,726,235,nonlinear_ac_ieee118,0.002,0.0,0.05,4,5.0,weak_area,,305.296276510737,nonlinear_missing_sweep_0p0_seed202,nonlinear_missing_sweep,scenario.missing_ratio,0.0,202
ridge,0.003313848361239977,0.004479924213358771,0.001403737516761004,9.5977870683244,9.5977870683244,305.29627651074173,235,235,6.070823459000167,5,True,False,,ieee118,pypower,pypower.case118.case118,True,nonlinear_ac_state_estimation,726,235,nonlinear_ac_ieee118,0.002,0.0,0.05,4,5.0,weak_area,,305.29627651074173,nonlinear_missing_sweep_0p0_seed202,nonlinear_missing_sweep,scenario.missing_ratio,0.0,202
truncated_svd,0.0033138483612400143,0.004479924213358789,0.001403737516761125,9.597787068324385,9.597787068324385,305.2962765107382,235,235,6.068350957999883,5,True,False,,ieee118,pypower,pypower.case118.case118,True,nonlinear_ac_state_estimation,726,235,nonlinear_ac_ieee118,0.002,0.0,0.05,4,5.0,weak_area,,305.2962765107382,nonlinear_missing_sweep_0p0_seed202,nonlinear_missing_sweep,scenario.missing_ratio,0.0,202
qsvt_regularized,0.003313848361239977,0.004479924213358771,0.001403737516761004,9.5977870683244,9.5977870683244,305.29627651074173,235,235,6.321077750000086,5,True,False,,ieee118,pypower,pypower.case118.case118,True,nonlinear_ac_state_estimation,726,235,nonlinear_ac_ieee118,0.002,0.0,0.05,4,5.0,weak_area,,305.29627651074173,nonlinear_missing_sweep_0p0_seed202,nonlinear_missing_sweep,scenario.missing_ratio,0.0,202
huber_irls,0.001420391563597184,0.0019093838489123607,0.0006348829047543436,9.873803723007734,9.873803723007734,304.41969703795394,235,235,5.72813870799996,4,True,False,,ieee118,pypower,pypower.case118.case118,True,nonlinear_ac_state_estimation,726,235,nonlinear_ac_ieee118,0.002,0.0,0.05,4,5.0,weak_area,,304.41969703795394,nonlinear_missing_sweep_0p0_seed202,nonlinear_missing_sweep,scenario.missing_ratio,0.0,202
pseudoinverse,0.002073346388671596,0.002743265815595588,0.0010485077165899002,9.911788996678622,9.911788996678622,303.8032203492038,235,235,6.170271082999989,5,True,False,,ieee118,pypower,pypower.case118.case118,True,nonlinear_ac_state_estimation,726,235,nonlinear_ac_ieee118,0.002,0.0,0.05,4,5.0,weak_area,,303.8032203492038,nonlinear_missing_sweep_0p0_seed303,nonlinear_missing_sweep,scenario.missing_ratio,0.0,303
ridge,0.002073346388671584,0.002743265815595554,0.0010485077165899395,9.911788996678641,9.911788996678641,303.80322034920397,235,235,6.123145415999943,5,True,False,,ieee118,pypower,pypower.case118.case118,True,nonlinear_ac_state_estimation,726,235,nonlinear_ac_ieee118,0.002,0.0,0.05,4,5.0,weak_area,,303.80322034920397,nonlinear_missing_sweep_0p0_seed303,nonlinear_missing_sweep,scenario.missing_ratio,0.0,303
truncated_svd,0.0020733463886715873,0.0027432658155955706,0.001048507716589911,9.911788996678618,9.911788996678618,303.80322034920255,235,235,6.127941792000001,5,True,False,,ieee118,pypower,pypower.case118.case118,True,nonlinear_ac_state_estimation,726,235,nonlinear_ac_ieee118,0.002,0.0,0.05,4,5.0,weak_area,,303.80322034920255,nonlinear_missing_sweep_0p0_seed303,nonlinear_missing_sweep,scenario.missing_ratio,0.0,303
qsvt_regularized,0.002073346388671584,0.002743265815595554,0.0010485077165899395,9.911788996678641,9.911788996678641,303.80322034920397,235,235,6.127310916999932,5,True,False,,ieee118,pypower,pypower.case118.case118,True,nonlinear_ac_state_estimation,726,235,nonlinear_ac_ieee118,0.002,0.0,0.05,4,5.0,weak_area,,303.80322034920397,nonlinear_missing_sweep_0p0_seed303,nonlinear_missing_sweep,scenario.missing_ratio,0.0,303
huber_irls,0.0008625141815162819,0.0011208679964226317,0.0004856530199001516,10.070145668859961,10.070145668859961,303.8859864433117,235,235,5.308701041999939,4,True,False,,ieee118,pypower,pypower.case118.case118,True,nonlinear_ac_state_estimation,726,235,nonlinear_ac_ieee118,0.002,0.0,0.05,4,5.0,weak_area,,303.8859864433117,nonlinear_missing_sweep_0p0_seed303,nonlinear_missing_sweep,scenario.missing_ratio,0.0,303
pseudoinverse,0.0006037326100658345,0.00030685922112138697,0.0007953191881446593,10.283004366858544,10.283004366858544,304.68364838269247,235,235,5.079568207999955,4,True,False,,ieee118,pypower,pypower.case118.case118,True,nonlinear_ac_state_estimation,726,235,nonlinear_ac_ieee118,0.002,0.0,0.05,4,5.0,weak_area,,304.68364838269247,nonlinear_missing_sweep_0p0_seed404,nonlinear_missing_sweep,scenario.missing_ratio,0.0,404
ridge,0.0006037326100658644,0.0003068592211214353,0.0007953191881446861,10.283004366858535,10.283004366858535,304.6836483826929,235,235,5.146117957999877,4,True,False,,ieee118,pypower,pypower.case118.case118,True,nonlinear_ac_state_estimation,726,235,nonlinear_ac_ieee118,0.002,0.0,0.05,4,5.0,weak_area,,304.6836483826929,nonlinear_missing_sweep_0p0_seed404,nonlinear_missing_sweep,scenario.missing_ratio,0.0,404
truncated_svd,0.0006037326100657952,0.00030685922112137765,0.0007953191881446034,10.283004366858563,10.283004366858563,304.68364838269366,235,235,5.0012722910000775,4,True,False,,ieee118,pypower,pypower.case118.case118,True,nonlinear_ac_state_estimation,726,235,nonlinear_ac_ieee118,0.002,0.0,0.05,4,5.0,weak_area,,304.68364838269366,nonlinear_missing_sweep_0p0_seed404,nonlinear_missing_sweep,scenario.missing_ratio,0.0,404
qsvt_regularized,0.0006037326100658644,0.0003068592211214353,0.0007953191881446861,10.283004366858535,10.283004366858535,304.6836483826929,235,235,4.983713084000101,4,True,False,,ieee118,pypower,pypower.case118.case118,True,nonlinear_ac_state_estimation,726,235,nonlinear_ac_ieee118,0.002,0.0,0.05,4,5.0,weak_area,,304.6836483826929,nonlinear_missing_sweep_0p0_seed404,nonlinear_missing_sweep,scenario.missing_ratio,0.0,404
huber_irls,0.0003079760225898328,0.0002454466921925895,0.00035938992511486785,10.317503361415223,10.317503361415223,304.41009267974266,235,235,5.1243602499998815,4,True,False,,ieee118,pypower,pypower.case118.case118,True,nonlinear_ac_state_estimation,726,235,nonlinear_ac_ieee118,0.002,0.0,0.05,4,5.0,weak_area,,304.41009267974266,nonlinear_missing_sweep_0p0_seed404,nonlinear_missing_sweep,scenario.missing_ratio,0.0,404
pseudoinverse,0.0013459521117604614,0.0009471277232753619,0.0016487489025447126,9.635181212366453,9.635181212366453,302.0858048816951,235,235,5.0368890830000055,4,True,False,,ieee118,pypower,pypower.case118.case118,True,nonlinear_ac_state_estimation,726,235,nonlinear_ac_ieee118,0.002,0.0,0.05,4,5.0,weak_area,,302.0858048816951,nonlinear_missing_sweep_0p0_seed505,nonlinear_missing_sweep,scenario.missing_ratio,0.0,505
ridge,0.0013459521117605427,0.000947127723275352,0.0016487489025448505,9.635181212366392,9.635181212366392,302.08580488172714,235,235,5.009849791000079,4,True,False,,ieee118,pypower,pypower.case118.case118,True,nonlinear_ac_state_estimation,726,235,nonlinear_ac_ieee118,0.002,0.0,0.05,4,5.0,weak_area,,302.08580488172714,nonlinear_missing_sweep_0p0_seed505,nonlinear_missing_sweep,scenario.missing_ratio,0.0,505
truncated_svd,0.0013459521117604276,0.0009471277232753223,0.0016487489025446805,9.635181212366408,9.635181212366408,302.0858048816945,235,235,5.011056791999863,4,True,False,,ieee118,pypower,pypower.case118.case118,True,nonlinear_ac_state_estimation,726,235,nonlinear_ac_ieee118,0.002,0.0,0.05,4,5.0,weak_area,,302.0858048816945,nonlinear_missing_sweep_0p0_seed505,nonlinear_missing_sweep,scenario.missing_ratio,0.0,505
qsvt_regularized,0.0013459521117605427,0.000947127723275352,0.0016487489025448505,9.635181212366392,9.635181212366392,302.08580488172714,235,235,5.310913290999906,4,True,False,,ieee118,pypower,pypower.case118.case118,True,nonlinear_ac_state_estimation,726,235,nonlinear_ac_ieee118,0.002,0.0,0.05,4,5.0,weak_area,,302.08580488172714,nonlinear_missing_sweep_0p0_seed505,nonlinear_missing_sweep,scenario.missing_ratio,0.0,505
huber_irls,0.0006562826183697916,0.00045126825963271876,0.0008098434653840828,9.82993540717767,9.82993540717767,303.1203998680946,235,235,5.407429124999908,4,True,False,,ieee118,pypower,pypower.case118.case118,True,nonlinear_ac_state_estimation,726,235,nonlinear_ac_ieee118,0.002,0.0,0.05,4,5.0,weak_area,,303.1203998680946,nonlinear_missing_sweep_0p0_seed505,nonlinear_missing_sweep,scenario.missing_ratio,0.0,505
pseudoinverse,0.0020251012845587586,0.0010645213036510482,0.0026539995706769573,9.877049141583973,9.877049141583973,308.36292790075476,235,235,5.076858249999987,4,True,False,,ieee118,pypower,pypower.case118.case118,True,nonlinear_ac_state_estimation,726,235,nonlinear_ac_ieee118,0.002,0.0,0.05,4,5.0,weak_area,,308.36292790075476,nonlinear_missing_sweep_0p0_seed606,nonlinear_missing_sweep,scenario.missing_ratio,0.0,606
ridge,0.0020251012845584706,0.0010645213036509552,0.002653999570676557,9.877049141583973,9.877049141583973,308.36292790073,235,235,5.0164427499998965,4,True,False,,ieee118,pypower,pypower.case118.case118,True,nonlinear_ac_state_estimation,726,235,nonlinear_ac_ieee118,0.002,0.0,0.05,4,5.0,weak_area,,308.36292790073,nonlinear_missing_sweep_0p0_seed606,nonlinear_missing_sweep,scenario.missing_ratio,0.0,606
truncated_svd,0.002025101284558755,0.0010645213036510463,0.002653999570676953,9.877049141583996,9.877049141583996,308.36292790075703,235,235,5.002936458000022,4,True,False,,ieee118,pypower,pypower.case118.case118,True,nonlinear_ac_state_estimation,726,235,nonlinear_ac_ieee118,0.002,0.0,0.05,4,5.0,weak_area,,308.36292790075703,nonlinear_missing_sweep_0p0_seed606,nonlinear_missing_sweep,scenario.missing_ratio,0.0,606
qsvt_regularized,0.0020251012845584706,0.0010645213036509552,0.002653999570676557,9.877049141583973,9.877049141583973,308.36292790073,235,235,5.048065082999983,4,True,False,,ieee118,pypower,pypower.case118.case118,True,nonlinear_ac_state_estimation,726,235,nonlinear_ac_ieee118,0.002,0.0,0.05,4,5.0,weak_area,,308.36292790073,nonlinear_missing_sweep_0p0_seed606,nonlinear_missing_sweep,scenario.missing_ratio,0.0,606
huber_irls,0.0008253638708385427,0.0004796293576465544,0.0010623479412957507,10.060182715966908,10.060182715966908,305.9547833447215,235,235,5.32146154100019,4,True,False,,ieee118,pypower,pypower.case118.case118,True,nonlinear_ac_state_estimation,726,235,nonlinear_ac_ieee118,0.002,0.0,0.05,4,5.0,weak_area,,305.9547833447215,nonlinear_missing_sweep_0p0_seed606,nonlinear_missing_sweep,scenario.missing_ratio,0.0,606
pseudoinverse,0.0017388067083163635,0.0008567471667021655,0.002300756365855495,9.72932508646924,9.72932508646924,299.39648046533483,235,235,6.172829166999918,5,True,False,,ieee118,pypower,pypower.case118.case118,True,nonlinear_ac_state_estimation,726,235,nonlinear_ac_ieee118,0.002,0.0,0.05,4,5.0,weak_area,,299.39648046533483,nonlinear_missing_sweep_0p0_seed707,nonlinear_missing_sweep,scenario.missing_ratio,0.0,707
ridge,0.0017388067083162746,0.0008567471667021664,0.0023007563658553614,9.729325086469268,9.729325086469268,299.39648046533813,235,235,6.445526208000047,5,True,False,,ieee118,pypower,pypower.case118.case118,True,nonlinear_ac_state_estimation,726,235,nonlinear_ac_ieee118,0.002,0.0,0.05,4,5.0,weak_area,,299.39648046533813,nonlinear_missing_sweep_0p0_seed707,nonlinear_missing_sweep,scenario.missing_ratio,0.0,707
truncated_svd,0.001738806708316329,0.0008567471667021367,0.002300756365855454,9.729325086469201,9.729325086469201,299.3964804653368,235,235,6.401048916000036,5,True,False,,ieee118,pypower,pypower.case118.case118,True,nonlinear_ac_state_estimation,726,235,nonlinear_ac_ieee118,0.002,0.0,0.05,4,5.0,weak_area,,299.3964804653368,nonlinear_missing_sweep_0p0_seed707,nonlinear_missing_sweep,scenario.missing_ratio,0.0,707
qsvt_regularized,0.0017388067083162746,0.0008567471667021664,0.0023007563658553614,9.729325086469268,9.729325086469268,299.39648046533813,235,235,6.369867040999907,5,True,False,,ieee118,pypower,pypower.case118.case118,True,nonlinear_ac_state_estimation,726,235,nonlinear_ac_ieee118,0.002,0.0,0.05,4,5.0,weak_area,,299.39648046533813,nonlinear_missing_sweep_0p0_seed707,nonlinear_missing_sweep,scenario.missing_ratio,0.0,707
huber_irls,0.0006544825552798034,0.00034298783471944564,0.0008581497931169386,9.97216264706889,9.97216264706889,302.41799905907783,235,235,5.259485125000083,4,True,False,,ieee118,pypower,pypower.case118.case118,True,nonlinear_ac_state_estimation,726,235,nonlinear_ac_ieee118,0.002,0.0,0.05,4,5.0,weak_area,,302.41799905907783,nonlinear_missing_sweep_0p0_seed707,nonlinear_missing_sweep,scenario.missing_ratio,0.0,707
pseudoinverse,0.001368425404972063,0.0016727833945006144,0.000977146917346252,9.773459170984594,9.773459170984594,304.376711536991,235,235,5.147580500000004,4,True,False,,ieee118,pypower,pypower.case118.case118,True,nonlinear_ac_state_estimation,726,235,nonlinear_ac_ieee118,0.002,0.0,0.05,4,5.0,weak_area,,304.376711536991,nonlinear_missing_sweep_0p0_seed808,nonlinear_missing_sweep,scenario.missing_ratio,0.0,808
ridge,0.0013684254049720667,0.0016727833945006433,0.0009771469173462137,9.773459170984628,9.773459170984628,304.376711536983,235,235,5.020874291999917,4,True,False,,ieee118,pypower,pypower.case118.case118,True,nonlinear_ac_state_estimation,726,235,nonlinear_ac_ieee118,0.002,0.0,0.05,4,5.0,weak_area,,304.376711536983,nonlinear_missing_sweep_0p0_seed808,nonlinear_missing_sweep,scenario.missing_ratio,0.0,808
truncated_svd,0.0013684254049720628,0.0016727833945006214,0.0009771469173462408,9.773459170984474,9.773459170984474,304.3767115369927,235,235,5.0087160000000495,4,True,False,,ieee118,pypower,pypower.case118.case118,True,nonlinear_ac_state_estimation,726,235,nonlinear_ac_ieee118,0.002,0.0,0.05,4,5.0,weak_area,,304.3767115369927,nonlinear_missing_sweep_0p0_seed808,nonlinear_missing_sweep,scenario.missing_ratio,0.0,808
qsvt_regularized,0.0013684254049720667,0.0016727833945006433,0.0009771469173462137,9.773459170984628,9.773459170984628,304.376711536983,235,235,4.999219625000023,4,True,False,,ieee118,pypower,pypower.case118.case118,True,nonlinear_ac_state_estimation,726,235,nonlinear_ac_ieee118,0.002,0.0,0.05,4,5.0,weak_area,,304.376711536983,nonlinear_missing_sweep_0p0_seed808,nonlinear_missing_sweep,scenario.missing_ratio,0.0,808
huber_irls,0.0006214373642528869,0.0007581686184480556,0.00044625972846174433,9.972964654036879,9.972964654036879,304.2163519600502,235,235,5.28746495900009,4,True,False,,ieee118,pypower,pypower.case118.case118,True,nonlinear_ac_state_estimation,726,235,nonlinear_ac_ieee118,0.002,0.0,0.05,4,5.0,weak_area,,304.2163519600502,nonlinear_missing_sweep_0p0_seed808,nonlinear_missing_sweep,scenario.missing_ratio,0.0,808
pseudoinverse,0.0032168712412374923,0.0015532208227333705,0.004268111290709944,9.28772022392397,9.28772022392397,300.3024421222415,235,235,6.126204916000006,5,True,False,,ieee118,pypower,pypower.case118.case118,True,nonlinear_ac_state_estimation,726,235,nonlinear_ac_ieee118,0.002,0.0,0.05,4,5.0,weak_area,,300.3024421222415,nonlinear_missing_sweep_0p0_seed909,nonlinear_missing_sweep,scenario.missing_ratio,0.0,909
ridge,0.0032168712412373743,0.0015532208227332278,0.004268111290709818,9.287720223924001,9.287720223924001,300.30244212224085,235,235,6.080612957999847,5,True,False,,ieee118,pypower,pypower.case118.case118,True,nonlinear_ac_state_estimation,726,235,nonlinear_ac_ieee118,0.002,0.0,0.05,4,5.0,weak_area,,300.30244212224085,nonlinear_missing_sweep_0p0_seed909,nonlinear_missing_sweep,scenario.missing_ratio,0.0,909
truncated_svd,0.0032168712412375448,0.0015532208227333685,0.004268111290710022,9.28772022392399,9.28772022392399,300.30244212224085,235,235,6.086723582999866,5,True,False,,ieee118,pypower,pypower.case118.case118,True,nonlinear_ac_state_estimation,726,235,nonlinear_ac_ieee118,0.002,0.0,0.05,4,5.0,weak_area,,300.30244212224085,nonlinear_missing_sweep_0p0_seed909,nonlinear_missing_sweep,scenario.missing_ratio,0.0,909
qsvt_regularized,0.0032168712412373743,0.0015532208227332278,0.004268111290709818,9.287720223924001,9.287720223924001,300.30244212224085,235,235,6.0732480409999425,5,True,False,,ieee118,pypower,pypower.case118.case118,True,nonlinear_ac_state_estimation,726,235,nonlinear_ac_ieee118,0.002,0.0,0.05,4,5.0,weak_area,,300.30244212224085,nonlinear_missing_sweep_0p0_seed909,nonlinear_missing_sweep,scenario.missing_ratio,0.0,909
huber_irls,0.0022446308144806943,0.0010851660074601274,0.0029776553241459384,9.502240268515637,9.502240268515637,301.1851295879747,235,235,6.52874662499994,5,True,False,,ieee118,pypower,pypower.case118.case118,True,nonlinear_ac_state_estimation,726,235,nonlinear_ac_ieee118,0.002,0.0,0.05,4,5.0,weak_area,,301.1851295879747,nonlinear_missing_sweep_0p0_seed909,nonlinear_missing_sweep,scenario.missing_ratio,0.0,909
pseudoinverse,0.003550617234444425,0.0044265663635362,0.0023829588181431233,9.499066598287849,9.499066598287849,302.7602020688868,235,235,6.078316749999885,5,True,False,,ieee118,pypower,pypower.case118.case118,True,nonlinear_ac_state_estimation,726,235,nonlinear_ac_ieee118,0.002,0.0,0.05,4,5.0,weak_area,,302.7602020688868,nonlinear_missing_sweep_0p0_seed1001,nonlinear_missing_sweep,scenario.missing_ratio,0.0,1001
ridge,0.003550617234444429,0.004426566363536219,0.0023829588181431003,9.499066598287868,9.499066598287868,302.7602020688892,235,235,6.054735166,5,True,False,,ieee118,pypower,pypower.case118.case118,True,nonlinear_ac_state_estimation,726,235,nonlinear_ac_ieee118,0.002,0.0,0.05,4,5.0,weak_area,,302.7602020688892,nonlinear_missing_sweep_0p0_seed1001,nonlinear_missing_sweep,scenario.missing_ratio,0.0,1001
truncated_svd,0.003550617234444443,0.004426566363536217,0.002382958818143143,9.499066598287849,9.499066598287849,302.7602020688879,235,235,6.042176124999969,5,True,False,,ieee118,pypower,pypower.case118.case118,True,nonlinear_ac_state_estimation,726,235,nonlinear_ac_ieee118,0.002,0.0,0.05,4,5.0,weak_area,,302.7602020688879,nonlinear_missing_sweep_0p0_seed1001,nonlinear_missing_sweep,scenario.missing_ratio,0.0,1001
qsvt_regularized,0.003550617234444429,0.004426566363536219,0.0023829588181431003,9.499066598287868,9.499066598287868,302.7602020688892,235,235,6.04735258300002,5,True,False,,ieee118,pypower,pypower.case118.case118,True,nonlinear_ac_state_estimation,726,235,nonlinear_ac_ieee118,0.002,0.0,0.05,4,5.0,weak_area,,302.7602020688892,nonlinear_missing_sweep_0p0_seed1001,nonlinear_missing_sweep,scenario.missing_ratio,0.0,1001
huber_irls,0.002459448136138381,0.003220655842417244,0.0013273236488042398,9.619028433150119,9.619028433150119,303.5165524719623,235,235,6.503381209000054,5,True,False,,ieee118,pypower,pypower.case118.case118,True,nonlinear_ac_state_estimation,726,235,nonlinear_ac_ieee118,0.002,0.0,0.05,4,5.0,weak_area,,303.5165524719623,nonlinear_missing_sweep_0p0_seed1001,nonlinear_missing_sweep,scenario.missing_ratio,0.0,1001
pseudoinverse,0.0010033410036594786,0.00040088882291254314,0.0013584937091062877,8.973086190652925,8.973086190652925,397.9704647695169,235,235,4.961515959000053,4,True,False,,ieee118,pypower,pypower.case118.case118,True,nonlinear_ac_state_estimation,653,235,nonlinear_ac_ieee118,0.002,0.1,0.05,3,5.0,weak_area,,397.9704647695169,nonlinear_missing_sweep_0p1_seed101,nonlinear_missing_sweep,scenario.missing_ratio,0.1,101
ridge,0.0010033410036595367,0.00040088882291252156,0.0013584937091063796,8.973086190652912,8.973086190652912,397.9704647694866,235,235,4.9367798749999565,4,True,False,,ieee118,pypower,pypower.case118.case118,True,nonlinear_ac_state_estimation,653,235,nonlinear_ac_ieee118,0.002,0.1,0.05,3,5.0,weak_area,,397.9704647694866,nonlinear_missing_sweep_0p1_seed101,nonlinear_missing_sweep,scenario.missing_ratio,0.1,101
truncated_svd,0.0010033410036594816,0.00040088882291252525,0.0013584937091062977,8.973086190652939,8.973086190652939,397.97046476952363,235,235,4.925142541000014,4,True,False,,ieee118,pypower,pypower.case118.case118,True,nonlinear_ac_state_estimation,653,235,nonlinear_ac_ieee118,0.002,0.1,0.05,3,5.0,weak_area,,397.97046476952363,nonlinear_missing_sweep_0p1_seed101,nonlinear_missing_sweep,scenario.missing_ratio,0.1,101
qsvt_regularized,0.0010033410036595367,0.00040088882291252156,0.0013584937091063796,8.973086190652912,8.973086190652912,397.9704647694866,235,235,4.924486166999941,4,True,False,,ieee118,pypower,pypower.case118.case118,True,nonlinear_ac_state_estimation,653,235,nonlinear_ac_ieee118,0.002,0.1,0.05,3,5.0,weak_area,,397.9704647694866,nonlinear_missing_sweep_0p1_seed101,nonlinear_missing_sweep,scenario.missing_ratio,0.1,101
huber_irls,0.00043572198970428253,0.00037456704602759603,0.0004888628544362827,8.9975825249255,8.9975825249255,401.2107483598391,235,235,5.079171458000019,4,True,False,,ieee118,pypower,pypower.case118.case118,True,nonlinear_ac_state_estimation,653,235,nonlinear_ac_ieee118,0.002,0.1,0.05,3,5.0,weak_area,,401.2107483598391,nonlinear_missing_sweep_0p1_seed101,nonlinear_missing_sweep,scenario.missing_ratio,0.1,101
pseudoinverse,0.0037278518666725496,0.004537613368252267,0.002694539814073344,7.436651222536472,7.436651222536472,330.24050764129674,235,235,6.049542250000059,5,True,False,,ieee118,pypower,pypower.case118.case118,True,nonlinear_ac_state_estimation,653,235,nonlinear_ac_ieee118,0.002,0.1,0.05,3,5.0,weak_area,,330.24050764129674,nonlinear_missing_sweep_0p1_seed202,nonlinear_missing_sweep,scenario.missing_ratio,0.1,202
ridge,0.003727851866672534,0.004537613368252286,0.002694539814073269,7.436651222536469,7.436651222536469,330.2405076412985,235,235,6.072711417000164,5,True,False,,ieee118,pypower,pypower.case118.case118,True,nonlinear_ac_state_estimation,653,235,nonlinear_ac_ieee118,0.002,0.1,0.05,3,5.0,weak_area,,330.2405076412985,nonlinear_missing_sweep_0p1_seed202,nonlinear_missing_sweep,scenario.missing_ratio,0.1,202
truncated_svd,0.003727851866672542,0.0045376133682522605,0.0026945398140733328,7.436651222536485,7.436651222536485,330.2405076412966,235,235,6.0215577910000775,5,True,False,,ieee118,pypower,pypower.case118.case118,True,nonlinear_ac_state_estimation,653,235,nonlinear_ac_ieee118,0.002,0.1,0.05,3,5.0,weak_area,,330.2405076412966,nonlinear_missing_sweep_0p1_seed202,nonlinear_missing_sweep,scenario.missing_ratio,0.1,202
qsvt_regularized,0.003727851866672534,0.004537613368252286,0.002694539814073269,7.436651222536469,7.436651222536469,330.2405076412985,235,235,6.066005583999868,5,True,False,,ieee118,pypower,pypower.case118.case118,True,nonlinear_ac_state_estimation,653,235,nonlinear_ac_ieee118,0.002,0.1,0.05,3,5.0,weak_area,,330.2405076412985,nonlinear_missing_sweep_0p1_seed202,nonlinear_missing_sweep,scenario.missing_ratio,0.1,202
huber_irls,0.0024634786753201755,0.0031415943308543545,0.00151659168567016,7.721698785435533,7.721698785435533,330.05637767774135,235,235,6.475705249999919,5,True,False,,ieee118,pypower,pypower.case118.case118,True,nonlinear_ac_state_estimation,653,235,nonlinear_ac_ieee118,0.002,0.1,0.05,3,5.0,weak_area,,330.05637767774135,nonlinear_missing_sweep_0p1_seed202,nonlinear_missing_sweep,scenario.missing_ratio,0.1,202
pseudoinverse,0.0007845172189924595,0.001034434225795117,0.00040587288361752425,8.592894755355882,8.592894755355882,440.2502132803552,235,235,4.962163292000014,4,True,False,,ieee118,pypower,pypower.case118.case118,True,nonlinear_ac_state_estimation,653,235,nonlinear_ac_ieee118,0.002,0.1,0.05,3,5.0,weak_area,,440.2502132803552,nonlinear_missing_sweep_0p1_seed303,nonlinear_missing_sweep,scenario.missing_ratio,0.1,303
ridge,0.0007845172189924218,0.0010344342257950817,0.000405872883617469,8.592894755355866,8.592894755355866,440.25021328033927,235,235,5.108450540999911,4,True,False,,ieee118,pypower,pypower.case118.case118,True,nonlinear_ac_state_estimation,653,235,nonlinear_ac_ieee118,0.002,0.1,0.05,3,5.0,weak_area,,440.25021328033927,nonlinear_missing_sweep_0p1_seed303,nonlinear_missing_sweep,scenario.missing_ratio,0.1,303
truncated_svd,0.0007845172189924618,0.001034434225795123,0.00040587288361751883,8.59289475535586,8.59289475535586,440.25021328035115,235,235,4.948057999999946,4,True,False,,ieee118,pypower,pypower.case118.case118,True,nonlinear_ac_state_estimation,653,235,nonlinear_ac_ieee118,0.002,0.1,0.05,3,5.0,weak_area,,440.25021328035115,nonlinear_missing_sweep_0p1_seed303,nonlinear_missing_sweep,scenario.missing_ratio,0.1,303
qsvt_regularized,0.0007845172189924218,0.0010344342257950817,0.000405872883617469,8.592894755355866,8.592894755355866,440.25021328033927,235,235,4.941854583000122,4,True,False,,ieee118,pypower,pypower.case118.case118,True,nonlinear_ac_state_estimation,653,235,nonlinear_ac_ieee118,0.002,0.1,0.05,3,5.0,weak_area,,440.25021328033927,nonlinear_missing_sweep_0p1_seed303,nonlinear_missing_sweep,scenario.missing_ratio,0.1,303
huber_irls,0.00036924022745919174,0.00043341133355321215,0.00029200651948534394,8.754708242786986,8.754708242786986,439.7028074051953,235,235,5.139566291999927,4,True,False,,ieee118,pypower,pypower.case118.case118,True,nonlinear_ac_state_estimation,653,235,nonlinear_ac_ieee118,0.002,0.1,0.05,3,5.0,weak_area,,439.7028074051953,nonlinear_missing_sweep_0p1_seed303,nonlinear_missing_sweep,scenario.missing_ratio,0.1,303
pseudoinverse,0.003889561422176985,0.0018262000123023564,0.005179036896454992,7.634457971445752,7.634457971445752,427.22589746301713,235,235,6.0518110840000645,5,True,False,,ieee118,pypower,pypower.case118.case118,True,nonlinear_ac_state_estimation,653,235,nonlinear_ac_ieee118,0.002,0.1,0.05,3,5.0,weak_area,,427.22589746301713,nonlinear_missing_sweep_0p1_seed404,nonlinear_missing_sweep,scenario.missing_ratio,0.1,404
ridge,0.0038895614221768665,0.0018262000123022435,0.0051790368964548545,7.634457971445802,7.634457971445802,427.2258974630163,235,235,6.021940916999938,5,True,False,,ieee118,pypower,pypower.case118.case118,True,nonlinear_ac_state_estimation,653,235,nonlinear_ac_ieee118,0.002,0.1,0.05,3,5.0,weak_area,,427.2258974630163,nonlinear_missing_sweep_0p1_seed404,nonlinear_missing_sweep,scenario.missing_ratio,0.1,404
truncated_svd,0.0038895614221770534,0.001826200012302376,0.005179036896455088,7.634457971445763,7.634457971445763,427.22589746301935,235,235,6.033452374999797,5,True,False,,ieee118,pypower,pypower.case118.case118,True,nonlinear_ac_state_estimation,653,235,nonlinear_ac_ieee118,0.002,0.1,0.05,3,5.0,weak_area,,427.22589746301935,nonlinear_missing_sweep_0p1_seed404,nonlinear_missing_sweep,scenario.missing_ratio,0.1,404
qsvt_regularized,0.0038895614221768665,0.0018262000123022435,0.0051790368964548545,7.634457971445802,7.634457971445802,427.2258974630163,235,235,6.021943625000176,5,True,False,,ieee118,pypower,pypower.case118.case118,True,nonlinear_ac_state_estimation,653,235,nonlinear_ac_ieee118,0.002,0.1,0.05,3,5.0,weak_area,,427.2258974630163,nonlinear_missing_sweep_0p1_seed404,nonlinear_missing_sweep,scenario.missing_ratio,0.1,404
huber_irls,0.0024750125511934277,0.0012774647586086426,0.0032529025874200404,7.924150941278339,7.924150941278339,428.3401969034028,235,235,6.46972599999981,5,True,False,,ieee118,pypower,pypower.case118.case118,True,nonlinear_ac_state_estimation,653,235,nonlinear_ac_ieee118,0.002,0.1,0.05,3,5.0,weak_area,,428.3401969034028,nonlinear_missing_sweep_0p1_seed404,nonlinear_missing_sweep,scenario.missing_ratio,0.1,404
pseudoinverse,0.002241058303083941,0.0030199583982567,0.0009794197677209804,8.266441158290677,8.266441158290677,309.32832287306314,235,235,4.944018874999983,4,True,False,,ieee118,pypower,pypower.case118.case118,True,nonlinear_ac_state_estimation,653,235,nonlinear_ac_ieee118,0.002,0.1,0.05,3,5.0,weak_area,,309.32832287306314,nonlinear_missing_sweep_0p1_seed505,nonlinear_missing_sweep,scenario.missing_ratio,0.1,505
ridge,0.0022410583030837905,0.003019958398256549,0.000979419767720756,8.266441158290679,8.266441158290679,309.3283228730819,235,235,4.924374999999827,4,True,False,,ieee118,pypower,pypower.case118.case118,True,nonlinear_ac_state_estimation,653,235,nonlinear_ac_ieee118,0.002,0.1,0.05,3,5.0,weak_area,,309.3283228730819,nonlinear_missing_sweep_0p1_seed505,nonlinear_missing_sweep,scenario.missing_ratio,0.1,505
truncated_svd,0.0022410583030839223,0.0030199583982566756,0.0009794197677209702,8.266441158290679,8.266441158290679,309.32832287306167,235,235,4.918881666000061,4,True,False,,ieee118,pypower,pypower.case118.case118,True,nonlinear_ac_state_estimation,653,235,nonlinear_ac_ieee118,0.002,0.1,0.05,3,5.0,weak_area,,309.32832287306167,nonlinear_missing_sweep_0p1_seed505,nonlinear_missing_sweep,scenario.missing_ratio,0.1,505
qsvt_regularized,0.0022410583030837905,0.003019958398256549,0.000979419767720756,8.266441158290679,8.266441158290679,309.3283228730819,235,235,4.926357000000053,4,True,False,,ieee118,pypower,pypower.case118.case118,True,nonlinear_ac_state_estimation,653,235,nonlinear_ac_ieee118,0.002,0.1,0.05,3,5.0,weak_area,,309.3283228730819,nonlinear_missing_sweep_0p1_seed505,nonlinear_missing_sweep,scenario.missing_ratio,0.1,505
huber_irls,0.0009224355814054452,0.0012182257456006267,0.0004722995069696611,8.547321062276836,8.547321062276836,308.87611886620044,235,235,5.161549916000013,4,True,False,,ieee118,pypower,pypower.case118.case118,True,nonlinear_ac_state_estimation,653,235,nonlinear_ac_ieee118,0.002,0.1,0.05,3,5.0,weak_area,,308.87611886620044,nonlinear_missing_sweep_0p1_seed505,nonlinear_missing_sweep,scenario.missing_ratio,0.1,505
pseudoinverse,0.0022614781352021194,0.0010810453063768836,0.0030044084713345097,8.190024641199045,8.190024641199045,427.7829002912757,235,235,7.14960300000007,6,True,False,,ieee118,pypower,pypower.case118.case118,True,nonlinear_ac_state_estimation,653,235,nonlinear_ac_ieee118,0.002,0.1,0.05,3,5.0,weak_area,,427.7829002912757,nonlinear_missing_sweep_0p1_seed606,nonlinear_missing_sweep,scenario.missing_ratio,0.1,606
ridge,0.002261478135202163,0.0010810453063769122,0.003004408471334565,8.19002464119904,8.19002464119904,427.7829002912766,235,235,7.131652999999915,6,True,False,,ieee118,pypower,pypower.case118.case118,True,nonlinear_ac_state_estimation,653,235,nonlinear_ac_ieee118,0.002,0.1,0.05,3,5.0,weak_area,,427.7829002912766,nonlinear_missing_sweep_0p1_seed606,nonlinear_missing_sweep,scenario.missing_ratio,0.1,606
truncated_svd,0.0022614781352020947,0.0010810453063768667,0.0030044084713344785,8.190024641199066,8.190024641199066,427.7829002912778,235,235,7.120811208000077,6,True,False,,ieee118,pypower,pypower.case118.case118,True,nonlinear_ac_state_estimation,653,235,nonlinear_ac_ieee118,0.002,0.1,0.05,3,5.0,weak_area,,427.7829002912778,nonlinear_missing_sweep_0p1_seed606,nonlinear_missing_sweep,scenario.missing_ratio,0.1,606
qsvt_regularized,0.002261478135202163,0.0010810453063769122,0.003004408471334565,8.19002464119904,8.19002464119904,427.7829002912766,235,235,7.166526875000045,6,True,False,,ieee118,pypower,pypower.case118.case118,True,nonlinear_ac_state_estimation,653,235,nonlinear_ac_ieee118,0.002,0.1,0.05,3,5.0,weak_area,,427.7829002912766,nonlinear_missing_sweep_0p1_seed606,nonlinear_missing_sweep,scenario.missing_ratio,0.1,606
huber_irls,0.0009543029948564808,0.0005245301654185156,0.0012413180077102447,8.496537077916111,8.496537077916111,427.79362720671844,235,235,5.574611499999946,4,True,False,,ieee118,pypower,pypower.case118.case118,True,nonlinear_ac_state_estimation,653,235,nonlinear_ac_ieee118,0.002,0.1,0.05,3,5.0,weak_area,,427.79362720671844,nonlinear_missing_sweep_0p1_seed606,nonlinear_missing_sweep,scenario.missing_ratio,0.1,606
pseudoinverse,0.004712626624674943,0.0014306321432332452,0.0064961623650483715,8.327707407613238,8.327707407613238,491.72952210343897,235,235,6.376306958999976,5,True,False,,ieee118,pypower,pypower.case118.case118,True,nonlinear_ac_state_estimation,653,235,nonlinear_ac_ieee118,0.002,0.1,0.05,3,5.0,weak_area,,491.72952210343897,nonlinear_missing_sweep_0p1_seed707,nonlinear_missing_sweep,scenario.missing_ratio,0.1,707
ridge,0.00471262662467476,0.001430632143233237,0.006496162365048108,8.327707407613255,8.327707407613255,491.7295221034132,235,235,6.366524750000053,5,True,False,,ieee118,pypower,pypower.case118.case118,True,nonlinear_ac_state_estimation,653,235,nonlinear_ac_ieee118,0.002,0.1,0.05,3,5.0,weak_area,,491.7295221034132,nonlinear_missing_sweep_0p1_seed707,nonlinear_missing_sweep,scenario.missing_ratio,0.1,707
truncated_svd,0.004712626624674862,0.0014306321432331816,0.006496162365048266,8.327707407613236,8.327707407613236,491.7295221034404,235,235,6.40107941600013,5,True,False,,ieee118,pypower,pypower.case118.case118,True,nonlinear_ac_state_estimation,653,235,nonlinear_ac_ieee118,0.002,0.1,0.05,3,5.0,weak_area,,491.7295221034404,nonlinear_missing_sweep_0p1_seed707,nonlinear_missing_sweep,scenario.missing_ratio,0.1,707
qsvt_regularized,0.00471262662467476,0.001430632143233237,0.006496162365048108,8.327707407613255,8.327707407613255,491.7295221034132,235,235,6.346072999999933,5,True,False,,ieee118,pypower,pypower.case118.case118,True,nonlinear_ac_state_estimation,653,235,nonlinear_ac_ieee118,0.002,0.1,0.05,3,5.0,weak_area,,491.7295221034132,nonlinear_missing_sweep_0p1_seed707,nonlinear_missing_sweep,scenario.missing_ratio,0.1,707
huber_irls,0.0024075440185895402,0.0007761146102778896,0.0033084990995333316,8.504445954943636,8.504445954943636,485.3323136062437,235,235,6.862845916999959,5,True,False,,ieee118,pypower,pypower.case118.case118,True,nonlinear_ac_state_estimation,653,235,nonlinear_ac_ieee118,0.002,0.1,0.05,3,5.0,weak_area,,485.3323136062437,nonlinear_missing_sweep_0p1_seed707,nonlinear_missing_sweep,scenario.missing_ratio,0.1,707
pseudoinverse,0.0028280266095789424,0.001337347336965263,0.003762226795408784,7.694130856885729,7.694130856885729,304.4474800767399,235,235,6.408816166999941,5,True,False,,ieee118,pypower,pypower.case118.case118,True,nonlinear_ac_state_estimation,653,235,nonlinear_ac_ieee118,0.002,0.1,0.05,3,5.0,weak_area,,304.4474800767399,nonlinear_missing_sweep_0p1_seed808,nonlinear_missing_sweep,scenario.missing_ratio,0.1,808
ridge,0.002828026609578868,0.0013373473369652086,0.0037622267954086916,7.694130856885758,7.694130856885758,304.44748007674036,235,235,6.395582333999982,5,True,False,,ieee118,pypower,pypower.case118.case118,True,nonlinear_ac_state_estimation,653,235,nonlinear_ac_ieee118,0.002,0.1,0.05,3,5.0,weak_area,,304.44748007674036,nonlinear_missing_sweep_0p1_seed808,nonlinear_missing_sweep,scenario.missing_ratio,0.1,808
truncated_svd,0.0028280266095789585,0.0013373473369652704,0.0037622267954088053,7.6941308568858,7.6941308568858,304.44748007674093,235,235,6.358537040999863,5,True,False,,ieee118,pypower,pypower.case118.case118,True,nonlinear_ac_state_estimation,653,235,nonlinear_ac_ieee118,0.002,0.1,0.05,3,5.0,weak_area,,304.44748007674093,nonlinear_missing_sweep_0p1_seed808,nonlinear_missing_sweep,scenario.missing_ratio,0.1,808
qsvt_regularized,0.002828026609578868,0.0013373473369652086,0.0037622267954086916,7.694130856885758,7.694130856885758,304.44748007674036,235,235,6.406695833000185,5,True,False,,ieee118,pypower,pypower.case118.case118,True,nonlinear_ac_state_estimation,653,235,nonlinear_ac_ieee118,0.002,0.1,0.05,3,5.0,weak_area,,304.44748007674036,nonlinear_missing_sweep_0p1_seed808,nonlinear_missing_sweep,scenario.missing_ratio,0.1,808
huber_irls,0.0019564272286679706,0.0009731105718300654,0.0025853159219244026,7.966576320037405,7.966576320037405,304.73911502909726,235,235,6.887889833999907,5,True,False,,ieee118,pypower,pypower.case118.case118,True,nonlinear_ac_state_estimation,653,235,nonlinear_ac_ieee118,0.002,0.1,0.05,3,5.0,weak_area,,304.73911502909726,nonlinear_missing_sweep_0p1_seed808,nonlinear_missing_sweep,scenario.missing_ratio,0.1,808
pseudoinverse,0.003338438576960276,0.0016735834237890815,0.004406670904469765,8.075620675376703,8.075620675376703,422.2568974113299,235,235,6.427468999999974,5,True,False,,ieee118,pypower,pypower.case118.case118,True,nonlinear_ac_state_estimation,653,235,nonlinear_ac_ieee118,0.002,0.1,0.05,3,5.0,weak_area,,422.2568974113299,nonlinear_missing_sweep_0p1_seed909,nonlinear_missing_sweep,scenario.missing_ratio,0.1,909
ridge,0.0033384385769600986,0.001673583423788866,0.004406670904469579,8.075620675376706,8.075620675376706,422.2568974113236,235,235,6.4076116660000935,5,True,False,,ieee118,pypower,pypower.case118.case118,True,nonlinear_ac_state_estimation,653,235,nonlinear_ac_ieee118,0.002,0.1,0.05,3,5.0,weak_area,,422.2568974113236,nonlinear_missing_sweep_0p1_seed909,nonlinear_missing_sweep,scenario.missing_ratio,0.1,909
truncated_svd,0.0033384385769602183,0.0016735834237890785,0.004406670904469678,8.075620675376703,8.075620675376703,422.25689741132726,235,235,6.405926292000004,5,True,False,,ieee118,pypower,pypower.case118.case118,True,nonlinear_ac_state_estimation,653,235,nonlinear_ac_ieee118,0.002,0.1,0.05,3,5.0,weak_area,,422.25689741132726,nonlinear_missing_sweep_0p1_seed909,nonlinear_missing_sweep,scenario.missing_ratio,0.1,909
qsvt_regularized,0.0033384385769600986,0.001673583423788866,0.004406670904469579,8.075620675376706,8.075620675376706,422.2568974113236,235,235,6.3921280419999675,5,True,False,,ieee118,pypower,pypower.case118.case118,True,nonlinear_ac_state_estimation,653,235,nonlinear_ac_ieee118,0.002,0.1,0.05,3,5.0,weak_area,,422.2568974113236,nonlinear_missing_sweep_0p1_seed909,nonlinear_missing_sweep,scenario.missing_ratio,0.1,909
huber_irls,0.0023694429003629394,0.0011591268365183677,0.003138272144087346,8.199661176183525,8.199661176183525,422.2878924265525,235,235,6.847083624999868,5,True,False,,ieee118,pypower,pypower.case118.case118,True,nonlinear_ac_state_estimation,653,235,nonlinear_ac_ieee118,0.002,0.1,0.05,3,5.0,weak_area,,422.2878924265525,nonlinear_missing_sweep_0p1_seed909,nonlinear_missing_sweep,scenario.missing_ratio,0.1,909
pseudoinverse,0.0017191547311884243,0.0006057374834164678,0.002349921488832639,8.826715692775164,8.826715692775164,372.75001396144154,235,235,6.43934216699995,5,True,False,,ieee118,pypower,pypower.case118.case118,True,nonlinear_ac_state_estimation,653,235,nonlinear_ac_ieee118,0.002,0.1,0.05,3,5.0,weak_area,,372.75001396144154,nonlinear_missing_sweep_0p1_seed1001,nonlinear_missing_sweep,scenario.missing_ratio,0.1,1001
ridge,0.0017191547311884844,0.0006057374834164874,0.0023499214888327217,8.826715692775183,8.826715692775183,372.75001396144654,235,235,6.388564374999987,5,True,False,,ieee118,pypower,pypower.case118.case118,True,nonlinear_ac_state_estimation,653,235,nonlinear_ac_ieee118,0.002,0.1,0.05,3,5.0,weak_area,,372.75001396144654,nonlinear_missing_sweep_0p1_seed1001,nonlinear_missing_sweep,scenario.missing_ratio,0.1,1001
truncated_svd,0.0017191547311884803,0.0006057374834164734,0.0023499214888327187,8.826715692775133,8.826715692775133,372.75001396144137,235,235,6.379304542,5,True,False,,ieee118,pypower,pypower.case118.case118,True,nonlinear_ac_state_estimation,653,235,nonlinear_ac_ieee118,0.002,0.1,0.05,3,5.0,weak_area,,372.75001396144137,nonlinear_missing_sweep_0p1_seed1001,nonlinear_missing_sweep,scenario.missing_ratio,0.1,1001
qsvt_regularized,0.0017191547311884844,0.0006057374834164874,0.0023499214888327217,8.826715692775183,8.826715692775183,372.75001396144654,235,235,6.394234999999981,5,True,False,,ieee118,pypower,pypower.case118.case118,True,nonlinear_ac_state_estimation,653,235,nonlinear_ac_ieee118,0.002,0.1,0.05,3,5.0,weak_area,,372.75001396144654,nonlinear_missing_sweep_0p1_seed1001,nonlinear_missing_sweep,scenario.missing_ratio,0.1,1001
huber_irls,0.0006419746930398189,0.00031719569506723504,0.0008491230285525003,8.930827472632881,8.930827472632881,378.83307822182894,235,235,5.339685791999955,4,True,False,,ieee118,pypower,pypower.case118.case118,True,nonlinear_ac_state_estimation,653,235,nonlinear_ac_ieee118,0.002,0.1,0.05,3,5.0,weak_area,,378.83307822182894,nonlinear_missing_sweep_0p1_seed1001,nonlinear_missing_sweep,scenario.missing_ratio,0.1,1001
pseudoinverse,0.00036663520617297466,0.00033288202097738395,0.00039728102931756767,7.363394403828455,7.363394403828455,949.6472835388685,235,235,5.258066041999882,4,True,False,,ieee118,pypower,pypower.case118.case118,True,nonlinear_ac_state_estimation,581,235,nonlinear_ac_ieee118,0.002,0.2,0.05,2,5.0,weak_area,,949.6472835388685,nonlinear_missing_sweep_0p2_seed101,nonlinear_missing_sweep,scenario.missing_ratio,0.2,101
ridge,0.00036663520617304335,0.0003328820209775075,0.00039728102931759136,7.3633944038284405,7.3633944038284405,949.647283538954,235,235,5.187351416999945,4,True,False,,ieee118,pypower,pypower.case118.case118,True,nonlinear_ac_state_estimation,581,235,nonlinear_ac_ieee118,0.002,0.2,0.05,2,5.0,weak_area,,949.647283538954,nonlinear_missing_sweep_0p2_seed101,nonlinear_missing_sweep,scenario.missing_ratio,0.2,101
truncated_svd,0.00036663520617298144,0.00033288202097744515,0.00039728102931752923,7.363394403828461,7.363394403828461,949.6472835388654,235,235,5.225913500000161,4,True,False,,ieee118,pypower,pypower.case118.case118,True,nonlinear_ac_state_estimation,581,235,nonlinear_ac_ieee118,0.002,0.2,0.05,2,5.0,weak_area,,949.6472835388654,nonlinear_missing_sweep_0p2_seed101,nonlinear_missing_sweep,scenario.missing_ratio,0.2,101
qsvt_regularized,0.00036663520617304335,0.0003328820209775075,0.00039728102931759136,7.3633944038284405,7.3633944038284405,949.647283538954,235,235,5.252771291000045,4,True,False,,ieee118,pypower,pypower.case118.case118,True,nonlinear_ac_state_estimation,581,235,nonlinear_ac_ieee118,0.002,0.2,0.05,2,5.0,weak_area,,949.647283538954,nonlinear_missing_sweep_0p2_seed101,nonlinear_missing_sweep,scenario.missing_ratio,0.2,101
huber_irls,0.00029245443597596436,0.0003244123178637176,0.000256871384123415,7.402365133419264,7.402365133419264,949.2582441458381,235,235,5.349980791000007,4,True,False,,ieee118,pypower,pypower.case118.case118,True,nonlinear_ac_state_estimation,581,235,nonlinear_ac_ieee118,0.002,0.2,0.05,2,5.0,weak_area,,949.2582441458381,nonlinear_missing_sweep_0p2_seed101,nonlinear_missing_sweep,scenario.missing_ratio,0.2,101
pseudoinverse,0.004689711654065304,0.005477173236543616,0.00374902812153037,7.573070992538128,7.573070992538128,283.94725463295754,235,235,6.43926112500003,5,True,False,,ieee118,pypower,pypower.case118.case118,True,nonlinear_ac_state_estimation,581,235,nonlinear_ac_ieee118,0.002,0.2,0.05,3,5.0,weak_area,,283.94725463295754,nonlinear_missing_sweep_0p2_seed202,nonlinear_missing_sweep,scenario.missing_ratio,0.2,202
ridge,0.004689711654065215,0.005477173236543596,0.003749028121530176,7.573070992538124,7.573070992538124,283.947254632957,235,235,6.3860559170000215,5,True,False,,ieee118,pypower,pypower.case118.case118,True,nonlinear_ac_state_estimation,581,235,nonlinear_ac_ieee118,0.002,0.2,0.05,3,5.0,weak_area,,283.947254632957,nonlinear_missing_sweep_0p2_seed202,nonlinear_missing_sweep,scenario.missing_ratio,0.2,202
truncated_svd,0.004689711654065317,0.005477173236543654,0.003749028121530345,7.573070992538133,7.573070992538133,283.94725463295765,235,235,6.375465542000029,5,True,False,,ieee118,pypower,pypower.case118.case118,True,nonlinear_ac_state_estimation,581,235,nonlinear_ac_ieee118,0.002,0.2,0.05,3,5.0,weak_area,,283.94725463295765,nonlinear_missing_sweep_0p2_seed202,nonlinear_missing_sweep,scenario.missing_ratio,0.2,202
qsvt_regularized,0.004689711654065215,0.005477173236543596,0.003749028121530176,7.573070992538124,7.573070992538124,283.947254632957,235,235,6.419871708000073,5,True,False,,ieee118,pypower,pypower.case118.case118,True,nonlinear_ac_state_estimation,581,235,nonlinear_ac_ieee118,0.002,0.2,0.05,3,5.0,weak_area,,283.947254632957,nonlinear_missing_sweep_0p2_seed202,nonlinear_missing_sweep,scenario.missing_ratio,0.2,202
huber_irls,0.003341318297811011,0.004303451652301275,0.00196760076269471,7.764691645268928,7.764691645268928,283.95309913334285,235,235,6.853126083999996,5,True,False,,ieee118,pypower,pypower.case118.case118,True,nonlinear_ac_state_estimation,581,235,nonlinear_ac_ieee118,0.002,0.2,0.05,3,5.0,weak_area,,283.95309913334285,nonlinear_missing_sweep_0p2_seed202,nonlinear_missing_sweep,scenario.missing_ratio,0.2,202
pseudoinverse,0.0010228280901164247,0.0013032967759212363,0.0006319026627803675,8.48377337271712,8.48377337271712,350.84589770330365,235,235,5.299813791999895,4,True,False,,ieee118,pypower,pypower.case118.case118,True,nonlinear_ac_state_estimation,581,235,nonlinear_ac_ieee118,0.002,0.2,0.05,3,5.0,weak_area,,350.84589770330365,nonlinear_missing_sweep_0p2_seed303,nonlinear_missing_sweep,scenario.missing_ratio,0.2,303
ridge,0.0010228280901164372,0.0013032967759212396,0.000631902662780401,8.483773372717136,8.483773372717136,350.84589770330285,235,235,5.221690291000186,4,True,False,,ieee118,pypower,pypower.case118.case118,True,nonlinear_ac_state_estimation,581,235,nonlinear_ac_ieee118,0.002,0.2,0.05,3,5.0,weak_area,,350.84589770330285,nonlinear_missing_sweep_0p2_seed303,nonlinear_missing_sweep,scenario.missing_ratio,0.2,303
truncated_svd,0.0010228280901164264,0.0013032967759212422,0.0006319026627803608,8.483773372717101,8.483773372717101,350.84589770330405,235,235,5.23097933300005,4,True,False,,ieee118,pypower,pypower.case118.case118,True,nonlinear_ac_state_estimation,581,235,nonlinear_ac_ieee118,0.002,0.2,0.05,3,5.0,weak_area,,350.84589770330405,nonlinear_missing_sweep_0p2_seed303,nonlinear_missing_sweep,scenario.missing_ratio,0.2,303
qsvt_regularized,0.0010228280901164372,0.0013032967759212396,0.000631902662780401,8.483773372717136,8.483773372717136,350.84589770330285,235,235,5.243038083000101,4,True,False,,ieee118,pypower,pypower.case118.case118,True,nonlinear_ac_state_estimation,581,235,nonlinear_ac_ieee118,0.002,0.2,0.05,3,5.0,weak_area,,350.84589770330285,nonlinear_missing_sweep_0p2_seed303,nonlinear_missing_sweep,scenario.missing_ratio,0.2,303
huber_irls,0.00040789405448392503,0.00048281787921789995,0.00031655579340565535,8.682110988062211,8.682110988062211,350.849657172509,235,235,5.381560375000163,4,True,False,,ieee118,pypower,pypower.case118.case118,True,nonlinear_ac_state_estimation,581,235,nonlinear_ac_ieee118,0.002,0.2,0.05,3,5.0,weak_area,,350.849657172509,nonlinear_missing_sweep_0p2_seed303,nonlinear_missing_sweep,scenario.missing_ratio,0.2,303
pseudoinverse,0.007407728896093713,0.0033204530147988545,0.009917251864586979,7.467945482860908,7.467945482860908,1131.0993892479853,235,235,9.943951125000012,8,True,False,,ieee118,pypower,pypower.case118.case118,True,nonlinear_ac_state_estimation,581,235,nonlinear_ac_ieee118,0.002,0.2,0.05,3,5.0,weak_area,,1131.0993892479853,nonlinear_missing_sweep_0p2_seed404,nonlinear_missing_sweep,scenario.missing_ratio,0.2,404
ridge,0.007407728896094004,0.003320453014798921,0.00991725186458739,7.467945482860907,7.467945482860907,1131.0993892479898,235,235,9.91011962499988,8,True,False,,ieee118,pypower,pypower.case118.case118,True,nonlinear_ac_state_estimation,581,235,nonlinear_ac_ieee118,0.002,0.2,0.05,3,5.0,weak_area,,1131.0993892479898,nonlinear_missing_sweep_0p2_seed404,nonlinear_missing_sweep,scenario.missing_ratio,0.2,404
truncated_svd,0.007407728896093749,0.003320453014798857,0.009917251864587032,7.467945482860903,7.467945482860903,1131.099389247982,235,235,9.949821417000067,8,True,False,,ieee118,pypower,pypower.case118.case118,True,nonlinear_ac_state_estimation,581,235,nonlinear_ac_ieee118,0.002,0.2,0.05,3,5.0,weak_area,,1131.099389247982,nonlinear_missing_sweep_0p2_seed404,nonlinear_missing_sweep,scenario.missing_ratio,0.2,404
qsvt_regularized,0.007407728896094004,0.003320453014798921,0.00991725186458739,7.467945482860907,7.467945482860907,1131.0993892479898,235,235,9.897484624999834,8,True,False,,ieee118,pypower,pypower.case118.case118,True,nonlinear_ac_state_estimation,581,235,nonlinear_ac_ieee118,0.002,0.2,0.05,3,5.0,weak_area,,1131.0993892479898,nonlinear_missing_sweep_0p2_seed404,nonlinear_missing_sweep,scenario.missing_ratio,0.2,404
huber_irls,0.0072489058954566315,0.0032648279336794732,0.009699442912538596,7.658092789255836,7.658092789255836,1130.4343427434812,235,235,10.329411958000037,8,True,False,,ieee118,pypower,pypower.case118.case118,True,nonlinear_ac_state_estimation,581,235,nonlinear_ac_ieee118,0.002,0.2,0.05,3,5.0,weak_area,,1130.4343427434812,nonlinear_missing_sweep_0p2_seed404,nonlinear_missing_sweep,scenario.missing_ratio,0.2,404
pseudoinverse,0.004885612304771563,0.003527466516465668,0.0059328376905366615,6.571823959809578,6.571823959809578,399.72851842365753,235,235,6.437359000000015,5,True,False,,ieee118,pypower,pypower.case118.case118,True,nonlinear_ac_state_estimation,581,235,nonlinear_ac_ieee118,0.002,0.2,0.05,3,5.0,weak_area,,399.72851842365753,nonlinear_missing_sweep_0p2_seed505,nonlinear_missing_sweep,scenario.missing_ratio,0.2,505
ridge,0.0048856123047715284,0.00352746651646565,0.0059328376905366164,6.571823959809549,6.571823959809549,399.72851842365793,235,235,6.397509375000027,5,True,False,,ieee118,pypower,pypower.case118.case118,True,nonlinear_ac_state_estimation,581,235,nonlinear_ac_ieee118,0.002,0.2,0.05,3,5.0,weak_area,,399.72851842365793,nonlinear_missing_sweep_0p2_seed505,nonlinear_missing_sweep,scenario.missing_ratio,0.2,505
truncated_svd,0.00488561230477151,0.0035274665164656558,0.0059328376905365835,6.571823959809569,6.571823959809569,399.7285184236573,235,235,6.406859209000004,5,True,False,,ieee118,pypower,pypower.case118.case118,True,nonlinear_ac_state_estimation,581,235,nonlinear_ac_ieee118,0.002,0.2,0.05,3,5.0,weak_area,,399.7285184236573,nonlinear_missing_sweep_0p2_seed505,nonlinear_missing_sweep,scenario.missing_ratio,0.2,505
qsvt_regularized,0.0048856123047715284,0.00352746651646565,0.0059328376905366164,6.571823959809549,6.571823959809549,399.72851842365793,235,235,6.398702999999841,5,True,False,,ieee118,pypower,pypower.case118.case118,True,nonlinear_ac_state_estimation,581,235,nonlinear_ac_ieee118,0.002,0.2,0.05,3,5.0,weak_area,,399.72851842365793,nonlinear_missing_sweep_0p2_seed505,nonlinear_missing_sweep,scenario.missing_ratio,0.2,505
huber_irls,0.00475863169962583,0.002882679808189099,0.006071064786558284,6.747503742699063,6.747503742699063,399.72112511621077,235,235,5.637869666999904,4,True,False,,ieee118,pypower,pypower.case118.case118,True,nonlinear_ac_state_estimation,581,235,nonlinear_ac_ieee118,0.002,0.2,0.05,3,5.0,weak_area,,399.72112511621077,nonlinear_missing_sweep_0p2_seed505,nonlinear_missing_sweep,scenario.missing_ratio,0.2,505
pseudoinverse,0.001355916828612439,0.0017722114801611791,0.000739812915988736,8.15537994538723,8.15537994538723,400.2686926978814,235,235,6.416849458000115,5,True,False,,ieee118,pypower,pypower.case118.case118,True,nonlinear_ac_state_estimation,581,235,nonlinear_ac_ieee118,0.002,0.2,0.05,3,5.0,weak_area,,400.2686926978814,nonlinear_missing_sweep_0p2_seed606,nonlinear_missing_sweep,scenario.missing_ratio,0.2,606
ridge,0.0013559168286124805,0.001772211480161245,0.0007398129159887311,8.155379945387196,8.155379945387196,400.2686926978932,235,235,6.397708457999897,5,True,False,,ieee118,pypower,pypower.case118.case118,True,nonlinear_ac_state_estimation,581,235,nonlinear_ac_ieee118,0.002,0.2,0.05,3,5.0,weak_area,,400.2686926978932,nonlinear_missing_sweep_0p2_seed606,nonlinear_missing_sweep,scenario.missing_ratio,0.2,606
truncated_svd,0.0013559168286124603,0.0017722114801611904,0.0007398129159887871,8.1553799453872,8.1553799453872,400.2686926978808,235,235,6.311087584000006,5,True,False,,ieee118,pypower,pypower.case118.case118,True,nonlinear_ac_state_estimation,581,235,nonlinear_ac_ieee118,0.002,0.2,0.05,3,5.0,weak_area,,400.2686926978808,nonlinear_missing_sweep_0p2_seed606,nonlinear_missing_sweep,scenario.missing_ratio,0.2,606
qsvt_regularized,0.0013559168286124805,0.001772211480161245,0.0007398129159887311,8.155379945387196,8.155379945387196,400.2686926978932,235,235,6.240801832999978,5,True,False,,ieee118,pypower,pypower.case118.case118,True,nonlinear_ac_state_estimation,581,235,nonlinear_ac_ieee118,0.002,0.2,0.05,3,5.0,weak_area,,400.2686926978932,nonlinear_missing_sweep_0p2_seed606,nonlinear_missing_sweep,scenario.missing_ratio,0.2,606
huber_irls,0.000767048136655814,0.0009749503751059576,0.00047881797396836265,8.354681663441626,8.354681663441626,400.2966658838368,235,235,5.408092459000045,4,True,False,,ieee118,pypower,pypower.case118.case118,True,nonlinear_ac_state_estimation,581,235,nonlinear_ac_ieee118,0.002,0.2,0.05,3,5.0,weak_area,,400.2966658838368,nonlinear_missing_sweep_0p2_seed606,nonlinear_missing_sweep,scenario.missing_ratio,0.2,606
pseudoinverse,0.004556297315740001,0.005740618805359583,0.0029442031949975197,8.171593556942671,8.171593556942671,621.8468727181504,235,235,5.102470583000013,4,True,False,,ieee118,pypower,pypower.case118.case118,True,nonlinear_ac_state_estimation,581,235,nonlinear_ac_ieee118,0.002,0.2,0.05,3,5.0,weak_area,,621.8468727181504,nonlinear_missing_sweep_0p2_seed707,nonlinear_missing_sweep,scenario.missing_ratio,0.2,707
ridge,0.004556297315738743,0.005740618805357822,0.0029442031949970483,8.171593556942693,8.171593556942693,621.8468727180311,235,235,5.078332291999914,4,True,False,,ieee118,pypower,pypower.case118.case118,True,nonlinear_ac_state_estimation,581,235,nonlinear_ac_ieee118,0.002,0.2,0.05,3,5.0,weak_area,,621.8468727180311,nonlinear_missing_sweep_0p2_seed707,nonlinear_missing_sweep,scenario.missing_ratio,0.2,707
truncated_svd,0.0045562973157400035,0.005740618805359609,0.002944203194997478,8.171593556942664,8.171593556942664,621.8468727181538,235,235,5.0702390409999225,4,True,False,,ieee118,pypower,pypower.case118.case118,True,nonlinear_ac_state_estimation,581,235,nonlinear_ac_ieee118,0.002,0.2,0.05,3,5.0,weak_area,,621.8468727181538,nonlinear_missing_sweep_0p2_seed707,nonlinear_missing_sweep,scenario.missing_ratio,0.2,707
qsvt_regularized,0.004556297315738743,0.005740618805357822,0.0029442031949970483,8.171593556942693,8.171593556942693,621.8468727180311,235,235,5.0554966249999325,4,True,False,,ieee118,pypower,pypower.case118.case118,True,nonlinear_ac_state_estimation,581,235,nonlinear_ac_ieee118,0.002,0.2,0.05,3,5.0,weak_area,,621.8468727180311,nonlinear_missing_sweep_0p2_seed707,nonlinear_missing_sweep,scenario.missing_ratio,0.2,707
huber_irls,0.0018022822563771369,0.002277412764334472,0.0011516339598301444,8.467937043948757,8.467937043948757,627.4536244673544,235,235,5.292498042000034,4,True,False,,ieee118,pypower,pypower.case118.case118,True,nonlinear_ac_state_estimation,581,235,nonlinear_ac_ieee118,0.002,0.2,0.05,3,5.0,weak_area,,627.4536244673544,nonlinear_missing_sweep_0p2_seed707,nonlinear_missing_sweep,scenario.missing_ratio,0.2,707
pseudoinverse,0.0029596023138557673,0.0015461267668658216,0.0038825264169419843,6.635401439553652,6.635401439553652,492.07528446509855,235,235,6.202725417000011,5,True,False,,ieee118,pypower,pypower.case118.case118,True,nonlinear_ac_state_estimation,581,235,nonlinear_ac_ieee118,0.002,0.2,0.05,2,5.0,weak_area,,492.07528446509855,nonlinear_missing_sweep_0p2_seed808,nonlinear_missing_sweep,scenario.missing_ratio,0.2,808
ridge,0.0029596023138555357,0.001546126766865821,0.0038825264169416334,6.635401439553632,6.635401439553632,492.0752844650983,235,235,6.18220862499993,5,True,False,,ieee118,pypower,pypower.case118.case118,True,nonlinear_ac_state_estimation,581,235,nonlinear_ac_ieee118,0.002,0.2,0.05,2,5.0,weak_area,,492.0752844650983,nonlinear_missing_sweep_0p2_seed808,nonlinear_missing_sweep,scenario.missing_ratio,0.2,808
truncated_svd,0.0029596023138557647,0.0015461267668658042,0.0038825264169419873,6.6354014395536245,6.6354014395536245,492.07528446509804,235,235,6.339914665999913,5,True,False,,ieee118,pypower,pypower.case118.case118,True,nonlinear_ac_state_estimation,581,235,nonlinear_ac_ieee118,0.002,0.2,0.05,2,5.0,weak_area,,492.07528446509804,nonlinear_missing_sweep_0p2_seed808,nonlinear_missing_sweep,scenario.missing_ratio,0.2,808
qsvt_regularized,0.0029596023138555357,0.001546126766865821,0.0038825264169416334,6.635401439553632,6.635401439553632,492.0752844650983,235,235,6.33550008300017,5,True,False,,ieee118,pypower,pypower.case118.case118,True,nonlinear_ac_state_estimation,581,235,nonlinear_ac_ieee118,0.002,0.2,0.05,2,5.0,weak_area,,492.0752844650983,nonlinear_missing_sweep_0p2_seed808,nonlinear_missing_sweep,scenario.missing_ratio,0.2,808
huber_irls,0.0015904466438079001,0.00095149053352581,0.002034684871818047,6.827080398741969,6.827080398741969,492.07062578544424,235,235,6.696750915999928,5,True,False,,ieee118,pypower,pypower.case118.case118,True,nonlinear_ac_state_estimation,581,235,nonlinear_ac_ieee118,0.002,0.2,0.05,2,5.0,weak_area,,492.07062578544424,nonlinear_missing_sweep_0p2_seed808,nonlinear_missing_sweep,scenario.missing_ratio,0.2,808
pseudoinverse,0.0007505784265258575,0.0008190020100265958,0.000675930317853192,8.68911540488562,8.68911540488562,1766.8057646919037,235,235,5.182528999999931,4,True,False,,ieee118,pypower,pypower.case118.case118,True,nonlinear_ac_state_estimation,581,235,nonlinear_ac_ieee118,0.002,0.2,0.05,3,5.0,weak_area,,1766.8057646919037,nonlinear_missing_sweep_0p2_seed909,nonlinear_missing_sweep,scenario.missing_ratio,0.2,909
ridge,0.0007505784265258583,0.0008190020100266364,0.0006759303178531451,8.689115404885625,8.689115404885625,1766.8057646920577,235,235,5.076796583000032,4,True,False,,ieee118,pypower,pypower.case118.case118,True,nonlinear_ac_state_estimation,581,235,nonlinear_ac_ieee118,0.002,0.2,0.05,3,5.0,weak_area,,1766.8057646920577,nonlinear_missing_sweep_0p2_seed909,nonlinear_missing_sweep,scenario.missing_ratio,0.2,909
truncated_svd,0.0007505784265258172,0.0008190020100265612,0.0006759303178531446,8.68911540488562,8.68911540488562,1766.8057646918987,235,235,5.0769683749999786,4,True,False,,ieee118,pypower,pypower.case118.case118,True,nonlinear_ac_state_estimation,581,235,nonlinear_ac_ieee118,0.002,0.2,0.05,3,5.0,weak_area,,1766.8057646918987,nonlinear_missing_sweep_0p2_seed909,nonlinear_missing_sweep,scenario.missing_ratio,0.2,909
qsvt_regularized,0.0007505784265258583,0.0008190020100266364,0.0006759303178531451,8.689115404885625,8.689115404885625,1766.8057646920577,235,235,5.164877542000113,4,True,False,,ieee118,pypower,pypower.case118.case118,True,nonlinear_ac_state_estimation,581,235,nonlinear_ac_ieee118,0.002,0.2,0.05,3,5.0,weak_area,,1766.8057646920577,nonlinear_missing_sweep_0p2_seed909,nonlinear_missing_sweep,scenario.missing_ratio,0.2,909
huber_irls,0.0005763634805414703,0.0004643535920053065,0.000669161847781936,8.817280598982556,8.817280598982556,1767.617513197399,235,235,5.26944712500017,4,True,False,,ieee118,pypower,pypower.case118.case118,True,nonlinear_ac_state_estimation,581,235,nonlinear_ac_ieee118,0.002,0.2,0.05,3,5.0,weak_area,,1767.617513197399,nonlinear_missing_sweep_0p2_seed909,nonlinear_missing_sweep,scenario.missing_ratio,0.2,909
pseudoinverse,0.005193133058985435,0.006983897343210252,0.002312409580089413,7.461895814613985,7.461895814613985,364.0404647043645,235,235,6.298641374999988,5,True,False,,ieee118,pypower,pypower.case118.case118,True,nonlinear_ac_state_estimation,581,235,nonlinear_ac_ieee118,0.002,0.2,0.05,3,5.0,weak_area,,364.0404647043645,nonlinear_missing_sweep_0p2_seed1001,nonlinear_missing_sweep,scenario.missing_ratio,0.2,1001
ridge,0.005193133058985271,0.006983897343209995,0.0023124095800894457,7.461895814613997,7.461895814613997,364.04046470437504,235,235,6.195275291999906,5,True,False,,ieee118,pypower,pypower.case118.case118,True,nonlinear_ac_state_estimation,581,235,nonlinear_ac_ieee118,0.002,0.2,0.05,3,5.0,weak_area,,364.04046470437504,nonlinear_missing_sweep_0p2_seed1001,nonlinear_missing_sweep,scenario.missing_ratio,0.2,1001
truncated_svd,0.005193133058985432,0.006983897343210248,0.0023124095800894123,7.4618958146139835,7.4618958146139835,364.0404647043635,235,235,6.218647625000131,5,True,False,,ieee118,pypower,pypower.case118.case118,True,nonlinear_ac_state_estimation,581,235,nonlinear_ac_ieee118,0.002,0.2,0.05,3,5.0,weak_area,,364.0404647043635,nonlinear_missing_sweep_0p2_seed1001,nonlinear_missing_sweep,scenario.missing_ratio,0.2,1001
qsvt_regularized,0.005193133058985271,0.006983897343209995,0.0023124095800894457,7.461895814613997,7.461895814613997,364.04046470437504,235,235,6.286950832999992,5,True,False,,ieee118,pypower,pypower.case118.case118,True,nonlinear_ac_state_estimation,581,235,nonlinear_ac_ieee118,0.002,0.2,0.05,3,5.0,weak_area,,364.04046470437504,nonlinear_missing_sweep_0p2_seed1001,nonlinear_missing_sweep,scenario.missing_ratio,0.2,1001
huber_irls,0.0027689343366684425,0.003786286393961322,0.0010269112602698718,7.748514459858991,7.748514459858991,368.8670321810236,235,235,6.780396542000062,5,True,False,,ieee118,pypower,pypower.case118.case118,True,nonlinear_ac_state_estimation,581,235,nonlinear_ac_ieee118,0.002,0.2,0.05,3,5.0,weak_area,,368.8670321810236,nonlinear_missing_sweep_0p2_seed1001,nonlinear_missing_sweep,scenario.missing_ratio,0.2,1001
pseudoinverse,0.00029042708398928764,0.00036587870324788027,0.00018774507214506963,2.5254803778322006,2.5254803778322006,402.68444346652814,235,235,5.179035208999949,4,True,False,,ieee118,pypower,pypower.case118.case118,True,nonlinear_ac_state_estimation,653,235,nonlinear_ac_ieee118,0.002,0.1,0.0,0,5.0,weak_area,,402.68444346652814,nonlinear_bad_data_ratio_sweep_0p0_seed101,nonlinear_bad_data_ratio_sweep,scenario.bad_data.ratio,0.0,101
ridge,0.000290427083989227,0.0003658787032478192,0.00018774507214500068,2.5254803778321664,2.5254803778321664,402.6844434665156,235,235,5.164540540999951,4,True,False,,ieee118,pypower,pypower.case118.case118,True,nonlinear_ac_state_estimation,653,235,nonlinear_ac_ieee118,0.002,0.1,0.0,0,5.0,weak_area,,402.6844434665156,nonlinear_bad_data_ratio_sweep_0p0_seed101,nonlinear_bad_data_ratio_sweep,scenario.bad_data.ratio,0.0,101
truncated_svd,0.00029042708398928883,0.0003658787032478517,0.0001877450721451285,2.5254803778322414,2.5254803778322414,402.6844434665259,235,235,5.25087362499994,4,True,False,,ieee118,pypower,pypower.case118.case118,True,nonlinear_ac_state_estimation,653,235,nonlinear_ac_ieee118,0.002,0.1,0.0,0,5.0,weak_area,,402.6844434665259,nonlinear_bad_data_ratio_sweep_0p0_seed101,nonlinear_bad_data_ratio_sweep,scenario.bad_data.ratio,0.0,101
qsvt_regularized,0.000290427083989227,0.0003658787032478192,0.00018774507214500068,2.5254803778321664,2.5254803778321664,402.6844434665156,235,235,5.137778416000174,4,True,False,,ieee118,pypower,pypower.case118.case118,True,nonlinear_ac_state_estimation,653,235,nonlinear_ac_ieee118,0.002,0.1,0.0,0,5.0,weak_area,,402.6844434665156,nonlinear_bad_data_ratio_sweep_0p0_seed101,nonlinear_bad_data_ratio_sweep,scenario.bad_data.ratio,0.0,101
huber_irls,0.0002904270839893332,0.0003658787032479269,0.0001877450721451199,2.52548037783223,2.52548037783223,402.68444346652916,235,235,5.184296291999999,4,True,False,,ieee118,pypower,pypower.case118.case118,True,nonlinear_ac_state_estimation,653,235,nonlinear_ac_ieee118,0.002,0.1,0.0,0,5.0,weak_area,,402.68444346652916,nonlinear_bad_data_ratio_sweep_0p0_seed101,nonlinear_bad_data_ratio_sweep,scenario.bad_data.ratio,0.0,101
pseudoinverse,0.0003635601498764554,0.00037633634900814526,0.00035043263017589516,2.556341039110004,2.556341039110004,329.4186813651805,235,235,5.152782124999931,4,True,False,,ieee118,pypower,pypower.case118.case118,True,nonlinear_ac_state_estimation,653,235,nonlinear_ac_ieee118,0.002,0.1,0.0,0,5.0,weak_area,,329.4186813651805,nonlinear_bad_data_ratio_sweep_0p0_seed202,nonlinear_bad_data_ratio_sweep,scenario.bad_data.ratio,0.0,202
ridge,0.00036356014987654425,0.00037633634900823503,0.0003504326301759832,2.5563410391099928,2.5563410391099928,329.4186813651823,235,235,5.101398374999917,4,True,False,,ieee118,pypower,pypower.case118.case118,True,nonlinear_ac_state_estimation,653,235,nonlinear_ac_ieee118,0.002,0.1,0.0,0,5.0,weak_area,,329.4186813651823,nonlinear_bad_data_ratio_sweep_0p0_seed202,nonlinear_bad_data_ratio_sweep,scenario.bad_data.ratio,0.0,202
truncated_svd,0.00036356014987652685,0.0003763363490082169,0.00035043263017596655,2.556341039109937,2.556341039109937,329.4186813651824,235,235,5.188961374999963,4,True,False,,ieee118,pypower,pypower.case118.case118,True,nonlinear_ac_state_estimation,653,235,nonlinear_ac_ieee118,0.002,0.1,0.0,0,5.0,weak_area,,329.4186813651824,nonlinear_bad_data_ratio_sweep_0p0_seed202,nonlinear_bad_data_ratio_sweep,scenario.bad_data.ratio,0.0,202
qsvt_regularized,0.00036356014987654425,0.00037633634900823503,0.0003504326301759832,2.5563410391099928,2.5563410391099928,329.4186813651823,235,235,5.221684541999821,4,True,False,,ieee118,pypower,pypower.case118.case118,True,nonlinear_ac_state_estimation,653,235,nonlinear_ac_ieee118,0.002,0.1,0.0,0,5.0,weak_area,,329.4186813651823,nonlinear_bad_data_ratio_sweep_0p0_seed202,nonlinear_bad_data_ratio_sweep,scenario.bad_data.ratio,0.0,202
huber_irls,0.0003635601498765594,0.0003763363490082824,0.000350432630175964,2.556341039109957,2.556341039109957,329.41868136518303,235,235,5.127231459000086,4,True,False,,ieee118,pypower,pypower.case118.case118,True,nonlinear_ac_state_estimation,653,235,nonlinear_ac_ieee118,0.002,0.1,0.0,0,5.0,weak_area,,329.41868136518303,nonlinear_bad_data_ratio_sweep_0p0_seed202,nonlinear_bad_data_ratio_sweep,scenario.bad_data.ratio,0.0,202
pseudoinverse,0.00025729024196798734,0.00018497609224805628,0.0003129046942071938,2.394561108292972,2.394561108292972,439.3340409555103,235,235,5.096258207999881,4,True,False,,ieee118,pypower,pypower.case118.case118,True,nonlinear_ac_state_estimation,653,235,nonlinear_ac_ieee118,0.002,0.1,0.0,0,5.0,weak_area,,439.3340409555103,nonlinear_bad_data_ratio_sweep_0p0_seed303,nonlinear_bad_data_ratio_sweep,scenario.bad_data.ratio,0.0,303
ridge,0.0002572902419679873,0.0001849760922481233,0.0003129046942071543,2.3945611082929528,2.3945611082929528,439.33404095550935,235,235,5.079256624999971,4,True,False,,ieee118,pypower,pypower.case118.case118,True,nonlinear_ac_state_estimation,653,235,nonlinear_ac_ieee118,0.002,0.1,0.0,0,5.0,weak_area,,439.33404095550935,nonlinear_bad_data_ratio_sweep_0p0_seed303,nonlinear_bad_data_ratio_sweep,scenario.bad_data.ratio,0.0,303
truncated_svd,0.00025729024196812064,0.00018497609224806612,0.0003129046942074063,2.3945611082930744,2.3945611082930744,439.3340409555085,235,235,5.074949624999817,4,True,False,,ieee118,pypower,pypower.case118.case118,True,nonlinear_ac_state_estimation,653,235,nonlinear_ac_ieee118,0.002,0.1,0.0,0,5.0,weak_area,,439.3340409555085,nonlinear_bad_data_ratio_sweep_0p0_seed303,nonlinear_bad_data_ratio_sweep,scenario.bad_data.ratio,0.0,303
qsvt_regularized,0.0002572902419679873,0.0001849760922481233,0.0003129046942071543,2.3945611082929528,2.3945611082929528,439.33404095550935,235,235,5.133701249999831,4,True,False,,ieee118,pypower,pypower.case118.case118,True,nonlinear_ac_state_estimation,653,235,nonlinear_ac_ieee118,0.002,0.1,0.0,0,5.0,weak_area,,439.33404095550935,nonlinear_bad_data_ratio_sweep_0p0_seed303,nonlinear_bad_data_ratio_sweep,scenario.bad_data.ratio,0.0,303
huber_irls,0.00025729024196810026,0.0001849760922480968,0.000312904694207355,2.394561108293013,2.394561108293013,439.3340409555099,235,235,5.2023876250000285,4,True,False,,ieee118,pypower,pypower.case118.case118,True,nonlinear_ac_state_estimation,653,235,nonlinear_ac_ieee118,0.002,0.1,0.0,0,5.0,weak_area,,439.3340409555099,nonlinear_bad_data_ratio_sweep_0p0_seed303,nonlinear_bad_data_ratio_sweep,scenario.bad_data.ratio,0.0,303
pseudoinverse,0.00029802121344104206,0.00027533504943167363,0.00031892580157189167,2.479482264841878,2.479482264841878,430.94722542366253,235,235,5.111257333999902,4,True,False,,ieee118,pypower,pypower.case118.case118,True,nonlinear_ac_state_estimation,653,235,nonlinear_ac_ieee118,0.002,0.1,0.0,0,5.0,weak_area,,430.94722542366253,nonlinear_bad_data_ratio_sweep_0p0_seed404,nonlinear_bad_data_ratio_sweep,scenario.bad_data.ratio,0.0,404
ridge,0.000298021213441044,0.00027533504943164354,0.00031892580157192105,2.479482264841832,2.479482264841832,430.9472254236568,235,235,5.088947125000004,4,True,False,,ieee118,pypower,pypower.case118.case118,True,nonlinear_ac_state_estimation,653,235,nonlinear_ac_ieee118,0.002,0.1,0.0,0,5.0,weak_area,,430.9472254236568,nonlinear_bad_data_ratio_sweep_0p0_seed404,nonlinear_bad_data_ratio_sweep,scenario.bad_data.ratio,0.0,404
truncated_svd,0.00029802121344106456,0.0002753350494316831,0.00031892580157192533,2.479482264841895,2.479482264841895,430.94722542366475,235,235,5.074349624999968,4,True,False,,ieee118,pypower,pypower.case118.case118,True,nonlinear_ac_state_estimation,653,235,nonlinear_ac_ieee118,0.002,0.1,0.0,0,5.0,weak_area,,430.94722542366475,nonlinear_bad_data_ratio_sweep_0p0_seed404,nonlinear_bad_data_ratio_sweep,scenario.bad_data.ratio,0.0,404
qsvt_regularized,0.000298021213441044,0.00027533504943164354,0.00031892580157192105,2.479482264841832,2.479482264841832,430.9472254236568,235,235,5.177693457999794,4,True,False,,ieee118,pypower,pypower.case118.case118,True,nonlinear_ac_state_estimation,653,235,nonlinear_ac_ieee118,0.002,0.1,0.0,0,5.0,weak_area,,430.9472254236568,nonlinear_bad_data_ratio_sweep_0p0_seed404,nonlinear_bad_data_ratio_sweep,scenario.bad_data.ratio,0.0,404
huber_irls,0.000298021213440987,0.0002753350494315816,0.00031892580157186803,2.479482264841887,2.479482264841887,430.94722542366424,235,235,5.102209041999686,4,True,False,,ieee118,pypower,pypower.case118.case118,True,nonlinear_ac_state_estimation,653,235,nonlinear_ac_ieee118,0.002,0.1,0.0,0,5.0,weak_area,,430.94722542366424,nonlinear_bad_data_ratio_sweep_0p0_seed404,nonlinear_bad_data_ratio_sweep,scenario.bad_data.ratio,0.0,404
pseudoinverse,0.00040218072403152633,0.00044972969162642063,0.0003486906330836979,2.398629717732409,2.398629717732409,308.67625630656295,235,235,5.188219666999885,4,True,False,,ieee118,pypower,pypower.case118.case118,True,nonlinear_ac_state_estimation,653,235,nonlinear_ac_ieee118,0.002,0.1,0.0,0,5.0,weak_area,,308.67625630656295,nonlinear_bad_data_ratio_sweep_0p0_seed505,nonlinear_bad_data_ratio_sweep,scenario.bad_data.ratio,0.0,505
ridge,0.000402180724031453,0.0004497296916262632,0.00034869063308373075,2.398629717732429,2.398629717732429,308.67625630656477,235,235,5.073972167000193,4,True,False,,ieee118,pypower,pypower.case118.case118,True,nonlinear_ac_state_estimation,653,235,nonlinear_ac_ieee118,0.002,0.1,0.0,0,5.0,weak_area,,308.67625630656477,nonlinear_bad_data_ratio_sweep_0p0_seed505,nonlinear_bad_data_ratio_sweep,scenario.bad_data.ratio,0.0,505
truncated_svd,0.00040218072403156796,0.0004497296916264843,0.00034869063308371216,2.3986297177323648,2.3986297177323648,308.6762563065642,235,235,5.069822042000396,4,True,False,,ieee118,pypower,pypower.case118.case118,True,nonlinear_ac_state_estimation,653,235,nonlinear_ac_ieee118,0.002,0.1,0.0,0,5.0,weak_area,,308.6762563065642,nonlinear_bad_data_ratio_sweep_0p0_seed505,nonlinear_bad_data_ratio_sweep,scenario.bad_data.ratio,0.0,505
qsvt_regularized,0.000402180724031453,0.0004497296916262632,0.00034869063308373075,2.398629717732429,2.398629717732429,308.67625630656477,235,235,5.175555082999836,4,True,False,,ieee118,pypower,pypower.case118.case118,True,nonlinear_ac_state_estimation,653,235,nonlinear_ac_ieee118,0.002,0.1,0.0,0,5.0,weak_area,,308.67625630656477,nonlinear_bad_data_ratio_sweep_0p0_seed505,nonlinear_bad_data_ratio_sweep,scenario.bad_data.ratio,0.0,505
huber_irls,0.0004021807240315383,0.0004497296916264553,0.0003486906330836811,2.3986297177323572,2.3986297177323572,308.67625630656374,235,235,5.195819666999796,4,True,False,,ieee118,pypower,pypower.case118.case118,True,nonlinear_ac_state_estimation,653,235,nonlinear_ac_ieee118,0.002,0.1,0.0,0,5.0,weak_area,,308.67625630656374,nonlinear_bad_data_ratio_sweep_0p0_seed505,nonlinear_bad_data_ratio_sweep,scenario.bad_data.ratio,0.0,505
pseudoinverse,0.0002852439681924856,0.0003057677006660008,0.00026331948395757977,2.3976022081191664,2.3976022081191664,427.8007499205256,235,235,5.13391566700011,4,True,False,,ieee118,pypower,pypower.case118.case118,True,nonlinear_ac_state_estimation,653,235,nonlinear_ac_ieee118,0.002,0.1,0.0,0,5.0,weak_area,,427.8007499205256,nonlinear_bad_data_ratio_sweep_0p0_seed606,nonlinear_bad_data_ratio_sweep,scenario.bad_data.ratio,0.0,606
ridge,0.00028524396819248215,0.0003057677006660315,0.0002633194839575368,2.3976022081191535,2.3976022081191535,427.80074992052494,235,235,5.189566042000024,4,True,False,,ieee118,pypower,pypower.case118.case118,True,nonlinear_ac_state_estimation,653,235,nonlinear_ac_ieee118,0.002,0.1,0.0,0,5.0,weak_area,,427.80074992052494,nonlinear_bad_data_ratio_sweep_0p0_seed606,nonlinear_bad_data_ratio_sweep,scenario.bad_data.ratio,0.0,606
truncated_svd,0.00028524396819248486,0.00030576770066602604,0.000263319483957549,2.397602208119106,2.397602208119106,427.8007499205245,235,235,5.136090041999978,4,True,False,,ieee118,pypower,pypower.case118.case118,True,nonlinear_ac_state_estimation,653,235,nonlinear_ac_ieee118,0.002,0.1,0.0,0,5.0,weak_area,,427.8007499205245,nonlinear_bad_data_ratio_sweep_0p0_seed606,nonlinear_bad_data_ratio_sweep,scenario.bad_data.ratio,0.0,606
qsvt_regularized,0.00028524396819248215,0.0003057677006660315,0.0002633194839575368,2.3976022081191535,2.3976022081191535,427.80074992052494,235,235,5.118710834000012,4,True,False,,ieee118,pypower,pypower.case118.case118,True,nonlinear_ac_state_estimation,653,235,nonlinear_ac_ieee118,0.002,0.1,0.0,0,5.0,weak_area,,427.80074992052494,nonlinear_bad_data_ratio_sweep_0p0_seed606,nonlinear_bad_data_ratio_sweep,scenario.bad_data.ratio,0.0,606
huber_irls,0.00028524396819248795,0.0003057677006660121,0.0002633194839575716,2.3976022081191424,2.3976022081191424,427.80074992052363,235,235,5.161234666999917,4,True,False,,ieee118,pypower,pypower.case118.case118,True,nonlinear_ac_state_estimation,653,235,nonlinear_ac_ieee118,0.002,0.1,0.0,0,5.0,weak_area,,427.80074992052363,nonlinear_bad_data_ratio_sweep_0p0_seed606,nonlinear_bad_data_ratio_sweep,scenario.bad_data.ratio,0.0,606
pseudoinverse,0.00033111496096166015,0.00028218249259360085,0.0003733536557260116,2.5063427969080387,2.5063427969080387,478.4676160175509,235,235,5.224667249999584,4,True,False,,ieee118,pypower,pypower.case118.case118,True,nonlinear_ac_state_estimation,653,235,nonlinear_ac_ieee118,0.002,0.1,0.0,0,5.0,weak_area,,478.4676160175509,nonlinear_bad_data_ratio_sweep_0p0_seed707,nonlinear_bad_data_ratio_sweep,scenario.bad_data.ratio,0.0,707
ridge,0.0003311149609616599,0.0002821824925936788,0.00037335365572595274,2.5063427969080907,2.5063427969080907,478.4676160175517,235,235,5.092038750000029,4,True,False,,ieee118,pypower,pypower.case118.case118,True,nonlinear_ac_state_estimation,653,235,nonlinear_ac_ieee118,0.002,0.1,0.0,0,5.0,weak_area,,478.4676160175517,nonlinear_bad_data_ratio_sweep_0p0_seed707,nonlinear_bad_data_ratio_sweep,scenario.bad_data.ratio,0.0,707
truncated_svd,0.0003311149609616706,0.00028218249259359576,0.00037335365572603395,2.506342796908023,2.506342796908023,478.46761601755117,235,235,5.1495258750001085,4,True,False,,ieee118,pypower,pypower.case118.case118,True,nonlinear_ac_state_estimation,653,235,nonlinear_ac_ieee118,0.002,0.1,0.0,0,5.0,weak_area,,478.46761601755117,nonlinear_bad_data_ratio_sweep_0p0_seed707,nonlinear_bad_data_ratio_sweep,scenario.bad_data.ratio,0.0,707
qsvt_regularized,0.0003311149609616599,0.0002821824925936788,0.00037335365572595274,2.5063427969080907,2.5063427969080907,478.4676160175517,235,235,5.100100500000281,4,True,False,,ieee118,pypower,pypower.case118.case118,True,nonlinear_ac_state_estimation,653,235,nonlinear_ac_ieee118,0.002,0.1,0.0,0,5.0,weak_area,,478.4676160175517,nonlinear_bad_data_ratio_sweep_0p0_seed707,nonlinear_bad_data_ratio_sweep,scenario.bad_data.ratio,0.0,707
huber_irls,0.0003311149609616831,0.00028218249259358047,0.00037335365572606735,2.506342796908036,2.506342796908036,478.4676160175516,235,235,5.101252958000259,4,True,False,,ieee118,pypower,pypower.case118.case118,True,nonlinear_ac_state_estimation,653,235,nonlinear_ac_ieee118,0.002,0.1,0.0,0,5.0,weak_area,,478.4676160175516,nonlinear_bad_data_ratio_sweep_0p0_seed707,nonlinear_bad_data_ratio_sweep,scenario.bad_data.ratio,0.0,707
pseudoinverse,0.0003810836952943919,0.00039135948997457717,0.00037061379078449306,2.435362947640824,2.435362947640824,305.45387101496266,235,235,5.191695999999865,4,True,False,,ieee118,pypower,pypower.case118.case118,True,nonlinear_ac_state_estimation,653,235,nonlinear_ac_ieee118,0.002,0.1,0.0,0,5.0,weak_area,,305.45387101496266,nonlinear_bad_data_ratio_sweep_0p0_seed808,nonlinear_bad_data_ratio_sweep,scenario.bad_data.ratio,0.0,808
ridge,0.00038108369529443715,0.0003913594899746325,0.00037061379078452786,2.435362947640828,2.435362947640828,305.45387101496294,235,235,5.169063374999951,4,True,False,,ieee118,pypower,pypower.case118.case118,True,nonlinear_ac_state_estimation,653,235,nonlinear_ac_ieee118,0.002,0.1,0.0,0,5.0,weak_area,,305.45387101496294,nonlinear_bad_data_ratio_sweep_0p0_seed808,nonlinear_bad_data_ratio_sweep,scenario.bad_data.ratio,0.0,808
truncated_svd,0.00038108369529437464,0.00039135948997457955,0.0003706137907844553,2.4353629476408982,2.4353629476408982,305.45387101496374,235,235,5.190032958000302,4,True,False,,ieee118,pypower,pypower.case118.case118,True,nonlinear_ac_state_estimation,653,235,nonlinear_ac_ieee118,0.002,0.1,0.0,0,5.0,weak_area,,305.45387101496374,nonlinear_bad_data_ratio_sweep_0p0_seed808,nonlinear_bad_data_ratio_sweep,scenario.bad_data.ratio,0.0,808
qsvt_regularized,0.00038108369529443715,0.0003913594899746325,0.00037061379078452786,2.435362947640828,2.435362947640828,305.45387101496294,235,235,5.115629958999762,4,True,False,,ieee118,pypower,pypower.case118.case118,True,nonlinear_ac_state_estimation,653,235,nonlinear_ac_ieee118,0.002,0.1,0.0,0,5.0,weak_area,,305.45387101496294,nonlinear_bad_data_ratio_sweep_0p0_seed808,nonlinear_bad_data_ratio_sweep,scenario.bad_data.ratio,0.0,808
huber_irls,0.0003810836952942962,0.00039135948997447953,0.00037061379078439933,2.4353629476408574,2.4353629476408574,305.45387101496414,235,235,5.178650041999845,4,True,False,,ieee118,pypower,pypower.case118.case118,True,nonlinear_ac_state_estimation,653,235,nonlinear_ac_ieee118,0.002,0.1,0.0,0,5.0,weak_area,,305.45387101496414,nonlinear_bad_data_ratio_sweep_0p0_seed808,nonlinear_bad_data_ratio_sweep,scenario.bad_data.ratio,0.0,808
pseudoinverse,0.0004895159100768993,0.0004342448495232453,0.0005387488975870117,2.361653267902252,2.361653267902252,422.3032653668602,235,235,5.189519707999807,4,True,False,,ieee118,pypower,pypower.case118.case118,True,nonlinear_ac_state_estimation,653,235,nonlinear_ac_ieee118,0.002,0.1,0.0,0,5.0,weak_area,,422.3032653668602,nonlinear_bad_data_ratio_sweep_0p0_seed909,nonlinear_bad_data_ratio_sweep,scenario.bad_data.ratio,0.0,909
ridge,0.0004895159100768792,0.0004342448495232814,0.0005387488975869464,2.3616532679022306,2.3616532679022306,422.303265366857,235,235,5.1068960829998105,4,True,False,,ieee118,pypower,pypower.case118.case118,True,nonlinear_ac_state_estimation,653,235,nonlinear_ac_ieee118,0.002,0.1,0.0,0,5.0,weak_area,,422.303265366857,nonlinear_bad_data_ratio_sweep_0p0_seed909,nonlinear_bad_data_ratio_sweep,scenario.bad_data.ratio,0.0,909
truncated_svd,0.0004895159100768241,0.0004342448495231605,0.0005387488975869432,2.36165326790224,2.36165326790224,422.303265366859,235,235,5.078230500000245,4,True,False,,ieee118,pypower,pypower.case118.case118,True,nonlinear_ac_state_estimation,653,235,nonlinear_ac_ieee118,0.002,0.1,0.0,0,5.0,weak_area,,422.303265366859,nonlinear_bad_data_ratio_sweep_0p0_seed909,nonlinear_bad_data_ratio_sweep,scenario.bad_data.ratio,0.0,909
qsvt_regularized,0.0004895159100768792,0.0004342448495232814,0.0005387488975869464,2.3616532679022306,2.3616532679022306,422.303265366857,235,235,5.101424958999814,4,True,False,,ieee118,pypower,pypower.case118.case118,True,nonlinear_ac_state_estimation,653,235,nonlinear_ac_ieee118,0.002,0.1,0.0,0,5.0,weak_area,,422.303265366857,nonlinear_bad_data_ratio_sweep_0p0_seed909,nonlinear_bad_data_ratio_sweep,scenario.bad_data.ratio,0.0,909
huber_irls,0.0004895159100768625,0.00043424484952323336,0.0005387488975869548,2.361653267902252,2.361653267902252,422.30326536685976,235,235,5.172208333000071,4,True,False,,ieee118,pypower,pypower.case118.case118,True,nonlinear_ac_state_estimation,653,235,nonlinear_ac_ieee118,0.002,0.1,0.0,0,5.0,weak_area,,422.30326536685976,nonlinear_bad_data_ratio_sweep_0p0_seed909,nonlinear_bad_data_ratio_sweep,scenario.bad_data.ratio,0.0,909
pseudoinverse,0.0002850204047973689,0.0002793668616173601,0.0002905174321058278,2.5892835856513456,2.5892835856513456,381.8402978317301,235,235,5.196677417000046,4,True,False,,ieee118,pypower,pypower.case118.case118,True,nonlinear_ac_state_estimation,653,235,nonlinear_ac_ieee118,0.002,0.1,0.0,0,5.0,weak_area,,381.8402978317301,nonlinear_bad_data_ratio_sweep_0p0_seed1001,nonlinear_bad_data_ratio_sweep,scenario.bad_data.ratio,0.0,1001
ridge,0.00028502040479726356,0.00027936686161732487,0.00029051743210565547,2.589283585651322,2.589283585651322,381.8402978317075,235,235,5.140714499999831,4,True,False,,ieee118,pypower,pypower.case118.case118,True,nonlinear_ac_state_estimation,653,235,nonlinear_ac_ieee118,0.002,0.1,0.0,0,5.0,weak_area,,381.8402978317075,nonlinear_bad_data_ratio_sweep_0p0_seed1001,nonlinear_bad_data_ratio_sweep,scenario.bad_data.ratio,0.0,1001
truncated_svd,0.00028502040479736206,0.00027936686161734976,0.00029051743210582417,2.5892835856513146,2.5892835856513146,381.8402978317306,235,235,5.0993068329999005,4,True,False,,ieee118,pypower,pypower.case118.case118,True,nonlinear_ac_state_estimation,653,235,nonlinear_ac_ieee118,0.002,0.1,0.0,0,5.0,weak_area,,381.8402978317306,nonlinear_bad_data_ratio_sweep_0p0_seed1001,nonlinear_bad_data_ratio_sweep,scenario.bad_data.ratio,0.0,1001
qsvt_regularized,0.00028502040479726356,0.00027936686161732487,0.00029051743210565547,2.589283585651322,2.589283585651322,381.8402978317075,235,235,5.089659374999883,4,True,False,,ieee118,pypower,pypower.case118.case118,True,nonlinear_ac_state_estimation,653,235,nonlinear_ac_ieee118,0.002,0.1,0.0,0,5.0,weak_area,,381.8402978317075,nonlinear_bad_data_ratio_sweep_0p0_seed1001,nonlinear_bad_data_ratio_sweep,scenario.bad_data.ratio,0.0,1001
huber_irls,0.0002850204047973541,0.0002793668616173607,0.00029051743210579815,2.5892835856513066,2.5892835856513066,381.8402978317287,235,235,5.109440125000219,4,True,False,,ieee118,pypower,pypower.case118.case118,True,nonlinear_ac_state_estimation,653,235,nonlinear_ac_ieee118,0.002,0.1,0.0,0,5.0,weak_area,,381.8402978317287,nonlinear_bad_data_ratio_sweep_0p0_seed1001,nonlinear_bad_data_ratio_sweep,scenario.bad_data.ratio,0.0,1001
pseudoinverse,0.0010033410036594786,0.00040088882291254314,0.0013584937091062877,8.973086190652925,8.973086190652925,397.9704647695169,235,235,5.098835750000035,4,True,False,,ieee118,pypower,pypower.case118.case118,True,nonlinear_ac_state_estimation,653,235,nonlinear_ac_ieee118,0.002,0.1,0.05,3,5.0,weak_area,,397.9704647695169,nonlinear_bad_data_ratio_sweep_0p05_seed101,nonlinear_bad_data_ratio_sweep,scenario.bad_data.ratio,0.05,101
ridge,0.0010033410036595367,0.00040088882291252156,0.0013584937091063796,8.973086190652912,8.973086190652912,397.9704647694866,235,235,5.079068208000081,4,True,False,,ieee118,pypower,pypower.case118.case118,True,nonlinear_ac_state_estimation,653,235,nonlinear_ac_ieee118,0.002,0.1,0.05,3,5.0,weak_area,,397.9704647694866,nonlinear_bad_data_ratio_sweep_0p05_seed101,nonlinear_bad_data_ratio_sweep,scenario.bad_data.ratio,0.05,101
truncated_svd,0.0010033410036594816,0.00040088882291252525,0.0013584937091062977,8.973086190652939,8.973086190652939,397.97046476952363,235,235,5.072413124999912,4,True,False,,ieee118,pypower,pypower.case118.case118,True,nonlinear_ac_state_estimation,653,235,nonlinear_ac_ieee118,0.002,0.1,0.05,3,5.0,weak_area,,397.97046476952363,nonlinear_bad_data_ratio_sweep_0p05_seed101,nonlinear_bad_data_ratio_sweep,scenario.bad_data.ratio,0.05,101
qsvt_regularized,0.0010033410036595367,0.00040088882291252156,0.0013584937091063796,8.973086190652912,8.973086190652912,397.9704647694866,235,235,5.0732855420001215,4,True,False,,ieee118,pypower,pypower.case118.case118,True,nonlinear_ac_state_estimation,653,235,nonlinear_ac_ieee118,0.002,0.1,0.05,3,5.0,weak_area,,397.9704647694866,nonlinear_bad_data_ratio_sweep_0p05_seed101,nonlinear_bad_data_ratio_sweep,scenario.bad_data.ratio,0.05,101
huber_irls,0.00043572198970428253,0.00037456704602759603,0.0004888628544362827,8.9975825249255,8.9975825249255,401.2107483598391,235,235,5.217933082999934,4,True,False,,ieee118,pypower,pypower.case118.case118,True,nonlinear_ac_state_estimation,653,235,nonlinear_ac_ieee118,0.002,0.1,0.05,3,5.0,weak_area,,401.2107483598391,nonlinear_bad_data_ratio_sweep_0p05_seed101,nonlinear_bad_data_ratio_sweep,scenario.bad_data.ratio,0.05,101
pseudoinverse,0.0037278518666725496,0.004537613368252267,0.002694539814073344,7.436651222536472,7.436651222536472,330.24050764129674,235,235,6.246953208999912,5,True,False,,ieee118,pypower,pypower.case118.case118,True,nonlinear_ac_state_estimation,653,235,nonlinear_ac_ieee118,0.002,0.1,0.05,3,5.0,weak_area,,330.24050764129674,nonlinear_bad_data_ratio_sweep_0p05_seed202,nonlinear_bad_data_ratio_sweep,scenario.bad_data.ratio,0.05,202
ridge,0.003727851866672534,0.004537613368252286,0.002694539814073269,7.436651222536469,7.436651222536469,330.2405076412985,235,235,6.242303209000056,5,True,False,,ieee118,pypower,pypower.case118.case118,True,nonlinear_ac_state_estimation,653,235,nonlinear_ac_ieee118,0.002,0.1,0.05,3,5.0,weak_area,,330.2405076412985,nonlinear_bad_data_ratio_sweep_0p05_seed202,nonlinear_bad_data_ratio_sweep,scenario.bad_data.ratio,0.05,202
truncated_svd,0.003727851866672542,0.0045376133682522605,0.0026945398140733328,7.436651222536485,7.436651222536485,330.2405076412966,235,235,6.222271333999743,5,True,False,,ieee118,pypower,pypower.case118.case118,True,nonlinear_ac_state_estimation,653,235,nonlinear_ac_ieee118,0.002,0.1,0.05,3,5.0,weak_area,,330.2405076412966,nonlinear_bad_data_ratio_sweep_0p05_seed202,nonlinear_bad_data_ratio_sweep,scenario.bad_data.ratio,0.05,202
qsvt_regularized,0.003727851866672534,0.004537613368252286,0.002694539814073269,7.436651222536469,7.436651222536469,330.2405076412985,235,235,6.276293916999748,5,True,False,,ieee118,pypower,pypower.case118.case118,True,nonlinear_ac_state_estimation,653,235,nonlinear_ac_ieee118,0.002,0.1,0.05,3,5.0,weak_area,,330.2405076412985,nonlinear_bad_data_ratio_sweep_0p05_seed202,nonlinear_bad_data_ratio_sweep,scenario.bad_data.ratio,0.05,202
huber_irls,0.0024634786753201755,0.0031415943308543545,0.00151659168567016,7.721698785435533,7.721698785435533,330.05637767774135,235,235,6.715833374999875,5,True,False,,ieee118,pypower,pypower.case118.case118,True,nonlinear_ac_state_estimation,653,235,nonlinear_ac_ieee118,0.002,0.1,0.05,3,5.0,weak_area,,330.05637767774135,nonlinear_bad_data_ratio_sweep_0p05_seed202,nonlinear_bad_data_ratio_sweep,scenario.bad_data.ratio,0.05,202
pseudoinverse,0.0007845172189924595,0.001034434225795117,0.00040587288361752425,8.592894755355882,8.592894755355882,440.2502132803552,235,235,5.180686124999738,4,True,False,,ieee118,pypower,pypower.case118.case118,True,nonlinear_ac_state_estimation,653,235,nonlinear_ac_ieee118,0.002,0.1,0.05,3,5.0,weak_area,,440.2502132803552,nonlinear_bad_data_ratio_sweep_0p05_seed303,nonlinear_bad_data_ratio_sweep,scenario.bad_data.ratio,0.05,303
ridge,0.0007845172189924218,0.0010344342257950817,0.000405872883617469,8.592894755355866,8.592894755355866,440.25021328033927,235,235,5.133265082999969,4,True,False,,ieee118,pypower,pypower.case118.case118,True,nonlinear_ac_state_estimation,653,235,nonlinear_ac_ieee118,0.002,0.1,0.05,3,5.0,weak_area,,440.25021328033927,nonlinear_bad_data_ratio_sweep_0p05_seed303,nonlinear_bad_data_ratio_sweep,scenario.bad_data.ratio,0.05,303
truncated_svd,0.0007845172189924618,0.001034434225795123,0.00040587288361751883,8.59289475535586,8.59289475535586,440.25021328035115,235,235,5.198869084000307,4,True,False,,ieee118,pypower,pypower.case118.case118,True,nonlinear_ac_state_estimation,653,235,nonlinear_ac_ieee118,0.002,0.1,0.05,3,5.0,weak_area,,440.25021328035115,nonlinear_bad_data_ratio_sweep_0p05_seed303,nonlinear_bad_data_ratio_sweep,scenario.bad_data.ratio,0.05,303
qsvt_regularized,0.0007845172189924218,0.0010344342257950817,0.000405872883617469,8.592894755355866,8.592894755355866,440.25021328033927,235,235,5.097929999999906,4,True,False,,ieee118,pypower,pypower.case118.case118,True,nonlinear_ac_state_estimation,653,235,nonlinear_ac_ieee118,0.002,0.1,0.05,3,5.0,weak_area,,440.25021328033927,nonlinear_bad_data_ratio_sweep_0p05_seed303,nonlinear_bad_data_ratio_sweep,scenario.bad_data.ratio,0.05,303
huber_irls,0.00036924022745919174,0.00043341133355321215,0.00029200651948534394,8.754708242786986,8.754708242786986,439.7028074051953,235,235,5.31578166700001,4,True,False,,ieee118,pypower,pypower.case118.case118,True,nonlinear_ac_state_estimation,653,235,nonlinear_ac_ieee118,0.002,0.1,0.05,3,5.0,weak_area,,439.7028074051953,nonlinear_bad_data_ratio_sweep_0p05_seed303,nonlinear_bad_data_ratio_sweep,scenario.bad_data.ratio,0.05,303
pseudoinverse,0.003889561422176985,0.0018262000123023564,0.005179036896454992,7.634457971445752,7.634457971445752,427.22589746301713,235,235,6.163074417000189,5,True,False,,ieee118,pypower,pypower.case118.case118,True,nonlinear_ac_state_estimation,653,235,nonlinear_ac_ieee118,0.002,0.1,0.05,3,5.0,weak_area,,427.22589746301713,nonlinear_bad_data_ratio_sweep_0p05_seed404,nonlinear_bad_data_ratio_sweep,scenario.bad_data.ratio,0.05,404
ridge,0.0038895614221768665,0.0018262000123022435,0.0051790368964548545,7.634457971445802,7.634457971445802,427.2258974630163,235,235,6.139241166999909,5,True,False,,ieee118,pypower,pypower.case118.case118,True,nonlinear_ac_state_estimation,653,235,nonlinear_ac_ieee118,0.002,0.1,0.05,3,5.0,weak_area,,427.2258974630163,nonlinear_bad_data_ratio_sweep_0p05_seed404,nonlinear_bad_data_ratio_sweep,scenario.bad_data.ratio,0.05,404
truncated_svd,0.0038895614221770534,0.001826200012302376,0.005179036896455088,7.634457971445763,7.634457971445763,427.22589746301935,235,235,6.140104374999737,5,True,False,,ieee118,pypower,pypower.case118.case118,True,nonlinear_ac_state_estimation,653,235,nonlinear_ac_ieee118,0.002,0.1,0.05,3,5.0,weak_area,,427.22589746301935,nonlinear_bad_data_ratio_sweep_0p05_seed404,nonlinear_bad_data_ratio_sweep,scenario.bad_data.ratio,0.05,404
qsvt_regularized,0.0038895614221768665,0.0018262000123022435,0.0051790368964548545,7.634457971445802,7.634457971445802,427.2258974630163,235,235,6.144911083000352,5,True,False,,ieee118,pypower,pypower.case118.case118,True,nonlinear_ac_state_estimation,653,235,nonlinear_ac_ieee118,0.002,0.1,0.05,3,5.0,weak_area,,427.2258974630163,nonlinear_bad_data_ratio_sweep_0p05_seed404,nonlinear_bad_data_ratio_sweep,scenario.bad_data.ratio,0.05,404
huber_irls,0.0024750125511934277,0.0012774647586086426,0.0032529025874200404,7.924150941278339,7.924150941278339,428.3401969034028,235,235,6.641865125000095,5,True,False,,ieee118,pypower,pypower.case118.case118,True,nonlinear_ac_state_estimation,653,235,nonlinear_ac_ieee118,0.002,0.1,0.05,3,5.0,weak_area,,428.3401969034028,nonlinear_bad_data_ratio_sweep_0p05_seed404,nonlinear_bad_data_ratio_sweep,scenario.bad_data.ratio,0.05,404
pseudoinverse,0.002241058303083941,0.0030199583982567,0.0009794197677209804,8.266441158290677,8.266441158290677,309.32832287306314,235,235,5.206632417000037,4,True,False,,ieee118,pypower,pypower.case118.case118,True,nonlinear_ac_state_estimation,653,235,nonlinear_ac_ieee118,0.002,0.1,0.05,3,5.0,weak_area,,309.32832287306314,nonlinear_bad_data_ratio_sweep_0p05_seed505,nonlinear_bad_data_ratio_sweep,scenario.bad_data.ratio,0.05,505
ridge,0.0022410583030837905,0.003019958398256549,0.000979419767720756,8.266441158290679,8.266441158290679,309.3283228730819,235,235,5.087796834000073,4,True,False,,ieee118,pypower,pypower.case118.case118,True,nonlinear_ac_state_estimation,653,235,nonlinear_ac_ieee118,0.002,0.1,0.05,3,5.0,weak_area,,309.3283228730819,nonlinear_bad_data_ratio_sweep_0p05_seed505,nonlinear_bad_data_ratio_sweep,scenario.bad_data.ratio,0.05,505
truncated_svd,0.0022410583030839223,0.0030199583982566756,0.0009794197677209702,8.266441158290679,8.266441158290679,309.32832287306167,235,235,5.095701790999556,4,True,False,,ieee118,pypower,pypower.case118.case118,True,nonlinear_ac_state_estimation,653,235,nonlinear_ac_ieee118,0.002,0.1,0.05,3,5.0,weak_area,,309.32832287306167,nonlinear_bad_data_ratio_sweep_0p05_seed505,nonlinear_bad_data_ratio_sweep,scenario.bad_data.ratio,0.05,505
qsvt_regularized,0.0022410583030837905,0.003019958398256549,0.000979419767720756,8.266441158290679,8.266441158290679,309.3283228730819,235,235,5.155225834000248,4,True,False,,ieee118,pypower,pypower.case118.case118,True,nonlinear_ac_state_estimation,653,235,nonlinear_ac_ieee118,0.002,0.1,0.05,3,5.0,weak_area,,309.3283228730819,nonlinear_bad_data_ratio_sweep_0p05_seed505,nonlinear_bad_data_ratio_sweep,scenario.bad_data.ratio,0.05,505
huber_irls,0.0009224355814054452,0.0012182257456006267,0.0004722995069696611,8.547321062276836,8.547321062276836,308.87611886620044,235,235,5.428729208000277,4,True,False,,ieee118,pypower,pypower.case118.case118,True,nonlinear_ac_state_estimation,653,235,nonlinear_ac_ieee118,0.002,0.1,0.05,3,5.0,weak_area,,308.87611886620044,nonlinear_bad_data_ratio_sweep_0p05_seed505,nonlinear_bad_data_ratio_sweep,scenario.bad_data.ratio,0.05,505
pseudoinverse,0.0022614781352021194,0.0010810453063768836,0.0030044084713345097,8.190024641199045,8.190024641199045,427.7829002912757,235,235,7.461220959000002,6,True,False,,ieee118,pypower,pypower.case118.case118,True,nonlinear_ac_state_estimation,653,235,nonlinear_ac_ieee118,0.002,0.1,0.05,3,5.0,weak_area,,427.7829002912757,nonlinear_bad_data_ratio_sweep_0p05_seed606,nonlinear_bad_data_ratio_sweep,scenario.bad_data.ratio,0.05,606
ridge,0.002261478135202163,0.0010810453063769122,0.003004408471334565,8.19002464119904,8.19002464119904,427.7829002912766,235,235,7.422006291999878,6,True,False,,ieee118,pypower,pypower.case118.case118,True,nonlinear_ac_state_estimation,653,235,nonlinear_ac_ieee118,0.002,0.1,0.05,3,5.0,weak_area,,427.7829002912766,nonlinear_bad_data_ratio_sweep_0p05_seed606,nonlinear_bad_data_ratio_sweep,scenario.bad_data.ratio,0.05,606
truncated_svd,0.0022614781352020947,0.0010810453063768667,0.0030044084713344785,8.190024641199066,8.190024641199066,427.7829002912778,235,235,7.40183854199995,6,True,False,,ieee118,pypower,pypower.case118.case118,True,nonlinear_ac_state_estimation,653,235,nonlinear_ac_ieee118,0.002,0.1,0.05,3,5.0,weak_area,,427.7829002912778,nonlinear_bad_data_ratio_sweep_0p05_seed606,nonlinear_bad_data_ratio_sweep,scenario.bad_data.ratio,0.05,606
qsvt_regularized,0.002261478135202163,0.0010810453063769122,0.003004408471334565,8.19002464119904,8.19002464119904,427.7829002912766,235,235,7.403590708999673,6,True,False,,ieee118,pypower,pypower.case118.case118,True,nonlinear_ac_state_estimation,653,235,nonlinear_ac_ieee118,0.002,0.1,0.05,3,5.0,weak_area,,427.7829002912766,nonlinear_bad_data_ratio_sweep_0p05_seed606,nonlinear_bad_data_ratio_sweep,scenario.bad_data.ratio,0.05,606
huber_irls,0.0009543029948564808,0.0005245301654185156,0.0012413180077102447,8.496537077916111,8.496537077916111,427.79362720671844,235,235,5.372606583000106,4,True,False,,ieee118,pypower,pypower.case118.case118,True,nonlinear_ac_state_estimation,653,235,nonlinear_ac_ieee118,0.002,0.1,0.05,3,5.0,weak_area,,427.79362720671844,nonlinear_bad_data_ratio_sweep_0p05_seed606,nonlinear_bad_data_ratio_sweep,scenario.bad_data.ratio,0.05,606
pseudoinverse,0.004712626624674943,0.0014306321432332452,0.0064961623650483715,8.327707407613238,8.327707407613238,491.72952210343897,235,235,6.272231458000078,5,True,False,,ieee118,pypower,pypower.case118.case118,True,nonlinear_ac_state_estimation,653,235,nonlinear_ac_ieee118,0.002,0.1,0.05,3,5.0,weak_area,,491.72952210343897,nonlinear_bad_data_ratio_sweep_0p05_seed707,nonlinear_bad_data_ratio_sweep,scenario.bad_data.ratio,0.05,707
ridge,0.00471262662467476,0.001430632143233237,0.006496162365048108,8.327707407613255,8.327707407613255,491.7295221034132,235,235,6.267597708000267,5,True,False,,ieee118,pypower,pypower.case118.case118,True,nonlinear_ac_state_estimation,653,235,nonlinear_ac_ieee118,0.002,0.1,0.05,3,5.0,weak_area,,491.7295221034132,nonlinear_bad_data_ratio_sweep_0p05_seed707,nonlinear_bad_data_ratio_sweep,scenario.bad_data.ratio,0.05,707
truncated_svd,0.004712626624674862,0.0014306321432331816,0.006496162365048266,8.327707407613236,8.327707407613236,491.7295221034404,235,235,6.314932666000004,5,True,False,,ieee118,pypower,pypower.case118.case118,True,nonlinear_ac_state_estimation,653,235,nonlinear_ac_ieee118,0.002,0.1,0.05,3,5.0,weak_area,,491.7295221034404,nonlinear_bad_data_ratio_sweep_0p05_seed707,nonlinear_bad_data_ratio_sweep,scenario.bad_data.ratio,0.05,707
qsvt_regularized,0.00471262662467476,0.001430632143233237,0.006496162365048108,8.327707407613255,8.327707407613255,491.7295221034132,235,235,6.283935250000013,5,True,False,,ieee118,pypower,pypower.case118.case118,True,nonlinear_ac_state_estimation,653,235,nonlinear_ac_ieee118,0.002,0.1,0.05,3,5.0,weak_area,,491.7295221034132,nonlinear_bad_data_ratio_sweep_0p05_seed707,nonlinear_bad_data_ratio_sweep,scenario.bad_data.ratio,0.05,707
huber_irls,0.0024075440185895402,0.0007761146102778896,0.0033084990995333316,8.504445954943636,8.504445954943636,485.3323136062437,235,235,6.732113500000196,5,True,False,,ieee118,pypower,pypower.case118.case118,True,nonlinear_ac_state_estimation,653,235,nonlinear_ac_ieee118,0.002,0.1,0.05,3,5.0,weak_area,,485.3323136062437,nonlinear_bad_data_ratio_sweep_0p05_seed707,nonlinear_bad_data_ratio_sweep,scenario.bad_data.ratio,0.05,707
pseudoinverse,0.0028280266095789424,0.001337347336965263,0.003762226795408784,7.694130856885729,7.694130856885729,304.4474800767399,235,235,6.314321916999688,5,True,False,,ieee118,pypower,pypower.case118.case118,True,nonlinear_ac_state_estimation,653,235,nonlinear_ac_ieee118,0.002,0.1,0.05,3,5.0,weak_area,,304.4474800767399,nonlinear_bad_data_ratio_sweep_0p05_seed808,nonlinear_bad_data_ratio_sweep,scenario.bad_data.ratio,0.05,808
ridge,0.002828026609578868,0.0013373473369652086,0.0037622267954086916,7.694130856885758,7.694130856885758,304.44748007674036,235,235,6.256218042,5,True,False,,ieee118,pypower,pypower.case118.case118,True,nonlinear_ac_state_estimation,653,235,nonlinear_ac_ieee118,0.002,0.1,0.05,3,5.0,weak_area,,304.44748007674036,nonlinear_bad_data_ratio_sweep_0p05_seed808,nonlinear_bad_data_ratio_sweep,scenario.bad_data.ratio,0.05,808
truncated_svd,0.0028280266095789585,0.0013373473369652704,0.0037622267954088053,7.6941308568858,7.6941308568858,304.44748007674093,235,235,6.262620959000287,5,True,False,,ieee118,pypower,pypower.case118.case118,True,nonlinear_ac_state_estimation,653,235,nonlinear_ac_ieee118,0.002,0.1,0.05,3,5.0,weak_area,,304.44748007674093,nonlinear_bad_data_ratio_sweep_0p05_seed808,nonlinear_bad_data_ratio_sweep,scenario.bad_data.ratio,0.05,808
qsvt_regularized,0.002828026609578868,0.0013373473369652086,0.0037622267954086916,7.694130856885758,7.694130856885758,304.44748007674036,235,235,6.258641708000141,5,True,False,,ieee118,pypower,pypower.case118.case118,True,nonlinear_ac_state_estimation,653,235,nonlinear_ac_ieee118,0.002,0.1,0.05,3,5.0,weak_area,,304.44748007674036,nonlinear_bad_data_ratio_sweep_0p05_seed808,nonlinear_bad_data_ratio_sweep,scenario.bad_data.ratio,0.05,808
huber_irls,0.0019564272286679706,0.0009731105718300654,0.0025853159219244026,7.966576320037405,7.966576320037405,304.73911502909726,235,235,6.723451124999883,5,True,False,,ieee118,pypower,pypower.case118.case118,True,nonlinear_ac_state_estimation,653,235,nonlinear_ac_ieee118,0.002,0.1,0.05,3,5.0,weak_area,,304.73911502909726,nonlinear_bad_data_ratio_sweep_0p05_seed808,nonlinear_bad_data_ratio_sweep,scenario.bad_data.ratio,0.05,808
pseudoinverse,0.003338438576960276,0.0016735834237890815,0.004406670904469765,8.075620675376703,8.075620675376703,422.2568974113299,235,235,6.279848208000203,5,True,False,,ieee118,pypower,pypower.case118.case118,True,nonlinear_ac_state_estimation,653,235,nonlinear_ac_ieee118,0.002,0.1,0.05,3,5.0,weak_area,,422.2568974113299,nonlinear_bad_data_ratio_sweep_0p05_seed909,nonlinear_bad_data_ratio_sweep,scenario.bad_data.ratio,0.05,909
ridge,0.0033384385769600986,0.001673583423788866,0.004406670904469579,8.075620675376706,8.075620675376706,422.2568974113236,235,235,6.296555041999909,5,True,False,,ieee118,pypower,pypower.case118.case118,True,nonlinear_ac_state_estimation,653,235,nonlinear_ac_ieee118,0.002,0.1,0.05,3,5.0,weak_area,,422.2568974113236,nonlinear_bad_data_ratio_sweep_0p05_seed909,nonlinear_bad_data_ratio_sweep,scenario.bad_data.ratio,0.05,909
truncated_svd,0.0033384385769602183,0.0016735834237890785,0.004406670904469678,8.075620675376703,8.075620675376703,422.25689741132726,235,235,6.272484582999823,5,True,False,,ieee118,pypower,pypower.case118.case118,True,nonlinear_ac_state_estimation,653,235,nonlinear_ac_ieee118,0.002,0.1,0.05,3,5.0,weak_area,,422.25689741132726,nonlinear_bad_data_ratio_sweep_0p05_seed909,nonlinear_bad_data_ratio_sweep,scenario.bad_data.ratio,0.05,909
qsvt_regularized,0.0033384385769600986,0.001673583423788866,0.004406670904469579,8.075620675376706,8.075620675376706,422.2568974113236,235,235,6.281940332999966,5,True,False,,ieee118,pypower,pypower.case118.case118,True,nonlinear_ac_state_estimation,653,235,nonlinear_ac_ieee118,0.002,0.1,0.05,3,5.0,weak_area,,422.2568974113236,nonlinear_bad_data_ratio_sweep_0p05_seed909,nonlinear_bad_data_ratio_sweep,scenario.bad_data.ratio,0.05,909
huber_irls,0.0023694429003629394,0.0011591268365183677,0.003138272144087346,8.199661176183525,8.199661176183525,422.2878924265525,235,235,6.739876958999957,5,True,False,,ieee118,pypower,pypower.case118.case118,True,nonlinear_ac_state_estimation,653,235,nonlinear_ac_ieee118,0.002,0.1,0.05,3,5.0,weak_area,,422.2878924265525,nonlinear_bad_data_ratio_sweep_0p05_seed909,nonlinear_bad_data_ratio_sweep,scenario.bad_data.ratio,0.05,909
pseudoinverse,0.0017191547311884243,0.0006057374834164678,0.002349921488832639,8.826715692775164,8.826715692775164,372.75001396144154,235,235,6.3185947080000915,5,True,False,,ieee118,pypower,pypower.case118.case118,True,nonlinear_ac_state_estimation,653,235,nonlinear_ac_ieee118,0.002,0.1,0.05,3,5.0,weak_area,,372.75001396144154,nonlinear_bad_data_ratio_sweep_0p05_seed1001,nonlinear_bad_data_ratio_sweep,scenario.bad_data.ratio,0.05,1001
ridge,0.0017191547311884844,0.0006057374834164874,0.0023499214888327217,8.826715692775183,8.826715692775183,372.75001396144654,235,235,6.277228124999965,5,True,False,,ieee118,pypower,pypower.case118.case118,True,nonlinear_ac_state_estimation,653,235,nonlinear_ac_ieee118,0.002,0.1,0.05,3,5.0,weak_area,,372.75001396144654,nonlinear_bad_data_ratio_sweep_0p05_seed1001,nonlinear_bad_data_ratio_sweep,scenario.bad_data.ratio,0.05,1001
truncated_svd,0.0017191547311884803,0.0006057374834164734,0.0023499214888327187,8.826715692775133,8.826715692775133,372.75001396144137,235,235,6.263849625000148,5,True,False,,ieee118,pypower,pypower.case118.case118,True,nonlinear_ac_state_estimation,653,235,nonlinear_ac_ieee118,0.002,0.1,0.05,3,5.0,weak_area,,372.75001396144137,nonlinear_bad_data_ratio_sweep_0p05_seed1001,nonlinear_bad_data_ratio_sweep,scenario.bad_data.ratio,0.05,1001
qsvt_regularized,0.0017191547311884844,0.0006057374834164874,0.0023499214888327217,8.826715692775183,8.826715692775183,372.75001396144654,235,235,6.271379207999871,5,True,False,,ieee118,pypower,pypower.case118.case118,True,nonlinear_ac_state_estimation,653,235,nonlinear_ac_ieee118,0.002,0.1,0.05,3,5.0,weak_area,,372.75001396144654,nonlinear_bad_data_ratio_sweep_0p05_seed1001,nonlinear_bad_data_ratio_sweep,scenario.bad_data.ratio,0.05,1001
huber_irls,0.0006419746930398189,0.00031719569506723504,0.0008491230285525003,8.930827472632881,8.930827472632881,378.83307822182894,235,235,5.404707165999753,4,True,False,,ieee118,pypower,pypower.case118.case118,True,nonlinear_ac_state_estimation,653,235,nonlinear_ac_ieee118,0.002,0.1,0.05,3,5.0,weak_area,,378.83307822182894,nonlinear_bad_data_ratio_sweep_0p05_seed1001,nonlinear_bad_data_ratio_sweep,scenario.bad_data.ratio,0.05,1001
pseudoinverse,0.0022740190551011398,0.0025126535991169935,0.0020096212161539997,11.874442819489298,11.874442819489298,398.2230110958287,235,235,5.300482374999774,4,True,False,,ieee118,pypower,pypower.case118.case118,True,nonlinear_ac_state_estimation,653,235,nonlinear_ac_ieee118,0.002,0.1,0.1,6,5.0,weak_area,,398.2230110958287,nonlinear_bad_data_ratio_sweep_0p1_seed101,nonlinear_bad_data_ratio_sweep,scenario.bad_data.ratio,0.1,101
ridge,0.002274019055101598,0.0025126535991178145,0.0020096212161540153,11.874442819489323,11.874442819489323,398.22301109588676,235,235,5.24700704199995,4,True,False,,ieee118,pypower,pypower.case118.case118,True,nonlinear_ac_state_estimation,653,235,nonlinear_ac_ieee118,0.002,0.1,0.1,6,5.0,weak_area,,398.22301109588676,nonlinear_bad_data_ratio_sweep_0p1_seed101,nonlinear_bad_data_ratio_sweep,scenario.bad_data.ratio,0.1,101
truncated_svd,0.002274019055101149,0.002512653599117016,0.002009621216153991,11.874442819489332,11.874442819489332,398.2230110958276,235,235,5.279683665999983,4,True,False,,ieee118,pypower,pypower.case118.case118,True,nonlinear_ac_state_estimation,653,235,nonlinear_ac_ieee118,0.002,0.1,0.1,6,5.0,weak_area,,398.2230110958276,nonlinear_bad_data_ratio_sweep_0p1_seed101,nonlinear_bad_data_ratio_sweep,scenario.bad_data.ratio,0.1,101
qsvt_regularized,0.002274019055101598,0.0025126535991178145,0.0020096212161540153,11.874442819489323,11.874442819489323,398.22301109588676,235,235,5.301660666000316,4,True,False,,ieee118,pypower,pypower.case118.case118,True,nonlinear_ac_state_estimation,653,235,nonlinear_ac_ieee118,0.002,0.1,0.1,6,5.0,weak_area,,398.22301109588676,nonlinear_bad_data_ratio_sweep_0p1_seed101,nonlinear_bad_data_ratio_sweep,scenario.bad_data.ratio,0.1,101
huber_irls,0.0011610646915488126,0.001390227728968743,0.0008765637795201508,12.065374486987528,12.065374486987528,400.4000084859358,235,235,5.649567375000061,4,True,False,,ieee118,pypower,pypower.case118.case118,True,nonlinear_ac_state_estimation,653,235,nonlinear_ac_ieee118,0.002,0.1,0.1,6,5.0,weak_area,,400.4000084859358,nonlinear_bad_data_ratio_sweep_0p1_seed101,nonlinear_bad_data_ratio_sweep,scenario.bad_data.ratio,0.1,101
pseudoinverse,0.002695705742348256,0.0034874925980805985,0.001553236587611919,12.044033729839464,12.044033729839464,328.85274799111664,235,235,6.466854207999859,5,True,False,,ieee118,pypower,pypower.case118.case118,True,nonlinear_ac_state_estimation,653,235,nonlinear_ac_ieee118,0.002,0.1,0.1,6,5.0,weak_area,,328.85274799111664,nonlinear_bad_data_ratio_sweep_0p1_seed202,nonlinear_bad_data_ratio_sweep,scenario.bad_data.ratio,0.1,202
ridge,0.002695705742348259,0.003487492598080576,0.0015532365876119785,12.044033729839454,12.044033729839454,328.85274799111517,235,235,6.446798250000029,5,True,False,,ieee118,pypower,pypower.case118.case118,True,nonlinear_ac_state_estimation,653,235,nonlinear_ac_ieee118,0.002,0.1,0.1,6,5.0,weak_area,,328.85274799111517,nonlinear_bad_data_ratio_sweep_0p1_seed202,nonlinear_bad_data_ratio_sweep,scenario.bad_data.ratio,0.1,202
truncated_svd,0.002695705742348265,0.003487492598080594,0.0015532365876119588,12.044033729839466,12.044033729839466,328.8527479911144,235,235,6.457469082999978,5,True,False,,ieee118,pypower,pypower.case118.case118,True,nonlinear_ac_state_estimation,653,235,nonlinear_ac_ieee118,0.002,0.1,0.1,6,5.0,weak_area,,328.8527479911144,nonlinear_bad_data_ratio_sweep_0p1_seed202,nonlinear_bad_data_ratio_sweep,scenario.bad_data.ratio,0.1,202
qsvt_regularized,0.002695705742348259,0.003487492598080576,0.0015532365876119785,12.044033729839454,12.044033729839454,328.85274799111517,235,235,6.434214249999968,5,True,False,,ieee118,pypower,pypower.case118.case118,True,nonlinear_ac_state_estimation,653,235,nonlinear_ac_ieee118,0.002,0.1,0.1,6,5.0,weak_area,,328.85274799111517,nonlinear_bad_data_ratio_sweep_0p1_seed202,nonlinear_bad_data_ratio_sweep,scenario.bad_data.ratio,0.1,202
huber_irls,0.0010363865896193592,0.001309342806502065,0.0006627532384613603,12.248285685341736,12.248285685341736,329.20515302838567,235,235,5.503128459000436,4,True,False,,ieee118,pypower,pypower.case118.case118,True,nonlinear_ac_state_estimation,653,235,nonlinear_ac_ieee118,0.002,0.1,0.1,6,5.0,weak_area,,329.20515302838567,nonlinear_bad_data_ratio_sweep_0p1_seed202,nonlinear_bad_data_ratio_sweep,scenario.bad_data.ratio,0.1,202
pseudoinverse,0.0059157913711571945,0.003537788713967885,0.00756879859841147,9.517018404546556,9.517018404546556,448.36433238631474,235,235,9.12265304199991,7,True,False,,ieee118,pypower,pypower.case118.case118,True,nonlinear_ac_state_estimation,653,235,nonlinear_ac_ieee118,0.002,0.1,0.1,6,5.0,weak_area,,448.36433238631474,nonlinear_bad_data_ratio_sweep_0p1_seed303,nonlinear_bad_data_ratio_sweep,scenario.bad_data.ratio,0.1,303
ridge,0.00591579137115732,0.003537788713968692,0.007568798598411293,9.517018404546565,9.517018404546565,448.3643323863655,235,235,8.804466707999836,7,True,False,,ieee118,pypower,pypower.case118.case118,True,nonlinear_ac_state_estimation,653,235,nonlinear_ac_ieee118,0.002,0.1,0.1,6,5.0,weak_area,,448.3643323863655,nonlinear_bad_data_ratio_sweep_0p1_seed303,nonlinear_bad_data_ratio_sweep,scenario.bad_data.ratio,0.1,303
truncated_svd,0.005915791371157223,0.0035377887139678983,0.007568798598411509,9.51701840454658,9.51701840454658,448.3643323863105,235,235,8.80669745799969,7,True,False,,ieee118,pypower,pypower.case118.case118,True,nonlinear_ac_state_estimation,653,235,nonlinear_ac_ieee118,0.002,0.1,0.1,6,5.0,weak_area,,448.3643323863105,nonlinear_bad_data_ratio_sweep_0p1_seed303,nonlinear_bad_data_ratio_sweep,scenario.bad_data.ratio,0.1,303
qsvt_regularized,0.00591579137115732,0.003537788713968692,0.007568798598411293,9.517018404546565,9.517018404546565,448.3643323863655,235,235,8.820510707999802,7,True,False,,ieee118,pypower,pypower.case118.case118,True,nonlinear_ac_state_estimation,653,235,nonlinear_ac_ieee118,0.002,0.1,0.1,6,5.0,weak_area,,448.3643323863655,nonlinear_bad_data_ratio_sweep_0p1_seed303,nonlinear_bad_data_ratio_sweep,scenario.bad_data.ratio,0.1,303
huber_irls,0.005244950027746919,0.0029453333925147903,0.006795910408884399,9.83694894789309,9.83694894789309,443.3590671907309,235,235,6.801992457999859,5,True,False,,ieee118,pypower,pypower.case118.case118,True,nonlinear_ac_state_estimation,653,235,nonlinear_ac_ieee118,0.002,0.1,0.1,6,5.0,weak_area,,443.3590671907309,nonlinear_bad_data_ratio_sweep_0p1_seed303,nonlinear_bad_data_ratio_sweep,scenario.bad_data.ratio,0.1,303
pseudoinverse,0.0028791590966003597,0.0029775722993539795,0.0027781400221864147,11.833875102833186,11.833875102833186,430.91444979891435,235,235,5.300021583000216,4,True,False,,ieee118,pypower,pypower.case118.case118,True,nonlinear_ac_state_estimation,653,235,nonlinear_ac_ieee118,0.002,0.1,0.1,7,5.0,weak_area,,430.91444979891435,nonlinear_bad_data_ratio_sweep_0p1_seed404,nonlinear_bad_data_ratio_sweep,scenario.bad_data.ratio,0.1,404
ridge,0.002879159096600248,0.0029775722993534304,0.0027781400221867677,11.8338751028332,11.8338751028332,430.9144497990604,235,235,5.273450541999864,4,True,False,,ieee118,pypower,pypower.case118.case118,True,nonlinear_ac_state_estimation,653,235,nonlinear_ac_ieee118,0.002,0.1,0.1,7,5.0,weak_area,,430.9144497990604,nonlinear_bad_data_ratio_sweep_0p1_seed404,nonlinear_bad_data_ratio_sweep,scenario.bad_data.ratio,0.1,404
truncated_svd,0.002879159096600364,0.002977572299353982,0.0027781400221864204,11.833875102833186,11.833875102833186,430.9144497989103,235,235,5.253224540999781,4,True,False,,ieee118,pypower,pypower.case118.case118,True,nonlinear_ac_state_estimation,653,235,nonlinear_ac_ieee118,0.002,0.1,0.1,7,5.0,weak_area,,430.9144497989103,nonlinear_bad_data_ratio_sweep_0p1_seed404,nonlinear_bad_data_ratio_sweep,scenario.bad_data.ratio,0.1,404
qsvt_regularized,0.002879159096600248,0.0029775722993534304,0.0027781400221867677,11.8338751028332,11.8338751028332,430.9144497990604,235,235,5.2580404579998685,4,True,False,,ieee118,pypower,pypower.case118.case118,True,nonlinear_ac_state_estimation,653,235,nonlinear_ac_ieee118,0.002,0.1,0.1,7,5.0,weak_area,,430.9144497990604,nonlinear_bad_data_ratio_sweep_0p1_seed404,nonlinear_bad_data_ratio_sweep,scenario.bad_data.ratio,0.1,404
huber_irls,0.0010867545015977758,0.001141382232179286,0.0010297323936231406,12.098742975010689,12.098742975010689,431.4753390934661,235,235,5.569382292000228,4,True,False,,ieee118,pypower,pypower.case118.case118,True,nonlinear_ac_state_estimation,653,235,nonlinear_ac_ieee118,0.002,0.1,0.1,7,5.0,weak_area,,431.4753390934661,nonlinear_bad_data_ratio_sweep_0p1_seed404,nonlinear_bad_data_ratio_sweep,scenario.bad_data.ratio,0.1,404
pseudoinverse,0.0024921744530647934,0.001684455801949422,0.003091259665572151,11.55095331296367,11.55095331296367,308.7303446539857,235,235,6.48484070800032,5,True,False,,ieee118,pypower,pypower.case118.case118,True,nonlinear_ac_state_estimation,653,235,nonlinear_ac_ieee118,0.002,0.1,0.1,6,5.0,weak_area,,308.7303446539857,nonlinear_bad_data_ratio_sweep_0p1_seed505,nonlinear_bad_data_ratio_sweep,scenario.bad_data.ratio,0.1,505
ridge,0.002492174453064721,0.001684455801949416,0.003091259665572038,11.550953312963644,11.550953312963644,308.7303446539872,235,235,6.437560792000113,5,True,False,,ieee118,pypower,pypower.case118.case118,True,nonlinear_ac_state_estimation,653,235,nonlinear_ac_ieee118,0.002,0.1,0.1,6,5.0,weak_area,,308.7303446539872,nonlinear_bad_data_ratio_sweep_0p1_seed505,nonlinear_bad_data_ratio_sweep,scenario.bad_data.ratio,0.1,505
truncated_svd,0.002492174453064792,0.001684455801949406,0.0030912596655721576,11.550953312963669,11.550953312963669,308.7303446539837,235,235,6.445486834000349,5,True,False,,ieee118,pypower,pypower.case118.case118,True,nonlinear_ac_state_estimation,653,235,nonlinear_ac_ieee118,0.002,0.1,0.1,6,5.0,weak_area,,308.7303446539837,nonlinear_bad_data_ratio_sweep_0p1_seed505,nonlinear_bad_data_ratio_sweep,scenario.bad_data.ratio,0.1,505
qsvt_regularized,0.002492174453064721,0.001684455801949416,0.003091259665572038,11.550953312963644,11.550953312963644,308.7303446539872,235,235,6.454761334000068,5,True,False,,ieee118,pypower,pypower.case118.case118,True,nonlinear_ac_state_estimation,653,235,nonlinear_ac_ieee118,0.002,0.1,0.1,6,5.0,weak_area,,308.7303446539872,nonlinear_bad_data_ratio_sweep_0p1_seed505,nonlinear_bad_data_ratio_sweep,scenario.bad_data.ratio,0.1,505
huber_irls,0.001109385277677568,0.0009272147076476545,0.0012643575973856267,11.833144300841475,11.833144300841475,308.7946739138036,235,235,6.919756374999906,5,True,False,,ieee118,pypower,pypower.case118.case118,True,nonlinear_ac_state_estimation,653,235,nonlinear_ac_ieee118,0.002,0.1,0.1,6,5.0,weak_area,,308.7946739138036,nonlinear_bad_data_ratio_sweep_0p1_seed505,nonlinear_bad_data_ratio_sweep,scenario.bad_data.ratio,0.1,505
pseudoinverse,0.004795033156739627,0.006171349443183957,0.002833203234180023,11.29614566470001,11.29614566470001,434.9120137125737,235,235,6.469552875000318,5,True,False,,ieee118,pypower,pypower.case118.case118,True,nonlinear_ac_state_estimation,653,235,nonlinear_ac_ieee118,0.002,0.1,0.1,6,5.0,weak_area,,434.9120137125737,nonlinear_bad_data_ratio_sweep_0p1_seed606,nonlinear_bad_data_ratio_sweep,scenario.bad_data.ratio,0.1,606
ridge,0.0047950331567394415,0.006171349443183711,0.0028332032341799275,11.296145664700017,11.296145664700017,434.9120137125898,235,235,6.444143792000432,5,True,False,,ieee118,pypower,pypower.case118.case118,True,nonlinear_ac_state_estimation,653,235,nonlinear_ac_ieee118,0.002,0.1,0.1,6,5.0,weak_area,,434.9120137125898,nonlinear_bad_data_ratio_sweep_0p1_seed606,nonlinear_bad_data_ratio_sweep,scenario.bad_data.ratio,0.1,606
truncated_svd,0.004795033156739571,0.006171349443183974,0.002833203234179796,11.296145664700015,11.296145664700015,434.91201371257324,235,235,6.44163266600026,5,True,False,,ieee118,pypower,pypower.case118.case118,True,nonlinear_ac_state_estimation,653,235,nonlinear_ac_ieee118,0.002,0.1,0.1,6,5.0,weak_area,,434.91201371257324,nonlinear_bad_data_ratio_sweep_0p1_seed606,nonlinear_bad_data_ratio_sweep,scenario.bad_data.ratio,0.1,606
qsvt_regularized,0.0047950331567394415,0.006171349443183711,0.0028332032341799275,11.296145664700017,11.296145664700017,434.9120137125898,235,235,6.418059416000233,5,True,False,,ieee118,pypower,pypower.case118.case118,True,nonlinear_ac_state_estimation,653,235,nonlinear_ac_ieee118,0.002,0.1,0.1,6,5.0,weak_area,,434.9120137125898,nonlinear_bad_data_ratio_sweep_0p1_seed606,nonlinear_bad_data_ratio_sweep,scenario.bad_data.ratio,0.1,606
huber_irls,0.0021177968697441694,0.0026785955733614015,0.0013483500743476657,11.639727516177222,11.639727516177222,431.30485265737786,235,235,5.627754957999969,4,True,False,,ieee118,pypower,pypower.case118.case118,True,nonlinear_ac_state_estimation,653,235,nonlinear_ac_ieee118,0.002,0.1,0.1,6,5.0,weak_area,,431.30485265737786,nonlinear_bad_data_ratio_sweep_0p1_seed606,nonlinear_bad_data_ratio_sweep,scenario.bad_data.ratio,0.1,606
pseudoinverse,0.0007134715227625687,0.00040042825184619064,0.0009245460334068577,12.399481353254323,12.399481353254323,479.8237998037321,235,235,5.298133875000076,4,True,False,,ieee118,pypower,pypower.case118.case118,True,nonlinear_ac_state_estimation,653,235,nonlinear_ac_ieee118,0.002,0.1,0.1,6,5.0,weak_area,,479.8237998037321,nonlinear_bad_data_ratio_sweep_0p1_seed707,nonlinear_bad_data_ratio_sweep,scenario.bad_data.ratio,0.1,707
ridge,0.00071347152276255,0.0004004282518462432,0.0009245460334068063,12.39948135325433,12.39948135325433,479.8237998037484,235,235,5.2399836670001605,4,True,False,,ieee118,pypower,pypower.case118.case118,True,nonlinear_ac_state_estimation,653,235,nonlinear_ac_ieee118,0.002,0.1,0.1,6,5.0,weak_area,,479.8237998037484,nonlinear_bad_data_ratio_sweep_0p1_seed707,nonlinear_bad_data_ratio_sweep,scenario.bad_data.ratio,0.1,707
truncated_svd,0.0007134715227624901,0.0004004282518461929,0.0009245460334067359,12.399481353254316,12.399481353254316,479.8237998037315,235,235,5.296983708000425,4,True,False,,ieee118,pypower,pypower.case118.case118,True,nonlinear_ac_state_estimation,653,235,nonlinear_ac_ieee118,0.002,0.1,0.1,6,5.0,weak_area,,479.8237998037315,nonlinear_bad_data_ratio_sweep_0p1_seed707,nonlinear_bad_data_ratio_sweep,scenario.bad_data.ratio,0.1,707
qsvt_regularized,0.00071347152276255,0.0004004282518462432,0.0009245460334068063,12.39948135325433,12.39948135325433,479.8237998037484,235,235,5.267160917000183,4,True,False,,ieee118,pypower,pypower.case118.case118,True,nonlinear_ac_state_estimation,653,235,nonlinear_ac_ieee118,0.002,0.1,0.1,6,5.0,weak_area,,479.8237998037484,nonlinear_bad_data_ratio_sweep_0p1_seed707,nonlinear_bad_data_ratio_sweep,scenario.bad_data.ratio,0.1,707
huber_irls,0.00032816015414059273,0.0003059219934913554,0.0003488128566283475,12.448140080718085,12.448140080718085,478.8797257536749,235,235,5.399674249999862,4,True,False,,ieee118,pypower,pypower.case118.case118,True,nonlinear_ac_state_estimation,653,235,nonlinear_ac_ieee118,0.002,0.1,0.1,6,5.0,weak_area,,478.8797257536749,nonlinear_bad_data_ratio_sweep_0p1_seed707,nonlinear_bad_data_ratio_sweep,scenario.bad_data.ratio,0.1,707
pseudoinverse,0.0015707787375269535,0.0009202934585789337,0.0020184200212425324,12.211376220304505,12.211376220304505,307.0806330635574,235,235,6.47964358299987,5,True,False,,ieee118,pypower,pypower.case118.case118,True,nonlinear_ac_state_estimation,653,235,nonlinear_ac_ieee118,0.002,0.1,0.1,6,5.0,weak_area,,307.0806330635574,nonlinear_bad_data_ratio_sweep_0p1_seed808,nonlinear_bad_data_ratio_sweep,scenario.bad_data.ratio,0.1,808
ridge,0.0015707787375268828,0.000920293458578867,0.002018420021242453,12.211376220304523,12.211376220304523,307.0806330635595,235,235,6.433101249999709,5,True,False,,ieee118,pypower,pypower.case118.case118,True,nonlinear_ac_state_estimation,653,235,nonlinear_ac_ieee118,0.002,0.1,0.1,6,5.0,weak_area,,307.0806330635595,nonlinear_bad_data_ratio_sweep_0p1_seed808,nonlinear_bad_data_ratio_sweep,scenario.bad_data.ratio,0.1,808
truncated_svd,0.0015707787375269825,0.0009202934585788874,0.0020184200212425988,12.211376220304514,12.211376220304514,307.08063306356013,235,235,6.429563292000239,5,True,False,,ieee118,pypower,pypower.case118.case118,True,nonlinear_ac_state_estimation,653,235,nonlinear_ac_ieee118,0.002,0.1,0.1,6,5.0,weak_area,,307.08063306356013,nonlinear_bad_data_ratio_sweep_0p1_seed808,nonlinear_bad_data_ratio_sweep,scenario.bad_data.ratio,0.1,808
qsvt_regularized,0.0015707787375268828,0.000920293458578867,0.002018420021242453,12.211376220304523,12.211376220304523,307.0806330635595,235,235,6.444488165999701,5,True,False,,ieee118,pypower,pypower.case118.case118,True,nonlinear_ac_state_estimation,653,235,nonlinear_ac_ieee118,0.002,0.1,0.1,6,5.0,weak_area,,307.0806330635595,nonlinear_bad_data_ratio_sweep_0p1_seed808,nonlinear_bad_data_ratio_sweep,scenario.bad_data.ratio,0.1,808
huber_irls,0.0007182063579030569,0.00042263142537140403,0.0009220443429576609,12.329583477249733,12.329583477249733,306.24393922549143,235,235,5.533886040999732,4,True,False,,ieee118,pypower,pypower.case118.case118,True,nonlinear_ac_state_estimation,653,235,nonlinear_ac_ieee118,0.002,0.1,0.1,6,5.0,weak_area,,306.24393922549143,nonlinear_bad_data_ratio_sweep_0p1_seed808,nonlinear_bad_data_ratio_sweep,scenario.bad_data.ratio,0.1,808
pseudoinverse,0.00193247266158657,0.0015527511565064079,0.002246474937534313,11.3895301660176,11.3895301660176,422.3114814341649,235,235,5.287260208000134,4,True,False,,ieee118,pypower,pypower.case118.case118,True,nonlinear_ac_state_estimation,653,235,nonlinear_ac_ieee118,0.002,0.1,0.1,6,5.0,weak_area,,422.3114814341649,nonlinear_bad_data_ratio_sweep_0p1_seed909,nonlinear_bad_data_ratio_sweep,scenario.bad_data.ratio,0.1,909
ridge,0.0019324726615865754,0.0015527511565064317,0.002246474937534306,11.389530166017611,11.389530166017611,422.31148143416306,235,235,5.250609000000168,4,True,False,,ieee118,pypower,pypower.case118.case118,True,nonlinear_ac_state_estimation,653,235,nonlinear_ac_ieee118,0.002,0.1,0.1,6,5.0,weak_area,,422.31148143416306,nonlinear_bad_data_ratio_sweep_0p1_seed909,nonlinear_bad_data_ratio_sweep,scenario.bad_data.ratio,0.1,909
truncated_svd,0.0019324726615864718,0.0015527511565064545,0.0022464749375341125,11.38953016601762,11.38953016601762,422.3114814341598,235,235,5.271238666000045,4,True,False,,ieee118,pypower,pypower.case118.case118,True,nonlinear_ac_state_estimation,653,235,nonlinear_ac_ieee118,0.002,0.1,0.1,6,5.0,weak_area,,422.3114814341598,nonlinear_bad_data_ratio_sweep_0p1_seed909,nonlinear_bad_data_ratio_sweep,scenario.bad_data.ratio,0.1,909
qsvt_regularized,0.0019324726615865754,0.0015527511565064317,0.002246474937534306,11.389530166017611,11.389530166017611,422.31148143416306,235,235,5.262507249999999,4,True,False,,ieee118,pypower,pypower.case118.case118,True,nonlinear_ac_state_estimation,653,235,nonlinear_ac_ieee118,0.002,0.1,0.1,6,5.0,weak_area,,422.31148143416306,nonlinear_bad_data_ratio_sweep_0p1_seed909,nonlinear_bad_data_ratio_sweep,scenario.bad_data.ratio,0.1,909
huber_irls,0.0010078263440722775,0.0006506930527159388,0.0012660990614396796,11.698114983407372,11.698114983407372,422.30713595665475,235,235,5.6507436660003805,4,True,False,,ieee118,pypower,pypower.case118.case118,True,nonlinear_ac_state_estimation,653,235,nonlinear_ac_ieee118,0.002,0.1,0.1,6,5.0,weak_area,,422.30713595665475,nonlinear_bad_data_ratio_sweep_0p1_seed909,nonlinear_bad_data_ratio_sweep,scenario.bad_data.ratio,0.1,909
pseudoinverse,0.006379114642043308,0.005738729051416491,0.006956107576181281,10.643971635066503,10.643971635066503,388.0052296609997,235,235,6.474051374999817,5,True,False,,ieee118,pypower,pypower.case118.case118,True,nonlinear_ac_state_estimation,653,235,nonlinear_ac_ieee118,0.002,0.1,0.1,6,5.0,weak_area,,388.0052296609997,nonlinear_bad_data_ratio_sweep_0p1_seed1001,nonlinear_bad_data_ratio_sweep,scenario.bad_data.ratio,0.1,1001
ridge,0.006379114642043188,0.005738729051416557,0.006956107576181009,10.643971635066501,10.643971635066501,388.00522966092433,235,235,6.431734958000106,5,True,False,,ieee118,pypower,pypower.case118.case118,True,nonlinear_ac_state_estimation,653,235,nonlinear_ac_ieee118,0.002,0.1,0.1,6,5.0,weak_area,,388.00522966092433,nonlinear_bad_data_ratio_sweep_0p1_seed1001,nonlinear_bad_data_ratio_sweep,scenario.bad_data.ratio,0.1,1001
truncated_svd,0.006379114642043283,0.005738729051416465,0.006956107576181257,10.643971635066453,10.643971635066453,388.0052296610007,235,235,6.397265916999913,5,True,False,,ieee118,pypower,pypower.case118.case118,True,nonlinear_ac_state_estimation,653,235,nonlinear_ac_ieee118,0.002,0.1,0.1,6,5.0,weak_area,,388.0052296610007,nonlinear_bad_data_ratio_sweep_0p1_seed1001,nonlinear_bad_data_ratio_sweep,scenario.bad_data.ratio,0.1,1001
qsvt_regularized,0.006379114642043188,0.005738729051416557,0.006956107576181009,10.643971635066501,10.643971635066501,388.00522966092433,235,235,6.3638093750000735,5,True,False,,ieee118,pypower,pypower.case118.case118,True,nonlinear_ac_state_estimation,653,235,nonlinear_ac_ieee118,0.002,0.1,0.1,6,5.0,weak_area,,388.00522966092433,nonlinear_bad_data_ratio_sweep_0p1_seed1001,nonlinear_bad_data_ratio_sweep,scenario.bad_data.ratio,0.1,1001
huber_irls,0.006385559613638706,0.0058748561153191365,0.006854469035294807,10.721945839614612,10.721945839614612,389.9010386615904,235,235,6.816987832999985,5,True,False,,ieee118,pypower,pypower.case118.case118,True,nonlinear_ac_state_estimation,653,235,nonlinear_ac_ieee118,0.002,0.1,0.1,6,5.0,weak_area,,389.9010386615904,nonlinear_bad_data_ratio_sweep_0p1_seed1001,nonlinear_bad_data_ratio_sweep,scenario.bad_data.ratio,0.1,1001
