public_path,source_path,sha256_public,sha256_source,bytes,status,note
.gitignore,.gitignore,9263cd3d1b3cc2cce18d78dc483a9c6e80420ed54c0822930aeaf63d369a6a87,5966385c8a86ae0f29a1527cf7aee8d6566431c3c5c26aecb4e220e4706d0488,4189,modified_release_metadata,public identity/scope/DOI metadata
CHANGELOG.md,CHANGELOG.md,91829aceee2e942dc1f63229aff1b4c66b3e5bf81d1589340d9a2092859b663b,2d382441860608d449b859bd10346fa873492aa9c2f9a4e99c17b65c515561c2,2083,modified_release_metadata,public identity/scope/DOI metadata
CITATION.cff,CITATION.cff,962a22c50b2fe1c43009348a00ae846c0256eea519904f8a18664b05bdb4bd17,1c03cb181a968e1ec1ea96c88cc09075631f0e39243926d68cf01517d3676c24,799,modified_release_metadata,public identity/scope/DOI metadata
LICENSE,LICENSE,b87b20cb3f3c28fa69433c91d61572608052330d4f60816cffe3ca3f184daa14,b87b20cb3f3c28fa69433c91d61572608052330d4f60816cffe3ca3f184daa14,1084,identical,byte-identical to curated source
MANIFEST.md,MANIFEST.md,9c2209890512ef5877dbaf1398049e989281ea49ab6ed8e70e5a2fef165dde4b,921cd1ff5a5ec1fdd701f6b7c216782088c62fe63d22e4bcdfe57b185b0de6c2,3415,modified_release_metadata,public identity/scope/DOI metadata
README.md,README.md,e3b5599ee43da57c86e2ad779dcacab7cee238d26c7a998074bc530fc0cc4201,c2a5838baeed671b45db12d6ca378d5035549458f0942c036ed2debc1f9c2d7a,10742,modified_release_metadata,public identity/scope/DOI metadata
RELEASE.md,RELEASE.md,2e2855716d3864856e22f2ad75554d0ada89879a129c654ae6c1ab7587304650,6231a966330e425b12891f3f9fb651cd09c07ea2b9403fb156e7e4d816589e5e,2709,modified_release_metadata,public identity/scope/DOI metadata
REPRODUCIBILITY.md,REPRODUCIBILITY.md,ad97ebc93d6d39b7e5be71258e4dba27efffbd3625594e6116d482aa74491882,b706032bf17038892497134a69565c0fec86356ea18634d58c48e7371452ed3e,1417,modified_release_metadata,public identity/scope/DOI metadata
RESULTS_INDEX.md,RESULTS_INDEX.md,c64ecc0341e5db7c1b063f22e49e8941d678e104a123eec66bb9a5fed797b5c9,b7674c5e38c9d18c0a409a3ab6c95b2c32864e1c0efa3146a7f65e3633f67f72,5418,modified_release_metadata,public identity/scope/DOI metadata
VERSION,VERSION,246226f435e4baac36fc85fc0d01a6b84aae95f70446112ae42d94af09c78971,246226f435e4baac36fc85fc0d01a6b84aae95f70446112ae42d94af09c78971,22,identical,byte-identical to curated source
configs/README.md,configs/README.md,4be4a34f8152c80aede3c58f9acc2661ae2eca7f09d35a301797402d5176db70,4be4a34f8152c80aede3c58f9acc2661ae2eca7f09d35a301797402d5176db70,3058,identical,byte-identical to curated source
configs/alpha_sensitivity_nonlinear_ac_ieee14.yaml,configs/alpha_sensitivity_nonlinear_ac_ieee14.yaml,1dcd09804512d34674951d86258b32dec6e205cc80c7ddfa43dba497bf67e7c6,1dcd09804512d34674951d86258b32dec6e205cc80c7ddfa43dba497bf67e7c6,1528,identical,byte-identical to curated source
configs/alpha_sensitivity_real_ieee118.yaml,configs/alpha_sensitivity_real_ieee118.yaml,1f1b5c4b7f2fbdfb1b3654fb9350bee306369d2198c29eed978ce3764feba649,1f1b5c4b7f2fbdfb1b3654fb9350bee306369d2198c29eed978ce3764feba649,1353,identical,byte-identical to curated source
configs/alpha_sensitivity_real_ieee14.yaml,configs/alpha_sensitivity_real_ieee14.yaml,283593f89c80c5175f84347e2ac9495bc29317f41ddb809e95b3b7d76c72b3fd,283593f89c80c5175f84347e2ac9495bc29317f41ddb809e95b3b7d76c72b3fd,1321,identical,byte-identical to curated source
configs/alpha_sensitivity_real_ieee300_reduced.yaml,configs/alpha_sensitivity_real_ieee300_reduced.yaml,ab22f6668f7e96761edb4e003c2ae11e0854bf07b3d1e6743870e7c58ce642df,ab22f6668f7e96761edb4e003c2ae11e0854bf07b3d1e6743870e7c58ce642df,1407,identical,byte-identical to curated source
configs/cross_case_larger_block_validation/cross_case.json,configs/cross_case_larger_block_validation/cross_case.json,2df6596660667a2086ffe299487d8d7651889d11f5da75eb056c6ab54564bff0,2df6596660667a2086ffe299487d8d7651889d11f5da75eb056c6ab54564bff0,1778,identical,byte-identical to curated source
configs/cross_case_larger_block_validation/cross_case_smoke.json,configs/cross_case_larger_block_validation/cross_case_smoke.json,1250217b9f0f832268379a85e8b917397370800135dfe34df057809fb59b44db,1250217b9f0f832268379a85e8b917397370800135dfe34df057809fb59b44db,1343,identical,byte-identical to curated source
configs/cross_case_larger_block_validation/ieee14_8x8_reference.json,configs/cross_case_larger_block_validation/ieee14_8x8_reference.json,c4b6fa1ef6c66f4083f8a33a3d2c0388c9cfc6d5a39675ae2ff899558516e1e8,c4b6fa1ef6c66f4083f8a33a3d2c0388c9cfc6d5a39675ae2ff899558516e1e8,1778,identical,byte-identical to curated source
configs/cross_case_larger_block_validation/larger_block_16x16.json,configs/cross_case_larger_block_validation/larger_block_16x16.json,7151e2f2fc34ec0dffd7e276e4d2c7f96b83d7ed31e09d1596b24c2b9b68b3b5,7151e2f2fc34ec0dffd7e276e4d2c7f96b83d7ed31e09d1596b24c2b9b68b3b5,1275,identical,byte-identical to curated source
configs/cross_case_larger_block_validation/larger_block_16x16_smoke.json,configs/cross_case_larger_block_validation/larger_block_16x16_smoke.json,33ab5ebb8ed6243e4d3b81903ff02d7f16a72f0e9ce19383e9620e92adba34ef,33ab5ebb8ed6243e4d3b81903ff02d7f16a72f0e9ce19383e9620e92adba34ef,936,identical,byte-identical to curated source
configs/default.yaml,configs/default.yaml,1a8f3b53da21411efa5ff7ed9eab14f3e95a9c3561d668080f8f2704388f05cc,1a8f3b53da21411efa5ff7ed9eab14f3e95a9c3561d668080f8f2704388f05cc,648,identical,byte-identical to curated source
configs/diagnostic_missing_baselines.yaml,configs/diagnostic_missing_baselines.yaml,9186b4d36fd55127085fd5623e981e03528828c5f5bcdd5df81fd6af25577e1f,9186b4d36fd55127085fd5623e981e03528828c5f5bcdd5df81fd6af25577e1f,1124,identical,byte-identical to curated source
configs/final_contribution_evidence.json,configs/final_contribution_evidence.json,d9d530e4e4024d0619702b16b8c38fa06abd19318ad06f2c5f4e37f56aa67d78,d9d530e4e4024d0619702b16b8c38fa06abd19318ad06f2c5f4e37f56aa67d78,2773,identical,byte-identical to curated source
configs/generic_sparse_qsvt_compiler.json,configs/generic_sparse_qsvt_compiler.json,80fc9b9a487c2dee25e318d70615ce000fe6e0899978830fc1cc43b514c76d47,80fc9b9a487c2dee25e318d70615ce000fe6e0899978830fc1cc43b514c76d47,4129,identical,byte-identical to curated source
configs/ieee14_ac_iterative_bad_data_sweeps.yaml,configs/ieee14_ac_iterative_bad_data_sweeps.yaml,1d70dfe210398a5c3dbcc5323bfebf21f3d1ac2791792f870977ea5980584940,1d70dfe210398a5c3dbcc5323bfebf21f3d1ac2791792f870977ea5980584940,1574,identical,byte-identical to curated source
configs/ieee14_ac_iterative_robust_bad_data_smoke.yaml,configs/ieee14_ac_iterative_robust_bad_data_smoke.yaml,2abbf5814e3803683195a6967ef23eaa784caad3e922f127b90878fb591ae89a,2abbf5814e3803683195a6967ef23eaa784caad3e922f127b90878fb591ae89a,1394,identical,byte-identical to curated source
configs/ieee14_ac_iterative_smoke.yaml,configs/ieee14_ac_iterative_smoke.yaml,fb1efd14497d2bd8b296bb815a397a78abe8316455c46095c4d0497af6a3455e,fb1efd14497d2bd8b296bb815a397a78abe8316455c46095c4d0497af6a3455e,1162,identical,byte-identical to curated source
configs/ieee14_ac_iterative_sweeps.yaml,configs/ieee14_ac_iterative_sweeps.yaml,8cf45e3043290c89524e8f1b1aa12672dc7257b26e23badad81c447ed4008343,8cf45e3043290c89524e8f1b1aa12672dc7257b26e23badad81c447ed4008343,1429,identical,byte-identical to curated source
configs/ieee14_ac_smoke.yaml,configs/ieee14_ac_smoke.yaml,eeaba25b001eba3f8589da1ec20309fb59cf85a3ce42da99b5ddfe5a54002799,eeaba25b001eba3f8589da1ec20309fb59cf85a3ce42da99b5ddfe5a54002799,1027,identical,byte-identical to curated source
configs/ieee14_ac_sweeps.yaml,configs/ieee14_ac_sweeps.yaml,0c0d08864525dfaab6a994522c74191852b0f6bf1bda165d08382e0391305a4b,0c0d08864525dfaab6a994522c74191852b0f6bf1bda165d08382e0391305a4b,1427,identical,byte-identical to curated source
configs/ieee14_bad_data_smoke.yaml,configs/ieee14_bad_data_smoke.yaml,4a8841439e5fc58cbefd8fe14de3313f648e5925e12187af1180ff3e86193e18,4a8841439e5fc58cbefd8fe14de3313f648e5925e12187af1180ff3e86193e18,1121,identical,byte-identical to curated source
configs/ieee14_bad_data_sweeps.yaml,configs/ieee14_bad_data_sweeps.yaml,15a0844ef1b8447e36a4299457522c0f598fe173422d2948ee71d7d5019c895c,15a0844ef1b8447e36a4299457522c0f598fe173422d2948ee71d7d5019c895c,1558,identical,byte-identical to curated source
configs/ieee14_dc_smoke.yaml,configs/ieee14_dc_smoke.yaml,5823ec1c52afe18a6579b03b6a26007790a414965895e533ef3756d2a07286d1,5823ec1c52afe18a6579b03b6a26007790a414965895e533ef3756d2a07286d1,810,identical,byte-identical to curated source
configs/ieee14_dc_sweeps.yaml,configs/ieee14_dc_sweeps.yaml,5fb287460857f19041ae231f1698dae5cb52d868e2a5527de07f535325fdfad3,5fb287460857f19041ae231f1698dae5cb52d868e2a5527de07f535325fdfad3,1202,identical,byte-identical to curated source
configs/ieee14_robust_bad_data_smoke.yaml,configs/ieee14_robust_bad_data_smoke.yaml,59bcfe81ad2756bac936be01050b7c7e3117ea75b003e577361c7c0491000e65,59bcfe81ad2756bac936be01050b7c7e3117ea75b003e577361c7c0491000e65,1240,identical,byte-identical to curated source
configs/ieee14_robust_bad_data_sweeps.yaml,configs/ieee14_robust_bad_data_sweeps.yaml,a4cb0e2b37f02ab7c1a7370a7847c3260c78d99652bdd825dee6a04556c617d9,a4cb0e2b37f02ab7c1a7370a7847c3260c78d99652bdd825dee6a04556c617d9,1674,identical,byte-identical to curated source
configs/ieee14_spectral_smoke.yaml,configs/ieee14_spectral_smoke.yaml,1af014360a841d9ba71da49dd157e1a20162a67ca4fff789b4062e50ad57e92e,1af014360a841d9ba71da49dd157e1a20162a67ca4fff789b4062e50ad57e92e,646,identical,byte-identical to curated source
configs/ieee14_synthetic_sweeps.yaml,configs/ieee14_synthetic_sweeps.yaml,fbd34fc11de59e8ecc0e42f3e0d4a5e8dfb8aec41c0fdc8bd4c795c9b7403a1e,fbd34fc11de59e8ecc0e42f3e0d4a5e8dfb8aec41c0fdc8bd4c795c9b7403a1e,1027,identical,byte-identical to curated source
configs/joint_four_condition.yaml,configs/joint_four_condition.yaml,2790ab2354c6eca4fde79910158d946e571ceadad71cd81b1f2475db8a98719d,2790ab2354c6eca4fde79910158d946e571ceadad71cd81b1f2475db8a98719d,5311,identical,byte-identical to curated source
configs/literature_aligned_ieee14_wls.yaml,configs/literature_aligned_ieee14_wls.yaml,439427a6a61a388a8c4f3b0a2fbee7cdf2ec4415ae9bc94f9c76aee01d920c03,439427a6a61a388a8c4f3b0a2fbee7cdf2ec4415ae9bc94f9c76aee01d920c03,1442,identical,byte-identical to curated source
configs/literature_aligned_ieee30_robust_ac.yaml,configs/literature_aligned_ieee30_robust_ac.yaml,9c9a3bcc3d8bb81d2b18888deb19b14130f24e09333c3afdb3b144d3cda78195,9c9a3bcc3d8bb81d2b18888deb19b14130f24e09333c3afdb3b144d3cda78195,1506,identical,byte-identical to curated source
configs/nonlinear_ac_ieee118_seed10.yaml,configs/nonlinear_ac_ieee118_seed10.yaml,5b4a1c7c6d09317b8af92731893d54856886de2f4d3b7f2173d8c19ccbcd3f67,5b4a1c7c6d09317b8af92731893d54856886de2f4d3b7f2173d8c19ccbcd3f67,1970,identical,byte-identical to curated source
configs/nonlinear_ac_ieee14_seed10.yaml,configs/nonlinear_ac_ieee14_seed10.yaml,cb0afd53f626e123d831e2e979222ee712dcaf744be95956aba1256891f3b81b,cb0afd53f626e123d831e2e979222ee712dcaf744be95956aba1256891f3b81b,1918,identical,byte-identical to curated source
configs/nonlinear_ac_ieee300_reduced_runtime.yaml,configs/nonlinear_ac_ieee300_reduced_runtime.yaml,bddb3525721c5361e265b9d6155a4ca4c2092656dcf396f7d011818eeb79f255,bddb3525721c5361e265b9d6155a4ca4c2092656dcf396f7d011818eeb79f255,1852,identical,byte-identical to curated source
configs/nonlinear_ac_ieee300_seed10.yaml,configs/nonlinear_ac_ieee300_seed10.yaml,c0b2e754473a88735ee88b55d1dca89150baa481caa50c13cc25a15aa399290f,c0b2e754473a88735ee88b55d1dca89150baa481caa50c13cc25a15aa399290f,1982,identical,byte-identical to curated source
configs/nonlinear_ac_ieee30_seed10.yaml,configs/nonlinear_ac_ieee30_seed10.yaml,4d89e6db31b53eecb8d414e1911fb5f3fa6e4a9acce5c4ad6ba11188e8ff9504,4d89e6db31b53eecb8d414e1911fb5f3fa6e4a9acce5c4ad6ba11188e8ff9504,1926,identical,byte-identical to curated source
configs/nonlinear_ac_ieee57_seed10.yaml,configs/nonlinear_ac_ieee57_seed10.yaml,d334007cb23f7e7e556131d0c416a58c49e312c3bd72d7e3d0bafed43e308fff,d334007cb23f7e7e556131d0c416a58c49e312c3bd72d7e3d0bafed43e308fff,1926,identical,byte-identical to curated source
configs/output_aware_generalization.json,configs/output_aware_generalization.json,e9e556f2009df87b432b3abc4b1a7870faf15f483d4ed416459ac25aefb30843,e9e556f2009df87b432b3abc4b1a7870faf15f483d4ed416459ac25aefb30843,7505,identical,byte-identical to curated source
configs/output_aware_sparse_selection.json,configs/output_aware_sparse_selection.json,52b61209eb8723a1dc69ec04b465d2b738c6bfdeba8b58d62664c96fb120495b,52b61209eb8723a1dc69ec04b465d2b738c6bfdeba8b58d62664c96fb120495b,3830,identical,byte-identical to curated source
configs/output_aware_structural_generalization.json,configs/output_aware_structural_generalization.json,cd32d7c78cf5603cff15ceea6585f04afce0f9dc6b178e8d3fae10c8c0f03767,cd32d7c78cf5603cff15ceea6585f04afce0f9dc6b178e8d3fae10c8c0f03767,9010,identical,byte-identical to curated source
configs/qsvt_circuit_scaling.yaml,configs/qsvt_circuit_scaling.yaml,44298085f604d902356c502206812697197589daabdcca37ec7efa9439325224,44298085f604d902356c502206812697197589daabdcca37ec7efa9439325224,426,identical,byte-identical to curated source
configs/qsvt_full_matrix_ieee118.yaml,configs/qsvt_full_matrix_ieee118.yaml,2985fa155893522ace699f85a0001402e3fae65c3f6150ea6986c3ca3b47e718,2985fa155893522ace699f85a0001402e3fae65c3f6150ea6986c3ca3b47e718,486,identical,byte-identical to curated source
configs/qsvt_full_matrix_ieee14.yaml,configs/qsvt_full_matrix_ieee14.yaml,c5d7ded319ba16bf32252d58d0d5cbcbcc6d3df50815bec6c57c1764c45a5e50,c5d7ded319ba16bf32252d58d0d5cbcbcc6d3df50815bec6c57c1764c45a5e50,483,identical,byte-identical to curated source
configs/qsvt_full_matrix_ieee30.yaml,configs/qsvt_full_matrix_ieee30.yaml,34bbd8030a41302606af031bf57c95613c01afe535101caf7a8ef813dc246dee,34bbd8030a41302606af031bf57c95613c01afe535101caf7a8ef813dc246dee,483,identical,byte-identical to curated source
configs/qsvt_full_matrix_ieee300.yaml,configs/qsvt_full_matrix_ieee300.yaml,d4c5eaf7fee1e7dd37345a83bad4797078c88ba4d18608c651ff7215a079fb23,d4c5eaf7fee1e7dd37345a83bad4797078c88ba4d18608c651ff7215a079fb23,486,identical,byte-identical to curated source
configs/qsvt_full_matrix_ieee57.yaml,configs/qsvt_full_matrix_ieee57.yaml,22eb189a82a3012dd255f7a2af458326f954da4a09401912166c27e0641882ce,22eb189a82a3012dd255f7a2af458326f954da4a09401912166c27e0641882ce,483,identical,byte-identical to curated source
configs/qsvt_hardware_ieee14_2x2.yaml,configs/qsvt_hardware_ieee14_2x2.yaml,d5ddc42e086ce9bfc7b67a26a73db8e36a9fc977ada5eee8b06f5ee7f25ccb6d,d5ddc42e086ce9bfc7b67a26a73db8e36a9fc977ada5eee8b06f5ee7f25ccb6d,461,identical,byte-identical to curated source
configs/qsvt_hardware_ieee14_4x4.yaml,configs/qsvt_hardware_ieee14_4x4.yaml,ac4bc4ca78b8aae97fb01ef9c2f2b324b90fc38c4d9133263e140a686e7a3513,ac4bc4ca78b8aae97fb01ef9c2f2b324b90fc38c4d9133263e140a686e7a3513,461,identical,byte-identical to curated source
configs/qsvt_pennylane_demo.yaml,configs/qsvt_pennylane_demo.yaml,b774077880f7b748dd33336ac589c9e81f1cd6f7f9194b8f9c25c6908fffeee4,b774077880f7b748dd33336ac589c9e81f1cd6f7f9194b8f9c25c6908fffeee4,172,identical,byte-identical to curated source
configs/qsvt_pennylane_matrix_ieee118_submatrix.yaml,configs/qsvt_pennylane_matrix_ieee118_submatrix.yaml,f4315494b9ddf831041c8dd516e444f0c07a401143d6a9e419e8e9b1571ea013,f4315494b9ddf831041c8dd516e444f0c07a401143d6a9e419e8e9b1571ea013,403,identical,byte-identical to curated source
configs/qsvt_pennylane_matrix_ieee14.yaml,configs/qsvt_pennylane_matrix_ieee14.yaml,6a98e5a04e6b54fe0a67a84af63d831ffdb438793e09fb312820cab5b3f451fb,6a98e5a04e6b54fe0a67a84af63d831ffdb438793e09fb312820cab5b3f451fb,843,identical,byte-identical to curated source
configs/qsvt_pennylane_matrix_ieee14_4x4.yaml,configs/qsvt_pennylane_matrix_ieee14_4x4.yaml,bb21403dabc2d1d6dc2cb52b8c2cef613294a358de1681a483006b2529e58bbf,bb21403dabc2d1d6dc2cb52b8c2cef613294a358de1681a483006b2529e58bbf,388,identical,byte-identical to curated source
configs/qsvt_pennylane_matrix_ieee14_8x8.yaml,configs/qsvt_pennylane_matrix_ieee14_8x8.yaml,2944b1158d8abb7eedef977c72b340cb300f2e1a390de229249a132bca676f54,2944b1158d8abb7eedef977c72b340cb300f2e1a390de229249a132bca676f54,388,identical,byte-identical to curated source
configs/qsvt_pennylane_matrix_ieee14_full.yaml,configs/qsvt_pennylane_matrix_ieee14_full.yaml,053bf2bf44baf72e31d83ea20a153cf570776d5b3bce5de0c79a28f5bb642064,053bf2bf44baf72e31d83ea20a153cf570776d5b3bce5de0c79a28f5bb642064,360,identical,byte-identical to curated source
configs/qsvt_pennylane_matrix_ieee14_full_attempt.yaml,configs/qsvt_pennylane_matrix_ieee14_full_attempt.yaml,950aa6c3b28e1dfcc83e56fe25ec67caeba36ee27c485143391f6a22adf3a255,950aa6c3b28e1dfcc83e56fe25ec67caeba36ee27c485143391f6a22adf3a255,376,identical,byte-identical to curated source
configs/qsvt_pennylane_matrix_ieee300_submatrix.yaml,configs/qsvt_pennylane_matrix_ieee300_submatrix.yaml,92cdaef425ba9cacb500c77be29bfcb5e65d05bcd079a06a73286089f9b41581,92cdaef425ba9cacb500c77be29bfcb5e65d05bcd079a06a73286089f9b41581,403,identical,byte-identical to curated source
configs/qsvt_pennylane_matrix_ieee30_4x4.yaml,configs/qsvt_pennylane_matrix_ieee30_4x4.yaml,d271d7937b788243ea8a02dc7de29aee0d08c51dbc0515bc2a748da70e8b56a7,d271d7937b788243ea8a02dc7de29aee0d08c51dbc0515bc2a748da70e8b56a7,388,identical,byte-identical to curated source
configs/qsvt_pennylane_matrix_ieee30_8x8.yaml,configs/qsvt_pennylane_matrix_ieee30_8x8.yaml,e88e9f247ea8e73ba80389b9b9d45585305d3b2276aa2c1582b76c2d17d76e20,e88e9f247ea8e73ba80389b9b9d45585305d3b2276aa2c1582b76c2d17d76e20,388,identical,byte-identical to curated source
configs/qsvt_pennylane_matrix_ieee30_full.yaml,configs/qsvt_pennylane_matrix_ieee30_full.yaml,50e113bb5ab9c0fb807e09d67fdcaf7ee1d9800ade6ef8701b7d3a742c1c3bde,50e113bb5ab9c0fb807e09d67fdcaf7ee1d9800ade6ef8701b7d3a742c1c3bde,360,identical,byte-identical to curated source
configs/qsvt_pennylane_matrix_ieee30_full_attempt.yaml,configs/qsvt_pennylane_matrix_ieee30_full_attempt.yaml,b02466b609ed581f8b8a4717d737234c342622db7c9988bc1a4efbd3a561dff8,b02466b609ed581f8b8a4717d737234c342622db7c9988bc1a4efbd3a561dff8,376,identical,byte-identical to curated source
configs/qsvt_pennylane_matrix_ieee57_full_or_submatrix.yaml,configs/qsvt_pennylane_matrix_ieee57_full_or_submatrix.yaml,2f5f92fef8cbbb15ce4ae56a95ac0c8e09c0d5d6c065d2ae0f76427e5481a347,2f5f92fef8cbbb15ce4ae56a95ac0c8e09c0d5d6c065d2ae0f76427e5481a347,386,identical,byte-identical to curated source
configs/qsvt_phase2_boundary.yaml,configs/qsvt_phase2_boundary.yaml,9fdea5010bef1f8d3a155696e8fca870497519160f2ae70503b53f634bb19e22,9fdea5010bef1f8d3a155696e8fca870497519160f2ae70503b53f634bb19e22,606,identical,byte-identical to curated source
configs/qsvt_phase3_resource_reproducibility.yaml,configs/qsvt_phase3_resource_reproducibility.yaml,7b5972d4d8f580ebd3f672cb06114d2f8427e62b6dcc77b3d57da5e89e6c7bc3,7b5972d4d8f580ebd3f672cb06114d2f8427e62b6dcc77b3d57da5e89e6c7bc3,1295,identical,byte-identical to curated source
configs/qsvt_phase_demo.yaml,configs/qsvt_phase_demo.yaml,e799ae81cfe90bd69b7c396ab101830da228f68280712d6e41ab115535dbcd32,e799ae81cfe90bd69b7c396ab101830da228f68280712d6e41ab115535dbcd32,258,identical,byte-identical to curated source
configs/qsvt_phase_demo_improved.yaml,configs/qsvt_phase_demo_improved.yaml,9eb1cda3f5c5317f5cf88f0eabe062b2846f8638a8be4222a88d57bb5969a1a4,9eb1cda3f5c5317f5cf88f0eabe062b2846f8638a8be4222a88d57bb5969a1a4,307,identical,byte-identical to curated source
configs/qsvt_phase_synthesis_full.yaml,configs/qsvt_phase_synthesis_full.yaml,d2479b62fb80df649298177fc19e7b545da68d910beff27a8c4a02e290eb356f,d2479b62fb80df649298177fc19e7b545da68d910beff27a8c4a02e290eb356f,389,identical,byte-identical to curated source
configs/qsvt_phase_validation_alpha001.yaml,configs/qsvt_phase_validation_alpha001.yaml,268542ce0b7b7dae36972379010ac1fdb1cd175b802a552380461c080f619c6d,268542ce0b7b7dae36972379010ac1fdb1cd175b802a552380461c080f619c6d,449,identical,byte-identical to curated source
configs/qsvt_phase_validation_alpha01.yaml,configs/qsvt_phase_validation_alpha01.yaml,33aaebce720831c60fc07f3ce607fa20e68ac5d068b9c9a4edc5b17ea7a1b531,33aaebce720831c60fc07f3ce607fa20e68ac5d068b9c9a4edc5b17ea7a1b531,445,identical,byte-identical to curated source
configs/qsvt_phase_validation_degree15.yaml,configs/qsvt_phase_validation_degree15.yaml,7bef381fa931f1d8d86ad0250ecd5c14fbf061db7b573023227644ae4530c8ee,7bef381fa931f1d8d86ad0250ecd5c14fbf061db7b573023227644ae4530c8ee,448,identical,byte-identical to curated source
configs/qsvt_phase_validation_degree25.yaml,configs/qsvt_phase_validation_degree25.yaml,013ce57ea72e3be98cb208888d349a0a9b48444a6ea9dd28f3f18404cdba80e3,013ce57ea72e3be98cb208888d349a0a9b48444a6ea9dd28f3f18404cdba80e3,448,identical,byte-identical to curated source
configs/qsvt_phase_validation_degree35.yaml,configs/qsvt_phase_validation_degree35.yaml,6f927253a69bc767db6a3f4da12cd3a38716a8cf8858b0c9d64b97866cae96e5,6f927253a69bc767db6a3f4da12cd3a38716a8cf8858b0c9d64b97866cae96e5,448,identical,byte-identical to curated source
configs/qsvt_phase_validation_paper.yaml,configs/qsvt_phase_validation_paper.yaml,9e0f38127d7347008ad37d8e4a8089131094d0e8503bc0dbde10b44804d45527,9e0f38127d7347008ad37d8e4a8089131094d0e8503bc0dbde10b44804d45527,608,identical,byte-identical to curated source
configs/qsvt_qiskit_demo.yaml,configs/qsvt_qiskit_demo.yaml,96f2bf846187e50da4f74a5dfa6cf21b9c4e3a637bbab49e6c594b1acc5545c3,96f2bf846187e50da4f74a5dfa6cf21b9c4e3a637bbab49e6c594b1acc5545c3,138,identical,byte-identical to curated source
configs/qsvt_qiskit_matrix_ieee118_submatrix.yaml,configs/qsvt_qiskit_matrix_ieee118_submatrix.yaml,dd603206a7b6aad913ba9a6b0414ddb88b823e4d987a3d920b588586224180c7,dd603206a7b6aad913ba9a6b0414ddb88b823e4d987a3d920b588586224180c7,424,identical,byte-identical to curated source
configs/qsvt_qiskit_matrix_ieee14.yaml,configs/qsvt_qiskit_matrix_ieee14.yaml,831d6f7d7a3595f91b9083df787863fcdcf8d03ed5a2ba623d5b7de6a4ec2d9a,831d6f7d7a3595f91b9083df787863fcdcf8d03ed5a2ba623d5b7de6a4ec2d9a,837,identical,byte-identical to curated source
configs/qsvt_qiskit_matrix_ieee14_4x4.yaml,configs/qsvt_qiskit_matrix_ieee14_4x4.yaml,9da2b28d5aafded43ce084726919ae3af6199c1522384c5c95cfc23496f69f42,9da2b28d5aafded43ce084726919ae3af6199c1522384c5c95cfc23496f69f42,409,identical,byte-identical to curated source
configs/qsvt_qiskit_matrix_ieee14_8x8.yaml,configs/qsvt_qiskit_matrix_ieee14_8x8.yaml,010596b2cb1a649f20e2b3364f8e4e347ecb70996bdc904599fe0cc4ae8222fa,010596b2cb1a649f20e2b3364f8e4e347ecb70996bdc904599fe0cc4ae8222fa,409,identical,byte-identical to curated source
configs/qsvt_qiskit_matrix_ieee14_full.yaml,configs/qsvt_qiskit_matrix_ieee14_full.yaml,589ca3e93ed6792fce6a383d5501d3966f7a6998bf6b5b76056874c774bb7892,589ca3e93ed6792fce6a383d5501d3966f7a6998bf6b5b76056874c774bb7892,381,identical,byte-identical to curated source
configs/qsvt_qiskit_matrix_ieee300_submatrix.yaml,configs/qsvt_qiskit_matrix_ieee300_submatrix.yaml,151e9d69c34280ce82ec06a5d96add9e3ccde9e63b137bb0bbc1329845c601a8,151e9d69c34280ce82ec06a5d96add9e3ccde9e63b137bb0bbc1329845c601a8,424,identical,byte-identical to curated source
configs/qsvt_qiskit_matrix_ieee30_4x4.yaml,configs/qsvt_qiskit_matrix_ieee30_4x4.yaml,8fa62bc072b44924dfa53f7777e73cd46e83cbbbd5cd8376d4f8022bbb55d9ee,8fa62bc072b44924dfa53f7777e73cd46e83cbbbd5cd8376d4f8022bbb55d9ee,409,identical,byte-identical to curated source
configs/qsvt_qiskit_matrix_ieee30_8x8.yaml,configs/qsvt_qiskit_matrix_ieee30_8x8.yaml,a332196db37ae56c552968ebda7eb78680db855ca19dddbd858f587b4cea591b,a332196db37ae56c552968ebda7eb78680db855ca19dddbd858f587b4cea591b,409,identical,byte-identical to curated source
configs/qsvt_qiskit_matrix_ieee30_full_or_submatrix.yaml,configs/qsvt_qiskit_matrix_ieee30_full_or_submatrix.yaml,135ff164657cd6f5bfe61f089371f2c3ae7317f8facecc7397c26089064781e5,135ff164657cd6f5bfe61f089371f2c3ae7317f8facecc7397c26089064781e5,437,identical,byte-identical to curated source
configs/qsvt_qiskit_matrix_ieee57_submatrix.yaml,configs/qsvt_qiskit_matrix_ieee57_submatrix.yaml,efe388a004dbf3f3c2f7d12d2efcf7caf99949e1ebfa9b5fb580fe28c7387d40,efe388a004dbf3f3c2f7d12d2efcf7caf99949e1ebfa9b5fb580fe28c7387d40,421,identical,byte-identical to curated source
configs/qsvt_resource_full_ieee.yaml,configs/qsvt_resource_full_ieee.yaml,0f5bfb7de1a30c96bd734bea1e2b0529ff5b924eb40d8baaeb44ce34acb6cf46,0f5bfb7de1a30c96bd734bea1e2b0529ff5b924eb40d8baaeb44ce34acb6cf46,758,identical,byte-identical to curated source
configs/real_ieee118.yaml,configs/real_ieee118.yaml,cfdabedf031d7f3c7acdaca744d871a8de434ee2f4182499439119b82380a4e2,cfdabedf031d7f3c7acdaca744d871a8de434ee2f4182499439119b82380a4e2,1752,identical,byte-identical to curated source
configs/real_ieee14.yaml,configs/real_ieee14.yaml,aa1cbee3785da797ad7b97d2c4db2191a7132bdb980b73aa82318428e1584522,aa1cbee3785da797ad7b97d2c4db2191a7132bdb980b73aa82318428e1584522,1715,identical,byte-identical to curated source
configs/real_ieee30.yaml,configs/real_ieee30.yaml,9504d2a8f62c2ef30bbbc83a94c1c6e8128e086127051d81ab64fa1ffbc746b1,9504d2a8f62c2ef30bbbc83a94c1c6e8128e086127051d81ab64fa1ffbc746b1,1723,identical,byte-identical to curated source
configs/real_ieee300.yaml,configs/real_ieee300.yaml,dd5af19c4df1be5380dd0463a3e899b83c370074f175f3257609c1ad6704a01d,dd5af19c4df1be5380dd0463a3e899b83c370074f175f3257609c1ad6704a01d,1779,identical,byte-identical to curated source
configs/real_ieee30_high_stress_missing_baselines.yaml,configs/real_ieee30_high_stress_missing_baselines.yaml,5797a66563da491c9e193a8f52f0e632f502eb8b201bba52f5ca4399f650c10b,5797a66563da491c9e193a8f52f0e632f502eb8b201bba52f5ca4399f650c10b,1561,identical,byte-identical to curated source
configs/real_ieee57.yaml,configs/real_ieee57.yaml,183ee38dd2d562e4a7bbfc3d065652e178ba8482ae0370cecb0e99a9cb462d0b,183ee38dd2d562e4a7bbfc3d065652e178ba8482ae0370cecb0e99a9cb462d0b,1723,identical,byte-identical to curated source
configs/real_ieee_high_stress_missing_baselines.yaml,configs/real_ieee_high_stress_missing_baselines.yaml,822e50cde9f95a0824f699b4d807d0e27b3dd4a48d7164bfd52e1f47fb3196d6,822e50cde9f95a0824f699b4d807d0e27b3dd4a48d7164bfd52e1f47fb3196d6,1549,identical,byte-identical to curated source
configs/reviewer_blocking_tqe_evidence/high_degree.json,configs/reviewer_blocking_tqe_evidence/high_degree.json,d4c5e3f482cd0394e4c09ed9c152f025743b0596db056af1940aafbce9a8481c,d4c5e3f482cd0394e4c09ed9c152f025743b0596db056af1940aafbce9a8481c,843,identical,byte-identical to curated source
configs/reviewer_blocking_tqe_evidence/high_degree_smoke.json,configs/reviewer_blocking_tqe_evidence/high_degree_smoke.json,2a46d2dc851f5e00aff90ff549f024d86989da87a34a81c13279f7fa3cc56e85,2a46d2dc851f5e00aff90ff549f024d86989da87a34a81c13279f7fa3cc56e85,662,identical,byte-identical to curated source
configs/reviewer_blocking_tqe_evidence/physical_accuracy.json,configs/reviewer_blocking_tqe_evidence/physical_accuracy.json,370318a03492e433acabc0465b643dbd4c0ced9497f307c08d4aa4b397a35dca,370318a03492e433acabc0465b643dbd4c0ced9497f307c08d4aa4b397a35dca,974,identical,byte-identical to curated source
configs/reviewer_blocking_tqe_evidence/structure_stats.json,configs/reviewer_blocking_tqe_evidence/structure_stats.json,1d5ce31e5adad04dcc63e510b36e23d0f8f3d5923b022d97615a6cbff13184fd,1d5ce31e5adad04dcc63e510b36e23d0f8f3d5923b022d97615a6cbff13184fd,449,identical,byte-identical to curated source
configs/reviewer_blocking_tqe_evidence/task_aware_baselines.json,configs/reviewer_blocking_tqe_evidence/task_aware_baselines.json,8baf4bd22bb29d98037c3d1c51e81fd8f723b18d5a0cf854db9d862886b67a32,8baf4bd22bb29d98037c3d1c51e81fd8f723b18d5a0cf854db9d862886b67a32,969,identical,byte-identical to curated source
configs/sparse_error_precision_study.json,configs/sparse_error_precision_study.json,63a7c18065519a41a5d2dedb88949bee506f67204b4cfd94329b8f1f29387bf5,63a7c18065519a41a5d2dedb88949bee506f67204b4cfd94329b8f1f29387bf5,1852,identical,byte-identical to curated source
configs/tqe_closed_loop_nonlinear_update.yaml,configs/tqe_closed_loop_nonlinear_update.yaml,d8a33a283933fc12ded25f5a14c533d20873581988e18469e8b73469eeaae053,d8a33a283933fc12ded25f5a14c533d20873581988e18469e8b73469eeaae053,4796,identical,byte-identical to curated source
configs/tqe_degree_lambda_error_scaling.yaml,configs/tqe_degree_lambda_error_scaling.yaml,7f8b12cb608f94a5ab96561f9214598ba2511ace96c9411ff9afd6f9c5ae412b,7f8b12cb608f94a5ab96561f9214598ba2511ace96c9411ff9afd6f9c5ae412b,2894,identical,byte-identical to curated source
configs/tqe_measurement_row_sparsification.yaml,configs/tqe_measurement_row_sparsification.yaml,61b08333e7a43fd5f0e9007be790bbf301a3eb43bd3b489e6beaab62dca41186,61b08333e7a43fd5f0e9007be790bbf301a3eb43bd3b489e6beaab62dca41186,1772,identical,byte-identical to curated source
configs/tqe_nonlinear_qsvt_circuit_loop.yaml,configs/tqe_nonlinear_qsvt_circuit_loop.yaml,e93757a313d858a7cf5da5a2fbdbdb73de9d311b9576fc6e4043175a38baa5c8,e93757a313d858a7cf5da5a2fbdbdb73de9d311b9576fc6e4043175a38baa5c8,2378,identical,byte-identical to curated source
configs/tqe_physical_alignment/campaign.json,configs/tqe_physical_alignment/campaign.json,c7bc24aaaf63171bbd185f40502d3f2c8ed7f9a4f527c2eb430ea611545d5026,c7bc24aaaf63171bbd185f40502d3f2c8ed7f9a4f527c2eb430ea611545d5026,10360,identical,byte-identical to curated source
configs/tqe_reviewer_blocking/joint_feasibility.json,configs/tqe_reviewer_blocking/joint_feasibility.json,5f655a2094a9feea9ef95c4ac00e74244c35ed2b3c8bd0e459f550e9d72cda59,5f655a2094a9feea9ef95c4ac00e74244c35ed2b3c8bd0e459f550e9d72cda59,739,identical,byte-identical to curated source
configs/tqe_reviewer_blocking/joint_feasibility_smoke.json,configs/tqe_reviewer_blocking/joint_feasibility_smoke.json,0a1ad857701d78a59b7e27459fb6b68e56f275c0789640500cb2c07180cf6fc1,0a1ad857701d78a59b7e27459fb6b68e56f275c0789640500cb2c07180cf6fc1,657,identical,byte-identical to curated source
configs/tqe_reviewer_blocking/physical_functionals.json,configs/tqe_reviewer_blocking/physical_functionals.json,70ca16334c2d812d71a4631807ed0c685a6fd7b596701dffcc38d5bba5cf2204,70ca16334c2d812d71a4631807ed0c685a6fd7b596701dffcc38d5bba5cf2204,522,identical,byte-identical to curated source
configs/tqe_reviewer_blocking/resource_pareto.json,configs/tqe_reviewer_blocking/resource_pareto.json,5fe2458edab89f4512fd42eed382443e17acda06bf91fb60e508b9a15017f561,5fe2458edab89f4512fd42eed382443e17acda06bf91fb60e508b9a15017f561,818,identical,byte-identical to curated source
configs/tqe_reviewer_blocking/resource_pareto_smoke.json,configs/tqe_reviewer_blocking/resource_pareto_smoke.json,8740d22d096dd1f24ae8da9c89b718378166282205fa7a7f953ca2a56472f076,8740d22d096dd1f24ae8da9c89b718378166282205fa7a7f953ca2a56472f076,475,identical,byte-identical to curated source
configs/tqe_reviewer_blocking/strong_baselines.json,configs/tqe_reviewer_blocking/strong_baselines.json,24323a89c7078c6c53511737c2bd73c63ae3d8ee771d55923ee08a3f06381c38,24323a89c7078c6c53511737c2bd73c63ae3d8ee771d55923ee08a3f06381c38,1011,identical,byte-identical to curated source
configs/tqe_reviewer_blocking/strong_baselines_smoke.json,configs/tqe_reviewer_blocking/strong_baselines_smoke.json,40b3f4bc98bc62be99a333c08c557fc15a004f239ecb8d8c24bde351498c5b12,40b3f4bc98bc62be99a333c08c557fc15a004f239ecb8d8c24bde351498c5b12,774,identical,byte-identical to curated source
data_manifest.json,,79175ce99ff55cfd6263262cf62d2bd4dc4bbdae60e65c0f03b2ed0bc4c838f0,,4357,created_release_metadata,generated for the clean candidate
docs/ARTIFACT_CHECKLIST.md,docs/ARTIFACT_CHECKLIST.md,6cb8958d81c6cafee16121fbf19bea8c10c6a2b473ac6e8cd024b0588b1b1f4a,b85344666f023c84d3c68547ca9a0775219034a60e55b2d66da1001815b73814,2915,modified_documentation,prose only; pointers and scope wording
docs/CLAIM_SCOPE.md,docs/CLAIM_SCOPE.md,c9b4ebe6044c29efaf209fd9943ba84b785f324cbb4504990f4a0d8130aad503,c9b4ebe6044c29efaf209fd9943ba84b785f324cbb4504990f4a0d8130aad503,3486,identical,byte-identical to curated source
docs/DEGREE_AWARE_ALPHA_SELECTION.md,docs/DEGREE_AWARE_ALPHA_SELECTION.md,3be01d9f53a8bfb30c44b6471dd244340e457f9f1344534336e19f39ff371b58,3be01d9f53a8bfb30c44b6471dd244340e457f9f1344534336e19f39ff371b58,4001,identical,byte-identical to curated source
docs/EXPERIMENT_MEASUREMENT_MODEL.md,docs/EXPERIMENT_MEASUREMENT_MODEL.md,5c3258586224a184bca5a0437f2864ee3d024ce0eec53a49765dc2de4dd4abc5,5c3258586224a184bca5a0437f2864ee3d024ce0eec53a49765dc2de4dd4abc5,6695,identical,byte-identical to curated source
docs/EXPERIMENT_MODEL.md,docs/EXPERIMENT_MODEL.md,01719a182b2121eed40dafc450f453e417c884c906e5ec169a04e86008faaf24,01719a182b2121eed40dafc450f453e417c884c906e5ec169a04e86008faaf24,5438,identical,byte-identical to curated source
docs/LITERATURE_ALIGNED_CONFIG_VALIDATION.md,docs/LITERATURE_ALIGNED_CONFIG_VALIDATION.md,97c446b24e7c7a880eb2ce564ab831fde5f61c98de32463ce07590bb845453c8,97c446b24e7c7a880eb2ce564ab831fde5f61c98de32463ce07590bb845453c8,3159,identical,byte-identical to curated source
docs/MEASUREMENT_MODEL.md,docs/MEASUREMENT_MODEL.md,19db1d64ccb0678c28a1049b51ed6956a6ed725efa9abcfba28d82003cc1225b,19db1d64ccb0678c28a1049b51ed6956a6ed725efa9abcfba28d82003cc1225b,4665,identical,byte-identical to curated source
docs/QSVT_APPROXIMATION_VALIDATION.md,docs/QSVT_APPROXIMATION_VALIDATION.md,9aa799353c5ca62be603dee9c48ef48e42d8a3b2f84c0ead8ed604e33c2724fb,9aa799353c5ca62be603dee9c48ef48e42d8a3b2f84c0ead8ed604e33c2724fb,11905,identical,byte-identical to curated source
docs/QSVT_BLOCK_ENCODING_SCALABILITY.md,docs/QSVT_BLOCK_ENCODING_SCALABILITY.md,4bc43d115413048c948010b85eb3ea9653fbd0c87a69cd7add45a437cb20c897,4bc43d115413048c948010b85eb3ea9653fbd0c87a69cd7add45a437cb20c897,1937,identical,byte-identical to curated source
docs/QSVT_ENGINEERING_EXTENSION.md,docs/QSVT_ENGINEERING_EXTENSION.md,0a43b0a43908f9327968e7704a58202e9c9f29d9beea978b747215a13b9fc422,0a43b0a43908f9327968e7704a58202e9c9f29d9beea978b747215a13b9fc422,23601,identical,byte-identical to curated source
docs/QSVT_EXTERNAL_PHASE_BACKENDS.md,docs/QSVT_EXTERNAL_PHASE_BACKENDS.md,73adba0ffa26a76f2318f833a70d760e77102a73c9268bbfca8dcef48b86fdc5,73adba0ffa26a76f2318f833a70d760e77102a73c9268bbfca8dcef48b86fdc5,4995,identical,byte-identical to curated source
docs/QSVT_IEEE300_SPECTRAL_DIAGNOSTIC.md,docs/QSVT_IEEE300_SPECTRAL_DIAGNOSTIC.md,5bd07c899bc7106276442404e18f53f1e47f6e0509a721b9f90f28c1cdda8392,5bd07c899bc7106276442404e18f53f1e47f6e0509a721b9f90f28c1cdda8392,4414,identical,byte-identical to curated source
docs/QSVT_MULTICASE_DEGREE_SEARCH.md,docs/QSVT_MULTICASE_DEGREE_SEARCH.md,be8cf9c77a8b166fdaa6078a775f85ef60d9428325556f5e09fc906f5fc3474c,be8cf9c77a8b166fdaa6078a775f85ef60d9428325556f5e09fc906f5fc3474c,3600,identical,byte-identical to curated source
docs/QSVT_NONBRUTEFORCE_REFINEMENT.md,docs/QSVT_NONBRUTEFORCE_REFINEMENT.md,3dccb358663c5b65a151a817f099582515e2dbc6242b6f8986c1ff14d0041b37,3dccb358663c5b65a151a817f099582515e2dbc6242b6f8986c1ff14d0041b37,3748,identical,byte-identical to curated source
docs/QSVT_PHASE2_PRECONDITIONED_ALPHA.md,docs/QSVT_PHASE2_PRECONDITIONED_ALPHA.md,fe082614058b89ab87657f343d78f8153498f4e04b965e7e470c847736af545e,fe082614058b89ab87657f343d78f8153498f4e04b965e7e470c847736af545e,3513,identical,byte-identical to curated source
docs/QSVT_PHASE_RESPONSE_CONVENTIONS.md,docs/QSVT_PHASE_RESPONSE_CONVENTIONS.md,6da42c346aa4b7353b2015cea422487b1007801994feefd8856108ff952c62d8,6da42c346aa4b7353b2015cea422487b1007801994feefd8856108ff952c62d8,7585,identical,byte-identical to curated source
docs/QSVT_PRECONDITIONED_IEEE300_VARIANT.md,docs/QSVT_PRECONDITIONED_IEEE300_VARIANT.md,408bacb745b2b0618608815847dcaec311b5f1ee693d08d1a09203ee1f65840d,408bacb745b2b0618608815847dcaec311b5f1ee693d08d1a09203ee1f65840d,2629,identical,byte-identical to curated source
docs/QSVT_PRECONDITIONED_VARIANT_SWEEPS.md,docs/QSVT_PRECONDITIONED_VARIANT_SWEEPS.md,8a9f77031efd26c5f58e2ace14b1701429fdab13859b1c3f38e08e99a775f88f,8a9f77031efd26c5f58e2ace14b1701429fdab13859b1c3f38e08e99a775f88f,1858,identical,byte-identical to curated source
docs/QSVT_RESIDUAL_WEIGHTED_SPECTRAL_ERROR.md,docs/QSVT_RESIDUAL_WEIGHTED_SPECTRAL_ERROR.md,a260db000dae2deafef095df2fe71b36f077d9e2a4e26ec069423f37d876b1e4,a260db000dae2deafef095df2fe71b36f077d9e2a4e26ec069423f37d876b1e4,2131,identical,byte-identical to curated source
docs/QSVT_SELECTED_OBSERVABLE_WORKLOAD.md,docs/QSVT_SELECTED_OBSERVABLE_WORKLOAD.md,b6c238bde6069c2fe554d3de29fe4b9b0dd7351e2d625a70752cca31629bb309,b6c238bde6069c2fe554d3de29fe4b9b0dd7351e2d625a70752cca31629bb309,4180,identical,byte-identical to curated source
docs/QSVT_STABLE_PHASE_SYNTHESIS.md,docs/QSVT_STABLE_PHASE_SYNTHESIS.md,1b65d22821aa9fee2823ad0e5c132adfb995a5872551bb32b87cb5623fcc258e,1b65d22821aa9fee2823ad0e5c132adfb995a5872551bb32b87cb5623fcc258e,6577,identical,byte-identical to curated source
docs/QUICKSTART.md,docs/QUICKSTART.md,33388384b397c526b7c7ebb4e9b6187e7b57d96ccf75cc5c6bd077ab2da7447b,33388384b397c526b7c7ebb4e9b6187e7b57d96ccf75cc5c6bd077ab2da7447b,3504,identical,byte-identical to curated source
docs/RECTANGULAR_QSVT_CONVENTION_DERIVATION.md,docs/RECTANGULAR_QSVT_CONVENTION_DERIVATION.md,10942e8341c0a90cd6827e24fdf87b76ca1d6ce1c66778bfaf374c595529ef0b,10942e8341c0a90cd6827e24fdf87b76ca1d6ce1c66778bfaf374c595529ef0b,11244,identical,byte-identical to curated source
docs/REPRODUCIBILITY.md,docs/REPRODUCIBILITY.md,64db9c0604467d7aa8090ba7dad67507d2f6ecb16c0559def729d0191c2c9836,1721a7b837d88267d1c166d3615b005deab47a15377da6296cef25570eb0c144,8989,modified_documentation,prose only; pointers and scope wording
docs/SELECTED_SIGNED_READOUT.md,docs/SELECTED_SIGNED_READOUT.md,464a4156bceff6214c079a14bae30cc129254dcda8f6a1a3e7962fbe5eae41b7,464a4156bceff6214c079a14bae30cc129254dcda8f6a1a3e7962fbe5eae41b7,4052,identical,byte-identical to curated source
docs/SPARSE_ACCESS_MODEL.md,docs/SPARSE_ACCESS_MODEL.md,b4aa12f376d3231ceb98954a3d34091371a9f7b5bd4bc6a738390643f3044b19,b4aa12f376d3231ceb98954a3d34091371a9f7b5bd4bc6a738390643f3044b19,2840,identical,byte-identical to curated source
docs/SPARSE_ORACLE_BLOCK_ENCODING_SPEC.md,docs/SPARSE_ORACLE_BLOCK_ENCODING_SPEC.md,957df8dc063d90432b32e205a36697f607d02712bad709b9908864a835bc3c5f,957df8dc063d90432b32e205a36697f607d02712bad709b9908864a835bc3c5f,4146,identical,byte-identical to curated source
docs/TROUBLESHOOTING.md,docs/TROUBLESHOOTING.md,fe2d649763ff40aa4bfb03cc678ca6d0d091502f624550a4c5def3a029c40875,fe2d649763ff40aa4bfb03cc678ca6d0d091502f624550a4c5def3a029c40875,4191,identical,byte-identical to curated source
docs/data_access.md,docs/data_access.md,af8a798c5f8e6bd2ad32a51b11a2ca7329f7c50f5d57f45d93b475bf216f5bf8,79f65c266a7d65140e02cba36a70cb09aba6c2a2eaa70b5f58796b756820ffed,4763,modified_documentation,prose only; pointers and scope wording
docs/dataset_strategy.md,docs/dataset_strategy.md,f1a0ae32385ba42bded8fbd1bc2b2456e23e68a2976c4f27581c4d1ce913b8e0,f1a0ae32385ba42bded8fbd1bc2b2456e23e68a2976c4f27581c4d1ce913b8e0,5413,identical,byte-identical to curated source
docs/datasets.md,docs/datasets.md,61a1b8faef416f2e8446ec0d5e495dba7a0804012cde227ecc8e50c4e8a47608,61a1b8faef416f2e8446ec0d5e495dba7a0804012cde227ecc8e50c4e8a47608,6204,identical,byte-identical to curated source
docs/ieee300_run_guide.md,docs/ieee300_run_guide.md,61b52b458a75cf4c862d9704cc0860718cc5cb141f62bf59a56074f18974bc47,61b52b458a75cf4c862d9704cc0860718cc5cb141f62bf59a56074f18974bc47,2433,identical,byte-identical to curated source
docs/qsvt_implementation_scope.md,docs/qsvt_implementation_scope.md,15ba40ca635f8b243427229d05e53f7f20566c948bad240c0136ab433ca1db74,15ba40ca635f8b243427229d05e53f7f20566c948bad240c0136ab433ca1db74,7308,identical,byte-identical to curated source
environment.yml,environment.yml,09262c0afacc05284d70f5db85fd6fa7d886cbde42a6b70cfae2386a0c200a83,09262c0afacc05284d70f5db85fd6fa7d886cbde42a6b70cfae2386a0c200a83,131,identical,byte-identical to curated source
examples/expected_outputs/README.md,examples/expected_outputs/README.md,4b8e602342ef461053db046fb74cfe87685e5d9c9092d7a0ac583e329638c72c,4b8e602342ef461053db046fb74cfe87685e5d9c9092d7a0ac583e329638c72c,1556,identical,byte-identical to curated source
examples/ieee14_quickstart/README.md,examples/ieee14_quickstart/README.md,d5fa4fe753cb69fa2df271a92dbd926237d449fbb7c5ddc6a87781ce9424e6ef,d5fa4fe753cb69fa2df271a92dbd926237d449fbb7c5ddc6a87781ce9424e6ef,919,identical,byte-identical to curated source
examples/ieee14_quickstart/config.yaml,examples/ieee14_quickstart/config.yaml,49ca2c2fa122e3f6a577934dd85e42af47a7877128bb32ed5aec59c1e83a682d,49ca2c2fa122e3f6a577934dd85e42af47a7877128bb32ed5aec59c1e83a682d,813,identical,byte-identical to curated source
examples/ieee14_quickstart/expected_output.md,examples/ieee14_quickstart/expected_output.md,109d80be011ede05156228b91f9239e7e97e46c258ff02d4b5904c9136a2aab4,109d80be011ede05156228b91f9239e7e97e46c258ff02d4b5904c9136a2aab4,1099,identical,byte-identical to curated source
examples/minimal_run/README.md,examples/minimal_run/README.md,8ef42969e1685fbdff459d6af7fb2458e48543c21ca191f2d74587c745e44302,8ef42969e1685fbdff459d6af7fb2458e48543c21ca191f2d74587c745e44302,666,identical,byte-identical to curated source
examples/minimal_run/config.yaml,examples/minimal_run/config.yaml,c1ecbe2b1570a5bbaeba9362f38190538f4941f46cb29bfffb284357d4c62e1b,c1ecbe2b1570a5bbaeba9362f38190538f4941f46cb29bfffb284357d4c62e1b,648,identical,byte-identical to curated source
outputs/classical_selected_observable_baseline/baseline_summary.csv,outputs/classical_selected_observable_baseline/baseline_summary.csv,a91c1a4d4cbaaa60c4964647f0cc5deff51b9e659ee4dce22d1188773a3f54df,a91c1a4d4cbaaa60c4964647f0cc5deff51b9e659ee4dce22d1188773a3f54df,20043,identical,byte-identical to curated source
outputs/cross_case_larger_block_validation/cross_case/block_inventory.json,outputs/cross_case_larger_block_validation/cross_case/block_inventory.json,2282f71010f290841edfd92b2bd4023058ca77b4bb7a41e1a19e63a035f5418d,2282f71010f290841edfd92b2bd4023058ca77b4bb7a41e1a19e63a035f5418d,3227,identical,byte-identical to curated source
outputs/cross_case_larger_block_validation/cross_case/functional_inventory.json,outputs/cross_case_larger_block_validation/cross_case/functional_inventory.json,6cd34cb405a735dd73a0dfb33f3e12729b798ae78f887bfd857c1e464cca5ebc,6cd34cb405a735dd73a0dfb33f3e12729b798ae78f887bfd857c1e464cca5ebc,17038,identical,byte-identical to curated source
outputs/cross_case_larger_block_validation/cross_case/joint_feasibility_grid.csv,outputs/cross_case_larger_block_validation/cross_case/joint_feasibility_grid.csv,2a2c7ad2a04660f56f8bfb29d98f30c1f7bfb4e987f7d5ad2e6272e7d7fd42ee,2a2c7ad2a04660f56f8bfb29d98f30c1f7bfb4e987f7d5ad2e6272e7d7fd42ee,138072,identical,byte-identical to curated source
outputs/cross_case_larger_block_validation/cross_case/phase_cache/cdc62bf64bfb0d927e4d10f3_metadata.json,outputs/cross_case_larger_block_validation/cross_case/phase_cache/cdc62bf64bfb0d927e4d10f3_metadata.json,7c2e90980d6bc1fc4d57f1308ad6447b89ae10511af6aceea75aa76fb9de30f2,7c2e90980d6bc1fc4d57f1308ad6447b89ae10511af6aceea75aa76fb9de30f2,542,identical,byte-identical to curated source
outputs/cross_case_larger_block_validation/cross_case/phase_cache/cdc62bf64bfb0d927e4d10f3_phase_angles.csv,outputs/cross_case_larger_block_validation/cross_case/phase_cache/cdc62bf64bfb0d927e4d10f3_phase_angles.csv,e3c31658084b43e532e2a0657bc351572b8caddbbc259d8ed4fe3b05c207a047,e3c31658084b43e532e2a0657bc351572b8caddbbc259d8ed4fe3b05c207a047,721,identical,byte-identical to curated source
outputs/cross_case_larger_block_validation/cross_case/support_paths.json,outputs/cross_case_larger_block_validation/cross_case/support_paths.json,8d06534130ff8d838cf8aeb82bbb53f3f06acfe17168746b9fe05493561679fb,8d06534130ff8d838cf8aeb82bbb53f3f06acfe17168746b9fe05493561679fb,71828,identical,byte-identical to curated source
outputs/examples/README.md,outputs/examples/README.md,9b77084fdaf29fbca8cbe283bdd1e4271a958173dcfd04b11dea58dbca25a898,9b77084fdaf29fbca8cbe283bdd1e4271a958173dcfd04b11dea58dbca25a898,444,identical,byte-identical to curated source
outputs/examples/smoke_test/ac_linearized/config_resolved.omission.json,,f6bc6cbf17ec8461d4a66bd41783449503fc54feaec394b7afeebaf7d9376156,,629,created_privacy_substitute,hash-bearing record replacing a snapshot whose output.root was machine-local
outputs/examples/smoke_test/ac_linearized/metrics.csv,outputs/examples/smoke_test/ac_linearized/metrics.csv,8fa2a88fef3fe49235ceee1f91b8efca1f5bd483080941fa926d916f91b675dc,8fa2a88fef3fe49235ceee1f91b8efca1f5bd483080941fa926d916f91b675dc,1978,identical,byte-identical to curated source
outputs/examples/smoke_test/dc_linearized/config_resolved.omission.json,,0f308e1065d6f81f0a0e2336bc9762d3fc88ae928476613e310e72f6feb2e7d7,,629,created_privacy_substitute,hash-bearing record replacing a snapshot whose output.root was machine-local
outputs/examples/smoke_test/dc_linearized/metrics.csv,outputs/examples/smoke_test/dc_linearized/metrics.csv,0b909619753a084c3a0c4bc5a51ef8dfb71d4a73ff91f41649982f9817ab04a1,0b909619753a084c3a0c4bc5a51ef8dfb71d4a73ff91f41649982f9817ab04a1,1818,identical,byte-identical to curated source
outputs/examples/smoke_test/iterative_ac/config_resolved.omission.json,,16f9bc4befe359fab10b2c867869d81cd401f2151a259a53daf1435fbee031c1,,639,created_privacy_substitute,hash-bearing record replacing a snapshot whose output.root was machine-local
outputs/examples/smoke_test/iterative_ac/metrics.csv,outputs/examples/smoke_test/iterative_ac/metrics.csv,e7e4f7260a9f1983fd9fd6209440ec86aad96c9634e81334b7b33b6d3406d14d,e7e4f7260a9f1983fd9fd6209440ec86aad96c9634e81334b7b33b6d3406d14d,2043,identical,byte-identical to curated source
outputs/examples/smoke_test/robust_bad_data/config_resolved.omission.json,,449bc4bf49d19623bc3f8cdb28e30ffdbb3cf0cf72e6e3cef2b85e37ff9e54e4,,642,created_privacy_substitute,hash-bearing record replacing a snapshot whose output.root was machine-local
outputs/examples/smoke_test/robust_bad_data/metrics.csv,outputs/examples/smoke_test/robust_bad_data/metrics.csv,c6dd5bc1d0e525d77db6b3b278895f4e4371160e95632f5694c032a7abfd2115,c6dd5bc1d0e525d77db6b3b278895f4e4371160e95632f5694c032a7abfd2115,2708,identical,byte-identical to curated source
outputs/examples/smoke_test/synthetic/config_resolved.omission.json,,44de59d8711ac5317614c5b032d53b011d700b32d1692c92e877636411cad62b,,635,created_privacy_substitute,hash-bearing record replacing a snapshot whose output.root was machine-local
outputs/examples/smoke_test/synthetic/metrics.csv,outputs/examples/smoke_test/synthetic/metrics.csv,3a59515cb94cf57614592ffa9a68212c9dcc7e316d09a23ad7b6bb7e5ac11990,3a59515cb94cf57614592ffa9a68212c9dcc7e316d09a23ad7b6bb7e5ac11990,1877,identical,byte-identical to curated source
outputs/final_contribution_evidence/artifact_dependency_graph.json,outputs/final_contribution_evidence/artifact_dependency_graph.json,9e6fcfadb9ac4de0f47a95450ea2b70371c31673f549ba9e852710ce4e3cb90b,9e6fcfadb9ac4de0f47a95450ea2b70371c31673f549ba9e852710ce4e3cb90b,20331973,identical,byte-identical to curated source
outputs/final_contribution_evidence/canonical_limitation_registry.csv,outputs/final_contribution_evidence/canonical_limitation_registry.csv,eddbb18a44d99308d1031ef5c6d45906300f09f24f8191884fe11ea4bb193095,eddbb18a44d99308d1031ef5c6d45906300f09f24f8191884fe11ea4bb193095,1157002,identical,byte-identical to curated source
outputs/final_contribution_evidence/canonical_result_registry.csv,outputs/final_contribution_evidence/canonical_result_registry.csv,d25ec3458ae7fc737e289fe8dfd2ab8f64dbaf4c3b206111d99b6a84460d0edc,d25ec3458ae7fc737e289fe8dfd2ab8f64dbaf4c3b206111d99b6a84460d0edc,1096724,identical,byte-identical to curated source
outputs/final_contribution_evidence/conditioning_interpretation_violations.csv,outputs/final_contribution_evidence/conditioning_interpretation_violations.csv,0fc305db0cd237d751abd84c62c9b8334a2c482653e64aa54dd5feecefc1f5b2,0fc305db0cd237d751abd84c62c9b8334a2c482653e64aa54dd5feecefc1f5b2,3533,identical,byte-identical to curated source
outputs/final_contribution_evidence/excluded_claim_guard_report.json,outputs/final_contribution_evidence/excluded_claim_guard_report.json,44839d922aac8769fdf89fcecac2b0477501b295f3d6216ff2a29aac5ef0f7d4,44839d922aac8769fdf89fcecac2b0477501b295f3d6216ff2a29aac5ef0f7d4,2630,identical,byte-identical to curated source
outputs/final_contribution_evidence/headline_result_check_summary.json,outputs/final_contribution_evidence/headline_result_check_summary.json,cbf0cf4039bc09e45cda7866f0c49662be2d5066b14a94872f505438f50c5d33,cbf0cf4039bc09e45cda7866f0c49662be2d5066b14a94872f505438f50c5d33,120,identical,byte-identical to curated source
outputs/final_contribution_evidence/headline_result_checks.csv,outputs/final_contribution_evidence/headline_result_checks.csv,f6d1c4781acf762fb32ae49bcddf7a97014a9a725621440c218460188d1641d4,f6d1c4781acf762fb32ae49bcddf7a97014a9a725621440c218460188d1641d4,15555,identical,byte-identical to curated source
outputs/final_contribution_evidence/near_zero_output_audit.csv,outputs/final_contribution_evidence/near_zero_output_audit.csv,dcf54e1f5769a31b47637e3baf9449e765d6d44bae9498ee5a3189d805beba45,dcf54e1f5769a31b47637e3baf9449e765d6d44bae9498ee5a3189d805beba45,991138,identical,byte-identical to curated source
outputs/final_contribution_evidence/near_zero_output_summary.csv,outputs/final_contribution_evidence/near_zero_output_summary.csv,d588b0c099c7548f6216edba74e4c6bfe9f0e8b2bc7d29dbb80ff8659e2fac44,d588b0c099c7548f6216edba74e4c6bfe9f0e8b2bc7d29dbb80ff8659e2fac44,1684,identical,byte-identical to curated source
outputs/final_contribution_evidence/primary_tie_diagnostic_summary.json,outputs/final_contribution_evidence/primary_tie_diagnostic_summary.json,fb9fb70126612e8afd9da6d1b9cc3c99a61cfd4d147bd3ea34d7dc7386c0b399,fb9fb70126612e8afd9da6d1b9cc3c99a61cfd4d147bd3ea34d7dc7386c0b399,1627,identical,byte-identical to curated source
outputs/final_contribution_evidence/regularized_conditioning_audit.csv,outputs/final_contribution_evidence/regularized_conditioning_audit.csv,795e6b2a947c53dc24440df132617cabbcdd028fb835e982492730d0686641f7,795e6b2a947c53dc24440df132617cabbcdd028fb835e982492730d0686641f7,42123,identical,byte-identical to curated source
outputs/final_useful_overlap_validation/degree255_resource_ledger.csv,outputs/final_useful_overlap_validation/degree255_resource_ledger.csv,668ee4e1c31e7da1a37616dd328834cc20c73799050e7672e389ce1aeff4947a,668ee4e1c31e7da1a37616dd328834cc20c73799050e7672e389ce1aeff4947a,1163,identical,byte-identical to curated source
outputs/final_useful_overlap_validation/degree_generalization_validation.csv,outputs/final_useful_overlap_validation/degree_generalization_validation.csv,b0b53b20ad0ade1b2f4c818d219dc26b259f0d967c5538525792e0fcdc46aa65,b0b53b20ad0ade1b2f4c818d219dc26b259f0d967c5538525792e0fcdc46aa65,1774,identical,byte-identical to curated source
outputs/final_useful_overlap_validation/final_application_reproduction.csv,outputs/final_useful_overlap_validation/final_application_reproduction.csv,ad60892f3851a671f958763ff3faeec01022004a9257def58d906b3146badc41,ad60892f3851a671f958763ff3faeec01022004a9257def58d906b3146badc41,766,identical,byte-identical to curated source
outputs/final_useful_overlap_validation/final_classical_baselines.csv,outputs/final_useful_overlap_validation/final_classical_baselines.csv,448eca1fac4025ecbb5da3228737a39ffbb050b81fa3898dc67766e1153b3974,448eca1fac4025ecbb5da3228737a39ffbb050b81fa3898dc67766e1153b3974,2134,identical,byte-identical to curated source
outputs/final_useful_overlap_validation/final_quantum_reproduction.csv,outputs/final_useful_overlap_validation/final_quantum_reproduction.csv,9f328351735824f505d51373fd902cec8791349d95cf1e2a9a28cf7352d2fd89,9f328351735824f505d51373fd902cec8791349d95cf1e2a9a28cf7352d2fd89,766,identical,byte-identical to curated source
outputs/final_useful_overlap_validation/final_readout_validation.csv,outputs/final_useful_overlap_validation/final_readout_validation.csv,5ace80d7e09f356f73544e773629ac8af0dbba2972b99872c41ffbb8d5561d98,5ace80d7e09f356f73544e773629ac8af0dbba2972b99872c41ffbb8d5561d98,1087,identical,byte-identical to curated source
outputs/final_useful_overlap_validation/final_readout_variance_checks.csv,outputs/final_useful_overlap_validation/final_readout_variance_checks.csv,ca10789a5eebf206145eea01e122511077a421b975daf64df85d08d4717d8bc5,ca10789a5eebf206145eea01e122511077a421b975daf64df85d08d4717d8bc5,301,identical,byte-identical to curated source
outputs/final_useful_overlap_validation/final_same_configuration_error_budget.csv,outputs/final_useful_overlap_validation/final_same_configuration_error_budget.csv,6d217e2aea4277a23d13ab59d42d6250d8e77bd248780461615d2baad20f9779,6d217e2aea4277a23d13ab59d42d6250d8e77bd248780461615d2baad20f9779,1903,identical,byte-identical to curated source
outputs/final_useful_overlap_validation/final_scientific_configuration.json,outputs/final_useful_overlap_validation/final_scientific_configuration.json,1fef3e23464ff8a78884048dd4e27ca0d6400abb9685e8d263de63d3460bcd06,1fef3e23464ff8a78884048dd4e27ca0d6400abb9685e8d263de63d3460bcd06,2063,identical,byte-identical to curated source
outputs/final_useful_overlap_validation/high_shot_backend_runs.csv,outputs/final_useful_overlap_validation/high_shot_backend_runs.csv,0f74976ba07d8e2fbf77eb98f27a4191f2cdc92ed75834db7ada5ed7ddb75bbf,0f74976ba07d8e2fbf77eb98f27a4191f2cdc92ed75834db7ada5ed7ddb75bbf,5465,identical,byte-identical to curated source
outputs/final_useful_overlap_validation/high_shot_backend_summary.csv,outputs/final_useful_overlap_validation/high_shot_backend_summary.csv,e335b64cb65752bcd3d8135faba3535659caf726c600f9993621a7c8032e378e,e335b64cb65752bcd3d8135faba3535659caf726c600f9993621a7c8032e378e,850,identical,byte-identical to curated source
outputs/full_rectangular_breakthrough/diagonal_singular_value_action.csv,outputs/full_rectangular_breakthrough/diagonal_singular_value_action.csv,5d8fe26f77b320ba4fbe26e646972c45acdf4039b5957168ca5a07f913995bcd,5d8fe26f77b320ba4fbe26e646972c45acdf4039b5957168ca5a07f913995bcd,320,identical,byte-identical to curated source
outputs/full_rectangular_breakthrough/final_breakthrough_decision.json,outputs/full_rectangular_breakthrough/final_breakthrough_decision.json,cbf73a9bb66345e36818b31216a1df14559e78e99178eee724d09c51accb9feb,cbf73a9bb66345e36818b31216a1df14559e78e99178eee724d09c51accb9feb,1079,identical,byte-identical to curated source
outputs/full_rectangular_breakthrough/ieee14_exact_svd_selected_output.csv,outputs/full_rectangular_breakthrough/ieee14_exact_svd_selected_output.csv,f8081391166703a962690ac5362c88b1def87312258904b1c31b65f22253a97a,f8081391166703a962690ac5362c88b1def87312258904b1c31b65f22253a97a,408,identical,byte-identical to curated source
outputs/full_rectangular_breakthrough/ieee14_full_statevector_validation.csv,outputs/full_rectangular_breakthrough/ieee14_full_statevector_validation.csv,798bef5cefa491c47b07288e4a36fedc069484f9095f50e395e11c2431e7f878,798bef5cefa491c47b07288e4a36fedc069484f9095f50e395e11c2431e7f878,630,identical,byte-identical to curated source
outputs/full_rectangular_breakthrough/ieee14_useful_lambda_backend_runs.csv,outputs/full_rectangular_breakthrough/ieee14_useful_lambda_backend_runs.csv,0bc72bf0f76c1e89074d63441ab095fcef951f62a7dd7932af13a3232733f973,0bc72bf0f76c1e89074d63441ab095fcef951f62a7dd7932af13a3232733f973,272,identical,byte-identical to curated source
outputs/full_rectangular_breakthrough/ieee14_useful_lambda_backend_summary.csv,outputs/full_rectangular_breakthrough/ieee14_useful_lambda_backend_summary.csv,f3ee304b477397fe597aabf37091682e8671ed60f58bd0a65960278b72e1a2cc,f3ee304b477397fe597aabf37091682e8671ed60f58bd0a65960278b72e1a2cc,329,identical,byte-identical to curated source
outputs/full_rectangular_breakthrough/phase_reconstruction_validation.csv,outputs/full_rectangular_breakthrough/phase_reconstruction_validation.csv,2a5834e80e1a3e22440fae25f92838395ae6022f2140fe3f45f2aa9bc6b745e1,2a5834e80e1a3e22440fae25f92838395ae6022f2140fe3f45f2aa9bc6b745e1,523,identical,byte-identical to curated source
outputs/full_rectangular_breakthrough/polynomial_independent_validation.csv,outputs/full_rectangular_breakthrough/polynomial_independent_validation.csv,f892892b55f73666295aab9850ead70b5d7b56287fff743c9e824916b95f74e0,f892892b55f73666295aab9850ead70b5d7b56287fff743c9e824916b95f74e0,679,identical,byte-identical to curated source
outputs/full_rectangular_breakthrough/polynomial_repair_comparison.csv,outputs/full_rectangular_breakthrough/polynomial_repair_comparison.csv,102ecf9797a4f2f5f63c2c6c541130889b19a9cb981b18a5191ae6c7a38a63ef,102ecf9797a4f2f5f63c2c6c541130889b19a9cb981b18a5191ae6c7a38a63ef,617,identical,byte-identical to curated source
outputs/full_rectangular_breakthrough/postselection_mitigation_comparison.csv,outputs/full_rectangular_breakthrough/postselection_mitigation_comparison.csv,cb298339787d1bbec5e998bce9daff664bdb5e0f43ab591d9e1bc88aa5a01804,cb298339787d1bbec5e998bce9daff664bdb5e0f43ab591d9e1bc88aa5a01804,974,identical,byte-identical to curated source
outputs/full_rectangular_breakthrough/production_vs_exact_svd.csv,outputs/full_rectangular_breakthrough/production_vs_exact_svd.csv,5ffd1ceca0dbcfd69b090b80de8abf2f765f7ccaf1899cb1a014aebc91945d96,5ffd1ceca0dbcfd69b090b80de8abf2f765f7ccaf1899cb1a014aebc91945d96,1189,identical,byte-identical to curated source
outputs/full_rectangular_breakthrough/rectangular_projector_tests.csv,outputs/full_rectangular_breakthrough/rectangular_projector_tests.csv,8850e4c18f8a044124eea00cd99b85bbf1cf7cabd7a6d59007662799d0744f39,8850e4c18f8a044124eea00cd99b85bbf1cf7cabd7a6d59007662799d0744f39,1153,identical,byte-identical to curated source
outputs/full_rectangular_breakthrough/small_rectangular_action.csv,outputs/full_rectangular_breakthrough/small_rectangular_action.csv,ab66b9c52b68924288ac8c8150be147a7fc1c55b8db90e97ef0daf76fc69083e,ab66b9c52b68924288ac8c8150be147a7fc1c55b8db90e97ef0daf76fc69083e,1075,identical,byte-identical to curated source
outputs/full_rectangular_breakthrough/target_configuration.json,outputs/full_rectangular_breakthrough/target_configuration.json,f2911a84b20204d4b87ce646239365be1aca0d9c44ff8d7d8d6ac13f643c57e3,f2911a84b20204d4b87ce646239365be1aca0d9c44ff8d7d8d6ac13f643c57e3,1543,identical,byte-identical to curated source
outputs/full_rectangular_breakthrough/target_configuration.sha256,outputs/full_rectangular_breakthrough/target_configuration.sha256,600ebe43294add57231a8a25dd8f8563de68fecc5a0c6be7d7b750a3e8c80360,600ebe43294add57231a8a25dd8f8563de68fecc5a0c6be7d7b750a3e8c80360,92,identical,byte-identical to curated source
outputs/full_rectangular_breakthrough/zero_mode_leakage.csv,outputs/full_rectangular_breakthrough/zero_mode_leakage.csv,10f00713a73e214893b808615decc26362e1cc327a697b6a02671dc05bc6370c,10f00713a73e214893b808615decc26362e1cc327a697b6a02671dc05bc6370c,223,identical,byte-identical to curated source
outputs/generalized_rectangular_qsvt/complex_rectangular_results.csv,outputs/generalized_rectangular_qsvt/complex_rectangular_results.csv,a2efcdd16b94f65efbed831024f1786491f535216ddbc440db89e0a722ca0549,a2efcdd16b94f65efbed831024f1786491f535216ddbc440db89e0a722ca0549,43070,identical,byte-identical to curated source
outputs/generalized_rectangular_qsvt/generalized_error_budget.csv,outputs/generalized_rectangular_qsvt/generalized_error_budget.csv,bee2cc0819abad142c02a9d5985b2c1cfcde5db2add2a6ce841764a911b4173e,bee2cc0819abad142c02a9d5985b2c1cfcde5db2add2a6ce841764a911b4173e,1370,identical,byte-identical to curated source
outputs/generalized_rectangular_qsvt/generalized_resource_ledger.csv,outputs/generalized_rectangular_qsvt/generalized_resource_ledger.csv,986c6f865f022c78e7523f3d640824fdd927a21457f8c9f91d941e289ca40808,986c6f865f022c78e7523f3d640824fdd927a21457f8c9f91d941e289ca40808,1479,identical,byte-identical to curated source
outputs/generalized_rectangular_qsvt/heldout_rectangular_matrix_results.csv,outputs/generalized_rectangular_qsvt/heldout_rectangular_matrix_results.csv,c7842182bf16b83b1d0c929f466aedce2915527ee212d1d648d274e8dd697523,c7842182bf16b83b1d0c929f466aedce2915527ee212d1d648d274e8dd697523,35248,identical,byte-identical to curated source
outputs/generalized_rectangular_qsvt/ieee14_high_precision_backend_runs.csv,outputs/generalized_rectangular_qsvt/ieee14_high_precision_backend_runs.csv,6b73075477080595c745c788dc882936a47cc72b4fa200767bc22e65e427a76c,6b73075477080595c745c788dc882936a47cc72b4fa200767bc22e65e427a76c,6189,identical,byte-identical to curated source
outputs/generalized_rectangular_qsvt/ieee14_high_precision_backend_summary.csv,outputs/generalized_rectangular_qsvt/ieee14_high_precision_backend_summary.csv,2cd5ffa934ca46d6c77d6bcdf4914e44cbf649c559dfbf54f0cce8f833cadde9,2cd5ffa934ca46d6c77d6bcdf4914e44cbf649c559dfbf54f0cce8f833cadde9,704,identical,byte-identical to curated source
outputs/generalized_rectangular_qsvt/ieee14_multioutput_backend_shots.csv,outputs/generalized_rectangular_qsvt/ieee14_multioutput_backend_shots.csv,de6cabb67a97849560e36fb6374eb4dec6afbb003b9897e8dee7daf2f34af14f,de6cabb67a97849560e36fb6374eb4dec6afbb003b9897e8dee7daf2f34af14f,578,identical,byte-identical to curated source
outputs/generalized_rectangular_qsvt/ieee14_multioutput_statevector.csv,outputs/generalized_rectangular_qsvt/ieee14_multioutput_statevector.csv,aa7bf409eca7cf8a18567231e4117eaab43f96711f5cba3996a969ba6ccebd0e,aa7bf409eca7cf8a18567231e4117eaab43f96711f5cba3996a969ba6ccebd0e,866,identical,byte-identical to curated source
outputs/generalized_rectangular_qsvt/ieee14_robustness_results.csv,outputs/generalized_rectangular_qsvt/ieee14_robustness_results.csv,f458b4ff29bb940c97a8f814f4b9748b1ad9078fd3f73d69b62186a6d7c03fea,f458b4ff29bb940c97a8f814f4b9748b1ad9078fd3f73d69b62186a6d7c03fea,9383,identical,byte-identical to curated source
outputs/generalized_rectangular_qsvt/ieee30_useful_overlap_search.csv,outputs/generalized_rectangular_qsvt/ieee30_useful_overlap_search.csv,d0f2fbdffcd420a3a5e61e314d8ac9e2c3737fc2055f7b74dbd1b1f96c89d1db,d0f2fbdffcd420a3a5e61e314d8ac9e2c3737fc2055f7b74dbd1b1f96c89d1db,2531,identical,byte-identical to curated source
outputs/generalized_rectangular_qsvt/ieee57_escalation_results.csv,outputs/generalized_rectangular_qsvt/ieee57_escalation_results.csv,da542d8b5e4b1b18a741762915322f563b60add72cb50b419a0406f74c76db6d,da542d8b5e4b1b18a741762915322f563b60add72cb50b419a0406f74c76db6d,2130,identical,byte-identical to curated source
outputs/generalized_rectangular_qsvt/postselection_mitigation_cost_comparison.csv,outputs/generalized_rectangular_qsvt/postselection_mitigation_cost_comparison.csv,3ac3009ef0d701335b6f0878afd6a33a1ffd05c2da9d754e7cc6e57cb26fb591,3ac3009ef0d701335b6f0878afd6a33a1ffd05c2da9d754e7cc6e57cb26fb591,360,identical,byte-identical to curated source
outputs/generalized_rectangular_qsvt/postselection_mitigation_executed_results.csv,outputs/generalized_rectangular_qsvt/postselection_mitigation_executed_results.csv,15b6abddfa2a688bcc3aee05044ef66f86087950e7f166bacb3bcaaa84271c66,15b6abddfa2a688bcc3aee05044ef66f86087950e7f166bacb3bcaaa84271c66,590,identical,byte-identical to curated source
outputs/generalized_rectangular_qsvt/structured_psse_access_ieee14.csv,outputs/generalized_rectangular_qsvt/structured_psse_access_ieee14.csv,5c652cc2cc3a315ee0700e2fe4af6bcc224f6ca411b5ba7dbd580c9d6b7f537c,5c652cc2cc3a315ee0700e2fe4af6bcc224f6ca411b5ba7dbd580c9d6b7f537c,506,identical,byte-identical to curated source
outputs/generated/README.md,outputs/generated/README.md,14b889d978aed4c8660a08b160edfa6b673b85d8907f2631ae4c48622434e0a8,72863138bf5a7f12426770407f748fe131f59bd26c7eb6443faf6dfddf6ddbc9,709,modified_documentation,prose only; pointers and scope wording
outputs/generic_sparse_qsvt_compiler/canonical_reproduction.csv,outputs/generic_sparse_qsvt_compiler/canonical_reproduction.csv,2195fc5b4f2730d995e8ad932f06428106879d2613782ab57e9b1c244295c9d4,2195fc5b4f2730d995e8ad932f06428106879d2613782ab57e9b1c244295c9d4,4591,identical,byte-identical to curated source
outputs/generic_sparse_qsvt_compiler/canonical_resource_ledger_generic.csv,outputs/generic_sparse_qsvt_compiler/canonical_resource_ledger_generic.csv,03dc6ad45311f6c7d1eac373acb0a1aeb18fd73ba48a33735208818c7b8eadff,03dc6ad45311f6c7d1eac373acb0a1aeb18fd73ba48a33735208818c7b8eadff,1732,identical,byte-identical to curated source
outputs/generic_sparse_qsvt_compiler/canonical_shot_rows_generic.csv,outputs/generic_sparse_qsvt_compiler/canonical_shot_rows_generic.csv,a47530864ba9c30fcecaae2a0aceb5e24a8f4bcf13dfe4484e06a46f053742cd,a47530864ba9c30fcecaae2a0aceb5e24a8f4bcf13dfe4484e06a46f053742cd,49864,identical,byte-identical to curated source
outputs/generic_sparse_qsvt_compiler/degree_scaling.csv,outputs/generic_sparse_qsvt_compiler/degree_scaling.csv,3aeccc703011b741a5f7116be8c5bd1ac641586bb303bab3bda0cc595350600d,3aeccc703011b741a5f7116be8c5bd1ac641586bb303bab3bda0cc595350600d,2519,identical,byte-identical to curated source
outputs/generic_sparse_qsvt_compiler/dimension_scaling.csv,outputs/generic_sparse_qsvt_compiler/dimension_scaling.csv,ab29aa61408d8764fe75020be0603acac2f033160570bd539a8b6932041b220f,ab29aa61408d8764fe75020be0603acac2f033160570bd539a8b6932041b220f,2539,identical,byte-identical to curated source
outputs/generic_sparse_qsvt_compiler/second_workload_resource_ledger.csv,outputs/generic_sparse_qsvt_compiler/second_workload_resource_ledger.csv,67f14c45edd7febaee5a95d8c7efbc92fc441b8d9da90d7434fc332c48799e5a,67f14c45edd7febaee5a95d8c7efbc92fc441b8d9da90d7434fc332c48799e5a,1740,identical,byte-identical to curated source
outputs/generic_sparse_qsvt_compiler/second_workload_shot_rows.csv,outputs/generic_sparse_qsvt_compiler/second_workload_shot_rows.csv,3326aec61db1893ceadd3783f4ef44cd674f08d7f8eb0e5f8313769139bb6add,3326aec61db1893ceadd3783f4ef44cd674f08d7f8eb0e5f8313769139bb6add,35178,identical,byte-identical to curated source
outputs/generic_sparse_qsvt_compiler/second_workload_shot_summary.csv,outputs/generic_sparse_qsvt_compiler/second_workload_shot_summary.csv,264fdacb0375ad21143493db44a3a6ac29ba43390bdbd821de470717f30fd3cb,264fdacb0375ad21143493db44a3a6ac29ba43390bdbd821de470717f30fd3cb,2735,identical,byte-identical to curated source
outputs/generic_sparse_qsvt_compiler/slot_scaling.csv,outputs/generic_sparse_qsvt_compiler/slot_scaling.csv,e0d58f818091c77697813996314d50c506d800715fac4b0dbb6258f0cdc8cbb1,e0d58f818091c77697813996314d50c506d800715fac4b0dbb6258f0cdc8cbb1,2116,identical,byte-identical to curated source
outputs/generic_sparse_qsvt_compiler/value_precision_scaling.csv,outputs/generic_sparse_qsvt_compiler/value_precision_scaling.csv,da62b385601c9c436db480da0a82391c3c8493258f3f313ebe20698137a571e4,da62b385601c9c436db480da0a82391c3c8493258f3f313ebe20698137a571e4,2877,identical,byte-identical to curated source
outputs/nonlinear_ac_ieee118_seed10/aggregate_metrics.csv,outputs/nonlinear_ac_ieee118_seed10/aggregate_metrics.csv,0b151820ccb2ec9d5e5817391228cc86d72169a33419969ebc88228ba26aace8,0b151820ccb2ec9d5e5817391228cc86d72169a33419969ebc88228ba26aace8,189697,identical,byte-identical to curated source
outputs/nonlinear_ac_ieee118_seed10/config_resolved.yaml,outputs/nonlinear_ac_ieee118_seed10/config_resolved.yaml,b65c0d9dc23a973779eb42315ff32b02088bffc745328fb6108f198212672ffd,b65c0d9dc23a973779eb42315ff32b02088bffc745328fb6108f198212672ffd,2544,identical,byte-identical to curated source
outputs/nonlinear_ac_ieee118_seed10/summary_metrics.csv,outputs/nonlinear_ac_ieee118_seed10/summary_metrics.csv,a149cb88278dbbb1077e8c4cd11bc5b550ac785bfde302d49c15ec8d8a8d9f10,a149cb88278dbbb1077e8c4cd11bc5b550ac785bfde302d49c15ec8d8a8d9f10,57770,identical,byte-identical to curated source
outputs/nonlinear_ac_ieee14_seed10/aggregate_metrics.csv,outputs/nonlinear_ac_ieee14_seed10/aggregate_metrics.csv,6b3fe5fadffd6a8ca3b7171f0b412a9a7c420b48720c7205fb9b1f741d3b0112,6b3fe5fadffd6a8ca3b7171f0b412a9a7c420b48720c7205fb9b1f741d3b0112,186589,identical,byte-identical to curated source
outputs/nonlinear_ac_ieee14_seed10/config_resolved.yaml,outputs/nonlinear_ac_ieee14_seed10/config_resolved.yaml,11af16832299aafe7a3719f3142bffdc83be19d80953e951f8add962957ddac5,11af16832299aafe7a3719f3142bffdc83be19d80953e951f8add962957ddac5,2447,identical,byte-identical to curated source
outputs/nonlinear_ac_ieee14_seed10/summary_metrics.csv,outputs/nonlinear_ac_ieee14_seed10/summary_metrics.csv,0aeac12f6b21b68eab7cc0c5ad948005c33c640277f3c59b1daf3b666a05db29,0aeac12f6b21b68eab7cc0c5ad948005c33c640277f3c59b1daf3b666a05db29,58392,identical,byte-identical to curated source
outputs/nonlinear_ac_ieee300_seed10/aggregate_metrics.csv,outputs/nonlinear_ac_ieee300_seed10/aggregate_metrics.csv,5cb42495a7197399ffb335609678a48c7c2a39f373c9bd168b1fecae515bcbcc,5cb42495a7197399ffb335609678a48c7c2a39f373c9bd168b1fecae515bcbcc,198232,identical,byte-identical to curated source
outputs/nonlinear_ac_ieee300_seed10/checkpoint_state.json,outputs/nonlinear_ac_ieee300_seed10/checkpoint_state.json,eb1f860ce327eb3d3dd24e858442c5ccf2f0599bd0aaf5662289c2c99e66016d,eb1f860ce327eb3d3dd24e858442c5ccf2f0599bd0aaf5662289c2c99e66016d,414,identical,byte-identical to curated source
outputs/nonlinear_ac_ieee300_seed10/config_resolved.yaml,outputs/nonlinear_ac_ieee300_seed10/config_resolved.yaml,eb0c22ffaeb1bc7a5bd8fc3e0ae6a6feb86c957907bb9456b5af57be1da600dd,eb0c22ffaeb1bc7a5bd8fc3e0ae6a6feb86c957907bb9456b5af57be1da600dd,2556,identical,byte-identical to curated source
outputs/nonlinear_ac_ieee300_seed10/summary_metrics.csv,outputs/nonlinear_ac_ieee300_seed10/summary_metrics.csv,a72e536e943e65998d2367b1158a23fee5dbb7779969a470a951a1ca81e0261e,a72e536e943e65998d2367b1158a23fee5dbb7779969a470a951a1ca81e0261e,55879,identical,byte-identical to curated source
outputs/nonlinear_ac_ieee30_seed10/aggregate_metrics.csv,outputs/nonlinear_ac_ieee30_seed10/aggregate_metrics.csv,24fbe439f2ed5daaeff4183b13e9cbfdb3f04066d13b012bfd17f6ed2dc2631d,24fbe439f2ed5daaeff4183b13e9cbfdb3f04066d13b012bfd17f6ed2dc2631d,187543,identical,byte-identical to curated source
outputs/nonlinear_ac_ieee30_seed10/config_resolved.yaml,outputs/nonlinear_ac_ieee30_seed10/config_resolved.yaml,49574e5765246cc47d884ff697e001d66c0efcf9f5b4dc242d6690a9950e7dad,49574e5765246cc47d884ff697e001d66c0efcf9f5b4dc242d6690a9950e7dad,2465,identical,byte-identical to curated source
outputs/nonlinear_ac_ieee30_seed10/summary_metrics.csv,outputs/nonlinear_ac_ieee30_seed10/summary_metrics.csv,b7fa985d08a4c2e5b7ad7d0b30720a48dc4ba9d9777a663159bca99723423e14,b7fa985d08a4c2e5b7ad7d0b30720a48dc4ba9d9777a663159bca99723423e14,57541,identical,byte-identical to curated source
outputs/nonlinear_ac_ieee57_seed10/aggregate_metrics.csv,outputs/nonlinear_ac_ieee57_seed10/aggregate_metrics.csv,09ed5896dd3ef13629eca43b1f1fd9c9057b6c8cd7821e7c25ad33cd08c509b0,09ed5896dd3ef13629eca43b1f1fd9c9057b6c8cd7821e7c25ad33cd08c509b0,188115,identical,byte-identical to curated source
outputs/nonlinear_ac_ieee57_seed10/config_resolved.yaml,outputs/nonlinear_ac_ieee57_seed10/config_resolved.yaml,f7fdeca76177d435ee211aa2c56ac2f1e557f6d91d44c9a13d15e18688f357e5,f7fdeca76177d435ee211aa2c56ac2f1e557f6d91d44c9a13d15e18688f357e5,2465,identical,byte-identical to curated source
outputs/nonlinear_ac_ieee57_seed10/summary_metrics.csv,outputs/nonlinear_ac_ieee57_seed10/summary_metrics.csv,0d381ebe28d7fdd5bd57844263026faa2966a29139193fccb8bbd9f4898159ad,0d381ebe28d7fdd5bd57844263026faa2966a29139193fccb8bbd9f4898159ad,57977,identical,byte-identical to curated source
outputs/nonlinear_closed_loop_qsvt/audits/finite_shot_statevector_comparison.csv,outputs/nonlinear_closed_loop_qsvt/audits/finite_shot_statevector_comparison.csv,a54ea4b5ad4b609520565d65323eac34a3fcc17707ef49396831d756210b5de6,a54ea4b5ad4b609520565d65323eac34a3fcc17707ef49396831d756210b5de6,4834,identical,byte-identical to curated source
outputs/nonlinear_closed_loop_qsvt/audits/trajectory_plateau_onset_audit.csv,outputs/nonlinear_closed_loop_qsvt/audits/trajectory_plateau_onset_audit.csv,4f1aae20e855f2c8356d67bc31c07dc7f5434c430e0b5901309896e285d0051f,4f1aae20e855f2c8356d67bc31c07dc7f5434c430e0b5901309896e285d0051f,16027,identical,byte-identical to curated source
outputs/nonlinear_closed_loop_qsvt/extended_horizon/iteration_ledgers/extended_iterations.csv,outputs/nonlinear_closed_loop_qsvt/extended_horizon/iteration_ledgers/extended_iterations.csv,423be6f26b72d9f2c32769979ae35fa17d8ca0033f5ae82fe9ad09c043f4cb70,423be6f26b72d9f2c32769979ae35fa17d8ca0033f5ae82fe9ad09c043f4cb70,329457,identical,byte-identical to curated source
outputs/nonlinear_closed_loop_qsvt/resource_ledgers/circuit_resource_levels.csv,outputs/nonlinear_closed_loop_qsvt/resource_ledgers/circuit_resource_levels.csv,90a2e27b51d83f8ce9c80a343a4f34870234ffa21c6b8a23d93cce8692b3362b,90a2e27b51d83f8ce9c80a343a4f34870234ffa21c6b8a23d93cce8692b3362b,2762,identical,byte-identical to curated source
outputs/nonlinear_closed_loop_qsvt/resource_ledgers/finite_shot_coordinate_readout.csv,outputs/nonlinear_closed_loop_qsvt/resource_ledgers/finite_shot_coordinate_readout.csv,cbe1e71032fc3b84260cb6c67c8b261137d030cc32a7cfc1d5434231bdd5c0a3,cbe1e71032fc3b84260cb6c67c8b261137d030cc32a7cfc1d5434231bdd5c0a3,122238,identical,byte-identical to curated source
outputs/nonlinear_closed_loop_qsvt/resource_ledgers/query_execution_reconciliation.csv,outputs/nonlinear_closed_loop_qsvt/resource_ledgers/query_execution_reconciliation.csv,f830558d448bf54f3a9b7ee933bab3eda7f39f707130e63c9573562a5f989669,f830558d448bf54f3a9b7ee933bab3eda7f39f707130e63c9573562a5f989669,1072,identical,byte-identical to curated source
outputs/nonlinear_closed_loop_qsvt/run_summaries/solver_outcomes.csv,outputs/nonlinear_closed_loop_qsvt/run_summaries/solver_outcomes.csv,cc7cdb1495cfc2faf517249160601e189bd2ab43123db94f1babc793df3fac30,cc7cdb1495cfc2faf517249160601e189bd2ab43123db94f1babc793df3fac30,55534,identical,byte-identical to curated source
outputs/output_aware_generalization/certificate_case_summary.csv,outputs/output_aware_generalization/certificate_case_summary.csv,7959e883509d5bff5dcbb167b673b4929059e48037d5fa5e2f08727a62fde439,7959e883509d5bff5dcbb167b673b4929059e48037d5fa5e2f08727a62fde439,3695,identical,byte-identical to curated source
outputs/output_aware_generalization/checkpoint.json,outputs/output_aware_generalization/checkpoint.json,d20221d4dddebbfaf104a6413cea857247d281b710cdbceaf35c298ce15772f9,d20221d4dddebbfaf104a6413cea857247d281b710cdbceaf35c298ce15772f9,8159,identical,byte-identical to curated source
outputs/output_aware_generalization/entry_scores.csv,outputs/output_aware_generalization/entry_scores.csv,14d1778c554b745c61d0419e0d8fd9a68cd59524f9856b2279aa2e8969bbec81,14d1778c554b745c61d0419e0d8fd9a68cd59524f9856b2279aa2e8969bbec81,123943,identical,byte-identical to curated source
outputs/output_aware_generalization/frozen_selector_configuration.json,outputs/output_aware_generalization/frozen_selector_configuration.json,5fd2768d6cc265d74d13ba86fbb4e1d8e79a0b3d22076ed696832546ca40f9df,5fd2768d6cc265d74d13ba86fbb4e1d8e79a0b3d22076ed696832546ca40f9df,4025,identical,byte-identical to curated source
outputs/output_aware_generalization/functional_registry.csv,outputs/output_aware_generalization/functional_registry.csv,0141f6428902f2bfb8b4080ae75cecacf949e2d45cc125a05d699ab66e7c0dcf,0141f6428902f2bfb8b4080ae75cecacf949e2d45cc125a05d699ab66e7c0dcf,21415,identical,byte-identical to curated source
outputs/output_aware_generalization/generalization_bootstrap.csv,outputs/output_aware_generalization/generalization_bootstrap.csv,856a7286c5be90c04589e4ad875d9ed79d961188445563212ae5d064eb598243,856a7286c5be90c04589e4ad875d9ed79d961188445563212ae5d064eb598243,451923,identical,byte-identical to curated source
outputs/output_aware_generalization/generalization_primary_test.json,outputs/output_aware_generalization/generalization_primary_test.json,e8e6ca2b83bf24e789e45eafa27a8c63fe3886113a38ec7524fdf866776f2e0b,e8e6ca2b83bf24e789e45eafa27a8c63fe3886113a38ec7524fdf866776f2e0b,2415,identical,byte-identical to curated source
outputs/output_aware_generalization/heldout_instance_summary.csv,outputs/output_aware_generalization/heldout_instance_summary.csv,4b62c5cc388e72bed0e957eac86e3a9e8d1e8dc79e9474753ef5aed8f56e343a,4b62c5cc388e72bed0e957eac86e3a9e8d1e8dc79e9474753ef5aed8f56e343a,6162417,identical,byte-identical to curated source
outputs/output_aware_generalization/instance_exclusion_registry.csv,outputs/output_aware_generalization/instance_exclusion_registry.csv,eadc6b400fb0efc4d3ba1c8f4661204cea0bd3560e10dd70c6b3414a02c76bdd,eadc6b400fb0efc4d3ba1c8f4661204cea0bd3560e10dd70c6b3414a02c76bdd,117,identical,byte-identical to curated source
outputs/output_aware_generalization/instance_registry.csv,outputs/output_aware_generalization/instance_registry.csv,487c894e300b864d242921015ac2a4e336df4829b20e59e3ce7d190fd65c19f5,487c894e300b864d242921015ac2a4e336df4829b20e59e3ce7d190fd65c19f5,33673,identical,byte-identical to curated source
outputs/output_aware_generalization/instances/ieee14_eval_seed_14101_block_8x8.json,outputs/output_aware_generalization/instances/ieee14_eval_seed_14101_block_8x8.json,9aca6739193510341a1846d416d1409eb30d31e26dd588ad3096596dc4a648d8,9aca6739193510341a1846d416d1409eb30d31e26dd588ad3096596dc4a648d8,5670,identical,byte-identical to curated source
outputs/output_aware_generalization/instances/ieee14_eval_seed_14102_block_8x8.json,outputs/output_aware_generalization/instances/ieee14_eval_seed_14102_block_8x8.json,8e1e17b44614bf8c514c3e4bc86ddc213a135c004498bef1eb1487ebcd3b9959,8e1e17b44614bf8c514c3e4bc86ddc213a135c004498bef1eb1487ebcd3b9959,5674,identical,byte-identical to curated source
outputs/output_aware_generalization/instances/ieee14_eval_seed_14103_block_8x8.json,outputs/output_aware_generalization/instances/ieee14_eval_seed_14103_block_8x8.json,80e814a6e1ed58d9f722a756fdedf1729e804b8123daeec6f1fd5aaf6c72e535,80e814a6e1ed58d9f722a756fdedf1729e804b8123daeec6f1fd5aaf6c72e535,5676,identical,byte-identical to curated source
outputs/output_aware_generalization/pareto_candidates_error_gates.csv,outputs/output_aware_generalization/pareto_candidates_error_gates.csv,107945678c92c2ca71655431c7f0e2ffb1e50ba0cd21216e4b817f7367bebc30,107945678c92c2ca71655431c7f0e2ffb1e50ba0cd21216e4b817f7367bebc30,3756574,identical,byte-identical to curated source
outputs/output_aware_generalization/pareto_candidates_error_nnz.csv,outputs/output_aware_generalization/pareto_candidates_error_nnz.csv,18bad12d2d3ae84485da1cef6d485764ea0437c5a6b2974309d3e2988fffb338,18bad12d2d3ae84485da1cef6d485764ea0437c5a6b2974309d3e2988fffb338,3484598,identical,byte-identical to curated source
outputs/output_aware_generalization/pareto_frontier_error_nnz.csv,outputs/output_aware_generalization/pareto_frontier_error_nnz.csv,7a35f9427e417b9455d7ce0b55d5c39c8d16d50214e5507220bb029174fa7771,7a35f9427e417b9455d7ce0b55d5c39c8d16d50214e5507220bb029174fa7771,35713,identical,byte-identical to curated source
outputs/output_aware_generalization/qsvt_instance_designs.json,outputs/output_aware_generalization/qsvt_instance_designs.json,2e970b58d0a38ed4413f6d98a106b71b2f54f85ded4a59f42583f43c0599dea7,2e970b58d0a38ed4413f6d98a106b71b2f54f85ded4a59f42583f43c0599dea7,39542,identical,byte-identical to curated source
outputs/output_aware_generalization/qsvt_validation_results.csv,outputs/output_aware_generalization/qsvt_validation_results.csv,666ebd840c165a2b618bb995e3201fac646de14763c96f28d45a5d7d0ed46dc5,666ebd840c165a2b618bb995e3201fac646de14763c96f28d45a5d7d0ed46dc5,75496,identical,byte-identical to curated source
outputs/output_aware_generalization/residual_registry.csv,outputs/output_aware_generalization/residual_registry.csv,48e23281433adab7751bf4bb0fe36c2e2b78c92cdbc0728602060a345173c6c9,48e23281433adab7751bf4bb0fe36c2e2b78c92cdbc0728602060a345173c6c9,156999,identical,byte-identical to curated source
outputs/output_aware_generalization/resource_registry.csv,outputs/output_aware_generalization/resource_registry.csv,c08e3f11e42496831a7fde36761e1b4ad6885f98d13191670fa4c487d59c43a1,c08e3f11e42496831a7fde36761e1b4ad6885f98d13191670fa4c487d59c43a1,1494795,identical,byte-identical to curated source
outputs/output_aware_generalization/support_registry.csv,outputs/output_aware_generalization/support_registry.csv,dc8bbbdd21551457b4e3f637a7764d0c9fcf63a3db346788f8ee2861a6f92058,dc8bbbdd21551457b4e3f637a7764d0c9fcf63a3db346788f8ee2861a6f92058,9441472,identical,byte-identical to curated source
outputs/output_aware_generalization/support_stability.csv,outputs/output_aware_generalization/support_stability.csv,b2264a0d84ed750015ab87ff9abc69438d7eff4bb9dbf3872c0180ea69e64a5a,b2264a0d84ed750015ab87ff9abc69438d7eff4bb9dbf3872c0180ea69e64a5a,129092,identical,byte-identical to curated source
outputs/output_aware_generalization/support_stability_summary.csv,outputs/output_aware_generalization/support_stability_summary.csv,e9b85966e5ad76df6edb6c66a60c23711a4d9df6f28152567c50d9f7571c7314,e9b85966e5ad76df6edb6c66a60c23711a4d9df6f28152567c50d9f7571c7314,575,identical,byte-identical to curated source
outputs/output_aware_generalization/supports/ieee14_eval_seed_14101_block_8x8/ieee14_eval_seed_14101_block_8x8__balanced_magnitude_k8_s2_912b8f2f0b10.json,outputs/output_aware_generalization/supports/ieee14_eval_seed_14101_block_8x8/ieee14_eval_seed_14101_block_8x8__balanced_magnitude_k8_s2_912b8f2f0b10.json,82ca042b891873fedfdb376c72f638688ee7e311f9be484c0b83aabc2365aff4,82ca042b891873fedfdb376c72f638688ee7e311f9be484c0b83aabc2365aff4,3179,identical,byte-identical to curated source
outputs/output_aware_generalization/supports/ieee14_eval_seed_14101_block_8x8/ieee14_eval_seed_14101_block_8x8__leverage_weighted_k8_s2_912b8f2f0b10.json,outputs/output_aware_generalization/supports/ieee14_eval_seed_14101_block_8x8/ieee14_eval_seed_14101_block_8x8__leverage_weighted_k8_s2_912b8f2f0b10.json,7f737e99fa62c1832f6e5d454e74664079859aea390c0fdc38385574da022dbe,7f737e99fa62c1832f6e5d454e74664079859aea390c0fdc38385574da022dbe,3175,identical,byte-identical to curated source
outputs/output_aware_structural_generalization/candidate_exclusion_registry.csv,outputs/output_aware_structural_generalization/candidate_exclusion_registry.csv,aa393e7e0fddd5f3ef3bc0d4c32f8df255b78429706912a5d8371abbf9e81bb6,aa393e7e0fddd5f3ef3bc0d4c32f8df255b78429706912a5d8371abbf9e81bb6,2705,identical,byte-identical to curated source
outputs/output_aware_structural_generalization/candidate_registry.csv,outputs/output_aware_structural_generalization/candidate_registry.csv,cf3f9633da62d88bf54f80cb8727624077e63061275d715982b2ac90fcbbbbf5,cf3f9633da62d88bf54f80cb8727624077e63061275d715982b2ac90fcbbbbf5,43253,identical,byte-identical to curated source
outputs/output_aware_structural_generalization/candidates/ieee14/ieee14_angle_dominant_v00.json,outputs/output_aware_structural_generalization/candidates/ieee14/ieee14_angle_dominant_v00.json,dd49bbb941eed29011f3c25415b0ac5009ce914c1711704ba552ab06da071757,dd49bbb941eed29011f3c25415b0ac5009ce914c1711704ba552ab06da071757,4656,identical,byte-identical to curated source
outputs/output_aware_structural_generalization/candidates/ieee14/ieee14_angle_dominant_v01.json,outputs/output_aware_structural_generalization/candidates/ieee14/ieee14_angle_dominant_v01.json,86238e55f1e50555c696b1d9d5a0f72fbb07204f6c9c19b90f3ced02698fd0aa,86238e55f1e50555c696b1d9d5a0f72fbb07204f6c9c19b90f3ced02698fd0aa,4500,identical,byte-identical to curated source
outputs/output_aware_structural_generalization/candidates/ieee14/ieee14_angle_dominant_v02.json,outputs/output_aware_structural_generalization/candidates/ieee14/ieee14_angle_dominant_v02.json,c27e8a28a843f80b4a790bb5258e14041d14025478f81f03327a8df5a5bf21de,c27e8a28a843f80b4a790bb5258e14041d14025478f81f03327a8df5a5bf21de,4569,identical,byte-identical to curated source
outputs/output_aware_structural_generalization/certificate_case_summary.csv,outputs/output_aware_structural_generalization/certificate_case_summary.csv,713033352410a35cbc96557a5ea82ca82aeb358a8d328685260f3ae547e6c3d6,713033352410a35cbc96557a5ea82ca82aeb358a8d328685260f3ae547e6c3d6,3766,identical,byte-identical to curated source
outputs/output_aware_structural_generalization/frozen_method_configuration.json,outputs/output_aware_structural_generalization/frozen_method_configuration.json,b8d686b7dd83894e7f9eef9e79cb1e9935975430d9a313099d6502f431bf2466,b8d686b7dd83894e7f9eef9e79cb1e9935975430d9a313099d6502f431bf2466,3900,identical,byte-identical to curated source
outputs/output_aware_structural_generalization/functional_registry.csv,outputs/output_aware_structural_generalization/functional_registry.csv,7e3671fadab661db41f140c7e50496532edc74a7cfd4a4611129b12470d3b7d5,7e3671fadab661db41f140c7e50496532edc74a7cfd4a4611129b12470d3b7d5,41958,identical,byte-identical to curated source
outputs/output_aware_structural_generalization/heldout_instance_summary.csv,outputs/output_aware_structural_generalization/heldout_instance_summary.csv,683a8565a5d367e7d21fb842263701bc3445520d52b525ef5b5c6cde82fe8c38,683a8565a5d367e7d21fb842263701bc3445520d52b525ef5b5c6cde82fe8c38,10301547,identical,byte-identical to curated source
outputs/output_aware_structural_generalization/instance_registry.csv,outputs/output_aware_structural_generalization/instance_registry.csv,17635aca1776534be3f04864e271db30cebb185cbe72ba7a03c0e3bc9c30aa56,17635aca1776534be3f04864e271db30cebb185cbe72ba7a03c0e3bc9c30aa56,56478,identical,byte-identical to curated source
outputs/output_aware_structural_generalization/instances/ieee14_structural_group_01_realization_01_seed_14201_8x8.json,outputs/output_aware_structural_generalization/instances/ieee14_structural_group_01_realization_01_seed_14201_8x8.json,e0af28fd077d742f743c2359603e6d28bfc831c8e078bb9d267c05672bc20690,e0af28fd077d742f743c2359603e6d28bfc831c8e078bb9d267c05672bc20690,4970,identical,byte-identical to curated source
outputs/output_aware_structural_generalization/instances/ieee14_structural_group_01_realization_02_seed_14202_8x8.json,outputs/output_aware_structural_generalization/instances/ieee14_structural_group_01_realization_02_seed_14202_8x8.json,ea3792019251b4cdbf4f54f86fb97e4e8bd2370fd4cfed2e3d0460a5be895cb6,ea3792019251b4cdbf4f54f86fb97e4e8bd2370fd4cfed2e3d0460a5be895cb6,4972,identical,byte-identical to curated source
outputs/output_aware_structural_generalization/instances/ieee14_structural_group_02_realization_01_seed_14201_8x8.json,outputs/output_aware_structural_generalization/instances/ieee14_structural_group_02_realization_01_seed_14201_8x8.json,f9f59c04198525b8c9d0e6ab2d4422e9755cefcae7f09051b4047287abe38684,f9f59c04198525b8c9d0e6ab2d4422e9755cefcae7f09051b4047287abe38684,5021,identical,byte-identical to curated source
outputs/output_aware_structural_generalization/instances/ieee14_structural_group_02_realization_02_seed_14202_8x8.json,outputs/output_aware_structural_generalization/instances/ieee14_structural_group_02_realization_02_seed_14202_8x8.json,4b15cc4c2e747337bc711c77d78272aace3453da6595a27af51b25e69a4093ef,4b15cc4c2e747337bc711c77d78272aace3453da6595a27af51b25e69a4093ef,5013,identical,byte-identical to curated source
outputs/output_aware_structural_generalization/instances/ieee14_structural_group_03_realization_01_seed_14201_8x8.json,outputs/output_aware_structural_generalization/instances/ieee14_structural_group_03_realization_01_seed_14201_8x8.json,5c8d2c0a16d283a4535c67e8b18aa38c2e79ecf2bdea2b210150d6901db992b9,5c8d2c0a16d283a4535c67e8b18aa38c2e79ecf2bdea2b210150d6901db992b9,5242,identical,byte-identical to curated source
outputs/output_aware_structural_generalization/instances/ieee14_structural_group_03_realization_02_seed_14202_8x8.json,outputs/output_aware_structural_generalization/instances/ieee14_structural_group_03_realization_02_seed_14202_8x8.json,361bac26a2b32f732c8b1e5d46d352fb03525fea035d54e09939c78c75fbf3e9,361bac26a2b32f732c8b1e5d46d352fb03525fea035d54e09939c78c75fbf3e9,5238,identical,byte-identical to curated source
outputs/output_aware_structural_generalization/instances/ieee14_structural_group_04_realization_01_seed_14201_8x8.json,outputs/output_aware_structural_generalization/instances/ieee14_structural_group_04_realization_01_seed_14201_8x8.json,c410aeb54a5b9964f1079dd9af72ce11cd65ab966c36a0b10205e8d9b998cc36,c410aeb54a5b9964f1079dd9af72ce11cd65ab966c36a0b10205e8d9b998cc36,4951,identical,byte-identical to curated source
outputs/output_aware_structural_generalization/instances/ieee14_structural_group_04_realization_02_seed_14202_8x8.json,outputs/output_aware_structural_generalization/instances/ieee14_structural_group_04_realization_02_seed_14202_8x8.json,06b38bbb0b603cc7d0b4e5d2a621d0d1edb2ca12d502bd64006d44121ed07e1f,06b38bbb0b603cc7d0b4e5d2a621d0d1edb2ca12d502bd64006d44121ed07e1f,4949,identical,byte-identical to curated source
outputs/output_aware_structural_generalization/instances/ieee30_structural_group_01_realization_01_seed_30201_8x8.json,outputs/output_aware_structural_generalization/instances/ieee30_structural_group_01_realization_01_seed_30201_8x8.json,9f57bdb6e5c04dd8b055fbe2bd5f36b5468216a88ddc7719866f8dbd6dd80562,9f57bdb6e5c04dd8b055fbe2bd5f36b5468216a88ddc7719866f8dbd6dd80562,5083,identical,byte-identical to curated source
outputs/output_aware_structural_generalization/instances/ieee30_structural_group_01_realization_02_seed_30202_8x8.json,outputs/output_aware_structural_generalization/instances/ieee30_structural_group_01_realization_02_seed_30202_8x8.json,8fba49067351de477f95c0253dbe936eda8eac04d1f51cb41cef30c135ca01f8,8fba49067351de477f95c0253dbe936eda8eac04d1f51cb41cef30c135ca01f8,5079,identical,byte-identical to curated source
outputs/output_aware_structural_generalization/instances/ieee30_structural_group_02_realization_01_seed_30201_8x8.json,outputs/output_aware_structural_generalization/instances/ieee30_structural_group_02_realization_01_seed_30201_8x8.json,86125d6bea53129f4067688f7f173443be97d9b2a540574c18e594dce7a19960,86125d6bea53129f4067688f7f173443be97d9b2a540574c18e594dce7a19960,5174,identical,byte-identical to curated source
outputs/output_aware_structural_generalization/instances/ieee30_structural_group_02_realization_02_seed_30202_8x8.json,outputs/output_aware_structural_generalization/instances/ieee30_structural_group_02_realization_02_seed_30202_8x8.json,1bf94db6119df58b6decc4d8aa1625a28866de6e977cb9c3a8393b2357cae9bb,1bf94db6119df58b6decc4d8aa1625a28866de6e977cb9c3a8393b2357cae9bb,5184,identical,byte-identical to curated source
outputs/output_aware_structural_generalization/instances/ieee30_structural_group_03_realization_01_seed_30201_8x8.json,outputs/output_aware_structural_generalization/instances/ieee30_structural_group_03_realization_01_seed_30201_8x8.json,c5275f882558983593e4efb8f90a1d703b2764ad43d4441482d38ce7df6e2509,c5275f882558983593e4efb8f90a1d703b2764ad43d4441482d38ce7df6e2509,4970,identical,byte-identical to curated source
outputs/output_aware_structural_generalization/instances/ieee30_structural_group_03_realization_02_seed_30202_8x8.json,outputs/output_aware_structural_generalization/instances/ieee30_structural_group_03_realization_02_seed_30202_8x8.json,465635decb86d10ea8107f2819d623d60044e49ae0307ddc76651dc6bf7d17a7,465635decb86d10ea8107f2819d623d60044e49ae0307ddc76651dc6bf7d17a7,4969,identical,byte-identical to curated source
outputs/output_aware_structural_generalization/instances/ieee30_structural_group_04_realization_01_seed_30201_8x8.json,outputs/output_aware_structural_generalization/instances/ieee30_structural_group_04_realization_01_seed_30201_8x8.json,9240937bb138db488a28c6a95a8397203fde41f8fc0c00e42a7dad491546fd49,9240937bb138db488a28c6a95a8397203fde41f8fc0c00e42a7dad491546fd49,5005,identical,byte-identical to curated source
outputs/output_aware_structural_generalization/instances/ieee30_structural_group_04_realization_02_seed_30202_8x8.json,outputs/output_aware_structural_generalization/instances/ieee30_structural_group_04_realization_02_seed_30202_8x8.json,cef74f86e4b0ae99bd19fcbda360e089434aa7b3e123dd6e7196b6e3812f44da,cef74f86e4b0ae99bd19fcbda360e089434aa7b3e123dd6e7196b6e3812f44da,4995,identical,byte-identical to curated source
outputs/output_aware_structural_generalization/instances/ieee57_structural_group_01_realization_01_seed_57201_8x8.json,outputs/output_aware_structural_generalization/instances/ieee57_structural_group_01_realization_01_seed_57201_8x8.json,3d1f493283ec2a135fd6dcf27c35c7be448dbe5bbf768e057ccda7db82cdc292,3d1f493283ec2a135fd6dcf27c35c7be448dbe5bbf768e057ccda7db82cdc292,4983,identical,byte-identical to curated source
outputs/output_aware_structural_generalization/instances/ieee57_structural_group_01_realization_02_seed_57202_8x8.json,outputs/output_aware_structural_generalization/instances/ieee57_structural_group_01_realization_02_seed_57202_8x8.json,d0ebc2c21ba4495cd21c6de706c2f0bf8186ea78319858d7ca087120f98805a2,d0ebc2c21ba4495cd21c6de706c2f0bf8186ea78319858d7ca087120f98805a2,4980,identical,byte-identical to curated source
outputs/output_aware_structural_generalization/instances/ieee57_structural_group_02_realization_01_seed_57201_8x8.json,outputs/output_aware_structural_generalization/instances/ieee57_structural_group_02_realization_01_seed_57201_8x8.json,32933ddae340aaf3d4c73756c582f94d0ac58f99c7e8043f9816c256d20a4fed,32933ddae340aaf3d4c73756c582f94d0ac58f99c7e8043f9816c256d20a4fed,5091,identical,byte-identical to curated source
outputs/output_aware_structural_generalization/instances/ieee57_structural_group_02_realization_02_seed_57202_8x8.json,outputs/output_aware_structural_generalization/instances/ieee57_structural_group_02_realization_02_seed_57202_8x8.json,b4274f9dfba358cf85a76b07108bc4dd27d536f5cd9d4bc5df67de2471c27758,b4274f9dfba358cf85a76b07108bc4dd27d536f5cd9d4bc5df67de2471c27758,5095,identical,byte-identical to curated source
outputs/output_aware_structural_generalization/instances/ieee57_structural_group_03_realization_01_seed_57201_8x8.json,outputs/output_aware_structural_generalization/instances/ieee57_structural_group_03_realization_01_seed_57201_8x8.json,54943e791cdcea9f2da7fce083a221a6615de423108f017fda50934b794a37b4,54943e791cdcea9f2da7fce083a221a6615de423108f017fda50934b794a37b4,5051,identical,byte-identical to curated source
outputs/output_aware_structural_generalization/instances/ieee57_structural_group_03_realization_02_seed_57202_8x8.json,outputs/output_aware_structural_generalization/instances/ieee57_structural_group_03_realization_02_seed_57202_8x8.json,6bfe62145b68e8ccb1f70d155a0dccaf473a4d6be8b1f9d27713c5b28e02fb99,6bfe62145b68e8ccb1f70d155a0dccaf473a4d6be8b1f9d27713c5b28e02fb99,5050,identical,byte-identical to curated source
outputs/output_aware_structural_generalization/instances/ieee57_structural_group_04_realization_01_seed_57201_8x8.json,outputs/output_aware_structural_generalization/instances/ieee57_structural_group_04_realization_01_seed_57201_8x8.json,5bfc54c4894f8c4c4be869447d792d413d1529ae5151472cc3f1a1215662078d,5bfc54c4894f8c4c4be869447d792d413d1529ae5151472cc3f1a1215662078d,4881,identical,byte-identical to curated source
outputs/output_aware_structural_generalization/instances/ieee57_structural_group_04_realization_02_seed_57202_8x8.json,outputs/output_aware_structural_generalization/instances/ieee57_structural_group_04_realization_02_seed_57202_8x8.json,c050baee449e9c0f66f17433d86adacad8a5108601128a6ca2c75b1b196a123d,c050baee449e9c0f66f17433d86adacad8a5108601128a6ca2c75b1b196a123d,4883,identical,byte-identical to curated source
outputs/output_aware_structural_generalization/pareto_candidates_error_nnz.csv,outputs/output_aware_structural_generalization/pareto_candidates_error_nnz.csv,1552d4d55b6907e044a35a01f779de16420dc9484a4cd4087a36d0abe7349c13,1552d4d55b6907e044a35a01f779de16420dc9484a4cd4087a36d0abe7349c13,7466999,identical,byte-identical to curated source
outputs/output_aware_structural_generalization/pareto_candidates_error_slots.csv,outputs/output_aware_structural_generalization/pareto_candidates_error_slots.csv,41ec5bc28cc4b8e5580639f036ca913634f9b29d68b392f431b8f92400628e3f,41ec5bc28cc4b8e5580639f036ca913634f9b29d68b392f431b8f92400628e3f,7466428,identical,byte-identical to curated source
outputs/output_aware_structural_generalization/pareto_frontier_error_nnz.csv,outputs/output_aware_structural_generalization/pareto_frontier_error_nnz.csv,fdca6deb73c4e65d588d793bcb6eae415227968d93ccf68d8aca1fe7a43aa491,fdca6deb73c4e65d588d793bcb6eae415227968d93ccf68d8aca1fe7a43aa491,1736427,identical,byte-identical to curated source
outputs/output_aware_structural_generalization/pareto_frontier_error_slots.csv,outputs/output_aware_structural_generalization/pareto_frontier_error_slots.csv,f0d6cbc111552bd1f1e18bc8031e15b9e946500a15d2431fd4608e63c4b5a3ce,f0d6cbc111552bd1f1e18bc8031e15b9e946500a15d2431fd4608e63c4b5a3ce,1951298,identical,byte-identical to curated source
outputs/output_aware_structural_generalization/qsvt_instance_designs.json,outputs/output_aware_structural_generalization/qsvt_instance_designs.json,eb3e544442c190e77d05792100db8740f29deee0c03ed4cac2f891340292ebeb,eb3e544442c190e77d05792100db8740f29deee0c03ed4cac2f891340292ebeb,43468,identical,byte-identical to curated source
outputs/output_aware_structural_generalization/qsvt_validation_results.csv,outputs/output_aware_structural_generalization/qsvt_validation_results.csv,be4276c91b67f8719e0a053588e0d6346a5f88eb9b3f6a93bee2c28239a8f99c,be4276c91b67f8719e0a053588e0d6346a5f88eb9b3f6a93bee2c28239a8f99c,84113,identical,byte-identical to curated source
outputs/output_aware_structural_generalization/residual_registry.csv,outputs/output_aware_structural_generalization/residual_registry.csv,11ee50137805df9836343eff0e25253e4be8b65733703b490ac995589934d7e8,11ee50137805df9836343eff0e25253e4be8b65733703b490ac995589934d7e8,386856,identical,byte-identical to curated source
outputs/output_aware_structural_generalization/residual_splits/ieee14_structural_group_01_realization_01_seed_14201_8x8.json,outputs/output_aware_structural_generalization/residual_splits/ieee14_structural_group_01_realization_01_seed_14201_8x8.json,a6d6d686eaf1bd3c3828717de41367ba6cf5bd77faf251903d268f86fb8b3452,a6d6d686eaf1bd3c3828717de41367ba6cf5bd77faf251903d268f86fb8b3452,4747,identical,byte-identical to curated source
outputs/output_aware_structural_generalization/residual_splits/ieee14_structural_group_01_realization_02_seed_14202_8x8.json,outputs/output_aware_structural_generalization/residual_splits/ieee14_structural_group_01_realization_02_seed_14202_8x8.json,988e5b2fd4ed323a876e8cb1054b720cc22dd947512e448345b123ca4afb486e,988e5b2fd4ed323a876e8cb1054b720cc22dd947512e448345b123ca4afb486e,4747,identical,byte-identical to curated source
outputs/output_aware_structural_generalization/residual_splits/ieee14_structural_group_02_realization_01_seed_14201_8x8.json,outputs/output_aware_structural_generalization/residual_splits/ieee14_structural_group_02_realization_01_seed_14201_8x8.json,01ee745f72fc983764c1d30fd5c18fd11e4ca14525c86f4a5cc0601fa55909c4,01ee745f72fc983764c1d30fd5c18fd11e4ca14525c86f4a5cc0601fa55909c4,4747,identical,byte-identical to curated source
outputs/output_aware_structural_generalization/residual_splits/ieee14_structural_group_02_realization_02_seed_14202_8x8.json,outputs/output_aware_structural_generalization/residual_splits/ieee14_structural_group_02_realization_02_seed_14202_8x8.json,6d0ffec39fc5c10887fb43db271eb79df071f9ef23d4c8dd4892d2c7afad7897,6d0ffec39fc5c10887fb43db271eb79df071f9ef23d4c8dd4892d2c7afad7897,4747,identical,byte-identical to curated source
outputs/output_aware_structural_generalization/residual_splits/ieee14_structural_group_03_realization_01_seed_14201_8x8.json,outputs/output_aware_structural_generalization/residual_splits/ieee14_structural_group_03_realization_01_seed_14201_8x8.json,62530bdb9519e47c6bd671d93fea47d7a50a20f694adff8a12afe7a770f45b5e,62530bdb9519e47c6bd671d93fea47d7a50a20f694adff8a12afe7a770f45b5e,4747,identical,byte-identical to curated source
outputs/output_aware_structural_generalization/residual_splits/ieee14_structural_group_03_realization_02_seed_14202_8x8.json,outputs/output_aware_structural_generalization/residual_splits/ieee14_structural_group_03_realization_02_seed_14202_8x8.json,5257282667042a1b5f21adcf3c2f337f024b2ca2fc0dc049bb2795356254e798,5257282667042a1b5f21adcf3c2f337f024b2ca2fc0dc049bb2795356254e798,4747,identical,byte-identical to curated source
outputs/output_aware_structural_generalization/residual_splits/ieee14_structural_group_04_realization_01_seed_14201_8x8.json,outputs/output_aware_structural_generalization/residual_splits/ieee14_structural_group_04_realization_01_seed_14201_8x8.json,e4bf3c562ba5483e9263b58392f1ff0d94f196da57dd494939b700aaf82aa013,e4bf3c562ba5483e9263b58392f1ff0d94f196da57dd494939b700aaf82aa013,4747,identical,byte-identical to curated source
outputs/output_aware_structural_generalization/residual_splits/ieee14_structural_group_04_realization_02_seed_14202_8x8.json,outputs/output_aware_structural_generalization/residual_splits/ieee14_structural_group_04_realization_02_seed_14202_8x8.json,2632f5fb22e80e0ee7691f1d396ca5389daf35229d4123e12f5801601517294f,2632f5fb22e80e0ee7691f1d396ca5389daf35229d4123e12f5801601517294f,4747,identical,byte-identical to curated source
outputs/output_aware_structural_generalization/residual_splits/ieee30_structural_group_01_realization_01_seed_30201_8x8.json,outputs/output_aware_structural_generalization/residual_splits/ieee30_structural_group_01_realization_01_seed_30201_8x8.json,a40455ab5b145d992ade5d1b3c50a77aa17e019ada8d8522e3042122c988572a,a40455ab5b145d992ade5d1b3c50a77aa17e019ada8d8522e3042122c988572a,4747,identical,byte-identical to curated source
outputs/output_aware_structural_generalization/residual_splits/ieee30_structural_group_01_realization_02_seed_30202_8x8.json,outputs/output_aware_structural_generalization/residual_splits/ieee30_structural_group_01_realization_02_seed_30202_8x8.json,597cc1c677f82f29cd1337407293ff650ddd89e8ff9d1f590a2109101775155d,597cc1c677f82f29cd1337407293ff650ddd89e8ff9d1f590a2109101775155d,4747,identical,byte-identical to curated source
outputs/output_aware_structural_generalization/residual_splits/ieee30_structural_group_02_realization_01_seed_30201_8x8.json,outputs/output_aware_structural_generalization/residual_splits/ieee30_structural_group_02_realization_01_seed_30201_8x8.json,78ad98294dcff10fe1d837ca959aadf3ddd843c7b87c1065c0c52f11e4330ad9,78ad98294dcff10fe1d837ca959aadf3ddd843c7b87c1065c0c52f11e4330ad9,4747,identical,byte-identical to curated source
outputs/output_aware_structural_generalization/residual_splits/ieee30_structural_group_02_realization_02_seed_30202_8x8.json,outputs/output_aware_structural_generalization/residual_splits/ieee30_structural_group_02_realization_02_seed_30202_8x8.json,9f8d19ee1704e28f71c9e4b12f8e1b414226836bd0094d05e1e585beb4f7ce69,9f8d19ee1704e28f71c9e4b12f8e1b414226836bd0094d05e1e585beb4f7ce69,4747,identical,byte-identical to curated source
outputs/output_aware_structural_generalization/residual_splits/ieee30_structural_group_03_realization_01_seed_30201_8x8.json,outputs/output_aware_structural_generalization/residual_splits/ieee30_structural_group_03_realization_01_seed_30201_8x8.json,8530ba94365d5a7eb014a1d6d65d8a058f45297ac91392ee7733ab3ae900bde5,8530ba94365d5a7eb014a1d6d65d8a058f45297ac91392ee7733ab3ae900bde5,4747,identical,byte-identical to curated source
outputs/output_aware_structural_generalization/residual_splits/ieee30_structural_group_03_realization_02_seed_30202_8x8.json,outputs/output_aware_structural_generalization/residual_splits/ieee30_structural_group_03_realization_02_seed_30202_8x8.json,b54597ef1b465d3c07f5fb071187b55c10902f29750b19f99df9c897570bd9d4,b54597ef1b465d3c07f5fb071187b55c10902f29750b19f99df9c897570bd9d4,4747,identical,byte-identical to curated source
outputs/output_aware_structural_generalization/residual_splits/ieee30_structural_group_04_realization_01_seed_30201_8x8.json,outputs/output_aware_structural_generalization/residual_splits/ieee30_structural_group_04_realization_01_seed_30201_8x8.json,57a5340838b85abf924cf5ab5937b81504fc4e240b47de6b1f273ae49f329ccb,57a5340838b85abf924cf5ab5937b81504fc4e240b47de6b1f273ae49f329ccb,4747,identical,byte-identical to curated source
outputs/output_aware_structural_generalization/residual_splits/ieee30_structural_group_04_realization_02_seed_30202_8x8.json,outputs/output_aware_structural_generalization/residual_splits/ieee30_structural_group_04_realization_02_seed_30202_8x8.json,f5f96a0f8bdd6d7d2539b0392fca4e8fd392cbc865419f55e15d61531f8f90a6,f5f96a0f8bdd6d7d2539b0392fca4e8fd392cbc865419f55e15d61531f8f90a6,4747,identical,byte-identical to curated source
outputs/output_aware_structural_generalization/residual_splits/ieee57_structural_group_01_realization_01_seed_57201_8x8.json,outputs/output_aware_structural_generalization/residual_splits/ieee57_structural_group_01_realization_01_seed_57201_8x8.json,a1bc7e547e62135ad04ffa7403a6c9bc6568b19162abb0585013ecc7516cd87f,a1bc7e547e62135ad04ffa7403a6c9bc6568b19162abb0585013ecc7516cd87f,4747,identical,byte-identical to curated source
outputs/output_aware_structural_generalization/residual_splits/ieee57_structural_group_01_realization_02_seed_57202_8x8.json,outputs/output_aware_structural_generalization/residual_splits/ieee57_structural_group_01_realization_02_seed_57202_8x8.json,927f4b0d93c9d09da2cbf8f0f882a47dba9a9e26855baf587aa0f4fcd83160ea,927f4b0d93c9d09da2cbf8f0f882a47dba9a9e26855baf587aa0f4fcd83160ea,4747,identical,byte-identical to curated source
outputs/output_aware_structural_generalization/residual_splits/ieee57_structural_group_02_realization_01_seed_57201_8x8.json,outputs/output_aware_structural_generalization/residual_splits/ieee57_structural_group_02_realization_01_seed_57201_8x8.json,7846581501d3064e4e562ccc186d22797ca8a2da6881e457af3ff822d17fa367,7846581501d3064e4e562ccc186d22797ca8a2da6881e457af3ff822d17fa367,4747,identical,byte-identical to curated source
outputs/output_aware_structural_generalization/residual_splits/ieee57_structural_group_02_realization_02_seed_57202_8x8.json,outputs/output_aware_structural_generalization/residual_splits/ieee57_structural_group_02_realization_02_seed_57202_8x8.json,4ed847fbe550e4a78fba8f5ecf474223bcc152a672fd68690464e35f56190f32,4ed847fbe550e4a78fba8f5ecf474223bcc152a672fd68690464e35f56190f32,4747,identical,byte-identical to curated source
outputs/output_aware_structural_generalization/residual_splits/ieee57_structural_group_03_realization_01_seed_57201_8x8.json,outputs/output_aware_structural_generalization/residual_splits/ieee57_structural_group_03_realization_01_seed_57201_8x8.json,492dbb906dbe5f4f8a4031089c24f3375feafd3eac562fb47f5859368c255a66,492dbb906dbe5f4f8a4031089c24f3375feafd3eac562fb47f5859368c255a66,4747,identical,byte-identical to curated source
outputs/output_aware_structural_generalization/residual_splits/ieee57_structural_group_03_realization_02_seed_57202_8x8.json,outputs/output_aware_structural_generalization/residual_splits/ieee57_structural_group_03_realization_02_seed_57202_8x8.json,c4f511a6efedbfb59c0d9d64a1468d396e9fb2e4dbc676345b9299adae4702c2,c4f511a6efedbfb59c0d9d64a1468d396e9fb2e4dbc676345b9299adae4702c2,4747,identical,byte-identical to curated source
outputs/output_aware_structural_generalization/residual_splits/ieee57_structural_group_04_realization_01_seed_57201_8x8.json,outputs/output_aware_structural_generalization/residual_splits/ieee57_structural_group_04_realization_01_seed_57201_8x8.json,786789013c1ae7dc73a33ad1ea9dc7275165f307e42c53b56d26ea8e01b1a390,786789013c1ae7dc73a33ad1ea9dc7275165f307e42c53b56d26ea8e01b1a390,4747,identical,byte-identical to curated source
outputs/output_aware_structural_generalization/residual_splits/ieee57_structural_group_04_realization_02_seed_57202_8x8.json,outputs/output_aware_structural_generalization/residual_splits/ieee57_structural_group_04_realization_02_seed_57202_8x8.json,8e97618ceac2435696d016c71c0eace688a7d5644a02cd6d68e43a919ef595e0,8e97618ceac2435696d016c71c0eace688a7d5644a02cd6d68e43a919ef595e0,4747,identical,byte-identical to curated source
outputs/output_aware_structural_generalization/resource_group_summary.csv,outputs/output_aware_structural_generalization/resource_group_summary.csv,de24666c6a3e36c2994a0dd31a013edbd25de7e7beffdcf9101237283bd22cac,de24666c6a3e36c2994a0dd31a013edbd25de7e7beffdcf9101237283bd22cac,12269,identical,byte-identical to curated source
outputs/output_aware_structural_generalization/resource_registry.csv,outputs/output_aware_structural_generalization/resource_registry.csv,ced4f5e5efe45aa4fd5aebc40fb2fca5e82b013d706b8cfd8fe66e91ac6df080,ced4f5e5efe45aa4fd5aebc40fb2fca5e82b013d706b8cfd8fe66e91ac6df080,2848145,identical,byte-identical to curated source
outputs/output_aware_structural_generalization/structural_case_stratified_bootstrap.csv,outputs/output_aware_structural_generalization/structural_case_stratified_bootstrap.csv,3822e6a32a4c97afd41b417ef53adf4ad082bc4acaa6b3e1927bd2fd3c41d5d3,3822e6a32a4c97afd41b417ef53adf4ad082bc4acaa6b3e1927bd2fd3c41d5d3,896566,identical,byte-identical to curated source
outputs/output_aware_structural_generalization/structural_descriptors.csv,outputs/output_aware_structural_generalization/structural_descriptors.csv,20bc54bd653df106613d07771c9d4e84abcec5b0789e46235af32ad4981a5b34,20bc54bd653df106613d07771c9d4e84abcec5b0789e46235af32ad4981a5b34,130726,identical,byte-identical to curated source
outputs/output_aware_structural_generalization/structural_group_bootstrap.csv,outputs/output_aware_structural_generalization/structural_group_bootstrap.csv,e2ee9afd0cbc849106757b70bb8f77abe9fe9e5391eca59c83c39418b9a96539,e2ee9afd0cbc849106757b70bb8f77abe9fe9e5391eca59c83c39418b9a96539,861679,identical,byte-identical to curated source
outputs/output_aware_structural_generalization/structural_group_registry.csv,outputs/output_aware_structural_generalization/structural_group_registry.csv,31f37a76c18e10e77b2c61035dab58dd9d9711760e6b339d86056d23c81182ad,31f37a76c18e10e77b2c61035dab58dd9d9711760e6b339d86056d23c81182ad,4841,identical,byte-identical to curated source
outputs/output_aware_structural_generalization/structural_primary_functional_pairs.csv,outputs/output_aware_structural_generalization/structural_primary_functional_pairs.csv,075d1b861fca9f1b8146f83cbd66b24fb3bf26832aa2ad04269496a657e31544,075d1b861fca9f1b8146f83cbd66b24fb3bf26832aa2ad04269496a657e31544,4226,identical,byte-identical to curated source
outputs/output_aware_structural_generalization/structural_primary_matched_pairs.csv,outputs/output_aware_structural_generalization/structural_primary_matched_pairs.csv,3eec26a1908c56cc25801f3bf070b39fba3c1fb4171fc206bd3eac09082c6976,3eec26a1908c56cc25801f3bf070b39fba3c1fb4171fc206bd3eac09082c6976,2293,identical,byte-identical to curated source
outputs/output_aware_structural_generalization/structural_primary_test.json,outputs/output_aware_structural_generalization/structural_primary_test.json,f3bc7ac07b4ada9808e6fe1c4ced9d6606e7bed8deb533e2d7eb1ceaaf3b3fed,f3bc7ac07b4ada9808e6fe1c4ced9d6606e7bed8deb533e2d7eb1ceaaf3b3fed,2770,identical,byte-identical to curated source
outputs/output_aware_structural_generalization/support_registry.csv,outputs/output_aware_structural_generalization/support_registry.csv,7fc36724b7f260ccf3680e308dc8e02417c4e06e2526c9fba56b5d9da062968c,7fc36724b7f260ccf3680e308dc8e02417c4e06e2526c9fba56b5d9da062968c,18245776,identical,byte-identical to curated source
outputs/output_aware_structural_generalization/support_stability.csv,outputs/output_aware_structural_generalization/support_stability.csv,e0c297fe5bc109287274d58a9eed3982d3313674ba244586773151ad46198a8d,e0c297fe5bc109287274d58a9eed3982d3313674ba244586773151ad46198a8d,268016,identical,byte-identical to curated source
outputs/output_aware_structural_generalization/support_stability_group_summary.csv,outputs/output_aware_structural_generalization/support_stability_group_summary.csv,acf39d2adc7124b581e621f9cfe53977001a9d9fbd569f0eae73eb609cdd69b5,acf39d2adc7124b581e621f9cfe53977001a9d9fbd569f0eae73eb609cdd69b5,3857,identical,byte-identical to curated source
outputs/output_aware_structural_generalization/support_stability_summary.csv,outputs/output_aware_structural_generalization/support_stability_summary.csv,47995f8f56ae6086b987c195556eee7bb01535334ea8f8dcf44df050ca5844e2,47995f8f56ae6086b987c195556eee7bb01535334ea8f8dcf44df050ca5844e2,574,identical,byte-identical to curated source
outputs/output_aware_structural_generalization/supports/ieee14_structural_group_01_realization_01_seed_14201_8x8/ieee14_structural_group_01_realization_01_seed_14201_8x8__balanced_magnitude_k16_s3_7ab554232db0.json,outputs/output_aware_structural_generalization/supports/ieee14_structural_group_01_realization_01_seed_14201_8x8/ieee14_structural_group_01_realization_01_seed_14201_8x8__balanced_magnitude_k16_s3_7ab554232db0.json,fc9b4da9a6dc3583be157f2c480723fac747b84460bae6fce4c46fa927d10b3e,fc9b4da9a6dc3583be157f2c480723fac747b84460bae6fce4c46fa927d10b3e,3845,identical,byte-identical to curated source
outputs/output_aware_structural_generalization/supports/ieee14_structural_group_01_realization_01_seed_14201_8x8/ieee14_structural_group_01_realization_01_seed_14201_8x8__sensitivity_initial_mean_k16_s3_7ab554232db0.json,outputs/output_aware_structural_generalization/supports/ieee14_structural_group_01_realization_01_seed_14201_8x8/ieee14_structural_group_01_realization_01_seed_14201_8x8__sensitivity_initial_mean_k16_s3_7ab554232db0.json,82f0963b8522be6a93b39baa1b10138325aaeca014ee90d93f4d54351ffa8105,82f0963b8522be6a93b39baa1b10138325aaeca014ee90d93f4d54351ffa8105,3871,identical,byte-identical to curated source
outputs/phase10_full_rectangular_selected_output_qsvt/phase_cache/210487dab40ded2b08c7428b_metadata.json,outputs/phase10_full_rectangular_selected_output_qsvt/phase_cache/210487dab40ded2b08c7428b_metadata.json,007542daafdc6f564651a69318e0292ada37e095632b2ec25fea8a705c17d456,007542daafdc6f564651a69318e0292ada37e095632b2ec25fea8a705c17d456,529,identical,byte-identical to curated source
outputs/phase10_full_rectangular_selected_output_qsvt/phase_cache/210487dab40ded2b08c7428b_phase_angles.csv,outputs/phase10_full_rectangular_selected_output_qsvt/phase_cache/210487dab40ded2b08c7428b_phase_angles.csv,b846bf84d8be68c4361150c8bf72a942b694e348bd7cc1ff8416ba7c413917fd,b846bf84d8be68c4361150c8bf72a942b694e348bd7cc1ff8416ba7c413917fd,721,identical,byte-identical to curated source
outputs/phase10_full_rectangular_selected_output_qsvt/phase_cache/92c6c8395b7d7a909b8fef36_metadata.json,outputs/phase10_full_rectangular_selected_output_qsvt/phase_cache/92c6c8395b7d7a909b8fef36_metadata.json,d485275ac832752d14cd2212799ab8ef87dc57ea35032f6710c6cdc4f6d45ab7,d485275ac832752d14cd2212799ab8ef87dc57ea35032f6710c6cdc4f6d45ab7,517,identical,byte-identical to curated source
outputs/phase10_full_rectangular_selected_output_qsvt/phase_cache/92c6c8395b7d7a909b8fef36_phase_angles.csv,outputs/phase10_full_rectangular_selected_output_qsvt/phase_cache/92c6c8395b7d7a909b8fef36_phase_angles.csv,6ee5bdabf556afc63a2ef335e2dca6f1f7e17cfa7ed02c529155bd7bd5ea3998,6ee5bdabf556afc63a2ef335e2dca6f1f7e17cfa7ed02c529155bd7bd5ea3998,715,identical,byte-identical to curated source
outputs/phase10_sparse_wrapper_8x8_complete/phase_cache/38b8a10ad6ec88f509459bf3_phase_angles.csv,outputs/phase10_sparse_wrapper_8x8_complete/phase_cache/38b8a10ad6ec88f509459bf3_phase_angles.csv,a0992eb7431edeecaf7d5e5601374de72deeed70fecc4904052c52cc925277f9,a0992eb7431edeecaf7d5e5601374de72deeed70fecc4904052c52cc925277f9,719,identical,byte-identical to curated source
outputs/phase2_qsvt_boundary/README.md,outputs/phase2_qsvt_boundary/README.md,f4cb3b7f6e44f83ed69914c4a7c143d4f1daf2b19de1de07a61869c59457c4e2,f4cb3b7f6e44f83ed69914c4a7c143d4f1daf2b19de1de07a61869c59457c4e2,2540,identical,byte-identical to curated source
outputs/phase2_qsvt_boundary/all_attempts.csv,outputs/phase2_qsvt_boundary/all_attempts.csv,9cda656c843ec53cbe1342c8514cebd9c8b5932dcef850a7edf205bee75cb791,9cda656c843ec53cbe1342c8514cebd9c8b5932dcef850a7edf205bee75cb791,77080,identical,byte-identical to curated source
outputs/phase2_qsvt_boundary/all_attempts.json,outputs/phase2_qsvt_boundary/all_attempts.json,ec17d9fe64005e47b8b2ff5a32ceb1500d83c698cae7df41f5d5810fdfab5b4e,ec17d9fe64005e47b8b2ff5a32ceb1500d83c698cae7df41f5d5810fdfab5b4e,146687,identical,byte-identical to curated source
outputs/phase2_qsvt_boundary/failed_rows.csv,outputs/phase2_qsvt_boundary/failed_rows.csv,0caa23e638a2fe19136f47025c55c7f0d2763dbb7d3c679ed98bc7c526b645be,0caa23e638a2fe19136f47025c55c7f0d2763dbb7d3c679ed98bc7c526b645be,37090,identical,byte-identical to curated source
outputs/phase2_qsvt_boundary/manifest.json,outputs/phase2_qsvt_boundary/manifest.json,219ea6ad38ee4e5c3b3a9576f8fb1fac52fbfdae3bf1b6bf61ccf64639b3361e,219ea6ad38ee4e5c3b3a9576f8fb1fac52fbfdae3bf1b6bf61ccf64639b3361e,937,identical,byte-identical to curated source
outputs/phase2_qsvt_boundary/phase2_summary.json,outputs/phase2_qsvt_boundary/phase2_summary.json,c354dbad4257eb57211a138f4ebe4cb0535ca7658296d5c7030651e23187f7cb,c354dbad4257eb57211a138f4ebe4cb0535ca7658296d5c7030651e23187f7cb,1166,identical,byte-identical to curated source
outputs/phase2_qsvt_boundary/representative_rows.csv,outputs/phase2_qsvt_boundary/representative_rows.csv,9f4712f1310a718ed7972ed0e4a5cc1b1f56781e71db308bde27f5ed0cab3578,9f4712f1310a718ed7972ed0e4a5cc1b1f56781e71db308bde27f5ed0cab3578,8768,identical,byte-identical to curated source
outputs/phase2_qsvt_boundary/selected_block_metadata.json,outputs/phase2_qsvt_boundary/selected_block_metadata.json,5b170ae1f8f97298927ef4e8222ecd81939be3bd325fb242ff3e8ba3da7a0f1c,5b170ae1f8f97298927ef4e8222ecd81939be3bd325fb242ff3e8ba3da7a0f1c,6798,identical,byte-identical to curated source
outputs/phase2_qsvt_boundary/successful_rows.csv,outputs/phase2_qsvt_boundary/successful_rows.csv,c0927c6f94a0b8109281ef57774bb240961c656dc843858b1132d7d82b11814e,c0927c6f94a0b8109281ef57774bb240961c656dc843858b1132d7d82b11814e,40825,identical,byte-identical to curated source
outputs/phase3_resource_reproducibility/README.md,outputs/phase3_resource_reproducibility/README.md,ae68274f068c1d6080228c5eff8cb915a93fdd334f9cbe8bc9a72557cac6edf1,ae68274f068c1d6080228c5eff8cb915a93fdd334f9cbe8bc9a72557cac6edf1,3392,identical,byte-identical to curated source
outputs/phase3_resource_reproducibility/access_status.csv,outputs/phase3_resource_reproducibility/access_status.csv,2088157edf4eb6ef4743fca954d8234fa229e4add5e8306305ab85b3e3c3006c,2088157edf4eb6ef4743fca954d8234fa229e4add5e8306305ab85b3e3c3006c,1944,identical,byte-identical to curated source
outputs/phase3_resource_reproducibility/checksums.sha256,outputs/phase3_resource_reproducibility/checksums.sha256,ac41715328176c2df87a9aa25abbd0b66dec37b9d79b7431649b21a3e0c70c4d,ac41715328176c2df87a9aa25abbd0b66dec37b9d79b7431649b21a3e0c70c4d,724,identical,byte-identical to curated source
outputs/phase3_resource_reproducibility/classical_selected_output_timings.csv,outputs/phase3_resource_reproducibility/classical_selected_output_timings.csv,493b857457876e1ca15f7914b079ffe9be489a2ea3ad930351ebf821e811532c,493b857457876e1ca15f7914b079ffe9be489a2ea3ad930351ebf821e811532c,3520,identical,byte-identical to curated source
outputs/phase3_resource_reproducibility/phase3_resource_ledger.csv,outputs/phase3_resource_reproducibility/phase3_resource_ledger.csv,a6b354e9146e4a195784a04f172d2d84aa0e0b942e29cfa5f23dd35851407b17,a6b354e9146e4a195784a04f172d2d84aa0e0b942e29cfa5f23dd35851407b17,4284,identical,byte-identical to curated source
outputs/phase3_resource_reproducibility/phase3_resource_ledger.json,outputs/phase3_resource_reproducibility/phase3_resource_ledger.json,a8f31a929f6ace3775ac275a55f8152bd54ca3a6fbb9176623f3f9773ab156db,a8f31a929f6ace3775ac275a55f8152bd54ca3a6fbb9176623f3f9773ab156db,9225,identical,byte-identical to curated source
outputs/phase3_resource_reproducibility/readout_scaling.csv,outputs/phase3_resource_reproducibility/readout_scaling.csv,1d0efc7d8d77af57683441f7d30893a3a91cce979d2e34678c85081f6658d9b0,1d0efc7d8d77af57683441f7d30893a3a91cce979d2e34678c85081f6658d9b0,2482,identical,byte-identical to curated source
outputs/phase3_resource_reproducibility/residual_loading_models.csv,outputs/phase3_resource_reproducibility/residual_loading_models.csv,d0f403842538c90117b1f63a36f238341ca9fef6d6ea9c2b5f25b97da67db899,d0f403842538c90117b1f63a36f238341ca9fef6d6ea9c2b5f25b97da67db899,1842,identical,byte-identical to curated source
outputs/phase3_resource_reproducibility/traceability_manifest.json,outputs/phase3_resource_reproducibility/traceability_manifest.json,db2005f4161d018858a20404f8a39029759c94826157d2234ca5813ab87dccc1,db2005f4161d018858a20404f8a39029759c94826157d2234ca5813ab87dccc1,13497,identical,byte-identical to curated source
outputs/phase8_bridge_characterization/README.md,outputs/phase8_bridge_characterization/README.md,c82fd57b9dca8ecdc9157fa14daca650d8d0c90e7e8e300b51cbbbec2dae991e,c82fd57b9dca8ecdc9157fa14daca650d8d0c90e7e8e300b51cbbbec2dae991e,2628,identical,byte-identical to curated source
outputs/phase8_bridge_characterization/bridge_characterization_by_case_size_rule.csv,outputs/phase8_bridge_characterization/bridge_characterization_by_case_size_rule.csv,64ac1c38d197b46efb458ec62e3354ed784f3e0af488aed1c90331cef408def7,64ac1c38d197b46efb458ec62e3354ed784f3e0af488aed1c90331cef408def7,9347,identical,byte-identical to curated source
outputs/phase8_bridge_characterization/bridge_characterization_full.csv,outputs/phase8_bridge_characterization/bridge_characterization_full.csv,e0b17ad46ee027efc6fa2017da714db79bfb8227243201a049af6539b3509412,e0b17ad46ee027efc6fa2017da714db79bfb8227243201a049af6539b3509412,36950,identical,byte-identical to curated source
outputs/phase8_bridge_characterization/bridge_characterization_manifest.json,outputs/phase8_bridge_characterization/bridge_characterization_manifest.json,af0149e16bbc9e57ab54bd0bb3b78fdd22f484b7ab34df7c9f66235031ec45f4,af0149e16bbc9e57ab54bd0bb3b78fdd22f484b7ab34df7c9f66235031ec45f4,4801,identical,byte-identical to curated source
outputs/phase8_bridge_characterization/bridge_characterization_summary.csv,outputs/phase8_bridge_characterization/bridge_characterization_summary.csv,373eb38daf59f4c285d8689da6809006597eda5ba254a56719044d717c049fb1,373eb38daf59f4c285d8689da6809006597eda5ba254a56719044d717c049fb1,1933,identical,byte-identical to curated source
outputs/phase8_bridge_characterization/checksums.sha256,outputs/phase8_bridge_characterization/checksums.sha256,326692213e93e8fa55c030d6cb57638c0e319656fbe38242c55e701ec8d577a7,326692213e93e8fa55c030d6cb57638c0e319656fbe38242c55e701ec8d577a7,389,identical,byte-identical to curated source
outputs/phase8_integrated_readout/README.md,outputs/phase8_integrated_readout/README.md,a7405d9fe72a3f0147d9646fce8d0606731fe21d5ae436af9d68c74215763730,a7405d9fe72a3f0147d9646fce8d0606731fe21d5ae436af9d68c74215763730,2038,identical,byte-identical to curated source
outputs/phase8_integrated_readout/checksums.sha256,outputs/phase8_integrated_readout/checksums.sha256,004a2efdeb28bfe92b0dd0de30ab218f1634bb070ce34a9c5ff107215871a078,004a2efdeb28bfe92b0dd0de30ab218f1634bb070ce34a9c5ff107215871a078,590,identical,byte-identical to curated source
outputs/phase8_integrated_readout/integrated_readout_circuit_metadata.json,outputs/phase8_integrated_readout/integrated_readout_circuit_metadata.json,6cf38c8b992f1236cfed890aafbf57383730ca88f55b9470271685b5f6bc8cde,6cf38c8b992f1236cfed890aafbf57383730ca88f55b9470271685b5f6bc8cde,3689,identical,byte-identical to curated source
outputs/phase8_integrated_readout/integrated_readout_counts_summary.json,outputs/phase8_integrated_readout/integrated_readout_counts_summary.json,123c574159ee977911f8f08ec292204f3fc4181135abe7ef2457b3daa5133dea,123c574159ee977911f8f08ec292204f3fc4181135abe7ef2457b3daa5133dea,1391,identical,byte-identical to curated source
outputs/phase8_integrated_readout/integrated_readout_per_seed.csv,outputs/phase8_integrated_readout/integrated_readout_per_seed.csv,6d6005924f719b2a84d845b55b57511c9fc9d0d02ff7a4a01df9dba9eecd9203,6d6005924f719b2a84d845b55b57511c9fc9d0d02ff7a4a01df9dba9eecd9203,155069,identical,byte-identical to curated source
outputs/phase8_integrated_readout/integrated_readout_reference_values.json,outputs/phase8_integrated_readout/integrated_readout_reference_values.json,674b20ef6dcc8fac59e81f13d0c49175c413ea3433124e8b54ae161b77089e47,674b20ef6dcc8fac59e81f13d0c49175c413ea3433124e8b54ae161b77089e47,2422,identical,byte-identical to curated source
outputs/phase8_integrated_readout/integrated_readout_summary.csv,outputs/phase8_integrated_readout/integrated_readout_summary.csv,740d2ec18db4936db1a61633f73f7cacfdbade01c8bd1a5186b2e9d7643f4dab,740d2ec18db4936db1a61633f73f7cacfdbade01c8bd1a5186b2e9d7643f4dab,6133,identical,byte-identical to curated source
outputs/phase8_integrated_readout/manifest.json,outputs/phase8_integrated_readout/manifest.json,8011af1aef146ad30bf38fef173c1781c32d50b3c4be4df551641ac3da992772,8011af1aef146ad30bf38fef173c1781c32d50b3c4be4df551641ac3da992772,5111,identical,byte-identical to curated source
outputs/phase9_integrated_8x8_readout/integrated_readout_circuit_metadata.json,outputs/phase9_integrated_8x8_readout/integrated_readout_circuit_metadata.json,e0c6bc1097b5a46a8eb9b5605ff39a05bf6260657d882f906712f6514347cc27,e0c6bc1097b5a46a8eb9b5605ff39a05bf6260657d882f906712f6514347cc27,3771,identical,byte-identical to curated source
outputs/phase9_integrated_8x8_readout/integrated_readout_reference_values.json,outputs/phase9_integrated_8x8_readout/integrated_readout_reference_values.json,725cdfab6a5c5c6ce6fa95944efdd8fbdbf8ac1435215467147d1a506639d215,725cdfab6a5c5c6ce6fa95944efdd8fbdbf8ac1435215467147d1a506639d215,2792,identical,byte-identical to curated source
outputs/qsvt_circuit_scaling/circuit_scaling_results.csv,outputs/qsvt_circuit_scaling/circuit_scaling_results.csv,1b5a7bf37ba968a51b348317a13b565424b3ae295b44dd544ba3e4bb73ef1596,1b5a7bf37ba968a51b348317a13b565424b3ae295b44dd544ba3e4bb73ef1596,2462,identical,byte-identical to curated source
outputs/qsvt_circuit_scaling/circuit_scaling_summary.json,outputs/qsvt_circuit_scaling/circuit_scaling_summary.json,01f8f5ed9d0ccf941d4156d17dac8c72d21960fc0b5022109640482290ffba1d,01f8f5ed9d0ccf941d4156d17dac8c72d21960fc0b5022109640482290ffba1d,864,identical,byte-identical to curated source
outputs/qsvt_circuit_scaling/config_resolved.yaml,outputs/qsvt_circuit_scaling/config_resolved.yaml,c69239321581fc01bc37a568f0076afce9dad095f7f903132e64c856e72d174a,c69239321581fc01bc37a568f0076afce9dad095f7f903132e64c856e72d174a,490,identical,byte-identical to curated source
outputs/qsvt_hardware_ieee14_2x2/comparison_to_classical.csv,outputs/qsvt_hardware_ieee14_2x2/comparison_to_classical.csv,d3c79df11faa065cde5a84f91f4f85569f1680786a8164dbbebb64bdaaca9c2c,d3c79df11faa065cde5a84f91f4f85569f1680786a8164dbbebb64bdaaca9c2c,464,identical,byte-identical to curated source
outputs/qsvt_hardware_ieee14_2x2/hardware_qsvt_circuit_summary.json,outputs/qsvt_hardware_ieee14_2x2/hardware_qsvt_circuit_summary.json,d20f8763a6326a326858370e6b9bf65e31ecba79b76f33e555433c3c197e4ecd,d20f8763a6326a326858370e6b9bf65e31ecba79b76f33e555433c3c197e4ecd,2312,identical,byte-identical to curated source
outputs/qsvt_hardware_ieee14_4x4/comparison_to_classical.csv,outputs/qsvt_hardware_ieee14_4x4/comparison_to_classical.csv,174455aacd51bce4c1003ce26ce50986d6b2cd5439f250177d697f4acef197f2,174455aacd51bce4c1003ce26ce50986d6b2cd5439f250177d697f4acef197f2,1556,identical,byte-identical to curated source
outputs/qsvt_hardware_ieee14_4x4/hardware_qsvt_circuit_summary.json,outputs/qsvt_hardware_ieee14_4x4/hardware_qsvt_circuit_summary.json,5dfd3d69e938dbf6cdda5cdf46f88194bf977246348b9d1c951ad81a6cc3ce78,5dfd3d69e938dbf6cdda5cdf46f88194bf977246348b9d1c951ad81a6cc3ce78,2332,identical,byte-identical to curated source
outputs/qsvt_oracle_model_resources/manifest.json,outputs/qsvt_oracle_model_resources/manifest.json,28c75b12ac37505d75b7d426e76e44e16c8beed8d9a16e1208e476d162573985,28c75b12ac37505d75b7d426e76e44e16c8beed8d9a16e1208e476d162573985,1269,identical,byte-identical to curated source
outputs/qsvt_oracle_model_resources/oracle_model_resource_assumptions.md,outputs/qsvt_oracle_model_resources/oracle_model_resource_assumptions.md,9b29d61f35533eb39091b04c8b539cbf39b50e116b70c8ba7f5539645581a6c7,9b29d61f35533eb39091b04c8b539cbf39b50e116b70c8ba7f5539645581a6c7,313,identical,byte-identical to curated source
outputs/qsvt_oracle_model_resources/oracle_model_resource_limitations.md,outputs/qsvt_oracle_model_resources/oracle_model_resource_limitations.md,cf405ef88dcdc8ab1d6458aa9d3d918f2d271c9dde3ae5c00a8ab6d411509883,cf405ef88dcdc8ab1d6458aa9d3d918f2d271c9dde3ae5c00a8ab6d411509883,457,identical,byte-identical to curated source
outputs/qsvt_oracle_model_resources/oracle_model_resource_summary.csv,outputs/qsvt_oracle_model_resources/oracle_model_resource_summary.csv,88feede14fa8b4a92768b6ed50f4e66a1f9bd838c3669776e783aae4d6f74b13,88feede14fa8b4a92768b6ed50f4e66a1f9bd838c3669776e783aae4d6f74b13,935,identical,byte-identical to curated source
outputs/qsvt_phase_cache/2faba3f389315cc7768fa2ad_metadata.json,outputs/qsvt_phase_cache/2faba3f389315cc7768fa2ad_metadata.json,ee5d3195f5d2fcffcb56349b247bc5456efde8e4b95100037610a51796198bfa,ee5d3195f5d2fcffcb56349b247bc5456efde8e4b95100037610a51796198bfa,551,identical,byte-identical to curated source
outputs/qsvt_phase_cache/2faba3f389315cc7768fa2ad_phase_angles.csv,outputs/qsvt_phase_cache/2faba3f389315cc7768fa2ad_phase_angles.csv,a76fab7b3dea2ddda86587a56fc57f94271d79bd82c2ea8652df441e06e45708,a76fab7b3dea2ddda86587a56fc57f94271d79bd82c2ea8652df441e06e45708,148,identical,byte-identical to curated source
outputs/qsvt_phase_cache/c34e283b0d6b7e99a2853c1d_metadata.json,outputs/qsvt_phase_cache/c34e283b0d6b7e99a2853c1d_metadata.json,470dbc78cabbb1d7fe501b37c58c9d12527451e8ee71dc6e8aa1a4a0db1418e0,470dbc78cabbb1d7fe501b37c58c9d12527451e8ee71dc6e8aa1a4a0db1418e0,537,identical,byte-identical to curated source
outputs/qsvt_phase_cache/c34e283b0d6b7e99a2853c1d_phase_angles.csv,outputs/qsvt_phase_cache/c34e283b0d6b7e99a2853c1d_phase_angles.csv,e1809f460cd03a9ee38c567cad6c97693b8392b2a0b65b665848b7ecfeaaa813,e1809f460cd03a9ee38c567cad6c97693b8392b2a0b65b665848b7ecfeaaa813,109,identical,byte-identical to curated source
outputs/qsvt_phase_validation_paper/approximation_error.csv,outputs/qsvt_phase_validation_paper/approximation_error.csv,0f340d59bd86f6888dbe64ed6a12878661eaa2961c7ee893eaa55f347c912364,0f340d59bd86f6888dbe64ed6a12878661eaa2961c7ee893eaa55f347c912364,580060,identical,byte-identical to curated source
outputs/qsvt_phase_validation_paper/config_resolved.yaml,outputs/qsvt_phase_validation_paper/config_resolved.yaml,70d218e7aac6323356e8c33e1a2caac4b74ea919fe83e3f51a7c0c4ade66bcea,70d218e7aac6323356e8c33e1a2caac4b74ea919fe83e3f51a7c0c4ade66bcea,618,identical,byte-identical to curated source
outputs/qsvt_phase_validation_paper/phase_implemented_error.csv,outputs/qsvt_phase_validation_paper/phase_implemented_error.csv,aa72c384ca13d49060492855589b5cdefcc70e6117dc0a9e8125f6341e293fe1,aa72c384ca13d49060492855589b5cdefcc70e6117dc0a9e8125f6341e293fe1,44848,identical,byte-identical to curated source
outputs/qsvt_phase_validation_paper/phase_validation_report.json,outputs/qsvt_phase_validation_paper/phase_validation_report.json,c5528ec5aa4cabec1a7abb3fd8beef6ece7511427a49ac7db1b06bec11c5c9f5,c5528ec5aa4cabec1a7abb3fd8beef6ece7511427a49ac7db1b06bec11c5c9f5,874,identical,byte-identical to curated source
outputs/qsvt_phase_validation_paper/qsp_validation_grid.csv,outputs/qsvt_phase_validation_paper/qsp_validation_grid.csv,aa72c384ca13d49060492855589b5cdefcc70e6117dc0a9e8125f6341e293fe1,aa72c384ca13d49060492855589b5cdefcc70e6117dc0a9e8125f6341e293fe1,44848,identical,byte-identical to curated source
outputs/qsvt_resource_full_ieee/config_resolved.yaml,outputs/qsvt_resource_full_ieee/config_resolved.yaml,53e4b3646e8f37c37624a8bc7f8162c95e6d61677d86d86db75350be64f2ccbc,53e4b3646e8f37c37624a8bc7f8162c95e6d61677d86d86db75350be64f2ccbc,783,identical,byte-identical to curated source
outputs/qsvt_resource_full_ieee/qsvt_resource_estimates.csv,outputs/qsvt_resource_full_ieee/qsvt_resource_estimates.csv,d585ff73d45410b44f139e66c4ef4172819f91e47503811a74c95898f8caad7f,d585ff73d45410b44f139e66c4ef4172819f91e47503811a74c95898f8caad7f,2106,identical,byte-identical to curated source
outputs/qsvt_resource_full_ieee/resource_estimates.csv,outputs/qsvt_resource_full_ieee/resource_estimates.csv,d585ff73d45410b44f139e66c4ef4172819f91e47503811a74c95898f8caad7f,d585ff73d45410b44f139e66c4ef4172819f91e47503811a74c95898f8caad7f,2106,identical,byte-identical to curated source
outputs/real_ieee118_seed10/aggregate_metrics.csv,outputs/real_ieee118_seed10/aggregate_metrics.csv,5f5532233bc2f1bb91e0ae6322c88c7df86f47f6512c1637c3cb802e7aefd4d7,5f5532233bc2f1bb91e0ae6322c88c7df86f47f6512c1637c3cb802e7aefd4d7,185140,identical,byte-identical to curated source
outputs/real_ieee118_seed10/config_resolved.yaml,outputs/real_ieee118_seed10/config_resolved.yaml,1d107f917081346d2fdabeca9366515d480b7d188d705f11ef5b8400b32082ac,1d107f917081346d2fdabeca9366515d480b7d188d705f11ef5b8400b32082ac,2424,identical,byte-identical to curated source
outputs/real_ieee118_seed10/summary_metrics.csv,outputs/real_ieee118_seed10/summary_metrics.csv,6e2fa8fc31a6af43e9b456bb8cd68bb08f428c83770d867c3e25180d8ce4bbd2,6e2fa8fc31a6af43e9b456bb8cd68bb08f428c83770d867c3e25180d8ce4bbd2,54191,identical,byte-identical to curated source
outputs/real_ieee14_seed10/aggregate_metrics.csv,outputs/real_ieee14_seed10/aggregate_metrics.csv,6c712fae53c7c60c75dc9f5945b7c86756ecbaba819646b92377642e52baeba5,6c712fae53c7c60c75dc9f5945b7c86756ecbaba819646b92377642e52baeba5,184040,identical,byte-identical to curated source
outputs/real_ieee14_seed10/config_resolved.yaml,outputs/real_ieee14_seed10/config_resolved.yaml,d58b5d1a43973e9b5cec3c13e17b3dee74a8f240c5af839d5536f61e4f9653b7,d58b5d1a43973e9b5cec3c13e17b3dee74a8f240c5af839d5536f61e4f9653b7,2357,identical,byte-identical to curated source
outputs/real_ieee14_seed10/summary_metrics.csv,outputs/real_ieee14_seed10/summary_metrics.csv,10b77535824145f01d11d4469a4d4a10a6c1d7277ab9d759c7d44a05260a2e16,10b77535824145f01d11d4469a4d4a10a6c1d7277ab9d759c7d44a05260a2e16,56232,identical,byte-identical to curated source
outputs/real_ieee300_seed10/aggregate_metrics.csv,outputs/real_ieee300_seed10/aggregate_metrics.csv,3309fb621bb2fffcfd7d2776d9ac34837164c4e96f39015f24ca17f71b08fcad,3309fb621bb2fffcfd7d2776d9ac34837164c4e96f39015f24ca17f71b08fcad,184650,identical,byte-identical to curated source
outputs/real_ieee300_seed10/config_resolved.yaml,outputs/real_ieee300_seed10/config_resolved.yaml,eb3ee3f3e587b6eaae93af2998a5b33bc1dff60b4b30e24478408283efb1f210,eb3ee3f3e587b6eaae93af2998a5b33bc1dff60b4b30e24478408283efb1f210,2466,identical,byte-identical to curated source
outputs/real_ieee300_seed10/summary_metrics.csv,outputs/real_ieee300_seed10/summary_metrics.csv,d7934124f7972001f6eb79fa064fb1343c495ead7c5618141157ecd96fe3a430,d7934124f7972001f6eb79fa064fb1343c495ead7c5618141157ecd96fe3a430,54080,identical,byte-identical to curated source
outputs/real_ieee30_seed10/aggregate_metrics.csv,outputs/real_ieee30_seed10/aggregate_metrics.csv,b73a41077edf39b16af704cb35696febd7a061f8937a9ec4cdaaca9cc3e425e9,b73a41077edf39b16af704cb35696febd7a061f8937a9ec4cdaaca9cc3e425e9,181855,identical,byte-identical to curated source
outputs/real_ieee30_seed10/config_resolved.yaml,outputs/real_ieee30_seed10/config_resolved.yaml,dc949daa4ee53e05f2a58129b8863906021d00b0f4c670e6922457cfeb0af69a,dc949daa4ee53e05f2a58129b8863906021d00b0f4c670e6922457cfeb0af69a,2375,identical,byte-identical to curated source
outputs/real_ieee30_seed10/summary_metrics.csv,outputs/real_ieee30_seed10/summary_metrics.csv,a0ff44088c6892bd26870f39b90a3989a0ebf3e399c8c3d344c8f62f01e82d87,a0ff44088c6892bd26870f39b90a3989a0ebf3e399c8c3d344c8f62f01e82d87,55015,identical,byte-identical to curated source
outputs/real_ieee57_seed10/aggregate_metrics.csv,outputs/real_ieee57_seed10/aggregate_metrics.csv,94381be242cfe80f6c6e87eef556924a7c7e93ddc1c024722ed438afa1cb2e57,94381be242cfe80f6c6e87eef556924a7c7e93ddc1c024722ed438afa1cb2e57,183393,identical,byte-identical to curated source
outputs/real_ieee57_seed10/config_resolved.yaml,outputs/real_ieee57_seed10/config_resolved.yaml,652842c45b6bb575e659a3023c07dea8ddd5342488751495a6d2d15b16688716,652842c45b6bb575e659a3023c07dea8ddd5342488751495a6d2d15b16688716,2375,identical,byte-identical to curated source
outputs/real_ieee57_seed10/summary_metrics.csv,outputs/real_ieee57_seed10/summary_metrics.csv,0f261f2bd2da0e633f9c973c63334279d908c5c09647a7d4789b7ad46b76c4b1,0f261f2bd2da0e633f9c973c63334279d908c5c09647a7d4789b7ad46b76c4b1,54651,identical,byte-identical to curated source
outputs/rectangular_convention_fix/convention_target_configuration.json,outputs/rectangular_convention_fix/convention_target_configuration.json,db67f79cce4b0a67c78530c0a2a185b729f9d7a2ea6baf40ab50325266a13189,db67f79cce4b0a67c78530c0a2a185b729f9d7a2ea6baf40ab50325266a13189,1716,identical,byte-identical to curated source
outputs/rectangular_convention_fix/convention_target_configuration.sha256,outputs/rectangular_convention_fix/convention_target_configuration.sha256,1813e57fbe09e091983bde4a07a80f9e604f4cebafd592d8374b469a72f1db50,1813e57fbe09e091983bde4a07a80f9e604f4cebafd592d8374b469a72f1db50,103,identical,byte-identical to curated source
outputs/rectangular_convention_fix/corrected_exact_svd_ieee14_validation.csv,outputs/rectangular_convention_fix/corrected_exact_svd_ieee14_validation.csv,ecaabbd5f443cbf9ef67ba176175cff5f929d93fb594b8b020a8f5176abae293,ecaabbd5f443cbf9ef67ba176175cff5f929d93fb594b8b020a8f5176abae293,408,identical,byte-identical to curated source
outputs/rectangular_convention_fix/corrected_ieee14_backend_summary.csv,outputs/rectangular_convention_fix/corrected_ieee14_backend_summary.csv,8339f4086e1eac33349d177c91b4c027d6b15b44c390be207977830b15d07f26,8339f4086e1eac33349d177c91b4c027d6b15b44c390be207977830b15d07f26,716,identical,byte-identical to curated source
outputs/rectangular_convention_fix/corrected_postselection_mitigation.csv,outputs/rectangular_convention_fix/corrected_postselection_mitigation.csv,d510c327cf9f1e0ca73352d62779c4e0f9ee7a06a2323e02dec515f5b82d12ef,d510c327cf9f1e0ca73352d62779c4e0f9ee7a06a2323e02dec515f5b82d12ef,809,identical,byte-identical to curated source
outputs/rectangular_convention_fix/corrected_production_ieee14_statevector.csv,outputs/rectangular_convention_fix/corrected_production_ieee14_statevector.csv,520a1757cd58feca3bca29e84995eb256527e93273ce50baa95e8fbd02ac26a6,520a1757cd58feca3bca29e84995eb256527e93273ce50baa95e8fbd02ac26a6,711,identical,byte-identical to curated source
outputs/rectangular_convention_fix/cubic_polynomial_rectangular_sweep.csv,outputs/rectangular_convention_fix/cubic_polynomial_rectangular_sweep.csv,3684e8f652b37da09a5f58c16bf6070e8953c9d56c55331827ee47a8266a2ec3,3684e8f652b37da09a5f58c16bf6070e8953c9d56c55331827ee47a8266a2ec3,3493,identical,byte-identical to curated source
outputs/rectangular_convention_fix/final_rectangular_decision.json,outputs/rectangular_convention_fix/final_rectangular_decision.json,40a203d3281138aae62cab916b3a34f74ae7f271748d98104eaddb5e68445628,40a203d3281138aae62cab916b3a34f74ae7f271748d98104eaddb5e68445628,4585,identical,byte-identical to curated source
outputs/rectangular_convention_fix/identity_polynomial_rectangular_sweep.csv,outputs/rectangular_convention_fix/identity_polynomial_rectangular_sweep.csv,89246fd27a02549d2fa72ad9a25f6fe4719c6fc12ab3406bef9baeff27a9747c,89246fd27a02549d2fa72ad9a25f6fe4719c6fc12ab3406bef9baeff27a9747c,3562,identical,byte-identical to curated source
outputs/rectangular_convention_fix/low_degree_ridge_rectangular_validation.csv,outputs/rectangular_convention_fix/low_degree_ridge_rectangular_validation.csv,5ef47fc3f38173faaaeb29ae25074187d14bf2c78f3459f369daa4c0c0268ef1,5ef47fc3f38173faaaeb29ae25074187d14bf2c78f3459f369daa4c0c0268ef1,763,identical,byte-identical to curated source
outputs/rectangular_convention_fix/production_scalar_emulator_validation.csv,outputs/rectangular_convention_fix/production_scalar_emulator_validation.csv,17ad5323e44e47cfebe97eb340c6f8102385e8817962d7aab1643bb56654d2a9,17ad5323e44e47cfebe97eb340c6f8102385e8817962d7aab1643bb56654d2a9,4472,identical,byte-identical to curated source
outputs/rectangular_convention_fix/pyqsp_to_production_mapping_sweep.csv,outputs/rectangular_convention_fix/pyqsp_to_production_mapping_sweep.csv,4a3ef1690f19ee384fa0f48babf182251d428dc23c485115e1e067eb265e9768,4a3ef1690f19ee384fa0f48babf182251d428dc23c485115e1e067eb265e9768,2513,identical,byte-identical to curated source
outputs/rectangular_convention_fix/rectangular_qsvt_derivation.md,outputs/rectangular_convention_fix/rectangular_qsvt_derivation.md,2324b0eedb4397a99bc9837cb9bcaa9db08062d54b4b9c61464b7a8241316409,2324b0eedb4397a99bc9837cb9bcaa9db08062d54b4b9c61464b7a8241316409,1222,identical,byte-identical to curated source
outputs/rectangular_convention_fix/rectangular_qsvt_derivation_checks.csv,outputs/rectangular_convention_fix/rectangular_qsvt_derivation_checks.csv,7ae326eb6fe59825a095c4ea3a1894b0700284ab194e27bd8afdcd97e466fcc5,7ae326eb6fe59825a095c4ea3a1894b0700284ab194e27bd8afdcd97e466fcc5,410,identical,byte-identical to curated source
outputs/rectangular_convention_fix/small_rectangular_regression_suite.csv,outputs/rectangular_convention_fix/small_rectangular_regression_suite.csv,31a36de390f28228cfcd4a9c3506bee1937814996b352a15513006d70becd7b3,31a36de390f28228cfcd4a9c3506bee1937814996b352a15513006d70becd7b3,24672,identical,byte-identical to curated source
outputs/reproducibility_audit/claim_scope_validation.md,outputs/reproducibility_audit/claim_scope_validation.md,6fbb18acbaf4cbc91ed86323f882ee4a6971f4ba09194fe1031381a5bf1baa6e,f1ec8fbf6aeac3e0061606721d6ee5f44a21a64a3197f5fc3eef6ece36311fff,2000,modified_evidence_prose,"sanitized derivative: one framing sentence shortened; audited commit, boundary rows and PASS verdict unchanged"
outputs/reproducibility_audit/experiment_manifest.json,outputs/reproducibility_audit/experiment_manifest.json,7a8ed9c83933dee820447e0a84d2dd5db1f0b61e70dd7d097379739900c448a9,7a8ed9c83933dee820447e0a84d2dd5db1f0b61e70dd7d097379739900c448a9,15495,identical,byte-identical to curated source
outputs/reproducibility_audit/validation_report.md,outputs/reproducibility_audit/validation_report.md,eadcd5cb1cde58d58989ecefc98a1b77318c249be3d3a7f7a16fb7997b85c499,eadcd5cb1cde58d58989ecefc98a1b77318c249be3d3a7f7a16fb7997b85c499,14253,identical,byte-identical to curated source
outputs/sparse_chain_reconciliation/component_trace.json,outputs/sparse_chain_reconciliation/component_trace.json,b9f1248cd87774af7f20cf75e1690b37f9d75efc89fa4099cd22182f5c4ae7ac,b9f1248cd87774af7f20cf75e1690b37f9d75efc89fa4099cd22182f5c4ae7ac,5589,identical,byte-identical to curated source
outputs/sparse_chain_reconciliation/end_to_end_run/checksums.sha256,outputs/sparse_chain_reconciliation/end_to_end_run/checksums.sha256,1c0200fba6f1ddb9e461bd725a1451d311be5edee8bceda732676c9b752a4bf7,1c0200fba6f1ddb9e461bd725a1451d311be5edee8bceda732676c9b752a4bf7,2214,identical,byte-identical to curated source
outputs/sparse_chain_reconciliation/end_to_end_run/circuit_metadata.json,outputs/sparse_chain_reconciliation/end_to_end_run/circuit_metadata.json,78d14eb3ea52cbd5a91c4f816e89396d698ac432cd55c87ab92810b0d1a58733,78d14eb3ea52cbd5a91c4f816e89396d698ac432cd55c87ab92810b0d1a58733,6160,identical,byte-identical to curated source
outputs/sparse_chain_reconciliation/end_to_end_run/configuration.json,outputs/sparse_chain_reconciliation/end_to_end_run/configuration.json,362acde418e98525b5bf2ca76307a07ab613d70f71dd6cfda6dacd3bd1fb7017,362acde418e98525b5bf2ca76307a07ab613d70f71dd6cfda6dacd3bd1fb7017,1611,identical,byte-identical to curated source
outputs/sparse_chain_reconciliation/end_to_end_run/dense_sparse_comparison.csv,outputs/sparse_chain_reconciliation/end_to_end_run/dense_sparse_comparison.csv,63fe3c002012b2dafafdc7eb1ab737d6979aa23faa9bd3333fe680f3381510eb,63fe3c002012b2dafafdc7eb1ab737d6979aa23faa9bd3333fe680f3381510eb,2714,identical,byte-identical to curated source
outputs/sparse_chain_reconciliation/end_to_end_run/finite_shot_results.csv,outputs/sparse_chain_reconciliation/end_to_end_run/finite_shot_results.csv,3f2fee858ad973c103c8294a70ad70d5382066026f2457a01db40391d2474de8,3f2fee858ad973c103c8294a70ad70d5382066026f2457a01db40391d2474de8,86743,identical,byte-identical to curated source
outputs/sparse_chain_reconciliation/end_to_end_run/finite_shot_summary.csv,outputs/sparse_chain_reconciliation/end_to_end_run/finite_shot_summary.csv,c303c0e429d4cf7cd98dc9bdc61a82382562246bb5d00537cedd51e3b453f8e2,c303c0e429d4cf7cd98dc9bdc61a82382562246bb5d00537cedd51e3b453f8e2,12383,identical,byte-identical to curated source
outputs/sparse_chain_reconciliation/end_to_end_run/manifest.json,outputs/sparse_chain_reconciliation/end_to_end_run/manifest.json,e721a40f38b4c09ffb58e541410d601f03a9407dce5cf8c31bf95806a90afca1,e721a40f38b4c09ffb58e541410d601f03a9407dce5cf8c31bf95806a90afca1,3612,identical,byte-identical to curated source
outputs/sparse_chain_reconciliation/end_to_end_run/matrix_metadata.json,outputs/sparse_chain_reconciliation/end_to_end_run/matrix_metadata.json,44ef0cba1140bf4e15215355e605704eeb49402573d7f4a885e2425df3439078,44ef0cba1140bf4e15215355e605704eeb49402573d7f4a885e2425df3439078,1838,identical,byte-identical to curated source
outputs/sparse_chain_reconciliation/end_to_end_run/matrix_quantized.npy,outputs/sparse_chain_reconciliation/end_to_end_run/matrix_quantized.npy,713a7a345ff884a3828c95a35e672ef58ccde9bb99e4a35af08a6137ff429c36,713a7a345ff884a3828c95a35e672ef58ccde9bb99e4a35af08a6137ff429c36,640,identical,byte-identical to curated source
outputs/sparse_chain_reconciliation/end_to_end_run/phases.npy,outputs/sparse_chain_reconciliation/end_to_end_run/phases.npy,e54ce0b050e0f25968bd81fc689ed5fa693ef45a71ce044d8c9b4ef8a9da9fcf,e54ce0b050e0f25968bd81fc689ed5fa693ef45a71ce044d8c9b4ef8a9da9fcf,384,identical,byte-identical to curated source
outputs/sparse_chain_reconciliation/end_to_end_run/polynomial_coefficients.npy,outputs/sparse_chain_reconciliation/end_to_end_run/polynomial_coefficients.npy,bcc814e20cd59af224c3702d23e9d3d2f2859c10a0b7a58ace0144e215974485,bcc814e20cd59af224c3702d23e9d3d2f2859c10a0b7a58ace0144e215974485,384,identical,byte-identical to curated source
outputs/sparse_chain_reconciliation/end_to_end_run/residual.npy,outputs/sparse_chain_reconciliation/end_to_end_run/residual.npy,403ff13c5e014bb72342a4bbf5a3dc74e976c026fc6d6b2a1a3f4143ec53113e,403ff13c5e014bb72342a4bbf5a3dc74e976c026fc6d6b2a1a3f4143ec53113e,192,identical,byte-identical to curated source
outputs/sparse_chain_reconciliation/end_to_end_run/resource_ledger.csv,outputs/sparse_chain_reconciliation/end_to_end_run/resource_ledger.csv,cf443fda40fabf22f3e3f110b5d167fe7b8728a7501c7b4b99f229e158145b45,cf443fda40fabf22f3e3f110b5d167fe7b8728a7501c7b4b99f229e158145b45,3780,identical,byte-identical to curated source
outputs/sparse_chain_reconciliation/end_to_end_run/resource_ledger.json,outputs/sparse_chain_reconciliation/end_to_end_run/resource_ledger.json,4ce5e0e357d3a0a0724b4217120b1581509f45f8fbe15704d0a0bc01b6abd21c,4ce5e0e357d3a0a0724b4217120b1581509f45f8fbe15704d0a0bc01b6abd21c,8255,identical,byte-identical to curated source
outputs/sparse_chain_reconciliation/end_to_end_run/selected_functionals.json,outputs/sparse_chain_reconciliation/end_to_end_run/selected_functionals.json,44533e4ab315f1b0dc0b9d272c7c080a11222b669c84a1e71e5b087743e18c8c,44533e4ab315f1b0dc0b9d272c7c080a11222b669c84a1e71e5b087743e18c8c,958,identical,byte-identical to curated source
outputs/sparse_chain_reconciliation/end_to_end_run/statevector_validation.csv,outputs/sparse_chain_reconciliation/end_to_end_run/statevector_validation.csv,68611423b30271b9bff3a291c0ba942180a02cd6994d132ba9d1189d6631fc6b,68611423b30271b9bff3a291c0ba942180a02cd6994d132ba9d1189d6631fc6b,4720,identical,byte-identical to curated source
outputs/sparse_chain_reconciliation/end_to_end_run/verification_report.md,outputs/sparse_chain_reconciliation/end_to_end_run/verification_report.md,c78807502f6abc7e45d763d50108f68f557f87c9fdecdded47fded315b67e3e7,c78807502f6abc7e45d763d50108f68f557f87c9fdecdded47fded315b67e3e7,1324,identical,byte-identical to curated source
outputs/sparse_chain_reconciliation/integration_verdict.md,outputs/sparse_chain_reconciliation/integration_verdict.md,8436723851a9ba0cdf0bc337d6ed2c29c76e5076bca1a67cf74d4b9369e78b2f,8436723851a9ba0cdf0bc337d6ed2c29c76e5076bca1a67cf74d4b9369e78b2f,2029,identical,byte-identical to curated source
outputs/sparse_chain_reconciliation/workload_inventory.csv,outputs/sparse_chain_reconciliation/workload_inventory.csv,37b1b34407f4a4fd5d50e6523c31d91a646c4a33fe651aaee778115649c79ef2,37b1b34407f4a4fd5d50e6523c31d91a646c4a33fe651aaee778115649c79ef2,14413,identical,byte-identical to curated source
outputs/sparse_error_precision_study/matrix_original.npy,outputs/sparse_error_precision_study/matrix_original.npy,b74d3db3413e5eb7d6532fed4ebc4abab8135d31a724c1e51beb4699adc1be05,b74d3db3413e5eb7d6532fed4ebc4abab8135d31a724c1e51beb4699adc1be05,640,identical,byte-identical to curated source
outputs/sparse_error_precision_study/matrix_sparse_exact.npy,outputs/sparse_error_precision_study/matrix_sparse_exact.npy,fa98cec08aa262a2ff68387da5354abb942a2fb3c8ece6dc3bacb85d92d281e4,fa98cec08aa262a2ff68387da5354abb942a2fb3c8ece6dc3bacb85d92d281e4,640,identical,byte-identical to curated source
outputs/sparse_integrated_chain/configuration.json,outputs/sparse_integrated_chain/configuration.json,1abdbab74020e297357d917c424d613366e6e1793762c6e88b3178b0d0310938,1abdbab74020e297357d917c424d613366e6e1793762c6e88b3178b0d0310938,1573,identical,byte-identical to curated source
outputs/sparse_integrated_chain/matrix_metadata.json,outputs/sparse_integrated_chain/matrix_metadata.json,44ef0cba1140bf4e15215355e605704eeb49402573d7f4a885e2425df3439078,44ef0cba1140bf4e15215355e605704eeb49402573d7f4a885e2425df3439078,1838,identical,byte-identical to curated source
outputs/sparse_integrated_chain/matrix_quantized.npy,outputs/sparse_integrated_chain/matrix_quantized.npy,713a7a345ff884a3828c95a35e672ef58ccde9bb99e4a35af08a6137ff429c36,713a7a345ff884a3828c95a35e672ef58ccde9bb99e4a35af08a6137ff429c36,640,identical,byte-identical to curated source
outputs/sparse_integrated_chain/resource_ledger.csv,outputs/sparse_integrated_chain/resource_ledger.csv,cf443fda40fabf22f3e3f110b5d167fe7b8728a7501c7b4b99f229e158145b45,cf443fda40fabf22f3e3f110b5d167fe7b8728a7501c7b4b99f229e158145b45,3780,identical,byte-identical to curated source
outputs/sparse_integrated_chain/statevector_validation.csv,outputs/sparse_integrated_chain/statevector_validation.csv,68611423b30271b9bff3a291c0ba942180a02cd6994d132ba9d1189d6631fc6b,68611423b30271b9bff3a291c0ba942180a02cd6994d132ba9d1189d6631fc6b,4720,identical,byte-identical to curated source
outputs/tqe_blocking_revision/convention_validation.csv,outputs/tqe_blocking_revision/convention_validation.csv,8ce0597f03ecdf04e8e1afe6245b01cd88303cb4f47840728ca19448f05090c3,8ce0597f03ecdf04e8e1afe6245b01cd88303cb4f47840728ca19448f05090c3,204066,identical,byte-identical to curated source
outputs/tqe_blocking_revision/convention_validation_summary.md,outputs/tqe_blocking_revision/convention_validation_summary.md,dc9a7350734ee6f413cf8bb8af2565ccf278f0240ddf139f4b630b1f11f0acb8,dc9a7350734ee6f413cf8bb8af2565ccf278f0240ddf139f4b630b1f11f0acb8,1190,identical,byte-identical to curated source
outputs/tqe_blocking_revision/evidence_registry.csv,outputs/tqe_blocking_revision/evidence_registry.csv,1fe369886fe2865d3bdf786650beb57e23dc6f70946f4ee0bba2574d14d8c5ed,1fe369886fe2865d3bdf786650beb57e23dc6f70946f4ee0bba2574d14d8c5ed,16249,identical,byte-identical to curated source
outputs/tqe_blocking_revision/ieee_case_evidence_matrix.csv,outputs/tqe_blocking_revision/ieee_case_evidence_matrix.csv,5aad9dbe250c12216b7c36cd9657349ae0fbebfe133da1747088b54517d37cb7,5aad9dbe250c12216b7c36cd9657349ae0fbebfe133da1747088b54517d37cb7,2052,identical,byte-identical to curated source
outputs/tqe_blocking_revision/readout_registry.csv,outputs/tqe_blocking_revision/readout_registry.csv,c60a5d5c9c10ab49e0276645b4669885e3adfded1d2b482258f2419d11fb3ca0,c60a5d5c9c10ab49e0276645b4669885e3adfded1d2b482258f2419d11fb3ca0,15926,identical,byte-identical to curated source
outputs/tqe_blocking_revision/readout_registry.json,outputs/tqe_blocking_revision/readout_registry.json,2e201ee1dfc99af5d40404a17cd6501a34e301d84422e09ca197117b0da0b64a,2e201ee1dfc99af5d40404a17cd6501a34e301d84422e09ca197117b0da0b64a,32327,identical,byte-identical to curated source
outputs/tqe_blocking_revision/readout_variance_validation.csv,outputs/tqe_blocking_revision/readout_variance_validation.csv,f54b332c1f5f39759a36b73d7daec6437c9f993f3f55c3905b944d64b58ab9bf,f54b332c1f5f39759a36b73d7daec6437c9f993f3f55c3905b944d64b58ab9bf,4401,identical,byte-identical to curated source
outputs/tqe_blocking_revision/resource_ledger.csv,outputs/tqe_blocking_revision/resource_ledger.csv,8b3f9e83baea8e4ebe884a756fdac176cd71ea5fcf8efd792804f656ccde7628,8b3f9e83baea8e4ebe884a756fdac176cd71ea5fcf8efd792804f656ccde7628,4201,identical,byte-identical to curated source
outputs/tqe_blocking_revision/utility_claim_status.json,outputs/tqe_blocking_revision/utility_claim_status.json,0d9f2ac82af46b3d8617ca71bcbfd8cbe75b4605c7d98176e4fe561ec94754c1,0d9f2ac82af46b3d8617ca71bcbfd8cbe75b4605c7d98176e4fe561ec94754c1,1598,identical,byte-identical to curated source
outputs/tqe_implementation_revision/full_rectangular_finite_shot.csv,outputs/tqe_implementation_revision/full_rectangular_finite_shot.csv,152aa66f941fe279ebb812b164b1844b72e3f6cdf27c7ccbb3364d25bc3ab0be,152aa66f941fe279ebb812b164b1844b72e3f6cdf27c7ccbb3364d25bc3ab0be,790,identical,byte-identical to curated source
outputs/tqe_implementation_revision/full_rectangular_finite_shot_metadata.json,outputs/tqe_implementation_revision/full_rectangular_finite_shot_metadata.json,3a08c2dfbf4618e66c5bf46dba7effac1d89ff9cec1e41afe565690c47d594cd,3a08c2dfbf4618e66c5bf46dba7effac1d89ff9cec1e41afe565690c47d594cd,2891,identical,byte-identical to curated source
outputs/tqe_implementation_revision/full_rectangular_finite_shot_seeds.csv,outputs/tqe_implementation_revision/full_rectangular_finite_shot_seeds.csv,667f6d425c7ce722215ec75fa71f78e7f060410dc3ee98a633d42d07ffbddd8d,667f6d425c7ce722215ec75fa71f78e7f060410dc3ee98a633d42d07ffbddd8d,20091,identical,byte-identical to curated source
pyproject.toml,pyproject.toml,a7e776494097728f815b883c1c515648abdcac8a2e9221f2664c93fb0bb321d0,80ca7b2786b7185c009b61df02744ef23c9bf3b17253efebd1c2f42df7a626ed,1139,modified_release_metadata,public identity/scope/DOI metadata
release_audit/doi_metadata_alignment.md,,50e64e0134a9d624ee611ae7b7a0bf7ee1a82b6980f104303a1622f2255e4d08,,4625,created_release_metadata,generated for the clean candidate
release_audit/final_clean_repository_validation.md,,5d6f063474a9a2d3b8cab30530847c0b78755e46d702e5b8ecb6b0c3db605255,,6009,created_release_metadata,generated for the clean candidate
release_audit/final_large_file_report.md,,99b44c85f3c3a332f62b53fe165dc89db01dffdb0bb96a573b79d71a2f0b0dff,,5184,created_release_metadata,generated for the clean candidate
release_audit/final_privacy_scan.md,,140186eac861c75afd04435b1eaf79015391fa2d4c2b5ba00fb506572082040c,,6847,created_release_metadata,generated for the clean candidate
release_audit/final_public_exclusion_manifest.txt,release_audit/final_public_exclusion_manifest.txt,96a405daa73d55cee802129faa0c74276d95636c00854c057c2d2e6ba4ba6edd,82a75d3be81295062ab8aa7a6a48d49c3cd4e07a303c270a0973ed104e81353a,4306,modified_release_audit,release-audit record
release_audit/final_public_pytest_report.md,,f2264d277f7a05a082ce05ee907ec2b59a3ca4b5657dbd9d31f81c29d32b9973,,4747,created_release_metadata,generated for the clean candidate
release_audit/final_public_release_manifest.txt,release_audit/final_public_release_manifest.txt,fc14b38fbd10fbe0b83b1a1f72dc7792a8453163606d0a17eb293d3c6d80df73,b80b08c98ee3e25b943c9671491574845ad61c870af5d48ab51fae52ad62e732,3180,modified_release_audit,release-audit record
release_audit/final_scientific_preservation_report.md,,2640f5a87095e69a4103d0659b0dd9c7060a8034e48170be8f9e15133b2fcdc1,,7526,created_release_metadata,generated for the clean candidate
release_audit/github_public_release_final.md,,a4bc01ce1a80f9f0c6db0c565e8bc5d13ee39d94012f0ff6983ec2110a765ba1,,7275,created_release_metadata,generated for the clean candidate
release_audit/metadata_completion_checklist.md,release_audit/metadata_completion_checklist.md,c2d5b5c4c42413720c7c59ccb9a2c8919a4a1dc83d7690d0a15ece93c32fb7e6,ca12b932ae3368d4fc7137c86e5c23b6d1e3b87d8f882b52d0e4c2e9b81f22c5,1848,modified_release_audit,release-audit record
release_audit/pre_commit_release_inventory.md,,89aee9f19ba5a37ca2bd89c316b4b4a7a88bf698cf375b3360ede7e9a4a1e54a,,3634,created_release_metadata,generated for the clean candidate
release_audit/public_export_mapping.csv,,1934a873b454c5b45adad1f433943a81b3d9d52bbffa0f9795e04bcae3d3bb57,,441015,created_release_metadata,generated for the clean candidate
release_audit/public_scientific_hash_verification.json,,26659d489ec52022ad1c4189ab5af2b08aa0706fac79c97884d3e11039d8d9ec,,655777,created_release_metadata,generated for the clean candidate
release_audit/public_test_scope_report.md,,842ddeeb83f032bbfacac0835ea3951e2363a59f1165c8fbb4cd7fc99f7d7cde,,19288,created_release_metadata,generated for the clean candidate
release_audit/ridge_qsvt_equivalence_check.md,,11cf2e12b1a8d54a2e1663454574ad6717ed866f30aed5877b5dafe0eb3a0b45,,3263,created_release_metadata,generated for the clean candidate
release_audit/takeover_state.md,,9233388547544de01b5bd9c9f0529cfedd6f33d1bd5c3c6fb64ce9ca40aa05c6,,4343,created_release_metadata,generated for the clean candidate
release_audit/test_logs/final_public_pytest.xml,,088a866de7466a6ba71b0541d18caf06ab506bcbe8773e53a48b8c130ee1d4cb,,230129,created_release_metadata,generated for the clean candidate
requirements.txt,requirements.txt,a93f069033b506bfdc866e54e25bfab5b609e380b3994787f24c082c4e160d8d,a93f069033b506bfdc866e54e25bfab5b609e380b3994787f24c082c4e160d8d,473,identical,byte-identical to curated source
scripts/audit_application_framing.py,scripts/audit_application_framing.py,44e7bc70b5338d1a25d306a4969f1b09878efb3fd2f54230a0993d363f896221,44e7bc70b5338d1a25d306a4969f1b09878efb3fd2f54230a0993d363f896221,10864,identical,byte-identical to curated source
scripts/audit_qsvt_engineering_outputs.py,scripts/audit_qsvt_engineering_outputs.py,1fbb885afdf20237bf5a365f2e1309f36a07c0e9d54c5889aca99c7ef8984441,1fbb885afdf20237bf5a365f2e1309f36a07c0e9d54c5889aca99c7ef8984441,347,identical,byte-identical to curated source
scripts/audit_qsvt_phase_backend_options.py,scripts/audit_qsvt_phase_backend_options.py,83f931d7e2612241873a0591d254fbc12ed21fc1d946ca94c89a08f9b739411b,83f931d7e2612241873a0591d254fbc12ed21fc1d946ca94c89a08f9b739411b,349,identical,byte-identical to curated source
scripts/audit_test_quality.py,scripts/audit_test_quality.py,b76ce47c198c8abd7ac761532fb6e0607dc68070ba4ac2653abbac1af1a88b83,b76ce47c198c8abd7ac761532fb6e0607dc68070ba4ac2653abbac1af1a88b83,1076,identical,byte-identical to curated source
scripts/build_alpha_sensitivity_consolidation.py,scripts/build_alpha_sensitivity_consolidation.py,162c72b2cf19b8769fb7f1f49d2afc09fd59901737f9aa2d0ccfe6db350dee81,162c72b2cf19b8769fb7f1f49d2afc09fd59901737f9aa2d0ccfe6db350dee81,1428,identical,byte-identical to curated source
scripts/build_alpha_sensitivity_summary.py,scripts/build_alpha_sensitivity_summary.py,5c5d6c7c1ec363282c3137994d2bad517b69dca7b61593d003442c6a22d5a088,5c5d6c7c1ec363282c3137994d2bad517b69dca7b61593d003442c6a22d5a088,24118,identical,byte-identical to curated source
scripts/build_block_encoding_construction_table.py,scripts/build_block_encoding_construction_table.py,4faa93640a72875320ee3d1bf08e6081d1ffb61f37733beb1736cbf5d432a09f,4faa93640a72875320ee3d1bf08e6081d1ffb61f37733beb1736cbf5d432a09f,6853,identical,byte-identical to curated source
scripts/build_claim_boundary_docs.py,scripts/build_claim_boundary_docs.py,831374966d2de17f62613bb9d43ce34c3c84fc49d07ea0e8d191d5b3b31c5a38,831374966d2de17f62613bb9d43ce34c3c84fc49d07ea0e8d191d5b3b31c5a38,1166,identical,byte-identical to curated source
scripts/build_classical_spectral_filtering_audit.py,scripts/build_classical_spectral_filtering_audit.py,a107a4837b641685ef3b05a261ba84fbbd24348830b6042d3fc1f28ae44f14ee,a107a4837b641685ef3b05a261ba84fbbd24348830b6042d3fc1f28ae44f14ee,1144,identical,byte-identical to curated source
scripts/build_component_resource_ledger.py,scripts/build_component_resource_ledger.py,af1ab3cc32fe5af5d74b10ed8b1d932fb4393608f4c5c1c0fa1bd08dea5c840a,af1ab3cc32fe5af5d74b10ed8b1d932fb4393608f4c5c1c0fa1bd08dea5c840a,17320,identical,byte-identical to curated source
scripts/build_cross_case_larger_block_reports.py,scripts/build_cross_case_larger_block_reports.py,826dd9e76914f01992386236bf64125b25ca5632061dc790088fabc161490bd7,826dd9e76914f01992386236bf64125b25ca5632061dc790088fabc161490bd7,1242,identical,byte-identical to curated source
scripts/build_decision_diagram_figure.py,scripts/build_decision_diagram_figure.py,4a4fed6408d9f37113ef2aac06b97790a0bfa9f355a95221139e7ea99c3f373e,4a4fed6408d9f37113ef2aac06b97790a0bfa9f355a95221139e7ea99c3f373e,5663,identical,byte-identical to curated source
scripts/build_feasibility_push_reports.py,scripts/build_feasibility_push_reports.py,f0d7dc5d9d8e2248546b64f3291604d5815d540e8328ca4e0a3b7bbf93b7bdd1,f0d7dc5d9d8e2248546b64f3291604d5815d540e8328ca4e0a3b7bbf93b7bdd1,8794,identical,byte-identical to curated source
scripts/build_final_cross_case_integration.py,scripts/build_final_cross_case_integration.py,2e6a12837fc0ae8dc6292f51eb3e4d62dcd30686f12ea1d67dd93a6bda8f250a,2a50022cbb5f3d016cd8cb764bf9b4e7b20756aef7fae2e9faefc7bb98a482e4,73543,modified_code_hygiene,dead code: removed unused `import math` and an f-string with no placeholders
scripts/build_final_statistical_aggregation.py,scripts/build_final_statistical_aggregation.py,d6aabac562f7ede478882f918cff07c45616bfb5c8ecdae070f645de684a1977,d6aabac562f7ede478882f918cff07c45616bfb5c8ecdae070f645de684a1977,1406,identical,byte-identical to curated source
scripts/build_ft_resource_estimate.py,scripts/build_ft_resource_estimate.py,4b8fe380ed56ecf1bcc8d36bb3803305fa8cc1ac1bdafe347f0e507ebd860e51,4b8fe380ed56ecf1bcc8d36bb3803305fa8cc1ac1bdafe347f0e507ebd860e51,11699,identical,byte-identical to curated source
scripts/build_full_qsvt_ieee_engineering_report.py,scripts/build_full_qsvt_ieee_engineering_report.py,7dd6238c6e7a1f7918f0db8e3d43c03a5cfc3311e77421d0345726752ca77345,7dd6238c6e7a1f7918f0db8e3d43c03a5cfc3311e77421d0345726752ca77345,917,identical,byte-identical to curated source
scripts/build_full_vector_readout_summary.py,scripts/build_full_vector_readout_summary.py,09ec3ee4fb67e3967d9f0ca29d74956dbf06404071241fe3b426d04d6c64a40e,09ec3ee4fb67e3967d9f0ca29d74956dbf06404071241fe3b426d04d6c64a40e,1049,identical,byte-identical to curated source
scripts/build_generic_sparse_qsvt_diagram.py,scripts/build_generic_sparse_qsvt_diagram.py,82aaf9524945d2ab93a2536bc41d1aa9c1bac149181e68050c8c71d31f30ed9d,82aaf9524945d2ab93a2536bc41d1aa9c1bac149181e68050c8c71d31f30ed9d,12125,identical,byte-identical to curated source
scripts/build_hardware_aware_oracle_cost_model.py,scripts/build_hardware_aware_oracle_cost_model.py,3bc019a07e62c3c0c09bbed31e62cad29f564e549b3991c3427a04f6f4c8c78f,3bc019a07e62c3c0c09bbed31e62cad29f564e549b3991c3427a04f6f4c8c78f,2396,identical,byte-identical to curated source
scripts/build_joint_four_condition_assets.py,scripts/build_joint_four_condition_assets.py,9f0a16440ba504233f605836e5e36326b5a23e3e8e46c159c5bdfc60e0b6b234,9f0a16440ba504233f605836e5e36326b5a23e3e8e46c159c5bdfc60e0b6b234,18826,identical,byte-identical to curated source
scripts/build_measurement_redundancy_report.py,scripts/build_measurement_redundancy_report.py,cea1cbbdef4ef156016676cffe3b41a9e307c4c304afd5fb56c777666bec413a,cea1cbbdef4ef156016676cffe3b41a9e307c4c304afd5fb56c777666bec413a,16077,identical,byte-identical to curated source
scripts/build_metric_definitions.py,scripts/build_metric_definitions.py,15329d57d18b7834466345cdaeb5c2df14df2f234fa37198afb9cf30659494b2,15329d57d18b7834466345cdaeb5c2df14df2f234fa37198afb9cf30659494b2,1114,identical,byte-identical to curated source
scripts/build_nonlinear_ac_consolidation.py,scripts/build_nonlinear_ac_consolidation.py,921375acca8d2cf85b957414347f44c706fce9fc1085f8031803468e7c9f8e8b,921375acca8d2cf85b957414347f44c706fce9fc1085f8031803468e7c9f8e8b,1358,identical,byte-identical to curated source
scripts/build_qsvt_alpha_resource_sensitivity.py,scripts/build_qsvt_alpha_resource_sensitivity.py,5a5d978e740086d8ea82b0072b6cc74f2305e7d25e02281f642a5722c79e2445,5a5d978e740086d8ea82b0072b6cc74f2305e7d25e02281f642a5722c79e2445,356,identical,byte-identical to curated source
scripts/build_qsvt_approximation_tradeoff_report.py,scripts/build_qsvt_approximation_tradeoff_report.py,861b69ed2fd0e97d87c877d1fd221e7d94488ba9af3dea071de4c3c663ba0186,861b69ed2fd0e97d87c877d1fd221e7d94488ba9af3dea071de4c3c663ba0186,359,identical,byte-identical to curated source
scripts/build_qsvt_block_encoding_scalability_report.py,scripts/build_qsvt_block_encoding_scalability_report.py,aa3dbd2da5ad54bc08b20e62de952a32bf09ab4019f9ee2a16a3bbbbc9c06090,aa3dbd2da5ad54bc08b20e62de952a32bf09ab4019f9ee2a16a3bbbbc9c06090,356,identical,byte-identical to curated source
scripts/build_qsvt_boundary_diagnostics.py,scripts/build_qsvt_boundary_diagnostics.py,3ea17ecc3db2176c8b46f7a4d0c003bd260be59cb8339cd2c8572e92ace6b000,3ea17ecc3db2176c8b46f7a4d0c003bd260be59cb8339cd2c8572e92ace6b000,146,identical,byte-identical to curated source
scripts/build_qsvt_cost_accounting.py,scripts/build_qsvt_cost_accounting.py,3804df4a81a06d391cf53fc301a4d76518060427cfe7442d7e421f225f40ab84,3804df4a81a06d391cf53fc301a4d76518060427cfe7442d7e421f225f40ab84,141,identical,byte-identical to curated source
scripts/build_qsvt_engineering_extension_summary.py,scripts/build_qsvt_engineering_extension_summary.py,78d19a4d86b51667a71c842f8c3180b53f5f7fbd005e082278eb0f63f11a15cb,78d19a4d86b51667a71c842f8c3180b53f5f7fbd005e082278eb0f63f11a15cb,358,identical,byte-identical to curated source
scripts/build_qsvt_error_budget_table.py,scripts/build_qsvt_error_budget_table.py,16d62ddd0cfeedde1fcddccd2b9f9ec5266cba493c681a6926f1936787840548,16d62ddd0cfeedde1fcddccd2b9f9ec5266cba493c681a6926f1936787840548,18421,identical,byte-identical to curated source
scripts/build_qsvt_evidence_claim_support_report.py,scripts/build_qsvt_evidence_claim_support_report.py,ebde563e7cd913b26c55577fad8530a30f83ee11ec6247fc22d9f7ccad1ec134,ebde563e7cd913b26c55577fad8530a30f83ee11ec6247fc22d9f7ccad1ec134,1057,identical,byte-identical to curated source
scripts/build_qsvt_failure_fix_summary.py,scripts/build_qsvt_failure_fix_summary.py,273b7d957e5d38a48f244629aa72820497aa2845448e5aa2f2233ab9ac9d119d,273b7d957e5d38a48f244629aa72820497aa2845448e5aa2f2233ab9ac9d119d,363,identical,byte-identical to curated source
scripts/build_qsvt_hardware_aware_report.py,scripts/build_qsvt_hardware_aware_report.py,17ce0122f22dd2301be78a743822a7a168cafbd1ab3f15785852acba19c440ad,17ce0122f22dd2301be78a743822a7a168cafbd1ab3f15785852acba19c440ad,351,identical,byte-identical to curated source
scripts/build_qsvt_multicase_approximation_diagnostics.py,scripts/build_qsvt_multicase_approximation_diagnostics.py,a4b9415d1d89f594b0ec3ab3c676b319febcdf7697a5cc6c5fb1cf4e40172532,a4b9415d1d89f594b0ec3ab3c676b319febcdf7697a5cc6c5fb1cf4e40172532,388,identical,byte-identical to curated source
scripts/build_qsvt_multicase_resource_diagnostics.py,scripts/build_qsvt_multicase_resource_diagnostics.py,4de2749aabc120e600ffa5db5f9ee2deda2e0ded27f57390aa8182f1e3beee2f,4de2749aabc120e600ffa5db5f9ee2deda2e0ded27f57390aa8182f1e3beee2f,360,identical,byte-identical to curated source
scripts/build_qsvt_nonbruteforce_refinement_summary.py,scripts/build_qsvt_nonbruteforce_refinement_summary.py,17628c20fe4f0577b7238f2e22107ac74199fe659aadc724ba834389b3ff5744,17628c20fe4f0577b7238f2e22107ac74199fe659aadc724ba834389b3ff5744,388,identical,byte-identical to curated source
scripts/build_qsvt_phase2_alpha_selection_report.py,scripts/build_qsvt_phase2_alpha_selection_report.py,4058b5b64c7e6ed40efd68a3cc7a0db8c83b074d66dd1f7dda0fee86dc5b0d40,4058b5b64c7e6ed40efd68a3cc7a0db8c83b074d66dd1f7dda0fee86dc5b0d40,498,identical,byte-identical to curated source
scripts/build_qsvt_phase2_complete_summary.py,scripts/build_qsvt_phase2_complete_summary.py,3c02a252483a569665dc8943650827b36d3548af2f89f057101deb9e4096d930,3c02a252483a569665dc8943650827b36d3548af2f89f057101deb9e4096d930,458,identical,byte-identical to curated source
scripts/build_qsvt_phase2_figures.py,scripts/build_qsvt_phase2_figures.py,130ffa4a1b6c09c23ee7793d71cd2eec65186184f33b897c277e2998b4db1067,130ffa4a1b6c09c23ee7793d71cd2eec65186184f33b897c277e2998b4db1067,431,identical,byte-identical to curated source
scripts/build_qsvt_phase2_summary.py,scripts/build_qsvt_phase2_summary.py,9179a997d86041bdcc9767da9b5a58befdf425f8be27513ed048d536b5925b94,9179a997d86041bdcc9767da9b5a58befdf425f8be27513ed048d536b5925b94,444,identical,byte-identical to curated source
scripts/build_qsvt_phase_and_multicase_summary.py,scripts/build_qsvt_phase_and_multicase_summary.py,2b1b2f538f7b908d2dcf0ab1f337c0b895d49b00fb5f7a5eae7aed3a901f799e,2b1b2f538f7b908d2dcf0ab1f337c0b895d49b00fb5f7a5eae7aed3a901f799e,357,identical,byte-identical to curated source
scripts/build_qsvt_preconditioning_diagnostics.py,scripts/build_qsvt_preconditioning_diagnostics.py,09705505c2ebdc58186b44211286de9c945e3d9ebb4fcbcccc1a7e7568dd8a17,09705505c2ebdc58186b44211286de9c945e3d9ebb4fcbcccc1a7e7568dd8a17,357,identical,byte-identical to curated source
scripts/build_qsvt_preconditioning_resource_comparison.py,scripts/build_qsvt_preconditioning_resource_comparison.py,8a568b78b3359830b2f6a7adc9d119751882a909d39c78073f2f597dc35c0ed1,8a568b78b3359830b2f6a7adc9d119751882a909d39c78073f2f597dc35c0ed1,378,identical,byte-identical to curated source
scripts/build_qsvt_resource_phase_summary.py,scripts/build_qsvt_resource_phase_summary.py,825b6efb360ae9022e44792a24c2232ead20759116dfd846655117754dce5080,825b6efb360ae9022e44792a24c2232ead20759116dfd846655117754dce5080,1199,identical,byte-identical to curated source
scripts/build_qsvt_resource_readout_report.py,scripts/build_qsvt_resource_readout_report.py,9075ca306586cd9e3359601042cd1e42ae4434f2f5c742ee8eee94ed887b02cb,9075ca306586cd9e3359601042cd1e42ae4434f2f5c742ee8eee94ed887b02cb,348,identical,byte-identical to curated source
scripts/build_qsvt_shot_readout_model.py,scripts/build_qsvt_shot_readout_model.py,eaf47516cea0f57d8eb6aa36f475d4559dcf26c686cab2a4ed7d2b245c09f932,eaf47516cea0f57d8eb6aa36f475d4559dcf26c686cab2a4ed7d2b245c09f932,348,identical,byte-identical to curated source
scripts/build_qsvt_stable_phase_candidates.py,scripts/build_qsvt_stable_phase_candidates.py,5a821d9cfd5ccf7035552900fb4723b2026bc6ea903a0354e0476a11b856cede,5a821d9cfd5ccf7035552900fb4723b2026bc6ea903a0354e0476a11b856cede,353,identical,byte-identical to curated source
scripts/build_reactive_power_conditioning_table.py,scripts/build_reactive_power_conditioning_table.py,2b48a3bc8629ee7b32682bd28b02252ba7487a10df5791c9e5a6d5e71fc0700f,2b48a3bc8629ee7b32682bd28b02252ba7487a10df5791c9e5a6d5e71fc0700f,1261,identical,byte-identical to curated source
scripts/build_readout_limitation_formalization.py,scripts/build_readout_limitation_formalization.py,c3309e49c5fe4f63c70f67da1343e0e47d27b9c8d9a1071575fbfc53446accb9,c3309e49c5fe4f63c70f67da1343e0e47d27b9c8d9a1071575fbfc53446accb9,1227,identical,byte-identical to curated source
scripts/build_readout_two_view_summary.py,scripts/build_readout_two_view_summary.py,5e2365b83e5324c0d8c590af8e08af92f4cd9889f9f2c694cd33e30034ff425e,5e2365b83e5324c0d8c590af8e08af92f4cd9889f9f2c694cd33e30034ff425e,1566,identical,byte-identical to curated source
scripts/build_repository_backed_architecture_figure.py,scripts/build_repository_backed_architecture_figure.py,4274d0181c2bed702b843cfebb52d77c4f24d85cd5011c9f1245c07f28f3441c,4274d0181c2bed702b843cfebb52d77c4f24d85cd5011c9f1245c07f28f3441c,12895,identical,byte-identical to curated source
scripts/build_repository_backed_structural_contrast.py,scripts/build_repository_backed_structural_contrast.py,62d590bda9008a0b8dc4282b1afb5a401228bab0d46a2fe99ab85ab40c122856,62d590bda9008a0b8dc4282b1afb5a401228bab0d46a2fe99ab85ab40c122856,19856,identical,byte-identical to curated source
scripts/build_residual_loading_ledger.py,scripts/build_residual_loading_ledger.py,26bbe6f8e9776dc6f743ba8b4bf298e5920d9b7dad0c78854bdb9e889758e3b9,26bbe6f8e9776dc6f743ba8b4bf298e5920d9b7dad0c78854bdb9e889758e3b9,10799,identical,byte-identical to curated source
scripts/build_resource_boundary_stack.py,scripts/build_resource_boundary_stack.py,ead668e50f26dec57a0ede416bfbc7d1204696d49c472fd5a59a37bc8177ecd1,ead668e50f26dec57a0ede416bfbc7d1204696d49c472fd5a59a37bc8177ecd1,202,identical,byte-identical to curated source
scripts/build_robust_companion_statistics.py,scripts/build_robust_companion_statistics.py,48fbd09d236c8dbcffc5d66f42ec49b2609e875c04c05f59a883fd3e4f97fa13,48fbd09d236c8dbcffc5d66f42ec49b2609e875c04c05f59a883fd3e4f97fa13,16046,identical,byte-identical to curated source
scripts/build_scalable_qsvt_ieee_report.py,scripts/build_scalable_qsvt_ieee_report.py,e140e279d7bd403e60eed8b42dc0e08ee6847de69200ccfc5a9dc8ee04d2216e,e140e279d7bd403e60eed8b42dc0e08ee6847de69200ccfc5a9dc8ee04d2216e,749,identical,byte-identical to curated source
scripts/build_selected_output_scaling_table.py,scripts/build_selected_output_scaling_table.py,5d54fa9f586573065f6178ccde226f554a4b4456ea56739f517bd73d763ada42,5d54fa9f586573065f6178ccde226f554a4b4456ea56739f517bd73d763ada42,9129,identical,byte-identical to curated source
scripts/build_selected_workload_extension_table.py,scripts/build_selected_workload_extension_table.py,d61b78ad2c524a60583452e5557252500b1a6e16cadec835c380cdfa371c8a38,d61b78ad2c524a60583452e5557252500b1a6e16cadec835c380cdfa371c8a38,3608,identical,byte-identical to curated source
scripts/build_sensitivity_summary.py,scripts/build_sensitivity_summary.py,20184da435e62ea964e12e123e9b7309fad12c7e8cad06f060e3f508d494926a,20184da435e62ea964e12e123e9b7309fad12c7e8cad06f060e3f508d494926a,14945,identical,byte-identical to curated source
scripts/build_sparse_oracle_assumption_ledger.py,scripts/build_sparse_oracle_assumption_ledger.py,bd178116e8d09773dcada35c99f3a75109f3b6daf28a3a460fdc4162d727f17f,bd178116e8d09773dcada35c99f3a75109f3b6daf28a3a460fdc4162d727f17f,1390,identical,byte-identical to curated source
scripts/build_structured_stress_ablation_consolidation.py,scripts/build_structured_stress_ablation_consolidation.py,954ccf4f2bd668a9587724e6d6f37eccadeaa02b209ef26867292c2181a01b10,954ccf4f2bd668a9587724e6d6f37eccadeaa02b209ef26867292c2181a01b10,1462,identical,byte-identical to curated source
scripts/build_test_quality_appendix.py,scripts/build_test_quality_appendix.py,10c62ecbcdd8b4699c15f2b3753d1bf863c32f3d4188398cfa612049484c5973,10c62ecbcdd8b4699c15f2b3753d1bf863c32f3d4188398cfa612049484c5973,1483,identical,byte-identical to curated source
scripts/build_tqe_claim_traceability.py,scripts/build_tqe_claim_traceability.py,371b48f73cb5cb38ae533a356518f06e6dc6288afd5d1f99efbd06d470163682,371b48f73cb5cb38ae533a356518f06e6dc6288afd5d1f99efbd06d470163682,143,identical,byte-identical to curated source
scripts/build_tqe_closed_loop_assets.py,scripts/build_tqe_closed_loop_assets.py,3864a9711b3460bd4c4042d584257a257f3d011161200a990d05cd96344d73c2,3864a9711b3460bd4c4042d584257a257f3d011161200a990d05cd96344d73c2,67173,identical,byte-identical to curated source
scripts/build_tqe_evidence_registry.py,scripts/build_tqe_evidence_registry.py,5d08a9a65829faddf2839ad4138dbed06d3189dadcafe56cf70bfe973c42128e,5d08a9a65829faddf2839ad4138dbed06d3189dadcafe56cf70bfe973c42128e,114654,identical,byte-identical to curated source
scripts/build_tqe_revision_readiness_report.py,scripts/build_tqe_revision_readiness_report.py,ef93b0f670d7f8e936bf4bdb68db5a8124554f0ac483a700d3a6d32d674b96b1,ef93b0f670d7f8e936bf4bdb68db5a8124554f0ac483a700d3a6d32d674b96b1,272,identical,byte-identical to curated source
scripts/compare_qsvt_polynomial_approximation_methods.py,scripts/compare_qsvt_polynomial_approximation_methods.py,71cf624d4a362b29e557de1cc78255b15a26788992894d20cbf17e67c48898d7,71cf624d4a362b29e557de1cc78255b15a26788992894d20cbf17e67c48898d7,358,identical,byte-identical to curated source
scripts/continue_final_qsvt_feasibility_push.py,scripts/continue_final_qsvt_feasibility_push.py,9a6fc59b89039985517f813dd1f95faa7eb34af6929b9c260b0b2bec98a4672a,9a6fc59b89039985517f813dd1f95faa7eb34af6929b9c260b0b2bec98a4672a,66193,identical,byte-identical to curated source
scripts/create_aqis_combined_benchmark_figure.py,scripts/create_aqis_combined_benchmark_figure.py,6561fddbf8696aafc6ff863eb85e0679d006e56c90d01ed82c40f3b4f7302806,6561fddbf8696aafc6ff863eb85e0679d006e56c90d01ed82c40f3b4f7302806,11064,identical,byte-identical to curated source
scripts/create_figure2_qsvt_phase_validation.py,scripts/create_figure2_qsvt_phase_validation.py,406d2fbf1ba81a45fd8aed080ba72f9e07348e8f6b2e9c2d53e073f262560643,406d2fbf1ba81a45fd8aed080ba72f9e07348e8f6b2e9c2d53e073f262560643,12253,identical,byte-identical to curated source
scripts/diagnose_qsvt_ieee300_residual_weighted_error.py,scripts/diagnose_qsvt_ieee300_residual_weighted_error.py,b9d8366bda03ed19f46ebf0ad3cd6b6b9ac6dfa7ebe3da774f69f18ed11ce923,b9d8366bda03ed19f46ebf0ad3cd6b6b9ac6dfa7ebe3da774f69f18ed11ce923,367,identical,byte-identical to curated source
scripts/diagnose_qsvt_ieee300_spectral_difficulty.py,scripts/diagnose_qsvt_ieee300_spectral_difficulty.py,b4685b777c7a81f865d1c116d3bacb27186e0e9fce8f606b70ed9eb9e956a2d4,b4685b777c7a81f865d1c116d3bacb27186e0e9fce8f606b70ed9eb9e956a2d4,400,identical,byte-identical to curated source
scripts/diagnose_qsvt_phase_response_conventions.py,scripts/diagnose_qsvt_phase_response_conventions.py,bd2ca38e4f318e55ac43d2b27aa5bd2551fc9c2dd13fb78d81fc6be7c938e6e8,bd2ca38e4f318e55ac43d2b27aa5bd2551fc9c2dd13fb78d81fc6be7c938e6e8,356,identical,byte-identical to curated source
scripts/diagnose_qsvt_phase_target_failure.py,scripts/diagnose_qsvt_phase_target_failure.py,9a209150713668e0d917749948df19bc105cdf27843683d2cfbaf206c7f5c693,9a209150713668e0d917749948df19bc105cdf27843683d2cfbaf206c7f5c693,386,identical,byte-identical to curated source
scripts/export_measurement_inventory.py,scripts/export_measurement_inventory.py,4c0380ab155384ceef92f566ebf5ecd48b31256ad686f77538028eb39cba9746,4c0380ab155384ceef92f566ebf5ecd48b31256ad686f77538028eb39cba9746,30712,identical,byte-identical to curated source
scripts/extract_nonlinear_ac_trajectories.py,scripts/extract_nonlinear_ac_trajectories.py,12ab30d798a0939754a1d5e3550388c85c5c5fac65583e69b94c18b15ff68a0d,12ab30d798a0939754a1d5e3550388c85c5c5fac65583e69b94c18b15ff68a0d,1274,identical,byte-identical to curated source
scripts/finalize_generic_sparse_qsvt_compiler.py,scripts/finalize_generic_sparse_qsvt_compiler.py,84daff8931fdc30b1e9e64167e498761e99c4c49b45c3f2d0da31023b6af9914,5e36208d9ebcbe847cfeebc663d9630c4ce304b3096fb78d29e6f6c83dd7d2e7,29885,modified_code_hygiene,dead code: removed unused `import math`
scripts/finalize_normalization_audit.py,scripts/finalize_normalization_audit.py,705f75d7f022c0384eef31df9b55c0e5ff1424df3348715f1456595b84a978f7,705f75d7f022c0384eef31df9b55c0e5ff1424df3348715f1456595b84a978f7,8602,identical,byte-identical to curated source
scripts/finalize_qsvt_phase1_artifacts.py,scripts/finalize_qsvt_phase1_artifacts.py,d38f7cf931cb9eb5e405683852d37da36a31f020a8d2daf946a044449a16d6b7,d38f7cf931cb9eb5e405683852d37da36a31f020a8d2daf946a044449a16d6b7,461,identical,byte-identical to curated source
scripts/fix_qsvt_phase_validation_stable_basis.py,scripts/fix_qsvt_phase_validation_stable_basis.py,cd667eaef5c8367ad01268a67c11958c2c969d99756d100ed981e21324ada4dc,cd667eaef5c8367ad01268a67c11958c2c969d99756d100ed981e21324ada4dc,357,identical,byte-identical to curated source
scripts/generate_figure1_canonical_matrix_panels.py,scripts/generate_figure1_canonical_matrix_panels.py,8b69cbe8f469d1689c0f351ba94d2332c8269c7715a8c68ade7e214406dc6de3,8b69cbe8f469d1689c0f351ba94d2332c8269c7715a8c68ade7e214406dc6de3,17463,identical,byte-identical to curated source
scripts/generate_figure1_canonical_matrix_panels_final.py,scripts/generate_figure1_canonical_matrix_panels_final.py,6e049b242748c368a7be3b0d635be090a872e0247ac256b48c3c339dd24b8331,6e049b242748c368a7be3b0d635be090a872e0247ac256b48c3c339dd24b8331,18570,identical,byte-identical to curated source
scripts/generate_figure1_ridge_spectral_filter.py,scripts/generate_figure1_ridge_spectral_filter.py,e85b79047f335109a5485816a4aeaa80ea467c263838ad46f165664a8aadb223,e85b79047f335109a5485816a4aeaa80ea467c263838ad46f165664a8aadb223,11192,identical,byte-identical to curated source
scripts/generate_figure1_ridge_spectral_filter_final.py,scripts/generate_figure1_ridge_spectral_filter_final.py,553e83d88a9d8b2624dd454625d151d0a4b43d5ff6a800adeddb8b860f65afe5,553e83d88a9d8b2624dd454625d151d0a4b43d5ff6a800adeddb8b860f65afe5,16575,identical,byte-identical to curated source
scripts/generate_figure1_ridge_spectral_filter_portrait.py,scripts/generate_figure1_ridge_spectral_filter_portrait.py,e9f219e34101936bf4b5d5b6ae2ac636e0d71f36e376050fdb10622198bc2336,e9f219e34101936bf4b5d5b6ae2ac636e0d71f36e376050fdb10622198bc2336,8983,identical,byte-identical to curated source
scripts/generate_figures.py,scripts/generate_figures.py,120242b59c66dfe53b0f405cd3f45db0574c22dcfc4315d5dd0ead395e0782e6,120242b59c66dfe53b0f405cd3f45db0574c22dcfc4315d5dd0ead395e0782e6,1607,identical,byte-identical to curated source
scripts/generate_tables.py,scripts/generate_tables.py,843566c4730ce4838babe953376159d1366ac52e46b9b33c2943975fca965451,843566c4730ce4838babe953376159d1366ac52e46b9b33c2943975fca965451,1602,identical,byte-identical to curated source
scripts/install_or_audit_qsvt_phase_backends.py,scripts/install_or_audit_qsvt_phase_backends.py,442c33660b5d172ccb3291823ac96ea12a8037015653376511da2cf9abd4ad85,442c33660b5d172ccb3291823ac96ea12a8037015653376511da2cf9abd4ad85,358,identical,byte-identical to curated source
scripts/lint_claim_boundaries.py,scripts/lint_claim_boundaries.py,43bb37f3e5e8904a69663743b89ca113068ee2e1b7f78093c205665a17e1dcd5,43bb37f3e5e8904a69663743b89ca113068ee2e1b7f78093c205665a17e1dcd5,1557,identical,byte-identical to curated source
scripts/plot_figure1_ieee14_topology.py,scripts/plot_figure1_ieee14_topology.py,8d282d470b4d4a29fd7a1a073e29ef3cdf3dba26b6f76d44d3a54a0299a24da7,8d282d470b4d4a29fd7a1a073e29ef3cdf3dba26b6f76d44d3a54a0299a24da7,53439,identical,byte-identical to curated source
scripts/plot_figure1_weighted_jacobian.py,scripts/plot_figure1_weighted_jacobian.py,752c4f5a24f008652de8f66a4cb056edb9e6aac7e4aee67ff6d97cd69c12be8d,752c4f5a24f008652de8f66a4cb056edb9e6aac7e4aee67ff6d97cd69c12be8d,54606,identical,byte-identical to curated source
scripts/probe_high_degree_lambda_feasibility.py,scripts/probe_high_degree_lambda_feasibility.py,bbcae7d152436b271b502c54e9ae5d678e143bc18306015d31c89faf534ad44c,bbcae7d152436b271b502c54e9ae5d678e143bc18306015d31c89faf534ad44c,14288,identical,byte-identical to curated source
scripts/recheck_classical_spectral_filtering_audit.py,scripts/recheck_classical_spectral_filtering_audit.py,a3a2e9a35ad1059b5e20d8ea9671ef44416176c4ad6bc66423fe105788f3090f,a3a2e9a35ad1059b5e20d8ea9671ef44416176c4ad6bc66423fe105788f3090f,1398,identical,byte-identical to curated source
scripts/reproduce_all.sh,scripts/reproduce_all.sh,4042c160823a8910e07f9c84ebbc8e704f6d6700f144349a59ce682a5f7e5821,8b0825f232a81938583d729ee434bf1020ab5abea48dc0b5391d068a0996626f,1083,modified_code_hygiene,portability: exports PYTHONPATH so the quickstart works without an editable install
scripts/run_aqis_nonlinear_iteration_diagnostic.py,scripts/run_aqis_nonlinear_iteration_diagnostic.py,9047f2c6b351eece66e381b56c024a0a47053d3d338cc54d9ca8e2925a0dbb28,9047f2c6b351eece66e381b56c024a0a47053d3d338cc54d9ca8e2925a0dbb28,27329,identical,byte-identical to curated source
scripts/run_baseline_coverage_extension.py,scripts/run_baseline_coverage_extension.py,444c3d7273ef3e74827e334a2babacd897b19bad3ead5c05d2a1b0369d56016c,444c3d7273ef3e74827e334a2babacd897b19bad3ead5c05d2a1b0369d56016c,2182,identical,byte-identical to curated source
scripts/run_classical_selected_observable_baseline.py,scripts/run_classical_selected_observable_baseline.py,e499a5ad16009f7086d5057d8ad4b47c13be2f7e68b71d3400338840562a1a5b,e499a5ad16009f7086d5057d8ad4b47c13be2f7e68b71d3400338840562a1a5b,223,identical,byte-identical to curated source
scripts/run_compound_structured_stress.py,scripts/run_compound_structured_stress.py,deb30c9549e09498cc3129ff2da4eedde887c4b86d73f6b5443936cecbe15877,deb30c9549e09498cc3129ff2da4eedde887c4b86d73f6b5443936cecbe15877,2022,identical,byte-identical to curated source
scripts/run_cross_case_validation.py,scripts/run_cross_case_validation.py,a1f2181943fff9a1cc37222785cdde401eb65ac45a6460b95554cd9119247e02,a1f2181943fff9a1cc37222785cdde401eb65ac45a6460b95554cd9119247e02,1295,identical,byte-identical to curated source
scripts/run_degree_aware_alpha_selection.py,scripts/run_degree_aware_alpha_selection.py,951a6e416251108d62c25a91eeca967a11b463867e6bd465e4264f1e8cef31c3,951a6e416251108d62c25a91eeca967a11b463867e6bd465e4264f1e8cef31c3,139,identical,byte-identical to curated source
scripts/run_dense_explicit_qsvt_solver_limit_study.py,scripts/run_dense_explicit_qsvt_solver_limit_study.py,e4f90b5986db557d53e3df121c373fb4a845d8cc7da461c7b87dcbf8f492db22,e4f90b5986db557d53e3df121c373fb4a845d8cc7da461c7b87dcbf8f492db22,2218,identical,byte-identical to curated source
scripts/run_dense_explicit_qsvt_solver_limit_study_v2.py,scripts/run_dense_explicit_qsvt_solver_limit_study_v2.py,c33422f095458dbee3d9b69d91226aad899687fb3177a679e6fe92ba4c39b60d,c33422f095458dbee3d9b69d91226aad899687fb3177a679e6fe92ba4c39b60d,1859,identical,byte-identical to curated source
scripts/run_experiment.py,scripts/run_experiment.py,073ec7332b07bdf33e1e608ac1674e7a9c134ab9d283b4e819feedab8f4c9148,073ec7332b07bdf33e1e608ac1674e7a9c134ab9d283b4e819feedab8f4c9148,7818,identical,byte-identical to curated source
scripts/run_final_contribution_evidence.py,scripts/run_final_contribution_evidence.py,3059ae2e9ec9ace706b1fee504a161556fd36d3cfc52e91b20efe4ef74e332f8,3059ae2e9ec9ace706b1fee504a161556fd36d3cfc52e91b20efe4ef74e332f8,28630,identical,byte-identical to curated source
scripts/run_final_qsvt_claim_safety_audit.py,scripts/run_final_qsvt_claim_safety_audit.py,67018281bdecd04e2423986c137dfa5aaa2251ed2be49c91b8ca973cb7ed8637,67018281bdecd04e2423986c137dfa5aaa2251ed2be49c91b8ca973cb7ed8637,362,identical,byte-identical to curated source
scripts/run_final_qsvt_feasibility_sweep.py,scripts/run_final_qsvt_feasibility_sweep.py,db0be4add11c0970dc28411e313af60f4b1e840bcd568cf9c731a3a390f271ef,db0be4add11c0970dc28411e313af60f4b1e840bcd568cf9c731a3a390f271ef,9798,identical,byte-identical to curated source
scripts/run_final_useful_overlap_validation.py,scripts/run_final_useful_overlap_validation.py,7c5f8ac4e137a3481abf97b22bdffd0865d43b1d3e390c4d0ab0109230f3000f,7c5f8ac4e137a3481abf97b22bdffd0865d43b1d3e390c4d0ab0109230f3000f,79055,identical,byte-identical to curated source
scripts/run_full_alpha_sweep_classical.py,scripts/run_full_alpha_sweep_classical.py,1a65cf131128a7d15eb2fa3309db8a15694ea1a2e806fdb9e9d260bba8e0ef05,1a65cf131128a7d15eb2fa3309db8a15694ea1a2e806fdb9e9d260bba8e0ef05,2077,identical,byte-identical to curated source
scripts/run_full_qsvt_ieee_scaling_study.py,scripts/run_full_qsvt_ieee_scaling_study.py,57053a4414ba505b242f37f42a2618eab624959a3c565045c75917338d1b646c,57053a4414ba505b242f37f42a2618eab624959a3c565045c75917338d1b646c,1798,identical,byte-identical to curated source
scripts/run_full_qsvt_small_matrix_demo.py,scripts/run_full_qsvt_small_matrix_demo.py,e915bad0f9bff8c4fd4b5a29764af4dcaa31c101aa70bc7226f62311aede8d7f,e915bad0f9bff8c4fd4b5a29764af4dcaa31c101aa70bc7226f62311aede8d7f,361,identical,byte-identical to curated source
scripts/run_full_rectangular_breakthrough.py,scripts/run_full_rectangular_breakthrough.py,5546853009bea2adaa11507bc858c3e76f42f7095a98d09f7bbd2acd191130eb,5546853009bea2adaa11507bc858c3e76f42f7095a98d09f7bbd2acd191130eb,69181,identical,byte-identical to curated source
scripts/run_full_repo_evidence_audit.py,scripts/run_full_repo_evidence_audit.py,1d0984ff8457df9eead3b8a519e1e7761d95c295f49ab377c871a82c806c37f0,1d0984ff8457df9eead3b8a519e1e7761d95c295f49ab377c871a82c806c37f0,361,identical,byte-identical to curated source
scripts/run_full_vector_readout_demo.py,scripts/run_full_vector_readout_demo.py,46baa9df3018c5617ee01dcd0cc6dff9b70571bb9d83fc4bf34744a9c78260ea,46baa9df3018c5617ee01dcd0cc6dff9b70571bb9d83fc4bf34744a9c78260ea,2731,identical,byte-identical to curated source
scripts/run_gap_closing_audit.py,scripts/run_gap_closing_audit.py,6228deda52dc14ed39e6d3ef7116de34692aabba8779e83fb452303f42841c58,6228deda52dc14ed39e6d3ef7116de34692aabba8779e83fb452303f42841c58,1159,identical,byte-identical to curated source
scripts/run_gate_level_qsvt_demo.py,scripts/run_gate_level_qsvt_demo.py,e7ad82f2e6c5639e32914ca203b2426f171c138ab948869a809c4ad5b73e0975,e7ad82f2e6c5639e32914ca203b2426f171c138ab948869a809c4ad5b73e0975,1747,identical,byte-identical to curated source
scripts/run_gate_level_qsvt_state_estimation_solver.py,scripts/run_gate_level_qsvt_state_estimation_solver.py,d8b4f602ab19d3f040deb6aa88df28bf24f69b7b0d5d18ef0fc51a661807d50e,d8b4f602ab19d3f040deb6aa88df28bf24f69b7b0d5d18ef0fc51a661807d50e,3024,identical,byte-identical to curated source
scripts/run_gate_level_qsvt_subproblem_sweep.py,scripts/run_gate_level_qsvt_subproblem_sweep.py,0e451cb1324665a650af77c05956802840d9ab2400aa1e3d0492b156333c2a88,0e451cb1324665a650af77c05956802840d9ab2400aa1e3d0492b156333c2a88,1802,identical,byte-identical to curated source
scripts/run_generalized_classical_baselines.py,scripts/run_generalized_classical_baselines.py,c35513dd4b992c4308dccc373832232bb1404da89ba717e0c107dfcbeeb04c22,c35513dd4b992c4308dccc373832232bb1404da89ba717e0c107dfcbeeb04c22,9747,identical,byte-identical to curated source
scripts/run_generalized_convention_api_validation.py,scripts/run_generalized_convention_api_validation.py,aca06b920a7cc52fb866b914b0b0d0a0e2e363edd2eb3d2c0c9319d332a3279c,aca06b920a7cc52fb866b914b0b0d0a0e2e363edd2eb3d2c0c9319d332a3279c,6799,identical,byte-identical to curated source
scripts/run_generalized_high_precision_readout.py,scripts/run_generalized_high_precision_readout.py,ba91f40fbd9b6ef6aefe7c35738331ff835ef6fef4a71daddd920b17a2d80b2a,ba91f40fbd9b6ef6aefe7c35738331ff835ef6fef4a71daddd920b17a2d80b2a,8624,identical,byte-identical to curated source
scripts/run_generalized_ieee_application.py,scripts/run_generalized_ieee_application.py,8140e2180928a5bbf98cf0059661da97cdf602e24472ff3404af97ce031cdf6e,8140e2180928a5bbf98cf0059661da97cdf602e24472ff3404af97ce031cdf6e,23875,identical,byte-identical to curated source
scripts/run_generalized_ledgers_and_budget.py,scripts/run_generalized_ledgers_and_budget.py,9b959f58e3a2c891fac3f15e26c58db9eda576271370dfecad7bff6ae9631f6b,9b959f58e3a2c891fac3f15e26c58db9eda576271370dfecad7bff6ae9631f6b,13244,identical,byte-identical to curated source
scripts/run_generalized_postselection_mitigation.py,scripts/run_generalized_postselection_mitigation.py,6cea752a7afc1cd2e1893c6b573a7c19ceb69fe9074962ec931d9c225e1fb2a6,6cea752a7afc1cd2e1893c6b573a7c19ceb69fe9074962ec931d9c225e1fb2a6,9008,identical,byte-identical to curated source
scripts/run_generalized_rectangular_convention.py,scripts/run_generalized_rectangular_convention.py,820b261a7dfae7c98d274d4d6e3efeb9d410f25d4e0e3adb30d97f0ac767b0b0,820b261a7dfae7c98d274d4d6e3efeb9d410f25d4e0e3adb30d97f0ac767b0b0,21373,identical,byte-identical to curated source
scripts/run_generalized_structured_access.py,scripts/run_generalized_structured_access.py,b240bc88b77965c94fc7dc9561a1fc50aed15ff81a13d1e342ed130d191cddb0,b240bc88b77965c94fc7dc9561a1fc50aed15ff81a13d1e342ed130d191cddb0,7527,identical,byte-identical to curated source
scripts/run_generic_sparse_qsvt_compiler.py,scripts/run_generic_sparse_qsvt_compiler.py,2f82384833210fd59aa410eee91dda3eb7fe35fc0d30e09205cc6cfb3076aaf5,2f82384833210fd59aa410eee91dda3eb7fe35fc0d30e09205cc6cfb3076aaf5,37305,identical,byte-identical to curated source
scripts/run_ieee300_runtime_extension.py,scripts/run_ieee300_runtime_extension.py,f85c50458afd841779cb3d94478f3f689ecf060908b1f01f5a520809b6d9ddbd,f85c50458afd841779cb3d94478f3f689ecf060908b1f01f5a520809b6d9ddbd,1917,identical,byte-identical to curated source
scripts/run_ieee_qsvt_pipeline_boundary.py,scripts/run_ieee_qsvt_pipeline_boundary.py,99c9aba38e36aec11fd7515335d44f1e1cb5822ddd592fb79a8e1bd5c414a9f5,99c9aba38e36aec11fd7515335d44f1e1cb5822ddd592fb79a8e1bd5c414a9f5,843,identical,byte-identical to curated source
scripts/run_initializer_ablation.py,scripts/run_initializer_ablation.py,f739edf300cb4c26a6bcab58e55cd43fb7f9e5c86143c3daa841dbe7d90c4664,f739edf300cb4c26a6bcab58e55cd43fb7f9e5c86143c3daa841dbe7d90c4664,1748,identical,byte-identical to curated source
scripts/run_jacobian_validation.py,scripts/run_jacobian_validation.py,c7b8583e117fb659e3d242d19ba1ee0c3791c87c3a1b544980a3a582562c6795,c7b8583e117fb659e3d242d19ba1ee0c3791c87c3a1b544980a3a582562c6795,1720,identical,byte-identical to curated source
scripts/run_joint_four_condition.py,scripts/run_joint_four_condition.py,abd43f9bbd13badbea82eb6405673d7beaddc1fdb09681244d7e07eee56a9f25,abd43f9bbd13badbea82eb6405673d7beaddc1fdb09681244d7e07eee56a9f25,1151,identical,byte-identical to curated source
scripts/run_larger_block_16x16_validation.py,scripts/run_larger_block_16x16_validation.py,3c6605c66b8a726e14688c8eeffebe1daab4734ef5de7293c0e200cfa8435c17,3c6605c66b8a726e14688c8eeffebe1daab4734ef5de7293c0e200cfa8435c17,1329,identical,byte-identical to curated source
scripts/run_measurement_row_metadata_audit.py,scripts/run_measurement_row_metadata_audit.py,e7e5e52fee8b10212ead40a58ba22be401285175ff420dc48cf05003b1877e9c,e7e5e52fee8b10212ead40a58ba22be401285175ff420dc48cf05003b1877e9c,1434,identical,byte-identical to curated source
scripts/run_measurement_type_ablation.py,scripts/run_measurement_type_ablation.py,d38cc2ec45964cffa8203bf37066fa8edec4aec64140970f08a90830edcd10bc,d38cc2ec45964cffa8203bf37066fa8edec4aec64140970f08a90830edcd10bc,2093,identical,byte-identical to curated source
scripts/run_noise_model_boundary.py,scripts/run_noise_model_boundary.py,a4a515e55ba10c71864b87ead4cdf4c7eaf0606baea4cca07c7ee5717b78aacd,a4a515e55ba10c71864b87ead4cdf4c7eaf0606baea4cca07c7ee5717b78aacd,20601,identical,byte-identical to curated source
scripts/run_nonlinear_ac_alpha_stress.py,scripts/run_nonlinear_ac_alpha_stress.py,bff4c7dc6971547bf228df8187959e666a15d7f9119fca86c056dbc2b7021049,bff4c7dc6971547bf228df8187959e666a15d7f9119fca86c056dbc2b7021049,2076,identical,byte-identical to curated source
scripts/run_nonlinear_logging_refresh.py,scripts/run_nonlinear_logging_refresh.py,9cb54fee43fb508eea2b4c4dda8d03b04402b4f487b55dbaeee4f2ae049ede27,9cb54fee43fb508eea2b4c4dda8d03b04402b4f487b55dbaeee4f2ae049ede27,2443,identical,byte-identical to curated source
scripts/run_output_aware_generalization.py,scripts/run_output_aware_generalization.py,ef53c8fd5a827b4dac737c5608d548eaa66fea5596d81721679442523934c856,ef53c8fd5a827b4dac737c5608d548eaa66fea5596d81721679442523934c856,1392,identical,byte-identical to curated source
scripts/run_output_aware_sparse_selection.py,scripts/run_output_aware_sparse_selection.py,2d117952299b06d0e10ea0007146ac72ec2f29d67bdc76cd2311943745b8468f,2d117952299b06d0e10ea0007146ac72ec2f29d67bdc76cd2311943745b8468f,1741,identical,byte-identical to curated source
scripts/run_output_aware_structural_generalization.py,scripts/run_output_aware_structural_generalization.py,f18fd0e289c7595f63c6fe3fd685bfb11ebbcbce9c29e57ee9aaab5601687d98,f18fd0e289c7595f63c6fe3fd685bfb11ebbcbce9c29e57ee9aaab5601687d98,1431,identical,byte-identical to curated source
scripts/run_phase10_full_rectangular_qsvt.py,scripts/run_phase10_full_rectangular_qsvt.py,be4c85987242fd3d4ad88e9423d7efa55cf259d88706e2e7966f44b12b929773,be4c85987242fd3d4ad88e9423d7efa55cf259d88706e2e7966f44b12b929773,150,identical,byte-identical to curated source
scripts/run_phase10_implementation_completion.py,scripts/run_phase10_implementation_completion.py,39daf31e5d8d1796a91634863443783e95ce5bb5af0463da7c5098b20c134601,39daf31e5d8d1796a91634863443783e95ce5bb5af0463da7c5098b20c134601,154,identical,byte-identical to curated source
scripts/run_phase10_nonlinear_qsvt_loop.py,scripts/run_phase10_nonlinear_qsvt_loop.py,988714ba47fc5360ac1abb55bacf5f3d780f1b31650935a83ca2c7150043dfac,988714ba47fc5360ac1abb55bacf5f3d780f1b31650935a83ca2c7150043dfac,148,identical,byte-identical to curated source
scripts/run_phase10_residual_loading.py,scripts/run_phase10_residual_loading.py,8eeb18d467b7ddd60a502c6460d5aade1a85861d80fe27be50e5376bbeb7369a,8eeb18d467b7ddd60a502c6460d5aade1a85861d80fe27be50e5376bbeb7369a,145,identical,byte-identical to curated source
scripts/run_phase10_resource_ledger.py,scripts/run_phase10_resource_ledger.py,80b738f96aa133a98732c9511b42bfea460a00fb2cd8b965284f089c27449701,80b738f96aa133a98732c9511b42bfea460a00fb2cd8b965284f089c27449701,144,identical,byte-identical to curated source
scripts/run_phase10_sparse_wrapper_8x8_complete.py,scripts/run_phase10_sparse_wrapper_8x8_complete.py,c2d3807de0d15569994f2f11d7899e009e328fb360bb32758d678ada02330dd9,c2d3807de0d15569994f2f11d7899e009e328fb360bb32758d678ada02330dd9,156,identical,byte-identical to curated source
scripts/run_phase2_qsvt_boundary.py,scripts/run_phase2_qsvt_boundary.py,975a66d42d9b05c4c8e65ac6f226a46eddb9821baaf51f2c30180bd7fef4b7ad,975a66d42d9b05c4c8e65ac6f226a46eddb9821baaf51f2c30180bd7fef4b7ad,200,identical,byte-identical to curated source
scripts/run_phase3_resource_reproducibility.py,scripts/run_phase3_resource_reproducibility.py,5dfe705f1efcc88cb4e4c9953639b528c94aab55dd16c2f884cc97c9621bfda8,5dfe705f1efcc88cb4e4c9953639b528c94aab55dd16c2f884cc97c9621bfda8,206,identical,byte-identical to curated source
scripts/run_phase8_bridge_characterization.py,scripts/run_phase8_bridge_characterization.py,8f5eca3dc7ea05032aa5519f8d947f85626cb0db9afe67178f8845a7eef1a98e,8f5eca3dc7ea05032aa5519f8d947f85626cb0db9afe67178f8845a7eef1a98e,151,identical,byte-identical to curated source
scripts/run_phase8_integrated_readout.py,scripts/run_phase8_integrated_readout.py,a4701b4bc090522d05e22f39b7d0c2df477717e47cc855b8b4a6a7b0fb4a735c,a4701b4bc090522d05e22f39b7d0c2df477717e47cc855b8b4a6a7b0fb4a735c,146,identical,byte-identical to curated source
scripts/run_phase9_bridge_leakage_aware.py,scripts/run_phase9_bridge_leakage_aware.py,2e6fe58f7671be0159767f4ecdd10df9584e0f95c3a2e3c187d90f93b61d3de0,2e6fe58f7671be0159767f4ecdd10df9584e0f95c3a2e3c187d90f93b61d3de0,148,identical,byte-identical to curated source
scripts/run_phase9_integrated_8x8_readout.py,scripts/run_phase9_integrated_8x8_readout.py,c2d866276c0dda58839ae919ab0b6a8b0b2c8a203f6c814d9c9ff401891d6b04,c2d866276c0dda58839ae919ab0b6a8b0b2c8a203f6c814d9c9ff401891d6b04,150,identical,byte-identical to curated source
scripts/run_phase9_lambda_tradeoff.py,scripts/run_phase9_lambda_tradeoff.py,6dfe996f82e4ce33661a01f1389f392d01fe1d24478f87bba910e09ddf3dd232,6dfe996f82e4ce33661a01f1389f392d01fe1d24478f87bba910e09ddf3dd232,143,identical,byte-identical to curated source
scripts/run_phase9_sparse_wrapper_8x8.py,scripts/run_phase9_sparse_wrapper_8x8.py,fbc0383c42a1e0cd2ce2410556e1221ea172417784f2536d47bd2230c9002fb5,fbc0383c42a1e0cd2ce2410556e1221ea172417784f2536d47bd2230c9002fb5,146,identical,byte-identical to curated source
scripts/run_phase_refinement_sampling_validation.py,scripts/run_phase_refinement_sampling_validation.py,ff9e5155d31b7e882c38aaf5c5acd209011d4c9b2304acf5839642200d1a67ef,ff9e5155d31b7e882c38aaf5c5acd209011d4c9b2304acf5839642200d1a67ef,1871,identical,byte-identical to curated source
scripts/run_phase_synthesis_refinement.py,scripts/run_phase_synthesis_refinement.py,89d70d2ad6fc4bada6efb374d8c74df7c98753abe2309538169ffa42c3fdbe64,89d70d2ad6fc4bada6efb374d8c74df7c98753abe2309538169ffa42c3fdbe64,3393,identical,byte-identical to curated source
scripts/run_physical_validity_vs_block_size.py,scripts/run_physical_validity_vs_block_size.py,b8333fa432de9de6e01830ee02c2225c7c3c4289ab786864e1607567d9fe0cd3,b8333fa432de9de6e01830ee02c2225c7c3c4289ab786864e1607567d9fe0cd3,13536,identical,byte-identical to curated source
scripts/run_psse_assumption_audit.py,scripts/run_psse_assumption_audit.py,e1f6d8fdb2494bd371246f3ad8c234d3b021404929fb5cf439dc7e918c1bd6e2,e1f6d8fdb2494bd371246f3ad8c234d3b021404929fb5cf439dc7e918c1bd6e2,141,identical,byte-identical to curated source
scripts/run_pytest_filewise.py,scripts/run_pytest_filewise.py,062b79bd83b3ff2ecb8dfb1353408c08a0599ae0623f98f69cf51fc8572f1ff5,062b79bd83b3ff2ecb8dfb1353408c08a0599ae0623f98f69cf51fc8572f1ff5,11884,identical,byte-identical to curated source
scripts/run_qsvt_accuracy_success_tradeoff.py,scripts/run_qsvt_accuracy_success_tradeoff.py,1c7c12aa8448547e59b6c24fbcf648076dd9fcfd856afbc7e6a0f583ca191780,1c7c12aa8448547e59b6c24fbcf648076dd9fcfd856afbc7e6a0f583ca191780,1173,identical,byte-identical to curated source
scripts/run_qsvt_adaptive_degree_selection.py,scripts/run_qsvt_adaptive_degree_selection.py,bacff4377c0a18f17a56aeb32a4aa2d1245f0a9cf796e0f5fc2e815e907a75fe,bacff4377c0a18f17a56aeb32a4aa2d1245f0a9cf796e0f5fc2e815e907a75fe,355,identical,byte-identical to curated source
scripts/run_qsvt_adaptive_multicase_degree_search.py,scripts/run_qsvt_adaptive_multicase_degree_search.py,0af3b73e11bc1d058f3df77d9fd7e8fb99d5042cf97ca6d0e8d9553d460025f2,0af3b73e11bc1d058f3df77d9fd7e8fb99d5042cf97ca6d0e8d9553d460025f2,385,identical,byte-identical to curated source
scripts/run_qsvt_alpha_degree_residual_refinement.py,scripts/run_qsvt_alpha_degree_residual_refinement.py,edb7261acbe5e56db7b6c8e983391b9d6431b4188e3504a0bf717995bf019c74,edb7261acbe5e56db7b6c8e983391b9d6431b4188e3504a0bf717995bf019c74,1813,identical,byte-identical to curated source
scripts/run_qsvt_alpha_degree_tradeoff.py,scripts/run_qsvt_alpha_degree_tradeoff.py,b5aee1d53949710d8c7f310b50c9479234422eb17bef237431835155fa04b504,b5aee1d53949710d8c7f310b50c9479234422eb17bef237431835155fa04b504,1848,identical,byte-identical to curated source
scripts/run_qsvt_amplitude_estimation_audit.py,scripts/run_qsvt_amplitude_estimation_audit.py,f94710159ab2adc551741d45a3300083cca293adaee0f2f7929ea76c26454677,f94710159ab2adc551741d45a3300083cca293adaee0f2f7929ea76c26454677,1035,identical,byte-identical to curated source
scripts/run_qsvt_amplitude_estimation_routines.py,scripts/run_qsvt_amplitude_estimation_routines.py,960a4e8591dfe3c52ff17898983d87d26e2e40702a09847a53075e6beb0ce589,960a4e8591dfe3c52ff17898983d87d26e2e40702a09847a53075e6beb0ce589,2056,identical,byte-identical to curated source
scripts/run_qsvt_approximation_degree_sweep.py,scripts/run_qsvt_approximation_degree_sweep.py,b3312f5d13951af9c035ef5002099e1238e04740738f6af9d51a4b2387e0ec5c,b3312f5d13951af9c035ef5002099e1238e04740738f6af9d51a4b2387e0ec5c,356,identical,byte-identical to curated source
scripts/run_qsvt_best_config_gate_validation.py,scripts/run_qsvt_best_config_gate_validation.py,351509be24fdb47324e53d908376c9155cbc3525fbe749719ad6f21f852784e2,351509be24fdb47324e53d908376c9155cbc3525fbe749719ad6f21f852784e2,1712,identical,byte-identical to curated source
scripts/run_qsvt_block_encoding_demo.py,scripts/run_qsvt_block_encoding_demo.py,4d9675702d9e1c8f3b6996797563bf25aae171917d48351f05cba0fd7a708bcd,4d9675702d9e1c8f3b6996797563bf25aae171917d48351f05cba0fd7a708bcd,349,identical,byte-identical to curated source
scripts/run_qsvt_bounded_target_design_study.py,scripts/run_qsvt_bounded_target_design_study.py,ea5435bc4034188749f718d03976d9cc65db909448154b79b91844141cc59fc4,ea5435bc4034188749f718d03976d9cc65db909448154b79b91844141cc59fc4,2385,identical,byte-identical to curated source
scripts/run_qsvt_codesigned_bounded_target_study.py,scripts/run_qsvt_codesigned_bounded_target_study.py,273d94f06d1124f4de795d0fecd8390e1fa9d44f792c241b0e1fbe39d8a99330,273d94f06d1124f4de795d0fecd8390e1fa9d44f792c241b0e1fbe39d8a99330,2262,identical,byte-identical to curated source
scripts/run_qsvt_codesigned_gate_validation.py,scripts/run_qsvt_codesigned_gate_validation.py,37e88ca754012518de88a0a149505ae4e5150f98a6f003eb7aef6df492036f75,37e88ca754012518de88a0a149505ae4e5150f98a6f003eb7aef6df492036f75,1788,identical,byte-identical to curated source
scripts/run_qsvt_codesigned_subproblem_robustness.py,scripts/run_qsvt_codesigned_subproblem_robustness.py,d478695ec31d865fdda253c7af122396c47060dad8b2993a5600d6b95b0ad3fb,d478695ec31d865fdda253c7af122396c47060dad8b2993a5600d6b95b0ad3fb,2311,identical,byte-identical to curated source
scripts/run_qsvt_codesigned_target_audit.py,scripts/run_qsvt_codesigned_target_audit.py,5d316921ccc4b68a4e711b583e2ea64ed8915b04e98e890f623093e447617a65,5d316921ccc4b68a4e711b583e2ea64ed8915b04e98e890f623093e447617a65,1035,identical,byte-identical to curated source
scripts/run_qsvt_cross_case_codesigned_robustness.py,scripts/run_qsvt_cross_case_codesigned_robustness.py,3c6cb64c99eaf20f668ec345544b89b0b24ecfc90c57a7b74f6606991f0616e9,3c6cb64c99eaf20f668ec345544b89b0b24ecfc90c57a7b74f6606991f0616e9,2357,identical,byte-identical to curated source
scripts/run_qsvt_cross_case_gate_observable_readout.py,scripts/run_qsvt_cross_case_gate_observable_readout.py,32e2b07ff898b92eca3f3f6be7f78e031482ef56087d6ef332d6d00173a5f89e,32e2b07ff898b92eca3f3f6be7f78e031482ef56087d6ef332d6d00173a5f89e,1898,identical,byte-identical to curated source
scripts/run_qsvt_cross_case_gate_validation.py,scripts/run_qsvt_cross_case_gate_validation.py,7cc70549efb42e9f443e3bca3a99d331b2a109b2ee6e6f781066bba5ab7efa68,7cc70549efb42e9f443e3bca3a99d331b2a109b2ee6e6f781066bba5ab7efa68,1757,identical,byte-identical to curated source
scripts/run_qsvt_cross_case_solver_audit.py,scripts/run_qsvt_cross_case_solver_audit.py,c72ebe513aa0669c91cefcce545a97bafdc75fdbc873e70af1ce3739dbc2c30c,c72ebe513aa0669c91cefcce545a97bafdc75fdbc873e70af1ce3739dbc2c30c,1872,identical,byte-identical to curated source
scripts/run_qsvt_degree_control_audit.py,scripts/run_qsvt_degree_control_audit.py,423723aff654d623bfd356b033f535b99f7a428e37b1146b58a3096519986302,423723aff654d623bfd356b033f535b99f7a428e37b1146b58a3096519986302,2141,identical,byte-identical to curated source
scripts/run_qsvt_degree_window_gate_validation.py,scripts/run_qsvt_degree_window_gate_validation.py,b163480383e206de38d6c0583e4137a9dacac04ab5909c73e229fa4f7bef6ec0,b163480383e206de38d6c0583e4137a9dacac04ab5909c73e229fa4f7bef6ec0,1529,identical,byte-identical to curated source
scripts/run_qsvt_degree_window_overshoot.py,scripts/run_qsvt_degree_window_overshoot.py,b6839b5da2941fc2b3a5db96565914a068df7c4c11f1e74af4816b74fd55e8c3,b6839b5da2941fc2b3a5db96565914a068df7c4c11f1e74af4816b74fd55e8c3,2003,identical,byte-identical to curated source
scripts/run_qsvt_direction_resolved_overshoot_decomposition.py,scripts/run_qsvt_direction_resolved_overshoot_decomposition.py,aec6e2961422559547cdcaa8695eb6e7426d3eb0bf3aa6ace89e8fd0c9c117e6,aec6e2961422559547cdcaa8695eb6e7426d3eb0bf3aa6ace89e8fd0c9c117e6,2038,identical,byte-identical to curated source
scripts/run_qsvt_end_to_end_state_demo.py,scripts/run_qsvt_end_to_end_state_demo.py,1fa729e1481cb25ee8ebc3cc0a8f48377a4e20b91ebef9ae2265c772cc86bd6e,1fa729e1481cb25ee8ebc3cc0a8f48377a4e20b91ebef9ae2265c772cc86bd6e,340,identical,byte-identical to curated source
scripts/run_qsvt_external_backend_phase_validation.py,scripts/run_qsvt_external_backend_phase_validation.py,26d4defd3b9c64a6badcf40a2ec1e4a0a57773fb8e7e34f2d93fdf2bfd64b9e5,26d4defd3b9c64a6badcf40a2ec1e4a0a57773fb8e7e34f2d93fdf2bfd64b9e5,386,identical,byte-identical to curated source
scripts/run_qsvt_external_backend_sanity_regression.py,scripts/run_qsvt_external_backend_sanity_regression.py,d28786d39f985794e926063279f35af0e256481c7fa6ba0ab2f5846409816cbf,d28786d39f985794e926063279f35af0e256481c7fa6ba0ab2f5846409816cbf,353,identical,byte-identical to curated source
scripts/run_qsvt_gate_observable_readout.py,scripts/run_qsvt_gate_observable_readout.py,d2d55610073895057efa456cfecfb51f0e50599053edb34ab0c40d1375dfb10d,d2d55610073895057efa456cfecfb51f0e50599053edb34ab0c40d1375dfb10d,2143,identical,byte-identical to curated source
scripts/run_qsvt_gate_validation_with_amplitude_recovery.py,scripts/run_qsvt_gate_validation_with_amplitude_recovery.py,fb306c1747d9e3bd3f6efc760b66aff21304eaa8b82ef842cbbc03683ba65e83,fb306c1747d9e3bd3f6efc760b66aff21304eaa8b82ef842cbbc03683ba65e83,2323,identical,byte-identical to curated source
scripts/run_qsvt_ieee118_extension_audit.py,scripts/run_qsvt_ieee118_extension_audit.py,11753432ccb7b26ffe4b841d1e439f08afd1a52872b416f741970a1768509837,11753432ccb7b26ffe4b841d1e439f08afd1a52872b416f741970a1768509837,1823,identical,byte-identical to curated source
scripts/run_qsvt_ieee118_gate_observable_readout.py,scripts/run_qsvt_ieee118_gate_observable_readout.py,3d3c8e26aafe074663f07263ba51adee3d0132b42c657b5adcefc810d93ecbf8,3d3c8e26aafe074663f07263ba51adee3d0132b42c657b5adcefc810d93ecbf8,1780,identical,byte-identical to curated source
scripts/run_qsvt_ieee118_gate_validation.py,scripts/run_qsvt_ieee118_gate_validation.py,3b27fa2edfac03c797b28158fcfc7f4bf732332da8b4729b97b1d6687da3c36a,3b27fa2edfac03c797b28158fcfc7f4bf732332da8b4729b97b1d6687da3c36a,1799,identical,byte-identical to curated source
scripts/run_qsvt_ieee118_selected_robustness.py,scripts/run_qsvt_ieee118_selected_robustness.py,9418568d85bdbd3b5d1104d16aac47a1e754dd0743f53003faaf1f51b8c29d26,9418568d85bdbd3b5d1104d16aac47a1e754dd0743f53003faaf1f51b8c29d26,2293,identical,byte-identical to curated source
scripts/run_qsvt_ieee118_targeted_refinement.py,scripts/run_qsvt_ieee118_targeted_refinement.py,04e76a1e41be92f29ae090d40c5a8d6a7bbae93bb8f3d919de8304a6cf597d9b,04e76a1e41be92f29ae090d40c5a8d6a7bbae93bb8f3d919de8304a6cf597d9b,382,identical,byte-identical to curated source
scripts/run_qsvt_matrix_free_ieee_experiments.py,scripts/run_qsvt_matrix_free_ieee_experiments.py,d3fc740cca0725ce6b0545aee2e4eebd871a778c86f01514af746e2789be0821,d3fc740cca0725ce6b0545aee2e4eebd871a778c86f01514af746e2789be0821,1941,identical,byte-identical to curated source
scripts/run_qsvt_norm_recovery_from_amplitude.py,scripts/run_qsvt_norm_recovery_from_amplitude.py,042bdccccee9f70105c970abe5b666ffa90d8dc2ee39cbd92735fb455dbfe49a,042bdccccee9f70105c970abe5b666ffa90d8dc2ee39cbd92735fb455dbfe49a,2090,identical,byte-identical to curated source
scripts/run_qsvt_norm_residual_gap_audit.py,scripts/run_qsvt_norm_residual_gap_audit.py,41b522b8af1896785b3e1290d3a552b412f5c2f7aec6e034deda98fdf8ac7564,41b522b8af1896785b3e1290d3a552b412f5c2f7aec6e034deda98fdf8ac7564,1384,identical,byte-identical to curated source
scripts/run_qsvt_observable_error_decomposition.py,scripts/run_qsvt_observable_error_decomposition.py,aa318f39a6c966341e656a068996efbaf0cab210df3f222d51901e70deb1f859,aa318f39a6c966341e656a068996efbaf0cab210df3f222d51901e70deb1f859,1712,identical,byte-identical to curated source
scripts/run_qsvt_observable_first_solver.py,scripts/run_qsvt_observable_first_solver.py,e6798eb8b3b70d253dd16882a16446e7650b9e040b28471a35798cad06504417,e6798eb8b3b70d253dd16882a16446e7650b9e040b28471a35798cad06504417,1990,identical,byte-identical to curated source
scripts/run_qsvt_observable_first_solver_v2.py,scripts/run_qsvt_observable_first_solver_v2.py,5f3a8fa58bdb49ea4927a2d79620446cbca8d89ca9b6c1d4719390cfa51d2916,5f3a8fa58bdb49ea4927a2d79620446cbca8d89ca9b6c1d4719390cfa51d2916,2143,identical,byte-identical to curated source
scripts/run_qsvt_one_step_ac_update_demo.py,scripts/run_qsvt_one_step_ac_update_demo.py,bee524e2be8f2206ff4ed9fff1a2eb210f4b05adbfc597dcba4571185bd30d5b,bee524e2be8f2206ff4ed9fff1a2eb210f4b05adbfc597dcba4571185bd30d5b,1662,identical,byte-identical to curated source
scripts/run_qsvt_optional_phase_synthesis_validation.py,scripts/run_qsvt_optional_phase_synthesis_validation.py,3c1a525489134198caca30b39f27ab3349edf227fb9951ad0b2bfa429a5474e7,3c1a525489134198caca30b39f27ab3349edf227fb9951ad0b2bfa429a5474e7,388,identical,byte-identical to curated source
scripts/run_qsvt_overshoot_mechanism_diagnostic.py,scripts/run_qsvt_overshoot_mechanism_diagnostic.py,7f80f1bcc1ba7f32e57224b721aa79cc55e3ff4486c03769aa2cc4cde5710259,7f80f1bcc1ba7f32e57224b721aa79cc55e3ff4486c03769aa2cc4cde5710259,2266,identical,byte-identical to curated source
scripts/run_qsvt_partial_observable_readout_demo.py,scripts/run_qsvt_partial_observable_readout_demo.py,77d98c860a3e3768837314b788b5adb6deed235da912eb1c9b0dbf0a1ab51a98,77d98c860a3e3768837314b788b5adb6deed235da912eb1c9b0dbf0a1ab51a98,360,identical,byte-identical to curated source
scripts/run_qsvt_phase2_optional_ieee57.py,scripts/run_qsvt_phase2_optional_ieee57.py,b803812a12609473034246c3d488b5446e67ca19a13eb2f7016e53a018141b4a,b803812a12609473034246c3d488b5446e67ca19a13eb2f7016e53a018141b4a,458,identical,byte-identical to curated source
scripts/run_qsvt_phase2_preconditioned_alpha_sweeps.py,scripts/run_qsvt_phase2_preconditioned_alpha_sweeps.py,69e2fa6c2c1f664da4c2aeb052ceb97b9be9f444305d0242ab8752e980e2d793,69e2fa6c2c1f664da4c2aeb052ceb97b9be9f444305d0242ab8752e980e2d793,509,identical,byte-identical to curated source
scripts/run_qsvt_phase_sanity_regression.py,scripts/run_qsvt_phase_sanity_regression.py,b4f9ad7463552991504454777373a37f049fc0e306a2cffd423ada5fce497a0f,b4f9ad7463552991504454777373a37f049fc0e306a2cffd423ada5fce497a0f,353,identical,byte-identical to curated source
scripts/run_qsvt_polynomial_action_decomposition.py,scripts/run_qsvt_polynomial_action_decomposition.py,e2e835860cba5e7729470d49958d2678d191e2ea6569805a8064e3c71f1e8189,e2e835860cba5e7729470d49958d2678d191e2ea6569805a8064e3c71f1e8189,2112,identical,byte-identical to curated source
scripts/run_qsvt_power_observable_protocols.py,scripts/run_qsvt_power_observable_protocols.py,4cf81d86da30e25d432c13c3d6eee94a0cf2cdbb45d41fcc82722bc1c94489d7,4cf81d86da30e25d432c13c3d6eee94a0cf2cdbb45d41fcc82722bc1c94489d7,1879,identical,byte-identical to curated source
scripts/run_qsvt_power_observable_readout.py,scripts/run_qsvt_power_observable_readout.py,b6b8627af7cd84e9a437762a9b87217b3d0fbd2d977452005157c7636c19aed8,b6b8627af7cd84e9a437762a9b87217b3d0fbd2d977452005157c7636c19aed8,1680,identical,byte-identical to curated source
scripts/run_qsvt_preconditioned_ieee300_estimator.py,scripts/run_qsvt_preconditioned_ieee300_estimator.py,e9d69b98de4bca0fc8ce03dce530621404d757b7c8fdf8ff9bc8dad3c1c01a32,e9d69b98de4bca0fc8ce03dce530621404d757b7c8fdf8ff9bc8dad3c1c01a32,361,identical,byte-identical to curated source
scripts/run_qsvt_preconditioned_variant_sweeps.py,scripts/run_qsvt_preconditioned_variant_sweeps.py,a600680575cf03212f61b0796210d8a57ab348b8ee19e1067bcfa9137bfc83ea,a600680575cf03212f61b0796210d8a57ab348b8ee19e1067bcfa9137bfc83ea,382,identical,byte-identical to curated source
scripts/run_qsvt_refined_selected_subproblem_solver.py,scripts/run_qsvt_refined_selected_subproblem_solver.py,176d2cd565f87aac29f408409e72ca1aec05cf1d1c3444b872eeb1cc148f31ad,176d2cd565f87aac29f408409e72ca1aec05cf1d1c3444b872eeb1cc148f31ad,1582,identical,byte-identical to curated source
scripts/run_qsvt_residual_feasible_codesigned_search.py,scripts/run_qsvt_residual_feasible_codesigned_search.py,509f4e13664028a49d0048a61ed765d91e13ca587703ffcc0a20c49b52b2ed8c,509f4e13664028a49d0048a61ed765d91e13ca587703ffcc0a20c49b52b2ed8c,1519,identical,byte-identical to curated source
scripts/run_qsvt_residual_feasible_config_search.py,scripts/run_qsvt_residual_feasible_config_search.py,1fd2dc07e698798f9662d80a9527ec17159a659962cf55cc36b497fabf5dec45,1fd2dc07e698798f9662d80a9527ec17159a659962cf55cc36b497fabf5dec45,3989,identical,byte-identical to curated source
scripts/run_qsvt_residual_feasible_gate_validation.py,scripts/run_qsvt_residual_feasible_gate_validation.py,b8749d66e66bb286f9fc458a00e040a0cc1dfa43e7274c3bb2d0b83665f6b3df,b8749d66e66bb286f9fc458a00e040a0cc1dfa43e7274c3bb2d0b83665f6b3df,2296,identical,byte-identical to curated source
scripts/run_qsvt_residual_feasible_with_amplitude_recovery.py,scripts/run_qsvt_residual_feasible_with_amplitude_recovery.py,59be5ea3fe705e3b6541e0de855cfada9425e84e14056b1e17a532e54313a13a,59be5ea3fe705e3b6541e0de855cfada9425e84e14056b1e17a532e54313a13a,2591,identical,byte-identical to curated source
scripts/run_qsvt_robustness_gate_validation.py,scripts/run_qsvt_robustness_gate_validation.py,926a8c2f1a6be954febd05c81bc5ca2c5df614dfd8feb840670060c957927df9,926a8c2f1a6be954febd05c81bc5ca2c5df614dfd8feb840670060c957927df9,1827,identical,byte-identical to curated source
scripts/run_qsvt_scale_recovery_protocols.py,scripts/run_qsvt_scale_recovery_protocols.py,4ce160abcba5765439b9498c87467a4f4a7f5daf272c9941d51338606178b99e,4ce160abcba5765439b9498c87467a4f4a7f5daf272c9941d51338606178b99e,2051,identical,byte-identical to curated source
scripts/run_qsvt_selected_alpha_phase_validation.py,scripts/run_qsvt_selected_alpha_phase_validation.py,d4b4fc5e06e82ba2880130fc1d3b104b24d28a1a817128841310e4c4074a5cd0,d4b4fc5e06e82ba2880130fc1d3b104b24d28a1a817128841310e4c4074a5cd0,355,identical,byte-identical to curated source
scripts/run_qsvt_solver_prototype_consolidation_audit.py,scripts/run_qsvt_solver_prototype_consolidation_audit.py,e8afaa7a54dbfe287567b55a6652471b3bea8a08c6c04ec4504989864bcb98dd,e8afaa7a54dbfe287567b55a6652471b3bea8a08c6c04ec4504989864bcb98dd,1341,identical,byte-identical to curated source
scripts/run_qsvt_sparse_oracle_prototype_strengthening.py,scripts/run_qsvt_sparse_oracle_prototype_strengthening.py,c94569e2b1862b2b5aa07623efd75f7fd4baf3b6fae75c9eac6951d0650451a3,c94569e2b1862b2b5aa07623efd75f7fd4baf3b6fae75c9eac6951d0650451a3,2058,identical,byte-identical to curated source
scripts/run_qsvt_spectrum_aware_diagnostics.py,scripts/run_qsvt_spectrum_aware_diagnostics.py,18295ec0a061c7d0196807b4c0b768d76ac880c9e9d62e75846428f75960240d,18295ec0a061c7d0196807b4c0b768d76ac880c9e9d62e75846428f75960240d,374,identical,byte-identical to curated source
scripts/run_qsvt_stable_phase_validation_attempt.py,scripts/run_qsvt_stable_phase_validation_attempt.py,3af61a723a41af91aa7b16d8020ae87db2d1067146054364e98bcfea6c1438a1,3af61a723a41af91aa7b16d8020ae87db2d1067146054364e98bcfea6c1438a1,392,identical,byte-identical to curated source
scripts/run_qsvt_stable_target_phase_validation.py,scripts/run_qsvt_stable_target_phase_validation.py,c596fda3b54d441f5f0504f2a7c76b93eaa8fc5c0909caffa301d5d75f65bd29,c596fda3b54d441f5f0504f2a7c76b93eaa8fc5c0909caffa301d5d75f65bd29,353,identical,byte-identical to curated source
scripts/run_qsvt_subproblem_selection_policy.py,scripts/run_qsvt_subproblem_selection_policy.py,292d0a31d261e3873c9572e55a31aa07d0652d5dfd8d97f8abe4f82b9c09016d,292d0a31d261e3873c9572e55a31aa07d0652d5dfd8d97f8abe4f82b9c09016d,2099,identical,byte-identical to curated source
scripts/run_qsvt_success_amplification_cost.py,scripts/run_qsvt_success_amplification_cost.py,c91d3623b572e46ab6a26d0d1c2226189aee8163d4918e63a44f16d2de594052,c91d3623b572e46ab6a26d0d1c2226189aee8163d4918e63a44f16d2de594052,1193,identical,byte-identical to curated source
scripts/run_qsvt_weighted_singular_support.py,scripts/run_qsvt_weighted_singular_support.py,492a62f70f6517f92fa2d09be22e361e6ebf95433c690757a5ffea3bce3a5717,492a62f70f6517f92fa2d09be22e361e6ebf95433c690757a5ffea3bce3a5717,1975,identical,byte-identical to curated source
scripts/run_readout_alpha_degree_sweep.py,scripts/run_readout_alpha_degree_sweep.py,d741c02ca464cf446eb48df7287b600a41032caa615cc9f4a1051e5aec3c5941,d741c02ca464cf446eb48df7287b600a41032caa615cc9f4a1051e5aec3c5941,3180,identical,byte-identical to curated source
scripts/run_rectangular_convention_fix.py,scripts/run_rectangular_convention_fix.py,ffb07edc9f44ba8941f42376f5f7f26e6c6046a0a6173271d0c6b1f97a60343f,ffb07edc9f44ba8941f42376f5f7f26e6c6046a0a6173271d0c6b1f97a60343f,78894,identical,byte-identical to curated source
scripts/run_rectangular_padded_workload.py,scripts/run_rectangular_padded_workload.py,2b24b8aa8c8c7d2a3386c3ab0ff8493839884c85f1e30f688aa50e6afb418d62,2b24b8aa8c8c7d2a3386c3ab0ff8493839884c85f1e30f688aa50e6afb418d62,10754,identical,byte-identical to curated source
scripts/run_reversible_sparse_oracle_resource.py,scripts/run_reversible_sparse_oracle_resource.py,e6759e913619b4e4ede78a86d8872c1a057f5d1f607cf5e04916dd51f5208b01,e6759e913619b4e4ede78a86d8872c1a057f5d1f607cf5e04916dd51f5208b01,224,identical,byte-identical to curated source
scripts/run_reviewer_blocking_joint_feasibility.py,scripts/run_reviewer_blocking_joint_feasibility.py,b0b24c18289ae84353f23cd2fe4766e3624ef5cc372c34e767a8e227192c7811,b0b24c18289ae84353f23cd2fe4766e3624ef5cc372c34e767a8e227192c7811,1109,identical,byte-identical to curated source
scripts/run_reviewer_blocking_physical_functionals.py,scripts/run_reviewer_blocking_physical_functionals.py,44338a2c34d41a5e281e9fe6ed702dc362ae41b0aff3d78dfbe2eff1b79df323,44338a2c34d41a5e281e9fe6ed702dc362ae41b0aff3d78dfbe2eff1b79df323,1110,identical,byte-identical to curated source
scripts/run_reviewer_blocking_resource_pareto.py,scripts/run_reviewer_blocking_resource_pareto.py,28d17b6a61bc0bcba717d1ba3aba44912f757acab0c8e9527876dc971bc96e6b,28d17b6a61bc0bcba717d1ba3aba44912f757acab0c8e9527876dc971bc96e6b,1079,identical,byte-identical to curated source
scripts/run_reviewer_blocking_strong_baselines.py,scripts/run_reviewer_blocking_strong_baselines.py,cd24bc692587739d44809ec034e54bdc8901152d84483ec13eb7de1229b1bb1b,cd24bc692587739d44809ec034e54bdc8901152d84483ec13eb7de1229b1bb1b,1098,identical,byte-identical to curated source
scripts/run_scientific_validation_suite.py,scripts/run_scientific_validation_suite.py,46534e19ddfb35496629af58f3eed1a4e54b2eedfd6f5d955d3e5589b9ad2871,46534e19ddfb35496629af58f3eed1a4e54b2eedfd6f5d955d3e5589b9ad2871,4757,identical,byte-identical to curated source
scripts/run_selected_block_bridge.py,scripts/run_selected_block_bridge.py,1e8359736c8be33d5d7c364d186dee5afff03696dfafcd3b873e8b7f296ac709,1e8359736c8be33d5d7c364d186dee5afff03696dfafcd3b873e8b7f296ac709,141,identical,byte-identical to curated source
scripts/run_selected_observable_cost_accounting.py,scripts/run_selected_observable_cost_accounting.py,41b7df5cf47907327ff1460ceb2927b9e17ed0cbc780bf54fbe879ef18ad2b42,41b7df5cf47907327ff1460ceb2927b9e17ed0cbc780bf54fbe879ef18ad2b42,145,identical,byte-identical to curated source
scripts/run_selected_observable_qsvt_demo.py,scripts/run_selected_observable_qsvt_demo.py,086b81125208fb82bd3b7f953cb4eb635caf1a7173b758bbb16e2eac6ca7e96a,086b81125208fb82bd3b7f953cb4eb635caf1a7173b758bbb16e2eac6ca7e96a,233,identical,byte-identical to curated source
scripts/run_selected_observable_readout.py,scripts/run_selected_observable_readout.py,0c4814c47019f589e7db0d5723b95906471a4717f0caa9052b1f7cfb39af90df,0c4814c47019f589e7db0d5723b95906471a4717f0caa9052b1f7cfb39af90df,149,identical,byte-identical to curated source
scripts/run_selected_observable_workload.py,scripts/run_selected_observable_workload.py,973ef1241fe7c88ee7e2a3c3cf4aa9d3888342764254b8772fee068282ba6a52,973ef1241fe7c88ee7e2a3c3cf4aa9d3888342764254b8772fee068282ba6a52,236,identical,byte-identical to curated source
scripts/run_selected_workload_extension.py,scripts/run_selected_workload_extension.py,7179bc31a946ddfda0eec74aec85745b0a810fc41a726ce0ad4a206974dedc23,7179bc31a946ddfda0eec74aec85745b0a810fc41a726ce0ad4a206974dedc23,245,identical,byte-identical to curated source
scripts/run_signed_readout_diagnostic.py,scripts/run_signed_readout_diagnostic.py,3a543ad7c129825bd3a59dc8313bc8b40791e400fa3d7b7fb92cd0b6f37f6d66,3a543ad7c129825bd3a59dc8313bc8b40791e400fa3d7b7fb92cd0b6f37f6d66,146,identical,byte-identical to curated source
scripts/run_sketched_classical_baseline.py,scripts/run_sketched_classical_baseline.py,0a04342e14f46a9c0604d6981353307252d421eccd7ebff4d19cb76e38e4782c,0a04342e14f46a9c0604d6981353307252d421eccd7ebff4d19cb76e38e4782c,9495,identical,byte-identical to curated source
scripts/run_smoke_test.py,scripts/run_smoke_test.py,f806ebdbc99cbcc61fa3b6456abdd38c13995ecce53d5ae53498e97ea5bac947,f806ebdbc99cbcc61fa3b6456abdd38c13995ecce53d5ae53498e97ea5bac947,3211,identical,byte-identical to curated source
scripts/run_sparse_access_workload.py,scripts/run_sparse_access_workload.py,64d56a383f1407a5c2eaabc5b694af7c4c2caced3a99c8b48ef35f0389b4d0da,64d56a383f1407a5c2eaabc5b694af7c4c2caced3a99c8b48ef35f0389b4d0da,143,identical,byte-identical to curated source
scripts/run_sparse_block_encoding_wrapper_demo.py,scripts/run_sparse_block_encoding_wrapper_demo.py,86e87029388cdf8ba2fca87906606705715db935ace8aa4d5e9e4eb732af8ae7,86e87029388cdf8ba2fca87906606705715db935ace8aa4d5e9e4eb732af8ae7,242,identical,byte-identical to curated source
scripts/run_sparse_error_precision_study.py,scripts/run_sparse_error_precision_study.py,1b1c0a1bc63b433fcac8bbb010c8a84fcd757fe9b1d6d3fd2a4ca4cd3800fcf0,1b1c0a1bc63b433fcac8bbb010c8a84fcd757fe9b1d6d3fd2a4ca4cd3800fcf0,2413,identical,byte-identical to curated source
scripts/run_sparse_integrated_chain.py,scripts/run_sparse_integrated_chain.py,52d13815f26f816ebf99b5cd248471c092ca4e77ef1f748d6fbcc7049a47a153,52d13815f26f816ebf99b5cd248471c092ca4e77ef1f748d6fbcc7049a47a153,1425,identical,byte-identical to curated source
scripts/run_sparse_quantization_error_report.py,scripts/run_sparse_quantization_error_report.py,a4c63de19c91a9b0f3c5922845acf9ba6d26772860752320ef0540faffeac16d,a4c63de19c91a9b0f3c5922845acf9ba6d26772860752320ef0540faffeac16d,447,identical,byte-identical to curated source
scripts/run_toy_sparse_oracle_gate_demo.py,scripts/run_toy_sparse_oracle_gate_demo.py,0f677a7e1e59cec7f2794306b1d554c43945c25ef0728038a320e975d77a5cd7,0f677a7e1e59cec7f2794306b1d554c43945c25ef0728038a320e975d77a5cd7,1231,identical,byte-identical to curated source
scripts/run_tqe_claim_boundary_audit.py,scripts/run_tqe_claim_boundary_audit.py,b5efdcd009823d0df636d0ceafc9e4d0b9b5b284f6cbfe025cdf3c77bbd3a9fb,b5efdcd009823d0df636d0ceafc9e4d0b9b5b284f6cbfe025cdf3c77bbd3a9fb,354,identical,byte-identical to curated source
scripts/run_tqe_closed_loop_nonlinear_update.py,scripts/run_tqe_closed_loop_nonlinear_update.py,a2c9d9276662039feddf6a95a57b065cbfcbe13ea2df1f4b4b4741bebdad69be,a2c9d9276662039feddf6a95a57b065cbfcbe13ea2df1f4b4b4741bebdad69be,968,identical,byte-identical to curated source
scripts/run_tqe_degree_lambda_error_scaling.py,scripts/run_tqe_degree_lambda_error_scaling.py,ca044a392b5d9fa96ba4debf36fd9841b8bd23151d8073259a80e2faacee862a,ca044a392b5d9fa96ba4debf36fd9841b8bd23151d8073259a80e2faacee862a,2073,identical,byte-identical to curated source
scripts/run_tqe_evidence_triage.py,scripts/run_tqe_evidence_triage.py,149c6196dc3ce87e1c1f8a2ac01ca00997b903133ab8e736ecb79328d70bf83b,149c6196dc3ce87e1c1f8a2ac01ca00997b903133ab8e736ecb79328d70bf83b,349,identical,byte-identical to curated source
scripts/run_tqe_implementation_revision.py,scripts/run_tqe_implementation_revision.py,10be7545c47edd331dc294c2409c04d61a3c371879da4fc2348dcbfec63f8c02,10be7545c47edd331dc294c2409c04d61a3c371879da4fc2348dcbfec63f8c02,206,identical,byte-identical to curated source
scripts/run_tqe_measurement_row_sparsification.py,scripts/run_tqe_measurement_row_sparsification.py,1d52cfc856475b4a0f2ef9c4bd0ca1c6d3d4312690d1437daeacb4319d9c0f71,1d52cfc856475b4a0f2ef9c4bd0ca1c6d3d4312690d1437daeacb4319d9c0f71,964,identical,byte-identical to curated source
scripts/run_tqe_nonlinear_qsvt_circuit_loop.py,scripts/run_tqe_nonlinear_qsvt_circuit_loop.py,f26574bd4bf0637003de31dde11967f495cab8832ab582061a2170b57de55122,f26574bd4bf0637003de31dde11967f495cab8832ab582061a2170b57de55122,974,identical,byte-identical to curated source
scripts/run_tqe_physical_alignment.py,scripts/run_tqe_physical_alignment.py,f9138360297395cbd2f7c65ce84311fee52226293d6060797cecc48d1936b90e,f9138360297395cbd2f7c65ce84311fee52226293d6060797cecc48d1936b90e,2580,identical,byte-identical to curated source
scripts/run_tqe_qsvt_circuit_level_block_encoding.py,scripts/run_tqe_qsvt_circuit_level_block_encoding.py,c92615e523b00bc777437cfbb097e40ec27b7280b8390ee0f350f279c8f02585,c92615e523b00bc777437cfbb097e40ec27b7280b8390ee0f350f279c8f02585,362,identical,byte-identical to curated source
scripts/run_tqe_qsvt_degree_alpha_precision_sweep.py,scripts/run_tqe_qsvt_degree_alpha_precision_sweep.py,096f6a206d02ef11821d8ff53733108c519a48015de0fd75ce051cedaed84bc9,096f6a206d02ef11821d8ff53733108c519a48015de0fd75ce051cedaed84bc9,362,identical,byte-identical to curated source
scripts/run_tqe_qsvt_end_to_end_qsvt_vs_ridge.py,scripts/run_tqe_qsvt_end_to_end_qsvt_vs_ridge.py,57f75aec9a81c80eae18a220820c401b3af4305e7db63c922167255942aaa887,57f75aec9a81c80eae18a220820c401b3af4305e7db63c922167255942aaa887,358,identical,byte-identical to curated source
scripts/run_tqe_qsvt_explicit_block_encoding_demo.py,scripts/run_tqe_qsvt_explicit_block_encoding_demo.py,0de0b6909042e0147ecb7d9eed4fd0036e3aba25ad343b3aea42d5477115e65d,0de0b6909042e0147ecb7d9eed4fd0036e3aba25ad343b3aea42d5477115e65d,362,identical,byte-identical to curated source
scripts/run_tqe_qsvt_final_robustness_audits.py,scripts/run_tqe_qsvt_final_robustness_audits.py,e89fc94f21d5cf3a6e55bb2fe577c56a999654bc2b04429a78577350aa7bfa1a,e89fc94f21d5cf3a6e55bb2fe577c56a999654bc2b04429a78577350aa7bfa1a,357,identical,byte-identical to curated source
scripts/run_tqe_qsvt_full_gate_level_degree_remediation.py,scripts/run_tqe_qsvt_full_gate_level_degree_remediation.py,98fe057abaa3f5d54b254f4f1e22e8fc981f21d0d3b495fb440975d521497deb,98fe057abaa3f5d54b254f4f1e22e8fc981f21d0d3b495fb440975d521497deb,391,identical,byte-identical to curated source
scripts/run_tqe_qsvt_full_gate_level_qsvt_coverage.py,scripts/run_tqe_qsvt_full_gate_level_qsvt_coverage.py,935c9636ce9db9d0f5262ba7b16c8c0cc03148bc5591cf3e33de2064a9c436ef,935c9636ce9db9d0f5262ba7b16c8c0cc03148bc5591cf3e33de2064a9c436ef,363,identical,byte-identical to curated source
scripts/run_tqe_qsvt_integrated_small_qsvt_circuit.py,scripts/run_tqe_qsvt_integrated_small_qsvt_circuit.py,1f93a46b8120298e3a01fc2ac197b0c10ff43785c86415ecde5cf8614dcc5732,1f93a46b8120298e3a01fc2ac197b0c10ff43785c86415ecde5cf8614dcc5732,363,identical,byte-identical to curated source
scripts/run_tqe_qsvt_nonlinear_ac_per_iteration_feasibility.py,scripts/run_tqe_qsvt_nonlinear_ac_per_iteration_feasibility.py,bb250b9ee605b69dcb0840af127dcb7341ec4a440abbbc87e5522a3501a05c35,bb250b9ee605b69dcb0840af127dcb7341ec4a440abbbc87e5522a3501a05c35,395,identical,byte-identical to curated source
scripts/run_tqe_qsvt_observable_first_readout.py,scripts/run_tqe_qsvt_observable_first_readout.py,a483ee44b5a7b67ac345ec9d7741d4675dfe7e563cf4fddbd5c7fe1b9ac40f66,a483ee44b5a7b67ac345ec9d7741d4675dfe7e563cf4fddbd5c7fe1b9ac40f66,358,identical,byte-identical to curated source
scripts/run_tqe_qsvt_phase_synthesis_8x8_rescue.py,scripts/run_tqe_qsvt_phase_synthesis_8x8_rescue.py,7bf2f28b20633686905087ab9912c52fd1c6023e222a218e9dd37fe02bfa659f,7bf2f28b20633686905087ab9912c52fd1c6023e222a218e9dd37fe02bfa659f,405,identical,byte-identical to curated source
scripts/run_tqe_qsvt_sparse_oracle_block_encoding_model.py,scripts/run_tqe_qsvt_sparse_oracle_block_encoding_model.py,5ba6d787d66c9ca2cf9ff7fdd90aa029b4412be7a202c25ab6b8ce6f7ee33fbf,5ba6d787d66c9ca2cf9ff7fdd90aa029b4412be7a202c25ab6b8ce6f7ee33fbf,391,identical,byte-identical to curated source
scripts/run_tqe_revision_conditioning_boundary.py,scripts/run_tqe_revision_conditioning_boundary.py,ec02864d93de56510b35df5218ea3b3c530fec684d72a3d87b7c1ee26b66ff93,ec02864d93de56510b35df5218ea3b3c530fec684d72a3d87b7c1ee26b66ff93,283,identical,byte-identical to curated source
scripts/run_tqe_revision_evidence.py,scripts/run_tqe_revision_evidence.py,3d22ce704ecb6a0781e67ec6e6a726dd7318436752aa3725667884dea166502f,3d22ce704ecb6a0781e67ec6e6a726dd7318436752aa3725667884dea166502f,148,identical,byte-identical to curated source
scripts/run_tqe_revision_evidence_audit.py,scripts/run_tqe_revision_evidence_audit.py,704f1a31496012387d00a9cbaa01db936ad74548ac3e93173ec31075fb06307b,704f1a31496012387d00a9cbaa01db936ad74548ac3e93173ec31075fb06307b,148,identical,byte-identical to curated source
scripts/run_tqe_revision_readout_statistics.py,scripts/run_tqe_revision_readout_statistics.py,eaa9d4db51266a7bcc6a6cc56f074cf90c5005d093d3dbf00cf021db3802b7da,eaa9d4db51266a7bcc6a6cc56f074cf90c5005d093d3dbf00cf021db3802b7da,272,identical,byte-identical to curated source
scripts/run_tqe_revision_resource_ledger.py,scripts/run_tqe_revision_resource_ledger.py,815cf65b6812167b5984c1949dc40b9e45a9ea6ea8c8f9fc70732f06c05d6340,815cf65b6812167b5984c1949dc40b9e45a9ea6ea8c8f9fc70732f06c05d6340,272,identical,byte-identical to curated source
scripts/run_tqe_revision_sparse_oracle_demo.py,scripts/run_tqe_revision_sparse_oracle_demo.py,42e6fc1e742dec30e14c1a94afb7a02b2c0803517853052748546f7cf7121de5,42e6fc1e742dec30e14c1a94afb7a02b2c0803517853052748546f7cf7121de5,261,identical,byte-identical to curated source
scripts/tier_qsvt_evidence.py,scripts/tier_qsvt_evidence.py,e949b49cd416452dbbe36292b5967d4b2803025048f32d0e50de8739d37a1047,e949b49cd416452dbbe36292b5967d4b2803025048f32d0e50de8739d37a1047,229,identical,byte-identical to curated source
scripts/validate_outputs.py,scripts/validate_outputs.py,a98e3b0d71073ce01d725beed31685e812a8b55d1cda5525033b14c862416e29,35e472e62d1d9fe5bb7ab980bfc3097bb5d054eabbdf53f310c5aad503843c29,11094,modified_code_hygiene,privacy: accepts config_resolved.omission.json for the five withheld machine-local snapshots
scripts/validate_qsvt_matrix_action_high_degree.py,scripts/validate_qsvt_matrix_action_high_degree.py,26add010045569f1aed1d91913fa80068525f9ae1cfd23a58a83cee62e004d7e,26add010045569f1aed1d91913fa80068525f9ae1cfd23a58a83cee62e004d7e,4395,identical,byte-identical to curated source
scripts/validate_reproduction.py,scripts/validate_reproduction.py,ffc8b60e265eff99043b3cb0fd14d94c65b486e4fa8178e95c0f6cac517b37cb,ffc8b60e265eff99043b3cb0fd14d94c65b486e4fa8178e95c0f6cac517b37cb,10652,identical,byte-identical to curated source
scripts/wp_a_normalization_audit.py,scripts/wp_a_normalization_audit.py,6aebbb528f8d65cd7fd1c8d3315e14a4a37e836abe86b28dcb53a4ea51d5f59d,6aebbb528f8d65cd7fd1c8d3315e14a4a37e836abe86b28dcb53a4ea51d5f59d,4699,identical,byte-identical to curated source
scripts/wp_c_optimization_phase_route.py,scripts/wp_c_optimization_phase_route.py,743e920e80695e1b17a1fdfc255036a3d4bb2c1d67d482c492e5d80c9b9cdb43,743e920e80695e1b17a1fdfc255036a3d4bb2c1d67d482c492e5d80c9b9cdb43,4558,identical,byte-identical to curated source
scripts/wp_c_phase_refinement_sweep.py,scripts/wp_c_phase_refinement_sweep.py,cc36c3835eccaae256af642b74e17a24f06c4498bdfe0a18345265960675d9e8,cc36c3835eccaae256af642b74e17a24f06c4498bdfe0a18345265960675d9e8,4768,identical,byte-identical to curated source
src/robust_qsvt/__init__.py,src/robust_qsvt/__init__.py,119fcac0380de8840b997b53f8e6a8145d9f143611fbbfce3556cdc5af5c8dd0,119fcac0380de8840b997b53f8e6a8145d9f143611fbbfce3556cdc5af5c8dd0,58,identical,byte-identical to curated source
src/robust_qsvt/experiments/__init__.py,src/robust_qsvt/experiments/__init__.py,d7de64f42c2a2b23d2f4df1aa35fdbace10d55f64c28a7df3a681303f1b2f47a,d7de64f42c2a2b23d2f4df1aa35fdbace10d55f64c28a7df3a681303f1b2f47a,45,identical,byte-identical to curated source
src/robust_qsvt/experiments/run_benchmark.py,src/robust_qsvt/experiments/run_benchmark.py,e2f8ebfb6e4d988167abfac4359f04aef3bc4ee98754a658f6b065a2bc34a7ad,e2f8ebfb6e4d988167abfac4359f04aef3bc4ee98754a658f6b065a2bc34a7ad,126,identical,byte-identical to curated source
src/robust_qsvt_se/__init__.py,src/robust_qsvt_se/__init__.py,557c15f9f8fce2ce155b44ef175a69207b4b950bbdbdbfeb50d34f2ab4a5d5a2,557c15f9f8fce2ce155b44ef175a69207b4b950bbdbdbfeb50d34f2ab4a5d5a2,87,identical,byte-identical to curated source
src/robust_qsvt_se/cli/__init__.py,src/robust_qsvt_se/cli/__init__.py,6b3ca07563f59ac62e6b66bd29ae8d89472a3a3dbe5b1faa8dc88600d9c3cf66,6b3ca07563f59ac62e6b66bd29ae8d89472a3a3dbe5b1faa8dc88600d9c3cf66,33,identical,byte-identical to curated source
src/robust_qsvt_se/cli/build_paper_ready_results.py,src/robust_qsvt_se/cli/build_paper_ready_results.py,8ef93d5543f7a81c0202a0d2630c56d1330d114cb19cab558b9aec2362bde1bd,8ef93d5543f7a81c0202a0d2630c56d1330d114cb19cab558b9aec2362bde1bd,910,identical,byte-identical to curated source
src/robust_qsvt_se/cli/build_report.py,src/robust_qsvt_se/cli/build_report.py,ae10926e77445c9cb3adc6f591b21bdfc6bfb306aa96a4215c412972746cfab6,ae10926e77445c9cb3adc6f591b21bdfc6bfb306aa96a4215c412972746cfab6,831,identical,byte-identical to curated source
src/robust_qsvt_se/cli/run_experiment.py,src/robust_qsvt_se/cli/run_experiment.py,95cd1b1cc8f8e078c312406712411a929a8670781b9b01f53fe2ba35165504a1,95cd1b1cc8f8e078c312406712411a929a8670781b9b01f53fe2ba35165504a1,1262,identical,byte-identical to curated source
src/robust_qsvt_se/cross_case_validation/__init__.py,src/robust_qsvt_se/cross_case_validation/__init__.py,e1418fbe49d5102bc8b47799d02c668280855b6a8dd48b80243b70b8eb94a0cb,e1418fbe49d5102bc8b47799d02c668280855b6a8dd48b80243b70b8eb94a0cb,953,identical,byte-identical to curated source
src/robust_qsvt_se/cross_case_validation/block_size_validity.py,src/robust_qsvt_se/cross_case_validation/block_size_validity.py,7ef9e1eaeb8af2a6f59ede41c37c38fdc2d14b7c97df6d8c1398f69126bbeb10,7ef9e1eaeb8af2a6f59ede41c37c38fdc2d14b7c97df6d8c1398f69126bbeb10,17561,identical,byte-identical to curated source
src/robust_qsvt_se/cross_case_validation/common.py,src/robust_qsvt_se/cross_case_validation/common.py,e57a23910b196af4bac051ba4693d129c3aef064df2007026b00d91e1264020e,e57a23910b196af4bac051ba4693d129c3aef064df2007026b00d91e1264020e,13314,identical,byte-identical to curated source
src/robust_qsvt_se/cross_case_validation/comparison.py,src/robust_qsvt_se/cross_case_validation/comparison.py,381d7c94babc35bde038c963578a7ed107908018c4b6be55e1c53262c0ef4a94,381d7c94babc35bde038c963578a7ed107908018c4b6be55e1c53262c0ef4a94,15675,identical,byte-identical to curated source
src/robust_qsvt_se/cross_case_validation/cross_case.py,src/robust_qsvt_se/cross_case_validation/cross_case.py,7e2e2bfb9b7528cc1e80c67bcdca4fd0cbe4c4db00e8bd2178c35feaa237914b,7e2e2bfb9b7528cc1e80c67bcdca4fd0cbe4c4db00e8bd2178c35feaa237914b,25504,identical,byte-identical to curated source
src/robust_qsvt_se/cross_case_validation/figures.py,src/robust_qsvt_se/cross_case_validation/figures.py,527ba1fc8126dc21757d97805a75d9436039536ecd920cd8b1d8608a50a688e4,527ba1fc8126dc21757d97805a75d9436039536ecd920cd8b1d8608a50a688e4,11418,identical,byte-identical to curated source
src/robust_qsvt_se/cross_case_validation/inventory.py,src/robust_qsvt_se/cross_case_validation/inventory.py,c5a69717497fc1e32aa76025ca6be718a05a40e7eae40ec9ee82202af02ceaaa,c5a69717497fc1e32aa76025ca6be718a05a40e7eae40ec9ee82202af02ceaaa,3987,identical,byte-identical to curated source
src/robust_qsvt_se/cross_case_validation/larger_block.py,src/robust_qsvt_se/cross_case_validation/larger_block.py,9cabf0bfa4c921d5c5b2c58efe385daf18e5738dcbf80c53a0a056bdea911a11,9cabf0bfa4c921d5c5b2c58efe385daf18e5738dcbf80c53a0a056bdea911a11,18651,identical,byte-identical to curated source
src/robust_qsvt_se/cross_case_validation/selector_comparison.py,src/robust_qsvt_se/cross_case_validation/selector_comparison.py,b7b6fb331653890a9d8b28d009d61cff1429c91948e667631ed47ddd598e10fd,b7b6fb331653890a9d8b28d009d61cff1429c91948e667631ed47ddd598e10fd,13389,identical,byte-identical to curated source
src/robust_qsvt_se/cross_case_validation/selectors.py,src/robust_qsvt_se/cross_case_validation/selectors.py,2f3e158e83529a7a7b6f172063033efffc6bcf67ea3daab1ebe1aafb016e56a8,2f3e158e83529a7a7b6f172063033efffc6bcf67ea3daab1ebe1aafb016e56a8,11759,identical,byte-identical to curated source
src/robust_qsvt_se/data/__init__.py,src/robust_qsvt_se/data/__init__.py,f991b65eaa9028b94c84351eb17e806fea90f7c6cd5cd28eeb75464088354443,f991b65eaa9028b94c84351eb17e806fea90f7c6cd5cd28eeb75464088354443,64,identical,byte-identical to curated source
src/robust_qsvt_se/data/cases.py,src/robust_qsvt_se/data/cases.py,132a46375d0bba87df3860299d7637893a968b4989d514980c3dbac91ee4ad5e,132a46375d0bba87df3860299d7637893a968b4989d514980c3dbac91ee4ad5e,8660,identical,byte-identical to curated source
src/robust_qsvt_se/data/real_cases.py,src/robust_qsvt_se/data/real_cases.py,b58d246c94cc1639a93b0cd7acd41c1c2aab9c3b84727bac04fcb575dcc0ec2c,b58d246c94cc1639a93b0cd7acd41c1c2aab9c3b84727bac04fcb575dcc0ec2c,5199,identical,byte-identical to curated source
src/robust_qsvt_se/estimators/__init__.py,src/robust_qsvt_se/estimators/__init__.py,51abf8f6240647ac3115001dbf766830b22360bb0ff8ccea31a89471bbab8189,51abf8f6240647ac3115001dbf766830b22360bb0ff8ccea31a89471bbab8189,65,identical,byte-identical to curated source
src/robust_qsvt_se/estimators/base.py,src/robust_qsvt_se/estimators/base.py,2a1a137ae14074165c56dc2f27e9256a16b8561b5b728724140460add03d68af,2a1a137ae14074165c56dc2f27e9256a16b8561b5b728724140460add03d68af,5024,identical,byte-identical to curated source
src/robust_qsvt_se/estimators/hhl_style_inverse_proxy.py,src/robust_qsvt_se/estimators/hhl_style_inverse_proxy.py,165b22ef7481e9cdc3abe5ff0a3448a348a55770957e621d64a49aea0bd2a4c2,165b22ef7481e9cdc3abe5ff0a3448a348a55770957e621d64a49aea0bd2a4c2,4308,identical,byte-identical to curated source
src/robust_qsvt_se/estimators/huber_irls.py,src/robust_qsvt_se/estimators/huber_irls.py,b57c534b5d5d92ccb99d49c5fe085f4752b68a818266fccedf5ee937736571ae,b57c534b5d5d92ccb99d49c5fe085f4752b68a818266fccedf5ee937736571ae,3995,identical,byte-identical to curated source
src/robust_qsvt_se/estimators/lav.py,src/robust_qsvt_se/estimators/lav.py,7f374062d2934adc3bc4c19b0e38f22129820035155fdc8add8205254f82ba1c,7f374062d2934adc3bc4c19b0e38f22129820035155fdc8add8205254f82ba1c,2137,identical,byte-identical to curated source
src/robust_qsvt_se/estimators/normal_equation_wls.py,src/robust_qsvt_se/estimators/normal_equation_wls.py,6742d1698ad3996d6937945a86f6ae19c8d8add15e7e88e3c295f2e698b6ee7c,6742d1698ad3996d6937945a86f6ae19c8d8add15e7e88e3c295f2e698b6ee7c,3118,identical,byte-identical to curated source
src/robust_qsvt_se/estimators/pseudoinverse.py,src/robust_qsvt_se/estimators/pseudoinverse.py,fbff035bed68f8474e38035e982ac0013234d1a2d92f7657d67266c1f398b546,fbff035bed68f8474e38035e982ac0013234d1a2d92f7657d67266c1f398b546,1095,identical,byte-identical to curated source
src/robust_qsvt_se/estimators/qsvt_spectral.py,src/robust_qsvt_se/estimators/qsvt_spectral.py,877c2d1b0f52ba85ccd562f3e2cf6b3f65c2c2862f23e478e7194ed01a732562,877c2d1b0f52ba85ccd562f3e2cf6b3f65c2c2862f23e478e7194ed01a732562,1140,identical,byte-identical to curated source
src/robust_qsvt_se/estimators/qsvt_unregularized_inverse.py,src/robust_qsvt_se/estimators/qsvt_unregularized_inverse.py,3640ca02c8be8639a46b556abfcdbdeedb3d56257df7bae1a01e55c266ac48bd,3640ca02c8be8639a46b556abfcdbdeedb3d56257df7bae1a01e55c266ac48bd,1625,identical,byte-identical to curated source
src/robust_qsvt_se/estimators/ridge.py,src/robust_qsvt_se/estimators/ridge.py,c5b446cedda966b24d22dcee91e486e22c3ddc5fc44f750b2ca95be60b6095f3,c5b446cedda966b24d22dcee91e486e22c3ddc5fc44f750b2ca95be60b6095f3,914,identical,byte-identical to curated source
src/robust_qsvt_se/estimators/truncated_svd.py,src/robust_qsvt_se/estimators/truncated_svd.py,f2a32263f7c1a58b2ceaa2e75d0a52015cb473614a2545ddb51cd05a827be278,f2a32263f7c1a58b2ceaa2e75d0a52015cb473614a2545ddb51cd05a827be278,1058,identical,byte-identical to curated source
src/robust_qsvt_se/evidence/__init__.py,src/robust_qsvt_se/evidence/__init__.py,1eae5c842c6598ee9f17190d8be9b88e28cf1c1f751a4ffa0cd5bd53892f9a94,1eae5c842c6598ee9f17190d8be9b88e28cf1c1f751a4ffa0cd5bd53892f9a94,252,identical,byte-identical to curated source
src/robust_qsvt_se/evidence/artifact_graph.py,src/robust_qsvt_se/evidence/artifact_graph.py,83730994fc8aa118803e22514ab46fd11575625add9ed5646a59fd23f13dcdf1,83730994fc8aa118803e22514ab46fd11575625add9ed5646a59fd23f13dcdf1,21413,identical,byte-identical to curated source
src/robust_qsvt_se/evidence/canonical_registry.py,src/robust_qsvt_se/evidence/canonical_registry.py,442cb2f1f41c9d53b4c1e48fb82cadc27e8845f91ff5f1a19080350852c0faf5,442cb2f1f41c9d53b4c1e48fb82cadc27e8845f91ff5f1a19080350852c0faf5,121777,identical,byte-identical to curated source
src/robust_qsvt_se/evidence/regularized_conditioning.py,src/robust_qsvt_se/evidence/regularized_conditioning.py,f4dd7f1626f9356ffb5e417f653555113035549b0d761a57964f37cbfeabd787,f4dd7f1626f9356ffb5e417f653555113035549b0d761a57964f37cbfeabd787,22408,identical,byte-identical to curated source
src/robust_qsvt_se/evidence/summary_exports.py,src/robust_qsvt_se/evidence/summary_exports.py,b60b2abe75861723bdd5817897ccd00a90b70e85458738b8c37aa66e05d9ee17,b60b2abe75861723bdd5817897ccd00a90b70e85458738b8c37aa66e05d9ee17,18697,identical,byte-identical to curated source
src/robust_qsvt_se/evidence/tie_diagnostics.py,src/robust_qsvt_se/evidence/tie_diagnostics.py,bd51eec58e3cf0a16c23e584ffac7e78399c3a17841a13edf8826a09d55681b8,bd51eec58e3cf0a16c23e584ffac7e78399c3a17841a13edf8826a09d55681b8,24491,identical,byte-identical to curated source
src/robust_qsvt_se/experiments/__init__.py,src/robust_qsvt_se/experiments/__init__.py,15df14a303d8b6fe6ed36407f0677757de6f26eb73a5aa8c65e47c0b957741a8,15df14a303d8b6fe6ed36407f0677757de6f26eb73a5aa8c65e47c0b957741a8,46,identical,byte-identical to curated source
src/robust_qsvt_se/experiments/checkpointing.py,src/robust_qsvt_se/experiments/checkpointing.py,4abfcda9dc5501364ddd02849500c402ff0e2fa1d3ab67a7fb2e1a096c8dc4b0,4abfcda9dc5501364ddd02849500c402ff0e2fa1d3ab67a7fb2e1a096c8dc4b0,4838,identical,byte-identical to curated source
src/robust_qsvt_se/experiments/iterative_ac.py,src/robust_qsvt_se/experiments/iterative_ac.py,9e6279f94da5c360a120dd24458748e4a456122e007b480f18b017c56e404e4a,9e6279f94da5c360a120dd24458748e4a456122e007b480f18b017c56e404e4a,36245,identical,byte-identical to curated source
src/robust_qsvt_se/experiments/metrics.py,src/robust_qsvt_se/experiments/metrics.py,707da79db5818a7c0c5bdaa2e11e3c3a070914111fda29424313aa5e5fc6e550,707da79db5818a7c0c5bdaa2e11e3c3a070914111fda29424313aa5e5fc6e550,4241,identical,byte-identical to curated source
src/robust_qsvt_se/experiments/paper_ready_results.py,src/robust_qsvt_se/experiments/paper_ready_results.py,86b70fb598032733e42dd2655b3de66623f4ac9cc1c8c39985a6d1d48ce1709a,86b70fb598032733e42dd2655b3de66623f4ac9cc1c8c39985a6d1d48ce1709a,70494,identical,byte-identical to curated source
src/robust_qsvt_se/experiments/report_builder.py,src/robust_qsvt_se/experiments/report_builder.py,8a31c1cb349d7a2f41394df3001c810aecadf14123347205c1bfd4681a166d41,8a31c1cb349d7a2f41394df3001c810aecadf14123347205c1bfd4681a166d41,49164,identical,byte-identical to curated source
src/robust_qsvt_se/experiments/reporting.py,src/robust_qsvt_se/experiments/reporting.py,628bbbb433c5e0e8eaba95cf1fd8542e653d2ae007b1a113d8436160971d5910,628bbbb433c5e0e8eaba95cf1fd8542e653d2ae007b1a113d8436160971d5910,18103,identical,byte-identical to curated source
src/robust_qsvt_se/experiments/run_benchmark.py,src/robust_qsvt_se/experiments/run_benchmark.py,e2f8ebfb6e4d988167abfac4359f04aef3bc4ee98754a658f6b065a2bc34a7ad,e2f8ebfb6e4d988167abfac4359f04aef3bc4ee98754a658f6b065a2bc34a7ad,126,identical,byte-identical to curated source
src/robust_qsvt_se/experiments/runner.py,src/robust_qsvt_se/experiments/runner.py,98c24cbfe5896756eb888976630b2e117ff27d65bd1a848b2f118e0fbe2c34f0,98c24cbfe5896756eb888976630b2e117ff27d65bd1a848b2f118e0fbe2c34f0,6021,identical,byte-identical to curated source
src/robust_qsvt_se/experiments/scenarios.py,src/robust_qsvt_se/experiments/scenarios.py,7f19aa57c7771b696b2f1bffc81207ec7c6c94eeb3e0f90d18aa81b0278b4702,7f19aa57c7771b696b2f1bffc81207ec7c6c94eeb3e0f90d18aa81b0278b4702,4353,identical,byte-identical to curated source
src/robust_qsvt_se/experiments/sweeps.py,src/robust_qsvt_se/experiments/sweeps.py,46fc2f1a340b05384846af3b2dcd8d40016ee58a5fc4d9fbe1b5e3400318c8f7,46fc2f1a340b05384846af3b2dcd8d40016ee58a5fc4d9fbe1b5e3400318c8f7,16255,identical,byte-identical to curated source
src/robust_qsvt_se/experiments/tqe_revision_evidence.py,src/robust_qsvt_se/experiments/tqe_revision_evidence.py,4a55ab9d46aa380038e04de56af519ddfd492e4308c06af1c19c5d8a6b56e98f,4a55ab9d46aa380038e04de56af519ddfd492e4308c06af1c19c5d8a6b56e98f,51305,identical,byte-identical to curated source
src/robust_qsvt_se/generalized/__init__.py,src/robust_qsvt_se/generalized/__init__.py,62b7292361b28506e654b22cf6611383b751c16a82e80c5b985cb84d78b299f6,62b7292361b28506e654b22cf6611383b751c16a82e80c5b985cb84d78b299f6,794,identical,byte-identical to curated source
src/robust_qsvt_se/generalized/convention_api.py,src/robust_qsvt_se/generalized/convention_api.py,0d11cf66778c4ddb53655e90a2cf55222fbbd633d1a2aa2c7ea3018530c89503,0d11cf66778c4ddb53655e90a2cf55222fbbd633d1a2aa2c7ea3018530c89503,10466,identical,byte-identical to curated source
src/robust_qsvt_se/measurement/__init__.py,src/robust_qsvt_se/measurement/__init__.py,100d5fba9c037dfcd62dd6b074745ee7edb3953d621012923d2a7a53939afd3f,100d5fba9c037dfcd62dd6b074745ee7edb3953d621012923d2a7a53939afd3f,64,identical,byte-identical to curated source
src/robust_qsvt_se/measurement/ac_linear.py,src/robust_qsvt_se/measurement/ac_linear.py,94b85cd3997fcd4046eb9b52d5577ff6dd28ce62faec2b12891b28ec88405889,94b85cd3997fcd4046eb9b52d5577ff6dd28ce62faec2b12891b28ec88405889,15122,identical,byte-identical to curated source
src/robust_qsvt_se/measurement/dc_linear.py,src/robust_qsvt_se/measurement/dc_linear.py,3d35e8badf6bc4cf949f105d08e3924c8c96b0f244a4237150970f32a5a4b76f,3d35e8badf6bc4cf949f105d08e3924c8c96b0f244a4237150970f32a5a4b76f,7230,identical,byte-identical to curated source
src/robust_qsvt_se/measurement/linear_system.py,src/robust_qsvt_se/measurement/linear_system.py,15b6e419ba9ab8f99f23de0b4c7bc11d7cfa401070af10c2ba0198556168f479,15b6e419ba9ab8f99f23de0b4c7bc11d7cfa401070af10c2ba0198556168f479,4809,identical,byte-identical to curated source
src/robust_qsvt_se/measurement/perturbations.py,src/robust_qsvt_se/measurement/perturbations.py,28086f29be8b785680d6df56a40be621b69d59741cd1979fd0cd1fbe45c5b040,28086f29be8b785680d6df56a40be621b69d59741cd1979fd0cd1fbe45c5b040,7956,identical,byte-identical to curated source
src/robust_qsvt_se/paper/__init__.py,src/robust_qsvt_se/paper/__init__.py,d7bff3a4ffbc7c73960f1c63d24c10aa6b1b197bddf23a338dfa73bd1030ce15,d7bff3a4ffbc7c73960f1c63d24c10aa6b1b197bddf23a338dfa73bd1030ce15,1256,identical,byte-identical to curated source
src/robust_qsvt_se/paper/_common.py,src/robust_qsvt_se/paper/_common.py,4fe77ead8db7d0fd3d6b413a6b7db371512956ad417abab53122472c00b9df28,4fe77ead8db7d0fd3d6b413a6b7db371512956ad417abab53122472c00b9df28,4481,identical,byte-identical to curated source
src/robust_qsvt_se/paper/_estimation.py,src/robust_qsvt_se/paper/_estimation.py,ecd73d4221adaaf9f21cd9c8e4f607b9b8e7c64660a642a53625d62c13723ad2,ecd73d4221adaaf9f21cd9c8e4f607b9b8e7c64660a642a53625d62c13723ad2,15738,identical,byte-identical to curated source
src/robust_qsvt_se/paper/alpha_sensitivity_consolidation.py,src/robust_qsvt_se/paper/alpha_sensitivity_consolidation.py,422ef1069d8cd36ae5861f5b85a27f55e0b2fb65e22c6ad205d9a55269b62334,422ef1069d8cd36ae5861f5b85a27f55e0b2fb65e22c6ad205d9a55269b62334,27683,identical,byte-identical to curated source
src/robust_qsvt_se/paper/baseline_coverage_extension.py,src/robust_qsvt_se/paper/baseline_coverage_extension.py,7cbc3c2b820a1204c543ab15bf39ced170cde9dbece11e32fc7fc166db75c598,7cbc3c2b820a1204c543ab15bf39ced170cde9dbece11e32fc7fc166db75c598,13729,identical,byte-identical to curated source
src/robust_qsvt_se/paper/canonical_paper_numbers.py,src/robust_qsvt_se/paper/canonical_paper_numbers.py,28f24d9cb141e2dacbc137b3cc01e5b566b57b8a8de9d7288586255a9878cede,28f24d9cb141e2dacbc137b3cc01e5b566b57b8a8de9d7288586255a9878cede,47112,identical,byte-identical to curated source
src/robust_qsvt_se/paper/circuit_signed_readout.py,src/robust_qsvt_se/paper/circuit_signed_readout.py,2d64a0a8e7b5441ccf6a6dffd204e0ea4e35ce191fc0aedc63aa21933e0da4d8,2d64a0a8e7b5441ccf6a6dffd204e0ea4e35ce191fc0aedc63aa21933e0da4d8,10276,identical,byte-identical to curated source
src/robust_qsvt_se/paper/claim_boundary_writer.py,src/robust_qsvt_se/paper/claim_boundary_writer.py,e58166d4f220b977f5e69e857ffb85d61b312899253ff9e1f8785607afe8ad4c,e58166d4f220b977f5e69e857ffb85d61b312899253ff9e1f8785607afe8ad4c,7071,identical,byte-identical to curated source
src/robust_qsvt_se/paper/claim_lint.py,src/robust_qsvt_se/paper/claim_lint.py,96ceb694e8d8a75aa21835004cd5f89d184912cb2fba33b9bb46d247519810cc,96ceb694e8d8a75aa21835004cd5f89d184912cb2fba33b9bb46d247519810cc,10956,identical,byte-identical to curated source
src/robust_qsvt_se/paper/classical_audit_recheck.py,src/robust_qsvt_se/paper/classical_audit_recheck.py,c657da61f88b07edbdfcd3b5464537185a94de385fddecc38db479d081a14d88,c657da61f88b07edbdfcd3b5464537185a94de385fddecc38db479d081a14d88,20289,identical,byte-identical to curated source
src/robust_qsvt_se/paper/classical_selected_observable_baseline.py,src/robust_qsvt_se/paper/classical_selected_observable_baseline.py,7b609e7284d9f49b494094cb26349a5fcc709a0a8fed1163ed38dacf117debdf,7b609e7284d9f49b494094cb26349a5fcc709a0a8fed1163ed38dacf117debdf,24138,identical,byte-identical to curated source
src/robust_qsvt_se/paper/classical_spectral_filtering_audit.py,src/robust_qsvt_se/paper/classical_spectral_filtering_audit.py,d4b330906d73fe54f008947c717ba4be9d384a23521e88c020f5bfbe51c26dbf,d4b330906d73fe54f008947c717ba4be9d384a23521e88c020f5bfbe51c26dbf,24611,identical,byte-identical to curated source
src/robust_qsvt_se/paper/compound_structured_stress.py,src/robust_qsvt_se/paper/compound_structured_stress.py,7b5bb94c4e6f556dc374b719ee9b237d56a998acb727b60cbba7326b55fc5e60,7b5bb94c4e6f556dc374b719ee9b237d56a998acb727b60cbba7326b55fc5e60,20497,identical,byte-identical to curated source
src/robust_qsvt_se/paper/degree_aware_alpha.py,src/robust_qsvt_se/paper/degree_aware_alpha.py,bc5ecef212262c9bb0addf91b31e2d7924cf1208a53cd37c2c4edbbd5f72d717,bc5ecef212262c9bb0addf91b31e2d7924cf1208a53cd37c2c4edbbd5f72d717,30466,identical,byte-identical to curated source
src/robust_qsvt_se/paper/evidence_freeze.py,src/robust_qsvt_se/paper/evidence_freeze.py,6fa9c661071d8edc0666ff42c94c7484d4d25149a145b25a655e9c9c8baed198,6fa9c661071d8edc0666ff42c94c7484d4d25149a145b25a655e9c9c8baed198,13518,identical,byte-identical to curated source
src/robust_qsvt_se/paper/final_artifact_validator.py,src/robust_qsvt_se/paper/final_artifact_validator.py,2482be628daf7806c3badbc75fb683a282875f438017bde4c87067007ca3dd0a,2482be628daf7806c3badbc75fb683a282875f438017bde4c87067007ca3dd0a,48586,identical,byte-identical to curated source
src/robust_qsvt_se/paper/final_statistical_aggregation.py,src/robust_qsvt_se/paper/final_statistical_aggregation.py,2bb54d75d0ac637874dd55f71bbe9a366011348e1bc47f8c33cd223a929b89f4,2bb54d75d0ac637874dd55f71bbe9a366011348e1bc47f8c33cd223a929b89f4,20442,identical,byte-identical to curated source
src/robust_qsvt_se/paper/full_alpha_sweep_classical.py,src/robust_qsvt_se/paper/full_alpha_sweep_classical.py,c0dd8b741621f8c3800ff4ef775549a6a3713de6e5f16da8e591af60a57d739c,c0dd8b741621f8c3800ff4ef775549a6a3713de6e5f16da8e591af60a57d739c,20719,identical,byte-identical to curated source
src/robust_qsvt_se/paper/full_repo_evidence_audit.py,src/robust_qsvt_se/paper/full_repo_evidence_audit.py,1ee60f5e17fa7f4bb07e8618657299c8ff662d505396f7fa7695bb2df6edc7cd,1ee60f5e17fa7f4bb07e8618657299c8ff662d505396f7fa7695bb2df6edc7cd,93099,identical,byte-identical to curated source
src/robust_qsvt_se/paper/full_vector_readout.py,src/robust_qsvt_se/paper/full_vector_readout.py,7413749d456111acf5b5ea9585809ea8d9cd388890ffb61192b361b09b5fe7ea,7413749d456111acf5b5ea9585809ea8d9cd388890ffb61192b361b09b5fe7ea,118842,identical,byte-identical to curated source
src/robust_qsvt_se/paper/gap_closing_audit.py,src/robust_qsvt_se/paper/gap_closing_audit.py,2f64431b8ed2ea5c4bc669d7df812fd22ca327a599ba2025fdd9341e8ec7025a,2f64431b8ed2ea5c4bc669d7df812fd22ca327a599ba2025fdd9341e8ec7025a,15519,identical,byte-identical to curated source
src/robust_qsvt_se/paper/ieee300_runtime_extension.py,src/robust_qsvt_se/paper/ieee300_runtime_extension.py,8dc203573cde62a846e5a4852cfc9329212f3d2a3f08dce7112088a5b5b3a053,8dc203573cde62a846e5a4852cfc9329212f3d2a3f08dce7112088a5b5b3a053,16432,identical,byte-identical to curated source
src/robust_qsvt_se/paper/ieee_qsvt_pipeline_boundary.py,src/robust_qsvt_se/paper/ieee_qsvt_pipeline_boundary.py,969b8f32e05ac4cfe128d34398051d7bd77284f6e8b159128b1939ca5f0b0981,969b8f32e05ac4cfe128d34398051d7bd77284f6e8b159128b1939ca5f0b0981,52074,identical,byte-identical to curated source
src/robust_qsvt_se/paper/initializer_ablation.py,src/robust_qsvt_se/paper/initializer_ablation.py,41978aa62f2a0ecec688783b14ea82099ed73bb2bd8ba9d9bec5b2461042437e,41978aa62f2a0ecec688783b14ea82099ed73bb2bd8ba9d9bec5b2461042437e,27321,identical,byte-identical to curated source
src/robust_qsvt_se/paper/integrated_small_selected_readout.py,src/robust_qsvt_se/paper/integrated_small_selected_readout.py,4a54ec7a2d137701d30b27d558821af645ecaf5881e430e97d7f84786a2af096,4a54ec7a2d137701d30b27d558821af645ecaf5881e430e97d7f84786a2af096,6391,identical,byte-identical to curated source
src/robust_qsvt_se/paper/jacobian_validation.py,src/robust_qsvt_se/paper/jacobian_validation.py,c1fa1fc56af5e558cd0d4f349ab19bf0f2a0689ade80fc297217a930d8daa03c,c1fa1fc56af5e558cd0d4f349ab19bf0f2a0689ade80fc297217a930d8daa03c,33062,identical,byte-identical to curated source
src/robust_qsvt_se/paper/measurement_inventory_tables.py,src/robust_qsvt_se/paper/measurement_inventory_tables.py,2f27982a52f63a1455caf65cb5397c1f01a194c016115cb82dba93c85886a289,2f27982a52f63a1455caf65cb5397c1f01a194c016115cb82dba93c85886a289,16303,identical,byte-identical to curated source
src/robust_qsvt_se/paper/measurement_row_metadata_audit.py,src/robust_qsvt_se/paper/measurement_row_metadata_audit.py,06626db51f9ec037af66d88ec5810147371a1e2ca8105b8a9d2beda4f5aea6ac,06626db51f9ec037af66d88ec5810147371a1e2ca8105b8a9d2beda4f5aea6ac,28994,identical,byte-identical to curated source
src/robust_qsvt_se/paper/measurement_type_ablation.py,src/robust_qsvt_se/paper/measurement_type_ablation.py,208a32c6d0d73f1f6400f4e5f4825a539e04ceec2e3f5448413002541e828850,208a32c6d0d73f1f6400f4e5f4825a539e04ceec2e3f5448413002541e828850,20805,identical,byte-identical to curated source
src/robust_qsvt_se/paper/metric_definitions.py,src/robust_qsvt_se/paper/metric_definitions.py,c80237fbe58605722a1b40af38a3cf6126e19e59f44c5ade93a9927c5d213aa8,c80237fbe58605722a1b40af38a3cf6126e19e59f44c5ade93a9927c5d213aa8,13950,identical,byte-identical to curated source
src/robust_qsvt_se/paper/nonlinear_ac_alpha_stress.py,src/robust_qsvt_se/paper/nonlinear_ac_alpha_stress.py,211ed8fadf924219884c38cf6551a8ed4de6b152348be1a55ff7766f078d3d97,211ed8fadf924219884c38cf6551a8ed4de6b152348be1a55ff7766f078d3d97,23028,identical,byte-identical to curated source
src/robust_qsvt_se/paper/nonlinear_ac_consolidation.py,src/robust_qsvt_se/paper/nonlinear_ac_consolidation.py,a5d7e2fe6c476894af4f29c81284185be4e59e7c0f953f341d781ab8b1f236d3,a5d7e2fe6c476894af4f29c81284185be4e59e7c0f953f341d781ab8b1f236d3,23052,identical,byte-identical to curated source
src/robust_qsvt_se/paper/nonlinear_logging_refresh.py,src/robust_qsvt_se/paper/nonlinear_logging_refresh.py,164cde16e382efc7502cbb763fff749d15499b89b353eef78e8a8c597e866116,164cde16e382efc7502cbb763fff749d15499b89b353eef78e8a8c597e866116,14642,identical,byte-identical to curated source
src/robust_qsvt_se/paper/nonlinear_trajectory_extraction.py,src/robust_qsvt_se/paper/nonlinear_trajectory_extraction.py,8f02c0ff5ebb0a07bc4dd693d094db00f56889fec43931b1e70d323b4d5ffddb,8f02c0ff5ebb0a07bc4dd693d094db00f56889fec43931b1e70d323b4d5ffddb,12198,identical,byte-identical to curated source
src/robust_qsvt_se/paper/phase10_common.py,src/robust_qsvt_se/paper/phase10_common.py,0a384df2226e2a885c4d4cd13fa6247556ac02bad53ebea4565d724e1243b00c,0a384df2226e2a885c4d4cd13fa6247556ac02bad53ebea4565d724e1243b00c,5847,identical,byte-identical to curated source
src/robust_qsvt_se/paper/phase10_full_rectangular_qsvt.py,src/robust_qsvt_se/paper/phase10_full_rectangular_qsvt.py,a3dfc8d2bb25fb319359e437c5e73868fc132981f6999ea26203bf239bd0f7b9,a3dfc8d2bb25fb319359e437c5e73868fc132981f6999ea26203bf239bd0f7b9,39180,identical,byte-identical to curated source
src/robust_qsvt_se/paper/phase10_implementation_completion.py,src/robust_qsvt_se/paper/phase10_implementation_completion.py,1ba01b6079dd7d27ace099965cfb4d00f69dfdf95e23c921277c5934307a774d,1ba01b6079dd7d27ace099965cfb4d00f69dfdf95e23c921277c5934307a774d,14088,identical,byte-identical to curated source
src/robust_qsvt_se/paper/phase10_nonlinear_qsvt_loop.py,src/robust_qsvt_se/paper/phase10_nonlinear_qsvt_loop.py,e508091b81b5678ec6be8b710b78da0894bc6390425e24db3247c6cbe0d819f1,e508091b81b5678ec6be8b710b78da0894bc6390425e24db3247c6cbe0d819f1,28968,identical,byte-identical to curated source
src/robust_qsvt_se/paper/phase10_residual_loading.py,src/robust_qsvt_se/paper/phase10_residual_loading.py,74a9a3460d604444e66ce7c9eaf13189450d727e09977f49071bcede3bc16414,74a9a3460d604444e66ce7c9eaf13189450d727e09977f49071bcede3bc16414,30173,identical,byte-identical to curated source
src/robust_qsvt_se/paper/phase10_resource_ledger.py,src/robust_qsvt_se/paper/phase10_resource_ledger.py,14c784e172c773eabc56c498e5bdd5db33601dd15741642611fbf8cd8d066aec,14c784e172c773eabc56c498e5bdd5db33601dd15741642611fbf8cd8d066aec,29064,identical,byte-identical to curated source
src/robust_qsvt_se/paper/phase10_sparse_wrapper_8x8_complete.py,src/robust_qsvt_se/paper/phase10_sparse_wrapper_8x8_complete.py,5440265a41122fa51404840464f8632d876c553197faacbe83d12ede32bdb134,5440265a41122fa51404840464f8632d876c553197faacbe83d12ede32bdb134,37687,identical,byte-identical to curated source
src/robust_qsvt_se/paper/phase2_qsvt_boundary.py,src/robust_qsvt_se/paper/phase2_qsvt_boundary.py,bc6df91f33937a3fe1078d974b05b9db5135b8c594551dc9a401ab448a22bf3a,bc6df91f33937a3fe1078d974b05b9db5135b8c594551dc9a401ab448a22bf3a,38001,identical,byte-identical to curated source
src/robust_qsvt_se/paper/phase3_resource_reproducibility.py,src/robust_qsvt_se/paper/phase3_resource_reproducibility.py,a95a84dc025f1e1a5b3371009a7bcc90d37bf69dcfba42e26d2de7447d9b4453,a95a84dc025f1e1a5b3371009a7bcc90d37bf69dcfba42e26d2de7447d9b4453,54631,identical,byte-identical to curated source
src/robust_qsvt_se/paper/phase8_bridge_characterization.py,src/robust_qsvt_se/paper/phase8_bridge_characterization.py,39c68ed9e1c57cf28185142dfa98ae6063e8a4f34c8e18e30dc86e90e312765e,39c68ed9e1c57cf28185142dfa98ae6063e8a4f34c8e18e30dc86e90e312765e,29677,identical,byte-identical to curated source
src/robust_qsvt_se/paper/phase8_integrated_readout.py,src/robust_qsvt_se/paper/phase8_integrated_readout.py,d1ade1a26102f25aa3c15c205e38d90f0e990c5d81c61050c44f97666d991ef6,d1ade1a26102f25aa3c15c205e38d90f0e990c5d81c61050c44f97666d991ef6,51152,identical,byte-identical to curated source
src/robust_qsvt_se/paper/phase9_bridge_leakage_aware.py,src/robust_qsvt_se/paper/phase9_bridge_leakage_aware.py,070a5255201dc6d924af68e61fa131381b576288e082b6b0ff0906e3366fcb4f,070a5255201dc6d924af68e61fa131381b576288e082b6b0ff0906e3366fcb4f,20976,identical,byte-identical to curated source
src/robust_qsvt_se/paper/phase9_integrated_8x8_readout.py,src/robust_qsvt_se/paper/phase9_integrated_8x8_readout.py,da489cbd392e671dafda1ab9a0f20162513750bd3c92c40d9ef90938dc1d6e5f,da489cbd392e671dafda1ab9a0f20162513750bd3c92c40d9ef90938dc1d6e5f,38539,identical,byte-identical to curated source
src/robust_qsvt_se/paper/phase9_lambda_tradeoff.py,src/robust_qsvt_se/paper/phase9_lambda_tradeoff.py,03285cc80742c0d49a335f428abd4c833ecbeae5a8f51accd7d7855aedc1e12c,03285cc80742c0d49a335f428abd4c833ecbeae5a8f51accd7d7855aedc1e12c,25379,identical,byte-identical to curated source
src/robust_qsvt_se/paper/phase9_sparse_wrapper_8x8.py,src/robust_qsvt_se/paper/phase9_sparse_wrapper_8x8.py,832b2ac0e5d19f1c3da40c92b76ac1a3929a61ffd4fbb07fb6c22662bbae7a2a,832b2ac0e5d19f1c3da40c92b76ac1a3929a61ffd4fbb07fb6c22662bbae7a2a,19285,identical,byte-identical to curated source
src/robust_qsvt_se/paper/phase_synthesis_refinement.py,src/robust_qsvt_se/paper/phase_synthesis_refinement.py,888f292f30b3862b9bde7b601b1844940ac41227cc6461db6e4a27c6b4f77b6a,888f292f30b3862b9bde7b601b1844940ac41227cc6461db6e4a27c6b4f77b6a,115718,identical,byte-identical to curated source
src/robust_qsvt_se/paper/psse_assumption_audit.py,src/robust_qsvt_se/paper/psse_assumption_audit.py,87b9938f2957d857b312aecfaf2fc453f4ca2ed7425a27e6d5ce17327191cbdc,87b9938f2957d857b312aecfaf2fc453f4ca2ed7425a27e6d5ce17327191cbdc,8280,identical,byte-identical to curated source
src/robust_qsvt_se/paper/qsvt_boundary_diagnostics.py,src/robust_qsvt_se/paper/qsvt_boundary_diagnostics.py,d9749b447061c83920bdf6d8c754e1e2d6f63fa47ccb913caba5a815018011cf,d9749b447061c83920bdf6d8c754e1e2d6f63fa47ccb913caba5a815018011cf,25770,identical,byte-identical to curated source
src/robust_qsvt_se/paper/qsvt_cost_accounting.py,src/robust_qsvt_se/paper/qsvt_cost_accounting.py,bf1e172707e84b0ce2e5728082d10fb93e0a4830b0dcf4c6d7e7dd6e77f30907,bf1e172707e84b0ce2e5728082d10fb93e0a4830b0dcf4c6d7e7dd6e77f30907,24119,identical,byte-identical to curated source
src/robust_qsvt_se/paper/qsvt_evidence_tiering.py,src/robust_qsvt_se/paper/qsvt_evidence_tiering.py,188fa8a98ee274966d2194802c4d54dbb0893213af3fd72fc398c16f70e1e665,188fa8a98ee274966d2194802c4d54dbb0893213af3fd72fc398c16f70e1e665,15695,identical,byte-identical to curated source
src/robust_qsvt_se/paper/qsvt_resource_phase_summary.py,src/robust_qsvt_se/paper/qsvt_resource_phase_summary.py,1a20c04a3eefcae37189d4e93731c144a1415c2262337ad8dd43acaf5847b9c6,1a20c04a3eefcae37189d4e93731c144a1415c2262337ad8dd43acaf5847b9c6,38309,identical,byte-identical to curated source
src/robust_qsvt_se/paper/reactive_power_conditioning_table.py,src/robust_qsvt_se/paper/reactive_power_conditioning_table.py,64fd2f75f2e41ebad276ee5f2898312dfde45621f5b111025a3613125b3286f5,64fd2f75f2e41ebad276ee5f2898312dfde45621f5b111025a3613125b3286f5,17436,identical,byte-identical to curated source
src/robust_qsvt_se/paper/readout_alpha_degree_codesign.py,src/robust_qsvt_se/paper/readout_alpha_degree_codesign.py,13751e5a4d3789149ca2e1aefc5f482ed5e994d8b829d142e5654b1510006ea3,13751e5a4d3789149ca2e1aefc5f482ed5e994d8b829d142e5654b1510006ea3,56838,identical,byte-identical to curated source
src/robust_qsvt_se/paper/readout_limitation_formalization.py,src/robust_qsvt_se/paper/readout_limitation_formalization.py,d8ed770771ec9335a2e917a1168a051df10a61604c763656e576685b6b412afe,d8ed770771ec9335a2e917a1168a051df10a61604c763656e576685b6b412afe,14900,identical,byte-identical to curated source
src/robust_qsvt_se/paper/resource_boundary_stack.py,src/robust_qsvt_se/paper/resource_boundary_stack.py,910cda1de11494f0ed7c6244c9262106fe5da737f1a3d633ab11d29342133e0c,910cda1de11494f0ed7c6244c9262106fe5da737f1a3d633ab11d29342133e0c,18667,identical,byte-identical to curated source
src/robust_qsvt_se/paper/reversible_sparse_oracle.py,src/robust_qsvt_se/paper/reversible_sparse_oracle.py,646c0507209670ce5df0f13a1121933dadb5bde295d239bae2575dcb8c1f66c6,646c0507209670ce5df0f13a1121933dadb5bde295d239bae2575dcb8c1f66c6,30034,identical,byte-identical to curated source
src/robust_qsvt_se/paper/selected_block_bridge.py,src/robust_qsvt_se/paper/selected_block_bridge.py,24fb7ab0616dc19fd3b33c9791839facf6af9c79ff9d7ad1aeffc8221bfed989,24fb7ab0616dc19fd3b33c9791839facf6af9c79ff9d7ad1aeffc8221bfed989,8360,identical,byte-identical to curated source
src/robust_qsvt_se/paper/selected_observable_audit.py,src/robust_qsvt_se/paper/selected_observable_audit.py,86fecfc76b9a7e214325a6d07d08550c39fee7e1364ee781851020c90edf5214,86fecfc76b9a7e214325a6d07d08550c39fee7e1364ee781851020c90edf5214,9816,identical,byte-identical to curated source
src/robust_qsvt_se/paper/selected_observable_common.py,src/robust_qsvt_se/paper/selected_observable_common.py,4409a5db2f6e09a85bde6be58cec567736a14d3c0bf09345e7d538a1986efbbf,4409a5db2f6e09a85bde6be58cec567736a14d3c0bf09345e7d538a1986efbbf,5939,identical,byte-identical to curated source
src/robust_qsvt_se/paper/selected_observable_consolidation.py,src/robust_qsvt_se/paper/selected_observable_consolidation.py,96eb21f4c2eb2f810804645acc0966d3abe2f2e2150ef82769217b6e3d671957,96eb21f4c2eb2f810804645acc0966d3abe2f2e2150ef82769217b6e3d671957,12733,identical,byte-identical to curated source
src/robust_qsvt_se/paper/selected_observable_cost.py,src/robust_qsvt_se/paper/selected_observable_cost.py,0d2c493f06b6f8c69274ad67b834b13862fda96872c3a7a3495cd25c893d5b27,0d2c493f06b6f8c69274ad67b834b13862fda96872c3a7a3495cd25c893d5b27,18178,identical,byte-identical to curated source
src/robust_qsvt_se/paper/selected_observable_qsvt_common.py,src/robust_qsvt_se/paper/selected_observable_qsvt_common.py,6e6d7599bd7aa12bce6dabc31420dfaad3df16bd68422dfab7a761f566a8adc5,6e6d7599bd7aa12bce6dabc31420dfaad3df16bd68422dfab7a761f566a8adc5,10040,identical,byte-identical to curated source
src/robust_qsvt_se/paper/selected_observable_qsvt_demo.py,src/robust_qsvt_se/paper/selected_observable_qsvt_demo.py,0ee35c7714a326a2e63ecf3847afca0cfa9cf730f6af7c43b68baf4b4165f5a2,0ee35c7714a326a2e63ecf3847afca0cfa9cf730f6af7c43b68baf4b4165f5a2,41309,identical,byte-identical to curated source
src/robust_qsvt_se/paper/selected_observable_workload.py,src/robust_qsvt_se/paper/selected_observable_workload.py,85d3b71c7fad14d21c6864afa125f6d949d7614ff5dc8c596312b65571337a88,85d3b71c7fad14d21c6864afa125f6d949d7614ff5dc8c596312b65571337a88,16585,identical,byte-identical to curated source
src/robust_qsvt_se/paper/selected_workload_extension.py,src/robust_qsvt_se/paper/selected_workload_extension.py,173143313a6e5f05942485f612b5421b35ba34d79286583a36045469e68a53e4,173143313a6e5f05942485f612b5421b35ba34d79286583a36045469e68a53e4,23963,identical,byte-identical to curated source
src/robust_qsvt_se/paper/signed_readout_diagnostic.py,src/robust_qsvt_se/paper/signed_readout_diagnostic.py,c84092983b966ff75e4f861ae9182de4b73ac685e849fba8d4f8f47894519d15,c84092983b966ff75e4f861ae9182de4b73ac685e849fba8d4f8f47894519d15,18642,identical,byte-identical to curated source
src/robust_qsvt_se/paper/sparse_access_workload.py,src/robust_qsvt_se/paper/sparse_access_workload.py,7260685f4ec03f61530a00774a5a24395a5f1b8fa6c28943a77df7eb24fdbd17,7260685f4ec03f61530a00774a5a24395a5f1b8fa6c28943a77df7eb24fdbd17,8972,identical,byte-identical to curated source
src/robust_qsvt_se/paper/sparse_quantization_error_report.py,src/robust_qsvt_se/paper/sparse_quantization_error_report.py,54355da379ee267e58a6b9ceea9aecd6deecfd7de89068c1bf12c2ae46ea7af7,54355da379ee267e58a6b9ceea9aecd6deecfd7de89068c1bf12c2ae46ea7af7,13883,identical,byte-identical to curated source
src/robust_qsvt_se/paper/structured_stress_ablation_consolidation.py,src/robust_qsvt_se/paper/structured_stress_ablation_consolidation.py,282900377816f408e27991ccf28bff396377231a2a816d1cac661db780676c09,282900377816f408e27991ccf28bff396377231a2a816d1cac661db780676c09,22543,identical,byte-identical to curated source
src/robust_qsvt_se/paper/test_quality_appendix.py,src/robust_qsvt_se/paper/test_quality_appendix.py,93c99e578a25f501a4c8f41708c04d0862cb2cae479426b89a8d9763d42a327a,93c99e578a25f501a4c8f41708c04d0862cb2cae479426b89a8d9763d42a327a,12987,identical,byte-identical to curated source
src/robust_qsvt_se/paper/test_quality_audit.py,src/robust_qsvt_se/paper/test_quality_audit.py,f15f109719b23926daa821b05813b2dc4fbca4933203baeee671175dc749cba3,f15f109719b23926daa821b05813b2dc4fbca4933203baeee671175dc749cba3,18652,identical,byte-identical to curated source
src/robust_qsvt_se/paper/tqe_claim_boundary_audit.py,src/robust_qsvt_se/paper/tqe_claim_boundary_audit.py,1652d5879ec29fc7897532b95423d42e38c92710166e0027ab3b1655f884c07b,1652d5879ec29fc7897532b95423d42e38c92710166e0027ab3b1655f884c07b,9387,identical,byte-identical to curated source
src/robust_qsvt_se/paper/tqe_claim_traceability.py,src/robust_qsvt_se/paper/tqe_claim_traceability.py,543cd3daafe1bb8a725eb2cb97e236039448a3642ea514465bda341210fdd883,543cd3daafe1bb8a725eb2cb97e236039448a3642ea514465bda341210fdd883,23300,identical,byte-identical to curated source
src/robust_qsvt_se/paper/tqe_evidence_triage.py,src/robust_qsvt_se/paper/tqe_evidence_triage.py,18ab4ee3f65b261b9d8e6b94bc59a2cec6ed4c1f7bf10d0c7a5bc5cd1fd0a08a,18ab4ee3f65b261b9d8e6b94bc59a2cec6ed4c1f7bf10d0c7a5bc5cd1fd0a08a,22944,identical,byte-identical to curated source
src/robust_qsvt_se/paper/tqe_implementation_revision.py,src/robust_qsvt_se/paper/tqe_implementation_revision.py,9fdd221cb61b939d20a52eee75032d059cb72c4568c5227bc41cade4eff1f1c7,9fdd221cb61b939d20a52eee75032d059cb72c4568c5227bc41cade4eff1f1c7,73639,identical,byte-identical to curated source
src/robust_qsvt_se/paper/tqe_revision_conditioning_boundary.py,src/robust_qsvt_se/paper/tqe_revision_conditioning_boundary.py,6add4e619c54c19da32b72a9309563a12046137c08f96c247817b6d3abe5dc63,6add4e619c54c19da32b72a9309563a12046137c08f96c247817b6d3abe5dc63,36044,identical,byte-identical to curated source
src/robust_qsvt_se/paper/tqe_revision_core.py,src/robust_qsvt_se/paper/tqe_revision_core.py,9ed44d33cc41bba20b5e9712fa54964f71b4a606e1b88ae5ea5c79139e67e38f,9ed44d33cc41bba20b5e9712fa54964f71b4a606e1b88ae5ea5c79139e67e38f,15322,identical,byte-identical to curated source
src/robust_qsvt_se/paper/tqe_revision_evidence_audit.py,src/robust_qsvt_se/paper/tqe_revision_evidence_audit.py,556d1a5b9837c80cce104461ebc02dd4ec634179906d33f1f2a1dc027f30fa2f,556d1a5b9837c80cce104461ebc02dd4ec634179906d33f1f2a1dc027f30fa2f,14267,identical,byte-identical to curated source
src/robust_qsvt_se/paper/tqe_revision_experiments_common.py,src/robust_qsvt_se/paper/tqe_revision_experiments_common.py,bae2b22261d19e5b668310874b84eb6a1eb0f6623d72e0d06d686cc37affe595,bae2b22261d19e5b668310874b84eb6a1eb0f6623d72e0d06d686cc37affe595,20350,identical,byte-identical to curated source
src/robust_qsvt_se/paper/tqe_revision_readiness.py,src/robust_qsvt_se/paper/tqe_revision_readiness.py,33501d6d8e9e8d5e1e0e02666abb72391378baa32902da3135b4a090738e053d,33501d6d8e9e8d5e1e0e02666abb72391378baa32902da3135b4a090738e053d,34410,identical,byte-identical to curated source
src/robust_qsvt_se/paper/tqe_revision_readout_statistics.py,src/robust_qsvt_se/paper/tqe_revision_readout_statistics.py,c66c5076cf4d9e0ff4f7fb3f93174455dcea35e2c6d88a843960b91f96a5aae3,c66c5076cf4d9e0ff4f7fb3f93174455dcea35e2c6d88a843960b91f96a5aae3,26253,identical,byte-identical to curated source
src/robust_qsvt_se/paper/tqe_revision_resource_ledger.py,src/robust_qsvt_se/paper/tqe_revision_resource_ledger.py,e378b681f403521e4511825449ea94b6989c9c9729154877366203836874f419,e378b681f403521e4511825449ea94b6989c9c9729154877366203836874f419,33658,identical,byte-identical to curated source
src/robust_qsvt_se/paper/tqe_revision_sparse_oracle_demo.py,src/robust_qsvt_se/paper/tqe_revision_sparse_oracle_demo.py,7745b70d600e959ea2addd18626e13926a128be57cb98116027bc52f8226410b,7745b70d600e959ea2addd18626e13926a128be57cb98116027bc52f8226410b,20671,identical,byte-identical to curated source
src/robust_qsvt_se/paper/tqe_revision_support_common.py,src/robust_qsvt_se/paper/tqe_revision_support_common.py,4c95b934c7e6834a0fbfce7d169dd2cf6ed844b8331057f7070fab84a6f6e7fa,4c95b934c7e6834a0fbfce7d169dd2cf6ed844b8331057f7070fab84a6f6e7fa,5415,identical,byte-identical to curated source
src/robust_qsvt_se/physical_alignment/__init__.py,src/robust_qsvt_se/physical_alignment/__init__.py,c582658710949f9629e27000d8bbf5a70fa5c7b7d0b4e232e3090edd0ab1da35,c582658710949f9629e27000d8bbf5a70fa5c7b7d0b4e232e3090edd0ab1da35,522,identical,byte-identical to curated source
src/robust_qsvt_se/physical_alignment/artifacts.py,src/robust_qsvt_se/physical_alignment/artifacts.py,03d3ce9e76a37bdf6ea0a1f59c0515a12e360a2ac7743211879e0ae7052623d1,03d3ce9e76a37bdf6ea0a1f59c0515a12e360a2ac7743211879e0ae7052623d1,9550,identical,byte-identical to curated source
src/robust_qsvt_se/physical_alignment/config.py,src/robust_qsvt_se/physical_alignment/config.py,9eec36a20e95261217c849529ca08e717557b935d450ac413fd38da1b0f9c6cb,9eec36a20e95261217c849529ca08e717557b935d450ac413fd38da1b0f9c6cb,4553,identical,byte-identical to curated source
src/robust_qsvt_se/physical_alignment/nonlinear_ac.py,src/robust_qsvt_se/physical_alignment/nonlinear_ac.py,665607f3f7767933dc19fa5835268eefca3688b39563a5b4f6ea23aa0cda274d,665607f3f7767933dc19fa5835268eefca3688b39563a5b4f6ea23aa0cda274d,41699,identical,byte-identical to curated source
src/robust_qsvt_se/physical_alignment/physical_audit.py,src/robust_qsvt_se/physical_alignment/physical_audit.py,5bac11dae511351bcd3a1ffd86d48c168d795cfdfc575af4296e254658394182,5bac11dae511351bcd3a1ffd86d48c168d795cfdfc575af4296e254658394182,51923,identical,byte-identical to curated source
src/robust_qsvt_se/physical_alignment/reporting.py,src/robust_qsvt_se/physical_alignment/reporting.py,1958f589e42d6d3b28e3c1178f1dcf994cf0212dba545b05ade3b55c42db8a0f,1958f589e42d6d3b28e3c1178f1dcf994cf0212dba545b05ade3b55c42db8a0f,24891,identical,byte-identical to curated source
src/robust_qsvt_se/physical_alignment/risk_selectors.py,src/robust_qsvt_se/physical_alignment/risk_selectors.py,a8aec88eaeea5193b4efa0e5d9da491d454ec3f0978d54e5a75460bad3c1e5f5,a8aec88eaeea5193b4efa0e5d9da491d454ec3f0978d54e5a75460bad3c1e5f5,17379,identical,byte-identical to curated source
src/robust_qsvt_se/physical_alignment/statistics.py,src/robust_qsvt_se/physical_alignment/statistics.py,5e867a2314eff691cb88edbc4b8627f9f320fb04602bdeb4b0622100ad456491,5e867a2314eff691cb88edbc4b8627f9f320fb04602bdeb4b0622100ad456491,27699,identical,byte-identical to curated source
src/robust_qsvt_se/physical_alignment/structures.py,src/robust_qsvt_se/physical_alignment/structures.py,9c093ec489cc7ad4e9180d3aa1a26d6f6a4115e2bf11f6812ac8be538dcc66b9,9c093ec489cc7ad4e9180d3aa1a26d6f6a4115e2bf11f6812ac8be538dcc66b9,20875,identical,byte-identical to curated source
src/robust_qsvt_se/qsvt/__init__.py,src/robust_qsvt_se/qsvt/__init__.py,02dafcf4506c089a2e47d12128acd09b704cee51ded1556ef0871bf03a97ed54,02dafcf4506c089a2e47d12128acd09b704cee51ded1556ef0871bf03a97ed54,90,identical,byte-identical to curated source
src/robust_qsvt_se/qsvt/accuracy_success_tradeoff.py,src/robust_qsvt_se/qsvt/accuracy_success_tradeoff.py,0e7cd0fa6f6b4a6601077b87f5c37bbcbf152227a3c193ed3848397e41544fa5,0e7cd0fa6f6b4a6601077b87f5c37bbcbf152227a3c193ed3848397e41544fa5,9398,identical,byte-identical to curated source
src/robust_qsvt_se/qsvt/adaptive_degree_selection.py,src/robust_qsvt_se/qsvt/adaptive_degree_selection.py,59f889f2a8a3e32c0e244fe38aa72c57e3ade4f6c3d491fca436ee37b287e475,59f889f2a8a3e32c0e244fe38aa72c57e3ade4f6c3d491fca436ee37b287e475,7982,identical,byte-identical to curated source
src/robust_qsvt_se/qsvt/adaptive_multicase_degree_search.py,src/robust_qsvt_se/qsvt/adaptive_multicase_degree_search.py,810e00bd17ee5dd266720cd83b115ec2eae8ce4ba67bcb2846dc4654e063db99,810e00bd17ee5dd266720cd83b115ec2eae8ce4ba67bcb2846dc4654e063db99,13203,identical,byte-identical to curated source
src/robust_qsvt_se/qsvt/alpha_degree_refinement.py,src/robust_qsvt_se/qsvt/alpha_degree_refinement.py,7cbd26e6e8b24e216cae3d0150503e22377dbada8e4cff0cc73a52ebf4d9cace,7cbd26e6e8b24e216cae3d0150503e22377dbada8e4cff0cc73a52ebf4d9cace,17532,identical,byte-identical to curated source
src/robust_qsvt_se/qsvt/alpha_resource_sensitivity.py,src/robust_qsvt_se/qsvt/alpha_resource_sensitivity.py,e14db4dc576e3dabc2f94c20ddd98b3e05a2464bda948ea86f35dd75479718d9,e14db4dc576e3dabc2f94c20ddd98b3e05a2464bda948ea86f35dd75479718d9,11103,identical,byte-identical to curated source
src/robust_qsvt_se/qsvt/amplitude_estimation_audit.py,src/robust_qsvt_se/qsvt/amplitude_estimation_audit.py,2a2f3f0fa63ade067d3a27aa22fd1807dc20777183f14c2b1d7db97522d01ed6,2a2f3f0fa63ade067d3a27aa22fd1807dc20777183f14c2b1d7db97522d01ed6,9221,identical,byte-identical to curated source
src/robust_qsvt_se/qsvt/amplitude_estimation_routines.py,src/robust_qsvt_se/qsvt/amplitude_estimation_routines.py,c8646fc8715a62a97bf8ff1f7b5bfe384cfc286870ddf0a9d46629a32bbbd89d,c8646fc8715a62a97bf8ff1f7b5bfe384cfc286870ddf0a9d46629a32bbbd89d,31119,identical,byte-identical to curated source
src/robust_qsvt_se/qsvt/approximation_degree_sweep.py,src/robust_qsvt_se/qsvt/approximation_degree_sweep.py,c8d651171ebfe598df1c0998994ee690f9629f8fae31088a53871f2d9b96e5fa,c8d651171ebfe598df1c0998994ee690f9629f8fae31088a53871f2d9b96e5fa,6138,identical,byte-identical to curated source
src/robust_qsvt_se/qsvt/approximation_tradeoff_report.py,src/robust_qsvt_se/qsvt/approximation_tradeoff_report.py,04982d6b0389a3bb8852f842124d225a15fe7230dd3844b3ea659fdb0474aee8,04982d6b0389a3bb8852f842124d225a15fe7230dd3844b3ea659fdb0474aee8,9085,identical,byte-identical to curated source
src/robust_qsvt_se/qsvt/best_config_gate_validation.py,src/robust_qsvt_se/qsvt/best_config_gate_validation.py,d2157e509f950abe2ce2c14acac9e0ab3d4aa7fa22864440a9f6d701a298fbb8,d2157e509f950abe2ce2c14acac9e0ab3d4aa7fa22864440a9f6d701a298fbb8,14446,identical,byte-identical to curated source
src/robust_qsvt_se/qsvt/binary_tree_state_loader.py,src/robust_qsvt_se/qsvt/binary_tree_state_loader.py,b42cf4b03d4a86298a0154df14cc6e627ae6ab0b6ec2c955c41dac2c4c7599c9,b42cf4b03d4a86298a0154df14cc6e627ae6ab0b6ec2c955c41dac2c4c7599c9,6914,identical,byte-identical to curated source
src/robust_qsvt_se/qsvt/bipartite_slot_assignment.py,src/robust_qsvt_se/qsvt/bipartite_slot_assignment.py,8c72d9a9486e611c8c6409758f92d6b423d4b860e0106f35b9109a4a254f291b,8c72d9a9486e611c8c6409758f92d6b423d4b860e0106f35b9109a4a254f291b,10203,identical,byte-identical to curated source
src/robust_qsvt_se/qsvt/block_encoding.py,src/robust_qsvt_se/qsvt/block_encoding.py,cb38efeff05e99b3a9fbcdcb8ff64e3d3aa96d325fd3d3faf1967399ffa5d524,cb38efeff05e99b3a9fbcdcb8ff64e3d3aa96d325fd3d3faf1967399ffa5d524,10129,identical,byte-identical to curated source
src/robust_qsvt_se/qsvt/block_encoding_demo.py,src/robust_qsvt_se/qsvt/block_encoding_demo.py,164ab3d0b141353145dc1088e9fc8b73d4e74f5da5d8f6c208e7f8e8269ce57f,164ab3d0b141353145dc1088e9fc8b73d4e74f5da5d8f6c208e7f8e8269ce57f,5039,identical,byte-identical to curated source
src/robust_qsvt_se/qsvt/block_encoding_scalability.py,src/robust_qsvt_se/qsvt/block_encoding_scalability.py,bd83dd0926d94f6ee271d2dc380843e95890eb75677eee52fa26c9e95561c36c,bd83dd0926d94f6ee271d2dc380843e95890eb75677eee52fa26c9e95561c36c,4970,identical,byte-identical to curated source
src/robust_qsvt_se/qsvt/bounded_target_designs.py,src/robust_qsvt_se/qsvt/bounded_target_designs.py,8f9c785f7c3e0747cee9c2ce2a101b524776197404fe125f650f39652d16e88a,8f9c785f7c3e0747cee9c2ce2a101b524776197404fe125f650f39652d16e88a,32094,identical,byte-identical to curated source
src/robust_qsvt_se/qsvt/circuit.py,src/robust_qsvt_se/qsvt/circuit.py,163018e13485c4629a868dab57d5808216cdf7947e85fbc6b195c1e11be44a3d,163018e13485c4629a868dab57d5808216cdf7947e85fbc6b195c1e11be44a3d,1343,identical,byte-identical to curated source
src/robust_qsvt_se/qsvt/circuit_scaling.py,src/robust_qsvt_se/qsvt/circuit_scaling.py,a14c74bb345661c6b88954921c0bd69305d18c20b684363ef22f7d887f36f85e,a14c74bb345661c6b88954921c0bd69305d18c20b684363ef22f7d887f36f85e,13617,identical,byte-identical to curated source
src/robust_qsvt_se/qsvt/codesigned_bounded_targets.py,src/robust_qsvt_se/qsvt/codesigned_bounded_targets.py,e0ffa6388386bee7aedcfd93688dc0f621343457b826fd0cc7dfa781e57f666d,e0ffa6388386bee7aedcfd93688dc0f621343457b826fd0cc7dfa781e57f666d,39007,identical,byte-identical to curated source
src/robust_qsvt_se/qsvt/codesigned_gate_validation.py,src/robust_qsvt_se/qsvt/codesigned_gate_validation.py,ded1eaf72ca63883c2f5088bfcd5daedbcc6118f4b477bd96931bde2e2394ec5,ded1eaf72ca63883c2f5088bfcd5daedbcc6118f4b477bd96931bde2e2394ec5,20583,identical,byte-identical to curated source
src/robust_qsvt_se/qsvt/codesigned_subproblem_robustness.py,src/robust_qsvt_se/qsvt/codesigned_subproblem_robustness.py,761fde2eafec364712a36b1556510da84ead5df9bb16f0197b610f9a5eb138ff,761fde2eafec364712a36b1556510da84ead5df9bb16f0197b610f9a5eb138ff,19715,identical,byte-identical to curated source
src/robust_qsvt_se/qsvt/codesigned_target_audit.py,src/robust_qsvt_se/qsvt/codesigned_target_audit.py,3ce3869f97e1ce4e8cb187ba38e68c15dc10a858328a6e163a90b8685098026a,3ce3869f97e1ce4e8cb187ba38e68c15dc10a858328a6e163a90b8685098026a,9112,identical,byte-identical to curated source
src/robust_qsvt_se/qsvt/cross_case_codesigned_robustness.py,src/robust_qsvt_se/qsvt/cross_case_codesigned_robustness.py,31aedc0031178b59c32fdd658b8b996a555a779690182b7ea622a903bebeee85,31aedc0031178b59c32fdd658b8b996a555a779690182b7ea622a903bebeee85,25866,identical,byte-identical to curated source
src/robust_qsvt_se/qsvt/cross_case_gate_observable_readout.py,src/robust_qsvt_se/qsvt/cross_case_gate_observable_readout.py,32576c757c27ce3a561b73598dfe32ab55f5cbf122f242ca956176dd0b2c9224,32576c757c27ce3a561b73598dfe32ab55f5cbf122f242ca956176dd0b2c9224,17205,identical,byte-identical to curated source
src/robust_qsvt_se/qsvt/cross_case_gate_validation.py,src/robust_qsvt_se/qsvt/cross_case_gate_validation.py,44b6f9b7cff552ade1fbbfb4e4a411c963a4c26260f8839d0db34a76786c9b34,44b6f9b7cff552ade1fbbfb4e4a411c963a4c26260f8839d0db34a76786c9b34,13520,identical,byte-identical to curated source
src/robust_qsvt_se/qsvt/cross_case_solver_audit.py,src/robust_qsvt_se/qsvt/cross_case_solver_audit.py,05989349ccde6423892f2dcce633438e77f13da067cb54b90f57a3a8274e94cd,05989349ccde6423892f2dcce633438e77f13da067cb54b90f57a3a8274e94cd,16095,identical,byte-identical to curated source
src/robust_qsvt_se/qsvt/cross_case_solver_prototype_package.py,src/robust_qsvt_se/qsvt/cross_case_solver_prototype_package.py,f655b68692cccfeadf1535b71f2c16eaecec57aa453edec9b3b87371ef8ca289,f655b68692cccfeadf1535b71f2c16eaecec57aa453edec9b3b87371ef8ca289,14222,identical,byte-identical to curated source
src/robust_qsvt_se/qsvt/degree_control_audit.py,src/robust_qsvt_se/qsvt/degree_control_audit.py,48c207648fb624c147a7e7d04ad236f58a26eb232ca83572d0873f5f35bdce4a,48c207648fb624c147a7e7d04ad236f58a26eb232ca83572d0873f5f35bdce4a,16654,identical,byte-identical to curated source
src/robust_qsvt_se/qsvt/degree_window_gate_validation.py,src/robust_qsvt_se/qsvt/degree_window_gate_validation.py,a7c2846c90619e88e8975023f939d4cef7916b5b79c64d239c65fa469a897747,a7c2846c90619e88e8975023f939d4cef7916b5b79c64d239c65fa469a897747,12708,identical,byte-identical to curated source
src/robust_qsvt_se/qsvt/degree_window_overshoot.py,src/robust_qsvt_se/qsvt/degree_window_overshoot.py,6798e61a5731a40e0cb8330d1f111b6e592c9a099089ba2293c47221951dd8aa,6798e61a5731a40e0cb8330d1f111b6e592c9a099089ba2293c47221951dd8aa,22356,identical,byte-identical to curated source
src/robust_qsvt_se/qsvt/dense_explicit_limit_study_v2.py,src/robust_qsvt_se/qsvt/dense_explicit_limit_study_v2.py,e5ce9b2d8a764c3ebf6e18c1065b7e14fc02ba89bcda814d2d5b37468a864074,e5ce9b2d8a764c3ebf6e18c1065b7e14fc02ba89bcda814d2d5b37468a864074,9454,identical,byte-identical to curated source
src/robust_qsvt_se/qsvt/direction_resolved_overshoot_decomposition.py,src/robust_qsvt_se/qsvt/direction_resolved_overshoot_decomposition.py,72be22764477ece46ac04b688203ed98ed48fc11a8472bf488f5cbd52d94ac7d,72be22764477ece46ac04b688203ed98ed48fc11a8472bf488f5cbd52d94ac7d,26998,identical,byte-identical to curated source
src/robust_qsvt_se/qsvt/engineering_audit.py,src/robust_qsvt_se/qsvt/engineering_audit.py,e6217a268268192f7e152d2baf093df29dd1acd368155eccb4c2750ade6a12f1,e6217a268268192f7e152d2baf093df29dd1acd368155eccb4c2750ade6a12f1,35431,identical,byte-identical to curated source
src/robust_qsvt_se/qsvt/engineering_extension_report.py,src/robust_qsvt_se/qsvt/engineering_extension_report.py,57444a578944db9e9d067f9a84d6d4336135f20fb86ca921a395ee29301d9fc2,57444a578944db9e9d067f9a84d6d4336135f20fb86ca921a395ee29301d9fc2,94390,identical,byte-identical to curated source
src/robust_qsvt_se/qsvt/engineering_io.py,src/robust_qsvt_se/qsvt/engineering_io.py,783ee1e0d97fa2c1e7ebb96fbdb9ef65714ac652fc7ba8b127b8f59bebaa6655,783ee1e0d97fa2c1e7ebb96fbdb9ef65714ac652fc7ba8b127b8f59bebaa6655,2737,identical,byte-identical to curated source
src/robust_qsvt_se/qsvt/engineering_utils.py,src/robust_qsvt_se/qsvt/engineering_utils.py,58ac0f577cb1ef068f52f0e23cbcc8e525a79bc55fef542f4a50a2d4b4ae9d69,58ac0f577cb1ef068f52f0e23cbcc8e525a79bc55fef542f4a50a2d4b4ae9d69,7103,identical,byte-identical to curated source
src/robust_qsvt_se/qsvt/evidence_claim_support_report.py,src/robust_qsvt_se/qsvt/evidence_claim_support_report.py,1305d073af06b33331f1d687249ea8b4863f7db1e9da8da07d329a99bf5c467b,1305d073af06b33331f1d687249ea8b4863f7db1e9da8da07d329a99bf5c467b,96613,identical,byte-identical to curated source
src/robust_qsvt_se/qsvt/external_backend_phase_validation.py,src/robust_qsvt_se/qsvt/external_backend_phase_validation.py,a107b8fe8bbb55079fbbde61dafd3464f9b04561c59a5351a229d40b3b653bf3,a107b8fe8bbb55079fbbde61dafd3464f9b04561c59a5351a229d40b3b653bf3,15831,identical,byte-identical to curated source
src/robust_qsvt_se/qsvt/external_backend_sanity.py,src/robust_qsvt_se/qsvt/external_backend_sanity.py,eeeb5c070abd82097309ba20ac80bb6c971b5d1fe13936f5bc0aae5424915a30,eeeb5c070abd82097309ba20ac80bb6c971b5d1fe13936f5bc0aae5424915a30,8706,identical,byte-identical to curated source
src/robust_qsvt_se/qsvt/external_phase_backend_audit.py,src/robust_qsvt_se/qsvt/external_phase_backend_audit.py,f99c0441866919333fba81bf6f702f7bdca5c33403af6369ba2556c940b4a129,f99c0441866919333fba81bf6f702f7bdca5c33403af6369ba2556c940b4a129,14533,identical,byte-identical to curated source
src/robust_qsvt_se/qsvt/external_phase_candidates.py,src/robust_qsvt_se/qsvt/external_phase_candidates.py,a328f5f9ea4b2ffe88d6a1d90a826e2509a5e003389135ed9da326d002eed520,a328f5f9ea4b2ffe88d6a1d90a826e2509a5e003389135ed9da326d002eed520,14789,identical,byte-identical to curated source
src/robust_qsvt_se/qsvt/failure_fix.py,src/robust_qsvt_se/qsvt/failure_fix.py,e51f1127ba526221080f37bb613da81ef52d33652695a39c82f9630be4413e7c,e51f1127ba526221080f37bb613da81ef52d33652695a39c82f9630be4413e7c,59471,identical,byte-identical to curated source
src/robust_qsvt_se/qsvt/filters.py,src/robust_qsvt_se/qsvt/filters.py,bcc1c13ca8f7bb4ef8fe1c080f13fced33cc9ca064e5f80aefa16fe1bc772fa8,bcc1c13ca8f7bb4ef8fe1c080f13fced33cc9ca064e5f80aefa16fe1bc772fa8,2351,identical,byte-identical to curated source
src/robust_qsvt_se/qsvt/final_optional_evidence_package.py,src/robust_qsvt_se/qsvt/final_optional_evidence_package.py,bfa533dda9bc366c519938e2358ef5219ea5db2c25a98440fc10d9ea7c9eb2fe,bfa533dda9bc366c519938e2358ef5219ea5db2c25a98440fc10d9ea7c9eb2fe,18291,identical,byte-identical to curated source
src/robust_qsvt_se/qsvt/ft_resource_estimate.py,src/robust_qsvt_se/qsvt/ft_resource_estimate.py,95947a4ddfb330f59b33d9e028c65469eee4d323662c05336e0c1003344d69db,95947a4ddfb330f59b33d9e028c65469eee4d323662c05336e0c1003344d69db,7037,identical,byte-identical to curated source
src/robust_qsvt_se/qsvt/ft_workload_rebuild.py,src/robust_qsvt_se/qsvt/ft_workload_rebuild.py,cf148da73ea1096a3b35fe65c9f147d24171eafd52a88c019b8cb3df55052e71,cf148da73ea1096a3b35fe65c9f147d24171eafd52a88c019b8cb3df55052e71,6091,identical,byte-identical to curated source
src/robust_qsvt_se/qsvt/full_matrix_qsvt_demo.py,src/robust_qsvt_se/qsvt/full_matrix_qsvt_demo.py,bb46b23295cf714406ad2d3119ed76f219dd9fd0fdfda3845cebcb03672bff40,bb46b23295cf714406ad2d3119ed76f219dd9fd0fdfda3845cebcb03672bff40,35607,identical,byte-identical to curated source
src/robust_qsvt_se/qsvt/full_qsvt_ieee_pathway.py,src/robust_qsvt_se/qsvt/full_qsvt_ieee_pathway.py,f24779625286143b20937cb6a2ca50ad4707c33f6c3bed222579d7c4d7a9f0e6,f24779625286143b20937cb6a2ca50ad4707c33f6c3bed222579d7c4d7a9f0e6,52474,identical,byte-identical to curated source
src/robust_qsvt_se/qsvt/gate_level_qsvt.py,src/robust_qsvt_se/qsvt/gate_level_qsvt.py,e29b9f8412594e6b6a56fdf490ac8463f9fe79b7fbe704d12ecb49022823ec4f,e29b9f8412594e6b6a56fdf490ac8463f9fe79b7fbe704d12ecb49022823ec4f,25054,identical,byte-identical to curated source
src/robust_qsvt_se/qsvt/gate_level_qsvt_convention.py,src/robust_qsvt_se/qsvt/gate_level_qsvt_convention.py,f55a4c46a4bfc5cc0461dd87309a0cc7d0a1f07d95a392561d8a7823d3c497ad,f55a4c46a4bfc5cc0461dd87309a0cc7d0a1f07d95a392561d8a7823d3c497ad,19160,identical,byte-identical to curated source
src/robust_qsvt_se/qsvt/gate_level_state_estimation_solver.py,src/robust_qsvt_se/qsvt/gate_level_state_estimation_solver.py,84873733b037ff3aef706f1edd86aad2530c66090f18d17e0831ab6581179087,84873733b037ff3aef706f1edd86aad2530c66090f18d17e0831ab6581179087,45052,identical,byte-identical to curated source
src/robust_qsvt_se/qsvt/gate_observable_readout.py,src/robust_qsvt_se/qsvt/gate_observable_readout.py,803bdd48eabc21e102747d1138824300814410d488b1ee2adf4d794a15672bdf,803bdd48eabc21e102747d1138824300814410d488b1ee2adf4d794a15672bdf,17848,identical,byte-identical to curated source
src/robust_qsvt_se/qsvt/gate_state_preparation.py,src/robust_qsvt_se/qsvt/gate_state_preparation.py,dbf8afebeac99658d0d4142adbb10c65c71608bcb11d06dbbdacc76b688ad03c,dbf8afebeac99658d0d4142adbb10c65c71608bcb11d06dbbdacc76b688ad03c,4689,identical,byte-identical to curated source
src/robust_qsvt_se/qsvt/gate_validation_with_amplitude_recovery.py,src/robust_qsvt_se/qsvt/gate_validation_with_amplitude_recovery.py,54cb0462de8c8638da574f96d4ea81c09bb4dead956d0b25cc622d4e4b323b5e,54cb0462de8c8638da574f96d4ea81c09bb4dead956d0b25cc622d4e4b323b5e,21477,identical,byte-identical to curated source
src/robust_qsvt_se/qsvt/generic_sparse_compiler.py,src/robust_qsvt_se/qsvt/generic_sparse_compiler.py,8d56ac5abe56c301d9ba3767549b16d93e361b75e2ef1771fddd5fc41dafc940,8d56ac5abe56c301d9ba3767549b16d93e361b75e2ef1771fddd5fc41dafc940,48929,identical,byte-identical to curated source
src/robust_qsvt_se/qsvt/generic_sparse_execution.py,src/robust_qsvt_se/qsvt/generic_sparse_execution.py,b6b402478f4dabc362ea12fd1a09cae69bc5f7d394dd60a903a8bd75cb30db02,b6b402478f4dabc362ea12fd1a09cae69bc5f7d394dd60a903a8bd75cb30db02,34045,identical,byte-identical to curated source
src/robust_qsvt_se/qsvt/generic_sparse_scaling.py,src/robust_qsvt_se/qsvt/generic_sparse_scaling.py,c6d8c957e958908ba05721461e4381fcc63fa7c6cb605982191b685d4edefbeb,c6d8c957e958908ba05721461e4381fcc63fa7c6cb605982191b685d4edefbeb,24189,identical,byte-identical to curated source
src/robust_qsvt_se/qsvt/generic_sparse_workloads.py,src/robust_qsvt_se/qsvt/generic_sparse_workloads.py,b44e71d053f13e0606feca23e853b6e84db00f9e0a4b019968ef533128c5c96d,b44e71d053f13e0606feca23e853b6e84db00f9e0a4b019968ef533128c5c96d,23349,identical,byte-identical to curated source
src/robust_qsvt_se/qsvt/hardware_aware_oracle_cost_model.py,src/robust_qsvt_se/qsvt/hardware_aware_oracle_cost_model.py,bd61d0f503676d1ac22ece121646c825f81ba2a6d02910aeb075a649b3cb3f48,bd61d0f503676d1ac22ece121646c825f81ba2a6d02910aeb075a649b3cb3f48,18680,identical,byte-identical to curated source
src/robust_qsvt_se/qsvt/hardware_aware_report.py,src/robust_qsvt_se/qsvt/hardware_aware_report.py,e65b9f67a8509fab2b31c98be41b9d3a3122245a11b84f38f6982f83914ce529,e65b9f67a8509fab2b31c98be41b9d3a3122245a11b84f38f6982f83914ce529,7809,identical,byte-identical to curated source
src/robust_qsvt_se/qsvt/hardware_qsvt.py,src/robust_qsvt_se/qsvt/hardware_qsvt.py,178eab72c7d905aeb93aaae38f8435419c2791a4dfdfd31f08282ad4d9b1957f,178eab72c7d905aeb93aaae38f8435419c2791a4dfdfd31f08282ad4d9b1957f,11588,identical,byte-identical to curated source
src/robust_qsvt_se/qsvt/hardware_resource_estimator.py,src/robust_qsvt_se/qsvt/hardware_resource_estimator.py,9e0c82d38c2b7a9783feb16d42a4cc33764d74bf0a344623f80260465ad96e0e,9e0c82d38c2b7a9783feb16d42a4cc33764d74bf0a344623f80260465ad96e0e,18431,identical,byte-identical to curated source
src/robust_qsvt_se/qsvt/ieee118_extension_audit.py,src/robust_qsvt_se/qsvt/ieee118_extension_audit.py,449eaf7d68ae0521beb23b8eddbbb31f1dbdab15b449c05d9201daaf9f01225f,449eaf7d68ae0521beb23b8eddbbb31f1dbdab15b449c05d9201daaf9f01225f,13271,identical,byte-identical to curated source
src/robust_qsvt_se/qsvt/ieee118_gate_observable_readout.py,src/robust_qsvt_se/qsvt/ieee118_gate_observable_readout.py,3051aef7e76d75627b7b42dce8a9d06bde3422e492e2b59a9cd46b01cac7e0f5,3051aef7e76d75627b7b42dce8a9d06bde3422e492e2b59a9cd46b01cac7e0f5,7859,identical,byte-identical to curated source
src/robust_qsvt_se/qsvt/ieee118_gate_validation.py,src/robust_qsvt_se/qsvt/ieee118_gate_validation.py,295cd018755b5f9a9c67fe24c155d81c5f993621efba8b02775a085b806cc603,295cd018755b5f9a9c67fe24c155d81c5f993621efba8b02775a085b806cc603,12463,identical,byte-identical to curated source
src/robust_qsvt_se/qsvt/ieee118_selected_robustness.py,src/robust_qsvt_se/qsvt/ieee118_selected_robustness.py,2b7282d09192f1a1d6fd39d3cde0244b40c20d486e0f946c2c5ba870375df168,2b7282d09192f1a1d6fd39d3cde0244b40c20d486e0f946c2c5ba870375df168,9527,identical,byte-identical to curated source
src/robust_qsvt_se/qsvt/matrix_free_qsvt_action.py,src/robust_qsvt_se/qsvt/matrix_free_qsvt_action.py,094f539b3a324d2cda37cc0a9a852ee9d5ca32fb5b34c393463e678055b870bb,094f539b3a324d2cda37cc0a9a852ee9d5ca32fb5b34c393463e678055b870bb,23986,identical,byte-identical to curated source
src/robust_qsvt_se/qsvt/matrix_resource_estimation.py,src/robust_qsvt_se/qsvt/matrix_resource_estimation.py,aac987640e76ffa3c3a30ba607b71731fe207770687c26aa9559811441f2a1bd,aac987640e76ffa3c3a30ba607b71731fe207770687c26aa9559811441f2a1bd,8488,identical,byte-identical to curated source
src/robust_qsvt_se/qsvt/multicase_approximation_diagnostics.py,src/robust_qsvt_se/qsvt/multicase_approximation_diagnostics.py,f443b722e6ed196387e0745686e861d961332313dd11a277dc3da315e6d34074,f443b722e6ed196387e0745686e861d961332313dd11a277dc3da315e6d34074,6172,identical,byte-identical to curated source
src/robust_qsvt_se/qsvt/multicase_resource_diagnostics.py,src/robust_qsvt_se/qsvt/multicase_resource_diagnostics.py,5b54a86e2d731c7f5df6157c08cb61d961a0303d199090461ef11a6a9fd77478,5b54a86e2d731c7f5df6157c08cb61d961a0303d199090461ef11a6a9fd77478,6743,identical,byte-identical to curated source
src/robust_qsvt_se/qsvt/noise_model_boundary.py,src/robust_qsvt_se/qsvt/noise_model_boundary.py,9e44346232bcc20b338ff45050b1012601c8a51f1be9347946ea7c2aafc383f5,9e44346232bcc20b338ff45050b1012601c8a51f1be9347946ea7c2aafc383f5,12952,identical,byte-identical to curated source
src/robust_qsvt_se/qsvt/nonbruteforce_refinement.py,src/robust_qsvt_se/qsvt/nonbruteforce_refinement.py,6f8cb42234f09c55bfb96fec81a27c4ae9aaa65981a6b7084afe97a79e59b2d3,6f8cb42234f09c55bfb96fec81a27c4ae9aaa65981a6b7084afe97a79e59b2d3,86794,identical,byte-identical to curated source
src/robust_qsvt_se/qsvt/norm_recovery_from_amplitude.py,src/robust_qsvt_se/qsvt/norm_recovery_from_amplitude.py,951bb7d3da6583f8c5d26d8671c603ec672c4d74fd51c13c4c6b593bf437f66e,951bb7d3da6583f8c5d26d8671c603ec672c4d74fd51c13c4c6b593bf437f66e,21496,identical,byte-identical to curated source
src/robust_qsvt_se/qsvt/norm_residual_gap_audit.py,src/robust_qsvt_se/qsvt/norm_residual_gap_audit.py,a1a9334003ee3940bae66ff711419f38613b0bffd12e3e98ed2e98321c02e11b,a1a9334003ee3940bae66ff711419f38613b0bffd12e3e98ed2e98321c02e11b,18155,identical,byte-identical to curated source
src/robust_qsvt_se/qsvt/norm_success.py,src/robust_qsvt_se/qsvt/norm_success.py,081c9378a2cdcc13072f4aeb81f190bbbf3b0f80981b19b37c73fd8dff24200b,081c9378a2cdcc13072f4aeb81f190bbbf3b0f80981b19b37c73fd8dff24200b,6826,identical,byte-identical to curated source
src/robust_qsvt_se/qsvt/observable_error_decomposition.py,src/robust_qsvt_se/qsvt/observable_error_decomposition.py,f9d74ee6b968c1550bebb174f9a8fcc223684a1e12d77d0ee6a92cfd78acc75c,f9d74ee6b968c1550bebb174f9a8fcc223684a1e12d77d0ee6a92cfd78acc75c,12351,identical,byte-identical to curated source
src/robust_qsvt_se/qsvt/observable_first_qsvt_solver.py,src/robust_qsvt_se/qsvt/observable_first_qsvt_solver.py,2a6501e78eaccb094f599eaf29a2414b38c5b9bf296b6f0438be5617dd8856d9,2a6501e78eaccb094f599eaf29a2414b38c5b9bf296b6f0438be5617dd8856d9,16444,identical,byte-identical to curated source
src/robust_qsvt_se/qsvt/observable_first_solver_v2.py,src/robust_qsvt_se/qsvt/observable_first_solver_v2.py,3696b22d8b975d0e852829fb2b2af6dc65e9ed539e7c3d4726de602f12af64ac,3696b22d8b975d0e852829fb2b2af6dc65e9ed539e7c3d4726de602f12af64ac,14798,identical,byte-identical to curated source
src/robust_qsvt_se/qsvt/observable_measurement_circuits.py,src/robust_qsvt_se/qsvt/observable_measurement_circuits.py,112a950bc424d1e1ac1746afa791ecc4285bf6198300e59f5b07fd41b0e89187,112a950bc424d1e1ac1746afa791ecc4285bf6198300e59f5b07fd41b0e89187,6733,identical,byte-identical to curated source
src/robust_qsvt_se/qsvt/optional_phase_synthesis_validation.py,src/robust_qsvt_se/qsvt/optional_phase_synthesis_validation.py,9c2a7f39ae4f0a7036b572a3a6638740260332e14628b2e86d4a59ff52295e4b,9c2a7f39ae4f0a7036b572a3a6638740260332e14628b2e86d4a59ff52295e4b,11407,identical,byte-identical to curated source
src/robust_qsvt_se/qsvt/output_aware_generalization.py,src/robust_qsvt_se/qsvt/output_aware_generalization.py,1c9985986ef2f7cc48d47688a555ff66afd23a4dca815ece42751e31a18818ff,1c9985986ef2f7cc48d47688a555ff66afd23a4dca815ece42751e31a18818ff,163720,identical,byte-identical to curated source
src/robust_qsvt_se/qsvt/output_aware_sparse_selection.py,src/robust_qsvt_se/qsvt/output_aware_sparse_selection.py,83867c74e09b3adadb03c3be1cfee94234131c6a80091280e9606f16c3a89e52,83867c74e09b3adadb03c3be1cfee94234131c6a80091280e9606f16c3a89e52,125069,identical,byte-identical to curated source
src/robust_qsvt_se/qsvt/output_aware_structural_generalization.py,src/robust_qsvt_se/qsvt/output_aware_structural_generalization.py,0a4566f4bb864cb5daeabe162d70cd780467131146def754001c59f60eb93f26,0a4566f4bb864cb5daeabe162d70cd780467131146def754001c59f60eb93f26,141884,identical,byte-identical to curated source
src/robust_qsvt_se/qsvt/overshoot_mechanism_diagnostic.py,src/robust_qsvt_se/qsvt/overshoot_mechanism_diagnostic.py,fcce702395b85414c78de2ad51bb94dd6d6b41b9ca0757623c66b7718bd5bfe3,fcce702395b85414c78de2ad51bb94dd6d6b41b9ca0757623c66b7718bd5bfe3,24477,identical,byte-identical to curated source
src/robust_qsvt_se/qsvt/paper_finalization.py,src/robust_qsvt_se/qsvt/paper_finalization.py,eea2726ad23c635f82ad80ea49d8051609f5ac5562fa5ded408dbe0171c41634,eea2726ad23c635f82ad80ea49d8051609f5ac5562fa5ded408dbe0171c41634,97067,identical,byte-identical to curated source
src/robust_qsvt_se/qsvt/partial_observable_readout.py,src/robust_qsvt_se/qsvt/partial_observable_readout.py,5b9e2e9c34667c7b6f4d03eff29be37737da8a0a23396c295943e1ddc831fa5f,5b9e2e9c34667c7b6f4d03eff29be37737da8a0a23396c295943e1ddc831fa5f,4759,identical,byte-identical to curated source
src/robust_qsvt_se/qsvt/partial_readout_demo.py,src/robust_qsvt_se/qsvt/partial_readout_demo.py,4b1a89564288d21e2e52abca186f157a19f9587766c6d20db30431f7efc1bcf1,4b1a89564288d21e2e52abca186f157a19f9587766c6d20db30431f7efc1bcf1,26742,identical,byte-identical to curated source
src/robust_qsvt_se/qsvt/pennylane_demo.py,src/robust_qsvt_se/qsvt/pennylane_demo.py,a9923805186812e45b3ddc8664719163fbd2edbf81fa7d93ae55d357ef3c844e,a9923805186812e45b3ddc8664719163fbd2edbf81fa7d93ae55d357ef3c844e,6795,identical,byte-identical to curated source
src/robust_qsvt_se/qsvt/pennylane_matrix_qsvt.py,src/robust_qsvt_se/qsvt/pennylane_matrix_qsvt.py,74eee406b82c5a2c1718e07967e398147c8ec109fb65e2756849b61d4750c397,74eee406b82c5a2c1718e07967e398147c8ec109fb65e2756849b61d4750c397,11747,identical,byte-identical to curated source
src/robust_qsvt_se/qsvt/phase1_finalization.py,src/robust_qsvt_se/qsvt/phase1_finalization.py,8ed54bc8fba839e68b9aa5cff822c29fc842bc4adb8692b77394beefd92987ae,8ed54bc8fba839e68b9aa5cff822c29fc842bc4adb8692b77394beefd92987ae,10322,identical,byte-identical to curated source
src/robust_qsvt_se/qsvt/phase2_completion.py,src/robust_qsvt_se/qsvt/phase2_completion.py,b4bab81917d63eefc9327f1134103c18b6f2d71b7053706fba3e82bce1c4ea58,b4bab81917d63eefc9327f1134103c18b6f2d71b7053706fba3e82bce1c4ea58,52887,identical,byte-identical to curated source
src/robust_qsvt_se/qsvt/phase2_preconditioned_alpha.py,src/robust_qsvt_se/qsvt/phase2_preconditioned_alpha.py,f2808abad54a20d1a6bcf0a5ef7c6e9c6942f76544f529693b8c1d2a9561659b,f2808abad54a20d1a6bcf0a5ef7c6e9c6942f76544f529693b8c1d2a9561659b,41367,identical,byte-identical to curated source
src/robust_qsvt_se/qsvt/phase_and_multicase_summary.py,src/robust_qsvt_se/qsvt/phase_and_multicase_summary.py,48570dc658f59acae0df2035922bcf55e72da29f9c1e294cb9ae2eebdb096768,48570dc658f59acae0df2035922bcf55e72da29f9c1e294cb9ae2eebdb096768,12122,identical,byte-identical to curated source
src/robust_qsvt_se/qsvt/phase_backend_adapters.py,src/robust_qsvt_se/qsvt/phase_backend_adapters.py,3074fb61e476952e776b1428d007fa0925a0985267e6f58bdf9297764df14566,3074fb61e476952e776b1428d007fa0925a0985267e6f58bdf9297764df14566,11329,identical,byte-identical to curated source
src/robust_qsvt_se/qsvt/phase_backend_audit.py,src/robust_qsvt_se/qsvt/phase_backend_audit.py,bd71035ed61bd49abc69e005bc873864fad49cf99ea63483a1b14fef295e0991,bd71035ed61bd49abc69e005bc873864fad49cf99ea63483a1b14fef295e0991,15470,identical,byte-identical to curated source
src/robust_qsvt_se/qsvt/phase_response_conventions.py,src/robust_qsvt_se/qsvt/phase_response_conventions.py,7ec6de840b15ea3a745bde1dda415aed2519669bddbd6d8e050f8ff6f83f7a60,7ec6de840b15ea3a745bde1dda415aed2519669bddbd6d8e050f8ff6f83f7a60,23914,identical,byte-identical to curated source
src/robust_qsvt_se/qsvt/phase_sanity_regression.py,src/robust_qsvt_se/qsvt/phase_sanity_regression.py,068b0588df9e9fdbb05afdf595f3368a04a79857d2b776cc9857fa01d2af3f8b,068b0588df9e9fdbb05afdf595f3368a04a79857d2b776cc9857fa01d2af3f8b,8446,identical,byte-identical to curated source
src/robust_qsvt_se/qsvt/phase_synthesis.py,src/robust_qsvt_se/qsvt/phase_synthesis.py,2291a009520b1ad5daf9cfd4e46e0e84e5d3060b7515f256e05e9c772ef652c5,2291a009520b1ad5daf9cfd4e46e0e84e5d3060b7515f256e05e9c772ef652c5,9282,identical,byte-identical to curated source
src/robust_qsvt_se/qsvt/polynomial.py,src/robust_qsvt_se/qsvt/polynomial.py,11464bf9ab9ef1548a16a6c0a21a4245ff360267f066630dbde7b1d39d6e73a5,11464bf9ab9ef1548a16a6c0a21a4245ff360267f066630dbde7b1d39d6e73a5,6333,identical,byte-identical to curated source
src/robust_qsvt_se/qsvt/polynomial_action_decomposition.py,src/robust_qsvt_se/qsvt/polynomial_action_decomposition.py,b54c51d8b9e43fe6673984c4b761b559b84e010fe2af7e96723f9f263770b594,b54c51d8b9e43fe6673984c4b761b559b84e010fe2af7e96723f9f263770b594,22085,identical,byte-identical to curated source
src/robust_qsvt_se/qsvt/polynomial_approximation.py,src/robust_qsvt_se/qsvt/polynomial_approximation.py,fa1953b96822043762043223605f700a28162f0da816b276898b16957cb0794b,fa1953b96822043762043223605f700a28162f0da816b276898b16957cb0794b,16807,identical,byte-identical to curated source
src/robust_qsvt_se/qsvt/polynomial_method_comparison.py,src/robust_qsvt_se/qsvt/polynomial_method_comparison.py,6b352a2abece2ea910af3e91485152666412d7af9e78f67646a6fc79ca897ecb,6b352a2abece2ea910af3e91485152666412d7af9e78f67646a6fc79ca897ecb,6909,identical,byte-identical to curated source
src/robust_qsvt_se/qsvt/power_observable_mapping.py,src/robust_qsvt_se/qsvt/power_observable_mapping.py,e4a06ba89738f3ed96376484ee67334aef0d62194cf397e634c3092453dada8d,e4a06ba89738f3ed96376484ee67334aef0d62194cf397e634c3092453dada8d,14350,identical,byte-identical to curated source
src/robust_qsvt_se/qsvt/power_observable_protocols.py,src/robust_qsvt_se/qsvt/power_observable_protocols.py,9ee26eae957fdca38de14a830fd3c6c7ed307478b0bcabbfd1a088c22fa19cb9,9ee26eae957fdca38de14a830fd3c6c7ed307478b0bcabbfd1a088c22fa19cb9,20468,identical,byte-identical to curated source
src/robust_qsvt_se/qsvt/power_observables.py,src/robust_qsvt_se/qsvt/power_observables.py,3f01d1640e06487603471d3b185c7e7cc2e535a0fc0e6bb9d1019fd3763cbe42,3f01d1640e06487603471d3b185c7e7cc2e535a0fc0e6bb9d1019fd3763cbe42,8306,identical,byte-identical to curated source
src/robust_qsvt_se/qsvt/preconditioning_diagnostics.py,src/robust_qsvt_se/qsvt/preconditioning_diagnostics.py,51234680bfdd689a42cb6e7fecebb2f746adedaa042c69595894c21fcadbee56,51234680bfdd689a42cb6e7fecebb2f746adedaa042c69595894c21fcadbee56,4534,identical,byte-identical to curated source
src/robust_qsvt_se/qsvt/qiskit_demo.py,src/robust_qsvt_se/qsvt/qiskit_demo.py,47e7859eaa3d575bec41997d79e83a373c270dfc5bd7e8110dfa9c14281d71c9,47e7859eaa3d575bec41997d79e83a373c270dfc5bd7e8110dfa9c14281d71c9,10000,identical,byte-identical to curated source
src/robust_qsvt_se/qsvt/qiskit_matrix_qsvt.py,src/robust_qsvt_se/qsvt/qiskit_matrix_qsvt.py,883d5eed6b942aeedeea78ac514737c7202e144fbb6f153447d7a145947f0f85,883d5eed6b942aeedeea78ac514737c7202e144fbb6f153447d7a145947f0f85,16125,identical,byte-identical to curated source
src/robust_qsvt_se/qsvt/qsp_validation.py,src/robust_qsvt_se/qsvt/qsp_validation.py,d480a2913c5bf3544150ed85939bd5487b2ef961ec8b499c35c9ad433fef2e83,d480a2913c5bf3544150ed85939bd5487b2ef961ec8b499c35c9ad433fef2e83,3649,identical,byte-identical to curated source
src/robust_qsvt_se/qsvt/qsvt_update_workflow.py,src/robust_qsvt_se/qsvt/qsvt_update_workflow.py,75280596635fe49b949a7835890c7e1ddb8701057d4abcc842c4d95c64968800,75280596635fe49b949a7835890c7e1ddb8701057d4abcc842c4d95c64968800,25223,identical,byte-identical to curated source
src/robust_qsvt_se/qsvt/readout_analysis.py,src/robust_qsvt_se/qsvt/readout_analysis.py,95de704d63c2c1fb44435ea11d7c091393b02eaa6566986ee251f79cc6ce4a11,95de704d63c2c1fb44435ea11d7c091393b02eaa6566986ee251f79cc6ce4a11,5807,identical,byte-identical to curated source
src/robust_qsvt_se/qsvt/readout_diagnostics.py,src/robust_qsvt_se/qsvt/readout_diagnostics.py,92466af70adbd7ca53679d0785926c3184c9948dc0d8177352aea600e6282733,92466af70adbd7ca53679d0785926c3184c9948dc0d8177352aea600e6282733,5436,identical,byte-identical to curated source
src/robust_qsvt_se/qsvt/rectangular_convention.py,src/robust_qsvt_se/qsvt/rectangular_convention.py,dc50b4357c2d7fbb11dc5db6e4c173259ae8af2931a11b7a13138ce28f5f71a3,dc50b4357c2d7fbb11dc5db6e4c173259ae8af2931a11b7a13138ce28f5f71a3,10822,identical,byte-identical to curated source
src/robust_qsvt_se/qsvt/rectangular_padded_workload.py,src/robust_qsvt_se/qsvt/rectangular_padded_workload.py,df79106b5708943510d15922e610d246b8efdd91a768af400b1278d0252bdcb4,df79106b5708943510d15922e610d246b8efdd91a768af400b1278d0252bdcb4,6366,identical,byte-identical to curated source
src/robust_qsvt_se/qsvt/refined_selected_subproblem_solver.py,src/robust_qsvt_se/qsvt/refined_selected_subproblem_solver.py,7ecf0c54f993684245a67074ec78076ad499a3015864796db061f6fd1efbbb2d,7ecf0c54f993684245a67074ec78076ad499a3015864796db061f6fd1efbbb2d,7207,identical,byte-identical to curated source
src/robust_qsvt_se/qsvt/research_matrix.py,src/robust_qsvt_se/qsvt/research_matrix.py,1775baba91b4e75616038be9cb0a4e20e4434ae91dcfe52f7b893ad7330557d2,1775baba91b4e75616038be9cb0a4e20e4434ae91dcfe52f7b893ad7330557d2,15437,identical,byte-identical to curated source
src/robust_qsvt_se/qsvt/residual_feasible_codesigned_search.py,src/robust_qsvt_se/qsvt/residual_feasible_codesigned_search.py,7a6aa42ea1f923684dfc91199cd7b240bab49eade600925e148b0f07224be56c,7a6aa42ea1f923684dfc91199cd7b240bab49eade600925e148b0f07224be56c,16057,identical,byte-identical to curated source
src/robust_qsvt_se/qsvt/residual_feasible_config_search.py,src/robust_qsvt_se/qsvt/residual_feasible_config_search.py,a099c69d31d249f428bfaf6bc3ae096b981f8a4c5dd0325373e3382d02261541,a099c69d31d249f428bfaf6bc3ae096b981f8a4c5dd0325373e3382d02261541,38328,identical,byte-identical to curated source
src/robust_qsvt_se/qsvt/residual_feasible_gate_validation.py,src/robust_qsvt_se/qsvt/residual_feasible_gate_validation.py,148fde4662d8490760271afa4761876b68cee01517022dc98d1568562e809171,148fde4662d8490760271afa4761876b68cee01517022dc98d1568562e809171,20314,identical,byte-identical to curated source
src/robust_qsvt_se/qsvt/residual_feasible_with_amplitude_recovery.py,src/robust_qsvt_se/qsvt/residual_feasible_with_amplitude_recovery.py,7ed376a8b41d965e1f37da8b5d491dee35438ac7065a4b5f1470416caddee537,7ed376a8b41d965e1f37da8b5d491dee35438ac7065a4b5f1470416caddee537,23178,identical,byte-identical to curated source
src/robust_qsvt_se/qsvt/resource_estimator.py,src/robust_qsvt_se/qsvt/resource_estimator.py,a0648232b4e45b1fdebc4ea24d492d914b3407a124f9c5d9cf1cdb4d1b7c6dbd,a0648232b4e45b1fdebc4ea24d492d914b3407a124f9c5d9cf1cdb4d1b7c6dbd,6700,identical,byte-identical to curated source
src/robust_qsvt_se/qsvt/resources.py,src/robust_qsvt_se/qsvt/resources.py,4203515efe556ab237350ef65b805ab7132ee355aeabfac58283b587c4d22bb9,4203515efe556ab237350ef65b805ab7132ee355aeabfac58283b587c4d22bb9,3882,identical,byte-identical to curated source
src/robust_qsvt_se/qsvt/ridge_output_certificate.py,src/robust_qsvt_se/qsvt/ridge_output_certificate.py,0dc1bb21d2406ed6f8991b76cda4c3ddf3f73a6633963bb620c97354c59bc4c9,0dc1bb21d2406ed6f8991b76cda4c3ddf3f73a6633963bb620c97354c59bc4c9,9150,identical,byte-identical to curated source
src/robust_qsvt_se/qsvt/robustness_gate_validation.py,src/robust_qsvt_se/qsvt/robustness_gate_validation.py,ddcb7274af27a3be414d0dacc9a9de241c7bc999f3b9098964784acfe890362a,ddcb7274af27a3be414d0dacc9a9de241c7bc999f3b9098964784acfe890362a,16639,identical,byte-identical to curated source
src/robust_qsvt_se/qsvt/run_full_matrix_qsvt.py,src/robust_qsvt_se/qsvt/run_full_matrix_qsvt.py,4b235de9d69c217aa64a41ce93f70661b133d0d62d15f68e0dd11e79fa1bd1ce,4b235de9d69c217aa64a41ce93f70661b133d0d62d15f68e0dd11e79fa1bd1ce,15351,identical,byte-identical to curated source
src/robust_qsvt_se/qsvt/run_hardware_qsvt_demo.py,src/robust_qsvt_se/qsvt/run_hardware_qsvt_demo.py,4f0ef9e0624f616c5f4e79a5e93015f13df287946b8e35b384cc90faa8a1eabb,4f0ef9e0624f616c5f4e79a5e93015f13df287946b8e35b384cc90faa8a1eabb,9947,identical,byte-identical to curated source
src/robust_qsvt_se/qsvt/run_pennylane_qsvt_demo.py,src/robust_qsvt_se/qsvt/run_pennylane_qsvt_demo.py,27e4c8c8cb90058c47aa1507bc7a67f0da4abf069c6220e4a5264cb631cbd3c0,27e4c8c8cb90058c47aa1507bc7a67f0da4abf069c6220e4a5264cb631cbd3c0,516,identical,byte-identical to curated source
src/robust_qsvt_se/qsvt/run_phase_demo.py,src/robust_qsvt_se/qsvt/run_phase_demo.py,5bd6fb6a5e3a4bf6f253927fcf441225b89d51f46b700a35f51ba08616fd28ac,5bd6fb6a5e3a4bf6f253927fcf441225b89d51f46b700a35f51ba08616fd28ac,26442,identical,byte-identical to curated source
src/robust_qsvt_se/qsvt/run_qiskit_qsvt_demo.py,src/robust_qsvt_se/qsvt/run_qiskit_qsvt_demo.py,f4ddce8922efc2c64f2ffdd0cef9df1962726003a70e3037847eb450062229dc,f4ddce8922efc2c64f2ffdd0cef9df1962726003a70e3037847eb450062229dc,500,identical,byte-identical to curated source
src/robust_qsvt_se/qsvt/scalable_block_encoding.py,src/robust_qsvt_se/qsvt/scalable_block_encoding.py,4741f15c15b04a6a358731a0a2f8e8d06d03a8b68e867332ad51e23bf896e471,4741f15c15b04a6a358731a0a2f8e8d06d03a8b68e867332ad51e23bf896e471,10264,identical,byte-identical to curated source
src/robust_qsvt_se/qsvt/scalable_qsvt_report.py,src/robust_qsvt_se/qsvt/scalable_qsvt_report.py,fd11a17542d0a421a664fd2991f919fd276e9daa603432ecad5ffd7b9d1ae06c,fd11a17542d0a421a664fd2991f919fd276e9daa603432ecad5ffd7b9d1ae06c,18295,identical,byte-identical to curated source
src/robust_qsvt_se/qsvt/scale_recovery_protocols.py,src/robust_qsvt_se/qsvt/scale_recovery_protocols.py,7c75e9bd5dfe600e7a262b487c29ce5615d77bcdf38c6f127dbf2a717eaa7d8b,7c75e9bd5dfe600e7a262b487c29ce5615d77bcdf38c6f127dbf2a717eaa7d8b,24291,identical,byte-identical to curated source
src/robust_qsvt_se/qsvt/selected_alpha_validation.py,src/robust_qsvt_se/qsvt/selected_alpha_validation.py,85ca90f132ded3e61cffa02e4f69cd3f0803b454217d78eb18a012d02c7be804,85ca90f132ded3e61cffa02e4f69cd3f0803b454217d78eb18a012d02c7be804,12083,identical,byte-identical to curated source
src/robust_qsvt_se/qsvt/selected_observables.py,src/robust_qsvt_se/qsvt/selected_observables.py,29f9f541d5a633aa508fa5ec6dcc583947e90d3b82be3dad20e79f67ae077901,29f9f541d5a633aa508fa5ec6dcc583947e90d3b82be3dad20e79f67ae077901,15449,identical,byte-identical to curated source
src/robust_qsvt_se/qsvt/selected_solver_prototype_package.py,src/robust_qsvt_se/qsvt/selected_solver_prototype_package.py,06078c67833d3a054d9c141e0f03f398977837ca8b8dd21ac551de8de36d94ad,06078c67833d3a054d9c141e0f03f398977837ca8b8dd21ac551de8de36d94ad,23331,identical,byte-identical to curated source
src/robust_qsvt_se/qsvt/shot_readout_model.py,src/robust_qsvt_se/qsvt/shot_readout_model.py,ac56162a08d164d7bdb8d1b5a9a900d89d3fa5e30c68ac2c781c949191433bcb,ac56162a08d164d7bdb8d1b5a9a900d89d3fa5e30c68ac2c781c949191433bcb,11381,identical,byte-identical to curated source
src/robust_qsvt_se/qsvt/simulation.py,src/robust_qsvt_se/qsvt/simulation.py,45bdbc49eaf9657396a455e16720d2c786ab51ef282a57fdaeb6b41f0bc42860,45bdbc49eaf9657396a455e16720d2c786ab51ef282a57fdaeb6b41f0bc42860,1685,identical,byte-identical to curated source
src/robust_qsvt_se/qsvt/solver_prototype_consolidation_audit.py,src/robust_qsvt_se/qsvt/solver_prototype_consolidation_audit.py,7df6e9b91a5a5bfc7c6248e448fca94a939c3218ecc67f852ab7e748f762f1f9,7df6e9b91a5a5bfc7c6248e448fca94a939c3218ecc67f852ab7e748f762f1f9,10607,identical,byte-identical to curated source
src/robust_qsvt_se/qsvt/sparse_access.py,src/robust_qsvt_se/qsvt/sparse_access.py,42dbea6971df21215a6759b8f46d5e64021f665f6532047d8a84b4d5628589ae,42dbea6971df21215a6759b8f46d5e64021f665f6532047d8a84b4d5628589ae,10307,identical,byte-identical to curated source
src/robust_qsvt_se/qsvt/sparse_access_oracle.py,src/robust_qsvt_se/qsvt/sparse_access_oracle.py,ab2ffa1d7e0e55e3795b2bd3528a6b0f5f622700ad443c48ead854324395f697,ab2ffa1d7e0e55e3795b2bd3528a6b0f5f622700ad443c48ead854324395f697,10498,identical,byte-identical to curated source
src/robust_qsvt_se/qsvt/sparse_block_encoding_wrapper.py,src/robust_qsvt_se/qsvt/sparse_block_encoding_wrapper.py,e25bef7071e22c2854922176347ffdc5f40d975f1ccdc278b084d5285dcf33c2,e25bef7071e22c2854922176347ffdc5f40d975f1ccdc278b084d5285dcf33c2,29453,identical,byte-identical to curated source
src/robust_qsvt_se/qsvt/sparse_error_precision_study.py,src/robust_qsvt_se/qsvt/sparse_error_precision_study.py,24f47f2ce49fd465d1363cc434d0b5aeb34723e7ef55d98786f18f710852c23f,24f47f2ce49fd465d1363cc434d0b5aeb34723e7ef55d98786f18f710852c23f,113761,identical,byte-identical to curated source
src/robust_qsvt_se/qsvt/sparse_integrated_chain.py,src/robust_qsvt_se/qsvt/sparse_integrated_chain.py,22a4bb38ebf4c55295cad2d6caa866077fc84eae7a88da9eabbde77505bec1e7,22a4bb38ebf4c55295cad2d6caa866077fc84eae7a88da9eabbde77505bec1e7,87175,identical,byte-identical to curated source
src/robust_qsvt_se/qsvt/sparse_oracle_assumption_ledger.py,src/robust_qsvt_se/qsvt/sparse_oracle_assumption_ledger.py,a529fe4e137de2b14dcdc4f097ce91495517b0928996c085af5e206e02f07028,a529fe4e137de2b14dcdc4f097ce91495517b0928996c085af5e206e02f07028,14251,identical,byte-identical to curated source
src/robust_qsvt_se/qsvt/sparse_oracle_gates.py,src/robust_qsvt_se/qsvt/sparse_oracle_gates.py,a40dceffbf9c52d4ea32a09a2a6e65769925b250a22b21140d7da61fda573cc1,a40dceffbf9c52d4ea32a09a2a6e65769925b250a22b21140d7da61fda573cc1,10886,identical,byte-identical to curated source
src/robust_qsvt_se/qsvt/stable_phase_candidates.py,src/robust_qsvt_se/qsvt/stable_phase_candidates.py,3f8bafad2c794315012d264c9126e21c6acdc307c58833ea1dce0523ede1a17d,3f8bafad2c794315012d264c9126e21c6acdc307c58833ea1dce0523ede1a17d,28899,identical,byte-identical to curated source
src/robust_qsvt_se/qsvt/stable_phase_validation.py,src/robust_qsvt_se/qsvt/stable_phase_validation.py,682cf72f418a037336821baee237bde07fb9344712d804a59177a25f9830b730,682cf72f418a037336821baee237bde07fb9344712d804a59177a25f9830b730,17220,identical,byte-identical to curated source
src/robust_qsvt_se/qsvt/state_demo.py,src/robust_qsvt_se/qsvt/state_demo.py,4821c985c53edd8c44116e77af8950e3fb73ec296565a86b695beed21e4ab7fd,4821c985c53edd8c44116e77af8950e3fb73ec296565a86b695beed21e4ab7fd,5834,identical,byte-identical to curated source
src/robust_qsvt_se/qsvt/state_metadata.py,src/robust_qsvt_se/qsvt/state_metadata.py,95b5d25993d560ec0cd759213037e3394589c1901ed2a037b3f6b0a54754c9c7,95b5d25993d560ec0cd759213037e3394589c1901ed2a037b3f6b0a54754c9c7,6548,identical,byte-identical to curated source
src/robust_qsvt_se/qsvt/state_preparation_model.py,src/robust_qsvt_se/qsvt/state_preparation_model.py,c54fe81ee927d6a16647870b001eb7b44c6496aee04a7cd4e5adceb17ebffd8b,c54fe81ee927d6a16647870b001eb7b44c6496aee04a7cd4e5adceb17ebffd8b,7960,identical,byte-identical to curated source
src/robust_qsvt_se/qsvt/subproblem_selection_policy.py,src/robust_qsvt_se/qsvt/subproblem_selection_policy.py,0478269439699f03981f9e2cbb8e6d9eb9e0f77af2b853a2bdeb00e8d178ac3b,0478269439699f03981f9e2cbb8e6d9eb9e0f77af2b853a2bdeb00e8d178ac3b,19376,identical,byte-identical to curated source
src/robust_qsvt_se/qsvt/subproblem_sweep.py,src/robust_qsvt_se/qsvt/subproblem_sweep.py,d4384fa2a6d70c837063a4f790015b7742e5dcc3912865e2867ed0d427bb0389,d4384fa2a6d70c837063a4f790015b7742e5dcc3912865e2867ed0d427bb0389,15576,identical,byte-identical to curated source
src/robust_qsvt_se/qsvt/success_amplification_cost.py,src/robust_qsvt_se/qsvt/success_amplification_cost.py,e300183ab6f4711dd8589853e8a72d78a4b2f0f9e00ac46bab986b5fe806fba5,e300183ab6f4711dd8589853e8a72d78a4b2f0f9e00ac46bab986b5fe806fba5,8985,identical,byte-identical to curated source
src/robust_qsvt_se/qsvt/sym_qsp_circuit_action.py,src/robust_qsvt_se/qsvt/sym_qsp_circuit_action.py,97d47889c0aeafb0f3c90a2c540ce25d0dbd3ada630ef172320c61a22d3025b7,97d47889c0aeafb0f3c90a2c540ce25d0dbd3ada630ef172320c61a22d3025b7,12966,identical,byte-identical to curated source
src/robust_qsvt_se/qsvt/toy_sparse_oracle_block_encoding_v2.py,src/robust_qsvt_se/qsvt/toy_sparse_oracle_block_encoding_v2.py,8a14f2b668489a0ac179c26cb0e56a24360043b029f92a421901f27e5430b6ef,8a14f2b668489a0ac179c26cb0e56a24360043b029f92a421901f27e5430b6ef,31764,identical,byte-identical to curated source
src/robust_qsvt_se/qsvt/toy_sparse_oracle_circuit.py,src/robust_qsvt_se/qsvt/toy_sparse_oracle_circuit.py,f5e75cdcbeb6db7355dd50ef4ebde525f30530a5d364fd35d3d81a2642304535,f5e75cdcbeb6db7355dd50ef4ebde525f30530a5d364fd35d3d81a2642304535,4642,identical,byte-identical to curated source
src/robust_qsvt_se/qsvt/tqe_additional_common.py,src/robust_qsvt_se/qsvt/tqe_additional_common.py,9272bc258bb68ef14bce4d587bfceaeafd547a42d6b416410caecd3d3626e167,9272bc258bb68ef14bce4d587bfceaeafd547a42d6b416410caecd3d3626e167,58304,identical,byte-identical to curated source
src/robust_qsvt_se/qsvt/tqe_circuit_level_block_encoding.py,src/robust_qsvt_se/qsvt/tqe_circuit_level_block_encoding.py,97b7d5b908e94edc87c7fb980d8512d72a71a472d0d3cd48ac8bbc65c0a979e6,97b7d5b908e94edc87c7fb980d8512d72a71a472d0d3cd48ac8bbc65c0a979e6,38454,identical,byte-identical to curated source
src/robust_qsvt_se/qsvt/tqe_degree_alpha_precision_sweep.py,src/robust_qsvt_se/qsvt/tqe_degree_alpha_precision_sweep.py,cf25711a759f0077f954647bac642c5a0645c2c6e8e8fb4090016a76eb18ee38,cf25711a759f0077f954647bac642c5a0645c2c6e8e8fb4090016a76eb18ee38,36925,identical,byte-identical to curated source
src/robust_qsvt_se/qsvt/tqe_end_to_end_qsvt_vs_ridge.py,src/robust_qsvt_se/qsvt/tqe_end_to_end_qsvt_vs_ridge.py,7b5b2005c47d26fdfe38c826eb83f557bfec166829cae6a336d609f1365fe9cc,7b5b2005c47d26fdfe38c826eb83f557bfec166829cae6a336d609f1365fe9cc,44414,identical,byte-identical to curated source
src/robust_qsvt_se/qsvt/tqe_explicit_block_encoding_demo.py,src/robust_qsvt_se/qsvt/tqe_explicit_block_encoding_demo.py,014e0e2f70295c12f9be650ba975a7d726e35a401c7c6d54b9d8f8cd97f5e4e9,014e0e2f70295c12f9be650ba975a7d726e35a401c7c6d54b9d8f8cd97f5e4e9,19066,identical,byte-identical to curated source
src/robust_qsvt_se/qsvt/tqe_final_robustness_audits.py,src/robust_qsvt_se/qsvt/tqe_final_robustness_audits.py,266bc38fbfd70731e60b1c141425e880af58e88e434bb29a1d55630a60b13fc2,266bc38fbfd70731e60b1c141425e880af58e88e434bb29a1d55630a60b13fc2,80922,identical,byte-identical to curated source
src/robust_qsvt_se/qsvt/tqe_full_gate_level_degree_remediation.py,src/robust_qsvt_se/qsvt/tqe_full_gate_level_degree_remediation.py,e818ed17bccb7f6c5b3fad45ded77daec99905ae57595f40035cbc25282a2144,e818ed17bccb7f6c5b3fad45ded77daec99905ae57595f40035cbc25282a2144,16758,identical,byte-identical to curated source
src/robust_qsvt_se/qsvt/tqe_full_gate_level_qsvt_coverage.py,src/robust_qsvt_se/qsvt/tqe_full_gate_level_qsvt_coverage.py,85cdcb52ba608498ebe97e6f0588b4437ccce10470ebff40f05ec351262eca87,85cdcb52ba608498ebe97e6f0588b4437ccce10470ebff40f05ec351262eca87,41597,identical,byte-identical to curated source
src/robust_qsvt_se/qsvt/tqe_integrated_small_qsvt_circuit.py,src/robust_qsvt_se/qsvt/tqe_integrated_small_qsvt_circuit.py,38d9a89448139114284c088887216c431f1ff26db016636771db06735c702202,38d9a89448139114284c088887216c431f1ff26db016636771db06735c702202,50554,identical,byte-identical to curated source
src/robust_qsvt_se/qsvt/tqe_nonlinear_ac_per_iteration_feasibility.py,src/robust_qsvt_se/qsvt/tqe_nonlinear_ac_per_iteration_feasibility.py,7a9b11426ecb0f5e9c95c46a232aa32f3cf99f2deb1c86588faa6cfe3216caad,7a9b11426ecb0f5e9c95c46a232aa32f3cf99f2deb1c86588faa6cfe3216caad,57498,identical,byte-identical to curated source
src/robust_qsvt_se/qsvt/tqe_observable_first_readout.py,src/robust_qsvt_se/qsvt/tqe_observable_first_readout.py,6f563319ddf0568267eb28f92ac04f543f9cda2b31c70a86d77b8b6b55415a8a,6f563319ddf0568267eb28f92ac04f543f9cda2b31c70a86d77b8b6b55415a8a,42459,identical,byte-identical to curated source
src/robust_qsvt_se/qsvt/tqe_phase_synthesis_8x8_rescue.py,src/robust_qsvt_se/qsvt/tqe_phase_synthesis_8x8_rescue.py,7a24e21d6c7c26bf83cd0fd788f3210951eccc14ab879364ef4cc2811fcbc478,7a24e21d6c7c26bf83cd0fd788f3210951eccc14ab879364ef4cc2811fcbc478,43331,identical,byte-identical to curated source
src/robust_qsvt_se/qsvt/tqe_sparse_oracle_block_encoding_model.py,src/robust_qsvt_se/qsvt/tqe_sparse_oracle_block_encoding_model.py,b3d5c01fe6d494329fabd146c230506b93836c30c8773e5f25b2c66623b62d4b,b3d5c01fe6d494329fabd146c230506b93836c30c8773e5f25b2c66623b62d4b,43235,identical,byte-identical to curated source
src/robust_qsvt_se/qsvt/weighted_singular_support.py,src/robust_qsvt_se/qsvt/weighted_singular_support.py,9f3a11f2b3b79bd9d3c285f9083016851abb53aae034b3f9d3f8eba7fbeebb25,9f3a11f2b3b79bd9d3c285f9083016851abb53aae034b3f9d3f8eba7fbeebb25,18352,identical,byte-identical to curated source
src/robust_qsvt_se/reviewer_blocking/__init__.py,src/robust_qsvt_se/reviewer_blocking/__init__.py,88800a7143246c9b01ddc340574054b917f7ea62a6008d090053df69834e2b85,88800a7143246c9b01ddc340574054b917f7ea62a6008d090053df69834e2b85,1001,identical,byte-identical to curated source
src/robust_qsvt_se/reviewer_blocking/common.py,src/robust_qsvt_se/reviewer_blocking/common.py,24652acd00e0545426a153bfc66d9f232174927cbbfa525659c6019197610381,24652acd00e0545426a153bfc66d9f232174927cbbfa525659c6019197610381,12501,identical,byte-identical to curated source
src/robust_qsvt_se/reviewer_blocking/exact_loss_baselines.py,src/robust_qsvt_se/reviewer_blocking/exact_loss_baselines.py,58e2508b3bcb1ba8d41e975dbcfb8a2d5c90105da64a3d474e8d96666b23f5f1,58e2508b3bcb1ba8d41e975dbcfb8a2d5c90105da64a3d474e8d96666b23f5f1,42106,identical,byte-identical to curated source
src/robust_qsvt_se/reviewer_blocking/joint_feasibility.py,src/robust_qsvt_se/reviewer_blocking/joint_feasibility.py,9199693ca744aeadbac71382ad29e8f13e48f81387ed5cd19ae8e3fd730cbc33,9199693ca744aeadbac71382ad29e8f13e48f81387ed5cd19ae8e3fd730cbc33,32987,identical,byte-identical to curated source
src/robust_qsvt_se/reviewer_blocking/physical_functionals.py,src/robust_qsvt_se/reviewer_blocking/physical_functionals.py,cc894cc32448427a028a95b8780029b85a25188a71a1223a0a5d51c05c9693b2,cc894cc32448427a028a95b8780029b85a25188a71a1223a0a5d51c05c9693b2,24300,identical,byte-identical to curated source
src/robust_qsvt_se/reviewer_blocking/protected_hash.py,src/robust_qsvt_se/reviewer_blocking/protected_hash.py,11baf398fba561919ac88f95c64231111c26edf877b32f3226100597fa9856e6,11baf398fba561919ac88f95c64231111c26edf877b32f3226100597fa9856e6,4146,identical,byte-identical to curated source
src/robust_qsvt_se/reviewer_blocking/resource_pareto.py,src/robust_qsvt_se/reviewer_blocking/resource_pareto.py,d327bddfa7366c3aa72a5b3dfc65cb08f05c766392cb736e0ffe5a5a3458103c,d327bddfa7366c3aa72a5b3dfc65cb08f05c766392cb736e0ffe5a5a3458103c,29680,identical,byte-identical to curated source
src/robust_qsvt_se/reviewer_evidence/__init__.py,src/robust_qsvt_se/reviewer_evidence/__init__.py,763bc314814113db4d9c0616dd94857315a6246690df23b7466b207550993a55,763bc314814113db4d9c0616dd94857315a6246690df23b7466b207550993a55,869,identical,byte-identical to curated source
src/robust_qsvt_se/reviewer_evidence/engine.py,src/robust_qsvt_se/reviewer_evidence/engine.py,af7047ed66332ed99ed76152e8fc345ca2d73975727b299e34e4488a6e7e8b31,af7047ed66332ed99ed76152e8fc345ca2d73975727b299e34e4488a6e7e8b31,16560,identical,byte-identical to curated source
src/robust_qsvt_se/reviewer_evidence/finalize.py,src/robust_qsvt_se/reviewer_evidence/finalize.py,b17e84e91968ce8bd4bbe6214a3427ddf8fdc73625807d37693819116da667ae,b17e84e91968ce8bd4bbe6214a3427ddf8fdc73625807d37693819116da667ae,9124,identical,byte-identical to curated source
src/robust_qsvt_se/reviewer_evidence/high_degree.py,src/robust_qsvt_se/reviewer_evidence/high_degree.py,bb1d9410562fd13fcff746c6980ddc24a56c9475bcdb5c544a5e451dd5c760fd,bb1d9410562fd13fcff746c6980ddc24a56c9475bcdb5c544a5e451dd5c760fd,22320,identical,byte-identical to curated source
src/robust_qsvt_se/reviewer_evidence/physical_accuracy.py,src/robust_qsvt_se/reviewer_evidence/physical_accuracy.py,921a71209be119b3017df5f06bc446fd994aad8d2d4eed86e593c67266960888,921a71209be119b3017df5f06bc446fd994aad8d2d4eed86e593c67266960888,13353,identical,byte-identical to curated source
src/robust_qsvt_se/reviewer_evidence/reporting.py,src/robust_qsvt_se/reviewer_evidence/reporting.py,b2e206d83490189f153353c5dd130ce889ae2a3f35508c2810e7a3df55dfeea2,b2e206d83490189f153353c5dd130ce889ae2a3f35508c2810e7a3df55dfeea2,15512,identical,byte-identical to curated source
src/robust_qsvt_se/reviewer_evidence/structure_stats.py,src/robust_qsvt_se/reviewer_evidence/structure_stats.py,ddc79302b7d51e294a664e965df1b803d9c5eb527c4e2c422f3342949fd1b720,ddc79302b7d51e294a664e965df1b803d9c5eb527c4e2c422f3342949fd1b720,10011,identical,byte-identical to curated source
src/robust_qsvt_se/reviewer_evidence/task_aware_baselines.py,src/robust_qsvt_se/reviewer_evidence/task_aware_baselines.py,2a75ac075fd0e9d6d9d89cbf5552fcf24913423b4634e10342e278d72a816d64,2a75ac075fd0e9d6d9d89cbf5552fcf24913423b4634e10342e278d72a816d64,12796,identical,byte-identical to curated source
src/robust_qsvt_se/tqe_extensions/__init__.py,src/robust_qsvt_se/tqe_extensions/__init__.py,493d17178e46f286e3dbe1708ca5cabc7eca1891193d6d4439caabcb69c56c2a,493d17178e46f286e3dbe1708ca5cabc7eca1891193d6d4439caabcb69c56c2a,1715,identical,byte-identical to curated source
src/robust_qsvt_se/tqe_extensions/closed_loop_nonlinear_update.py,src/robust_qsvt_se/tqe_extensions/closed_loop_nonlinear_update.py,46bf4ef463b77ade39d955c072fb92398c729009915b0e020dd379263b955b5d,46bf4ef463b77ade39d955c072fb92398c729009915b0e020dd379263b955b5d,127855,identical,byte-identical to curated source
src/robust_qsvt_se/tqe_extensions/common.py,src/robust_qsvt_se/tqe_extensions/common.py,342b212b84d681fc8435360c868822f35a773e27972282022adbc6aec41f751e,342b212b84d681fc8435360c868822f35a773e27972282022adbc6aec41f751e,8059,identical,byte-identical to curated source
src/robust_qsvt_se/tqe_extensions/degree_lambda_scaling.py,src/robust_qsvt_se/tqe_extensions/degree_lambda_scaling.py,bd145dbf981bc4a4bda55d1dc28a8908bdf2e0637dd6fad05823e2c487e065fe,bd145dbf981bc4a4bda55d1dc28a8908bdf2e0637dd6fad05823e2c487e065fe,31812,identical,byte-identical to curated source
src/robust_qsvt_se/tqe_extensions/joint_four_condition.py,src/robust_qsvt_se/tqe_extensions/joint_four_condition.py,ff4432d3e8a73389a31c8574e065f6cbe0fd4ec6bce9fecba415240bb1dd825e,ff4432d3e8a73389a31c8574e065f6cbe0fd4ec6bce9fecba415240bb1dd825e,58794,identical,byte-identical to curated source
src/robust_qsvt_se/tqe_extensions/nonlinear_circuit_loop.py,src/robust_qsvt_se/tqe_extensions/nonlinear_circuit_loop.py,07941037e1079f10d0ae07fc69c086cf7b4af7b85cfacf0d771b72d3b4d06aad,07941037e1079f10d0ae07fc69c086cf7b4af7b85cfacf0d771b72d3b4d06aad,29246,identical,byte-identical to curated source
src/robust_qsvt_se/tqe_extensions/reporting.py,src/robust_qsvt_se/tqe_extensions/reporting.py,d41c3a3ca1f99c59a93fb7f196b95767b50a4be1614ff8f40932143266f4ef94,d41c3a3ca1f99c59a93fb7f196b95767b50a4be1614ff8f40932143266f4ef94,33884,identical,byte-identical to curated source
src/robust_qsvt_se/tqe_extensions/row_sparsification.py,src/robust_qsvt_se/tqe_extensions/row_sparsification.py,75b2851f6ca41772fb2a1059360744f85f1fd6eec04fa6d2d1b4314f8e298f47,75b2851f6ca41772fb2a1059360744f85f1fd6eec04fa6d2d1b4314f8e298f47,39626,identical,byte-identical to curated source
src/robust_qsvt_se/utils/__init__.py,src/robust_qsvt_se/utils/__init__.py,67386d124339118bb3f0e8ba78e7af305e0b8726b3df47f8061edec4c06e072a,67386d124339118bb3f0e8ba78e7af305e0b8726b3df47f8061edec4c06e072a,30,identical,byte-identical to curated source
src/robust_qsvt_se/utils/config.py,src/robust_qsvt_se/utils/config.py,85fc3a058a422e99e0304508095efe46a59e4715487c13c03f6790655a228d1b,85fc3a058a422e99e0304508095efe46a59e4715487c13c03f6790655a228d1b,19555,identical,byte-identical to curated source
src/robust_qsvt_se/utils/io.py,src/robust_qsvt_se/utils/io.py,e545eab7068da212d8d9159af34949a4abb54a2d7f26207cad348a4c40f810f0,e545eab7068da212d8d9159af34949a4abb54a2d7f26207cad348a4c40f810f0,614,identical,byte-identical to curated source
src/robust_qsvt_se/utils/logging.py,src/robust_qsvt_se/utils/logging.py,d1e46fada563632a43c6d95f1b13d224628f1333a6bcabb1d2afb129a4a23d30,d1e46fada563632a43c6d95f1b13d224628f1333a6bcabb1d2afb129a4a23d30,602,identical,byte-identical to curated source
src/robust_qsvt_se/utils/privacy.py,src/robust_qsvt_se/utils/privacy.py,9ae6ae2189a214ebf2154babba01f4f74fb293fef444bbb4fa3b0472865774fe,9ae6ae2189a214ebf2154babba01f4f74fb293fef444bbb4fa3b0472865774fe,2141,identical,byte-identical to curated source
src/robust_qsvt_se/utils/seed.py,src/robust_qsvt_se/utils/seed.py,f61df02e750014da82974e2631535f94dd4046854029139b7edd0517106d267d,f61df02e750014da82974e2631535f94dd4046854029139b7edd0517106d267d,230,identical,byte-identical to curated source
tests/conftest.py,tests/conftest.py,d42e5efed6af391341a24d78687ed97bd6cfddd3cc9ebeb40ecfef6533d6b406,d42e5efed6af391341a24d78687ed97bd6cfddd3cc9ebeb40ecfef6533d6b406,9349,identical,byte-identical to curated source
tests/final_falsification_audit_helpers.py,tests/final_falsification_audit_helpers.py,c545422d232ae1378d39340ca210bcdca062bb9203bbd59e60e543a371066fa6,c545422d232ae1378d39340ca210bcdca062bb9203bbd59e60e543a371066fa6,513,identical,byte-identical to curated source
tests/final_useful_overlap_helpers.py,tests/final_useful_overlap_helpers.py,33507f4de92d5524f9de48050da96197c56d45deb64d0aba15768ccf5e8f6dc6,33507f4de92d5524f9de48050da96197c56d45deb64d0aba15768ccf5e8f6dc6,683,identical,byte-identical to curated source
tests/test_ac_linear_model.py,tests/test_ac_linear_model.py,2d195a940cca3068c84ef2766e274379abbfa4ce9092451239e16ee8d7e0eda0,2d195a940cca3068c84ef2766e274379abbfa4ce9092451239e16ee8d7e0eda0,6482,identical,byte-identical to curated source
tests/test_access_matched_classical_baselines.py,tests/test_access_matched_classical_baselines.py,b47bb2f8542754de6b28fd16f47479295a0954e570103f9bfdb7bff5fe19da9c,b47bb2f8542754de6b28fd16f47479295a0954e570103f9bfdb7bff5fe19da9c,816,identical,byte-identical to curated source
tests/test_accuracy_success_tradeoff.py,tests/test_accuracy_success_tradeoff.py,de678686464989f682656e856f7c26b896a006e1c58df07d183b6ee39063051c,de678686464989f682656e856f7c26b896a006e1c58df07d183b6ee39063051c,2456,identical,byte-identical to curated source
tests/test_alpha_degree_refinement.py,tests/test_alpha_degree_refinement.py,80815f61abbb6831496b65b5c03797abb50dc6983318a22a7a6eaff1b625cf3f,80815f61abbb6831496b65b5c03797abb50dc6983318a22a7a6eaff1b625cf3f,2400,identical,byte-identical to curated source
tests/test_alpha_selection_classification.py,tests/test_alpha_selection_classification.py,696e11493a5aff2ca4e14b6e6e73fb90829fdf7abf0e31bbb9e978f1914ab959,ffc32d3fa5e0dbe4c4af6d0133f4c65420ca8f6ac8e5481f28e9144945125a66,38,modified_test_pruning,public-boundary test-node pruning and the lint cleanup it required
tests/test_alpha_sensitivity_consolidation.py,tests/test_alpha_sensitivity_consolidation.py,535f1ea42dd4a81fd00d81e9d57a6aa751666b0bd2eaab85adedcd53f0b7150e,535f1ea42dd4a81fd00d81e9d57a6aa751666b0bd2eaab85adedcd53f0b7150e,2561,identical,byte-identical to curated source
tests/test_amplitude_estimation_routines.py,tests/test_amplitude_estimation_routines.py,e24126e25498572b1efb693f7aa7b8dbd2cb84c533f6aff7c4b18f318a2bd317,e24126e25498572b1efb693f7aa7b8dbd2cb84c533f6aff7c4b18f318a2bd317,4572,identical,byte-identical to curated source
tests/test_bad_data.py,tests/test_bad_data.py,92e2d599f7489bcf7424e40d48cf736e82b09fd353262f6438564c359858fbc7,92e2d599f7489bcf7424e40d48cf736e82b09fd353262f6438564c359858fbc7,9065,identical,byte-identical to curated source
tests/test_baseline_coverage_extension.py,tests/test_baseline_coverage_extension.py,b0130164b58a9f40964e569279dbd8febec9d934ba52b9fc9e1b316a0d749b5d,b0130164b58a9f40964e569279dbd8febec9d934ba52b9fc9e1b316a0d749b5d,2460,identical,byte-identical to curated source
tests/test_best_config_gate_validation.py,tests/test_best_config_gate_validation.py,5fdb9dbb49e0e57182234fa72e2b9cf9672935ee7846ef773aefdeb7f9342fa6,5fdb9dbb49e0e57182234fa72e2b9cf9672935ee7846ef773aefdeb7f9342fa6,3592,identical,byte-identical to curated source
tests/test_best_config_sampling_validation.py,tests/test_best_config_sampling_validation.py,8217afe8f1e44358122873ed811b96a0c95b2ef231f46a74da31a1bf01ad925e,8217afe8f1e44358122873ed811b96a0c95b2ef231f46a74da31a1bf01ad925e,4512,identical,byte-identical to curated source
tests/test_bipartite_slot_assignment.py,tests/test_bipartite_slot_assignment.py,e7ee97085fe3615625f5b5d4fefabdf857cb3888f6c2b494ed977ea01847aaf7,e7ee97085fe3615625f5b5d4fefabdf857cb3888f6c2b494ed977ea01847aaf7,5367,identical,byte-identical to curated source
tests/test_block_encoding.py,tests/test_block_encoding.py,24016e7afd17ee9738e235e9f4b86bc8a72dc000b36e439fcad2679ba1da1102,24016e7afd17ee9738e235e9f4b86bc8a72dc000b36e439fcad2679ba1da1102,1289,identical,byte-identical to curated source
tests/test_block_size_validity.py,tests/test_block_size_validity.py,730c757b698cb7e0a78a6be128b4caf4a4405ce559902f5c7426cdae276e97b0,730c757b698cb7e0a78a6be128b4caf4a4405ce559902f5c7426cdae276e97b0,6190,identical,byte-identical to curated source
tests/test_bounded_target_designs.py,tests/test_bounded_target_designs.py,c9abab3822fa1b170650538b7ef4179ccb0546638030c1891f3c744dadf1f109,c9abab3822fa1b170650538b7ef4179ccb0546638030c1891f3c744dadf1f109,4825,identical,byte-identical to curated source
tests/test_case_status_consistency.py,tests/test_case_status_consistency.py,1f723bbc3714868dc74787107bfa3067202a5a40935b900a9d7d5884f47424dc,1f723bbc3714868dc74787107bfa3067202a5a40935b900a9d7d5884f47424dc,1091,identical,byte-identical to curated source
tests/test_classical_audit_recheck.py,tests/test_classical_audit_recheck.py,8ea0e2dd65c274741892931c8bfd01ad394ce059cf10ed144ed53e464b0add73,8ea0e2dd65c274741892931c8bfd01ad394ce059cf10ed144ed53e464b0add73,2864,identical,byte-identical to curated source
tests/test_classical_baseline_reproduction.py,tests/test_classical_baseline_reproduction.py,696e11493a5aff2ca4e14b6e6e73fb90829fdf7abf0e31bbb9e978f1914ab959,78890f190ac6ae721ec9cec290b78076f63520c87f6a49491c703a40bd0eda9a,38,modified_test_pruning,public-boundary test-node pruning and the lint cleanup it required
tests/test_classical_selected_observable_baseline.py,tests/test_classical_selected_observable_baseline.py,8f8d66eb8ebfef493df99d0061beddba810d49dc88b364d78cf323af5d97fcd5,ed4ec787a45d21da06c8f7807e54d35a3749d5538ec3a945f018a39738b82f4d,701,modified_test_pruning,public-boundary test-node pruning and the lint cleanup it required
tests/test_classical_spectral_filtering_audit.py,tests/test_classical_spectral_filtering_audit.py,d3449c104661113d0fb36e55bec292f60080170288edfe8bdc3b36947961f5ee,d3449c104661113d0fb36e55bec292f60080170288edfe8bdc3b36947961f5ee,2285,identical,byte-identical to curated source
tests/test_codesigned_bounded_targets.py,tests/test_codesigned_bounded_targets.py,1f77cde5ccbf2c82744b72129786abaa2cdb80a65984f7dfb3b434e75196069d,1f77cde5ccbf2c82744b72129786abaa2cdb80a65984f7dfb3b434e75196069d,3000,identical,byte-identical to curated source
tests/test_codesigned_gate_validation.py,tests/test_codesigned_gate_validation.py,5575a2bb01bce3b038fb3d9d1f3b45ca5a2ed1cc13dd66e3a8921c41e4c4074f,5575a2bb01bce3b038fb3d9d1f3b45ca5a2ed1cc13dd66e3a8921c41e4c4074f,3035,identical,byte-identical to curated source
tests/test_codesigned_subproblem_robustness.py,tests/test_codesigned_subproblem_robustness.py,d0821678b6db117823b6717da2aa5212c10bbad2de46a134d2a471cd2c3e9f20,d0821678b6db117823b6717da2aa5212c10bbad2de46a134d2a471cd2c3e9f20,2484,identical,byte-identical to curated source
tests/test_complex_scope_boundary.py,tests/test_complex_scope_boundary.py,696e11493a5aff2ca4e14b6e6e73fb90829fdf7abf0e31bbb9e978f1914ab959,1ea1f2feecd9fe88ff65e70f9293d61d1f658e4c4a27e93857ce6c922dc7b15a,38,modified_test_pruning,public-boundary test-node pruning and the lint cleanup it required
tests/test_compound_structured_stress.py,tests/test_compound_structured_stress.py,cfe6e0ecd6658b2f153a18523c83310ddcf51ca9dfcea1af3b4a3de58d762428,cfe6e0ecd6658b2f153a18523c83310ddcf51ca9dfcea1af3b4a3de58d762428,2720,identical,byte-identical to curated source
tests/test_convention_conversion_api.py,tests/test_convention_conversion_api.py,c4e6d48588a2b12184e7ef5481344090d00486e54b31e9901688e0d1aabb6f23,c4e6d48588a2b12184e7ef5481344090d00486e54b31e9901688e0d1aabb6f23,3780,identical,byte-identical to curated source
tests/test_convention_identity_and_global_phase.py,tests/test_convention_identity_and_global_phase.py,36e40754105c88c271a414fd301f540181037959c2649b7ab9a02fd7e08ac11d,36e40754105c88c271a414fd301f540181037959c2649b7ab9a02fd7e08ac11d,4646,identical,byte-identical to curated source
tests/test_cost_accuracy_tradeoff.py,tests/test_cost_accuracy_tradeoff.py,6eae942991e2e387072c7597bc9c2a659d973acf629d3fc8cc582ff9de741976,6eae942991e2e387072c7597bc9c2a659d973acf629d3fc8cc582ff9de741976,3577,identical,byte-identical to curated source
tests/test_cross_case_codesigned_robustness.py,tests/test_cross_case_codesigned_robustness.py,4807df358b485ee26847b5f80869a2180f4575ad206ca14c2c0bbc716ace156c,4807df358b485ee26847b5f80869a2180f4575ad206ca14c2c0bbc716ace156c,3935,identical,byte-identical to curated source
tests/test_cross_case_gate_observable_readout.py,tests/test_cross_case_gate_observable_readout.py,1d503c8dc924d48d07f6fc3b2eef9f9186526222ac4e73e64196bcadcc0c6c9e,1d503c8dc924d48d07f6fc3b2eef9f9186526222ac4e73e64196bcadcc0c6c9e,2936,identical,byte-identical to curated source
tests/test_cross_case_gate_validation.py,tests/test_cross_case_gate_validation.py,6d5ab7dc789c72194acce42968429722f0b6e4fd2dddf831c53518e5fc300cc1,6d5ab7dc789c72194acce42968429722f0b6e4fd2dddf831c53518e5fc300cc1,4125,identical,byte-identical to curated source
tests/test_cross_case_solver_audit.py,tests/test_cross_case_solver_audit.py,30c3ffaeb0745e885a552cc348a9c87be9768b794f9c72f291b3e89cc273d2de,30c3ffaeb0745e885a552cc348a9c87be9768b794f9c72f291b3e89cc273d2de,2077,identical,byte-identical to curated source
tests/test_cross_case_validation_core.py,tests/test_cross_case_validation_core.py,622e870a4bb1132a74ec18e4acae609073a1bb0db00161abd8d33e5eb5161927,622e870a4bb1132a74ec18e4acae609073a1bb0db00161abd8d33e5eb5161927,7398,identical,byte-identical to curated source
tests/test_dc_linear_model.py,tests/test_dc_linear_model.py,105ab936ba4803e12047d5cbae2fd504b87f834f03edae69833c51ebd414098a,105ab936ba4803e12047d5cbae2fd504b87f834f03edae69833c51ebd414098a,2757,identical,byte-identical to curated source
tests/test_dc_warm_start_initializer.py,tests/test_dc_warm_start_initializer.py,53fd60b476716878beb748cb8e46fc7e9e060531251c3c7ea3b8bc5c35d5f10e,53fd60b476716878beb748cb8e46fc7e9e060531251c3c7ea3b8bc5c35d5f10e,3269,identical,byte-identical to curated source
tests/test_dc_warm_start_scope_note.py,tests/test_dc_warm_start_scope_note.py,a8656309ed5f47094cecbb809617fdf450fe95035b616c0c6bc7ce87ff165fe6,a8656309ed5f47094cecbb809617fdf450fe95035b616c0c6bc7ce87ff165fe6,1889,identical,byte-identical to curated source
tests/test_degree255_resource_ledger.py,tests/test_degree255_resource_ledger.py,81a642e2074e31ce02e43269c17c73872a1f1af6a8b93a13bf6559d50ef32e1b,81a642e2074e31ce02e43269c17c73872a1f1af6a8b93a13bf6559d50ef32e1b,539,identical,byte-identical to curated source
tests/test_degree_47_49_diagnostic.py,tests/test_degree_47_49_diagnostic.py,90cfd397621b32ce161529189dca79a3ee5ee7eeadc686197816a166bc61b005,90cfd397621b32ce161529189dca79a3ee5ee7eeadc686197816a166bc61b005,3750,identical,byte-identical to curated source
tests/test_degree_aware_alpha.py,tests/test_degree_aware_alpha.py,415c30522b2428d672e53f678edfc31c3d52cf82ac8d6e39e3327f5cd6e640d9,415c30522b2428d672e53f678edfc31c3d52cf82ac8d6e39e3327f5cd6e640d9,3407,identical,byte-identical to curated source
tests/test_degree_control_audit.py,tests/test_degree_control_audit.py,2d9634ae6ff132e3682da7b60d675aa793016a740355233f3e2e577255e916c3,2d9634ae6ff132e3682da7b60d675aa793016a740355233f3e2e577255e916c3,2965,identical,byte-identical to curated source
tests/test_degree_window_gate_validation.py,tests/test_degree_window_gate_validation.py,98c099d37154ba6373cc3e3d9812f439173e298b82391a8b70babf1e221eec95,98c099d37154ba6373cc3e3d9812f439173e298b82391a8b70babf1e221eec95,3097,identical,byte-identical to curated source
tests/test_degree_window_overshoot.py,tests/test_degree_window_overshoot.py,21e67aa59c09ea6e350b63d5c6b809cfe3d81f5a0a976525af53013dd697bc1d,21e67aa59c09ea6e350b63d5c6b809cfe3d81f5a0a976525af53013dd697bc1d,3060,identical,byte-identical to curated source
tests/test_dense_explicit_limit_study_v2.py,tests/test_dense_explicit_limit_study_v2.py,40658189af515c857d47b118eda76d49bbd5617e9c1c6e13d4f844dc69b6f532,40658189af515c857d47b118eda76d49bbd5617e9c1c6e13d4f844dc69b6f532,864,identical,byte-identical to curated source
tests/test_dense_explicit_qsvt_solver_limit.py,tests/test_dense_explicit_qsvt_solver_limit.py,1b080fb23f3e21f4f70ada255d1637997daf2833c674de6c9e326c8d6fe3f5e7,1b080fb23f3e21f4f70ada255d1637997daf2833c674de6c9e326c8d6fe3f5e7,885,identical,byte-identical to curated source
tests/test_direction_resolved_overshoot_decomposition.py,tests/test_direction_resolved_overshoot_decomposition.py,f195f475aa51f877cad19a31dcc8d51599ce631e622aa8db98e7fc9f8d54562e,f195f475aa51f877cad19a31dcc8d51599ce631e622aa8db98e7fc9f8d54562e,5402,identical,byte-identical to curated source
tests/test_error_budget_decomposition.py,tests/test_error_budget_decomposition.py,f415d2f2557aad2f9f2280f23914b7c150fe336fd035c07cb9ee8c964e6d03b3,f415d2f2557aad2f9f2280f23914b7c150fe336fd035c07cb9ee8c964e6d03b3,377,identical,byte-identical to curated source
tests/test_estimators.py,tests/test_estimators.py,61cda4a8a8bc58933a5aae6b381ae68beb038b4b7f56212255c2b2ae7d774922,61cda4a8a8bc58933a5aae6b381ae68beb038b4b7f56212255c2b2ae7d774922,5657,identical,byte-identical to curated source
tests/test_even_degree_scope_boundary.py,tests/test_even_degree_scope_boundary.py,696e11493a5aff2ca4e14b6e6e73fb90829fdf7abf0e31bbb9e978f1914ab959,ea08795eacc203d37cb66daceae192db21f05caca92ddcf81bf60eafcc4d2556,38,modified_test_pruning,public-boundary test-node pruning and the lint cleanup it required
tests/test_executed_postselection_mitigation.py,tests/test_executed_postselection_mitigation.py,f1dee7d8e8d6d2f7e407ca5fd9436bca21e441c10d49bd972308de02b05f31b7,f1dee7d8e8d6d2f7e407ca5fd9436bca21e441c10d49bd972308de02b05f31b7,1562,identical,byte-identical to curated source
tests/test_filters.py,tests/test_filters.py,ad229935f0e7c1e630d5c290a777f349247fdb199e1562698e39c4d9c376c36e,ad229935f0e7c1e630d5c290a777f349247fdb199e1562698e39c4d9c376c36e,2371,identical,byte-identical to curated source
tests/test_final_application_reproduction.py,tests/test_final_application_reproduction.py,d55876972b4fb5783b7a9df5b33b46606d1a0599b9ecd3cea4424da6e359b358,d55876972b4fb5783b7a9df5b33b46606d1a0599b9ecd3cea4424da6e359b358,372,identical,byte-identical to curated source
tests/test_final_claim_support_matrix.py,tests/test_final_claim_support_matrix.py,696e11493a5aff2ca4e14b6e6e73fb90829fdf7abf0e31bbb9e978f1914ab959,c47a925dbac5c9c3cd6331d71c03907ed47f9f0aaa3317e69d668a25f4c65077,38,modified_test_pruning,public-boundary test-node pruning and the lint cleanup it required
tests/test_final_classical_baselines.py,tests/test_final_classical_baselines.py,80858139c963dfb42c0c631b4e5f46cdb038f5c55984232f39e1745ea050f13e,80858139c963dfb42c0c631b4e5f46cdb038f5c55984232f39e1745ea050f13e,614,identical,byte-identical to curated source
tests/test_final_error_budget.py,tests/test_final_error_budget.py,bf10ddc7a430a7eb59c4c5978f908592891da2355d469517cf4b8b6be317e28d,bf10ddc7a430a7eb59c4c5978f908592891da2355d469517cf4b8b6be317e28d,470,identical,byte-identical to curated source
tests/test_final_error_budget_traceability.py,tests/test_final_error_budget_traceability.py,696e11493a5aff2ca4e14b6e6e73fb90829fdf7abf0e31bbb9e978f1914ab959,057af83931546eaa8a9c073df77aa67c4e221d522f70bd8b29d88c863e645977,38,modified_test_pruning,public-boundary test-node pruning and the lint cleanup it required
tests/test_final_evidence_claim_guards.py,tests/test_final_evidence_claim_guards.py,dae99013b5d419bceaa0062cee183dfbe4f23bad6405bb1248cb1a45dee833a1,dae99013b5d419bceaa0062cee183dfbe4f23bad6405bb1248cb1a45dee833a1,993,identical,byte-identical to curated source
tests/test_final_evidence_conditioning.py,tests/test_final_evidence_conditioning.py,26867a8b7cff398527a743b387f29a0e4dde4e7075d4ca20a5e28562557bd0ef,26867a8b7cff398527a743b387f29a0e4dde4e7075d4ca20a5e28562557bd0ef,1471,identical,byte-identical to curated source
tests/test_final_evidence_conditioning_guards.py,tests/test_final_evidence_conditioning_guards.py,75e1b06c6e350fda82ac91ed55759b5ee46a1fd23df47c56de5281e5c3ade25b,75e1b06c6e350fda82ac91ed55759b5ee46a1fd23df47c56de5281e5c3ade25b,1092,identical,byte-identical to curated source
tests/test_final_evidence_configuration_registry.py,tests/test_final_evidence_configuration_registry.py,b270cb076455a323a53602be9dd4abb969968f34c1bcb47398387ac4dc8df7cb,b2ff1b9c6f81fac3dc8e59b1b20aa98e63f896dafc89e1441e3fb56c05c6ca67,124,modified_test_pruning,public-boundary test-node pruning and the lint cleanup it required
tests/test_final_evidence_dependency_graph.py,tests/test_final_evidence_dependency_graph.py,d512cc905402b27669d012e82c05283e2025eab2ec6ad1e2934e1604efae79d1,d512cc905402b27669d012e82c05283e2025eab2ec6ad1e2934e1604efae79d1,1474,identical,byte-identical to curated source
tests/test_final_evidence_headline_checks.py,tests/test_final_evidence_headline_checks.py,d4bd655b835697674db9477b2433d54eab9c8b815a165570a15f76330e04580a,d4bd655b835697674db9477b2433d54eab9c8b815a165570a15f76330e04580a,1634,identical,byte-identical to curated source
tests/test_final_evidence_limitations.py,tests/test_final_evidence_limitations.py,311c90c81ab26ecd0f48bcdc42ce6b93399a3fa2442afc3e22a5d27de690070d,311c90c81ab26ecd0f48bcdc42ce6b93399a3fa2442afc3e22a5d27de690070d,1288,identical,byte-identical to curated source
tests/test_final_evidence_near_zero.py,tests/test_final_evidence_near_zero.py,8b550613693b4c6cb6aabf22cf54c2ee35046023009ef8eb259032cee146a3c4,8b550613693b4c6cb6aabf22cf54c2ee35046023009ef8eb259032cee146a3c4,1017,identical,byte-identical to curated source
tests/test_final_evidence_protected_sources.py,tests/test_final_evidence_protected_sources.py,b270cb076455a323a53602be9dd4abb969968f34c1bcb47398387ac4dc8df7cb,865303bdbf275402e5fcabd18b418f1d7f404adc36e98c1a5cfe0d86c6f2be22,124,modified_test_pruning,public-boundary test-node pruning and the lint cleanup it required
tests/test_final_evidence_result_registry.py,tests/test_final_evidence_result_registry.py,835301523ad1b4e13bf326012454064ea2f75f34ad9ff910e7df8ae09b4aae68,5e3b504e1e18cd65fcc3571768c669a8c96e6a56111123822fee306888d73e83,785,modified_test_pruning,public-boundary test-node pruning and the lint cleanup it required
tests/test_final_evidence_tie_diagnostics.py,tests/test_final_evidence_tie_diagnostics.py,2cbeb32d13857e015f9cb7e1f22ea5a093d132e49e27921c4de96dbdd5fcd942,2cbeb32d13857e015f9cb7e1f22ea5a093d132e49e27921c4de96dbdd5fcd942,1972,identical,byte-identical to curated source
tests/test_final_qsvt_claim_safety_audit.py,tests/test_final_qsvt_claim_safety_audit.py,bfa1a36dd9ebec3d36b8804bfb3c8a9f5048f1ef111222cb718cb80f89c5d9b8,bfa1a36dd9ebec3d36b8804bfb3c8a9f5048f1ef111222cb718cb80f89c5d9b8,1216,identical,byte-identical to curated source
tests/test_final_quantum_reproduction.py,tests/test_final_quantum_reproduction.py,b200619fa67c0655f3747e3a5f294a249f5004f0f204b997e7f73d35a6a6690f,b200619fa67c0655f3747e3a5f294a249f5004f0f204b997e7f73d35a6a6690f,576,identical,byte-identical to curated source
tests/test_final_readout_estimator.py,tests/test_final_readout_estimator.py,50ca90d4a5a2ce5a0564818c3423727377116ac4fc0cf5a341a1e8ff223fa54a,50ca90d4a5a2ce5a0564818c3423727377116ac4fc0cf5a341a1e8ff223fa54a,624,identical,byte-identical to curated source
tests/test_final_statistical_aggregation.py,tests/test_final_statistical_aggregation.py,715c69a1dcb21f88e51c1062e7cdbf9b6b742ef0f7a8547c97b8ae1639de4d9f,715c69a1dcb21f88e51c1062e7cdbf9b6b742ef0f7a8547c97b8ae1639de4d9f,6414,identical,byte-identical to curated source
tests/test_ft_resource_estimate.py,tests/test_ft_resource_estimate.py,7512ca998f96fe5fcb90386ea355dc2787fc3384b63f6c01d60e3346621e8c5a,7512ca998f96fe5fcb90386ea355dc2787fc3384b63f6c01d60e3346621e8c5a,4750,identical,byte-identical to curated source
tests/test_full_alpha_sweep_classical.py,tests/test_full_alpha_sweep_classical.py,f246f88bc85f007e96d176aa565671c9fd8351331af1aa3bc9604a9d2cd6dd27,f246f88bc85f007e96d176aa565671c9fd8351331af1aa3bc9604a9d2cd6dd27,2705,identical,byte-identical to curated source
tests/test_full_matrix_qsvt_demo.py,tests/test_full_matrix_qsvt_demo.py,dc139d85fe26d2ed9934f916a4c2d23667f01675d42445c80601afdf0ddcb41f,dc139d85fe26d2ed9934f916a4c2d23667f01675d42445c80601afdf0ddcb41f,2677,identical,byte-identical to curated source
tests/test_full_matrix_qsvt_runner.py,tests/test_full_matrix_qsvt_runner.py,e548a42b30b5912ebc0f46bc8091d00080ea4924f257375b7421d27ebc7204ae,e548a42b30b5912ebc0f46bc8091d00080ea4924f257375b7421d27ebc7204ae,1708,identical,byte-identical to curated source
tests/test_full_qsvt_ieee_report.py,tests/test_full_qsvt_ieee_report.py,2d7b0e7a92347114f591d8f9e054e96f854ecd8ab0843fd171ab66bdad1c1de9,2d7b0e7a92347114f591d8f9e054e96f854ecd8ab0843fd171ab66bdad1c1de9,1097,identical,byte-identical to curated source
tests/test_full_rectangular_breakthrough.py,tests/test_full_rectangular_breakthrough.py,925819c0f7453228469e805df68749e2124094bc01b88a080917db282db6912d,925819c0f7453228469e805df68749e2124094bc01b88a080917db282db6912d,5202,identical,byte-identical to curated source
tests/test_full_rectangular_selected_output.py,tests/test_full_rectangular_selected_output.py,2181c79153e4a06470ee9f03dab324a3e9055106e0dac2cada873ae19185fcc0,2181c79153e4a06470ee9f03dab324a3e9055106e0dac2cada873ae19185fcc0,683,identical,byte-identical to curated source
tests/test_full_repo_evidence_audit.py,tests/test_full_repo_evidence_audit.py,15593c5e4726badb9e4ee46418a6b54ba7a1d6212ef450804aca256a1484b505,15593c5e4726badb9e4ee46418a6b54ba7a1d6212ef450804aca256a1484b505,7993,identical,byte-identical to curated source
tests/test_full_vector_gate_level_readout.py,tests/test_full_vector_gate_level_readout.py,f2fd48f45201b5bc1da0d12a0fb9650da2739eb6f05a99c6f4ac2a0c1166cd25,f2fd48f45201b5bc1da0d12a0fb9650da2739eb6f05a99c6f4ac2a0c1166cd25,3674,identical,byte-identical to curated source
tests/test_full_vector_readout.py,tests/test_full_vector_readout.py,6c43e0d6293c281413ac483db848850f7249ee510a8ab3b9716f0426a670908e,6c43e0d6293c281413ac483db848850f7249ee510a8ab3b9716f0426a670908e,4134,identical,byte-identical to curated source
tests/test_full_vector_readout_sampling.py,tests/test_full_vector_readout_sampling.py,eef84f8085485aec427898fdd3b28c629edab55850eaaeafb770cdfb0c4953d6,eef84f8085485aec427898fdd3b28c629edab55850eaaeafb770cdfb0c4953d6,1845,identical,byte-identical to curated source
tests/test_full_vector_scaling_audit.py,tests/test_full_vector_scaling_audit.py,7fe3d8b277635b29ae8c83989df43c5ca91df6c3db813c2ca3d5141432f34fac,7fe3d8b277635b29ae8c83989df43c5ca91df6c3db813c2ca3d5141432f34fac,3080,identical,byte-identical to curated source
tests/test_full_vector_sign_recovery.py,tests/test_full_vector_sign_recovery.py,6e7d2f2a5ad26cf06f29cd8eb5ff12b4a79955ec3c36dddb3b33530f197e352a,6e7d2f2a5ad26cf06f29cd8eb5ff12b4a79955ec3c36dddb3b33530f197e352a,1874,identical,byte-identical to curated source
tests/test_full_vector_total_cost_model.py,tests/test_full_vector_total_cost_model.py,a39af276e9ea336fc68e9c706cd8fff254c79e3e9e8de0fd42d18e11d4d0fbeb,a39af276e9ea336fc68e9c706cd8fff254c79e3e9e8de0fd42d18e11d4d0fbeb,2804,identical,byte-identical to curated source
tests/test_gap_closing_audit.py,tests/test_gap_closing_audit.py,28d447b9d556279c68a4c771b28bc230db3a95f99ef153b1f6cdd87f0d3b17f9,28d447b9d556279c68a4c771b28bc230db3a95f99ef153b1f6cdd87f0d3b17f9,4725,identical,byte-identical to curated source
tests/test_gate_level_qsvt.py,tests/test_gate_level_qsvt.py,44dfa6c9549a0965216019bf83035cff2062106ec62aede6ccad56839871e112,44dfa6c9549a0965216019bf83035cff2062106ec62aede6ccad56839871e112,2804,identical,byte-identical to curated source
tests/test_gate_level_qsvt_convention.py,tests/test_gate_level_qsvt_convention.py,8de22902b737f877bfb488b54c71a3c3e3a0404cba6a1a4288c3da1a4c83c9f9,8de22902b737f877bfb488b54c71a3c3e3a0404cba6a1a4288c3da1a4c83c9f9,969,identical,byte-identical to curated source
tests/test_gate_level_state_estimation_solver.py,tests/test_gate_level_state_estimation_solver.py,1f80a48b0c33790fd77928637b897a0bf359ec4114e32e177f631dd75cdd01f1,1f80a48b0c33790fd77928637b897a0bf359ec4114e32e177f631dd75cdd01f1,3745,identical,byte-identical to curated source
tests/test_gate_observable_readout.py,tests/test_gate_observable_readout.py,f35b35eb9547c99870925801a5d4cbab92aa870901234ac320ac48c3006ad94c,f35b35eb9547c99870925801a5d4cbab92aa870901234ac320ac48c3006ad94c,1836,identical,byte-identical to curated source
tests/test_gate_state_preparation.py,tests/test_gate_state_preparation.py,6ebc68dcb67dbca3da21c91bb8da9c7d3cabc8ca9f2f40f13e85b668c2d1ba86,6ebc68dcb67dbca3da21c91bb8da9c7d3cabc8ca9f2f40f13e85b668c2d1ba86,995,identical,byte-identical to curated source
tests/test_gate_validation_with_amplitude_recovery.py,tests/test_gate_validation_with_amplitude_recovery.py,737fbc3076d9179e7eacde5772120fa502455f47eb47a7559c4a79c554c04b3e,737fbc3076d9179e7eacde5772120fa502455f47eb47a7559c4a79c554c04b3e,5161,identical,byte-identical to curated source
tests/test_generalization_certificates.py,tests/test_generalization_certificates.py,0598ab0fb5321f5028959a87f73ed66d955f0b1ff8f0d6a790a073520ac8f454,7eba8c081ed2aa0b22186b538f3834af95d2c73073e02ba832b15b3fbf9168fd,1473,modified_test_pruning,public-boundary test-node pruning and the lint cleanup it required
tests/test_generalization_data_isolation.py,tests/test_generalization_data_isolation.py,768250c87d74c96df9383bd876cc52f2a0494abde7cd46bd3280c6e8aa83473c,768250c87d74c96df9383bd876cc52f2a0494abde7cd46bd3280c6e8aa83473c,2374,identical,byte-identical to curated source
tests/test_generalization_frozen_configuration.py,tests/test_generalization_frozen_configuration.py,f5566cb368e9286a7278d91cd60f32fc8c937912aada86fba2babe9fc9b5cc7f,439ee3f2bf1a5fb743aa8f1968cc711494402f2fc86e20ed2de97dcfee9abfb2,1391,modified_test_pruning,public-boundary test-node pruning and the lint cleanup it required
tests/test_generalization_instance_registry.py,tests/test_generalization_instance_registry.py,04b471ed2bf1e725ad823afc7b57cca1efb9d0d75b0de875cbd654ab25231a95,d03be816248535ff5c3b4a584589ba13b374469ab1c6fc51b380cae81b552655,1728,modified_test_pruning,public-boundary test-node pruning and the lint cleanup it required
tests/test_generalization_pareto.py,tests/test_generalization_pareto.py,f212f17c5555dc6c2880a627227640a8303d1f68759eb26642edcce961f9f652,f212f17c5555dc6c2880a627227640a8303d1f68759eb26642edcce961f9f652,2342,identical,byte-identical to curated source
tests/test_generalization_qsvt.py,tests/test_generalization_qsvt.py,e6439e0b5cce6e7a11651f48930f11af7439ef182cb80a4e601d65494ba7f59a,e6439e0b5cce6e7a11651f48930f11af7439ef182cb80a4e601d65494ba7f59a,2189,identical,byte-identical to curated source
tests/test_generalization_resources.py,tests/test_generalization_resources.py,6d042a58b8ec4d0d759e87c65b64e5fec0251faed0188da0ec3733138d3e87e1,6d042a58b8ec4d0d759e87c65b64e5fec0251faed0188da0ec3733138d3e87e1,1894,identical,byte-identical to curated source
tests/test_generalization_selector_evaluation.py,tests/test_generalization_selector_evaluation.py,1488878ff552a182cfffeadcbb69fd07cbdc9cf1529a6422d5bf6f6a4203f17b,4fd69bf90bd739f89e0405164f09b722b24097b768120ddad29006b91d5afcf2,1855,modified_test_pruning,public-boundary test-node pruning and the lint cleanup it required
tests/test_generalization_statistics.py,tests/test_generalization_statistics.py,764d7917972f730e8cae1dc2efb8137e724074b0444f4d69aa5e3efa218459e5,764d7917972f730e8cae1dc2efb8137e724074b0444f4d69aa5e3efa218459e5,1960,identical,byte-identical to curated source
tests/test_generalization_support_stability.py,tests/test_generalization_support_stability.py,58e3424978b88d9fea8fcd67586a917fc46056903e53cb129f129221a8a5e118,58e3424978b88d9fea8fcd67586a917fc46056903e53cb129f129221a8a5e118,1747,identical,byte-identical to curated source
tests/test_generalized_error_budget.py,tests/test_generalized_error_budget.py,d9371a09f2af77350d087acccad69965019fed938085ef0e7d8b8678e5f9141c,d9371a09f2af77350d087acccad69965019fed938085ef0e7d8b8678e5f9141c,1612,identical,byte-identical to curated source
tests/test_generalized_resource_ledger.py,tests/test_generalized_resource_ledger.py,1c82a011784afbfb2803a50f529f95fe400826b05e1f493ba512269e6da2f5a1,1c82a011784afbfb2803a50f529f95fe400826b05e1f493ba512269e6da2f5a1,1418,identical,byte-identical to curated source
tests/test_generic_sparse_qsvt_artifacts.py,tests/test_generic_sparse_qsvt_artifacts.py,2d85c3a64f84d6dc6d9103d64af3b10757e6f74b74a0521591ad2e50548538d8,db5e6c7f5238f476ba0ed96427cee542fa7171e79c23646cad6357928a143c58,4695,modified_test_pruning,public-boundary test-node pruning and the lint cleanup it required
tests/test_generic_sparse_qsvt_compiler.py,tests/test_generic_sparse_qsvt_compiler.py,a367683306ea2796c4fa159518e7a4c8dd0555b019047e4775529d07b5b96386,a367683306ea2796c4fa159518e7a4c8dd0555b019047e4775529d07b5b96386,16341,identical,byte-identical to curated source
tests/test_global_sign_audit.py,tests/test_global_sign_audit.py,a30179803bce3450e0bd25704fdc4c06eb559f7fdd007d40ca9fc80ac8e3fd76,a30179803bce3450e0bd25704fdc4c06eb559f7fdd007d40ca9fc80ac8e3fd76,2227,identical,byte-identical to curated source
tests/test_hardware_aware_oracle_cost_model.py,tests/test_hardware_aware_oracle_cost_model.py,4819eae93fa59bd1a3c473fd5654cb074752559ac4ebc223a3878755d701869b,4819eae93fa59bd1a3c473fd5654cb074752559ac4ebc223a3878755d701869b,4048,identical,byte-identical to curated source
tests/test_hardware_qsvt_demo.py,tests/test_hardware_qsvt_demo.py,11eda4f0aba2566431c1a13b10f16157a5725809acc5660229c3ca55cb0a1386,11eda4f0aba2566431c1a13b10f16157a5725809acc5660229c3ca55cb0a1386,2020,identical,byte-identical to curated source
tests/test_heldout_matrix_reproduction.py,tests/test_heldout_matrix_reproduction.py,696e11493a5aff2ca4e14b6e6e73fb90829fdf7abf0e31bbb9e978f1914ab959,19757ffc07f7b3f2f320f8104556fdfa5f02f15fd32aa9c3a04275ac4fd41682,38,modified_test_pruning,public-boundary test-node pruning and the lint cleanup it required
tests/test_heldout_seed_separation.py,tests/test_heldout_seed_separation.py,696e11493a5aff2ca4e14b6e6e73fb90829fdf7abf0e31bbb9e978f1914ab959,d7af47d6e203dbdfe15eabe23af48d94906eef6481ffce77c2936a6a7c4ac004,38,modified_test_pruning,public-boundary test-node pruning and the lint cleanup it required
tests/test_high_precision_backend_readout.py,tests/test_high_precision_backend_readout.py,a85204d90333171b69bcb043a7620da46c382d107906ac5cd62faca84e291f16,a85204d90333171b69bcb043a7620da46c382d107906ac5cd62faca84e291f16,2399,identical,byte-identical to curated source
tests/test_ieee118_extension_audit.py,tests/test_ieee118_extension_audit.py,68f9b856dcc55378b654dde5f65ab50c4989d99f551d75fdbae04672639f9817,68f9b856dcc55378b654dde5f65ab50c4989d99f551d75fdbae04672639f9817,2549,identical,byte-identical to curated source
tests/test_ieee118_gate_observable_readout.py,tests/test_ieee118_gate_observable_readout.py,0d648a8a463ae613982ce750f951b5aa91d0c6bdebd0247404a825b1a688ffbc,0d648a8a463ae613982ce750f951b5aa91d0c6bdebd0247404a825b1a688ffbc,1834,identical,byte-identical to curated source
tests/test_ieee118_gate_validation.py,tests/test_ieee118_gate_validation.py,b1b03ec5883da98b239cd632c7096e3dd81badb41af03eceff484c6c66bf5838,b1b03ec5883da98b239cd632c7096e3dd81badb41af03eceff484c6c66bf5838,3425,identical,byte-identical to curated source
tests/test_ieee118_selected_robustness.py,tests/test_ieee118_selected_robustness.py,d687906b0f9f928772470c596556f6fa9e0d67e5b150ea151b499e77ab34a5d3,d687906b0f9f928772470c596556f6fa9e0d67e5b150ea151b499e77ab34a5d3,2622,identical,byte-identical to curated source
tests/test_ieee14_multioutput.py,tests/test_ieee14_multioutput.py,72c1981b605b7de7b7d52d015aef4f450efad96ba8cd40dc7c7988d4d7f57237,72c1981b605b7de7b7d52d015aef4f450efad96ba8cd40dc7c7988d4d7f57237,1395,identical,byte-identical to curated source
tests/test_ieee14_robustness.py,tests/test_ieee14_robustness.py,824be65ec912fbb46bed36a40aafe81d32c06d920f279343c75b2cd8cd7df606,824be65ec912fbb46bed36a40aafe81d32c06d920f279343c75b2cd8cd7df606,1780,identical,byte-identical to curated source
tests/test_ieee14_robustness_reproduction.py,tests/test_ieee14_robustness_reproduction.py,696e11493a5aff2ca4e14b6e6e73fb90829fdf7abf0e31bbb9e978f1914ab959,782c4f3785ad15d71e44e4588d4e184afb099555f632c503fcc2de1a5cfdf90b,38,modified_test_pruning,public-boundary test-node pruning and the lint cleanup it required
tests/test_ieee300_resume.py,tests/test_ieee300_resume.py,397cdc516c78cce239b45dfdc2a167739862bae473ff34fa187d8522a6e600e5,397cdc516c78cce239b45dfdc2a167739862bae473ff34fa187d8522a6e600e5,2500,identical,byte-identical to curated source
tests/test_ieee300_runtime_extension.py,tests/test_ieee300_runtime_extension.py,b7e5afe16a4010898b7f047a5225fd3a009cf6860916f0f4625ccb7f919d66e0,b7e5afe16a4010898b7f047a5225fd3a009cf6860916f0f4625ccb7f919d66e0,2443,identical,byte-identical to curated source
tests/test_ieee300_scope_note.py,tests/test_ieee300_scope_note.py,904938a8792b578d9ec7157ee95724d9d12b6084ebca6c4ec8295282cf6ba4a8,904938a8792b578d9ec7157ee95724d9d12b6084ebca6c4ec8295282cf6ba4a8,2921,identical,byte-identical to curated source
tests/test_ieee30_useful_overlap.py,tests/test_ieee30_useful_overlap.py,cd3cf57bdc2dd85555a5ab3503da22f90f95612c3e13367535fbb152f404bf91,cd3cf57bdc2dd85555a5ab3503da22f90f95612c3e13367535fbb152f404bf91,1426,identical,byte-identical to curated source
tests/test_ieee57_escalation.py,tests/test_ieee57_escalation.py,00073366f4ceee77ab6571635770f5762d9fc95a98dad402c354ae294f0985f6,00073366f4ceee77ab6571635770f5762d9fc95a98dad402c354ae294f0985f6,1485,identical,byte-identical to curated source
tests/test_ieee_qsvt_pipeline_boundary.py,tests/test_ieee_qsvt_pipeline_boundary.py,e7f8a39ef4c9b4bdc301adb6c338b7c6fbae959c9fbaf08ff6e4f13c3398174a,e224efb9adf4f5b5361e8cee635672a8747c4a3d5e1948fd8d69841c7d3dd764,7400,modified_test_pruning,public-boundary test-node pruning and the lint cleanup it required
tests/test_independent_convention_reproduction.py,tests/test_independent_convention_reproduction.py,1d183b3369ff0be321b7199c87c91b5071154180346fc441c18ffe4db1193091,5c4c0fba4d606d5af3cfe3802b161b60952995586acc9a3e5c28f03d0170d003,40,modified_test_pruning,public-boundary test-node pruning and the lint cleanup it required
tests/test_initializer_ablation.py,tests/test_initializer_ablation.py,c135688a419b974d881edd868fd7c59c21669fc1e9cac63174c84be8df27daae,c135688a419b974d881edd868fd7c59c21669fc1e9cac63174c84be8df27daae,2554,identical,byte-identical to curated source
tests/test_iterative_ac.py,tests/test_iterative_ac.py,a841241ce9723b8d4d9adf70e7748e3c7a3fc90ed9c9969d3eb3f565f9b7e4a5,a841241ce9723b8d4d9adf70e7748e3c7a3fc90ed9c9969d3eb3f565f9b7e4a5,7012,identical,byte-identical to curated source
tests/test_jacobian_validation.py,tests/test_jacobian_validation.py,4b39971ee68fa1e81b21c4db1b40bfd72c8ddc32a255812a843ced8e83f9f70e,4b39971ee68fa1e81b21c4db1b40bfd72c8ddc32a255812a843ced8e83f9f70e,4923,identical,byte-identical to curated source
tests/test_joint_four_condition.py,tests/test_joint_four_condition.py,3beadd8183c27951404f0ee5835d1873d16651819d5b9ab5d01ee64bf97a401f,3beadd8183c27951404f0ee5835d1873d16651819d5b9ab5d01ee64bf97a401f,15979,identical,byte-identical to curated source
tests/test_larger_block_validation_core.py,tests/test_larger_block_validation_core.py,005bbc21e9620e2692cfb0ce64781845439e80ba566620884e2c85a041dfb070,005bbc21e9620e2692cfb0ce64781845439e80ba566620884e2c85a041dfb070,6461,identical,byte-identical to curated source
tests/test_leakage_aware_selection.py,tests/test_leakage_aware_selection.py,41d87d7b7e02c94119e461d1f93d409cdb91336a5a085fea117c98dc42918c39,41d87d7b7e02c94119e461d1f93d409cdb91336a5a085fea117c98dc42918c39,657,identical,byte-identical to curated source
tests/test_matrix_free_qsvt_action.py,tests/test_matrix_free_qsvt_action.py,c809c4afdd112d879238db3266dac1fee340c5dec02a250b4823ae266318a264,c809c4afdd112d879238db3266dac1fee340c5dec02a250b4823ae266318a264,2279,identical,byte-identical to curated source
tests/test_measurement_row_metadata_audit.py,tests/test_measurement_row_metadata_audit.py,48f39f2c14b4943a8b0dac27d97e4b82c053a816de67e3ed837025e6a3798d7e,48f39f2c14b4943a8b0dac27d97e4b82c053a816de67e3ed837025e6a3798d7e,8342,identical,byte-identical to curated source
tests/test_measurement_type_ablation.py,tests/test_measurement_type_ablation.py,f95e8600516c23ddbe72abfbd8202b1320be85802a07f007b277b9c138a1d409,f95e8600516c23ddbe72abfbd8202b1320be85802a07f007b277b9c138a1d409,2982,identical,byte-identical to curated source
tests/test_metric_definitions.py,tests/test_metric_definitions.py,cf8391443b5901ed2f077e55cd1b30031482077c105b2632f70782d9bb81651d,cf8391443b5901ed2f077e55cd1b30031482077c105b2632f70782d9bb81651d,1829,identical,byte-identical to curated source
tests/test_metrics.py,tests/test_metrics.py,a2f508372c124e72264d36f081c8e6d32d7be8eb2c5189ba6f8b8cf716110720,a2f508372c124e72264d36f081c8e6d32d7be8eb2c5189ba6f8b8cf716110720,1774,identical,byte-identical to curated source
tests/test_missing_subproblem_scope_note.py,tests/test_missing_subproblem_scope_note.py,af4db68df44bc12fe0b339fc51a4946e3b72e9e54c60c0fe6ba12e1e0d03ab12,af4db68df44bc12fe0b339fc51a4946e3b72e9e54c60c0fe6ba12e1e0d03ab12,2264,identical,byte-identical to curated source
tests/test_mlae_evidence_boundary.py,tests/test_mlae_evidence_boundary.py,696e11493a5aff2ca4e14b6e6e73fb90829fdf7abf0e31bbb9e978f1914ab959,af6865dc2c53b9042b6660bc40f857df9786bbd0fb464deabd076f428d6a31df,38,modified_test_pruning,public-boundary test-node pruning and the lint cleanup it required
tests/test_multi_ieee_application_reproduction.py,tests/test_multi_ieee_application_reproduction.py,696e11493a5aff2ca4e14b6e6e73fb90829fdf7abf0e31bbb9e978f1914ab959,f9b85c8def12cdc064446ee0dd558dda8688d50b911f2e07069a22b775a68c2c,38,modified_test_pruning,public-boundary test-node pruning and the lint cleanup it required
tests/test_multi_ieee_quantum_reproduction.py,tests/test_multi_ieee_quantum_reproduction.py,696e11493a5aff2ca4e14b6e6e73fb90829fdf7abf0e31bbb9e978f1914ab959,c10c13a027f8ab9131d53d00a33e5115b3dc93bb52eb7783d3db564c2184b12f,38,modified_test_pruning,public-boundary test-node pruning and the lint cleanup it required
tests/test_noise_model_boundary.py,tests/test_noise_model_boundary.py,473c6370990d252a880a55f72ccb7700293d0fa047c60c125ed5339d7e651fa4,473c6370990d252a880a55f72ccb7700293d0fa047c60c125ed5339d7e651fa4,3327,identical,byte-identical to curated source
tests/test_non_oracle_alpha_selection.py,tests/test_non_oracle_alpha_selection.py,16e3993699f9798acaa0884d2cbd62fb428715c49434563e9d85dd010a46c33b,16e3993699f9798acaa0884d2cbd62fb428715c49434563e9d85dd010a46c33b,749,identical,byte-identical to curated source
tests/test_nonlinear_ac_alpha_stress.py,tests/test_nonlinear_ac_alpha_stress.py,97de84c47160e9e0a5640bb6e2b9ea9cb8898517e33445f9bd2fafdfa0ee6a69,97de84c47160e9e0a5640bb6e2b9ea9cb8898517e33445f9bd2fafdfa0ee6a69,2526,identical,byte-identical to curated source
tests/test_nonlinear_ac_consolidation.py,tests/test_nonlinear_ac_consolidation.py,84d9394f23370d3c0aa568f13b9093905f2bf0985dfe76e343ea5e2b94c32c60,84d9394f23370d3c0aa568f13b9093905f2bf0985dfe76e343ea5e2b94c32c60,2645,identical,byte-identical to curated source
tests/test_nonlinear_ac_large_cases.py,tests/test_nonlinear_ac_large_cases.py,4afe154ae18d110b7da7ca8fc85976738d0d91549bc7b3bebdfe2ff2a70d0ffc,4afe154ae18d110b7da7ca8fc85976738d0d91549bc7b3bebdfe2ff2a70d0ffc,1908,identical,byte-identical to curated source
tests/test_nonlinear_iteration_logging.py,tests/test_nonlinear_iteration_logging.py,f0a9a38cef64a920a71ac9592c8b2a2b1476d0401f90f0a4a1b3a8e28702cb12,f0a9a38cef64a920a71ac9592c8b2a2b1476d0401f90f0a4a1b3a8e28702cb12,5845,identical,byte-identical to curated source
tests/test_nonlinear_refresh_broader_cases.py,tests/test_nonlinear_refresh_broader_cases.py,1ecdde754228798616d70027bfb3f3d5c32a19f9e0497a530e177e31b6a35e42,1ecdde754228798616d70027bfb3f3d5c32a19f9e0497a530e177e31b6a35e42,4728,identical,byte-identical to curated source
tests/test_nonlinear_trajectory_extraction.py,tests/test_nonlinear_trajectory_extraction.py,2df4d0fdaf7765b7aadb344f699a2fb56e77b102ec51737474b80508dc76a2ba,2df4d0fdaf7765b7aadb344f699a2fb56e77b102ec51737474b80508dc76a2ba,2868,identical,byte-identical to curated source
tests/test_norm_recovery_from_amplitude.py,tests/test_norm_recovery_from_amplitude.py,c22cfe487339eb2a309f19b9982e57f2d31b98e66b3b5faf4d1f055ee9448983,c22cfe487339eb2a309f19b9982e57f2d31b98e66b3b5faf4d1f055ee9448983,3670,identical,byte-identical to curated source
tests/test_norm_residual_gap_audit.py,tests/test_norm_residual_gap_audit.py,53fd8cfc809af20eb6ce893d7498e34ee74e49d17c709525e070a9d193589a76,53fd8cfc809af20eb6ce893d7498e34ee74e49d17c709525e070a9d193589a76,1300,identical,byte-identical to curated source
tests/test_norm_success.py,tests/test_norm_success.py,e265963c1e62faa62879eca9cd5f6e6fa1ca1ceee64d1b4a0fbc76bed34519de,e265963c1e62faa62879eca9cd5f6e6fa1ca1ceee64d1b4a0fbc76bed34519de,1161,identical,byte-identical to curated source
tests/test_observable_error_decomposition.py,tests/test_observable_error_decomposition.py,ee8a20c0c33db80ff24dd3823b4de1cc609ddf2a07986e17ebfc13352d497a43,ee8a20c0c33db80ff24dd3823b4de1cc609ddf2a07986e17ebfc13352d497a43,1253,identical,byte-identical to curated source
tests/test_observable_first_qsvt_solver.py,tests/test_observable_first_qsvt_solver.py,a430a7466155362ae515921ea6ed23c31acf5ab0d2b29a85fbeedd54354ab028,a430a7466155362ae515921ea6ed23c31acf5ab0d2b29a85fbeedd54354ab028,2828,identical,byte-identical to curated source
tests/test_observable_first_solver_v2.py,tests/test_observable_first_solver_v2.py,ecad61fea45c196eb84d88ba38c7d5bcaa2a5f7f9c1f94fe8a6af85cb88a1ddb,ecad61fea45c196eb84d88ba38c7d5bcaa2a5f7f9c1f94fe8a6af85cb88a1ddb,2376,identical,byte-identical to curated source
tests/test_observable_measurement_circuits.py,tests/test_observable_measurement_circuits.py,ae601a30004b5092aa4c07f6c9fa84239332699be86a31c92befef9820f29dcd,ae601a30004b5092aa4c07f6c9fa84239332699be86a31c92befef9820f29dcd,2006,identical,byte-identical to curated source
tests/test_oracle_model_resource_estimator.py,tests/test_oracle_model_resource_estimator.py,f29428b42e8a53561bd9677f6da5adbd0ecfc7788ce7f38978ab5e03c236aff2,f29428b42e8a53561bd9677f6da5adbd0ecfc7788ce7f38978ab5e03c236aff2,1715,identical,byte-identical to curated source
tests/test_output_aware_heldout_split.py,tests/test_output_aware_heldout_split.py,50cd01c692d8096aa75fe1cc17b47b50e94346285af4d271c154a63ec4df4c0a,50cd01c692d8096aa75fe1cc17b47b50e94346285af4d271c154a63ec4df4c0a,4990,identical,byte-identical to curated source
tests/test_output_aware_pareto.py,tests/test_output_aware_pareto.py,31c74f3b728215445ff914eceb65afa01c4909d8de7f3fb45e14d6329093cba7,31c74f3b728215445ff914eceb65afa01c4909d8de7f3fb45e14d6329093cba7,3952,identical,byte-identical to curated source
tests/test_output_aware_qsvt_validation.py,tests/test_output_aware_qsvt_validation.py,b0f7950b351805da7f8d99cd684e7da7cc505403a3c08bcd2db3c2add9d3c58f,b0f7950b351805da7f8d99cd684e7da7cc505403a3c08bcd2db3c2add9d3c58f,4107,identical,byte-identical to curated source
tests/test_output_aware_sparse_resources.py,tests/test_output_aware_sparse_resources.py,8ef2003fcd37f78e517a39ae8e6d8006ec9a69cb8b4e742160a78b978c1194e1,8ef2003fcd37f78e517a39ae8e6d8006ec9a69cb8b4e742160a78b978c1194e1,3507,identical,byte-identical to curated source
tests/test_output_aware_support_selection.py,tests/test_output_aware_support_selection.py,6d2f65621d2ca1a397456b1c5215c360d21e573072612fa8f8628e7484cac899,6d2f65621d2ca1a397456b1c5215c360d21e573072612fa8f8628e7484cac899,5507,identical,byte-identical to curated source
tests/test_overshoot_mechanism_diagnostic.py,tests/test_overshoot_mechanism_diagnostic.py,58498dc05724f9ed3e58e930a6089179ea391fe667e94407a7b400a26cc9eb14,58498dc05724f9ed3e58e930a6089179ea391fe667e94407a7b400a26cc9eb14,4839,identical,byte-identical to curated source
tests/test_partial_observable_readout.py,tests/test_partial_observable_readout.py,a1332329ec3a3dcd72cc92a719fa0069fe0bfc26b8410ca9d884cb699e98c842,a1332329ec3a3dcd72cc92a719fa0069fe0bfc26b8410ca9d884cb699e98c842,2129,identical,byte-identical to curated source
tests/test_pennylane_matrix_qsvt.py,tests/test_pennylane_matrix_qsvt.py,cc5e0b160669ebf6e832ea99bbac58b0f6054bfabbc4f3900d7d3522df2c60cf,cc5e0b160669ebf6e832ea99bbac58b0f6054bfabbc4f3900d7d3522df2c60cf,2526,identical,byte-identical to curated source
tests/test_pennylane_matrix_qsvt_extended.py,tests/test_pennylane_matrix_qsvt_extended.py,d4b34df631d41e44592f7d40c31a150784adb9ad88705a0523e3883a41d679c7,d4b34df631d41e44592f7d40c31a150784adb9ad88705a0523e3883a41d679c7,1373,identical,byte-identical to curated source
tests/test_phase10_full_rectangular_qsvt.py,tests/test_phase10_full_rectangular_qsvt.py,647a5dabb9ca2a900a1658ee4364f5ea6f98d7f4958dac1720cb1f51f81fc9e0,647a5dabb9ca2a900a1658ee4364f5ea6f98d7f4958dac1720cb1f51f81fc9e0,6437,identical,byte-identical to curated source
tests/test_phase10_implementation_completion.py,tests/test_phase10_implementation_completion.py,e9c5c2b8e45ba24e3da2e0cc8468783f9b83b82f5706a56ae96e4e7184e0f013,e9c5c2b8e45ba24e3da2e0cc8468783f9b83b82f5706a56ae96e4e7184e0f013,2442,identical,byte-identical to curated source
tests/test_phase10_nonlinear_qsvt_loop.py,tests/test_phase10_nonlinear_qsvt_loop.py,f11a3b96bbf41e9e16afb2881de423b3d34f45fa2c15a9c312aafa22c9aea59e,f11a3b96bbf41e9e16afb2881de423b3d34f45fa2c15a9c312aafa22c9aea59e,5137,identical,byte-identical to curated source
tests/test_phase10_residual_loading.py,tests/test_phase10_residual_loading.py,8c718a7f40d3ec38695cc54acb6de39c0ef577db0f54a061127ebbe8c288f408,8c718a7f40d3ec38695cc54acb6de39c0ef577db0f54a061127ebbe8c288f408,5945,identical,byte-identical to curated source
tests/test_phase10_resource_ledger.py,tests/test_phase10_resource_ledger.py,9e5921fb592ecc50e7f3650dd68b1b9837834bfaea0c157d35a03229bf062ae3,9e5921fb592ecc50e7f3650dd68b1b9837834bfaea0c157d35a03229bf062ae3,4660,identical,byte-identical to curated source
tests/test_phase10_sparse_wrapper_8x8_complete.py,tests/test_phase10_sparse_wrapper_8x8_complete.py,0db923d6ce621b4e725dc2f00639dd21c776bfd62aaca33f32c70fea16b251a8,0db923d6ce621b4e725dc2f00639dd21c776bfd62aaca33f32c70fea16b251a8,3797,identical,byte-identical to curated source
tests/test_phase2_qsvt_boundary.py,tests/test_phase2_qsvt_boundary.py,d8c26fc770f4a8c4cc4b0767106e7c15d4e63edbdb8f737ab17f890ece2febc9,d8c26fc770f4a8c4cc4b0767106e7c15d4e63edbdb8f737ab17f890ece2febc9,3198,identical,byte-identical to curated source
tests/test_phase3_resource_reproducibility.py,tests/test_phase3_resource_reproducibility.py,57c9b085fc6c583ec57b16ce18fc8293366a519c78cae984d266147899a6a04a,7bcdb54f4b9c9a0389dc0a9f898a2c208a5009e5a7a43e568bd2d9bff9fd2743,2221,modified_test_pruning,public-boundary test-node pruning and the lint cleanup it required
tests/test_phase8_bridge_characterization.py,tests/test_phase8_bridge_characterization.py,6814ce9f72b8bfe3c4cbdf0294d3b47aae3f54017ca8bba4b6ade57e85ed014f,6814ce9f72b8bfe3c4cbdf0294d3b47aae3f54017ca8bba4b6ade57e85ed014f,5812,identical,byte-identical to curated source
tests/test_phase8_integrated_readout.py,tests/test_phase8_integrated_readout.py,75ac4f6fa96bb7a7094dc75751b5a4df6063578393eaaf23d159ca167169f740,75ac4f6fa96bb7a7094dc75751b5a4df6063578393eaaf23d159ca167169f740,6754,identical,byte-identical to curated source
tests/test_phase9_bridge_leakage_aware.py,tests/test_phase9_bridge_leakage_aware.py,b6a1886ba4a302b82757ddeaedfc36a5e9bf8a8e35292a28463b0ed864c64880,b6a1886ba4a302b82757ddeaedfc36a5e9bf8a8e35292a28463b0ed864c64880,3857,identical,byte-identical to curated source
tests/test_phase9_integrated_8x8_readout.py,tests/test_phase9_integrated_8x8_readout.py,5c32029436dee067f6af969909c01a328ea95dc7ed34ce5245dc5896b3b3cf34,5c32029436dee067f6af969909c01a328ea95dc7ed34ce5245dc5896b3b3cf34,7086,identical,byte-identical to curated source
tests/test_phase9_lambda_tradeoff.py,tests/test_phase9_lambda_tradeoff.py,103bb7239ce224f5a25a8d607d6c05a422e228d7195673c7fee9c304cabeed0a,103bb7239ce224f5a25a8d607d6c05a422e228d7195673c7fee9c304cabeed0a,2751,identical,byte-identical to curated source
tests/test_phase9_sparse_wrapper_8x8.py,tests/test_phase9_sparse_wrapper_8x8.py,cce4d58f959c786485b2206d581d033edad6c92bd09e99f5c67fa18bf909ff7a,cce4d58f959c786485b2206d581d033edad6c92bd09e99f5c67fa18bf909ff7a,2597,identical,byte-identical to curated source
tests/test_phase_failure_taxonomy.py,tests/test_phase_failure_taxonomy.py,c0c82032c3a6d2b3182feb564ff1f877c17d55d9ed1db53319f841ebd1d8dde3,c0c82032c3a6d2b3182feb564ff1f877c17d55d9ed1db53319f841ebd1d8dde3,2819,identical,byte-identical to curated source
tests/test_phase_solver_variant_comparison.py,tests/test_phase_solver_variant_comparison.py,4805d96392ec0c227094f4b40764189c60880afa01356304afb3cf6cc80a3911,4805d96392ec0c227094f4b40764189c60880afa01356304afb3cf6cc80a3911,3313,identical,byte-identical to curated source
tests/test_phase_synthesis_refinement.py,tests/test_phase_synthesis_refinement.py,1f949b538f4e0b935d457be5e423b14923cc3f7b21f07bc512d309f7d2a404c3,1f949b538f4e0b935d457be5e423b14923cc3f7b21f07bc512d309f7d2a404c3,6189,identical,byte-identical to curated source
tests/test_phase_synthesis_status.py,tests/test_phase_synthesis_status.py,202ff74d2fe74dc13d85d0af4f579de88ec8f0e1e920dad333d3080c0d3217e6,202ff74d2fe74dc13d85d0af4f579de88ec8f0e1e920dad333d3080c0d3217e6,356,identical,byte-identical to curated source
tests/test_polynomial_action_decomposition.py,tests/test_polynomial_action_decomposition.py,539914e9ff48e1d88c84db54e67693dc72c4c71cc86f6cfddbe099b044f817f0,539914e9ff48e1d88c84db54e67693dc72c4c71cc86f6cfddbe099b044f817f0,3781,identical,byte-identical to curated source
tests/test_power_observable_mapping.py,tests/test_power_observable_mapping.py,37e9ab07d4a878b108e9faf7759802841f261a4f4bd0421372cd31234dc63a99,37e9ab07d4a878b108e9faf7759802841f261a4f4bd0421372cd31234dc63a99,1246,identical,byte-identical to curated source
tests/test_power_observable_protocols.py,tests/test_power_observable_protocols.py,efd2b13268f19025e45bcb823eeccba5f6bf8e65efa3cc4c6d09a9ef82778bfc,efd2b13268f19025e45bcb823eeccba5f6bf8e65efa3cc4c6d09a9ef82778bfc,6758,identical,byte-identical to curated source
tests/test_psse_assumption_audit.py,tests/test_psse_assumption_audit.py,2e732cc230e9e59da4405a57d49f9aaa6f27fcc9d463ca804cf1a87f7538ab38,2e732cc230e9e59da4405a57d49f9aaa6f27fcc9d463ca804cf1a87f7538ab38,822,identical,byte-identical to curated source
tests/test_qiskit_matrix_qsvt.py,tests/test_qiskit_matrix_qsvt.py,1e46eae2ffe62a5ec2bde2216ad2486edf198f5b7b387a5669888b4cda54f653,1e46eae2ffe62a5ec2bde2216ad2486edf198f5b7b387a5669888b4cda54f653,1540,identical,byte-identical to curated source
tests/test_qiskit_matrix_qsvt_extended.py,tests/test_qiskit_matrix_qsvt_extended.py,ae9b4dd355103240556165780f391cdc116512c9562fb43f36f352c9035bd23d,ae9b4dd355103240556165780f391cdc116512c9562fb43f36f352c9035bd23d,1491,identical,byte-identical to curated source
tests/test_qsvt_adaptive_degree_selection.py,tests/test_qsvt_adaptive_degree_selection.py,0ca2e719ec7688b9ac5220d8f166052d22ed568bc2063a68215b6043afff9c35,0ca2e719ec7688b9ac5220d8f166052d22ed568bc2063a68215b6043afff9c35,1127,identical,byte-identical to curated source
tests/test_qsvt_adaptive_multicase_degree_search.py,tests/test_qsvt_adaptive_multicase_degree_search.py,dbf539f986c6453e8fac9418e7332def00ac960f05fb44be19d109ca02213de3,dbf539f986c6453e8fac9418e7332def00ac960f05fb44be19d109ca02213de3,1315,identical,byte-identical to curated source
tests/test_qsvt_alpha_degree_tradeoff.py,tests/test_qsvt_alpha_degree_tradeoff.py,aab327fd0273b768eeabecb4339b71c1c5edfd0d2b7a72e57c067cacb51c2ee7,aab327fd0273b768eeabecb4339b71c1c5edfd0d2b7a72e57c067cacb51c2ee7,1386,identical,byte-identical to curated source
tests/test_qsvt_alpha_resource_sensitivity.py,tests/test_qsvt_alpha_resource_sensitivity.py,d177a854079077b5764d89de2d9298427420217af80522669b866aca82cabaad,d177a854079077b5764d89de2d9298427420217af80522669b866aca82cabaad,1676,identical,byte-identical to curated source
tests/test_qsvt_approximation_degree_sweep.py,tests/test_qsvt_approximation_degree_sweep.py,3045d9af4753ca8a5b6ec5ad5c7f583197edc671e7d21b0f5cf11582d3c94077,3045d9af4753ca8a5b6ec5ad5c7f583197edc671e7d21b0f5cf11582d3c94077,1248,identical,byte-identical to curated source
tests/test_qsvt_approximation_tradeoff_report.py,tests/test_qsvt_approximation_tradeoff_report.py,c1cba507a06baab52508c1f890672b7a9e2d20221b22e1907c37ff0c085ba054,c1cba507a06baab52508c1f890672b7a9e2d20221b22e1907c37ff0c085ba054,1031,identical,byte-identical to curated source
tests/test_qsvt_block_encoding_engineering.py,tests/test_qsvt_block_encoding_engineering.py,9768f3c35feaced6d62f325acf19ca634a181b36ce5434225112f11d0afe0589,9768f3c35feaced6d62f325acf19ca634a181b36ce5434225112f11d0afe0589,1674,identical,byte-identical to curated source
tests/test_qsvt_block_encoding_scalability.py,tests/test_qsvt_block_encoding_scalability.py,e0a3383fd4c84206b54ae240d58551b11874e75174c0b6276be59efd876e0883,e0a3383fd4c84206b54ae240d58551b11874e75174c0b6276be59efd876e0883,1215,identical,byte-identical to curated source
tests/test_qsvt_boundary_diagnostics.py,tests/test_qsvt_boundary_diagnostics.py,2298621ae2256cb1b18e1648a29bc15bf3e57de59e008a65c1b92621b984b2f9,2298621ae2256cb1b18e1648a29bc15bf3e57de59e008a65c1b92621b984b2f9,5575,identical,byte-identical to curated source
tests/test_qsvt_circuit_scaling.py,tests/test_qsvt_circuit_scaling.py,c49e5d0979cfadd2becc10f41b1ce6df20a32ff0ef7e85f93bc203e64c5bcc0c,c49e5d0979cfadd2becc10f41b1ce6df20a32ff0ef7e85f93bc203e64c5bcc0c,1638,identical,byte-identical to curated source
tests/test_qsvt_claim_audit.py,tests/test_qsvt_claim_audit.py,28285e4117b9490b73c0f1b866aa165ee3c05c1f954d9c18902b93dae62bf6a0,28285e4117b9490b73c0f1b866aa165ee3c05c1f954d9c18902b93dae62bf6a0,1034,identical,byte-identical to curated source
tests/test_qsvt_cost_accounting.py,tests/test_qsvt_cost_accounting.py,7a5bbaaefe170559b108949bf3b2dace32a12cfd9d49953e9321dbf84783846a,7a5bbaaefe170559b108949bf3b2dace32a12cfd9d49953e9321dbf84783846a,3343,identical,byte-identical to curated source
tests/test_qsvt_engineering_audit.py,tests/test_qsvt_engineering_audit.py,357246a65f570978fcf1ceab3fe6a40ab6d1ba72cb2b4086ffaf1bddfdf76035,357246a65f570978fcf1ceab3fe6a40ab6d1ba72cb2b4086ffaf1bddfdf76035,2282,identical,byte-identical to curated source
tests/test_qsvt_engineering_claim_matrix.py,tests/test_qsvt_engineering_claim_matrix.py,9dc0bf92f717133753cdbdcb9ee59cc24f9abe0387b9889bddc3773aaca317bc,9dc0bf92f717133753cdbdcb9ee59cc24f9abe0387b9889bddc3773aaca317bc,4889,identical,byte-identical to curated source
tests/test_qsvt_evidence_claim_support_report.py,tests/test_qsvt_evidence_claim_support_report.py,4a94d40e5a68aa3ef8167e2821172230bd6be55ccb456da0702f33681bc01bcb,4a94d40e5a68aa3ef8167e2821172230bd6be55ccb456da0702f33681bc01bcb,18791,identical,byte-identical to curated source
tests/test_qsvt_evidence_tiering.py,tests/test_qsvt_evidence_tiering.py,83613c287e439e556ca3148645b112a9bd27bbc26c82f1cb44022f0288a1a48c,83613c287e439e556ca3148645b112a9bd27bbc26c82f1cb44022f0288a1a48c,4170,identical,byte-identical to curated source
tests/test_qsvt_external_backend_phase_validation.py,tests/test_qsvt_external_backend_phase_validation.py,d3f4e31d4df3a28489edcff680043e3eee5d2cdec2ad01e41a65b839c6e9ebb2,d3f4e31d4df3a28489edcff680043e3eee5d2cdec2ad01e41a65b839c6e9ebb2,2742,identical,byte-identical to curated source
tests/test_qsvt_external_backend_sanity.py,tests/test_qsvt_external_backend_sanity.py,a550c845a3f7df3284e0797c703553e9d3523496278609b603d175da3f2e1a4f,a550c845a3f7df3284e0797c703553e9d3523496278609b603d175da3f2e1a4f,1724,identical,byte-identical to curated source
tests/test_qsvt_external_phase_backend_audit.py,tests/test_qsvt_external_phase_backend_audit.py,ccd9ef5870e6b3ccd912575a3de6869f4c4a3eaa6b886c071df6fcd1400eee2b,ccd9ef5870e6b3ccd912575a3de6869f4c4a3eaa6b886c071df6fcd1400eee2b,1949,identical,byte-identical to curated source
tests/test_qsvt_failure_fix_summary.py,tests/test_qsvt_failure_fix_summary.py,169fb1dbbf90abc0abc6ddcf49bc3744922d8a7c4b62e4688d5f0f264a06f5a7,169fb1dbbf90abc0abc6ddcf49bc3744922d8a7c4b62e4688d5f0f264a06f5a7,2711,identical,byte-identical to curated source
tests/test_qsvt_feasibility_decision.py,tests/test_qsvt_feasibility_decision.py,f11bb47a6bfacddd4abe543ff6664373aeab9f7365647e4218f751dce1941dd2,f11bb47a6bfacddd4abe543ff6664373aeab9f7365647e4218f751dce1941dd2,751,identical,byte-identical to curated source
tests/test_qsvt_final_claim_audit_after_phase2.py,tests/test_qsvt_final_claim_audit_after_phase2.py,e6e1e61cfc7a7e4783b17bb75464a764fabb273c19b2fcbe07b89c4e77c4b8bb,e6e1e61cfc7a7e4783b17bb75464a764fabb273c19b2fcbe07b89c4e77c4b8bb,1453,identical,byte-identical to curated source
tests/test_qsvt_hardware_aware.py,tests/test_qsvt_hardware_aware.py,b3283eafde35142714a088588a269edae313a88d60b027a4367b4d19d117a65d,b3283eafde35142714a088588a269edae313a88d60b027a4367b4d19d117a65d,1307,identical,byte-identical to curated source
tests/test_qsvt_ieee118_targeted_refinement.py,tests/test_qsvt_ieee118_targeted_refinement.py,2c065c29a01b7d84d176c4226c839626ab3aa0d1383753ebf678e446f3e1694a,2c065c29a01b7d84d176c4226c839626ab3aa0d1383753ebf678e446f3e1694a,1726,identical,byte-identical to curated source
tests/test_qsvt_ieee300_spectral_difficulty.py,tests/test_qsvt_ieee300_spectral_difficulty.py,69c9ada51d1acf8e9f48a84ca02489d8d3bd61297430781f77bb839ecb53a2ae,69c9ada51d1acf8e9f48a84ca02489d8d3bd61297430781f77bb839ecb53a2ae,1659,identical,byte-identical to curated source
tests/test_qsvt_multicase_approximation_diagnostics.py,tests/test_qsvt_multicase_approximation_diagnostics.py,e0fb02902a6066069e6ef4891df29ad6893db610427a49ee12a692d333cfc66c,e0fb02902a6066069e6ef4891df29ad6893db610427a49ee12a692d333cfc66c,1057,identical,byte-identical to curated source
tests/test_qsvt_multicase_resource_diagnostics.py,tests/test_qsvt_multicase_resource_diagnostics.py,96cd77c4090b18ad7d28d2a7849fd69cd0b60e604e0aa74e2ff845329896d5b3,96cd77c4090b18ad7d28d2a7849fd69cd0b60e604e0aa74e2ff845329896d5b3,1212,identical,byte-identical to curated source
tests/test_qsvt_nonbruteforce_refinement_summary.py,tests/test_qsvt_nonbruteforce_refinement_summary.py,4f6de30e10d657fccf6afaa907184a735cb25678baca1f2bd63fa5662cdaccb3,4f6de30e10d657fccf6afaa907184a735cb25678baca1f2bd63fa5662cdaccb3,3423,identical,byte-identical to curated source
tests/test_qsvt_operator_block_extraction.py,tests/test_qsvt_operator_block_extraction.py,e5f834d6f6890838053ef9516b5eea00cd08b01c202d5cc1f8ec0584c34146fe,e5f834d6f6890838053ef9516b5eea00cd08b01c202d5cc1f8ec0584c34146fe,2102,identical,byte-identical to curated source
tests/test_qsvt_optional_phase_synthesis_validation.py,tests/test_qsvt_optional_phase_synthesis_validation.py,98232d34df6d611097a1ee1e323e4336b39a3e1c33fe30bebedfcc9eeb16e658,98232d34df6d611097a1ee1e323e4336b39a3e1c33fe30bebedfcc9eeb16e658,1006,identical,byte-identical to curated source
tests/test_qsvt_partial_readout_demo.py,tests/test_qsvt_partial_readout_demo.py,313993f955962e1e3ca273b50f51a03a4d1b7586249f807e6f654248d4486838,313993f955962e1e3ca273b50f51a03a4d1b7586249f807e6f654248d4486838,2721,identical,byte-identical to curated source
tests/test_qsvt_phase1_finalization.py,tests/test_qsvt_phase1_finalization.py,11be19fbc77f9140e82af8a0a5d7b97996d5785cd863070c1cc22dddde56d271,11be19fbc77f9140e82af8a0a5d7b97996d5785cd863070c1cc22dddde56d271,2228,identical,byte-identical to curated source
tests/test_qsvt_phase2_alpha_selection.py,tests/test_qsvt_phase2_alpha_selection.py,d6a3c0f9bef3410f228016cb95d6bf27a126f9883769041aa171069a2a1858cb,d6a3c0f9bef3410f228016cb95d6bf27a126f9883769041aa171069a2a1858cb,1403,identical,byte-identical to curated source
tests/test_qsvt_phase2_complete_summary.py,tests/test_qsvt_phase2_complete_summary.py,3d743626b38f8e08c000dc32b3bec5abd3ff8dae0f70525cae20d263c7185303,3d743626b38f8e08c000dc32b3bec5abd3ff8dae0f70525cae20d263c7185303,3883,identical,byte-identical to curated source
tests/test_qsvt_phase2_figures.py,tests/test_qsvt_phase2_figures.py,fcf794fe2683bd230adc0970c7704567c241b570cd3d29484cae35a510ab4902,fcf794fe2683bd230adc0970c7704567c241b570cd3d29484cae35a510ab4902,3677,identical,byte-identical to curated source
tests/test_qsvt_phase2_final_claim_audit.py,tests/test_qsvt_phase2_final_claim_audit.py,4081b81366d38d5195c526ba3d4f30881b5fd3cd0a1c9560c9ae7582c179430a,4081b81366d38d5195c526ba3d4f30881b5fd3cd0a1c9560c9ae7582c179430a,1592,identical,byte-identical to curated source
tests/test_qsvt_phase2_optional_ieee57.py,tests/test_qsvt_phase2_optional_ieee57.py,df200dd1097e8c0d3f9995eb08663df8759d68836703d3418c319ffaa9b719d4,df200dd1097e8c0d3f9995eb08663df8759d68836703d3418c319ffaa9b719d4,1349,identical,byte-identical to curated source
tests/test_qsvt_phase2_preconditioned_alpha.py,tests/test_qsvt_phase2_preconditioned_alpha.py,1cc77d2847e4ddaf34f9882b4d9a28e68bf689e3446567b702de9de150a9e44d,1cc77d2847e4ddaf34f9882b4d9a28e68bf689e3446567b702de9de150a9e44d,2202,identical,byte-identical to curated source
tests/test_qsvt_phase2_summary.py,tests/test_qsvt_phase2_summary.py,4bec9ddb8397577f63eed25d2b7cf833f71e953fd30505532163c1cb87df7f39,4bec9ddb8397577f63eed25d2b7cf833f71e953fd30505532163c1cb87df7f39,2447,identical,byte-identical to curated source
tests/test_qsvt_phase2_updated_tables.py,tests/test_qsvt_phase2_updated_tables.py,8f24d1559a00285bb6641edc5e4548f996fbe0f250dc6ae0cfac3dc613d041e6,8f24d1559a00285bb6641edc5e4548f996fbe0f250dc6ae0cfac3dc613d041e6,6357,identical,byte-identical to curated source
tests/test_qsvt_phase_and_multicase_summary.py,tests/test_qsvt_phase_and_multicase_summary.py,399b123e14270942c2aea750b0f75e2ce8b04aa7885e3499b1b8971bc5d14a34,399b123e14270942c2aea750b0f75e2ce8b04aa7885e3499b1b8971bc5d14a34,2822,identical,byte-identical to curated source
tests/test_qsvt_phase_backend_adapters.py,tests/test_qsvt_phase_backend_adapters.py,5cbc4db76b08a7f550c9519e0c967825f7af422c19e1cb10ef69a569925b30c5,5cbc4db76b08a7f550c9519e0c967825f7af422c19e1cb10ef69a569925b30c5,1171,identical,byte-identical to curated source
tests/test_qsvt_phase_backend_audit.py,tests/test_qsvt_phase_backend_audit.py,1a2892e408f939b95ba0a5e67b9a08af09311c07b5b2a00f9a12b61d90143e3b,1a2892e408f939b95ba0a5e67b9a08af09311c07b5b2a00f9a12b61d90143e3b,1302,identical,byte-identical to curated source
tests/test_qsvt_phase_cache.py,tests/test_qsvt_phase_cache.py,8464a0af827171e7ed4bfd99b1afa48e6ab2a2f7a540dc094a43348192573a33,8464a0af827171e7ed4bfd99b1afa48e6ab2a2f7a540dc094a43348192573a33,960,identical,byte-identical to curated source
tests/test_qsvt_phase_demo.py,tests/test_qsvt_phase_demo.py,7b8b3d0c50bee08bc86eddab47a85740b9ebad2492f4b40064a060051b5c5a70,7b8b3d0c50bee08bc86eddab47a85740b9ebad2492f4b40064a060051b5c5a70,3121,identical,byte-identical to curated source
tests/test_qsvt_phase_response_conventions.py,tests/test_qsvt_phase_response_conventions.py,bb412a4ad8dd677146d132e3fdd356c20504ff9adf916d4e55778d9ae980d6f2,bb412a4ad8dd677146d132e3fdd356c20504ff9adf916d4e55778d9ae980d6f2,2161,identical,byte-identical to curated source
tests/test_qsvt_phase_sanity_regression.py,tests/test_qsvt_phase_sanity_regression.py,704f6aad0da2c420b565aec88678522924c7f4a8c87673dda408fca55dcba06d,704f6aad0da2c420b565aec88678522924c7f4a8c87673dda408fca55dcba06d,1616,identical,byte-identical to curated source
tests/test_qsvt_phase_synthesis_full.py,tests/test_qsvt_phase_synthesis_full.py,34c7ccc6f0d3b6712fe3753b1018eae8fea07d4420c48c45250b276b6b42ab20,34c7ccc6f0d3b6712fe3753b1018eae8fea07d4420c48c45250b276b6b42ab20,2243,identical,byte-identical to curated source
tests/test_qsvt_phase_target_failure_diagnostics.py,tests/test_qsvt_phase_target_failure_diagnostics.py,1379b5878afd076436d81baf79c355fff171683b8efdef89e753dd171552dc79,1379b5878afd076436d81baf79c355fff171683b8efdef89e753dd171552dc79,2561,identical,byte-identical to curated source
tests/test_qsvt_phase_validation.py,tests/test_qsvt_phase_validation.py,16eb6c89d42d129794462559dd6e5c4b8802a49c0a8723437aceb572733e0475,16eb6c89d42d129794462559dd6e5c4b8802a49c0a8723437aceb572733e0475,1979,identical,byte-identical to curated source
tests/test_qsvt_phase_validation_stable_basis.py,tests/test_qsvt_phase_validation_stable_basis.py,0430dafa2dfb855d647eac90ee56f98e7a70fdb07a9ddf82e38caf6a0b7b17ad,0430dafa2dfb855d647eac90ee56f98e7a70fdb07a9ddf82e38caf6a0b7b17ad,2964,identical,byte-identical to curated source
tests/test_qsvt_polynomial_method_comparison.py,tests/test_qsvt_polynomial_method_comparison.py,6f6e6d7ce44853b2ecb08e64214c4392b1964fc5677b85e6f6441fb041e4f65c,6f6e6d7ce44853b2ecb08e64214c4392b1964fc5677b85e6f6441fb041e4f65c,1174,identical,byte-identical to curated source
tests/test_qsvt_preconditioned_ieee300_estimator.py,tests/test_qsvt_preconditioned_ieee300_estimator.py,0a2452eecde2a8be1849343f031dd6878c2deff765c314021c947bd8c60c9267,0a2452eecde2a8be1849343f031dd6878c2deff765c314021c947bd8c60c9267,1518,identical,byte-identical to curated source
tests/test_qsvt_preconditioned_variant_sweeps.py,tests/test_qsvt_preconditioned_variant_sweeps.py,7cdcec92f4d360a5742d823141539ee37be535ff99a3a3d41a0c6b545621a4f7,7cdcec92f4d360a5742d823141539ee37be535ff99a3a3d41a0c6b545621a4f7,1447,identical,byte-identical to curated source
tests/test_qsvt_preconditioning_diagnostics.py,tests/test_qsvt_preconditioning_diagnostics.py,4604a8b5f84e3612b5ee184878a37f770551cb77ea72a77465b1ec2fd1267e68,4604a8b5f84e3612b5ee184878a37f770551cb77ea72a77465b1ec2fd1267e68,1128,identical,byte-identical to curated source
tests/test_qsvt_preconditioning_resource_comparison.py,tests/test_qsvt_preconditioning_resource_comparison.py,c35184bd9159679d6b34178f6111f86a4435ab0f641e58cc25bfaf2b6852bb6f,c35184bd9159679d6b34178f6111f86a4435ab0f641e58cc25bfaf2b6852bb6f,1427,identical,byte-identical to curated source
tests/test_qsvt_quantum_backends.py,tests/test_qsvt_quantum_backends.py,6debb46a68b9ee8f2c52dd9b12bd21b9c379827c5d3b8840078cfb442a46061e,6debb46a68b9ee8f2c52dd9b12bd21b9c379827c5d3b8840078cfb442a46061e,1690,identical,byte-identical to curated source
tests/test_qsvt_residual_weighted_error.py,tests/test_qsvt_residual_weighted_error.py,64492824d85b215b4842eecc403be253024e58175e449040bafc2fea58180bcc,64492824d85b215b4842eecc403be253024e58175e449040bafc2fea58180bcc,1570,identical,byte-identical to curated source
tests/test_qsvt_resource_accounting.py,tests/test_qsvt_resource_accounting.py,ec3f42f222d54c84434c72477ac1d57b588d77ec7e593c9e728cba4548f9a84b,f5dbef2251f5306ddd0d74a32ca9b81b3e1090d672e6440887b25b39cd150b55,3617,modified_test_pruning,public-boundary test-node pruning and the lint cleanup it required
tests/test_qsvt_resource_estimation.py,tests/test_qsvt_resource_estimation.py,ea37a2130a92b37491b1403c3a29ec34bfeaaf0bc200ecde6ca9171807112d29,ea37a2130a92b37491b1403c3a29ec34bfeaaf0bc200ecde6ca9171807112d29,976,identical,byte-identical to curated source
tests/test_qsvt_resource_estimator_engineering.py,tests/test_qsvt_resource_estimator_engineering.py,8798944ee4735cb6fb4e4609508ef99ff38808232d473abfafae77cba4a32469,8798944ee4735cb6fb4e4609508ef99ff38808232d473abfafae77cba4a32469,2149,identical,byte-identical to curated source
tests/test_qsvt_resource_phase_summary.py,tests/test_qsvt_resource_phase_summary.py,c8f692ed972a8e191333ef994ccb2d612a1d05a065169a2b6890529070edbd2b,c8f692ed972a8e191333ef994ccb2d612a1d05a065169a2b6890529070edbd2b,3163,identical,byte-identical to curated source
tests/test_qsvt_resources.py,tests/test_qsvt_resources.py,1ca8540986707e3ae13584341bc2c302e102e2bcea716c228d038357ad68f892,1ca8540986707e3ae13584341bc2c302e102e2bcea716c228d038357ad68f892,5957,identical,byte-identical to curated source
tests/test_qsvt_selected_alpha_phase_validation.py,tests/test_qsvt_selected_alpha_phase_validation.py,08c405ddce3ab2334c26283205b5d7e8b9d4f6e8dea91a1974449681880880a5,08c405ddce3ab2334c26283205b5d7e8b9d4f6e8dea91a1974449681880880a5,1411,identical,byte-identical to curated source
tests/test_qsvt_shot_readout.py,tests/test_qsvt_shot_readout.py,e8e6de64aa1426a6cc8449d8900b3b374fb0c0a2849f5885ea9ea70a76aaa9b0,e8e6de64aa1426a6cc8449d8900b3b374fb0c0a2849f5885ea9ea70a76aaa9b0,1492,identical,byte-identical to curated source
tests/test_qsvt_spectrum_aware_diagnostics.py,tests/test_qsvt_spectrum_aware_diagnostics.py,698af66994ebc9f22e3eeb3d31c248c917d41ede3c299c2791175dad5933e631,698af66994ebc9f22e3eeb3d31c248c917d41ede3c299c2791175dad5933e631,1428,identical,byte-identical to curated source
tests/test_qsvt_stable_phase_candidates.py,tests/test_qsvt_stable_phase_candidates.py,2e619e32c6f3220e2081755b0abfbc703412edcc18850cb1f781540537b2e173,2e619e32c6f3220e2081755b0abfbc703412edcc18850cb1f781540537b2e173,2378,identical,byte-identical to curated source
tests/test_qsvt_stable_target_phase_validation.py,tests/test_qsvt_stable_target_phase_validation.py,fd06a996606d4f969c472efecaa205b0885a75e9f8ce95fe56669f63c30bd04b,fd06a996606d4f969c472efecaa205b0885a75e9f8ce95fe56669f63c30bd04b,3136,identical,byte-identical to curated source
tests/test_qsvt_state_demo.py,tests/test_qsvt_state_demo.py,58ca1c24cdb46a7d79193604f759facef06309c30c43bcd7ae302d244c936c08,58ca1c24cdb46a7d79193604f759facef06309c30c43bcd7ae302d244c936c08,1075,identical,byte-identical to curated source
tests/test_qsvt_update_workflow.py,tests/test_qsvt_update_workflow.py,8799a60792953d3ead3d4fceeef73f625fc9896abbac8c38cb04f8173715b182,8799a60792953d3ead3d4fceeef73f625fc9896abbac8c38cb04f8173715b182,2249,identical,byte-identical to curated source
tests/test_qubit_register_accounting.py,tests/test_qubit_register_accounting.py,f3474f11819522d258d92904d9bf058b6e14a30f958f3cdc3455a2bc89230977,f3474f11819522d258d92904d9bf058b6e14a30f958f3cdc3455a2bc89230977,471,identical,byte-identical to curated source
tests/test_reactive_power_conditioning_exact_setups.py,tests/test_reactive_power_conditioning_exact_setups.py,7715e64f856d0ad3b46bb2fbfcd603f61482c493d564973fe47121c4a2da0b03,7715e64f856d0ad3b46bb2fbfcd603f61482c493d564973fe47121c4a2da0b03,3345,identical,byte-identical to curated source
tests/test_reactive_power_conditioning_table.py,tests/test_reactive_power_conditioning_table.py,09f965ad0a229a3a8d4feb37a0df6ac010ee73a98a0187f790957189f166a185,09f965ad0a229a3a8d4feb37a0df6ac010ee73a98a0187f790957189f166a185,2487,identical,byte-identical to curated source
tests/test_readout_alpha_degree_codesign.py,tests/test_readout_alpha_degree_codesign.py,6bc9be73c7d4c8dedbc9df8be89b08429ac5ce1b7fecdb65bd18e314d12ca6e6,6bc9be73c7d4c8dedbc9df8be89b08429ac5ce1b7fecdb65bd18e314d12ca6e6,17347,identical,byte-identical to curated source
tests/test_readout_claim_split_cleanup.py,tests/test_readout_claim_split_cleanup.py,8ef6740add3697e8461c599dd82e352cf436cb7d6257a22357a8c06e2328a5fc,8ef6740add3697e8461c599dd82e352cf436cb7d6257a22357a8c06e2328a5fc,2269,identical,byte-identical to curated source
tests/test_readout_diagnostics.py,tests/test_readout_diagnostics.py,c2ceb19690c2f2a903e3a27f2655a468b0985a804f977948a0737faa971b0ed0,c2ceb19690c2f2a903e3a27f2655a468b0985a804f977948a0737faa971b0ed0,3310,identical,byte-identical to curated source
tests/test_readout_error_decomposition.py,tests/test_readout_error_decomposition.py,54fbfdc194270c3bfd9539082b3df1698e1c833f19ecee36e0f2d9cab14dda88,54fbfdc194270c3bfd9539082b3df1698e1c833f19ecee36e0f2d9cab14dda88,2665,identical,byte-identical to curated source
tests/test_readout_estimators.py,tests/test_readout_estimators.py,39bddc182d37a8ab7e012dd464d4d1fdf67c2ad1ef9e7aa7c80b9b2d148dceec,39bddc182d37a8ab7e012dd464d4d1fdf67c2ad1ef9e7aa7c80b9b2d148dceec,1505,identical,byte-identical to curated source
tests/test_readout_limitation_formalization.py,tests/test_readout_limitation_formalization.py,e3dbe3e189ea31fed0638169585f2fe78064c38dd2a8711476bc467fce83a6fa,e3dbe3e189ea31fed0638169585f2fe78064c38dd2a8711476bc467fce83a6fa,3782,identical,byte-identical to curated source
tests/test_readout_registry_consistency.py,tests/test_readout_registry_consistency.py,aa8313a302cdff1a52ed77fe9a85db443886011cdf531e44c273aba1f279540a,f0d23e8f69dd7715941f480b3baa19407410d9b96daf880cd70077cea393599f,2012,modified_test_pruning,public-boundary test-node pruning and the lint cleanup it required
tests/test_readout_sampling_confidence_intervals.py,tests/test_readout_sampling_confidence_intervals.py,cb85581765710265c9089e4bd7a2c92a708bdc59843e441cdbc197ab4d25734c,cb85581765710265c9089e4bd7a2c92a708bdc59843e441cdbc197ab4d25734c,2291,identical,byte-identical to curated source
tests/test_readout_statistics.py,tests/test_readout_statistics.py,d02fc61baa5b6ead50875aea4c7a8a7b6b8bc534f31a2fc4b1b97c5381e0e983,d02fc61baa5b6ead50875aea4c7a8a7b6b8bc534f31a2fc4b1b97c5381e0e983,4521,identical,byte-identical to curated source
tests/test_readout_two_view_summary.py,tests/test_readout_two_view_summary.py,3fad43dbdae7f6e5c5018127d6968c44e17f2a8663da40af0ac46af9723d1fa4,7abeb652bc882941dedd7162905ba5deb12c37d6ebd841b76a0db462191f8fc7,13613,modified_test_pruning,public-boundary test-node pruning and the lint cleanup it required
tests/test_real_cases.py,tests/test_real_cases.py,76aa7b24ab90e015f312a05a3d6f4cd5f5d71129c461c68d682d42eeb67c4c4c,76aa7b24ab90e015f312a05a3d6f4cd5f5d71129c461c68d682d42eeb67c4c4c,5505,identical,byte-identical to curated source
tests/test_rectangular_convention_all_degrees.py,tests/test_rectangular_convention_all_degrees.py,798e69a1e7910b8fea0bf253527a6faf44a7d4f0d8e6f8fdf74565ae5a892da0,798e69a1e7910b8fea0bf253527a6faf44a7d4f0d8e6f8fdf74565ae5a892da0,3395,identical,byte-identical to curated source
tests/test_rectangular_convention_api.py,tests/test_rectangular_convention_api.py,1da2350ce6a8148521118fefca62ee93f15fcacf147a41e046b021a5a640ce52,1da2350ce6a8148521118fefca62ee93f15fcacf147a41e046b021a5a640ce52,847,identical,byte-identical to curated source
tests/test_rectangular_convention_complex.py,tests/test_rectangular_convention_complex.py,79fc27a241e7750680f7a5943ccd897bcc1e820ff928f99e7070b3bc74a05d12,79fc27a241e7750680f7a5943ccd897bcc1e820ff928f99e7070b3bc74a05d12,3204,identical,byte-identical to curated source
tests/test_rectangular_convention_degree_generalization.py,tests/test_rectangular_convention_degree_generalization.py,8296f0ff04857c493cdb4f2004ba2cb34b642a10d6682a74e1b5b64d0557ffb9,8296f0ff04857c493cdb4f2004ba2cb34b642a10d6682a74e1b5b64d0557ffb9,577,identical,byte-identical to curated source
tests/test_rectangular_convention_derivation.py,tests/test_rectangular_convention_derivation.py,f64f4db1a4ed40a22b13a0bab1e4bcd1e8fb5bde4835820fba0d78f239904af6,f64f4db1a4ed40a22b13a0bab1e4bcd1e8fb5bde4835820fba0d78f239904af6,3060,identical,byte-identical to curated source
tests/test_rectangular_convention_fix.py,tests/test_rectangular_convention_fix.py,f98ac1b47cfc4bea99399be5380ee0bb7b83991a7082a1d6e969efeca771776c,f98ac1b47cfc4bea99399be5380ee0bb7b83991a7082a1d6e969efeca771776c,7755,identical,byte-identical to curated source
tests/test_rectangular_convention_heldout.py,tests/test_rectangular_convention_heldout.py,7cdc9641b05ea5daa4c95e402d847618eb431d21c2f2e86a128b41fa84c161c1,7cdc9641b05ea5daa4c95e402d847618eb431d21c2f2e86a128b41fa84c161c1,2563,identical,byte-identical to curated source
tests/test_rectangular_convention_strict_cases.py,tests/test_rectangular_convention_strict_cases.py,2210ca5a95bc0a1401b44a947c1c449243b82ff13865c641f85bd14fc7526279,2210ca5a95bc0a1401b44a947c1c449243b82ff13865c641f85bd14fc7526279,5205,identical,byte-identical to curated source
tests/test_rectangular_padded_workload.py,tests/test_rectangular_padded_workload.py,5caee556982b0bf4d00df8cd37602103a23074ef99cd403f75e24329e74bfbf1,5caee556982b0bf4d00df8cd37602103a23074ef99cd403f75e24329e74bfbf1,2362,identical,byte-identical to curated source
tests/test_refined_selected_subproblem_solver.py,tests/test_refined_selected_subproblem_solver.py,c3932f98847531a0566a7ddadb8f58101b57e7dbd72adb915b19e6bff5dc2225,c3932f98847531a0566a7ddadb8f58101b57e7dbd72adb915b19e6bff5dc2225,3073,identical,byte-identical to curated source
tests/test_report_builder.py,tests/test_report_builder.py,d6800067b476692890b3ac5f4e07b6d7fb61a095cc0b68338d215c9374448ffd,d6800067b476692890b3ac5f4e07b6d7fb61a095cc0b68338d215c9374448ffd,11308,identical,byte-identical to curated source
tests/test_research_matrix_extraction.py,tests/test_research_matrix_extraction.py,c0087da3de3cc5c1cb9d6d4c6564181cca8b291f907091e5ebd3bcbbae65ccef,c0087da3de3cc5c1cb9d6d4c6564181cca8b291f907091e5ebd3bcbbae65ccef,2008,identical,byte-identical to curated source
tests/test_residual_feasible_codesigned_search.py,tests/test_residual_feasible_codesigned_search.py,74cdf95970b8e8a39cd4a709c19a9d411694d15ccf4ef80e4abc652c331eba14,74cdf95970b8e8a39cd4a709c19a9d411694d15ccf4ef80e4abc652c331eba14,3877,identical,byte-identical to curated source
tests/test_residual_feasible_config_search.py,tests/test_residual_feasible_config_search.py,0c76f02d1fbd8028f9fe652570ae7db5cf4c75f067f918e5e5f645dce1039a2d,0c76f02d1fbd8028f9fe652570ae7db5cf4c75f067f918e5e5f645dce1039a2d,12782,identical,byte-identical to curated source
tests/test_residual_feasible_gate_validation.py,tests/test_residual_feasible_gate_validation.py,f8eb4ddb792893165e304f4cd2a8dde70ad2752477ec4a608d6308048bbd7c6f,f8eb4ddb792893165e304f4cd2a8dde70ad2752477ec4a608d6308048bbd7c6f,8078,identical,byte-identical to curated source
tests/test_residual_feasible_with_amplitude_recovery.py,tests/test_residual_feasible_with_amplitude_recovery.py,dca51647b486c0601fa8786d64ba76f5b7c852537422b894b935b4c306125e98,dca51647b486c0601fa8786d64ba76f5b7c852537422b894b935b4c306125e98,3145,identical,byte-identical to curated source
tests/test_resource_boundary_stack.py,tests/test_resource_boundary_stack.py,cab64c174742ad93c3f9fdc4a24f65fff7cea7b4a9a25902aa9a44c6bb1f0814,cab64c174742ad93c3f9fdc4a24f65fff7cea7b4a9a25902aa9a44c6bb1f0814,4228,identical,byte-identical to curated source
tests/test_resource_ledger_consistency.py,tests/test_resource_ledger_consistency.py,f7b38771587a3145d698d156596753da9bc11edaec0025aa1664e47d3a69f33d,f7b38771587a3145d698d156596753da9bc11edaec0025aa1664e47d3a69f33d,580,identical,byte-identical to curated source
tests/test_resource_ledger_traceability.py,tests/test_resource_ledger_traceability.py,1d183b3369ff0be321b7199c87c91b5071154180346fc441c18ffe4db1193091,73e37b3d7deb3114485badc1ff81b391d0aa5d021964a6be4e79f578e01bc473,40,modified_test_pruning,public-boundary test-node pruning and the lint cleanup it required
tests/test_reversible_sparse_oracle.py,tests/test_reversible_sparse_oracle.py,a5c849895f7d14cf9c9ee024e93db91b69c07ee91524687b8b2e607dd8740dc1,a5c849895f7d14cf9c9ee024e93db91b69c07ee91524687b8b2e607dd8740dc1,3418,identical,byte-identical to curated source
tests/test_reviewer_blocking_exact_loss_baselines.py,tests/test_reviewer_blocking_exact_loss_baselines.py,4c5826bdfaad3a66cecb58d10a04e6ff42abb82448b4c05b35d734e0a34ce1d3,4c5826bdfaad3a66cecb58d10a04e6ff42abb82448b4c05b35d734e0a34ce1d3,7931,identical,byte-identical to curated source
tests/test_reviewer_blocking_joint_feasibility.py,tests/test_reviewer_blocking_joint_feasibility.py,fb49f032361575b29ef670c6a7464cf044b5271145fb1b4aa743530c72871ad7,fb49f032361575b29ef670c6a7464cf044b5271145fb1b4aa743530c72871ad7,4513,identical,byte-identical to curated source
tests/test_reviewer_blocking_physical_functionals.py,tests/test_reviewer_blocking_physical_functionals.py,adef018863878acc468e7e05d7bccd10e87bee1915d485da4f823b4c88209bf7,adef018863878acc468e7e05d7bccd10e87bee1915d485da4f823b4c88209bf7,5492,identical,byte-identical to curated source
tests/test_reviewer_blocking_resource_pareto.py,tests/test_reviewer_blocking_resource_pareto.py,d13a1f9bed59a2a50689db18cfcbbea9915542e916e40521a8f82d8ee10ef765,d13a1f9bed59a2a50689db18cfcbbea9915542e916e40521a8f82d8ee10ef765,9166,identical,byte-identical to curated source
tests/test_reviewer_evidence_engine.py,tests/test_reviewer_evidence_engine.py,e4e0a2024173918b0dfbc0a13eca3f05e871970cf570a77d5cfedf3cd181adab,e4e0a2024173918b0dfbc0a13eca3f05e871970cf570a77d5cfedf3cd181adab,8652,identical,byte-identical to curated source
tests/test_reviewer_evidence_studies.py,tests/test_reviewer_evidence_studies.py,3b379e636ba9a50a250a9d2bfe7e4999e31784e2cfb5ccabfcd0299b9c0f38ce,993c789da5b2343b9d094a8f67f88e950770f1072911aed13cb72cddb4e940dc,4209,modified_test_pruning,public-boundary test-node pruning and the lint cleanup it required
tests/test_ridge_output_certificate.py,tests/test_ridge_output_certificate.py,ce3a8da5cb31a0ff6f4edb9cca3d536b2354f566093fe228f6dcf1c9fe10c10e,ce3a8da5cb31a0ff6f4edb9cca3d536b2354f566093fe228f6dcf1c9fe10c10e,4355,identical,byte-identical to curated source
tests/test_ridge_output_gradient.py,tests/test_ridge_output_gradient.py,573c96b4a965171c800456a90a72d3b93e4ffeb2b884abf8bb469f36b0505e23,573c96b4a965171c800456a90a72d3b93e4ffeb2b884abf8bb469f36b0505e23,3437,identical,byte-identical to curated source
tests/test_robust_companion_statistics.py,tests/test_robust_companion_statistics.py,10d2e1e88a24e1b43b030a77c24054b387bbc2e9fe77154079298c600b8f745b,10d2e1e88a24e1b43b030a77c24054b387bbc2e9fe77154079298c600b8f745b,4576,identical,byte-identical to curated source
tests/test_robust_estimators.py,tests/test_robust_estimators.py,13c9cb7b7525fb64ad6846e8b11ff64c4a432be2a0f1bd81a90490e2c7089b5d,13c9cb7b7525fb64ad6846e8b11ff64c4a432be2a0f1bd81a90490e2c7089b5d,8256,identical,byte-identical to curated source
tests/test_robustness_gate_validation.py,tests/test_robustness_gate_validation.py,175863d553684bb9653d398d7be02b2dfc8e27ec6444e61cfd6e1a2fd59443c6,175863d553684bb9653d398d7be02b2dfc8e27ec6444e61cfd6e1a2fd59443c6,3130,identical,byte-identical to curated source
tests/test_sampling_seed_manifest.py,tests/test_sampling_seed_manifest.py,12d4963cb11cfe58169b9e10a553724b792c9145d553e5efd7d4c1deeeee0e0d,12d4963cb11cfe58169b9e10a553724b792c9145d553e5efd7d4c1deeeee0e0d,2389,identical,byte-identical to curated source
tests/test_scalable_block_encoding.py,tests/test_scalable_block_encoding.py,e1f8dcdafc75742e79a4b87d0a84d3041d240ecec2468e3707db152a533cf484,e1f8dcdafc75742e79a4b87d0a84d3041d240ecec2468e3707db152a533cf484,1136,identical,byte-identical to curated source
tests/test_scalable_qsvt_ieee_report.py,tests/test_scalable_qsvt_ieee_report.py,85535a4a8587d81f5056f859c229b0d381b3cfe65a4b47c2a84002007b5fff1a,85535a4a8587d81f5056f859c229b0d381b3cfe65a4b47c2a84002007b5fff1a,693,identical,byte-identical to curated source
tests/test_scale_recovery_protocols.py,tests/test_scale_recovery_protocols.py,2880630e923a8b839bf9ac9228a70426219165319db80f614805bb80a1c6bb8b,2880630e923a8b839bf9ac9228a70426219165319db80f614805bb80a1c6bb8b,5175,identical,byte-identical to curated source
tests/test_selected_block_bridge.py,tests/test_selected_block_bridge.py,13c95499a8bc3bcc611da9bc83bf3063049095e3e522587926d8dc0b86fa4d58,13c95499a8bc3bcc611da9bc83bf3063049095e3e522587926d8dc0b86fa4d58,954,identical,byte-identical to curated source
tests/test_selected_observable_cost.py,tests/test_selected_observable_cost.py,61ee33abad35f9f2ee6cdcf3d192ddf7392928e9d5af62b1d0b48e3504d48707,61ee33abad35f9f2ee6cdcf3d192ddf7392928e9d5af62b1d0b48e3504d48707,5445,identical,byte-identical to curated source
tests/test_selected_observable_qsvt_demo.py,tests/test_selected_observable_qsvt_demo.py,3cad963d97168ed780d2ff10ffed1406d9c8118cd518bdb886590ea4a8bbc17d,3cad963d97168ed780d2ff10ffed1406d9c8118cd518bdb886590ea4a8bbc17d,6336,identical,byte-identical to curated source
tests/test_selected_observable_revision.py,tests/test_selected_observable_revision.py,1bcc35eb754f1dfa635e1a40337ffe66133fb2caba50827401d39ddee3b9cf90,973c81984978bc30e452238b352b6c5620f4a33abc19659559269b635053273a,3330,modified_test_pruning,public-boundary test-node pruning and the lint cleanup it required
tests/test_selected_observables.py,tests/test_selected_observables.py,7dbead9ba5a0db93558061a1432f312c6a8d31970bc10892a8efcb3a4ae00424,7dbead9ba5a0db93558061a1432f312c6a8d31970bc10892a8efcb3a4ae00424,4535,identical,byte-identical to curated source
tests/test_selection_leakage_audit.py,tests/test_selection_leakage_audit.py,84d0a2fea3727ab4d29afb794149c392b87a7a00a74e1723d99598442c2f5f25,84d0a2fea3727ab4d29afb794149c392b87a7a00a74e1723d99598442c2f5f25,1439,identical,byte-identical to curated source
tests/test_shot_based_norm_recovery.py,tests/test_shot_based_norm_recovery.py,ea5052877393fb4cceddb92fc5f9cca0fba3274ded5025ceec599a08241e7fd0,ea5052877393fb4cceddb92fc5f9cca0fba3274ded5025ceec599a08241e7fd0,3156,identical,byte-identical to curated source
tests/test_shot_confidence_intervals.py,tests/test_shot_confidence_intervals.py,696e11493a5aff2ca4e14b6e6e73fb90829fdf7abf0e31bbb9e978f1914ab959,b2e8e6293ea20314ce2823d6b6968a365bd67478160e31b0898f28bf04239fb7,38,modified_test_pruning,public-boundary test-node pruning and the lint cleanup it required
tests/test_shot_estimator_independent.py,tests/test_shot_estimator_independent.py,696e11493a5aff2ca4e14b6e6e73fb90829fdf7abf0e31bbb9e978f1914ab959,33ef0b9cc31014a72274f05619a80955124ee5e4f7de109d88548d933690e5ff,38,modified_test_pruning,public-boundary test-node pruning and the lint cleanup it required
tests/test_sign_measurement_protocol.py,tests/test_sign_measurement_protocol.py,592f94c4702d124b6268164a46db613b768106c82a10d1c9093cd11bcc988652,592f94c4702d124b6268164a46db613b768106c82a10d1c9093cd11bcc988652,2303,identical,byte-identical to curated source
tests/test_signed_readout.py,tests/test_signed_readout.py,3a1ad98eb7688cff344ec05b8a302822ab35b92d6991bad4b89ee8a6b440965b,3a1ad98eb7688cff344ec05b8a302822ab35b92d6991bad4b89ee8a6b440965b,3161,identical,byte-identical to curated source
tests/test_signed_readout_diagnostic.py,tests/test_signed_readout_diagnostic.py,b62143e13b7f38a170df4b100564725e5c90ac81fab16d5efdc342bbdfb4bd99,b62143e13b7f38a170df4b100564725e5c90ac81fab16d5efdc342bbdfb4bd99,3738,identical,byte-identical to curated source
tests/test_sketched_classical_baseline.py,tests/test_sketched_classical_baseline.py,113a292286a6ab9cb704ad33203b9469ad877a23398c44e4a2c020095bfffaef,113a292286a6ab9cb704ad33203b9469ad877a23398c44e4a2c020095bfffaef,2110,identical,byte-identical to curated source
tests/test_smoke_experiment.py,tests/test_smoke_experiment.py,ff4ec243c1f2564418a435638ffee7e8b98a0f599ba8fbd315956418580ff956,ff4ec243c1f2564418a435638ffee7e8b98a0f599ba8fbd315956418580ff956,1420,identical,byte-identical to curated source
tests/test_smoke_free_scientific_validation_suite.py,tests/test_smoke_free_scientific_validation_suite.py,11877ea2f805916ad617fa0c22dae8a5a145eeb355e9155acec552341556e5e1,11877ea2f805916ad617fa0c22dae8a5a145eeb355e9155acec552341556e5e1,3533,identical,byte-identical to curated source
tests/test_sparse_access.py,tests/test_sparse_access.py,ac5108d052d722f4521252e619181ee6c8bc2f2c9eabe7fa2679107295e15359,ac5108d052d722f4521252e619181ee6c8bc2f2c9eabe7fa2679107295e15359,3913,identical,byte-identical to curated source
tests/test_sparse_access_oracle.py,tests/test_sparse_access_oracle.py,20c6111c593380e7aafac99faba506392efedd6d9853991d18e2da6493eed030,20c6111c593380e7aafac99faba506392efedd6d9853991d18e2da6493eed030,1353,identical,byte-identical to curated source
tests/test_sparse_chain_reconciliation.py,tests/test_sparse_chain_reconciliation.py,844d3c8638474f8b16a615b95d28e638054f16acf7a83325904be73b0fd08eee,a2c1f4ac12aa598c3f84e6322b27fd6bdc8432e651abefa8db709717c01ea927,5949,modified_test_pruning,public-boundary test-node pruning and the lint cleanup it required
tests/test_sparse_error_decomposition.py,tests/test_sparse_error_decomposition.py,173e0650b8637870f12c90783c5ae6637b2ce2b2b3b14a97ce8f689d859fcb10,513736150cee355b8f1f6a5469f26f92dff3a66c89f53100acc21c96fc9a8bc0,9642,modified_test_pruning,public-boundary test-node pruning and the lint cleanup it required
tests/test_sparse_integrated_chain.py,tests/test_sparse_integrated_chain.py,b4f19bdb23fb6226eceb337f0f8f22e78cb82b468a365692c4b9e7977d289b5f,b4f19bdb23fb6226eceb337f0f8f22e78cb82b468a365692c4b9e7977d289b5f,8714,identical,byte-identical to curated source
tests/test_sparse_integrated_readout.py,tests/test_sparse_integrated_readout.py,b43fdf066c9cf581e621d18c400181b238241fc515df9543951248b98b6f783b,b43fdf066c9cf581e621d18c400181b238241fc515df9543951248b98b6f783b,6279,identical,byte-identical to curated source
tests/test_sparse_integrated_resources.py,tests/test_sparse_integrated_resources.py,5b65bb109bf636bfd249da8771128d8a07c9ff4d4a43f106b60e58067c8880d9,5b65bb109bf636bfd249da8771128d8a07c9ff4d4a43f106b60e58067c8880d9,4825,identical,byte-identical to curated source
tests/test_sparse_oracle_assumption_ledger.py,tests/test_sparse_oracle_assumption_ledger.py,b8c60fdc75612ae537ff243eaa9f57350c2163329b2a233ef661c41f47732592,b8c60fdc75612ae537ff243eaa9f57350c2163329b2a233ef661c41f47732592,1000,identical,byte-identical to curated source
tests/test_sparse_oracle_gates.py,tests/test_sparse_oracle_gates.py,d1ebec291cf543f0fd32d81da607c30bc8b28d06b100710eb047fdc210377314,d1ebec291cf543f0fd32d81da607c30bc8b28d06b100710eb047fdc210377314,1535,identical,byte-identical to curated source
tests/test_sparse_oracle_prototype_strengthening.py,tests/test_sparse_oracle_prototype_strengthening.py,36e9024b5d143bbbead7f23617b8ce41d36accc81a8212e951666adeac4e17a6,36e9024b5d143bbbead7f23617b8ce41d36accc81a8212e951666adeac4e17a6,5185,identical,byte-identical to curated source
tests/test_sparse_precision_pareto.py,tests/test_sparse_precision_pareto.py,b49255b9c933c048a075e4eae856b3862f3b7bc402c90ea707d6c975fb849a57,b49255b9c933c048a075e4eae856b3862f3b7bc402c90ea707d6c975fb849a57,7929,identical,byte-identical to curated source
tests/test_sparse_precision_resources.py,tests/test_sparse_precision_resources.py,7755d64916e83ad85a95eac45a4402a901b3cf22296059863e5342cfdd9a628d,7755d64916e83ad85a95eac45a4402a901b3cf22296059863e5342cfdd9a628d,6496,identical,byte-identical to curated source
tests/test_sparse_precision_sweep.py,tests/test_sparse_precision_sweep.py,4a95ffe32408ea9051dd36b034ad7093709109f140041772d02a08a5b5d16a60,4a95ffe32408ea9051dd36b034ad7093709109f140041772d02a08a5b5d16a60,8024,identical,byte-identical to curated source
tests/test_sparse_quantization_error_report.py,tests/test_sparse_quantization_error_report.py,2822467fa31a6dfb33ebde5fcb3e96347d37ede1fb9aeb137f868dd750c9e9ac,2822467fa31a6dfb33ebde5fcb3e96347d37ede1fb9aeb137f868dd750c9e9ac,5045,identical,byte-identical to curated source
tests/test_state_metadata.py,tests/test_state_metadata.py,80c69e2b799ea9f5571f27e37a29ebebb19f2bef6e8f4da6db6d27bd40680479,80c69e2b799ea9f5571f27e37a29ebebb19f2bef6e8f4da6db6d27bd40680479,2700,identical,byte-identical to curated source
tests/test_state_preparation_model.py,tests/test_state_preparation_model.py,2dfb2da4b3b72175b469b5b3f5256503f6928e0a1a25cd53a857ebdaf3b17bb6,2dfb2da4b3b72175b469b5b3f5256503f6928e0a1a25cd53a857ebdaf3b17bb6,1101,identical,byte-identical to curated source
tests/test_structural_candidate_registry.py,tests/test_structural_candidate_registry.py,c5fbcc5420e2c917174249eb4895a00c53965160dbca28cd2e431f0ddec1d603,0ebe470b35eb104489b443a32d366d141136940c6bff1f8a421148864a892e13,1147,modified_test_pruning,public-boundary test-node pruning and the lint cleanup it required
tests/test_structural_certificates.py,tests/test_structural_certificates.py,fb62c3657328aa99398ec760c3dfb606150eb81de5527fd93eb9dbf9a3d79a57,02f27619fcf4047c93c9186ee188e1e8dc169d7dc74f4b28c553bd4321b40fd2,688,modified_test_pruning,public-boundary test-node pruning and the lint cleanup it required
tests/test_structural_data_isolation.py,tests/test_structural_data_isolation.py,d7e46ddfb9a0a7d0e8a53659f6f63ed87e7427cff5d710b9a2d3092876f4c295,15fdbbd45a7510f9bd6cc1df165876c1c79f7bf62fd4d9fee036c7308299242b,1248,modified_test_pruning,public-boundary test-node pruning and the lint cleanup it required
tests/test_structural_diversity_selection.py,tests/test_structural_diversity_selection.py,cab32a3c8841d0c8efd5f9e4886b0090637bf779bc8ab61b84b6ba3cc0df43b2,cab32a3c8841d0c8efd5f9e4886b0090637bf779bc8ab61b84b6ba3cc0df43b2,2984,identical,byte-identical to curated source
tests/test_structural_frozen_method.py,tests/test_structural_frozen_method.py,5ba2d4a936dce9643d445d8c60a99756945ed9cfbffd217cd4351d224057f0a2,636d562562d5dd5672000fb1fc6c82fd7b485646339a1e1cf5d33aa029634546,754,modified_test_pruning,public-boundary test-node pruning and the lint cleanup it required
tests/test_structural_functionals.py,tests/test_structural_functionals.py,83799c2a2adb1f8bfbbbb3ba3f75f666f7a53ba612ad4a0089bb1bc1abe84899,83799c2a2adb1f8bfbbbb3ba3f75f666f7a53ba612ad4a0089bb1bc1abe84899,1604,identical,byte-identical to curated source
tests/test_structural_group_statistics.py,tests/test_structural_group_statistics.py,b8f2e76346334e69e3abacaf37c99a4c8e175de64f6b15e8c80c86e2339809d6,b8f2e76346334e69e3abacaf37c99a4c8e175de64f6b15e8c80c86e2339809d6,2376,identical,byte-identical to curated source
tests/test_structural_pareto.py,tests/test_structural_pareto.py,a39abb467f980dff14e76c5e7f28f3ef67b1e48b69ff3c1d4c0b8f1e36b7d82c,e4065ba51de5271aca2516423322f5be23b2893d396cb16c976f685ae164a6f6,1208,modified_test_pruning,public-boundary test-node pruning and the lint cleanup it required
tests/test_structural_qsvt.py,tests/test_structural_qsvt.py,578f51625f2afd1432b893cbf543104c28a6e04c226bfe816d3b26feba9d3875,578f51625f2afd1432b893cbf543104c28a6e04c226bfe816d3b26feba9d3875,2246,identical,byte-identical to curated source
tests/test_structural_resources.py,tests/test_structural_resources.py,2d0ad52cd035af21b32ecff4e2d635d7c9c1483eda70b86148a93338a67b25c6,2d0ad52cd035af21b32ecff4e2d635d7c9c1483eda70b86148a93338a67b25c6,1607,identical,byte-identical to curated source
tests/test_structural_selector_evaluation.py,tests/test_structural_selector_evaluation.py,de4b75ca95e80d6768ae32bf2375917836a5b400bee1d833dde992d28c1b0f64,0e85488e0423a9e1948d809fc336d5cf0d097c006d0d138435dd945e2b6bf629,1327,modified_test_pruning,public-boundary test-node pruning and the lint cleanup it required
tests/test_structural_support_stability.py,tests/test_structural_support_stability.py,3000387afb53da5ee328cf58a3eff819d582d800859469351573c1e1b012ee95,3000387afb53da5ee328cf58a3eff819d582d800859469351573c1e1b012ee95,1527,identical,byte-identical to curated source
tests/test_structured_access_boundary.py,tests/test_structured_access_boundary.py,696e11493a5aff2ca4e14b6e6e73fb90829fdf7abf0e31bbb9e978f1914ab959,5d109dadc4ea4fb7efce1b2642a1d92f985004df892575ecd9212ef361a94aa1,38,modified_test_pruning,public-boundary test-node pruning and the lint cleanup it required
tests/test_structured_psse_access.py,tests/test_structured_psse_access.py,4c4b1bf5a4b7ca9f3e89f0e97b6ce8870709866b9051761c12dd2108f5ba95d6,4c4b1bf5a4b7ca9f3e89f0e97b6ce8870709866b9051761c12dd2108f5ba95d6,1493,identical,byte-identical to curated source
tests/test_structured_stress_ablation_consolidation.py,tests/test_structured_stress_ablation_consolidation.py,210806d8a9ae34007f75ef9f3b81c5e5bff817831dc9b021879ab88efa618c46,210806d8a9ae34007f75ef9f3b81c5e5bff817831dc9b021879ab88efa618c46,2782,identical,byte-identical to curated source
tests/test_subproblem_selection_policy.py,tests/test_subproblem_selection_policy.py,94ec81f92ec471bc9769cef6b910247b7cd43486cd6bd55edf304143c0dfd0db,94ec81f92ec471bc9769cef6b910247b7cd43486cd6bd55edf304143c0dfd0db,1760,identical,byte-identical to curated source
tests/test_subproblem_sweep.py,tests/test_subproblem_sweep.py,27be2453c1e0c804f5eb7f03f089b9c650dad43c75923766506341ea90ec607e,27be2453c1e0c804f5eb7f03f089b9c650dad43c75923766506341ea90ec607e,1667,identical,byte-identical to curated source
tests/test_success_amplification_cost.py,tests/test_success_amplification_cost.py,247a9cf0ccbaf164c94dfbc5bc0f47ecea8974c7888f6979d7b02ae0ef8f968e,247a9cf0ccbaf164c94dfbc5bc0f47ecea8974c7888f6979d7b02ae0ef8f968e,1307,identical,byte-identical to curated source
tests/test_success_amplitude_proxy.py,tests/test_success_amplitude_proxy.py,1666e16cc96f8269cbd34667aa2eaa3a1d53c6ea12e40072fd5ed1186de397ca,1666e16cc96f8269cbd34667aa2eaa3a1d53c6ea12e40072fd5ed1186de397ca,861,identical,byte-identical to curated source
tests/test_sweeps.py,tests/test_sweeps.py,97a911ef1a062d8157594f66e4be5d5bad524df1e210f215c8c7c5638f0dabb2,97a911ef1a062d8157594f66e4be5d5bad524df1e210f215c8c7c5638f0dabb2,5111,identical,byte-identical to curated source
tests/test_sym_qsp_circuit_action.py,tests/test_sym_qsp_circuit_action.py,ac75725e28f4a4d7e0d9cd95fe9c9c128f171ca07be710ca408e3aa8798ee071,ac75725e28f4a4d7e0d9cd95fe9c9c128f171ca07be710ca408e3aa8798ee071,4524,identical,byte-identical to curated source
tests/test_three_view_readout_summary.py,tests/test_three_view_readout_summary.py,780f841d6c25dcfd5c3936c20f4ecf9e0f25850224cca000a14e7e59ce60395d,97c0c6f49a1bcb77e02dd7b9981af2983007123a88a3515f5108ea7d17d13879,3121,modified_test_pruning,public-boundary test-node pruning and the lint cleanup it required
tests/test_toy_sparse_oracle_circuit.py,tests/test_toy_sparse_oracle_circuit.py,92966e88e31f5af88d91aac25ad8e55b83915adfb3f8f89649a29db62b0a5672,92966e88e31f5af88d91aac25ad8e55b83915adfb3f8f89649a29db62b0a5672,699,identical,byte-identical to curated source
tests/test_tqe_additional_experiments.py,tests/test_tqe_additional_experiments.py,59bcdef2787ba6982dfb12408f324d61dce9bbacad11440fffa6276d3262108b,59bcdef2787ba6982dfb12408f324d61dce9bbacad11440fffa6276d3262108b,6166,identical,byte-identical to curated source
tests/test_tqe_circuit_level_block_encoding.py,tests/test_tqe_circuit_level_block_encoding.py,357657990add3d1f9ef949349091083c17877d19bfdb076e279d68bad14ab6e6,357657990add3d1f9ef949349091083c17877d19bfdb076e279d68bad14ab6e6,4946,identical,byte-identical to curated source
tests/test_tqe_claim_boundary_audit.py,tests/test_tqe_claim_boundary_audit.py,f18ec384ab90586446b42a03deee5c9c63ab4cc3eb05af0a812f3d48dda13154,f18ec384ab90586446b42a03deee5c9c63ab4cc3eb05af0a812f3d48dda13154,1687,identical,byte-identical to curated source
tests/test_tqe_claim_traceability.py,tests/test_tqe_claim_traceability.py,dd029a0f70928d54659e25a2c0d2fd4f150033ca6f46dfb863d7408c0beeeae1,dd029a0f70928d54659e25a2c0d2fd4f150033ca6f46dfb863d7408c0beeeae1,2275,identical,byte-identical to curated source
tests/test_tqe_closed_loop_audit.py,tests/test_tqe_closed_loop_audit.py,bb63805288a91581fc9f57072378c3653b888c14c04ebb7a0a0c27dfb15aac43,81c8134b0895b32c6f19a97df2d1443c3cc3625782c1943b3afc06e4f5c8ee32,19191,modified_test_pruning,public-boundary test-node pruning and the lint cleanup it required
tests/test_tqe_closed_loop_nonlinear_update.py,tests/test_tqe_closed_loop_nonlinear_update.py,f1409ebc7957755172e621b8943534a387c633ddf72e24283284e052a888a34e,f1409ebc7957755172e621b8943534a387c633ddf72e24283284e052a888a34e,18553,identical,byte-identical to curated source
tests/test_tqe_degree_lambda_scaling.py,tests/test_tqe_degree_lambda_scaling.py,b8ad5521d180b9a07d72dcd19435d977a29436e649bfca5e8e9289d5fca3875c,b8ad5521d180b9a07d72dcd19435d977a29436e649bfca5e8e9289d5fca3875c,8198,identical,byte-identical to curated source
tests/test_tqe_end_to_end_qsvt_vs_ridge.py,tests/test_tqe_end_to_end_qsvt_vs_ridge.py,3acd0e11e8fc336dad9409a9ad145926c0fe7bd9a81794158fd83642914a525d,3acd0e11e8fc336dad9409a9ad145926c0fe7bd9a81794158fd83642914a525d,4112,identical,byte-identical to curated source
tests/test_tqe_evidence_registry.py,tests/test_tqe_evidence_registry.py,f5da726a187e5078fbb1da3aa8696bbc1f52dc51c6172c83a85e0aa8c3fa8189,7e4eacec3f5fe1efc1bbf673d5124c573843e7338a7ab2fa961d0aebb108b928,6318,modified_test_pruning,public-boundary test-node pruning and the lint cleanup it required
tests/test_tqe_evidence_triage.py,tests/test_tqe_evidence_triage.py,b1f2a3f8c97b6cc70ee0d53eba4124a4bf3ef88820b41a87308b06b71ae9f985,b1f2a3f8c97b6cc70ee0d53eba4124a4bf3ef88820b41a87308b06b71ae9f985,1378,identical,byte-identical to curated source
tests/test_tqe_final_robustness_audits.py,tests/test_tqe_final_robustness_audits.py,0cbe462cec1d0bbd45d9b1b0efc0ab5e68708e0e25c261dd84957f1e9493835f,0cbe462cec1d0bbd45d9b1b0efc0ab5e68708e0e25c261dd84957f1e9493835f,5937,identical,byte-identical to curated source
tests/test_tqe_full_gate_level_qsvt_coverage.py,tests/test_tqe_full_gate_level_qsvt_coverage.py,b936afeeece705ffd9c7edde7a625a23a652c60db1cc1c8e9ee363e829ee778b,b936afeeece705ffd9c7edde7a625a23a652c60db1cc1c8e9ee363e829ee778b,5021,identical,byte-identical to curated source
tests/test_tqe_integrated_small_qsvt_circuit.py,tests/test_tqe_integrated_small_qsvt_circuit.py,b8320ff7b0b20934248e208fb7aa2ae4c07a4e561368f3f35c29f167c581742e,b8320ff7b0b20934248e208fb7aa2ae4c07a4e561368f3f35c29f167c581742e,3189,identical,byte-identical to curated source
tests/test_tqe_measurement_row_sparsification.py,tests/test_tqe_measurement_row_sparsification.py,4582ab25c8a825493d9fef9479c30ccbe8b7748bc9baf554a1c0b59972bc2502,4582ab25c8a825493d9fef9479c30ccbe8b7748bc9baf554a1c0b59972bc2502,8118,identical,byte-identical to curated source
tests/test_tqe_nonlinear_ac_per_iteration_feasibility.py,tests/test_tqe_nonlinear_ac_per_iteration_feasibility.py,e4a64093661f5bb65856bf26e402c4800840db531b43a0254c66a7af2bed571b,e4a64093661f5bb65856bf26e402c4800840db531b43a0254c66a7af2bed571b,5124,identical,byte-identical to curated source
tests/test_tqe_nonlinear_circuit_loop.py,tests/test_tqe_nonlinear_circuit_loop.py,b77304fcc00d067e0ed068e8994889cffaf492ad7bde9e1c5237081957cac4a9,b77304fcc00d067e0ed068e8994889cffaf492ad7bde9e1c5237081957cac4a9,5849,identical,byte-identical to curated source
tests/test_tqe_observable_first_readout.py,tests/test_tqe_observable_first_readout.py,1c2b42ae590a6ee649dcd9a2aa3dad1d34c787fa751903c9e726990df5cc1a96,1c2b42ae590a6ee649dcd9a2aa3dad1d34c787fa751903c9e726990df5cc1a96,3821,identical,byte-identical to curated source
tests/test_tqe_phase_synthesis_8x8_rescue.py,tests/test_tqe_phase_synthesis_8x8_rescue.py,ae74acc91507e35934ed90eb3c971819f22579a753387e5204830ccd73fed945,ae74acc91507e35934ed90eb3c971819f22579a753387e5204830ccd73fed945,4144,identical,byte-identical to curated source
tests/test_tqe_physical_alignment_nonlinear.py,tests/test_tqe_physical_alignment_nonlinear.py,7596cfccf5bb6b99f2d27b21564683cccb4b7903b9ca4cd14ba79906f8fdb804,7596cfccf5bb6b99f2d27b21564683cccb4b7903b9ca4cd14ba79906f8fdb804,4847,identical,byte-identical to curated source
tests/test_tqe_physical_alignment_protocol.py,tests/test_tqe_physical_alignment_protocol.py,3e623e209dd80b7d0262d2aebb537599bd9d2cb39418608d4309855d8445c403,1163c1c16eb17a0b66098d63ce4a7359c22cfecfa7c84b3cc6ca1ade6327f030,946,modified_test_pruning,public-boundary test-node pruning and the lint cleanup it required
tests/test_tqe_physical_alignment_risk_selectors.py,tests/test_tqe_physical_alignment_risk_selectors.py,caecba7146bdba3f3790fa219fd4c9a7a9ef98ae87cbd5ab58cd2b3d418afc2c,caecba7146bdba3f3790fa219fd4c9a7a9ef98ae87cbd5ab58cd2b3d418afc2c,6496,identical,byte-identical to curated source
tests/test_tqe_physical_alignment_statistics.py,tests/test_tqe_physical_alignment_statistics.py,96e2f7623456c125ce4d083114041b39cea24b4b142528848ac0119cfbed6286,96e2f7623456c125ce4d083114041b39cea24b4b142528848ac0119cfbed6286,6238,identical,byte-identical to curated source
tests/test_tqe_revision_conditioning_boundary.py,tests/test_tqe_revision_conditioning_boundary.py,3afa640586f615f98ffa5a20be88ad98f3bf0b04e83aca5537e48c598ebf04b7,3afa640586f615f98ffa5a20be88ad98f3bf0b04e83aca5537e48c598ebf04b7,3468,identical,byte-identical to curated source
tests/test_tqe_revision_evidence.py,tests/test_tqe_revision_evidence.py,69ac13d54436f8acf341f10512f69e568c6ed1e5324442f1636f422bbce1e393,69ac13d54436f8acf341f10512f69e568c6ed1e5324442f1636f422bbce1e393,4201,identical,byte-identical to curated source
tests/test_tqe_revision_outputs.py,tests/test_tqe_revision_outputs.py,d13c4c2f067bdd05006ef73a5619cf5d495731e3a9c3760d90ea7b333a726719,d13c4c2f067bdd05006ef73a5619cf5d495731e3a9c3760d90ea7b333a726719,4423,identical,byte-identical to curated source
tests/test_tqe_revision_readout_statistics.py,tests/test_tqe_revision_readout_statistics.py,da2c88f389a89f26289ee75fca0a5cd4edc5a657f043dc693fc821d75a62bb6c,da2c88f389a89f26289ee75fca0a5cd4edc5a657f043dc693fc821d75a62bb6c,3471,identical,byte-identical to curated source
tests/test_tqe_revision_resource_ledger.py,tests/test_tqe_revision_resource_ledger.py,561a142f70475fac2992ae96d12827e1afaf6d49605a745509dc4635b844fb46,561a142f70475fac2992ae96d12827e1afaf6d49605a745509dc4635b844fb46,3110,identical,byte-identical to curated source
tests/test_tqe_sparse_oracle_block_encoding_model.py,tests/test_tqe_sparse_oracle_block_encoding_model.py,83f2c30cf2dcc1540bb49406aba46bd2a2151ab59f6f284636a2faeb4164c5cd,83f2c30cf2dcc1540bb49406aba46bd2a2151ab59f6f284636a2faeb4164c5cd,5011,identical,byte-identical to curated source
tests/test_utility_claim_status.py,tests/test_utility_claim_status.py,a8c10cdc6831f898df0ff9f9fb15d690e50cf2da6474a496c27d160490aca81a,a8c10cdc6831f898df0ff9f9fb15d690e50cf2da6474a496c27d160490aca81a,1197,identical,byte-identical to curated source
tests/test_weighted_singular_support.py,tests/test_weighted_singular_support.py,c01b6c861edfe345098c1a0f911d3ab8336266543b289f4d38da5e377fd54933,c01b6c861edfe345098c1a0f911d3ab8336266543b289f4d38da5e377fd54933,2444,identical,byte-identical to curated source
tests/test_weighted_singular_support_fit.py,tests/test_weighted_singular_support_fit.py,891c2348d001f696a25743322a393e328d9cc96f12f3f06c69d37b6a9b8d256a,891c2348d001f696a25743322a393e328d9cc96f12f3f06c69d37b6a9b8d256a,4832,identical,byte-identical to curated source
