task_id,instance_id,ieee_case,structural_group_id,realization_order,residual_seed,functional_id,selector,reference_output,sparse_ridge_output,absolute_error,normalized_error,failure_above_frozen_threshold,near_zero_threshold,near_zero_flag,paired_sensitivity_vs_magnitude_outcome,included_in_original_primary_evidence
ieee14_structural_group_01_realization_01_seed_14201_8x8_held_out_seed14502000_aggregate_e0_to_e3,ieee14_structural_group_01_realization_01_seed_14201_8x8,ieee14,ieee14_structural_group_01,1,14502000.0,aggregate_e0_to_e3,balanced_magnitude,-0.0005172096604733,-0.0008027489207353,0.000285539260262,0.5520764248694245,true,1e-06,false,tie,true
ieee14_structural_group_01_realization_01_seed_14201_8x8_held_out_seed14502000_aggregate_e0_to_e3,ieee14_structural_group_01_realization_01_seed_14201_8x8,ieee14,ieee14_structural_group_01,1,14502000.0,aggregate_e0_to_e3,sensitivity_initial_mean,-0.0005172096604733,-0.0008027489207353,0.000285539260262,0.5520764248694245,true,1e-06,false,tie,true
ieee14_structural_group_01_realization_01_seed_14201_8x8_held_out_seed14502000_coordinate_e0,ieee14_structural_group_01_realization_01_seed_14201_8x8,ieee14,ieee14_structural_group_01,1,14502000.0,coordinate_e0,balanced_magnitude,0.000288177797834,0.000288177797834,8.131516293641283e-19,2.821701170165997e-15,false,1e-06,false,tie,true
ieee14_structural_group_01_realization_01_seed_14201_8x8_held_out_seed14502000_coordinate_e0,ieee14_structural_group_01_realization_01_seed_14201_8x8,ieee14,ieee14_structural_group_01,1,14502000.0,coordinate_e0,sensitivity_initial_mean,0.000288177797834,0.000288177797834,8.131516293641283e-19,2.821701170165997e-15,false,1e-06,false,tie,true
ieee14_structural_group_01_realization_01_seed_14201_8x8_held_out_seed14502000_signed_difference_e0_minus_e1,ieee14_structural_group_01_realization_01_seed_14201_8x8,ieee14,ieee14_structural_group_01,1,14502000.0,signed_difference_e0_minus_e1,balanced_magnitude,-0.0005489598152192,-0.000496713429438,5.224638578111402e-05,0.0951734249623564,false,1e-06,false,tie,true
ieee14_structural_group_01_realization_01_seed_14201_8x8_held_out_seed14502000_signed_difference_e0_minus_e1,ieee14_structural_group_01_realization_01_seed_14201_8x8,ieee14,ieee14_structural_group_01,1,14502000.0,signed_difference_e0_minus_e1,sensitivity_initial_mean,-0.0005489598152192,-0.000496713429438,5.224638578111402e-05,0.0951734249623564,false,1e-06,false,tie,true
ieee14_structural_group_01_realization_01_seed_14201_8x8_held_out_seed14502001_aggregate_e0_to_e3,ieee14_structural_group_01_realization_01_seed_14201_8x8,ieee14,ieee14_structural_group_01,1,14502001.0,aggregate_e0_to_e3,balanced_magnitude,4.732140862632723e-05,-0.0001696400553074,0.0002169614639337,4.584847962726935,true,1e-06,false,tie,true
ieee14_structural_group_01_realization_01_seed_14201_8x8_held_out_seed14502001_aggregate_e0_to_e3,ieee14_structural_group_01_realization_01_seed_14201_8x8,ieee14,ieee14_structural_group_01,1,14502001.0,aggregate_e0_to_e3,sensitivity_initial_mean,4.732140862632723e-05,-0.0001696400553074,0.0002169614639337,4.584847962726935,true,1e-06,false,tie,true
ieee14_structural_group_01_realization_01_seed_14201_8x8_held_out_seed14502001_coordinate_e0,ieee14_structural_group_01_realization_01_seed_14201_8x8,ieee14,ieee14_structural_group_01,1,14502001.0,coordinate_e0,balanced_magnitude,0.0003356567922216,0.0003356567922216,2.710505431213761e-19,8.075228906506862e-16,false,1e-06,false,tie,true
ieee14_structural_group_01_realization_01_seed_14201_8x8_held_out_seed14502001_coordinate_e0,ieee14_structural_group_01_realization_01_seed_14201_8x8,ieee14,ieee14_structural_group_01,1,14502001.0,coordinate_e0,sensitivity_initial_mean,0.0003356567922216,0.0003356567922216,2.710505431213761e-19,8.075228906506862e-16,false,1e-06,false,tie,true
ieee14_structural_group_01_realization_01_seed_14201_8x8_held_out_seed14502001_signed_difference_e0_minus_e1,ieee14_structural_group_01_realization_01_seed_14201_8x8,ieee14,ieee14_structural_group_01,1,14502001.0,signed_difference_e0_minus_e1,balanced_magnitude,0.0010381346947715,0.0011043683821232,6.623368735169375e-05,0.0638006683383886,false,1e-06,false,tie,true
ieee14_structural_group_01_realization_01_seed_14201_8x8_held_out_seed14502001_signed_difference_e0_minus_e1,ieee14_structural_group_01_realization_01_seed_14201_8x8,ieee14,ieee14_structural_group_01,1,14502001.0,signed_difference_e0_minus_e1,sensitivity_initial_mean,0.0010381346947715,0.0011043683821232,6.623368735169375e-05,0.0638006683383886,false,1e-06,false,tie,true
ieee14_structural_group_01_realization_01_seed_14201_8x8_held_out_seed14502002_aggregate_e0_to_e3,ieee14_structural_group_01_realization_01_seed_14201_8x8,ieee14,ieee14_structural_group_01,1,14502002.0,aggregate_e0_to_e3,balanced_magnitude,0.0001805376975434,0.0001374927551864,4.304494235701046e-05,0.2384263394444,true,1e-06,false,tie,true
ieee14_structural_group_01_realization_01_seed_14201_8x8_held_out_seed14502002_aggregate_e0_to_e3,ieee14_structural_group_01_realization_01_seed_14201_8x8,ieee14,ieee14_structural_group_01,1,14502002.0,aggregate_e0_to_e3,sensitivity_initial_mean,0.0001805376975434,0.0001374927551864,4.304494235701046e-05,0.2384263394444,true,1e-06,false,tie,true
ieee14_structural_group_01_realization_01_seed_14201_8x8_held_out_seed14502002_coordinate_e0,ieee14_structural_group_01_realization_01_seed_14201_8x8,ieee14,ieee14_structural_group_01,1,14502002.0,coordinate_e0,balanced_magnitude,0.0003888857045739,0.0003888857045739,7.589415207398531e-19,1.9515798904755128e-15,false,1e-06,false,tie,true
ieee14_structural_group_01_realization_01_seed_14201_8x8_held_out_seed14502002_coordinate_e0,ieee14_structural_group_01_realization_01_seed_14201_8x8,ieee14,ieee14_structural_group_01,1,14502002.0,coordinate_e0,sensitivity_initial_mean,0.0003888857045739,0.0003888857045739,7.589415207398531e-19,1.9515798904755128e-15,false,1e-06,false,tie,true
ieee14_structural_group_01_realization_01_seed_14201_8x8_held_out_seed14502002_signed_difference_e0_minus_e1,ieee14_structural_group_01_realization_01_seed_14201_8x8,ieee14,ieee14_structural_group_01,1,14502002.0,signed_difference_e0_minus_e1,balanced_magnitude,0.0005574553594424,0.0005586676024498,1.2122430073833144e-06,0.0021746010453569,false,1e-06,false,tie,true
ieee14_structural_group_01_realization_01_seed_14201_8x8_held_out_seed14502002_signed_difference_e0_minus_e1,ieee14_structural_group_01_realization_01_seed_14201_8x8,ieee14,ieee14_structural_group_01,1,14502002.0,signed_difference_e0_minus_e1,sensitivity_initial_mean,0.0005574553594424,0.0005586676024498,1.2122430073833144e-06,0.0021746010453569,false,1e-06,false,tie,true
ieee14_structural_group_01_realization_01_seed_14201_8x8_held_out_seed14502003_aggregate_e0_to_e3,ieee14_structural_group_01_realization_01_seed_14201_8x8,ieee14,ieee14_structural_group_01,1,14502003.0,aggregate_e0_to_e3,balanced_magnitude,-0.0010805848779826,-0.0012792688831441,0.0001986840051615,0.1838670975411324,true,1e-06,false,tie,true
ieee14_structural_group_01_realization_01_seed_14201_8x8_held_out_seed14502003_aggregate_e0_to_e3,ieee14_structural_group_01_realization_01_seed_14201_8x8,ieee14,ieee14_structural_group_01,1,14502003.0,aggregate_e0_to_e3,sensitivity_initial_mean,-0.0010805848779826,-0.0012792688831441,0.0001986840051615,0.1838670975411324,true,1e-06,false,tie,true
ieee14_structural_group_01_realization_01_seed_14201_8x8_held_out_seed14502003_coordinate_e0,ieee14_structural_group_01_realization_01_seed_14201_8x8,ieee14,ieee14_structural_group_01,1,14502003.0,coordinate_e0,balanced_magnitude,-0.0003179792606179,-0.0003179792606179,6.505213034913029e-19,2.0457978996085568e-15,false,1e-06,false,tie,true
ieee14_structural_group_01_realization_01_seed_14201_8x8_held_out_seed14502003_coordinate_e0,ieee14_structural_group_01_realization_01_seed_14201_8x8,ieee14,ieee14_structural_group_01,1,14502003.0,coordinate_e0,sensitivity_initial_mean,-0.0003179792606179,-0.0003179792606179,6.505213034913029e-19,2.0457978996085568e-15,false,1e-06,false,tie,true
ieee14_structural_group_01_realization_01_seed_14201_8x8_held_out_seed14502003_signed_difference_e0_minus_e1,ieee14_structural_group_01_realization_01_seed_14201_8x8,ieee14,ieee14_structural_group_01,1,14502003.0,signed_difference_e0_minus_e1,balanced_magnitude,0.0010535062410345,0.0011218314404202,6.832519938567805e-05,0.0648550494761004,false,1e-06,false,tie,true
ieee14_structural_group_01_realization_01_seed_14201_8x8_held_out_seed14502003_signed_difference_e0_minus_e1,ieee14_structural_group_01_realization_01_seed_14201_8x8,ieee14,ieee14_structural_group_01,1,14502003.0,signed_difference_e0_minus_e1,sensitivity_initial_mean,0.0010535062410345,0.0011218314404202,6.832519938567805e-05,0.0648550494761004,false,1e-06,false,tie,true
ieee14_structural_group_01_realization_01_seed_14201_8x8_held_out_seed14502004_aggregate_e0_to_e3,ieee14_structural_group_01_realization_01_seed_14201_8x8,ieee14,ieee14_structural_group_01,1,14502004.0,aggregate_e0_to_e3,balanced_magnitude,-0.0010118016578646,-0.0007411934336585,0.0002706082242061,0.2674518489890611,true,1e-06,false,tie,true
ieee14_structural_group_01_realization_01_seed_14201_8x8_held_out_seed14502004_aggregate_e0_to_e3,ieee14_structural_group_01_realization_01_seed_14201_8x8,ieee14,ieee14_structural_group_01,1,14502004.0,aggregate_e0_to_e3,sensitivity_initial_mean,-0.0010118016578646,-0.0007411934336585,0.0002706082242061,0.2674518489890611,true,1e-06,false,tie,true
ieee14_structural_group_01_realization_01_seed_14201_8x8_held_out_seed14502004_coordinate_e0,ieee14_structural_group_01_realization_01_seed_14201_8x8,ieee14,ieee14_structural_group_01,1,14502004.0,coordinate_e0,balanced_magnitude,9.6436510186368e-05,9.643651018636796e-05,2.710505431213761e-20,2.8106631253822694e-16,false,1e-06,false,tie,true
ieee14_structural_group_01_realization_01_seed_14201_8x8_held_out_seed14502004_coordinate_e0,ieee14_structural_group_01_realization_01_seed_14201_8x8,ieee14,ieee14_structural_group_01,1,14502004.0,coordinate_e0,sensitivity_initial_mean,9.6436510186368e-05,9.643651018636796e-05,2.710505431213761e-20,2.8106631253822694e-16,false,1e-06,false,tie,true
ieee14_structural_group_01_realization_01_seed_14201_8x8_held_out_seed14502004_signed_difference_e0_minus_e1,ieee14_structural_group_01_realization_01_seed_14201_8x8,ieee14,ieee14_structural_group_01,1,14502004.0,signed_difference_e0_minus_e1,balanced_magnitude,0.0016195179965895,0.001569059895239,5.0458101350557474e-05,0.0311562461527527,false,1e-06,false,tie,true
ieee14_structural_group_01_realization_01_seed_14201_8x8_held_out_seed14502004_signed_difference_e0_minus_e1,ieee14_structural_group_01_realization_01_seed_14201_8x8,ieee14,ieee14_structural_group_01,1,14502004.0,signed_difference_e0_minus_e1,sensitivity_initial_mean,0.0016195179965895,0.001569059895239,5.0458101350557474e-05,0.0311562461527527,false,1e-06,false,tie,true
ieee14_structural_group_01_realization_01_seed_14201_8x8_held_out_seed14502005_aggregate_e0_to_e3,ieee14_structural_group_01_realization_01_seed_14201_8x8,ieee14,ieee14_structural_group_01,1,14502005.0,aggregate_e0_to_e3,balanced_magnitude,-0.0045147197164676,-0.0043109541690767,0.0002037655473909,0.0451335985814754,false,1e-06,false,tie,true
ieee14_structural_group_01_realization_01_seed_14201_8x8_held_out_seed14502005_aggregate_e0_to_e3,ieee14_structural_group_01_realization_01_seed_14201_8x8,ieee14,ieee14_structural_group_01,1,14502005.0,aggregate_e0_to_e3,sensitivity_initial_mean,-0.0045147197164676,-0.0043109541690767,0.0002037655473909,0.0451335985814754,false,1e-06,false,tie,true
ieee14_structural_group_01_realization_01_seed_14201_8x8_held_out_seed14502005_coordinate_e0,ieee14_structural_group_01_realization_01_seed_14201_8x8,ieee14,ieee14_structural_group_01,1,14502005.0,coordinate_e0,balanced_magnitude,-0.0004400232999211,-0.0004400232999211,2.710505431213761e-19,6.159913422082897e-16,false,1e-06,false,tie,true
ieee14_structural_group_01_realization_01_seed_14201_8x8_held_out_seed14502005_coordinate_e0,ieee14_structural_group_01_realization_01_seed_14201_8x8,ieee14,ieee14_structural_group_01,1,14502005.0,coordinate_e0,sensitivity_initial_mean,-0.0004400232999211,-0.0004400232999211,2.710505431213761e-19,6.159913422082897e-16,false,1e-06,false,tie,true
ieee14_structural_group_01_realization_01_seed_14201_8x8_held_out_seed14502005_signed_difference_e0_minus_e1,ieee14_structural_group_01_realization_01_seed_14201_8x8,ieee14,ieee14_structural_group_01,1,14502005.0,signed_difference_e0_minus_e1,balanced_magnitude,-0.0006946676327393,-0.0007360733113483,4.1405678608989315e-05,0.0596050206711254,false,1e-06,false,tie,true
ieee14_structural_group_01_realization_01_seed_14201_8x8_held_out_seed14502005_signed_difference_e0_minus_e1,ieee14_structural_group_01_realization_01_seed_14201_8x8,ieee14,ieee14_structural_group_01,1,14502005.0,signed_difference_e0_minus_e1,sensitivity_initial_mean,-0.0006946676327393,-0.0007360733113483,4.1405678608989315e-05,0.0596050206711254,false,1e-06,false,tie,true
ieee14_structural_group_01_realization_01_seed_14201_8x8_held_out_seed14502006_aggregate_e0_to_e3,ieee14_structural_group_01_realization_01_seed_14201_8x8,ieee14,ieee14_structural_group_01,1,14502006.0,aggregate_e0_to_e3,balanced_magnitude,-0.0024986601438305,-0.0029666638549423,0.0004680037111117,0.1873018674697726,true,1e-06,false,tie,true
ieee14_structural_group_01_realization_01_seed_14201_8x8_held_out_seed14502006_aggregate_e0_to_e3,ieee14_structural_group_01_realization_01_seed_14201_8x8,ieee14,ieee14_structural_group_01,1,14502006.0,aggregate_e0_to_e3,sensitivity_initial_mean,-0.0024986601438305,-0.0029666638549423,0.0004680037111117,0.1873018674697726,true,1e-06,false,tie,true
ieee14_structural_group_01_realization_01_seed_14201_8x8_held_out_seed14502006_coordinate_e0,ieee14_structural_group_01_realization_01_seed_14201_8x8,ieee14,ieee14_structural_group_01,1,14502006.0,coordinate_e0,balanced_magnitude,0.0003796884315086,0.0003796884315086,8.673617379884035e-19,2.2844039112330593e-15,false,1e-06,false,tie,true
ieee14_structural_group_01_realization_01_seed_14201_8x8_held_out_seed14502006_coordinate_e0,ieee14_structural_group_01_realization_01_seed_14201_8x8,ieee14,ieee14_structural_group_01,1,14502006.0,coordinate_e0,sensitivity_initial_mean,0.0003796884315086,0.0003796884315086,8.673617379884035e-19,2.2844039112330593e-15,false,1e-06,false,tie,true
ieee14_structural_group_01_realization_01_seed_14201_8x8_held_out_seed14502006_signed_difference_e0_minus_e1,ieee14_structural_group_01_realization_01_seed_14201_8x8,ieee14,ieee14_structural_group_01,1,14502006.0,signed_difference_e0_minus_e1,balanced_magnitude,-0.0011722876275399,-0.0010511476558444,0.0001211399716955,0.1033363901910167,true,1e-06,false,tie,true
ieee14_structural_group_01_realization_01_seed_14201_8x8_held_out_seed14502006_signed_difference_e0_minus_e1,ieee14_structural_group_01_realization_01_seed_14201_8x8,ieee14,ieee14_structural_group_01,1,14502006.0,signed_difference_e0_minus_e1,sensitivity_initial_mean,-0.0011722876275399,-0.0010511476558444,0.0001211399716955,0.1033363901910167,true,1e-06,false,tie,true
ieee14_structural_group_01_realization_01_seed_14201_8x8_held_out_seed14502007_aggregate_e0_to_e3,ieee14_structural_group_01_realization_01_seed_14201_8x8,ieee14,ieee14_structural_group_01,1,14502007.0,aggregate_e0_to_e3,balanced_magnitude,0.0045110786783026,0.0044868460046872,2.4232673615362178e-05,0.0053718135602281,false,1e-06,false,tie,true
ieee14_structural_group_01_realization_01_seed_14201_8x8_held_out_seed14502007_aggregate_e0_to_e3,ieee14_structural_group_01_realization_01_seed_14201_8x8,ieee14,ieee14_structural_group_01,1,14502007.0,aggregate_e0_to_e3,sensitivity_initial_mean,0.0045110786783026,0.0044868460046872,2.4232673615362178e-05,0.0053718135602281,false,1e-06,false,tie,true
ieee14_structural_group_01_realization_01_seed_14201_8x8_held_out_seed14502007_coordinate_e0,ieee14_structural_group_01_realization_01_seed_14201_8x8,ieee14,ieee14_structural_group_01,1,14502007.0,coordinate_e0,balanced_magnitude,-3.323498692028619e-05,-3.3234986920285676e-05,5.149960319306146e-19,1.5495599055472113e-14,false,1e-06,false,tie,true
ieee14_structural_group_01_realization_01_seed_14201_8x8_held_out_seed14502007_coordinate_e0,ieee14_structural_group_01_realization_01_seed_14201_8x8,ieee14,ieee14_structural_group_01,1,14502007.0,coordinate_e0,sensitivity_initial_mean,-3.323498692028619e-05,-3.3234986920285676e-05,5.149960319306146e-19,1.5495599055472113e-14,false,1e-06,false,tie,true
ieee14_structural_group_01_realization_01_seed_14201_8x8_held_out_seed14502007_signed_difference_e0_minus_e1,ieee14_structural_group_01_realization_01_seed_14201_8x8,ieee14,ieee14_structural_group_01,1,14502007.0,signed_difference_e0_minus_e1,balanced_magnitude,-0.0005996146138722,-0.0006075799080017,7.965294129437463e-06,0.0132840226791635,false,1e-06,false,tie,true
ieee14_structural_group_01_realization_01_seed_14201_8x8_held_out_seed14502007_signed_difference_e0_minus_e1,ieee14_structural_group_01_realization_01_seed_14201_8x8,ieee14,ieee14_structural_group_01,1,14502007.0,signed_difference_e0_minus_e1,sensitivity_initial_mean,-0.0005996146138722,-0.0006075799080017,7.965294129437463e-06,0.0132840226791635,false,1e-06,false,tie,true
ieee14_structural_group_01_realization_01_seed_14201_8x8_held_out_seed14502008_aggregate_e0_to_e3,ieee14_structural_group_01_realization_01_seed_14201_8x8,ieee14,ieee14_structural_group_01,1,14502008.0,aggregate_e0_to_e3,balanced_magnitude,-0.0016181511738239,-0.0011858030448554,0.0004323481289684,0.2671864878648967,true,1e-06,false,tie,true
ieee14_structural_group_01_realization_01_seed_14201_8x8_held_out_seed14502008_aggregate_e0_to_e3,ieee14_structural_group_01_realization_01_seed_14201_8x8,ieee14,ieee14_structural_group_01,1,14502008.0,aggregate_e0_to_e3,sensitivity_initial_mean,-0.0016181511738239,-0.0011858030448554,0.0004323481289684,0.2671864878648967,true,1e-06,false,tie,true
ieee14_structural_group_01_realization_01_seed_14201_8x8_held_out_seed14502008_coordinate_e0,ieee14_structural_group_01_realization_01_seed_14201_8x8,ieee14,ieee14_structural_group_01,1,14502008.0,coordinate_e0,balanced_magnitude,-0.0002869579187646,-0.0002869579187646,4.33680868994202e-19,1.5113047615525706e-15,false,1e-06,false,tie,true
ieee14_structural_group_01_realization_01_seed_14201_8x8_held_out_seed14502008_coordinate_e0,ieee14_structural_group_01_realization_01_seed_14201_8x8,ieee14,ieee14_structural_group_01,1,14502008.0,coordinate_e0,sensitivity_initial_mean,-0.0002869579187646,-0.0002869579187646,4.33680868994202e-19,1.5113047615525706e-15,false,1e-06,false,tie,true
ieee14_structural_group_01_realization_01_seed_14201_8x8_held_out_seed14502008_signed_difference_e0_minus_e1,ieee14_structural_group_01_realization_01_seed_14201_8x8,ieee14,ieee14_structural_group_01,1,14502008.0,signed_difference_e0_minus_e1,balanced_magnitude,-0.0005441929402457,-0.0006398123272621,9.56193870164186e-05,0.1757086135171838,true,1e-06,false,tie,true
ieee14_structural_group_01_realization_01_seed_14201_8x8_held_out_seed14502008_signed_difference_e0_minus_e1,ieee14_structural_group_01_realization_01_seed_14201_8x8,ieee14,ieee14_structural_group_01,1,14502008.0,signed_difference_e0_minus_e1,sensitivity_initial_mean,-0.0005441929402457,-0.0006398123272621,9.56193870164186e-05,0.1757086135171838,true,1e-06,false,tie,true
ieee14_structural_group_01_realization_01_seed_14201_8x8_held_out_seed14502009_aggregate_e0_to_e3,ieee14_structural_group_01_realization_01_seed_14201_8x8,ieee14,ieee14_structural_group_01,1,14502009.0,aggregate_e0_to_e3,balanced_magnitude,-0.0007148632514313,-0.0003086242090434,0.0004062390423878,0.5682751793080583,true,1e-06,false,tie,true
ieee14_structural_group_01_realization_01_seed_14201_8x8_held_out_seed14502009_aggregate_e0_to_e3,ieee14_structural_group_01_realization_01_seed_14201_8x8,ieee14,ieee14_structural_group_01,1,14502009.0,aggregate_e0_to_e3,sensitivity_initial_mean,-0.0007148632514313,-0.0003086242090434,0.0004062390423878,0.5682751793080583,true,1e-06,false,tie,true
ieee14_structural_group_01_realization_01_seed_14201_8x8_held_out_seed14502009_coordinate_e0,ieee14_structural_group_01_realization_01_seed_14201_8x8,ieee14,ieee14_structural_group_01,1,14502009.0,coordinate_e0,balanced_magnitude,0.0006209256854542,0.0006209256854542,8.673617379884035e-19,1.3968849385799204e-15,false,1e-06,false,tie,true
ieee14_structural_group_01_realization_01_seed_14201_8x8_held_out_seed14502009_coordinate_e0,ieee14_structural_group_01_realization_01_seed_14201_8x8,ieee14,ieee14_structural_group_01,1,14502009.0,coordinate_e0,sensitivity_initial_mean,0.0006209256854542,0.0006209256854542,8.673617379884035e-19,1.3968849385799204e-15,false,1e-06,false,tie,true
ieee14_structural_group_01_realization_01_seed_14201_8x8_held_out_seed14502009_signed_difference_e0_minus_e1,ieee14_structural_group_01_realization_01_seed_14201_8x8,ieee14,ieee14_structural_group_01,1,14502009.0,signed_difference_e0_minus_e1,balanced_magnitude,0.0013597166274509,0.0012710599980872,8.865662936366654e-05,0.0652022837507483,false,1e-06,false,tie,true
ieee14_structural_group_01_realization_01_seed_14201_8x8_held_out_seed14502009_signed_difference_e0_minus_e1,ieee14_structural_group_01_realization_01_seed_14201_8x8,ieee14,ieee14_structural_group_01,1,14502009.0,signed_difference_e0_minus_e1,sensitivity_initial_mean,0.0013597166274509,0.0012710599980872,8.865662936366654e-05,0.0652022837507483,false,1e-06,false,tie,true
ieee14_structural_group_01_realization_01_seed_14201_8x8_held_out_seed14502010_aggregate_e0_to_e3,ieee14_structural_group_01_realization_01_seed_14201_8x8,ieee14,ieee14_structural_group_01,1,14502010.0,aggregate_e0_to_e3,balanced_magnitude,0.0006093943798339,0.0004543793469321,0.0001550150329017,0.254375553880268,true,1e-06,false,tie,true
ieee14_structural_group_01_realization_01_seed_14201_8x8_held_out_seed14502010_aggregate_e0_to_e3,ieee14_structural_group_01_realization_01_seed_14201_8x8,ieee14,ieee14_structural_group_01,1,14502010.0,aggregate_e0_to_e3,sensitivity_initial_mean,0.0006093943798339,0.0004543793469321,0.0001550150329017,0.254375553880268,true,1e-06,false,tie,true
ieee14_structural_group_01_realization_01_seed_14201_8x8_held_out_seed14502010_coordinate_e0,ieee14_structural_group_01_realization_01_seed_14201_8x8,ieee14,ieee14_structural_group_01,1,14502010.0,coordinate_e0,balanced_magnitude,0.0004395633253387,0.0004395633253387,8.673617379884035e-19,1.9732349993483325e-15,false,1e-06,false,tie,true
ieee14_structural_group_01_realization_01_seed_14201_8x8_held_out_seed14502010_coordinate_e0,ieee14_structural_group_01_realization_01_seed_14201_8x8,ieee14,ieee14_structural_group_01,1,14502010.0,coordinate_e0,sensitivity_initial_mean,0.0004395633253387,0.0004395633253387,8.673617379884035e-19,1.9732349993483325e-15,false,1e-06,false,tie,true
ieee14_structural_group_01_realization_01_seed_14201_8x8_held_out_seed14502010_signed_difference_e0_minus_e1,ieee14_structural_group_01_realization_01_seed_14201_8x8,ieee14,ieee14_structural_group_01,1,14502010.0,signed_difference_e0_minus_e1,balanced_magnitude,0.0007978704728616,0.0008153386058273,1.7468132965655714e-05,0.021893444562504,false,1e-06,false,tie,true
ieee14_structural_group_01_realization_01_seed_14201_8x8_held_out_seed14502010_signed_difference_e0_minus_e1,ieee14_structural_group_01_realization_01_seed_14201_8x8,ieee14,ieee14_structural_group_01,1,14502010.0,signed_difference_e0_minus_e1,sensitivity_initial_mean,0.0007978704728616,0.0008153386058273,1.7468132965655714e-05,0.021893444562504,false,1e-06,false,tie,true
ieee14_structural_group_01_realization_01_seed_14201_8x8_held_out_seed14502011_aggregate_e0_to_e3,ieee14_structural_group_01_realization_01_seed_14201_8x8,ieee14,ieee14_structural_group_01,1,14502011.0,aggregate_e0_to_e3,balanced_magnitude,-0.0027017081079084,-0.0026752769509398,2.6431156968567855e-05,0.0097831282702964,false,1e-06,false,tie,true
ieee14_structural_group_01_realization_01_seed_14201_8x8_held_out_seed14502011_aggregate_e0_to_e3,ieee14_structural_group_01_realization_01_seed_14201_8x8,ieee14,ieee14_structural_group_01,1,14502011.0,aggregate_e0_to_e3,sensitivity_initial_mean,-0.0027017081079084,-0.0026752769509398,2.6431156968567855e-05,0.0097831282702964,false,1e-06,false,tie,true
ieee14_structural_group_01_realization_01_seed_14201_8x8_held_out_seed14502011_coordinate_e0,ieee14_structural_group_01_realization_01_seed_14201_8x8,ieee14,ieee14_structural_group_01,1,14502011.0,coordinate_e0,balanced_magnitude,0.0003158870014252,0.0003158870014252,9.215718466126788e-19,2.917409841033473e-15,false,1e-06,false,tie,true
ieee14_structural_group_01_realization_01_seed_14201_8x8_held_out_seed14502011_coordinate_e0,ieee14_structural_group_01_realization_01_seed_14201_8x8,ieee14,ieee14_structural_group_01,1,14502011.0,coordinate_e0,sensitivity_initial_mean,0.0003158870014252,0.0003158870014252,9.215718466126788e-19,2.917409841033473e-15,false,1e-06,false,tie,true
ieee14_structural_group_01_realization_01_seed_14201_8x8_held_out_seed14502011_signed_difference_e0_minus_e1,ieee14_structural_group_01_realization_01_seed_14201_8x8,ieee14,ieee14_structural_group_01,1,14502011.0,signed_difference_e0_minus_e1,balanced_magnitude,-0.0004058201418365,-0.0004065990528086,7.789109720862837e-07,0.0019193502041601,false,1e-06,false,tie,true
ieee14_structural_group_01_realization_01_seed_14201_8x8_held_out_seed14502011_signed_difference_e0_minus_e1,ieee14_structural_group_01_realization_01_seed_14201_8x8,ieee14,ieee14_structural_group_01,1,14502011.0,signed_difference_e0_minus_e1,sensitivity_initial_mean,-0.0004058201418365,-0.0004065990528086,7.789109720862837e-07,0.0019193502041601,false,1e-06,false,tie,true
ieee14_structural_group_01_realization_01_seed_14201_8x8_held_out_seed14502012_aggregate_e0_to_e3,ieee14_structural_group_01_realization_01_seed_14201_8x8,ieee14,ieee14_structural_group_01,1,14502012.0,aggregate_e0_to_e3,balanced_magnitude,-0.0057256213492775,-0.0060660572256479,0.0003404358763704,0.059458328730277,false,1e-06,false,tie,true
ieee14_structural_group_01_realization_01_seed_14201_8x8_held_out_seed14502012_aggregate_e0_to_e3,ieee14_structural_group_01_realization_01_seed_14201_8x8,ieee14,ieee14_structural_group_01,1,14502012.0,aggregate_e0_to_e3,sensitivity_initial_mean,-0.0057256213492775,-0.0060660572256479,0.0003404358763704,0.059458328730277,false,1e-06,false,tie,true
ieee14_structural_group_01_realization_01_seed_14201_8x8_held_out_seed14502012_coordinate_e0,ieee14_structural_group_01_realization_01_seed_14201_8x8,ieee14,ieee14_structural_group_01,1,14502012.0,coordinate_e0,balanced_magnitude,-0.0001688679814912,-0.0001688679814912,2.710505431213761e-19,1.6051032334712962e-15,false,1e-06,false,tie,true
ieee14_structural_group_01_realization_01_seed_14201_8x8_held_out_seed14502012_coordinate_e0,ieee14_structural_group_01_realization_01_seed_14201_8x8,ieee14,ieee14_structural_group_01,1,14502012.0,coordinate_e0,sensitivity_initial_mean,-0.0001688679814912,-0.0001688679814912,2.710505431213761e-19,1.6051032334712962e-15,false,1e-06,false,tie,true
ieee14_structural_group_01_realization_01_seed_14201_8x8_held_out_seed14502012_signed_difference_e0_minus_e1,ieee14_structural_group_01_realization_01_seed_14201_8x8,ieee14,ieee14_structural_group_01,1,14502012.0,signed_difference_e0_minus_e1,balanced_magnitude,0.0013758383647099,0.001482195619594,0.0001063572548841,0.0773035972917882,false,1e-06,false,tie,true
ieee14_structural_group_01_realization_01_seed_14201_8x8_held_out_seed14502012_signed_difference_e0_minus_e1,ieee14_structural_group_01_realization_01_seed_14201_8x8,ieee14,ieee14_structural_group_01,1,14502012.0,signed_difference_e0_minus_e1,sensitivity_initial_mean,0.0013758383647099,0.001482195619594,0.0001063572548841,0.0773035972917882,false,1e-06,false,tie,true
ieee14_structural_group_01_realization_01_seed_14201_8x8_held_out_seed14502013_aggregate_e0_to_e3,ieee14_structural_group_01_realization_01_seed_14201_8x8,ieee14,ieee14_structural_group_01,1,14502013.0,aggregate_e0_to_e3,balanced_magnitude,-0.0015729110131174,-0.0017538589557846,0.0001809479426671,0.1150401651193853,true,1e-06,false,tie,true
ieee14_structural_group_01_realization_01_seed_14201_8x8_held_out_seed14502013_aggregate_e0_to_e3,ieee14_structural_group_01_realization_01_seed_14201_8x8,ieee14,ieee14_structural_group_01,1,14502013.0,aggregate_e0_to_e3,sensitivity_initial_mean,-0.0015729110131174,-0.0017538589557846,0.0001809479426671,0.1150401651193853,true,1e-06,false,tie,true
ieee14_structural_group_01_realization_01_seed_14201_8x8_held_out_seed14502013_coordinate_e0,ieee14_structural_group_01_realization_01_seed_14201_8x8,ieee14,ieee14_structural_group_01,1,14502013.0,coordinate_e0,balanced_magnitude,3.6872745606516166e-05,3.6872745606516e-05,1.6263032587282571e-19,4.4105835678286344e-15,false,1e-06,false,tie,true
ieee14_structural_group_01_realization_01_seed_14201_8x8_held_out_seed14502013_coordinate_e0,ieee14_structural_group_01_realization_01_seed_14201_8x8,ieee14,ieee14_structural_group_01,1,14502013.0,coordinate_e0,sensitivity_initial_mean,3.6872745606516166e-05,3.6872745606516e-05,1.6263032587282571e-19,4.4105835678286344e-15,false,1e-06,false,tie,true
ieee14_structural_group_01_realization_01_seed_14201_8x8_held_out_seed14502013_signed_difference_e0_minus_e1,ieee14_structural_group_01_realization_01_seed_14201_8x8,ieee14,ieee14_structural_group_01,1,14502013.0,signed_difference_e0_minus_e1,balanced_magnitude,0.0004699304750706,0.0005240451824849,5.4114707414248616e-05,0.1151547096538312,true,1e-06,false,tie,true
ieee14_structural_group_01_realization_01_seed_14201_8x8_held_out_seed14502013_signed_difference_e0_minus_e1,ieee14_structural_group_01_realization_01_seed_14201_8x8,ieee14,ieee14_structural_group_01,1,14502013.0,signed_difference_e0_minus_e1,sensitivity_initial_mean,0.0004699304750706,0.0005240451824849,5.4114707414248616e-05,0.1151547096538312,true,1e-06,false,tie,true
ieee14_structural_group_01_realization_01_seed_14201_8x8_held_out_seed14502014_aggregate_e0_to_e3,ieee14_structural_group_01_realization_01_seed_14201_8x8,ieee14,ieee14_structural_group_01,1,14502014.0,aggregate_e0_to_e3,balanced_magnitude,-0.0021230131318631,-0.0018547439582431,0.00026826917362,0.1263624654947878,true,1e-06,false,tie,true
ieee14_structural_group_01_realization_01_seed_14201_8x8_held_out_seed14502014_aggregate_e0_to_e3,ieee14_structural_group_01_realization_01_seed_14201_8x8,ieee14,ieee14_structural_group_01,1,14502014.0,aggregate_e0_to_e3,sensitivity_initial_mean,-0.0021230131318631,-0.0018547439582431,0.00026826917362,0.1263624654947878,true,1e-06,false,tie,true
ieee14_structural_group_01_realization_01_seed_14201_8x8_held_out_seed14502014_coordinate_e0,ieee14_structural_group_01_realization_01_seed_14201_8x8,ieee14,ieee14_structural_group_01,1,14502014.0,coordinate_e0,balanced_magnitude,3.7486644898422194e-05,3.748664489842187e-05,3.2526065174565133e-19,8.676707468139981e-15,false,1e-06,false,tie,true
ieee14_structural_group_01_realization_01_seed_14201_8x8_held_out_seed14502014_coordinate_e0,ieee14_structural_group_01_realization_01_seed_14201_8x8,ieee14,ieee14_structural_group_01,1,14502014.0,coordinate_e0,sensitivity_initial_mean,3.7486644898422194e-05,3.748664489842187e-05,3.2526065174565133e-19,8.676707468139981e-15,false,1e-06,false,tie,true
ieee14_structural_group_01_realization_01_seed_14201_8x8_held_out_seed14502014_signed_difference_e0_minus_e1,ieee14_structural_group_01_realization_01_seed_14201_8x8,ieee14,ieee14_structural_group_01,1,14502014.0,signed_difference_e0_minus_e1,balanced_magnitude,-0.0009720911795909,-0.0010383528598649,6.626168027401547e-05,0.0681640587479668,false,1e-06,false,tie,true
ieee14_structural_group_01_realization_01_seed_14201_8x8_held_out_seed14502014_signed_difference_e0_minus_e1,ieee14_structural_group_01_realization_01_seed_14201_8x8,ieee14,ieee14_structural_group_01,1,14502014.0,signed_difference_e0_minus_e1,sensitivity_initial_mean,-0.0009720911795909,-0.0010383528598649,6.626168027401547e-05,0.0681640587479668,false,1e-06,false,tie,true
ieee14_structural_group_01_realization_01_seed_14201_8x8_held_out_seed14502015_aggregate_e0_to_e3,ieee14_structural_group_01_realization_01_seed_14201_8x8,ieee14,ieee14_structural_group_01,1,14502015.0,aggregate_e0_to_e3,balanced_magnitude,-0.003426268381032,-0.0035287963507472,0.0001025279697151,0.029924091843707,false,1e-06,false,tie,true
ieee14_structural_group_01_realization_01_seed_14201_8x8_held_out_seed14502015_aggregate_e0_to_e3,ieee14_structural_group_01_realization_01_seed_14201_8x8,ieee14,ieee14_structural_group_01,1,14502015.0,aggregate_e0_to_e3,sensitivity_initial_mean,-0.003426268381032,-0.0035287963507472,0.0001025279697151,0.029924091843707,false,1e-06,false,tie,true
ieee14_structural_group_01_realization_01_seed_14201_8x8_held_out_seed14502015_coordinate_e0,ieee14_structural_group_01_realization_01_seed_14201_8x8,ieee14,ieee14_structural_group_01,1,14502015.0,coordinate_e0,balanced_magnitude,0.000214862966029,0.000214862966029,4.33680868994202e-19,2.018406787400847e-15,false,1e-06,false,tie,true
ieee14_structural_group_01_realization_01_seed_14201_8x8_held_out_seed14502015_coordinate_e0,ieee14_structural_group_01_realization_01_seed_14201_8x8,ieee14,ieee14_structural_group_01,1,14502015.0,coordinate_e0,sensitivity_initial_mean,0.000214862966029,0.000214862966029,4.33680868994202e-19,2.018406787400847e-15,false,1e-06,false,tie,true
ieee14_structural_group_01_realization_01_seed_14201_8x8_held_out_seed14502015_signed_difference_e0_minus_e1,ieee14_structural_group_01_realization_01_seed_14201_8x8,ieee14,ieee14_structural_group_01,1,14502015.0,signed_difference_e0_minus_e1,balanced_magnitude,-0.0005812129383831,-0.0005321768471503,4.903609123271552e-05,0.0843685472128871,false,1e-06,false,tie,true
ieee14_structural_group_01_realization_01_seed_14201_8x8_held_out_seed14502015_signed_difference_e0_minus_e1,ieee14_structural_group_01_realization_01_seed_14201_8x8,ieee14,ieee14_structural_group_01,1,14502015.0,signed_difference_e0_minus_e1,sensitivity_initial_mean,-0.0005812129383831,-0.0005321768471503,4.903609123271552e-05,0.0843685472128871,false,1e-06,false,tie,true
ieee14_structural_group_01_realization_01_seed_14201_8x8_held_out_seed14502016_aggregate_e0_to_e3,ieee14_structural_group_01_realization_01_seed_14201_8x8,ieee14,ieee14_structural_group_01,1,14502016.0,aggregate_e0_to_e3,balanced_magnitude,-0.0056472657801164,-0.0057108974967783,6.363171666189972e-05,0.0112677035470762,false,1e-06,false,tie,true
ieee14_structural_group_01_realization_01_seed_14201_8x8_held_out_seed14502016_aggregate_e0_to_e3,ieee14_structural_group_01_realization_01_seed_14201_8x8,ieee14,ieee14_structural_group_01,1,14502016.0,aggregate_e0_to_e3,sensitivity_initial_mean,-0.0056472657801164,-0.0057108974967783,6.363171666189972e-05,0.0112677035470762,false,1e-06,false,tie,true
ieee14_structural_group_01_realization_01_seed_14201_8x8_held_out_seed14502016_coordinate_e0,ieee14_structural_group_01_realization_01_seed_14201_8x8,ieee14,ieee14_structural_group_01,1,14502016.0,coordinate_e0,balanced_magnitude,-0.0002106239942499,-0.0002106239942499,2.710505431213761e-20,1.286892996624685e-16,false,1e-06,false,tie,true
ieee14_structural_group_01_realization_01_seed_14201_8x8_held_out_seed14502016_coordinate_e0,ieee14_structural_group_01_realization_01_seed_14201_8x8,ieee14,ieee14_structural_group_01,1,14502016.0,coordinate_e0,sensitivity_initial_mean,-0.0002106239942499,-0.0002106239942499,2.710505431213761e-20,1.286892996624685e-16,false,1e-06,false,tie,true
ieee14_structural_group_01_realization_01_seed_14201_8x8_held_out_seed14502016_signed_difference_e0_minus_e1,ieee14_structural_group_01_realization_01_seed_14201_8x8,ieee14,ieee14_structural_group_01,1,14502016.0,signed_difference_e0_minus_e1,balanced_magnitude,0.0009078234203136,0.0009499276486424,4.210422832888211e-05,0.046379314949087,false,1e-06,false,tie,true
ieee14_structural_group_01_realization_01_seed_14201_8x8_held_out_seed14502016_signed_difference_e0_minus_e1,ieee14_structural_group_01_realization_01_seed_14201_8x8,ieee14,ieee14_structural_group_01,1,14502016.0,signed_difference_e0_minus_e1,sensitivity_initial_mean,0.0009078234203136,0.0009499276486424,4.210422832888211e-05,0.046379314949087,false,1e-06,false,tie,true
ieee14_structural_group_01_realization_01_seed_14201_8x8_held_out_seed14502017_aggregate_e0_to_e3,ieee14_structural_group_01_realization_01_seed_14201_8x8,ieee14,ieee14_structural_group_01,1,14502017.0,aggregate_e0_to_e3,balanced_magnitude,0.0012014348204639,0.001711698957141,0.0005102641366771,0.4247122923240086,true,1e-06,false,tie,true
ieee14_structural_group_01_realization_01_seed_14201_8x8_held_out_seed14502017_aggregate_e0_to_e3,ieee14_structural_group_01_realization_01_seed_14201_8x8,ieee14,ieee14_structural_group_01,1,14502017.0,aggregate_e0_to_e3,sensitivity_initial_mean,0.0012014348204639,0.001711698957141,0.0005102641366771,0.4247122923240086,true,1e-06,false,tie,true
ieee14_structural_group_01_realization_01_seed_14201_8x8_held_out_seed14502017_coordinate_e0,ieee14_structural_group_01_realization_01_seed_14201_8x8,ieee14,ieee14_structural_group_01,1,14502017.0,coordinate_e0,balanced_magnitude,-0.0002663216184521,-0.0002663216184521,8.673617379884035e-19,3.2568206179789177e-15,false,1e-06,false,tie,true
ieee14_structural_group_01_realization_01_seed_14201_8x8_held_out_seed14502017_coordinate_e0,ieee14_structural_group_01_realization_01_seed_14201_8x8,ieee14,ieee14_structural_group_01,1,14502017.0,coordinate_e0,sensitivity_initial_mean,-0.0002663216184521,-0.0002663216184521,8.673617379884035e-19,3.2568206179789177e-15,false,1e-06,false,tie,true
ieee14_structural_group_01_realization_01_seed_14201_8x8_held_out_seed14502017_signed_difference_e0_minus_e1,ieee14_structural_group_01_realization_01_seed_14201_8x8,ieee14,ieee14_structural_group_01,1,14502017.0,signed_difference_e0_minus_e1,balanced_magnitude,0.0005658544045855,0.0004540505764292,0.0001118038281562,0.1975840909785623,true,1e-06,false,tie,true
ieee14_structural_group_01_realization_01_seed_14201_8x8_held_out_seed14502017_signed_difference_e0_minus_e1,ieee14_structural_group_01_realization_01_seed_14201_8x8,ieee14,ieee14_structural_group_01,1,14502017.0,signed_difference_e0_minus_e1,sensitivity_initial_mean,0.0005658544045855,0.0004540505764292,0.0001118038281562,0.1975840909785623,true,1e-06,false,tie,true
ieee14_structural_group_01_realization_01_seed_14201_8x8_held_out_seed14502018_aggregate_e0_to_e3,ieee14_structural_group_01_realization_01_seed_14201_8x8,ieee14,ieee14_structural_group_01,1,14502018.0,aggregate_e0_to_e3,balanced_magnitude,-0.0026212221413751,-0.0021690946901606,0.0004521274512144,0.1724872699943015,true,1e-06,false,tie,true
ieee14_structural_group_01_realization_01_seed_14201_8x8_held_out_seed14502018_aggregate_e0_to_e3,ieee14_structural_group_01_realization_01_seed_14201_8x8,ieee14,ieee14_structural_group_01,1,14502018.0,aggregate_e0_to_e3,sensitivity_initial_mean,-0.0026212221413751,-0.0021690946901606,0.0004521274512144,0.1724872699943015,true,1e-06,false,tie,true
ieee14_structural_group_01_realization_01_seed_14201_8x8_held_out_seed14502018_coordinate_e0,ieee14_structural_group_01_realization_01_seed_14201_8x8,ieee14,ieee14_structural_group_01,1,14502018.0,coordinate_e0,balanced_magnitude,0.0001539460588961,0.0001539460588961,2.1684043449710093e-19,1.408548137262754e-15,false,1e-06,false,tie,true
ieee14_structural_group_01_realization_01_seed_14201_8x8_held_out_seed14502018_coordinate_e0,ieee14_structural_group_01_realization_01_seed_14201_8x8,ieee14,ieee14_structural_group_01,1,14502018.0,coordinate_e0,sensitivity_initial_mean,0.0001539460588961,0.0001539460588961,2.1684043449710093e-19,1.408548137262754e-15,false,1e-06,false,tie,true
ieee14_structural_group_01_realization_01_seed_14201_8x8_held_out_seed14502018_signed_difference_e0_minus_e1,ieee14_structural_group_01_realization_01_seed_14201_8x8,ieee14,ieee14_structural_group_01,1,14502018.0,signed_difference_e0_minus_e1,balanced_magnitude,0.0007049870826767,0.0006161107825052,8.887630017156403e-05,0.1260679838758264,true,1e-06,false,tie,true
ieee14_structural_group_01_realization_01_seed_14201_8x8_held_out_seed14502018_signed_difference_e0_minus_e1,ieee14_structural_group_01_realization_01_seed_14201_8x8,ieee14,ieee14_structural_group_01,1,14502018.0,signed_difference_e0_minus_e1,sensitivity_initial_mean,0.0007049870826767,0.0006161107825052,8.887630017156403e-05,0.1260679838758264,true,1e-06,false,tie,true
ieee14_structural_group_01_realization_01_seed_14201_8x8_held_out_seed14502019_aggregate_e0_to_e3,ieee14_structural_group_01_realization_01_seed_14201_8x8,ieee14,ieee14_structural_group_01,1,14502019.0,aggregate_e0_to_e3,balanced_magnitude,-0.0022215746134601,-0.0022837332675267,6.215865406663818e-05,0.0279795482402569,false,1e-06,false,tie,true
ieee14_structural_group_01_realization_01_seed_14201_8x8_held_out_seed14502019_aggregate_e0_to_e3,ieee14_structural_group_01_realization_01_seed_14201_8x8,ieee14,ieee14_structural_group_01,1,14502019.0,aggregate_e0_to_e3,sensitivity_initial_mean,-0.0022215746134601,-0.0022837332675267,6.215865406663818e-05,0.0279795482402569,false,1e-06,false,tie,true
ieee14_structural_group_01_realization_01_seed_14201_8x8_held_out_seed14502019_coordinate_e0,ieee14_structural_group_01_realization_01_seed_14201_8x8,ieee14,ieee14_structural_group_01,1,14502019.0,coordinate_e0,balanced_magnitude,-4.74598276699292e-05,-4.745982766992925e-05,5.421010862427522e-20,1.1422314678698897e-15,false,1e-06,false,tie,true
ieee14_structural_group_01_realization_01_seed_14201_8x8_held_out_seed14502019_coordinate_e0,ieee14_structural_group_01_realization_01_seed_14201_8x8,ieee14,ieee14_structural_group_01,1,14502019.0,coordinate_e0,sensitivity_initial_mean,-4.74598276699292e-05,-4.745982766992925e-05,5.421010862427522e-20,1.1422314678698897e-15,false,1e-06,false,tie,true
ieee14_structural_group_01_realization_01_seed_14201_8x8_held_out_seed14502019_signed_difference_e0_minus_e1,ieee14_structural_group_01_realization_01_seed_14201_8x8,ieee14,ieee14_structural_group_01,1,14502019.0,signed_difference_e0_minus_e1,balanced_magnitude,0.0005186390156944,0.0005497599672868,3.1120951592387936e-05,0.060005033656633,false,1e-06,false,tie,true
ieee14_structural_group_01_realization_01_seed_14201_8x8_held_out_seed14502019_signed_difference_e0_minus_e1,ieee14_structural_group_01_realization_01_seed_14201_8x8,ieee14,ieee14_structural_group_01,1,14502019.0,signed_difference_e0_minus_e1,sensitivity_initial_mean,0.0005186390156944,0.0005497599672868,3.1120951592387936e-05,0.060005033656633,false,1e-06,false,tie,true
ieee14_structural_group_01_realization_02_seed_14202_8x8_held_out_seed14512000_aggregate_e0_to_e3,ieee14_structural_group_01_realization_02_seed_14202_8x8,ieee14,ieee14_structural_group_01,2,14512000.0,aggregate_e0_to_e3,balanced_magnitude,-0.0019342320375086,-0.0019755851087783,4.13530712697935e-05,0.0213795813883108,false,1e-06,false,tie,true
ieee14_structural_group_01_realization_02_seed_14202_8x8_held_out_seed14512000_aggregate_e0_to_e3,ieee14_structural_group_01_realization_02_seed_14202_8x8,ieee14,ieee14_structural_group_01,2,14512000.0,aggregate_e0_to_e3,sensitivity_initial_mean,-0.0019342320375086,-0.0019755851087783,4.13530712697935e-05,0.0213795813883108,false,1e-06,false,tie,true
ieee14_structural_group_01_realization_02_seed_14202_8x8_held_out_seed14512000_coordinate_e0,ieee14_structural_group_01_realization_02_seed_14202_8x8,ieee14,ieee14_structural_group_01,2,14512000.0,coordinate_e0,balanced_magnitude,-0.0001121641102915,-0.0001121641102915,1.6263032587282571e-19,1.4499319385685929e-15,false,1e-06,false,tie,true
ieee14_structural_group_01_realization_02_seed_14202_8x8_held_out_seed14512000_coordinate_e0,ieee14_structural_group_01_realization_02_seed_14202_8x8,ieee14,ieee14_structural_group_01,2,14512000.0,coordinate_e0,sensitivity_initial_mean,-0.0001121641102915,-0.0001121641102915,1.6263032587282571e-19,1.4499319385685929e-15,false,1e-06,false,tie,true
ieee14_structural_group_01_realization_02_seed_14202_8x8_held_out_seed14512000_signed_difference_e0_minus_e1,ieee14_structural_group_01_realization_02_seed_14202_8x8,ieee14,ieee14_structural_group_01,2,14512000.0,signed_difference_e0_minus_e1,balanced_magnitude,-0.000980492945653,-0.0009652691611292,1.5223784523799956e-05,0.01552666400232,false,1e-06,false,tie,true
ieee14_structural_group_01_realization_02_seed_14202_8x8_held_out_seed14512000_signed_difference_e0_minus_e1,ieee14_structural_group_01_realization_02_seed_14202_8x8,ieee14,ieee14_structural_group_01,2,14512000.0,signed_difference_e0_minus_e1,sensitivity_initial_mean,-0.000980492945653,-0.0009652691611292,1.5223784523799956e-05,0.01552666400232,false,1e-06,false,tie,true
ieee14_structural_group_01_realization_02_seed_14202_8x8_held_out_seed14512001_aggregate_e0_to_e3,ieee14_structural_group_01_realization_02_seed_14202_8x8,ieee14,ieee14_structural_group_01,2,14512001.0,aggregate_e0_to_e3,balanced_magnitude,0.0029614262029916,0.0025208997105295,0.000440526492462,0.1487548438711919,true,1e-06,false,tie,true
ieee14_structural_group_01_realization_02_seed_14202_8x8_held_out_seed14512001_aggregate_e0_to_e3,ieee14_structural_group_01_realization_02_seed_14202_8x8,ieee14,ieee14_structural_group_01,2,14512001.0,aggregate_e0_to_e3,sensitivity_initial_mean,0.0029614262029916,0.0025208997105295,0.000440526492462,0.1487548438711919,true,1e-06,false,tie,true
ieee14_structural_group_01_realization_02_seed_14202_8x8_held_out_seed14512001_coordinate_e0,ieee14_structural_group_01_realization_02_seed_14202_8x8,ieee14,ieee14_structural_group_01,2,14512001.0,coordinate_e0,balanced_magnitude,0.0004024183056638,0.0004024183056638,4.87890977618477e-19,1.2123975742447522e-15,false,1e-06,false,tie,true
ieee14_structural_group_01_realization_02_seed_14202_8x8_held_out_seed14512001_coordinate_e0,ieee14_structural_group_01_realization_02_seed_14202_8x8,ieee14,ieee14_structural_group_01,2,14512001.0,coordinate_e0,sensitivity_initial_mean,0.0004024183056638,0.0004024183056638,4.87890977618477e-19,1.2123975742447522e-15,false,1e-06,false,tie,true
ieee14_structural_group_01_realization_02_seed_14202_8x8_held_out_seed14512001_signed_difference_e0_minus_e1,ieee14_structural_group_01_realization_02_seed_14202_8x8,ieee14,ieee14_structural_group_01,2,14512001.0,signed_difference_e0_minus_e1,balanced_magnitude,0.0010364770013058,0.0011199077828227,8.34307815169215e-05,0.0804945805954313,false,1e-06,false,tie,true
ieee14_structural_group_01_realization_02_seed_14202_8x8_held_out_seed14512001_signed_difference_e0_minus_e1,ieee14_structural_group_01_realization_02_seed_14202_8x8,ieee14,ieee14_structural_group_01,2,14512001.0,signed_difference_e0_minus_e1,sensitivity_initial_mean,0.0010364770013058,0.0011199077828227,8.34307815169215e-05,0.0804945805954313,false,1e-06,false,tie,true
ieee14_structural_group_01_realization_02_seed_14202_8x8_held_out_seed14512002_aggregate_e0_to_e3,ieee14_structural_group_01_realization_02_seed_14202_8x8,ieee14,ieee14_structural_group_01,2,14512002.0,aggregate_e0_to_e3,balanced_magnitude,-0.0003855260065311,-0.0001797506960909,0.0002057753104402,0.5337520866407243,true,1e-06,false,tie,true
ieee14_structural_group_01_realization_02_seed_14202_8x8_held_out_seed14512002_aggregate_e0_to_e3,ieee14_structural_group_01_realization_02_seed_14202_8x8,ieee14,ieee14_structural_group_01,2,14512002.0,aggregate_e0_to_e3,sensitivity_initial_mean,-0.0003855260065311,-0.0001797506960909,0.0002057753104402,0.5337520866407243,true,1e-06,false,tie,true
ieee14_structural_group_01_realization_02_seed_14202_8x8_held_out_seed14512002_coordinate_e0,ieee14_structural_group_01_realization_02_seed_14202_8x8,ieee14,ieee14_structural_group_01,2,14512002.0,coordinate_e0,balanced_magnitude,0.0003279942692282,0.0003279942692282,1.0842021724855044e-19,3.3055521824714783e-16,false,1e-06,false,tie,true
ieee14_structural_group_01_realization_02_seed_14202_8x8_held_out_seed14512002_coordinate_e0,ieee14_structural_group_01_realization_02_seed_14202_8x8,ieee14,ieee14_structural_group_01,2,14512002.0,coordinate_e0,sensitivity_initial_mean,0.0003279942692282,0.0003279942692282,1.0842021724855044e-19,3.3055521824714783e-16,false,1e-06,false,tie,true
ieee14_structural_group_01_realization_02_seed_14202_8x8_held_out_seed14512002_signed_difference_e0_minus_e1,ieee14_structural_group_01_realization_02_seed_14202_8x8,ieee14,ieee14_structural_group_01,2,14512002.0,signed_difference_e0_minus_e1,balanced_magnitude,0.0005985979769581,0.0005470245946891,5.157338226892394e-05,0.0861569605213222,false,1e-06,false,tie,true
ieee14_structural_group_01_realization_02_seed_14202_8x8_held_out_seed14512002_signed_difference_e0_minus_e1,ieee14_structural_group_01_realization_02_seed_14202_8x8,ieee14,ieee14_structural_group_01,2,14512002.0,signed_difference_e0_minus_e1,sensitivity_initial_mean,0.0005985979769581,0.0005470245946891,5.157338226892394e-05,0.0861569605213222,false,1e-06,false,tie,true
ieee14_structural_group_01_realization_02_seed_14202_8x8_held_out_seed14512003_aggregate_e0_to_e3,ieee14_structural_group_01_realization_02_seed_14202_8x8,ieee14,ieee14_structural_group_01,2,14512003.0,aggregate_e0_to_e3,balanced_magnitude,0.0047827737612971,0.0040560403411855,0.0007267334201116,0.1519481071825894,true,1e-06,false,tie,true
ieee14_structural_group_01_realization_02_seed_14202_8x8_held_out_seed14512003_aggregate_e0_to_e3,ieee14_structural_group_01_realization_02_seed_14202_8x8,ieee14,ieee14_structural_group_01,2,14512003.0,aggregate_e0_to_e3,sensitivity_initial_mean,0.0047827737612971,0.0040560403411855,0.0007267334201116,0.1519481071825894,true,1e-06,false,tie,true
ieee14_structural_group_01_realization_02_seed_14202_8x8_held_out_seed14512003_coordinate_e0,ieee14_structural_group_01_realization_02_seed_14202_8x8,ieee14,ieee14_structural_group_01,2,14512003.0,coordinate_e0,balanced_magnitude,0.0004829856328277,0.0004829856328277,3.2526065174565133e-19,6.7343753030775e-16,false,1e-06,false,tie,true
ieee14_structural_group_01_realization_02_seed_14202_8x8_held_out_seed14512003_coordinate_e0,ieee14_structural_group_01_realization_02_seed_14202_8x8,ieee14,ieee14_structural_group_01,2,14512003.0,coordinate_e0,sensitivity_initial_mean,0.0004829856328277,0.0004829856328277,3.2526065174565133e-19,6.7343753030775e-16,false,1e-06,false,tie,true
ieee14_structural_group_01_realization_02_seed_14202_8x8_held_out_seed14512003_signed_difference_e0_minus_e1,ieee14_structural_group_01_realization_02_seed_14202_8x8,ieee14,ieee14_structural_group_01,2,14512003.0,signed_difference_e0_minus_e1,balanced_magnitude,-5.605868800723343e-05,0.0001171649129398,0.000173223600947,3.0900402257847466,true,1e-06,false,tie,true
ieee14_structural_group_01_realization_02_seed_14202_8x8_held_out_seed14512003_signed_difference_e0_minus_e1,ieee14_structural_group_01_realization_02_seed_14202_8x8,ieee14,ieee14_structural_group_01,2,14512003.0,signed_difference_e0_minus_e1,sensitivity_initial_mean,-5.605868800723343e-05,0.0001171649129398,0.000173223600947,3.0900402257847466,true,1e-06,false,tie,true
ieee14_structural_group_01_realization_02_seed_14202_8x8_held_out_seed14512004_aggregate_e0_to_e3,ieee14_structural_group_01_realization_02_seed_14202_8x8,ieee14,ieee14_structural_group_01,2,14512004.0,aggregate_e0_to_e3,balanced_magnitude,-0.0001518078893884,-0.0001243768383588,2.7431051029657132e-05,0.1806958198296283,true,1e-06,false,tie,true
ieee14_structural_group_01_realization_02_seed_14202_8x8_held_out_seed14512004_aggregate_e0_to_e3,ieee14_structural_group_01_realization_02_seed_14202_8x8,ieee14,ieee14_structural_group_01,2,14512004.0,aggregate_e0_to_e3,sensitivity_initial_mean,-0.0001518078893884,-0.0001243768383588,2.7431051029657132e-05,0.1806958198296283,true,1e-06,false,tie,true
ieee14_structural_group_01_realization_02_seed_14202_8x8_held_out_seed14512004_coordinate_e0,ieee14_structural_group_01_realization_02_seed_14202_8x8,ieee14,ieee14_structural_group_01,2,14512004.0,coordinate_e0,balanced_magnitude,-0.0001055907459927,-0.0001055907459927,3.7947076036992655e-19,3.5937880427127955e-15,false,1e-06,false,tie,true
ieee14_structural_group_01_realization_02_seed_14202_8x8_held_out_seed14512004_coordinate_e0,ieee14_structural_group_01_realization_02_seed_14202_8x8,ieee14,ieee14_structural_group_01,2,14512004.0,coordinate_e0,sensitivity_initial_mean,-0.0001055907459927,-0.0001055907459927,3.7947076036992655e-19,3.5937880427127955e-15,false,1e-06,false,tie,true
ieee14_structural_group_01_realization_02_seed_14202_8x8_held_out_seed14512004_signed_difference_e0_minus_e1,ieee14_structural_group_01_realization_02_seed_14202_8x8,ieee14,ieee14_structural_group_01,2,14512004.0,signed_difference_e0_minus_e1,balanced_magnitude,-0.000175448427632,-0.0001561058427193,1.9342584912742744e-05,0.1102465560609377,true,1e-06,false,tie,true
ieee14_structural_group_01_realization_02_seed_14202_8x8_held_out_seed14512004_signed_difference_e0_minus_e1,ieee14_structural_group_01_realization_02_seed_14202_8x8,ieee14,ieee14_structural_group_01,2,14512004.0,signed_difference_e0_minus_e1,sensitivity_initial_mean,-0.000175448427632,-0.0001561058427193,1.9342584912742744e-05,0.1102465560609377,true,1e-06,false,tie,true
ieee14_structural_group_01_realization_02_seed_14202_8x8_held_out_seed14512005_aggregate_e0_to_e3,ieee14_structural_group_01_realization_02_seed_14202_8x8,ieee14,ieee14_structural_group_01,2,14512005.0,aggregate_e0_to_e3,balanced_magnitude,-0.0011751342724864,-0.0011521076826569,2.302658982946413e-05,0.0195948585353939,false,1e-06,false,tie,true
ieee14_structural_group_01_realization_02_seed_14202_8x8_held_out_seed14512005_aggregate_e0_to_e3,ieee14_structural_group_01_realization_02_seed_14202_8x8,ieee14,ieee14_structural_group_01,2,14512005.0,aggregate_e0_to_e3,sensitivity_initial_mean,-0.0011751342724864,-0.0011521076826569,2.302658982946413e-05,0.0195948585353939,false,1e-06,false,tie,true
ieee14_structural_group_01_realization_02_seed_14202_8x8_held_out_seed14512005_coordinate_e0,ieee14_structural_group_01_realization_02_seed_14202_8x8,ieee14,ieee14_structural_group_01,2,14512005.0,coordinate_e0,balanced_magnitude,-0.0003253585920361,-0.0003253585920361,4.87890977618477e-19,1.499548466094644e-15,false,1e-06,false,tie,true
ieee14_structural_group_01_realization_02_seed_14202_8x8_held_out_seed14512005_coordinate_e0,ieee14_structural_group_01_realization_02_seed_14202_8x8,ieee14,ieee14_structural_group_01,2,14512005.0,coordinate_e0,sensitivity_initial_mean,-0.0003253585920361,-0.0003253585920361,4.87890977618477e-19,1.499548466094644e-15,false,1e-06,false,tie,true
ieee14_structural_group_01_realization_02_seed_14202_8x8_held_out_seed14512005_signed_difference_e0_minus_e1,ieee14_structural_group_01_realization_02_seed_14202_8x8,ieee14,ieee14_structural_group_01,2,14512005.0,signed_difference_e0_minus_e1,balanced_magnitude,-0.0006521835282064,-0.0006896534663746,3.746993816814716e-05,0.0574530581463618,false,1e-06,false,tie,true
ieee14_structural_group_01_realization_02_seed_14202_8x8_held_out_seed14512005_signed_difference_e0_minus_e1,ieee14_structural_group_01_realization_02_seed_14202_8x8,ieee14,ieee14_structural_group_01,2,14512005.0,signed_difference_e0_minus_e1,sensitivity_initial_mean,-0.0006521835282064,-0.0006896534663746,3.746993816814716e-05,0.0574530581463618,false,1e-06,false,tie,true
ieee14_structural_group_01_realization_02_seed_14202_8x8_held_out_seed14512006_aggregate_e0_to_e3,ieee14_structural_group_01_realization_02_seed_14202_8x8,ieee14,ieee14_structural_group_01,2,14512006.0,aggregate_e0_to_e3,balanced_magnitude,-0.0008264345604448,-0.0007498876991966,7.654686124820712e-05,0.0926230156771363,false,1e-06,false,tie,true
ieee14_structural_group_01_realization_02_seed_14202_8x8_held_out_seed14512006_aggregate_e0_to_e3,ieee14_structural_group_01_realization_02_seed_14202_8x8,ieee14,ieee14_structural_group_01,2,14512006.0,aggregate_e0_to_e3,sensitivity_initial_mean,-0.0008264345604448,-0.0007498876991966,7.654686124820712e-05,0.0926230156771363,false,1e-06,false,tie,true
ieee14_structural_group_01_realization_02_seed_14202_8x8_held_out_seed14512006_coordinate_e0,ieee14_structural_group_01_realization_02_seed_14202_8x8,ieee14,ieee14_structural_group_01,2,14512006.0,coordinate_e0,balanced_magnitude,-8.352862820637471e-06,-8.352862820637336e-06,1.3552527156068805e-19,1.6225008655217575e-14,false,1e-06,false,tie,true
ieee14_structural_group_01_realization_02_seed_14202_8x8_held_out_seed14512006_coordinate_e0,ieee14_structural_group_01_realization_02_seed_14202_8x8,ieee14,ieee14_structural_group_01,2,14512006.0,coordinate_e0,sensitivity_initial_mean,-8.352862820637471e-06,-8.352862820637336e-06,1.3552527156068805e-19,1.6225008655217575e-14,false,1e-06,false,tie,true
ieee14_structural_group_01_realization_02_seed_14202_8x8_held_out_seed14512006_signed_difference_e0_minus_e1,ieee14_structural_group_01_realization_02_seed_14202_8x8,ieee14,ieee14_structural_group_01,2,14512006.0,signed_difference_e0_minus_e1,balanced_magnitude,0.0020094475891143,0.0019968491533961,1.2598435718216665e-05,0.0062696015494333,false,1e-06,false,tie,true
ieee14_structural_group_01_realization_02_seed_14202_8x8_held_out_seed14512006_signed_difference_e0_minus_e1,ieee14_structural_group_01_realization_02_seed_14202_8x8,ieee14,ieee14_structural_group_01,2,14512006.0,signed_difference_e0_minus_e1,sensitivity_initial_mean,0.0020094475891143,0.0019968491533961,1.2598435718216665e-05,0.0062696015494333,false,1e-06,false,tie,true
ieee14_structural_group_01_realization_02_seed_14202_8x8_held_out_seed14512007_aggregate_e0_to_e3,ieee14_structural_group_01_realization_02_seed_14202_8x8,ieee14,ieee14_structural_group_01,2,14512007.0,aggregate_e0_to_e3,balanced_magnitude,0.0012946961706572,0.001064328544396,0.0002303676262611,0.1779318047601943,true,1e-06,false,tie,true
ieee14_structural_group_01_realization_02_seed_14202_8x8_held_out_seed14512007_aggregate_e0_to_e3,ieee14_structural_group_01_realization_02_seed_14202_8x8,ieee14,ieee14_structural_group_01,2,14512007.0,aggregate_e0_to_e3,sensitivity_initial_mean,0.0012946961706572,0.001064328544396,0.0002303676262611,0.1779318047601943,true,1e-06,false,tie,true
ieee14_structural_group_01_realization_02_seed_14202_8x8_held_out_seed14512007_coordinate_e0,ieee14_structural_group_01_realization_02_seed_14202_8x8,ieee14,ieee14_structural_group_01,2,14512007.0,coordinate_e0,balanced_magnitude,-2.6822395665351735e-05,-2.682239566535147e-05,2.642742795433417e-19,9.852747041708966e-15,false,1e-06,false,tie,true
ieee14_structural_group_01_realization_02_seed_14202_8x8_held_out_seed14512007_coordinate_e0,ieee14_structural_group_01_realization_02_seed_14202_8x8,ieee14,ieee14_structural_group_01,2,14512007.0,coordinate_e0,sensitivity_initial_mean,-2.6822395665351735e-05,-2.682239566535147e-05,2.642742795433417e-19,9.852747041708966e-15,false,1e-06,false,tie,true
ieee14_structural_group_01_realization_02_seed_14202_8x8_held_out_seed14512007_signed_difference_e0_minus_e1,ieee14_structural_group_01_realization_02_seed_14202_8x8,ieee14,ieee14_structural_group_01,2,14512007.0,signed_difference_e0_minus_e1,balanced_magnitude,-0.0006096332539899,-0.0005603053188538,4.932793513608407e-05,0.0809141148604376,false,1e-06,false,tie,true
ieee14_structural_group_01_realization_02_seed_14202_8x8_held_out_seed14512007_signed_difference_e0_minus_e1,ieee14_structural_group_01_realization_02_seed_14202_8x8,ieee14,ieee14_structural_group_01,2,14512007.0,signed_difference_e0_minus_e1,sensitivity_initial_mean,-0.0006096332539899,-0.0005603053188538,4.932793513608407e-05,0.0809141148604376,false,1e-06,false,tie,true
ieee14_structural_group_01_realization_02_seed_14202_8x8_held_out_seed14512008_aggregate_e0_to_e3,ieee14_structural_group_01_realization_02_seed_14202_8x8,ieee14,ieee14_structural_group_01,2,14512008.0,aggregate_e0_to_e3,balanced_magnitude,-0.0003146966438048,-0.0004837880753494,0.0001690914315446,0.5373156494465092,true,1e-06,false,tie,true
ieee14_structural_group_01_realization_02_seed_14202_8x8_held_out_seed14512008_aggregate_e0_to_e3,ieee14_structural_group_01_realization_02_seed_14202_8x8,ieee14,ieee14_structural_group_01,2,14512008.0,aggregate_e0_to_e3,sensitivity_initial_mean,-0.0003146966438048,-0.0004837880753494,0.0001690914315446,0.5373156494465092,true,1e-06,false,tie,true
ieee14_structural_group_01_realization_02_seed_14202_8x8_held_out_seed14512008_coordinate_e0,ieee14_structural_group_01_realization_02_seed_14202_8x8,ieee14,ieee14_structural_group_01,2,14512008.0,coordinate_e0,balanced_magnitude,-0.0002369100337786,-0.0002369100337786,2.1684043449710093e-19,9.15285988687483e-16,false,1e-06,false,tie,true
ieee14_structural_group_01_realization_02_seed_14202_8x8_held_out_seed14512008_coordinate_e0,ieee14_structural_group_01_realization_02_seed_14202_8x8,ieee14,ieee14_structural_group_01,2,14512008.0,coordinate_e0,sensitivity_initial_mean,-0.0002369100337786,-0.0002369100337786,2.1684043449710093e-19,9.15285988687483e-16,false,1e-06,false,tie,true
ieee14_structural_group_01_realization_02_seed_14202_8x8_held_out_seed14512008_signed_difference_e0_minus_e1,ieee14_structural_group_01_realization_02_seed_14202_8x8,ieee14,ieee14_structural_group_01,2,14512008.0,signed_difference_e0_minus_e1,balanced_magnitude,0.0003911904887295,0.0004308274964702,3.9637007740740584e-05,0.1013240579275606,true,1e-06,false,tie,true
ieee14_structural_group_01_realization_02_seed_14202_8x8_held_out_seed14512008_signed_difference_e0_minus_e1,ieee14_structural_group_01_realization_02_seed_14202_8x8,ieee14,ieee14_structural_group_01,2,14512008.0,signed_difference_e0_minus_e1,sensitivity_initial_mean,0.0003911904887295,0.0004308274964702,3.9637007740740584e-05,0.1013240579275606,true,1e-06,false,tie,true
ieee14_structural_group_01_realization_02_seed_14202_8x8_held_out_seed14512009_aggregate_e0_to_e3,ieee14_structural_group_01_realization_02_seed_14202_8x8,ieee14,ieee14_structural_group_01,2,14512009.0,aggregate_e0_to_e3,balanced_magnitude,-0.0016414754333009,-0.0013697934231947,0.0002716820101062,0.1655108596781686,true,1e-06,false,tie,true
ieee14_structural_group_01_realization_02_seed_14202_8x8_held_out_seed14512009_aggregate_e0_to_e3,ieee14_structural_group_01_realization_02_seed_14202_8x8,ieee14,ieee14_structural_group_01,2,14512009.0,aggregate_e0_to_e3,sensitivity_initial_mean,-0.0016414754333009,-0.0013697934231947,0.0002716820101062,0.1655108596781686,true,1e-06,false,tie,true
ieee14_structural_group_01_realization_02_seed_14202_8x8_held_out_seed14512009_coordinate_e0,ieee14_structural_group_01_realization_02_seed_14202_8x8,ieee14,ieee14_structural_group_01,2,14512009.0,coordinate_e0,balanced_magnitude,-0.0002718331215423,-0.0002718331215423,2.1684043449710093e-19,7.976968857465179e-16,false,1e-06,false,tie,true
ieee14_structural_group_01_realization_02_seed_14202_8x8_held_out_seed14512009_coordinate_e0,ieee14_structural_group_01_realization_02_seed_14202_8x8,ieee14,ieee14_structural_group_01,2,14512009.0,coordinate_e0,sensitivity_initial_mean,-0.0002718331215423,-0.0002718331215423,2.1684043449710093e-19,7.976968857465179e-16,false,1e-06,false,tie,true
ieee14_structural_group_01_realization_02_seed_14202_8x8_held_out_seed14512009_signed_difference_e0_minus_e1,ieee14_structural_group_01_realization_02_seed_14202_8x8,ieee14,ieee14_structural_group_01,2,14512009.0,signed_difference_e0_minus_e1,balanced_magnitude,-0.0009668712297706,-0.0010317233451786,6.485211540798645e-05,0.067074201208129,false,1e-06,false,tie,true
ieee14_structural_group_01_realization_02_seed_14202_8x8_held_out_seed14512009_signed_difference_e0_minus_e1,ieee14_structural_group_01_realization_02_seed_14202_8x8,ieee14,ieee14_structural_group_01,2,14512009.0,signed_difference_e0_minus_e1,sensitivity_initial_mean,-0.0009668712297706,-0.0010317233451786,6.485211540798645e-05,0.067074201208129,false,1e-06,false,tie,true
ieee14_structural_group_01_realization_02_seed_14202_8x8_held_out_seed14512010_aggregate_e0_to_e3,ieee14_structural_group_01_realization_02_seed_14202_8x8,ieee14,ieee14_structural_group_01,2,14512010.0,aggregate_e0_to_e3,balanced_magnitude,0.0037003987420829,0.0035701843932718,0.0001302143488111,0.0351892749638747,false,1e-06,false,tie,true
ieee14_structural_group_01_realization_02_seed_14202_8x8_held_out_seed14512010_aggregate_e0_to_e3,ieee14_structural_group_01_realization_02_seed_14202_8x8,ieee14,ieee14_structural_group_01,2,14512010.0,aggregate_e0_to_e3,sensitivity_initial_mean,0.0037003987420829,0.0035701843932718,0.0001302143488111,0.0351892749638747,false,1e-06,false,tie,true
ieee14_structural_group_01_realization_02_seed_14202_8x8_held_out_seed14512010_coordinate_e0,ieee14_structural_group_01_realization_02_seed_14202_8x8,ieee14,ieee14_structural_group_01,2,14512010.0,coordinate_e0,balanced_magnitude,0.000279533583196,0.000279533583196,3.2526065174565133e-19,1.1635834522162716e-15,false,1e-06,false,tie,true
ieee14_structural_group_01_realization_02_seed_14202_8x8_held_out_seed14512010_coordinate_e0,ieee14_structural_group_01_realization_02_seed_14202_8x8,ieee14,ieee14_structural_group_01,2,14512010.0,coordinate_e0,sensitivity_initial_mean,0.000279533583196,0.000279533583196,3.2526065174565133e-19,1.1635834522162716e-15,false,1e-06,false,tie,true
ieee14_structural_group_01_realization_02_seed_14202_8x8_held_out_seed14512010_signed_difference_e0_minus_e1,ieee14_structural_group_01_realization_02_seed_14202_8x8,ieee14,ieee14_structural_group_01,2,14512010.0,signed_difference_e0_minus_e1,balanced_magnitude,0.0007098793051599,0.0007207925608459,1.0913255685932478e-05,0.0153733960218393,false,1e-06,false,tie,true
ieee14_structural_group_01_realization_02_seed_14202_8x8_held_out_seed14512010_signed_difference_e0_minus_e1,ieee14_structural_group_01_realization_02_seed_14202_8x8,ieee14,ieee14_structural_group_01,2,14512010.0,signed_difference_e0_minus_e1,sensitivity_initial_mean,0.0007098793051599,0.0007207925608459,1.0913255685932478e-05,0.0153733960218393,false,1e-06,false,tie,true
ieee14_structural_group_01_realization_02_seed_14202_8x8_held_out_seed14512011_aggregate_e0_to_e3,ieee14_structural_group_01_realization_02_seed_14202_8x8,ieee14,ieee14_structural_group_01,2,14512011.0,aggregate_e0_to_e3,balanced_magnitude,0.0003507246182944,0.0004951317092271,0.0001444070909326,0.4117392489721887,true,1e-06,false,tie,true
ieee14_structural_group_01_realization_02_seed_14202_8x8_held_out_seed14512011_aggregate_e0_to_e3,ieee14_structural_group_01_realization_02_seed_14202_8x8,ieee14,ieee14_structural_group_01,2,14512011.0,aggregate_e0_to_e3,sensitivity_initial_mean,0.0003507246182944,0.0004951317092271,0.0001444070909326,0.4117392489721887,true,1e-06,false,tie,true
ieee14_structural_group_01_realization_02_seed_14202_8x8_held_out_seed14512011_coordinate_e0,ieee14_structural_group_01_realization_02_seed_14202_8x8,ieee14,ieee14_structural_group_01,2,14512011.0,coordinate_e0,balanced_magnitude,-3.3914195066795766e-05,-3.391419506679544e-05,3.2526065174565133e-19,9.59069354602206e-15,false,1e-06,false,tie,true
ieee14_structural_group_01_realization_02_seed_14202_8x8_held_out_seed14512011_coordinate_e0,ieee14_structural_group_01_realization_02_seed_14202_8x8,ieee14,ieee14_structural_group_01,2,14512011.0,coordinate_e0,sensitivity_initial_mean,-3.3914195066795766e-05,-3.391419506679544e-05,3.2526065174565133e-19,9.59069354602206e-15,false,1e-06,false,tie,true
ieee14_structural_group_01_realization_02_seed_14202_8x8_held_out_seed14512011_signed_difference_e0_minus_e1,ieee14_structural_group_01_realization_02_seed_14202_8x8,ieee14,ieee14_structural_group_01,2,14512011.0,signed_difference_e0_minus_e1,balanced_magnitude,-0.000342119893968,-0.0003919489399618,4.982904599388566e-05,0.1456479055221068,true,1e-06,false,tie,true
ieee14_structural_group_01_realization_02_seed_14202_8x8_held_out_seed14512011_signed_difference_e0_minus_e1,ieee14_structural_group_01_realization_02_seed_14202_8x8,ieee14,ieee14_structural_group_01,2,14512011.0,signed_difference_e0_minus_e1,sensitivity_initial_mean,-0.000342119893968,-0.0003919489399618,4.982904599388566e-05,0.1456479055221068,true,1e-06,false,tie,true
ieee14_structural_group_01_realization_02_seed_14202_8x8_held_out_seed14512012_aggregate_e0_to_e3,ieee14_structural_group_01_realization_02_seed_14202_8x8,ieee14,ieee14_structural_group_01,2,14512012.0,aggregate_e0_to_e3,balanced_magnitude,0.0026228721789737,0.0025413479087294,8.152427024427783e-05,0.0310820599256862,false,1e-06,false,tie,true
ieee14_structural_group_01_realization_02_seed_14202_8x8_held_out_seed14512012_aggregate_e0_to_e3,ieee14_structural_group_01_realization_02_seed_14202_8x8,ieee14,ieee14_structural_group_01,2,14512012.0,aggregate_e0_to_e3,sensitivity_initial_mean,0.0026228721789737,0.0025413479087294,8.152427024427783e-05,0.0310820599256862,false,1e-06,false,tie,true
ieee14_structural_group_01_realization_02_seed_14202_8x8_held_out_seed14512012_coordinate_e0,ieee14_structural_group_01_realization_02_seed_14202_8x8,ieee14,ieee14_structural_group_01,2,14512012.0,coordinate_e0,balanced_magnitude,-4.5749738349764425e-05,-4.57497383497644e-05,2.710505431213761e-20,5.924635919207871e-16,false,1e-06,false,tie,true
ieee14_structural_group_01_realization_02_seed_14202_8x8_held_out_seed14512012_coordinate_e0,ieee14_structural_group_01_realization_02_seed_14202_8x8,ieee14,ieee14_structural_group_01,2,14512012.0,coordinate_e0,sensitivity_initial_mean,-4.5749738349764425e-05,-4.57497383497644e-05,2.710505431213761e-20,5.924635919207871e-16,false,1e-06,false,tie,true
ieee14_structural_group_01_realization_02_seed_14202_8x8_held_out_seed14512012_signed_difference_e0_minus_e1,ieee14_structural_group_01_realization_02_seed_14202_8x8,ieee14,ieee14_structural_group_01,2,14512012.0,signed_difference_e0_minus_e1,balanced_magnitude,0.0002810725648856,0.0003052553834829,2.4182818597330796e-05,0.0860376344705518,false,1e-06,false,tie,true
ieee14_structural_group_01_realization_02_seed_14202_8x8_held_out_seed14512012_signed_difference_e0_minus_e1,ieee14_structural_group_01_realization_02_seed_14202_8x8,ieee14,ieee14_structural_group_01,2,14512012.0,signed_difference_e0_minus_e1,sensitivity_initial_mean,0.0002810725648856,0.0003052553834829,2.4182818597330796e-05,0.0860376344705518,false,1e-06,false,tie,true
ieee14_structural_group_01_realization_02_seed_14202_8x8_held_out_seed14512013_aggregate_e0_to_e3,ieee14_structural_group_01_realization_02_seed_14202_8x8,ieee14,ieee14_structural_group_01,2,14512013.0,aggregate_e0_to_e3,balanced_magnitude,0.0049919518668968,0.0046102068539042,0.0003817450129925,0.0764720941169442,false,1e-06,false,tie,true
ieee14_structural_group_01_realization_02_seed_14202_8x8_held_out_seed14512013_aggregate_e0_to_e3,ieee14_structural_group_01_realization_02_seed_14202_8x8,ieee14,ieee14_structural_group_01,2,14512013.0,aggregate_e0_to_e3,sensitivity_initial_mean,0.0049919518668968,0.0046102068539042,0.0003817450129925,0.0764720941169442,false,1e-06,false,tie,true
ieee14_structural_group_01_realization_02_seed_14202_8x8_held_out_seed14512013_coordinate_e0,ieee14_structural_group_01_realization_02_seed_14202_8x8,ieee14,ieee14_structural_group_01,2,14512013.0,coordinate_e0,balanced_magnitude,0.0003493102232437,0.0003493102232437,6.505213034913029e-19,1.8623025042052324e-15,false,1e-06,false,tie,true
ieee14_structural_group_01_realization_02_seed_14202_8x8_held_out_seed14512013_coordinate_e0,ieee14_structural_group_01_realization_02_seed_14202_8x8,ieee14,ieee14_structural_group_01,2,14512013.0,coordinate_e0,sensitivity_initial_mean,0.0003493102232437,0.0003493102232437,6.505213034913029e-19,1.8623025042052324e-15,false,1e-06,false,tie,true
ieee14_structural_group_01_realization_02_seed_14202_8x8_held_out_seed14512013_signed_difference_e0_minus_e1,ieee14_structural_group_01_realization_02_seed_14202_8x8,ieee14,ieee14_structural_group_01,2,14512013.0,signed_difference_e0_minus_e1,balanced_magnitude,4.409075798509585e-05,0.0001056024262344,6.151166824935013e-05,1.3951147827883368,true,1e-06,false,tie,true
ieee14_structural_group_01_realization_02_seed_14202_8x8_held_out_seed14512013_signed_difference_e0_minus_e1,ieee14_structural_group_01_realization_02_seed_14202_8x8,ieee14,ieee14_structural_group_01,2,14512013.0,signed_difference_e0_minus_e1,sensitivity_initial_mean,4.409075798509585e-05,0.0001056024262344,6.151166824935013e-05,1.3951147827883368,true,1e-06,false,tie,true
ieee14_structural_group_01_realization_02_seed_14202_8x8_held_out_seed14512014_aggregate_e0_to_e3,ieee14_structural_group_01_realization_02_seed_14202_8x8,ieee14,ieee14_structural_group_01,2,14512014.0,aggregate_e0_to_e3,balanced_magnitude,-8.356166786340023e-05,0.0002522385004819,0.0003358001683453,4.018591023030859,true,1e-06,false,tie,true
ieee14_structural_group_01_realization_02_seed_14202_8x8_held_out_seed14512014_aggregate_e0_to_e3,ieee14_structural_group_01_realization_02_seed_14202_8x8,ieee14,ieee14_structural_group_01,2,14512014.0,aggregate_e0_to_e3,sensitivity_initial_mean,-8.356166786340023e-05,0.0002522385004819,0.0003358001683453,4.018591023030859,true,1e-06,false,tie,true
ieee14_structural_group_01_realization_02_seed_14202_8x8_held_out_seed14512014_coordinate_e0,ieee14_structural_group_01_realization_02_seed_14202_8x8,ieee14,ieee14_structural_group_01,2,14512014.0,coordinate_e0,balanced_magnitude,0.0002633295011586,0.0002633295011586,5.421010862427522e-20,2.0586416784203983e-16,false,1e-06,false,tie,true
ieee14_structural_group_01_realization_02_seed_14202_8x8_held_out_seed14512014_coordinate_e0,ieee14_structural_group_01_realization_02_seed_14202_8x8,ieee14,ieee14_structural_group_01,2,14512014.0,coordinate_e0,sensitivity_initial_mean,0.0002633295011586,0.0002633295011586,5.421010862427522e-20,2.0586416784203983e-16,false,1e-06,false,tie,true
ieee14_structural_group_01_realization_02_seed_14202_8x8_held_out_seed14512014_signed_difference_e0_minus_e1,ieee14_structural_group_01_realization_02_seed_14202_8x8,ieee14,ieee14_structural_group_01,2,14512014.0,signed_difference_e0_minus_e1,balanced_magnitude,-0.000804665352129,-0.0009049736730433,0.0001003083209142,0.1246584317925856,true,1e-06,false,tie,true
ieee14_structural_group_01_realization_02_seed_14202_8x8_held_out_seed14512014_signed_difference_e0_minus_e1,ieee14_structural_group_01_realization_02_seed_14202_8x8,ieee14,ieee14_structural_group_01,2,14512014.0,signed_difference_e0_minus_e1,sensitivity_initial_mean,-0.000804665352129,-0.0009049736730433,0.0001003083209142,0.1246584317925856,true,1e-06,false,tie,true
ieee14_structural_group_01_realization_02_seed_14202_8x8_held_out_seed14512015_aggregate_e0_to_e3,ieee14_structural_group_01_realization_02_seed_14202_8x8,ieee14,ieee14_structural_group_01,2,14512015.0,aggregate_e0_to_e3,balanced_magnitude,0.0004016364753549,0.0005521692854752,0.0001505328101203,0.3747986534025114,true,1e-06,false,tie,true
ieee14_structural_group_01_realization_02_seed_14202_8x8_held_out_seed14512015_aggregate_e0_to_e3,ieee14_structural_group_01_realization_02_seed_14202_8x8,ieee14,ieee14_structural_group_01,2,14512015.0,aggregate_e0_to_e3,sensitivity_initial_mean,0.0004016364753549,0.0005521692854752,0.0001505328101203,0.3747986534025114,true,1e-06,false,tie,true
ieee14_structural_group_01_realization_02_seed_14202_8x8_held_out_seed14512015_coordinate_e0,ieee14_structural_group_01_realization_02_seed_14202_8x8,ieee14,ieee14_structural_group_01,2,14512015.0,coordinate_e0,balanced_magnitude,0.0005033843375306,0.0005033843375306,1.0842021724855044e-19,2.153825798005779e-16,false,1e-06,false,tie,true
ieee14_structural_group_01_realization_02_seed_14202_8x8_held_out_seed14512015_coordinate_e0,ieee14_structural_group_01_realization_02_seed_14202_8x8,ieee14,ieee14_structural_group_01,2,14512015.0,coordinate_e0,sensitivity_initial_mean,0.0005033843375306,0.0005033843375306,1.0842021724855044e-19,2.153825798005779e-16,false,1e-06,false,tie,true
ieee14_structural_group_01_realization_02_seed_14202_8x8_held_out_seed14512015_signed_difference_e0_minus_e1,ieee14_structural_group_01_realization_02_seed_14202_8x8,ieee14,ieee14_structural_group_01,2,14512015.0,signed_difference_e0_minus_e1,balanced_magnitude,-0.0006998589297032,-0.0007329975468564,3.3138617153159354e-05,0.0473504241307734,false,1e-06,false,tie,true
ieee14_structural_group_01_realization_02_seed_14202_8x8_held_out_seed14512015_signed_difference_e0_minus_e1,ieee14_structural_group_01_realization_02_seed_14202_8x8,ieee14,ieee14_structural_group_01,2,14512015.0,signed_difference_e0_minus_e1,sensitivity_initial_mean,-0.0006998589297032,-0.0007329975468564,3.3138617153159354e-05,0.0473504241307734,false,1e-06,false,tie,true
ieee14_structural_group_01_realization_02_seed_14202_8x8_held_out_seed14512016_aggregate_e0_to_e3,ieee14_structural_group_01_realization_02_seed_14202_8x8,ieee14,ieee14_structural_group_01,2,14512016.0,aggregate_e0_to_e3,balanced_magnitude,0.0009473204901792,0.0007828827423823,0.0001644377477968,0.1735819603835884,true,1e-06,false,tie,true
ieee14_structural_group_01_realization_02_seed_14202_8x8_held_out_seed14512016_aggregate_e0_to_e3,ieee14_structural_group_01_realization_02_seed_14202_8x8,ieee14,ieee14_structural_group_01,2,14512016.0,aggregate_e0_to_e3,sensitivity_initial_mean,0.0009473204901792,0.0007828827423823,0.0001644377477968,0.1735819603835884,true,1e-06,false,tie,true
ieee14_structural_group_01_realization_02_seed_14202_8x8_held_out_seed14512016_coordinate_e0,ieee14_structural_group_01_realization_02_seed_14202_8x8,ieee14,ieee14_structural_group_01,2,14512016.0,coordinate_e0,balanced_magnitude,4.9585137148816955e-05,4.95851371488169e-05,5.421010862427522e-20,1.093273342404552e-15,false,1e-06,false,tie,true
ieee14_structural_group_01_realization_02_seed_14202_8x8_held_out_seed14512016_coordinate_e0,ieee14_structural_group_01_realization_02_seed_14202_8x8,ieee14,ieee14_structural_group_01,2,14512016.0,coordinate_e0,sensitivity_initial_mean,4.9585137148816955e-05,4.95851371488169e-05,5.421010862427522e-20,1.093273342404552e-15,false,1e-06,false,tie,true
ieee14_structural_group_01_realization_02_seed_14202_8x8_held_out_seed14512016_signed_difference_e0_minus_e1,ieee14_structural_group_01_realization_02_seed_14202_8x8,ieee14,ieee14_structural_group_01,2,14512016.0,signed_difference_e0_minus_e1,balanced_magnitude,-0.0004978481546144,-0.0004532166868717,4.463146774270189e-05,0.0896487560092811,false,1e-06,false,tie,true
ieee14_structural_group_01_realization_02_seed_14202_8x8_held_out_seed14512016_signed_difference_e0_minus_e1,ieee14_structural_group_01_realization_02_seed_14202_8x8,ieee14,ieee14_structural_group_01,2,14512016.0,signed_difference_e0_minus_e1,sensitivity_initial_mean,-0.0004978481546144,-0.0004532166868717,4.463146774270189e-05,0.0896487560092811,false,1e-06,false,tie,true
ieee14_structural_group_01_realization_02_seed_14202_8x8_held_out_seed14512017_aggregate_e0_to_e3,ieee14_structural_group_01_realization_02_seed_14202_8x8,ieee14,ieee14_structural_group_01,2,14512017.0,aggregate_e0_to_e3,balanced_magnitude,0.0019491158595097,0.0017472701125279,0.0002018457469817,0.1035575930476023,true,1e-06,false,tie,true
ieee14_structural_group_01_realization_02_seed_14202_8x8_held_out_seed14512017_aggregate_e0_to_e3,ieee14_structural_group_01_realization_02_seed_14202_8x8,ieee14,ieee14_structural_group_01,2,14512017.0,aggregate_e0_to_e3,sensitivity_initial_mean,0.0019491158595097,0.0017472701125279,0.0002018457469817,0.1035575930476023,true,1e-06,false,tie,true
ieee14_structural_group_01_realization_02_seed_14202_8x8_held_out_seed14512017_coordinate_e0,ieee14_structural_group_01_realization_02_seed_14202_8x8,ieee14,ieee14_structural_group_01,2,14512017.0,coordinate_e0,balanced_magnitude,-0.0002461106013824,-0.0002461106013824,2.710505431213761e-19,1.101336316269466e-15,false,1e-06,false,tie,true
ieee14_structural_group_01_realization_02_seed_14202_8x8_held_out_seed14512017_coordinate_e0,ieee14_structural_group_01_realization_02_seed_14202_8x8,ieee14,ieee14_structural_group_01,2,14512017.0,coordinate_e0,sensitivity_initial_mean,-0.0002461106013824,-0.0002461106013824,2.710505431213761e-19,1.101336316269466e-15,false,1e-06,false,tie,true
ieee14_structural_group_01_realization_02_seed_14202_8x8_held_out_seed14512017_signed_difference_e0_minus_e1,ieee14_structural_group_01_realization_02_seed_14202_8x8,ieee14,ieee14_structural_group_01,2,14512017.0,signed_difference_e0_minus_e1,balanced_magnitude,-0.0014395116761408,-0.0013841147473781,5.539692876272784e-05,0.0384831395819168,false,1e-06,false,tie,true
ieee14_structural_group_01_realization_02_seed_14202_8x8_held_out_seed14512017_signed_difference_e0_minus_e1,ieee14_structural_group_01_realization_02_seed_14202_8x8,ieee14,ieee14_structural_group_01,2,14512017.0,signed_difference_e0_minus_e1,sensitivity_initial_mean,-0.0014395116761408,-0.0013841147473781,5.539692876272784e-05,0.0384831395819168,false,1e-06,false,tie,true
ieee14_structural_group_01_realization_02_seed_14202_8x8_held_out_seed14512018_aggregate_e0_to_e3,ieee14_structural_group_01_realization_02_seed_14202_8x8,ieee14,ieee14_structural_group_01,2,14512018.0,aggregate_e0_to_e3,balanced_magnitude,-0.0015010041591754,-0.0009776558097723,0.000523348349403,0.3486654891686268,true,1e-06,false,tie,true
ieee14_structural_group_01_realization_02_seed_14202_8x8_held_out_seed14512018_aggregate_e0_to_e3,ieee14_structural_group_01_realization_02_seed_14202_8x8,ieee14,ieee14_structural_group_01,2,14512018.0,aggregate_e0_to_e3,sensitivity_initial_mean,-0.0015010041591754,-0.0009776558097723,0.000523348349403,0.3486654891686268,true,1e-06,false,tie,true
ieee14_structural_group_01_realization_02_seed_14202_8x8_held_out_seed14512018_coordinate_e0,ieee14_structural_group_01_realization_02_seed_14202_8x8,ieee14,ieee14_structural_group_01,2,14512018.0,coordinate_e0,balanced_magnitude,0.0002190819896193,0.0002190819896193,2.1684043449710093e-19,9.897684190010161e-16,false,1e-06,false,tie,true
ieee14_structural_group_01_realization_02_seed_14202_8x8_held_out_seed14512018_coordinate_e0,ieee14_structural_group_01_realization_02_seed_14202_8x8,ieee14,ieee14_structural_group_01,2,14512018.0,coordinate_e0,sensitivity_initial_mean,0.0002190819896193,0.0002190819896193,2.1684043449710093e-19,9.897684190010161e-16,false,1e-06,false,tie,true
ieee14_structural_group_01_realization_02_seed_14202_8x8_held_out_seed14512018_signed_difference_e0_minus_e1,ieee14_structural_group_01_realization_02_seed_14202_8x8,ieee14,ieee14_structural_group_01,2,14512018.0,signed_difference_e0_minus_e1,balanced_magnitude,0.0008782698823052,0.0007560606063871,0.0001222092759181,0.1391477476119121,true,1e-06,false,tie,true
ieee14_structural_group_01_realization_02_seed_14202_8x8_held_out_seed14512018_signed_difference_e0_minus_e1,ieee14_structural_group_01_realization_02_seed_14202_8x8,ieee14,ieee14_structural_group_01,2,14512018.0,signed_difference_e0_minus_e1,sensitivity_initial_mean,0.0008782698823052,0.0007560606063871,0.0001222092759181,0.1391477476119121,true,1e-06,false,tie,true
ieee14_structural_group_01_realization_02_seed_14202_8x8_held_out_seed14512019_aggregate_e0_to_e3,ieee14_structural_group_01_realization_02_seed_14202_8x8,ieee14,ieee14_structural_group_01,2,14512019.0,aggregate_e0_to_e3,balanced_magnitude,-0.0035240674864516,-0.0031910675667974,0.0003329999196541,0.094493059776639,false,1e-06,false,tie,true
ieee14_structural_group_01_realization_02_seed_14202_8x8_held_out_seed14512019_aggregate_e0_to_e3,ieee14_structural_group_01_realization_02_seed_14202_8x8,ieee14,ieee14_structural_group_01,2,14512019.0,aggregate_e0_to_e3,sensitivity_initial_mean,-0.0035240674864516,-0.0031910675667974,0.0003329999196541,0.094493059776639,false,1e-06,false,tie,true
ieee14_structural_group_01_realization_02_seed_14202_8x8_held_out_seed14512019_coordinate_e0,ieee14_structural_group_01_realization_02_seed_14202_8x8,ieee14,ieee14_structural_group_01,2,14512019.0,coordinate_e0,balanced_magnitude,-0.0005747613614213,-0.0005747613614213,1.0842021724855044e-19,1.8863518762019735e-16,false,1e-06,false,tie,true
ieee14_structural_group_01_realization_02_seed_14202_8x8_held_out_seed14512019_coordinate_e0,ieee14_structural_group_01_realization_02_seed_14202_8x8,ieee14,ieee14_structural_group_01,2,14512019.0,coordinate_e0,sensitivity_initial_mean,-0.0005747613614213,-0.0005747613614213,1.0842021724855044e-19,1.8863518762019735e-16,false,1e-06,false,tie,true
ieee14_structural_group_01_realization_02_seed_14202_8x8_held_out_seed14512019_signed_difference_e0_minus_e1,ieee14_structural_group_01_realization_02_seed_14202_8x8,ieee14,ieee14_structural_group_01,2,14512019.0,signed_difference_e0_minus_e1,balanced_magnitude,-0.0002012182598012,-0.0002785453089634,7.732704916216959e-05,0.3842943937519888,true,1e-06,false,tie,true
ieee14_structural_group_01_realization_02_seed_14202_8x8_held_out_seed14512019_signed_difference_e0_minus_e1,ieee14_structural_group_01_realization_02_seed_14202_8x8,ieee14,ieee14_structural_group_01,2,14512019.0,signed_difference_e0_minus_e1,sensitivity_initial_mean,-0.0002012182598012,-0.0002785453089634,7.732704916216959e-05,0.3842943937519888,true,1e-06,false,tie,true
ieee14_structural_group_02_realization_01_seed_14201_8x8_held_out_seed14522000_aggregate_e0_to_e3,ieee14_structural_group_02_realization_01_seed_14201_8x8,ieee14,ieee14_structural_group_02,1,14522000.0,aggregate_e0_to_e3,balanced_magnitude,-0.0018612034220909,-0.0024461738831889,0.000584970461098,0.3142968974562022,true,1e-06,false,win,true
ieee14_structural_group_02_realization_01_seed_14201_8x8_held_out_seed14522000_aggregate_e0_to_e3,ieee14_structural_group_02_realization_01_seed_14201_8x8,ieee14,ieee14_structural_group_02,1,14522000.0,aggregate_e0_to_e3,sensitivity_initial_mean,-0.0018612034220909,-0.0016664474055488,0.000194756016542,0.1046398336852748,true,1e-06,false,win,true
ieee14_structural_group_02_realization_01_seed_14201_8x8_held_out_seed14522000_coordinate_e0,ieee14_structural_group_02_realization_01_seed_14201_8x8,ieee14,ieee14_structural_group_02,1,14522000.0,coordinate_e0,balanced_magnitude,-0.0112718658036273,-0.0116834076616577,0.0004115418580303,0.0365105356291521,false,1e-06,false,win,true
ieee14_structural_group_02_realization_01_seed_14201_8x8_held_out_seed14522000_coordinate_e0,ieee14_structural_group_02_realization_01_seed_14201_8x8,ieee14,ieee14_structural_group_02,1,14522000.0,coordinate_e0,sensitivity_initial_mean,-0.0112718658036273,-0.011192152969581,7.97128340463242e-05,0.0070718402290303,false,1e-06,false,win,true
ieee14_structural_group_02_realization_01_seed_14201_8x8_held_out_seed14522000_signed_difference_e0_minus_e1,ieee14_structural_group_02_realization_01_seed_14201_8x8,ieee14,ieee14_structural_group_02,1,14522000.0,signed_difference_e0_minus_e1,balanced_magnitude,-0.0083559774551064,-0.0085865121916587,0.0002305347365522,0.027589200400652,false,1e-06,false,win,true
ieee14_structural_group_02_realization_01_seed_14201_8x8_held_out_seed14522000_signed_difference_e0_minus_e1,ieee14_structural_group_02_realization_01_seed_14201_8x8,ieee14,ieee14_structural_group_02,1,14522000.0,signed_difference_e0_minus_e1,sensitivity_initial_mean,-0.0083559774551064,-0.008449337675751,9.336022064460396e-05,0.0111728665073826,false,1e-06,false,win,true
ieee14_structural_group_02_realization_01_seed_14201_8x8_held_out_seed14522001_aggregate_e0_to_e3,ieee14_structural_group_02_realization_01_seed_14201_8x8,ieee14,ieee14_structural_group_02,1,14522001.0,aggregate_e0_to_e3,balanced_magnitude,-0.0021646982088652,-0.0017902477974703,0.0003744504113948,0.1729804227958013,true,1e-06,false,win,true
ieee14_structural_group_02_realization_01_seed_14201_8x8_held_out_seed14522001_aggregate_e0_to_e3,ieee14_structural_group_02_realization_01_seed_14201_8x8,ieee14,ieee14_structural_group_02,1,14522001.0,aggregate_e0_to_e3,sensitivity_initial_mean,-0.0021646982088652,-0.0024680965945894,0.0003033983857242,0.1401573598027332,true,1e-06,false,win,true
ieee14_structural_group_02_realization_01_seed_14201_8x8_held_out_seed14522001_coordinate_e0,ieee14_structural_group_02_realization_01_seed_14201_8x8,ieee14,ieee14_structural_group_02,1,14522001.0,coordinate_e0,balanced_magnitude,0.0054795616049193,0.0056672304701431,0.0001876688652237,0.0342488831689203,false,1e-06,false,loss,true
ieee14_structural_group_02_realization_01_seed_14201_8x8_held_out_seed14522001_coordinate_e0,ieee14_structural_group_02_realization_01_seed_14201_8x8,ieee14,ieee14_structural_group_02,1,14522001.0,coordinate_e0,sensitivity_initial_mean,0.0054795616049193,0.0051767872382929,0.0003027743666263,0.0552552171974047,false,1e-06,false,loss,true
ieee14_structural_group_02_realization_01_seed_14201_8x8_held_out_seed14522001_signed_difference_e0_minus_e1,ieee14_structural_group_02_realization_01_seed_14201_8x8,ieee14,ieee14_structural_group_02,1,14522001.0,signed_difference_e0_minus_e1,balanced_magnitude,0.0050488956012403,0.005074659055848,2.5763454607671647e-05,0.0051027901233177,false,1e-06,false,loss,true
ieee14_structural_group_02_realization_01_seed_14201_8x8_held_out_seed14522001_signed_difference_e0_minus_e1,ieee14_structural_group_02_realization_01_seed_14201_8x8,ieee14,ieee14_structural_group_02,1,14522001.0,signed_difference_e0_minus_e1,sensitivity_initial_mean,0.0050488956012403,0.0048293031032021,0.0002195924980382,0.0434931746230336,false,1e-06,false,loss,true
ieee14_structural_group_02_realization_01_seed_14201_8x8_held_out_seed14522002_aggregate_e0_to_e3,ieee14_structural_group_02_realization_01_seed_14201_8x8,ieee14,ieee14_structural_group_02,1,14522002.0,aggregate_e0_to_e3,balanced_magnitude,-0.0070998380314531,-0.0081291162099325,0.0010292781784794,0.144972064703389,true,1e-06,false,win,true
ieee14_structural_group_02_realization_01_seed_14201_8x8_held_out_seed14522002_aggregate_e0_to_e3,ieee14_structural_group_02_realization_01_seed_14201_8x8,ieee14,ieee14_structural_group_02,1,14522002.0,aggregate_e0_to_e3,sensitivity_initial_mean,-0.0070998380314531,-0.0080417626212309,0.0009419245897778,0.132668461675459,true,1e-06,false,win,true
ieee14_structural_group_02_realization_01_seed_14201_8x8_held_out_seed14522002_coordinate_e0,ieee14_structural_group_02_realization_01_seed_14201_8x8,ieee14,ieee14_structural_group_02,1,14522002.0,coordinate_e0,balanced_magnitude,-0.0190554405054912,-0.020427443644997,0.0013720031395058,0.072000599467142,false,1e-06,false,win,true
ieee14_structural_group_02_realization_01_seed_14201_8x8_held_out_seed14522002_coordinate_e0,ieee14_structural_group_02_realization_01_seed_14201_8x8,ieee14,ieee14_structural_group_02,1,14522002.0,coordinate_e0,sensitivity_initial_mean,-0.0190554405054912,-0.0201085345440632,0.0010530940385719,0.0552647438545705,false,1e-06,false,win,true
ieee14_structural_group_02_realization_01_seed_14201_8x8_held_out_seed14522002_signed_difference_e0_minus_e1,ieee14_structural_group_02_realization_01_seed_14201_8x8,ieee14,ieee14_structural_group_02,1,14522002.0,signed_difference_e0_minus_e1,balanced_magnitude,-0.0097427264245475,-0.0108690978780599,0.0011263714535123,0.1156115243751906,true,1e-06,false,win,true
ieee14_structural_group_02_realization_01_seed_14201_8x8_held_out_seed14522002_signed_difference_e0_minus_e1,ieee14_structural_group_02_realization_01_seed_14201_8x8,ieee14,ieee14_structural_group_02,1,14522002.0,signed_difference_e0_minus_e1,sensitivity_initial_mean,-0.0097427264245475,-0.0106556497448029,0.0009129233202554,0.0937030642629239,false,1e-06,false,win,true
ieee14_structural_group_02_realization_01_seed_14201_8x8_held_out_seed14522003_aggregate_e0_to_e3,ieee14_structural_group_02_realization_01_seed_14201_8x8,ieee14,ieee14_structural_group_02,1,14522003.0,aggregate_e0_to_e3,balanced_magnitude,-0.0042744802329815,-0.003650833398999,0.0006236468339825,0.1459000393008002,true,1e-06,false,loss,true
ieee14_structural_group_02_realization_01_seed_14201_8x8_held_out_seed14522003_aggregate_e0_to_e3,ieee14_structural_group_02_realization_01_seed_14201_8x8,ieee14,ieee14_structural_group_02,1,14522003.0,aggregate_e0_to_e3,sensitivity_initial_mean,-0.0042744802329815,-0.0028252694732472,0.0014492107597342,0.3390378901631812,true,1e-06,false,loss,true
ieee14_structural_group_02_realization_01_seed_14201_8x8_held_out_seed14522003_coordinate_e0,ieee14_structural_group_02_realization_01_seed_14201_8x8,ieee14,ieee14_structural_group_02,1,14522003.0,coordinate_e0,balanced_magnitude,0.0036041946954416,0.0053298481870694,0.0017256534916278,0.4787903089170902,true,1e-06,false,win,true
ieee14_structural_group_02_realization_01_seed_14201_8x8_held_out_seed14522003_coordinate_e0,ieee14_structural_group_02_realization_01_seed_14201_8x8,ieee14,ieee14_structural_group_02,1,14522003.0,coordinate_e0,sensitivity_initial_mean,0.0036041946954416,0.0043659166950741,0.0007617219996324,0.2113431887006092,true,1e-06,false,win,true
ieee14_structural_group_02_realization_01_seed_14201_8x8_held_out_seed14522003_signed_difference_e0_minus_e1,ieee14_structural_group_02_realization_01_seed_14201_8x8,ieee14,ieee14_structural_group_02,1,14522003.0,signed_difference_e0_minus_e1,balanced_magnitude,-0.0026029965785004,-0.0010666575510449,0.0015363390274555,0.59021938028846,true,1e-06,false,win,true
ieee14_structural_group_02_realization_01_seed_14201_8x8_held_out_seed14522003_signed_difference_e0_minus_e1,ieee14_structural_group_02_realization_01_seed_14201_8x8,ieee14,ieee14_structural_group_02,1,14522003.0,signed_difference_e0_minus_e1,sensitivity_initial_mean,-0.0026029965785004,-0.0029531700434913,0.0003501734649908,0.1345270554264735,true,1e-06,false,win,true
ieee14_structural_group_02_realization_01_seed_14201_8x8_held_out_seed14522004_aggregate_e0_to_e3,ieee14_structural_group_02_realization_01_seed_14201_8x8,ieee14,ieee14_structural_group_02,1,14522004.0,aggregate_e0_to_e3,balanced_magnitude,-0.005090384573865,-0.0048343061460863,0.0002560784277786,0.0503063028073446,false,1e-06,false,loss,true
ieee14_structural_group_02_realization_01_seed_14201_8x8_held_out_seed14522004_aggregate_e0_to_e3,ieee14_structural_group_02_realization_01_seed_14201_8x8,ieee14,ieee14_structural_group_02,1,14522004.0,aggregate_e0_to_e3,sensitivity_initial_mean,-0.005090384573865,-0.0028433233098921,0.0022470612639729,0.4414325148456832,true,1e-06,false,loss,true
ieee14_structural_group_02_realization_01_seed_14201_8x8_held_out_seed14522004_coordinate_e0,ieee14_structural_group_02_realization_01_seed_14201_8x8,ieee14,ieee14_structural_group_02,1,14522004.0,coordinate_e0,balanced_magnitude,-0.0116307742815183,-0.0101356982986754,0.0014950759828428,0.1285448368831785,true,1e-06,false,win,true
ieee14_structural_group_02_realization_01_seed_14201_8x8_held_out_seed14522004_coordinate_e0,ieee14_structural_group_02_realization_01_seed_14201_8x8,ieee14,ieee14_structural_group_02,1,14522004.0,coordinate_e0,sensitivity_initial_mean,-0.0116307742815183,-0.0102215162053889,0.0014092580761293,0.1211663163619908,true,1e-06,false,win,true
ieee14_structural_group_02_realization_01_seed_14201_8x8_held_out_seed14522004_signed_difference_e0_minus_e1,ieee14_structural_group_02_realization_01_seed_14201_8x8,ieee14,ieee14_structural_group_02,1,14522004.0,signed_difference_e0_minus_e1,balanced_magnitude,-0.0135418883057008,-0.0122859868530055,0.0012559014526953,0.0927419739658192,false,1e-06,false,win,true
ieee14_structural_group_02_realization_01_seed_14201_8x8_held_out_seed14522004_signed_difference_e0_minus_e1,ieee14_structural_group_02_realization_01_seed_14201_8x8,ieee14,ieee14_structural_group_02,1,14522004.0,signed_difference_e0_minus_e1,sensitivity_initial_mean,-0.0135418883057008,-0.0136184727886888,7.658448298797013e-05,0.0056553769503274,false,1e-06,false,win,true
ieee14_structural_group_02_realization_01_seed_14201_8x8_held_out_seed14522005_aggregate_e0_to_e3,ieee14_structural_group_02_realization_01_seed_14201_8x8,ieee14,ieee14_structural_group_02,1,14522005.0,aggregate_e0_to_e3,balanced_magnitude,-0.0080790723581797,-0.0077110760651525,0.0003679962930272,0.0455493250601551,false,1e-06,false,loss,true
ieee14_structural_group_02_realization_01_seed_14201_8x8_held_out_seed14522005_aggregate_e0_to_e3,ieee14_structural_group_02_realization_01_seed_14201_8x8,ieee14,ieee14_structural_group_02,1,14522005.0,aggregate_e0_to_e3,sensitivity_initial_mean,-0.0080790723581797,-0.0075705617479671,0.0005085106102126,0.0629417076204036,false,1e-06,false,loss,true
ieee14_structural_group_02_realization_01_seed_14201_8x8_held_out_seed14522005_coordinate_e0,ieee14_structural_group_02_realization_01_seed_14201_8x8,ieee14,ieee14_structural_group_02,1,14522005.0,coordinate_e0,balanced_magnitude,-0.0017140566829971,-0.0007994461967946,0.0009146104862024,0.5335940726319542,true,1e-06,false,win,true
ieee14_structural_group_02_realization_01_seed_14201_8x8_held_out_seed14522005_coordinate_e0,ieee14_structural_group_02_realization_01_seed_14201_8x8,ieee14,ieee14_structural_group_02,1,14522005.0,coordinate_e0,sensitivity_initial_mean,-0.0017140566829971,-0.0018098911515485,9.58344685513526e-05,0.0559109097744534,false,1e-06,false,win,true
ieee14_structural_group_02_realization_01_seed_14201_8x8_held_out_seed14522005_signed_difference_e0_minus_e1,ieee14_structural_group_02_realization_01_seed_14201_8x8,ieee14,ieee14_structural_group_02,1,14522005.0,signed_difference_e0_minus_e1,balanced_magnitude,-0.002486659596855,-0.001776855386121,0.000709804210734,0.2854448641187984,true,1e-06,false,loss,true
ieee14_structural_group_02_realization_01_seed_14201_8x8_held_out_seed14522005_signed_difference_e0_minus_e1,ieee14_structural_group_02_realization_01_seed_14201_8x8,ieee14,ieee14_structural_group_02,1,14522005.0,signed_difference_e0_minus_e1,sensitivity_initial_mean,-0.002486659596855,-0.0033517051394996,0.0008650455426445,0.3478745316562809,true,1e-06,false,loss,true
ieee14_structural_group_02_realization_01_seed_14201_8x8_held_out_seed14522006_aggregate_e0_to_e3,ieee14_structural_group_02_realization_01_seed_14201_8x8,ieee14,ieee14_structural_group_02,1,14522006.0,aggregate_e0_to_e3,balanced_magnitude,-0.0079363465626703,-0.0072421979057937,0.0006941486568766,0.087464509191375,false,1e-06,false,win,true
ieee14_structural_group_02_realization_01_seed_14201_8x8_held_out_seed14522006_aggregate_e0_to_e3,ieee14_structural_group_02_realization_01_seed_14201_8x8,ieee14,ieee14_structural_group_02,1,14522006.0,aggregate_e0_to_e3,sensitivity_initial_mean,-0.0079363465626703,-0.0073894614676611,0.0005468850950092,0.068908923103433,false,1e-06,false,win,true
ieee14_structural_group_02_realization_01_seed_14201_8x8_held_out_seed14522006_coordinate_e0,ieee14_structural_group_02_realization_01_seed_14201_8x8,ieee14,ieee14_structural_group_02,1,14522006.0,coordinate_e0,balanced_magnitude,0.0037139047001199,0.0049232744696951,0.0012093697695751,0.3256329570158549,true,1e-06,false,win,true
ieee14_structural_group_02_realization_01_seed_14201_8x8_held_out_seed14522006_coordinate_e0,ieee14_structural_group_02_realization_01_seed_14201_8x8,ieee14,ieee14_structural_group_02,1,14522006.0,coordinate_e0,sensitivity_initial_mean,0.0037139047001199,0.0036875515312313,2.63531688886676e-05,0.0070958118251704,false,1e-06,false,win,true
ieee14_structural_group_02_realization_01_seed_14201_8x8_held_out_seed14522006_signed_difference_e0_minus_e1,ieee14_structural_group_02_realization_01_seed_14201_8x8,ieee14,ieee14_structural_group_02,1,14522006.0,signed_difference_e0_minus_e1,balanced_magnitude,0.0012353704267757,0.0021303708630652,0.0008950004362895,0.7244794086786164,true,1e-06,false,win,true
ieee14_structural_group_02_realization_01_seed_14201_8x8_held_out_seed14522006_signed_difference_e0_minus_e1,ieee14_structural_group_02_realization_01_seed_14201_8x8,ieee14,ieee14_structural_group_02,1,14522006.0,signed_difference_e0_minus_e1,sensitivity_initial_mean,0.0012353704267757,0.0004618404816522,0.0007735299451234,0.6261522279939549,true,1e-06,false,win,true
ieee14_structural_group_02_realization_01_seed_14201_8x8_held_out_seed14522007_aggregate_e0_to_e3,ieee14_structural_group_02_realization_01_seed_14201_8x8,ieee14,ieee14_structural_group_02,1,14522007.0,aggregate_e0_to_e3,balanced_magnitude,0.020270072555089,0.0195948250460846,0.0006752475090043,0.0333125353729852,false,1e-06,false,win,true
ieee14_structural_group_02_realization_01_seed_14201_8x8_held_out_seed14522007_aggregate_e0_to_e3,ieee14_structural_group_02_realization_01_seed_14201_8x8,ieee14,ieee14_structural_group_02,1,14522007.0,aggregate_e0_to_e3,sensitivity_initial_mean,0.020270072555089,0.0199502630023072,0.0003198095527818,0.0157774251627691,false,1e-06,false,win,true
ieee14_structural_group_02_realization_01_seed_14201_8x8_held_out_seed14522007_coordinate_e0,ieee14_structural_group_02_realization_01_seed_14201_8x8,ieee14,ieee14_structural_group_02,1,14522007.0,coordinate_e0,balanced_magnitude,0.0057731605981265,0.0044111548280683,0.0013620057700582,0.2359202982332141,true,1e-06,false,win,true
ieee14_structural_group_02_realization_01_seed_14201_8x8_held_out_seed14522007_coordinate_e0,ieee14_structural_group_02_realization_01_seed_14201_8x8,ieee14,ieee14_structural_group_02,1,14522007.0,coordinate_e0,sensitivity_initial_mean,0.0057731605981265,0.0066313170256495,0.0008581564275229,0.1486458609520429,true,1e-06,false,win,true
ieee14_structural_group_02_realization_01_seed_14201_8x8_held_out_seed14522007_signed_difference_e0_minus_e1,ieee14_structural_group_02_realization_01_seed_14201_8x8,ieee14,ieee14_structural_group_02,1,14522007.0,signed_difference_e0_minus_e1,balanced_magnitude,0.0037177186338012,0.0028288550087167,0.0008888636250844,0.2390884605959644,true,1e-06,false,loss,true
ieee14_structural_group_02_realization_01_seed_14201_8x8_held_out_seed14522007_signed_difference_e0_minus_e1,ieee14_structural_group_02_realization_01_seed_14201_8x8,ieee14,ieee14_structural_group_02,1,14522007.0,signed_difference_e0_minus_e1,sensitivity_initial_mean,0.0037177186338012,0.0058925681703384,0.0021748495365372,0.5849957328033472,true,1e-06,false,loss,true
ieee14_structural_group_02_realization_01_seed_14201_8x8_held_out_seed14522008_aggregate_e0_to_e3,ieee14_structural_group_02_realization_01_seed_14201_8x8,ieee14,ieee14_structural_group_02,1,14522008.0,aggregate_e0_to_e3,balanced_magnitude,0.0129826018032957,0.0133397012113283,0.0003570994080326,0.0275059971370267,false,1e-06,false,loss,true
ieee14_structural_group_02_realization_01_seed_14201_8x8_held_out_seed14522008_aggregate_e0_to_e3,ieee14_structural_group_02_realization_01_seed_14201_8x8,ieee14,ieee14_structural_group_02,1,14522008.0,aggregate_e0_to_e3,sensitivity_initial_mean,0.0129826018032957,0.0134035140974055,0.0004209122941098,0.032421258888411,false,1e-06,false,loss,true
ieee14_structural_group_02_realization_01_seed_14201_8x8_held_out_seed14522008_coordinate_e0,ieee14_structural_group_02_realization_01_seed_14201_8x8,ieee14,ieee14_structural_group_02,1,14522008.0,coordinate_e0,balanced_magnitude,0.0151794569998448,0.0154220590635119,0.000242602063667,0.015982262321343,false,1e-06,false,loss,true
ieee14_structural_group_02_realization_01_seed_14201_8x8_held_out_seed14522008_coordinate_e0,ieee14_structural_group_02_realization_01_seed_14201_8x8,ieee14,ieee14_structural_group_02,1,14522008.0,coordinate_e0,sensitivity_initial_mean,0.0151794569998448,0.0162221096302753,0.0010426526304304,0.0686884010700211,false,1e-06,false,loss,true
ieee14_structural_group_02_realization_01_seed_14201_8x8_held_out_seed14522008_signed_difference_e0_minus_e1,ieee14_structural_group_02_realization_01_seed_14201_8x8,ieee14,ieee14_structural_group_02,1,14522008.0,signed_difference_e0_minus_e1,balanced_magnitude,0.008264328161115,0.0085656914382323,0.0003013632771172,0.0364655506463587,false,1e-06,false,loss,true
ieee14_structural_group_02_realization_01_seed_14201_8x8_held_out_seed14522008_signed_difference_e0_minus_e1,ieee14_structural_group_02_realization_01_seed_14201_8x8,ieee14,ieee14_structural_group_02,1,14522008.0,signed_difference_e0_minus_e1,sensitivity_initial_mean,0.008264328161115,0.0098415294011124,0.0015772012399974,0.1908444593740157,true,1e-06,false,loss,true
ieee14_structural_group_02_realization_01_seed_14201_8x8_held_out_seed14522009_aggregate_e0_to_e3,ieee14_structural_group_02_realization_01_seed_14201_8x8,ieee14,ieee14_structural_group_02,1,14522009.0,aggregate_e0_to_e3,balanced_magnitude,-0.0003826757094323,0.0003780800265481,0.0007607557359804,1.98799065953005,true,1e-06,false,win,true
ieee14_structural_group_02_realization_01_seed_14201_8x8_held_out_seed14522009_aggregate_e0_to_e3,ieee14_structural_group_02_realization_01_seed_14201_8x8,ieee14,ieee14_structural_group_02,1,14522009.0,aggregate_e0_to_e3,sensitivity_initial_mean,-0.0003826757094323,3.6058778438157954e-05,0.0004187344878704,1.0942280305474543,true,1e-06,false,win,true
ieee14_structural_group_02_realization_01_seed_14201_8x8_held_out_seed14522009_coordinate_e0,ieee14_structural_group_02_realization_01_seed_14201_8x8,ieee14,ieee14_structural_group_02,1,14522009.0,coordinate_e0,balanced_magnitude,0.0107128451582891,0.0118182508087394,0.0011054056504502,0.1031850674696753,true,1e-06,false,win,true
ieee14_structural_group_02_realization_01_seed_14201_8x8_held_out_seed14522009_coordinate_e0,ieee14_structural_group_02_realization_01_seed_14201_8x8,ieee14,ieee14_structural_group_02,1,14522009.0,coordinate_e0,sensitivity_initial_mean,0.0107128451582891,0.0108888122785218,0.0001759671202326,0.0164258063691445,false,1e-06,false,win,true
ieee14_structural_group_02_realization_01_seed_14201_8x8_held_out_seed14522009_signed_difference_e0_minus_e1,ieee14_structural_group_02_realization_01_seed_14201_8x8,ieee14,ieee14_structural_group_02,1,14522009.0,signed_difference_e0_minus_e1,balanced_magnitude,0.0057840393548305,0.0066511749229531,0.0008671355681226,0.1499186839727216,true,1e-06,false,win,true
ieee14_structural_group_02_realization_01_seed_14201_8x8_held_out_seed14522009_signed_difference_e0_minus_e1,ieee14_structural_group_02_realization_01_seed_14201_8x8,ieee14,ieee14_structural_group_02,1,14522009.0,signed_difference_e0_minus_e1,sensitivity_initial_mean,0.0057840393548305,0.0055926733600884,0.000191365994742,0.0330851819986796,false,1e-06,false,win,true
ieee14_structural_group_02_realization_01_seed_14201_8x8_held_out_seed14522010_aggregate_e0_to_e3,ieee14_structural_group_02_realization_01_seed_14201_8x8,ieee14,ieee14_structural_group_02,1,14522010.0,aggregate_e0_to_e3,balanced_magnitude,-0.0093049417346774,-0.0090375978666589,0.0002673438680184,0.0287313854983238,false,1e-06,false,loss,true
ieee14_structural_group_02_realization_01_seed_14201_8x8_held_out_seed14522010_aggregate_e0_to_e3,ieee14_structural_group_02_realization_01_seed_14201_8x8,ieee14,ieee14_structural_group_02,1,14522010.0,aggregate_e0_to_e3,sensitivity_initial_mean,-0.0093049417346774,-0.0089379503990023,0.000366991335675,0.0394404764843816,false,1e-06,false,loss,true
ieee14_structural_group_02_realization_01_seed_14201_8x8_held_out_seed14522010_coordinate_e0,ieee14_structural_group_02_realization_01_seed_14201_8x8,ieee14,ieee14_structural_group_02,1,14522010.0,coordinate_e0,balanced_magnitude,-0.0032237340994349,-0.0024852701873703,0.0007384639120646,0.2290709746173053,true,1e-06,false,win,true
ieee14_structural_group_02_realization_01_seed_14201_8x8_held_out_seed14522010_coordinate_e0,ieee14_structural_group_02_realization_01_seed_14201_8x8,ieee14,ieee14_structural_group_02,1,14522010.0,coordinate_e0,sensitivity_initial_mean,-0.0032237340994349,-0.0034405419699304,0.0002168078704955,0.0672536455576557,false,1e-06,false,win,true
ieee14_structural_group_02_realization_01_seed_14201_8x8_held_out_seed14522010_signed_difference_e0_minus_e1,ieee14_structural_group_02_realization_01_seed_14201_8x8,ieee14,ieee14_structural_group_02,1,14522010.0,signed_difference_e0_minus_e1,balanced_magnitude,-0.00303280116963,-0.0024736138801184,0.0005591872895115,0.1843798054126192,true,1e-06,false,loss,true
ieee14_structural_group_02_realization_01_seed_14201_8x8_held_out_seed14522010_signed_difference_e0_minus_e1,ieee14_structural_group_02_realization_01_seed_14201_8x8,ieee14,ieee14_structural_group_02,1,14522010.0,signed_difference_e0_minus_e1,sensitivity_initial_mean,-0.00303280116963,-0.0039588758519066,0.0009260746822766,0.3053529164886385,true,1e-06,false,loss,true
ieee14_structural_group_02_realization_01_seed_14201_8x8_held_out_seed14522011_aggregate_e0_to_e3,ieee14_structural_group_02_realization_01_seed_14201_8x8,ieee14,ieee14_structural_group_02,1,14522011.0,aggregate_e0_to_e3,balanced_magnitude,0.024499511615826,0.0238104821836719,0.0006890294321541,0.0281242109213753,false,1e-06,false,loss,true
ieee14_structural_group_02_realization_01_seed_14201_8x8_held_out_seed14522011_aggregate_e0_to_e3,ieee14_structural_group_02_realization_01_seed_14201_8x8,ieee14,ieee14_structural_group_02,1,14522011.0,aggregate_e0_to_e3,sensitivity_initial_mean,0.024499511615826,0.0232467982921533,0.0012527133236727,0.0511321753395073,false,1e-06,false,loss,true
ieee14_structural_group_02_realization_01_seed_14201_8x8_held_out_seed14522011_coordinate_e0,ieee14_structural_group_02_realization_01_seed_14201_8x8,ieee14,ieee14_structural_group_02,1,14522011.0,coordinate_e0,balanced_magnitude,0.0137123108549433,0.0117679720345742,0.0019443388203691,0.1417951241725378,true,1e-06,false,win,true
ieee14_structural_group_02_realization_01_seed_14201_8x8_held_out_seed14522011_coordinate_e0,ieee14_structural_group_02_realization_01_seed_14201_8x8,ieee14,ieee14_structural_group_02,1,14522011.0,coordinate_e0,sensitivity_initial_mean,0.0137123108549433,0.0140920672357825,0.0003797563808391,0.0276945574569043,false,1e-06,false,win,true
ieee14_structural_group_02_realization_01_seed_14201_8x8_held_out_seed14522011_signed_difference_e0_minus_e1,ieee14_structural_group_02_realization_01_seed_14201_8x8,ieee14,ieee14_structural_group_02,1,14522011.0,signed_difference_e0_minus_e1,balanced_magnitude,0.0113570980786531,0.009980164930789,0.001376933147864,0.12123987468702,true,1e-06,false,loss,true
ieee14_structural_group_02_realization_01_seed_14201_8x8_held_out_seed14522011_signed_difference_e0_minus_e1,ieee14_structural_group_02_realization_01_seed_14201_8x8,ieee14,ieee14_structural_group_02,1,14522011.0,signed_difference_e0_minus_e1,sensitivity_initial_mean,0.0113570980786531,0.0137817801820266,0.0024246821033735,0.213494863439724,true,1e-06,false,loss,true
ieee14_structural_group_02_realization_01_seed_14201_8x8_held_out_seed14522012_aggregate_e0_to_e3,ieee14_structural_group_02_realization_01_seed_14201_8x8,ieee14,ieee14_structural_group_02,1,14522012.0,aggregate_e0_to_e3,balanced_magnitude,0.0042674196945603,0.0042305823345504,3.683736000993122e-05,0.0086322327416934,false,1e-06,false,loss,true
ieee14_structural_group_02_realization_01_seed_14201_8x8_held_out_seed14522012_aggregate_e0_to_e3,ieee14_structural_group_02_realization_01_seed_14201_8x8,ieee14,ieee14_structural_group_02,1,14522012.0,aggregate_e0_to_e3,sensitivity_initial_mean,0.0042674196945603,0.0050325728260556,0.0007651531314953,0.1793011201758981,true,1e-06,false,loss,true
ieee14_structural_group_02_realization_01_seed_14201_8x8_held_out_seed14522012_coordinate_e0,ieee14_structural_group_02_realization_01_seed_14201_8x8,ieee14,ieee14_structural_group_02,1,14522012.0,coordinate_e0,balanced_magnitude,0.0006581122816828,0.0009955590081977,0.0003374467265149,0.512749474378564,true,1e-06,false,loss,true
ieee14_structural_group_02_realization_01_seed_14201_8x8_held_out_seed14522012_coordinate_e0,ieee14_structural_group_02_realization_01_seed_14201_8x8,ieee14,ieee14_structural_group_02,1,14522012.0,coordinate_e0,sensitivity_initial_mean,0.0006581122816828,0.0014492001411492,0.0007910878594664,1.202056064724421,true,1e-06,false,loss,true
ieee14_structural_group_02_realization_01_seed_14201_8x8_held_out_seed14522012_signed_difference_e0_minus_e1,ieee14_structural_group_02_realization_01_seed_14201_8x8,ieee14,ieee14_structural_group_02,1,14522012.0,signed_difference_e0_minus_e1,balanced_magnitude,-0.0024478120689889,-0.0020210487571371,0.0004267633118518,0.1743448025518131,true,1e-06,false,loss,true
ieee14_structural_group_02_realization_01_seed_14201_8x8_held_out_seed14522012_signed_difference_e0_minus_e1,ieee14_structural_group_02_realization_01_seed_14201_8x8,ieee14,ieee14_structural_group_02,1,14522012.0,signed_difference_e0_minus_e1,sensitivity_initial_mean,-0.0024478120689889,-0.0018377875051758,0.000610024563813,0.2492121725934084,true,1e-06,false,loss,true
ieee14_structural_group_02_realization_01_seed_14201_8x8_held_out_seed14522013_aggregate_e0_to_e3,ieee14_structural_group_02_realization_01_seed_14201_8x8,ieee14,ieee14_structural_group_02,1,14522013.0,aggregate_e0_to_e3,balanced_magnitude,0.0085923304481243,0.0085506269269908,4.170352113346855e-05,0.0048535751022672,false,1e-06,false,loss,true
ieee14_structural_group_02_realization_01_seed_14201_8x8_held_out_seed14522013_aggregate_e0_to_e3,ieee14_structural_group_02_realization_01_seed_14201_8x8,ieee14,ieee14_structural_group_02,1,14522013.0,aggregate_e0_to_e3,sensitivity_initial_mean,0.0085923304481243,0.008291268613952,0.0003010618341722,0.0350384375915124,false,1e-06,false,loss,true
ieee14_structural_group_02_realization_01_seed_14201_8x8_held_out_seed14522013_coordinate_e0,ieee14_structural_group_02_realization_01_seed_14201_8x8,ieee14,ieee14_structural_group_02,1,14522013.0,coordinate_e0,balanced_magnitude,0.0083284778483934,0.0079458112732044,0.0003826665751889,0.0459467602789878,false,1e-06,false,win,true
ieee14_structural_group_02_realization_01_seed_14201_8x8_held_out_seed14522013_coordinate_e0,ieee14_structural_group_02_realization_01_seed_14201_8x8,ieee14,ieee14_structural_group_02,1,14522013.0,coordinate_e0,sensitivity_initial_mean,0.0083284778483934,0.0085675599610956,0.0002390821127022,0.028706579648086,false,1e-06,false,win,true
ieee14_structural_group_02_realization_01_seed_14201_8x8_held_out_seed14522013_signed_difference_e0_minus_e1,ieee14_structural_group_02_realization_01_seed_14201_8x8,ieee14,ieee14_structural_group_02,1,14522013.0,signed_difference_e0_minus_e1,balanced_magnitude,0.0057810594384734,0.0055504134263782,0.0002306460120952,0.0398968414959166,false,1e-06,false,loss,true
ieee14_structural_group_02_realization_01_seed_14201_8x8_held_out_seed14522013_signed_difference_e0_minus_e1,ieee14_structural_group_02_realization_01_seed_14201_8x8,ieee14,ieee14_structural_group_02,1,14522013.0,signed_difference_e0_minus_e1,sensitivity_initial_mean,0.0057810594384734,0.0066659017571762,0.0008848423187027,0.1530588516032311,true,1e-06,false,loss,true
ieee14_structural_group_02_realization_01_seed_14201_8x8_held_out_seed14522014_aggregate_e0_to_e3,ieee14_structural_group_02_realization_01_seed_14201_8x8,ieee14,ieee14_structural_group_02,1,14522014.0,aggregate_e0_to_e3,balanced_magnitude,-0.0105644161479591,-0.0095570002612891,0.00100741588667,0.0953593528085923,false,1e-06,false,win,true
ieee14_structural_group_02_realization_01_seed_14201_8x8_held_out_seed14522014_aggregate_e0_to_e3,ieee14_structural_group_02_realization_01_seed_14201_8x8,ieee14,ieee14_structural_group_02,1,14522014.0,aggregate_e0_to_e3,sensitivity_initial_mean,-0.0105644161479591,-0.0104671211349711,9.729501298796038e-05,0.0092096914420354,false,1e-06,false,win,true
ieee14_structural_group_02_realization_01_seed_14201_8x8_held_out_seed14522014_coordinate_e0,ieee14_structural_group_02_realization_01_seed_14201_8x8,ieee14,ieee14_structural_group_02,1,14522014.0,coordinate_e0,balanced_magnitude,0.0070686835127633,0.0083911950714625,0.0013225115586991,0.1870944648053875,true,1e-06,false,win,true
ieee14_structural_group_02_realization_01_seed_14201_8x8_held_out_seed14522014_coordinate_e0,ieee14_structural_group_02_realization_01_seed_14201_8x8,ieee14,ieee14_structural_group_02,1,14522014.0,coordinate_e0,sensitivity_initial_mean,0.0070686835127633,0.0065052790284696,0.0005634044842937,0.0797043018373167,false,1e-06,false,win,true
ieee14_structural_group_02_realization_01_seed_14201_8x8_held_out_seed14522014_signed_difference_e0_minus_e1,ieee14_structural_group_02_realization_01_seed_14201_8x8,ieee14,ieee14_structural_group_02,1,14522014.0,signed_difference_e0_minus_e1,balanced_magnitude,0.005363377389028,0.0062048028840667,0.0008414254950386,0.1568835146227029,true,1e-06,false,loss,true
ieee14_structural_group_02_realization_01_seed_14201_8x8_held_out_seed14522014_signed_difference_e0_minus_e1,ieee14_structural_group_02_realization_01_seed_14201_8x8,ieee14,ieee14_structural_group_02,1,14522014.0,signed_difference_e0_minus_e1,sensitivity_initial_mean,0.005363377389028,0.0040837913933771,0.0012795859956509,0.2385783999217721,true,1e-06,false,loss,true
ieee14_structural_group_02_realization_01_seed_14201_8x8_held_out_seed14522015_aggregate_e0_to_e3,ieee14_structural_group_02_realization_01_seed_14201_8x8,ieee14,ieee14_structural_group_02,1,14522015.0,aggregate_e0_to_e3,balanced_magnitude,0.0061157513277893,0.0066310671877117,0.0005153158599224,0.0842604338048974,false,1e-06,false,win,true
ieee14_structural_group_02_realization_01_seed_14201_8x8_held_out_seed14522015_aggregate_e0_to_e3,ieee14_structural_group_02_realization_01_seed_14201_8x8,ieee14,ieee14_structural_group_02,1,14522015.0,aggregate_e0_to_e3,sensitivity_initial_mean,0.0061157513277893,0.00570006151975,0.0004156898080393,0.0679703581390733,false,1e-06,false,win,true
ieee14_structural_group_02_realization_01_seed_14201_8x8_held_out_seed14522015_coordinate_e0,ieee14_structural_group_02_realization_01_seed_14201_8x8,ieee14,ieee14_structural_group_02,1,14522015.0,coordinate_e0,balanced_magnitude,0.0150669804566445,0.0151826236883478,0.0001156432317032,0.0076752758813252,false,1e-06,false,win,true
ieee14_structural_group_02_realization_01_seed_14201_8x8_held_out_seed14522015_coordinate_e0,ieee14_structural_group_02_realization_01_seed_14201_8x8,ieee14,ieee14_structural_group_02,1,14522015.0,coordinate_e0,sensitivity_initial_mean,0.0150669804566445,0.0150769636162252,9.983159580617684e-06,0.0006625852876987,false,1e-06,false,win,true
ieee14_structural_group_02_realization_01_seed_14201_8x8_held_out_seed14522015_signed_difference_e0_minus_e1,ieee14_structural_group_02_realization_01_seed_14201_8x8,ieee14,ieee14_structural_group_02,1,14522015.0,signed_difference_e0_minus_e1,balanced_magnitude,0.0112273997425616,0.0112552505833276,2.785084076601177e-05,0.0024806136242243,false,1e-06,false,loss,true
ieee14_structural_group_02_realization_01_seed_14201_8x8_held_out_seed14522015_signed_difference_e0_minus_e1,ieee14_structural_group_02_realization_01_seed_14201_8x8,ieee14,ieee14_structural_group_02,1,14522015.0,signed_difference_e0_minus_e1,sensitivity_initial_mean,0.0112273997425616,0.0117948260350914,0.0005674262925297,0.0505394219089519,false,1e-06,false,loss,true
ieee14_structural_group_02_realization_01_seed_14201_8x8_held_out_seed14522016_aggregate_e0_to_e3,ieee14_structural_group_02_realization_01_seed_14201_8x8,ieee14,ieee14_structural_group_02,1,14522016.0,aggregate_e0_to_e3,balanced_magnitude,0.0140886551718499,0.0147107456744068,0.0006220905025568,0.0441554211504768,false,1e-06,false,loss,true
ieee14_structural_group_02_realization_01_seed_14201_8x8_held_out_seed14522016_aggregate_e0_to_e3,ieee14_structural_group_02_realization_01_seed_14201_8x8,ieee14,ieee14_structural_group_02,1,14522016.0,aggregate_e0_to_e3,sensitivity_initial_mean,0.0140886551718499,0.0132516964521255,0.0008369587197243,0.0594065728428563,false,1e-06,false,loss,true
ieee14_structural_group_02_realization_01_seed_14201_8x8_held_out_seed14522016_coordinate_e0,ieee14_structural_group_02_realization_01_seed_14201_8x8,ieee14,ieee14_structural_group_02,1,14522016.0,coordinate_e0,balanced_magnitude,0.0262417139084357,0.0262609699006694,1.925599223372848e-05,0.0007337932385406,false,1e-06,false,loss,true
ieee14_structural_group_02_realization_01_seed_14201_8x8_held_out_seed14522016_coordinate_e0,ieee14_structural_group_02_realization_01_seed_14201_8x8,ieee14,ieee14_structural_group_02,1,14522016.0,coordinate_e0,sensitivity_initial_mean,0.0262417139084357,0.0262101549184246,3.155899001109144e-05,0.0012026268604714,false,1e-06,false,loss,true
ieee14_structural_group_02_realization_01_seed_14201_8x8_held_out_seed14522016_signed_difference_e0_minus_e1,ieee14_structural_group_02_realization_01_seed_14201_8x8,ieee14,ieee14_structural_group_02,1,14522016.0,signed_difference_e0_minus_e1,balanced_magnitude,0.0187450289388719,0.0188071960892888,6.216715041693424e-05,0.0033164606264233,false,1e-06,false,loss,true
ieee14_structural_group_02_realization_01_seed_14201_8x8_held_out_seed14522016_signed_difference_e0_minus_e1,ieee14_structural_group_02_realization_01_seed_14201_8x8,ieee14,ieee14_structural_group_02,1,14522016.0,signed_difference_e0_minus_e1,sensitivity_initial_mean,0.0187450289388719,0.0197819098261456,0.0010368808872736,0.0553149792755705,false,1e-06,false,loss,true
ieee14_structural_group_02_realization_01_seed_14201_8x8_held_out_seed14522017_aggregate_e0_to_e3,ieee14_structural_group_02_realization_01_seed_14201_8x8,ieee14,ieee14_structural_group_02,1,14522017.0,aggregate_e0_to_e3,balanced_magnitude,0.0216981013112313,0.0209158487846408,0.0007822525265904,0.0360516579478552,false,1e-06,false,win,true
ieee14_structural_group_02_realization_01_seed_14201_8x8_held_out_seed14522017_aggregate_e0_to_e3,ieee14_structural_group_02_realization_01_seed_14201_8x8,ieee14,ieee14_structural_group_02,1,14522017.0,aggregate_e0_to_e3,sensitivity_initial_mean,0.0216981013112313,0.0216584237652952,3.967754593606904e-05,0.0018286183370123,false,1e-06,false,win,true
ieee14_structural_group_02_realization_01_seed_14201_8x8_held_out_seed14522017_coordinate_e0,ieee14_structural_group_02_realization_01_seed_14201_8x8,ieee14,ieee14_structural_group_02,1,14522017.0,coordinate_e0,balanced_magnitude,0.0020304738061487,0.0004163916765194,0.0016140821296293,0.7949288115618743,true,1e-06,false,win,true
ieee14_structural_group_02_realization_01_seed_14201_8x8_held_out_seed14522017_coordinate_e0,ieee14_structural_group_02_realization_01_seed_14201_8x8,ieee14,ieee14_structural_group_02,1,14522017.0,coordinate_e0,sensitivity_initial_mean,0.0020304738061487,0.0033350776677137,0.0013046038615649,0.6425120371483422,true,1e-06,false,win,true
ieee14_structural_group_02_realization_01_seed_14201_8x8_held_out_seed14522017_signed_difference_e0_minus_e1,ieee14_structural_group_02_realization_01_seed_14201_8x8,ieee14,ieee14_structural_group_02,1,14522017.0,signed_difference_e0_minus_e1,balanced_magnitude,0.001323168207405,0.0001565759464837,0.0011665922609213,0.8816658792076133,true,1e-06,false,loss,true
ieee14_structural_group_02_realization_01_seed_14201_8x8_held_out_seed14522017_signed_difference_e0_minus_e1,ieee14_structural_group_02_realization_01_seed_14201_8x8,ieee14,ieee14_structural_group_02,1,14522017.0,signed_difference_e0_minus_e1,sensitivity_initial_mean,0.001323168207405,0.0040418831265651,0.0027187149191601,2.0547009094875195,true,1e-06,false,loss,true
ieee14_structural_group_02_realization_01_seed_14201_8x8_held_out_seed14522018_aggregate_e0_to_e3,ieee14_structural_group_02_realization_01_seed_14201_8x8,ieee14,ieee14_structural_group_02,1,14522018.0,aggregate_e0_to_e3,balanced_magnitude,-0.0007272492882224,-0.0009621417588158,0.0002348924705934,0.3229875565331384,true,1e-06,false,loss,true
ieee14_structural_group_02_realization_01_seed_14201_8x8_held_out_seed14522018_aggregate_e0_to_e3,ieee14_structural_group_02_realization_01_seed_14201_8x8,ieee14,ieee14_structural_group_02,1,14522018.0,aggregate_e0_to_e3,sensitivity_initial_mean,-0.0007272492882224,6.610995338048021e-05,0.0007933592416028,1.0909041156191028,true,1e-06,false,loss,true
ieee14_structural_group_02_realization_01_seed_14201_8x8_held_out_seed14522018_coordinate_e0,ieee14_structural_group_02_realization_01_seed_14201_8x8,ieee14,ieee14_structural_group_02,1,14522018.0,coordinate_e0,balanced_magnitude,-0.0097174651798272,-0.0096642654017015,5.3199778125741226e-05,0.0054746559047291,false,1e-06,false,loss,true
ieee14_structural_group_02_realization_01_seed_14201_8x8_held_out_seed14522018_coordinate_e0,ieee14_structural_group_02_realization_01_seed_14201_8x8,ieee14,ieee14_structural_group_02,1,14522018.0,coordinate_e0,sensitivity_initial_mean,-0.0097174651798272,-0.0090836922672404,0.0006337729125868,0.0652199828719238,false,1e-06,false,loss,true
ieee14_structural_group_02_realization_01_seed_14201_8x8_held_out_seed14522018_signed_difference_e0_minus_e1,ieee14_structural_group_02_realization_01_seed_14201_8x8,ieee14,ieee14_structural_group_02,1,14522018.0,signed_difference_e0_minus_e1,balanced_magnitude,-0.0081535011060174,-0.0081042890499712,4.921205604617451e-05,0.0060356962495356,false,1e-06,false,loss,true
ieee14_structural_group_02_realization_01_seed_14201_8x8_held_out_seed14522018_signed_difference_e0_minus_e1,ieee14_structural_group_02_realization_01_seed_14201_8x8,ieee14,ieee14_structural_group_02,1,14522018.0,signed_difference_e0_minus_e1,sensitivity_initial_mean,-0.0081535011060174,-0.0079021326681061,0.0002513684379113,0.0308295092675975,false,1e-06,false,loss,true
ieee14_structural_group_02_realization_01_seed_14201_8x8_held_out_seed14522019_aggregate_e0_to_e3,ieee14_structural_group_02_realization_01_seed_14201_8x8,ieee14,ieee14_structural_group_02,1,14522019.0,aggregate_e0_to_e3,balanced_magnitude,0.0069831356630335,0.0067468109668838,0.0002363246961496,0.0338422032097524,false,1e-06,false,loss,true
ieee14_structural_group_02_realization_01_seed_14201_8x8_held_out_seed14522019_aggregate_e0_to_e3,ieee14_structural_group_02_realization_01_seed_14201_8x8,ieee14,ieee14_structural_group_02,1,14522019.0,aggregate_e0_to_e3,sensitivity_initial_mean,0.0069831356630335,0.0066357359154288,0.0003473997476046,0.0497483887422798,false,1e-06,false,loss,true
ieee14_structural_group_02_realization_01_seed_14201_8x8_held_out_seed14522019_coordinate_e0,ieee14_structural_group_02_realization_01_seed_14201_8x8,ieee14,ieee14_structural_group_02,1,14522019.0,coordinate_e0,balanced_magnitude,0.0069223947832761,0.0065234152483755,0.0003989795349006,0.0576360562192305,false,1e-06,false,win,true
ieee14_structural_group_02_realization_01_seed_14201_8x8_held_out_seed14522019_coordinate_e0,ieee14_structural_group_02_realization_01_seed_14201_8x8,ieee14,ieee14_structural_group_02,1,14522019.0,coordinate_e0,sensitivity_initial_mean,0.0069223947832761,0.0070186637649836,9.626898170754084e-05,0.0139068898439768,false,1e-06,false,win,true
ieee14_structural_group_02_realization_01_seed_14201_8x8_held_out_seed14522019_signed_difference_e0_minus_e1,ieee14_structural_group_02_realization_01_seed_14201_8x8,ieee14,ieee14_structural_group_02,1,14522019.0,signed_difference_e0_minus_e1,balanced_magnitude,0.0040912272124081,0.0039691719261949,0.0001220552862132,0.0298334166929333,false,1e-06,false,loss,true
ieee14_structural_group_02_realization_01_seed_14201_8x8_held_out_seed14522019_signed_difference_e0_minus_e1,ieee14_structural_group_02_realization_01_seed_14201_8x8,ieee14,ieee14_structural_group_02,1,14522019.0,signed_difference_e0_minus_e1,sensitivity_initial_mean,0.0040912272124081,0.0047451491395822,0.000653921927174,0.15983515293181,true,1e-06,false,loss,true
ieee14_structural_group_02_realization_02_seed_14202_8x8_held_out_seed14532000_aggregate_e0_to_e3,ieee14_structural_group_02_realization_02_seed_14202_8x8,ieee14,ieee14_structural_group_02,2,14532000.0,aggregate_e0_to_e3,balanced_magnitude,0.0167821880711548,0.0158931955086785,0.0008889925624762,0.0529723870753328,false,1e-06,false,loss,true
ieee14_structural_group_02_realization_02_seed_14202_8x8_held_out_seed14532000_aggregate_e0_to_e3,ieee14_structural_group_02_realization_02_seed_14202_8x8,ieee14,ieee14_structural_group_02,2,14532000.0,aggregate_e0_to_e3,sensitivity_initial_mean,0.0167821880711548,0.0153832646114389,0.0013989234597158,0.0833576321385839,false,1e-06,false,loss,true
ieee14_structural_group_02_realization_02_seed_14202_8x8_held_out_seed14532000_coordinate_e0,ieee14_structural_group_02_realization_02_seed_14202_8x8,ieee14,ieee14_structural_group_02,2,14532000.0,coordinate_e0,balanced_magnitude,0.0085175791609303,0.0066551493289972,0.0018624298319331,0.2186571790815841,true,1e-06,false,win,true
ieee14_structural_group_02_realization_02_seed_14202_8x8_held_out_seed14532000_coordinate_e0,ieee14_structural_group_02_realization_02_seed_14202_8x8,ieee14,ieee14_structural_group_02,2,14532000.0,coordinate_e0,sensitivity_initial_mean,0.0085175791609303,0.0082605021230296,0.0002570770379006,0.0301819370320439,false,1e-06,false,win,true
ieee14_structural_group_02_realization_02_seed_14202_8x8_held_out_seed14532000_signed_difference_e0_minus_e1,ieee14_structural_group_02_realization_02_seed_14202_8x8,ieee14,ieee14_structural_group_02,2,14532000.0,signed_difference_e0_minus_e1,balanced_magnitude,0.0074899381544198,0.0062603050710308,0.0012296330833889,0.1641713266568603,true,1e-06,false,loss,true
ieee14_structural_group_02_realization_02_seed_14202_8x8_held_out_seed14532000_signed_difference_e0_minus_e1,ieee14_structural_group_02_realization_02_seed_14202_8x8,ieee14,ieee14_structural_group_02,2,14532000.0,signed_difference_e0_minus_e1,sensitivity_initial_mean,0.0074899381544198,0.0088148973500724,0.0013249591956525,0.1768985495388512,true,1e-06,false,loss,true
ieee14_structural_group_02_realization_02_seed_14202_8x8_held_out_seed14532001_aggregate_e0_to_e3,ieee14_structural_group_02_realization_02_seed_14202_8x8,ieee14,ieee14_structural_group_02,2,14532001.0,aggregate_e0_to_e3,balanced_magnitude,-0.0021482899017009,-0.0021096785673159,3.861133438500192e-05,0.0179730558498788,false,1e-06,false,loss,true
ieee14_structural_group_02_realization_02_seed_14202_8x8_held_out_seed14532001_aggregate_e0_to_e3,ieee14_structural_group_02_realization_02_seed_14202_8x8,ieee14,ieee14_structural_group_02,2,14532001.0,aggregate_e0_to_e3,sensitivity_initial_mean,-0.0021482899017009,-0.0019963672026024,0.0001519226990985,0.0707179691987819,false,1e-06,false,loss,true
ieee14_structural_group_02_realization_02_seed_14202_8x8_held_out_seed14532001_coordinate_e0,ieee14_structural_group_02_realization_02_seed_14202_8x8,ieee14,ieee14_structural_group_02,2,14532001.0,coordinate_e0,balanced_magnitude,-0.0020332611443207,-0.0018447869896121,0.0001884741547086,0.0926954981828458,false,1e-06,false,win,true
ieee14_structural_group_02_realization_02_seed_14202_8x8_held_out_seed14532001_coordinate_e0,ieee14_structural_group_02_realization_02_seed_14202_8x8,ieee14,ieee14_structural_group_02,2,14532001.0,coordinate_e0,sensitivity_initial_mean,-0.0020332611443207,-0.0020446025481098,1.134140378911087e-05,0.0055779376007796,false,1e-06,false,win,true
ieee14_structural_group_02_realization_02_seed_14202_8x8_held_out_seed14532001_signed_difference_e0_minus_e1,ieee14_structural_group_02_realization_02_seed_14202_8x8,ieee14,ieee14_structural_group_02,2,14532001.0,signed_difference_e0_minus_e1,balanced_magnitude,-0.00166748217111,-0.001526050583935,0.000141431587175,0.0848174509001749,false,1e-06,false,loss,true
ieee14_structural_group_02_realization_02_seed_14202_8x8_held_out_seed14532001_signed_difference_e0_minus_e1,ieee14_structural_group_02_realization_02_seed_14202_8x8,ieee14,ieee14_structural_group_02,2,14532001.0,signed_difference_e0_minus_e1,sensitivity_initial_mean,-0.00166748217111,-0.0018916979287642,0.0002242157576541,0.134463661164614,true,1e-06,false,loss,true
ieee14_structural_group_02_realization_02_seed_14202_8x8_held_out_seed14532002_aggregate_e0_to_e3,ieee14_structural_group_02_realization_02_seed_14202_8x8,ieee14,ieee14_structural_group_02,2,14532002.0,aggregate_e0_to_e3,balanced_magnitude,0.0018531774025591,0.0016922417656672,0.0001609356368919,0.0868430818710087,false,1e-06,false,loss,true
ieee14_structural_group_02_realization_02_seed_14202_8x8_held_out_seed14532002_aggregate_e0_to_e3,ieee14_structural_group_02_realization_02_seed_14202_8x8,ieee14,ieee14_structural_group_02,2,14532002.0,aggregate_e0_to_e3,sensitivity_initial_mean,0.0018531774025591,0.0023959600917083,0.0005427826891491,0.292893000097889,true,1e-06,false,loss,true
ieee14_structural_group_02_realization_02_seed_14202_8x8_held_out_seed14532002_coordinate_e0,ieee14_structural_group_02_realization_02_seed_14202_8x8,ieee14,ieee14_structural_group_02,2,14532002.0,coordinate_e0,balanced_magnitude,-0.0061441372102724,-0.0063301575052552,0.0001860202949828,0.0302760645826414,false,1e-06,false,loss,true
ieee14_structural_group_02_realization_02_seed_14202_8x8_held_out_seed14532002_coordinate_e0,ieee14_structural_group_02_realization_02_seed_14202_8x8,ieee14,ieee14_structural_group_02,2,14532002.0,coordinate_e0,sensitivity_initial_mean,-0.0061441372102724,-0.0055176811530396,0.0006264560572328,0.101959971887582,true,1e-06,false,loss,true
ieee14_structural_group_02_realization_02_seed_14202_8x8_held_out_seed14532002_signed_difference_e0_minus_e1,ieee14_structural_group_02_realization_02_seed_14202_8x8,ieee14,ieee14_structural_group_02,2,14532002.0,signed_difference_e0_minus_e1,balanced_magnitude,-0.0046415538706052,-0.0048489815856083,0.0002074277150031,0.0446892831120069,false,1e-06,false,loss,true
ieee14_structural_group_02_realization_02_seed_14202_8x8_held_out_seed14532002_signed_difference_e0_minus_e1,ieee14_structural_group_02_realization_02_seed_14202_8x8,ieee14,ieee14_structural_group_02,2,14532002.0,signed_difference_e0_minus_e1,sensitivity_initial_mean,-0.0046415538706052,-0.0040779921741326,0.0005635616964726,0.1214166014622072,true,1e-06,false,loss,true
ieee14_structural_group_02_realization_02_seed_14202_8x8_held_out_seed14532003_aggregate_e0_to_e3,ieee14_structural_group_02_realization_02_seed_14202_8x8,ieee14,ieee14_structural_group_02,2,14532003.0,aggregate_e0_to_e3,balanced_magnitude,-0.0119963058549714,-0.0108149766862364,0.0011813291687349,0.0984744122912981,false,1e-06,false,win,true
ieee14_structural_group_02_realization_02_seed_14202_8x8_held_out_seed14532003_aggregate_e0_to_e3,ieee14_structural_group_02_realization_02_seed_14202_8x8,ieee14,ieee14_structural_group_02,2,14532003.0,aggregate_e0_to_e3,sensitivity_initial_mean,-0.0119963058549714,-0.011928332692396,6.797316257531327e-05,0.0056661745204791,false,1e-06,false,win,true
ieee14_structural_group_02_realization_02_seed_14202_8x8_held_out_seed14532003_coordinate_e0,ieee14_structural_group_02_realization_02_seed_14202_8x8,ieee14,ieee14_structural_group_02,2,14532003.0,coordinate_e0,balanced_magnitude,0.0088640228535948,0.0104614832910097,0.0015974604374148,0.1802184475152843,true,1e-06,false,win,true
ieee14_structural_group_02_realization_02_seed_14202_8x8_held_out_seed14532003_coordinate_e0,ieee14_structural_group_02_realization_02_seed_14202_8x8,ieee14,ieee14_structural_group_02,2,14532003.0,coordinate_e0,sensitivity_initial_mean,0.0088640228535948,0.0082192768794877,0.0006447459741071,0.0727373997964882,false,1e-06,false,win,true
ieee14_structural_group_02_realization_02_seed_14202_8x8_held_out_seed14532003_signed_difference_e0_minus_e1,ieee14_structural_group_02_realization_02_seed_14202_8x8,ieee14,ieee14_structural_group_02,2,14532003.0,signed_difference_e0_minus_e1,balanced_magnitude,0.0065264796518927,0.007576763094499,0.0010502834426063,0.1609264869617324,true,1e-06,false,loss,true
ieee14_structural_group_02_realization_02_seed_14202_8x8_held_out_seed14532003_signed_difference_e0_minus_e1,ieee14_structural_group_02_realization_02_seed_14202_8x8,ieee14,ieee14_structural_group_02,2,14532003.0,signed_difference_e0_minus_e1,sensitivity_initial_mean,0.0065264796518927,0.0051173962458707,0.001409083406022,0.2159025203753447,true,1e-06,false,loss,true
ieee14_structural_group_02_realization_02_seed_14202_8x8_held_out_seed14532004_aggregate_e0_to_e3,ieee14_structural_group_02_realization_02_seed_14202_8x8,ieee14,ieee14_structural_group_02,2,14532004.0,aggregate_e0_to_e3,balanced_magnitude,0.0017658934734789,0.0020362659261182,0.0002703724526393,0.1531080196511964,true,1e-06,false,tie,true
ieee14_structural_group_02_realization_02_seed_14202_8x8_held_out_seed14532004_aggregate_e0_to_e3,ieee14_structural_group_02_realization_02_seed_14202_8x8,ieee14,ieee14_structural_group_02,2,14532004.0,aggregate_e0_to_e3,sensitivity_initial_mean,0.0017658934734789,0.0020381279843073,0.0002722345108283,0.15416247634238,true,1e-06,false,tie,true
ieee14_structural_group_02_realization_02_seed_14202_8x8_held_out_seed14532004_coordinate_e0,ieee14_structural_group_02_realization_02_seed_14202_8x8,ieee14,ieee14_structural_group_02,2,14532004.0,coordinate_e0,balanced_magnitude,0.0009571320138228,0.0010993171797064,0.0001421851658836,0.148553348785994,true,1e-06,false,loss,true
ieee14_structural_group_02_realization_02_seed_14202_8x8_held_out_seed14532004_coordinate_e0,ieee14_structural_group_02_realization_02_seed_14202_8x8,ieee14,ieee14_structural_group_02,2,14532004.0,coordinate_e0,sensitivity_initial_mean,0.0009571320138228,0.0012918013897136,0.0003346693758908,0.3496585330524594,true,1e-06,false,loss,true
ieee14_structural_group_02_realization_02_seed_14202_8x8_held_out_seed14532004_signed_difference_e0_minus_e1,ieee14_structural_group_02_realization_02_seed_14202_8x8,ieee14,ieee14_structural_group_02,2,14532004.0,signed_difference_e0_minus_e1,balanced_magnitude,0.0010427572006397,0.0010085407303951,3.421647024459901e-05,0.0328134586110794,false,1e-06,false,loss,true
ieee14_structural_group_02_realization_02_seed_14202_8x8_held_out_seed14532004_signed_difference_e0_minus_e1,ieee14_structural_group_02_realization_02_seed_14202_8x8,ieee14,ieee14_structural_group_02,2,14532004.0,signed_difference_e0_minus_e1,sensitivity_initial_mean,0.0010427572006397,0.0013672913320853,0.0003245341314455,0.3112269387796559,true,1e-06,false,loss,true
ieee14_structural_group_02_realization_02_seed_14202_8x8_held_out_seed14532005_aggregate_e0_to_e3,ieee14_structural_group_02_realization_02_seed_14202_8x8,ieee14,ieee14_structural_group_02,2,14532005.0,aggregate_e0_to_e3,balanced_magnitude,-0.0166639864263393,-0.0163737253542422,0.000290261072097,0.0174184654662404,false,1e-06,false,loss,true
ieee14_structural_group_02_realization_02_seed_14202_8x8_held_out_seed14532005_aggregate_e0_to_e3,ieee14_structural_group_02_realization_02_seed_14202_8x8,ieee14,ieee14_structural_group_02,2,14532005.0,aggregate_e0_to_e3,sensitivity_initial_mean,-0.0166639864263393,-0.0163315660105352,0.0003324204158041,0.0199484329439166,false,1e-06,false,loss,true
ieee14_structural_group_02_realization_02_seed_14202_8x8_held_out_seed14532005_coordinate_e0,ieee14_structural_group_02_realization_02_seed_14202_8x8,ieee14,ieee14_structural_group_02,2,14532005.0,coordinate_e0,balanced_magnitude,-0.0107567264396114,-0.0098423009494996,0.0009144254901117,0.085009644453203,false,1e-06,false,win,true
ieee14_structural_group_02_realization_02_seed_14202_8x8_held_out_seed14532005_coordinate_e0,ieee14_structural_group_02_realization_02_seed_14202_8x8,ieee14,ieee14_structural_group_02,2,14532005.0,coordinate_e0,sensitivity_initial_mean,-0.0107567264396114,-0.0113733902157399,0.0006166637761285,0.0573282010647499,false,1e-06,false,win,true
ieee14_structural_group_02_realization_02_seed_14202_8x8_held_out_seed14532005_signed_difference_e0_minus_e1,ieee14_structural_group_02_realization_02_seed_14202_8x8,ieee14,ieee14_structural_group_02,2,14532005.0,signed_difference_e0_minus_e1,balanced_magnitude,-0.0071651071067483,-0.0065786834862892,0.000586423620459,0.0818443620900972,false,1e-06,false,loss,true
ieee14_structural_group_02_realization_02_seed_14202_8x8_held_out_seed14532005_signed_difference_e0_minus_e1,ieee14_structural_group_02_realization_02_seed_14202_8x8,ieee14,ieee14_structural_group_02,2,14532005.0,signed_difference_e0_minus_e1,sensitivity_initial_mean,-0.0071651071067483,-0.0088666287771573,0.001701521670409,0.237473305710467,true,1e-06,false,loss,true
ieee14_structural_group_02_realization_02_seed_14202_8x8_held_out_seed14532006_aggregate_e0_to_e3,ieee14_structural_group_02_realization_02_seed_14202_8x8,ieee14,ieee14_structural_group_02,2,14532006.0,aggregate_e0_to_e3,balanced_magnitude,0.000631176397049,0.0004055802589208,0.0002255961381282,0.3574216957144884,true,1e-06,false,loss,true
ieee14_structural_group_02_realization_02_seed_14202_8x8_held_out_seed14532006_aggregate_e0_to_e3,ieee14_structural_group_02_realization_02_seed_14202_8x8,ieee14,ieee14_structural_group_02,2,14532006.0,aggregate_e0_to_e3,sensitivity_initial_mean,0.000631176397049,0.0012377106979297,0.0006065343008806,0.9609584637772314,true,1e-06,false,loss,true
ieee14_structural_group_02_realization_02_seed_14202_8x8_held_out_seed14532006_coordinate_e0,ieee14_structural_group_02_realization_02_seed_14202_8x8,ieee14,ieee14_structural_group_02,2,14532006.0,coordinate_e0,balanced_magnitude,-0.0024621662113663,-0.0021658469933071,0.0002963192180592,0.1203489905317031,true,1e-06,false,loss,true
ieee14_structural_group_02_realization_02_seed_14202_8x8_held_out_seed14532006_coordinate_e0,ieee14_structural_group_02_realization_02_seed_14202_8x8,ieee14,ieee14_structural_group_02,2,14532006.0,coordinate_e0,sensitivity_initial_mean,-0.0024621662113663,-0.0020038935123125,0.0004582726990538,0.1861258175578186,true,1e-06,false,loss,true
ieee14_structural_group_02_realization_02_seed_14202_8x8_held_out_seed14532006_signed_difference_e0_minus_e1,ieee14_structural_group_02_realization_02_seed_14202_8x8,ieee14,ieee14_structural_group_02,2,14532006.0,signed_difference_e0_minus_e1,balanced_magnitude,-0.0045660482336087,-0.0041016081823007,0.000464440051308,0.1017159757291909,true,1e-06,false,win,true
ieee14_structural_group_02_realization_02_seed_14202_8x8_held_out_seed14532006_signed_difference_e0_minus_e1,ieee14_structural_group_02_realization_02_seed_14202_8x8,ieee14,ieee14_structural_group_02,2,14532006.0,signed_difference_e0_minus_e1,sensitivity_initial_mean,-0.0045660482336087,-0.0044309396056379,0.0001351086279708,0.0295898380959579,false,1e-06,false,win,true
ieee14_structural_group_02_realization_02_seed_14202_8x8_held_out_seed14532007_aggregate_e0_to_e3,ieee14_structural_group_02_realization_02_seed_14202_8x8,ieee14,ieee14_structural_group_02,2,14532007.0,aggregate_e0_to_e3,balanced_magnitude,0.0073910758412417,0.0070077654532656,0.000383310387976,0.0518612440474827,false,1e-06,false,win,true
ieee14_structural_group_02_realization_02_seed_14202_8x8_held_out_seed14532007_aggregate_e0_to_e3,ieee14_structural_group_02_realization_02_seed_14202_8x8,ieee14,ieee14_structural_group_02,2,14532007.0,aggregate_e0_to_e3,sensitivity_initial_mean,0.0073910758412417,0.0072296791957502,0.0001613966454915,0.0218366918373333,false,1e-06,false,win,true
ieee14_structural_group_02_realization_02_seed_14202_8x8_held_out_seed14532007_coordinate_e0,ieee14_structural_group_02_realization_02_seed_14202_8x8,ieee14,ieee14_structural_group_02,2,14532007.0,coordinate_e0,balanced_magnitude,-0.0011824934445168,-0.0020665537167356,0.0008840602722188,0.7476238251621801,true,1e-06,false,win,true
ieee14_structural_group_02_realization_02_seed_14202_8x8_held_out_seed14532007_coordinate_e0,ieee14_structural_group_02_realization_02_seed_14202_8x8,ieee14,ieee14_structural_group_02,2,14532007.0,coordinate_e0,sensitivity_initial_mean,-0.0011824934445168,-0.0008120014491449,0.0003704919953719,0.3133142065944362,true,1e-06,false,win,true
ieee14_structural_group_02_realization_02_seed_14202_8x8_held_out_seed14532007_signed_difference_e0_minus_e1,ieee14_structural_group_02_realization_02_seed_14202_8x8,ieee14,ieee14_structural_group_02,2,14532007.0,signed_difference_e0_minus_e1,balanced_magnitude,5.4806968542788306e-05,-0.0006655450551865,0.0007203520237292,13.143438560498073,true,1e-06,false,loss,true
ieee14_structural_group_02_realization_02_seed_14202_8x8_held_out_seed14532007_signed_difference_e0_minus_e1,ieee14_structural_group_02_realization_02_seed_14202_8x8,ieee14,ieee14_structural_group_02,2,14532007.0,signed_difference_e0_minus_e1,sensitivity_initial_mean,5.4806968542788306e-05,0.0010263781737603,0.0009715712052175,17.72714731446979,true,1e-06,false,loss,true
ieee14_structural_group_02_realization_02_seed_14202_8x8_held_out_seed14532008_aggregate_e0_to_e3,ieee14_structural_group_02_realization_02_seed_14202_8x8,ieee14,ieee14_structural_group_02,2,14532008.0,aggregate_e0_to_e3,balanced_magnitude,-0.0064794851726451,-0.0063251645312927,0.0001543206413523,0.0238168060024052,false,1e-06,false,loss,true
ieee14_structural_group_02_realization_02_seed_14202_8x8_held_out_seed14532008_aggregate_e0_to_e3,ieee14_structural_group_02_realization_02_seed_14202_8x8,ieee14,ieee14_structural_group_02,2,14532008.0,aggregate_e0_to_e3,sensitivity_initial_mean,-0.0064794851726451,-0.0061403862489961,0.0003390989236489,0.0523342386954608,false,1e-06,false,loss,true
ieee14_structural_group_02_realization_02_seed_14202_8x8_held_out_seed14532008_coordinate_e0,ieee14_structural_group_02_realization_02_seed_14202_8x8,ieee14,ieee14_structural_group_02,2,14532008.0,coordinate_e0,balanced_magnitude,-0.002560487261443,-0.001917224843416,0.000643262418027,0.251226564456519,true,1e-06,false,win,true
ieee14_structural_group_02_realization_02_seed_14202_8x8_held_out_seed14532008_coordinate_e0,ieee14_structural_group_02_realization_02_seed_14202_8x8,ieee14,ieee14_structural_group_02,2,14532008.0,coordinate_e0,sensitivity_initial_mean,-0.002560487261443,-0.0026768918023569,0.0001164045409138,0.0454618707410607,false,1e-06,false,win,true
ieee14_structural_group_02_realization_02_seed_14202_8x8_held_out_seed14532008_signed_difference_e0_minus_e1,ieee14_structural_group_02_realization_02_seed_14202_8x8,ieee14,ieee14_structural_group_02,2,14532008.0,signed_difference_e0_minus_e1,balanced_magnitude,-0.0029425232762349,-0.0023888952124,0.0005536280638348,0.1881473863966415,true,1e-06,false,loss,true
ieee14_structural_group_02_realization_02_seed_14202_8x8_held_out_seed14532008_signed_difference_e0_minus_e1,ieee14_structural_group_02_realization_02_seed_14202_8x8,ieee14,ieee14_structural_group_02,2,14532008.0,signed_difference_e0_minus_e1,sensitivity_initial_mean,-0.0029425232762349,-0.0036293534824689,0.000686830206234,0.2334153859652281,true,1e-06,false,loss,true
ieee14_structural_group_02_realization_02_seed_14202_8x8_held_out_seed14532009_aggregate_e0_to_e3,ieee14_structural_group_02_realization_02_seed_14202_8x8,ieee14,ieee14_structural_group_02,2,14532009.0,aggregate_e0_to_e3,balanced_magnitude,0.0096921412001764,0.0089315412531965,0.0007605999469799,0.0784759457452044,false,1e-06,false,win,true
ieee14_structural_group_02_realization_02_seed_14202_8x8_held_out_seed14532009_aggregate_e0_to_e3,ieee14_structural_group_02_realization_02_seed_14202_8x8,ieee14,ieee14_structural_group_02,2,14532009.0,aggregate_e0_to_e3,sensitivity_initial_mean,0.0096921412001764,0.0096846255799087,7.515620267645878e-06,0.000775434458952,false,1e-06,false,win,true
ieee14_structural_group_02_realization_02_seed_14202_8x8_held_out_seed14532009_coordinate_e0,ieee14_structural_group_02_realization_02_seed_14202_8x8,ieee14,ieee14_structural_group_02,2,14532009.0,coordinate_e0,balanced_magnitude,-0.0033926609303554,-0.0044557047690296,0.0010630438386741,0.3133363045987508,true,1e-06,false,win,true
ieee14_structural_group_02_realization_02_seed_14202_8x8_held_out_seed14532009_coordinate_e0,ieee14_structural_group_02_realization_02_seed_14202_8x8,ieee14,ieee14_structural_group_02,2,14532009.0,coordinate_e0,sensitivity_initial_mean,-0.0033926609303554,-0.0028166927323844,0.0005759681979709,0.1697688657353231,true,1e-06,false,win,true
ieee14_structural_group_02_realization_02_seed_14202_8x8_held_out_seed14532009_signed_difference_e0_minus_e1,ieee14_structural_group_02_realization_02_seed_14202_8x8,ieee14,ieee14_structural_group_02,2,14532009.0,signed_difference_e0_minus_e1,balanced_magnitude,-0.0029839536327678,-0.0036523070287968,0.0006683533960289,0.2239825004951663,true,1e-06,false,loss,true
ieee14_structural_group_02_realization_02_seed_14202_8x8_held_out_seed14532009_signed_difference_e0_minus_e1,ieee14_structural_group_02_realization_02_seed_14202_8x8,ieee14,ieee14_structural_group_02,2,14532009.0,signed_difference_e0_minus_e1,sensitivity_initial_mean,-0.0029839536327678,-0.0017955815348879,0.0011883720978799,0.3982542103972415,true,1e-06,false,loss,true
ieee14_structural_group_02_realization_02_seed_14202_8x8_held_out_seed14532010_aggregate_e0_to_e3,ieee14_structural_group_02_realization_02_seed_14202_8x8,ieee14,ieee14_structural_group_02,2,14532010.0,aggregate_e0_to_e3,balanced_magnitude,-0.0174470775580838,-0.0178562317925608,0.000409154234477,0.0234511615549882,false,1e-06,false,loss,true
ieee14_structural_group_02_realization_02_seed_14202_8x8_held_out_seed14532010_aggregate_e0_to_e3,ieee14_structural_group_02_realization_02_seed_14202_8x8,ieee14,ieee14_structural_group_02,2,14532010.0,aggregate_e0_to_e3,sensitivity_initial_mean,-0.0174470775580838,-0.0179995301463732,0.0005524525882894,0.031664477128059,false,1e-06,false,loss,true
ieee14_structural_group_02_realization_02_seed_14202_8x8_held_out_seed14532010_coordinate_e0,ieee14_structural_group_02_realization_02_seed_14202_8x8,ieee14,ieee14_structural_group_02,2,14532010.0,coordinate_e0,balanced_magnitude,-0.0152952617025936,-0.0153850306028615,8.976890026789891e-05,0.0058690659900691,false,1e-06,false,loss,true
ieee14_structural_group_02_realization_02_seed_14202_8x8_held_out_seed14532010_coordinate_e0,ieee14_structural_group_02_realization_02_seed_14202_8x8,ieee14,ieee14_structural_group_02,2,14532010.0,coordinate_e0,sensitivity_initial_mean,-0.0152952617025936,-0.0165973495398969,0.0013020878373033,0.0851301443951453,false,1e-06,false,loss,true
ieee14_structural_group_02_realization_02_seed_14202_8x8_held_out_seed14532010_signed_difference_e0_minus_e1,ieee14_structural_group_02_realization_02_seed_14202_8x8,ieee14,ieee14_structural_group_02,2,14532010.0,signed_difference_e0_minus_e1,balanced_magnitude,-0.008794661105813,-0.0088817777903893,8.711668457626713e-05,0.0099056329207142,false,1e-06,false,loss,true
ieee14_structural_group_02_realization_02_seed_14202_8x8_held_out_seed14532010_signed_difference_e0_minus_e1,ieee14_structural_group_02_realization_02_seed_14202_8x8,ieee14,ieee14_structural_group_02,2,14532010.0,signed_difference_e0_minus_e1,sensitivity_initial_mean,-0.008794661105813,-0.0107277676626985,0.0019331065568854,0.2198045534247763,true,1e-06,false,loss,true
ieee14_structural_group_02_realization_02_seed_14202_8x8_held_out_seed14532011_aggregate_e0_to_e3,ieee14_structural_group_02_realization_02_seed_14202_8x8,ieee14,ieee14_structural_group_02,2,14532011.0,aggregate_e0_to_e3,balanced_magnitude,-0.0031720074801557,-0.0025019575257936,0.0006700499543621,0.2112384534254686,true,1e-06,false,loss,true
ieee14_structural_group_02_realization_02_seed_14202_8x8_held_out_seed14532011_aggregate_e0_to_e3,ieee14_structural_group_02_realization_02_seed_14202_8x8,ieee14,ieee14_structural_group_02,2,14532011.0,aggregate_e0_to_e3,sensitivity_initial_mean,-0.0031720074801557,-0.0011170364334158,0.0020549710467398,0.6478455866185304,true,1e-06,false,loss,true
ieee14_structural_group_02_realization_02_seed_14202_8x8_held_out_seed14532011_coordinate_e0,ieee14_structural_group_02_realization_02_seed_14202_8x8,ieee14,ieee14_structural_group_02,2,14532011.0,coordinate_e0,balanced_magnitude,-0.0011307477508909,0.0007920864230074,0.0019228341738983,1.7004978983007966,true,1e-06,false,win,true
ieee14_structural_group_02_realization_02_seed_14202_8x8_held_out_seed14532011_coordinate_e0,ieee14_structural_group_02_realization_02_seed_14202_8x8,ieee14,ieee14_structural_group_02,2,14532011.0,coordinate_e0,sensitivity_initial_mean,-0.0011307477508909,0.0001988024127767,0.0013295501636676,1.1758149973060423,true,1e-06,false,win,true
ieee14_structural_group_02_realization_02_seed_14202_8x8_held_out_seed14532011_signed_difference_e0_minus_e1,ieee14_structural_group_02_realization_02_seed_14202_8x8,ieee14,ieee14_structural_group_02,2,14532011.0,signed_difference_e0_minus_e1,balanced_magnitude,-0.0063766460214742,-0.0047551087645445,0.0016215372569297,0.2542931270559788,true,1e-06,false,win,true
ieee14_structural_group_02_realization_02_seed_14202_8x8_held_out_seed14532011_signed_difference_e0_minus_e1,ieee14_structural_group_02_realization_02_seed_14202_8x8,ieee14,ieee14_structural_group_02,2,14532011.0,signed_difference_e0_minus_e1,sensitivity_initial_mean,-0.0063766460214742,-0.0063753573808223,1.2886406519172638e-06,0.0002020875312158,false,1e-06,false,win,true
ieee14_structural_group_02_realization_02_seed_14202_8x8_held_out_seed14532012_aggregate_e0_to_e3,ieee14_structural_group_02_realization_02_seed_14202_8x8,ieee14,ieee14_structural_group_02,2,14532012.0,aggregate_e0_to_e3,balanced_magnitude,-0.0125307125426181,-0.01245322828334,7.748425927810686e-05,0.0061835477443581,false,1e-06,false,loss,true
ieee14_structural_group_02_realization_02_seed_14202_8x8_held_out_seed14532012_aggregate_e0_to_e3,ieee14_structural_group_02_realization_02_seed_14202_8x8,ieee14,ieee14_structural_group_02,2,14532012.0,aggregate_e0_to_e3,sensitivity_initial_mean,-0.0125307125426181,-0.0123587214754364,0.0001719910671816,0.0137255616228304,false,1e-06,false,loss,true
ieee14_structural_group_02_realization_02_seed_14202_8x8_held_out_seed14532012_coordinate_e0,ieee14_structural_group_02_realization_02_seed_14202_8x8,ieee14,ieee14_structural_group_02,2,14532012.0,coordinate_e0,balanced_magnitude,-0.0117047919079728,-0.0113355736833467,0.000369218224626,0.031544193824971,false,1e-06,false,loss,true
ieee14_structural_group_02_realization_02_seed_14202_8x8_held_out_seed14532012_coordinate_e0,ieee14_structural_group_02_realization_02_seed_14202_8x8,ieee14,ieee14_structural_group_02,2,14532012.0,coordinate_e0,sensitivity_initial_mean,-0.0117047919079728,-0.0121792639739271,0.0004744720659543,0.0405365656805157,false,1e-06,false,loss,true
ieee14_structural_group_02_realization_02_seed_14202_8x8_held_out_seed14532012_signed_difference_e0_minus_e1,ieee14_structural_group_02_realization_02_seed_14202_8x8,ieee14,ieee14_structural_group_02,2,14532012.0,signed_difference_e0_minus_e1,balanced_magnitude,-0.0069909229312352,-0.0068719219274951,0.00011900100374,0.0170222165099833,false,1e-06,false,loss,true
ieee14_structural_group_02_realization_02_seed_14202_8x8_held_out_seed14532012_signed_difference_e0_minus_e1,ieee14_structural_group_02_realization_02_seed_14202_8x8,ieee14,ieee14_structural_group_02,2,14532012.0,signed_difference_e0_minus_e1,sensitivity_initial_mean,-0.0069909229312352,-0.0081892544879638,0.0011983315567285,0.1714124971074236,true,1e-06,false,loss,true
ieee14_structural_group_02_realization_02_seed_14202_8x8_held_out_seed14532013_aggregate_e0_to_e3,ieee14_structural_group_02_realization_02_seed_14202_8x8,ieee14,ieee14_structural_group_02,2,14532013.0,aggregate_e0_to_e3,balanced_magnitude,-0.0027906904582058,-0.0025958938044987,0.000194796653707,0.0698023147405326,false,1e-06,false,win,true
ieee14_structural_group_02_realization_02_seed_14202_8x8_held_out_seed14532013_aggregate_e0_to_e3,ieee14_structural_group_02_realization_02_seed_14202_8x8,ieee14,ieee14_structural_group_02,2,14532013.0,aggregate_e0_to_e3,sensitivity_initial_mean,-0.0027906904582058,-0.002697880003496,9.281045470982624e-05,0.0332571656010513,false,1e-06,false,win,true
ieee14_structural_group_02_realization_02_seed_14202_8x8_held_out_seed14532013_coordinate_e0,ieee14_structural_group_02_realization_02_seed_14202_8x8,ieee14,ieee14_structural_group_02,2,14532013.0,coordinate_e0,balanced_magnitude,0.0037128126194061,0.0043060966864346,0.0005932840670284,0.1597937003142877,true,1e-06,false,win,true
ieee14_structural_group_02_realization_02_seed_14202_8x8_held_out_seed14532013_coordinate_e0,ieee14_structural_group_02_realization_02_seed_14202_8x8,ieee14,ieee14_structural_group_02,2,14532013.0,coordinate_e0,sensitivity_initial_mean,0.0037128126194061,0.003540145055441,0.0001726675639651,0.0465058654085296,false,1e-06,false,win,true
ieee14_structural_group_02_realization_02_seed_14202_8x8_held_out_seed14532013_signed_difference_e0_minus_e1,ieee14_structural_group_02_realization_02_seed_14202_8x8,ieee14,ieee14_structural_group_02,2,14532013.0,signed_difference_e0_minus_e1,balanced_magnitude,0.0011574611752562,0.0017496320144156,0.0005921708391594,0.5116118378902315,true,1e-06,false,win,true
ieee14_structural_group_02_realization_02_seed_14202_8x8_held_out_seed14532013_signed_difference_e0_minus_e1,ieee14_structural_group_02_realization_02_seed_14202_8x8,ieee14,ieee14_structural_group_02,2,14532013.0,signed_difference_e0_minus_e1,sensitivity_initial_mean,0.0011574611752562,0.0006813852339063,0.0004760759413498,0.4113105057234469,true,1e-06,false,win,true
ieee14_structural_group_02_realization_02_seed_14202_8x8_held_out_seed14532014_aggregate_e0_to_e3,ieee14_structural_group_02_realization_02_seed_14202_8x8,ieee14,ieee14_structural_group_02,2,14532014.0,aggregate_e0_to_e3,balanced_magnitude,0.0017325654088448,0.0012727644044859,0.0004598010043588,0.2653873856718816,true,1e-06,false,win,true
ieee14_structural_group_02_realization_02_seed_14202_8x8_held_out_seed14532014_aggregate_e0_to_e3,ieee14_structural_group_02_realization_02_seed_14202_8x8,ieee14,ieee14_structural_group_02,2,14532014.0,aggregate_e0_to_e3,sensitivity_initial_mean,0.0017325654088448,0.0016573182857418,7.524712310302438e-05,0.0434310431911445,false,1e-06,false,win,true
ieee14_structural_group_02_realization_02_seed_14202_8x8_held_out_seed14532014_coordinate_e0,ieee14_structural_group_02_realization_02_seed_14202_8x8,ieee14,ieee14_structural_group_02,2,14532014.0,coordinate_e0,balanced_magnitude,-0.0055881294470138,-0.0062079013804038,0.0006197719333899,0.1109086572289738,true,1e-06,false,win,true
ieee14_structural_group_02_realization_02_seed_14202_8x8_held_out_seed14532014_coordinate_e0,ieee14_structural_group_02_realization_02_seed_14202_8x8,ieee14,ieee14_structural_group_02,2,14532014.0,coordinate_e0,sensitivity_initial_mean,-0.0055881294470138,-0.0054829429846723,0.0001051864623415,0.0188231971608648,false,1e-06,false,win,true
ieee14_structural_group_02_realization_02_seed_14202_8x8_held_out_seed14532014_signed_difference_e0_minus_e1,ieee14_structural_group_02_realization_02_seed_14202_8x8,ieee14,ieee14_structural_group_02,2,14532014.0,signed_difference_e0_minus_e1,balanced_magnitude,-0.0035515751784326,-0.0040014699646113,0.0004498947861787,0.1266747185617112,true,1e-06,false,win,true
ieee14_structural_group_02_realization_02_seed_14202_8x8_held_out_seed14532014_signed_difference_e0_minus_e1,ieee14_structural_group_02_realization_02_seed_14202_8x8,ieee14,ieee14_structural_group_02,2,14532014.0,signed_difference_e0_minus_e1,sensitivity_initial_mean,-0.0035515751784326,-0.0032368035538084,0.0003147716246241,0.0886287376192028,false,1e-06,false,win,true
ieee14_structural_group_02_realization_02_seed_14202_8x8_held_out_seed14532015_aggregate_e0_to_e3,ieee14_structural_group_02_realization_02_seed_14202_8x8,ieee14,ieee14_structural_group_02,2,14532015.0,aggregate_e0_to_e3,balanced_magnitude,-0.0107714598260507,-0.0109445196712116,0.0001730598451608,0.0160665172553796,false,1e-06,false,loss,true
ieee14_structural_group_02_realization_02_seed_14202_8x8_held_out_seed14532015_aggregate_e0_to_e3,ieee14_structural_group_02_realization_02_seed_14202_8x8,ieee14,ieee14_structural_group_02,2,14532015.0,aggregate_e0_to_e3,sensitivity_initial_mean,-0.0107714598260507,-0.0089791071885285,0.0017923526375222,0.1663983031517599,true,1e-06,false,loss,true
ieee14_structural_group_02_realization_02_seed_14202_8x8_held_out_seed14532015_coordinate_e0,ieee14_structural_group_02_realization_02_seed_14202_8x8,ieee14,ieee14_structural_group_02,2,14532015.0,coordinate_e0,balanced_magnitude,-0.0215548416323893,-0.0206985925991706,0.0008562490332187,0.0397242089652882,false,1e-06,false,loss,true
ieee14_structural_group_02_realization_02_seed_14202_8x8_held_out_seed14532015_coordinate_e0,ieee14_structural_group_02_realization_02_seed_14202_8x8,ieee14,ieee14_structural_group_02,2,14532015.0,coordinate_e0,sensitivity_initial_mean,-0.0215548416323893,-0.0206285364652034,0.0009263051671858,0.042974343443747,false,1e-06,false,loss,true
ieee14_structural_group_02_realization_02_seed_14202_8x8_held_out_seed14532015_signed_difference_e0_minus_e1,ieee14_structural_group_02_realization_02_seed_14202_8x8,ieee14,ieee14_structural_group_02,2,14532015.0,signed_difference_e0_minus_e1,balanced_magnitude,-0.0180880214503066,-0.0174187743021137,0.0006692471481929,0.0369994667482864,false,1e-06,false,win,true
ieee14_structural_group_02_realization_02_seed_14202_8x8_held_out_seed14532015_signed_difference_e0_minus_e1,ieee14_structural_group_02_realization_02_seed_14202_8x8,ieee14,ieee14_structural_group_02,2,14532015.0,signed_difference_e0_minus_e1,sensitivity_initial_mean,-0.0180880214503066,-0.0185642955337319,0.0004762740834252,0.0263309110249428,false,1e-06,false,win,true
ieee14_structural_group_02_realization_02_seed_14202_8x8_held_out_seed14532016_aggregate_e0_to_e3,ieee14_structural_group_02_realization_02_seed_14202_8x8,ieee14,ieee14_structural_group_02,2,14532016.0,aggregate_e0_to_e3,balanced_magnitude,-0.0102887575291387,-0.0101740271537697,0.0001147303753689,0.0111510427808227,false,1e-06,false,loss,true
ieee14_structural_group_02_realization_02_seed_14202_8x8_held_out_seed14532016_aggregate_e0_to_e3,ieee14_structural_group_02_realization_02_seed_14202_8x8,ieee14,ieee14_structural_group_02,2,14532016.0,aggregate_e0_to_e3,sensitivity_initial_mean,-0.0102887575291387,-0.0093570100467846,0.000931747482354,0.0905597667857626,false,1e-06,false,loss,true
ieee14_structural_group_02_realization_02_seed_14202_8x8_held_out_seed14532016_coordinate_e0,ieee14_structural_group_02_realization_02_seed_14202_8x8,ieee14,ieee14_structural_group_02,2,14532016.0,coordinate_e0,balanced_magnitude,-0.0087841342695423,-0.00773582840921,0.0010483058603322,0.1193408283804497,true,1e-06,false,win,true
ieee14_structural_group_02_realization_02_seed_14202_8x8_held_out_seed14532016_coordinate_e0,ieee14_structural_group_02_realization_02_seed_14202_8x8,ieee14,ieee14_structural_group_02,2,14532016.0,coordinate_e0,sensitivity_initial_mean,-0.0087841342695423,-0.0086539528555544,0.0001301814139879,0.0148200619427385,false,1e-06,false,win,true
ieee14_structural_group_02_realization_02_seed_14202_8x8_held_out_seed14532016_signed_difference_e0_minus_e1,ieee14_structural_group_02_realization_02_seed_14202_8x8,ieee14,ieee14_structural_group_02,2,14532016.0,signed_difference_e0_minus_e1,balanced_magnitude,-0.0086981332497802,-0.0077808993204722,0.0009172339293079,0.1054518139660736,true,1e-06,false,loss,true
ieee14_structural_group_02_realization_02_seed_14202_8x8_held_out_seed14532016_signed_difference_e0_minus_e1,ieee14_structural_group_02_realization_02_seed_14202_8x8,ieee14,ieee14_structural_group_02,2,14532016.0,signed_difference_e0_minus_e1,sensitivity_initial_mean,-0.0086981332497802,-0.0096645924088536,0.0009664591590734,0.111111100660346,true,1e-06,false,loss,true
ieee14_structural_group_02_realization_02_seed_14202_8x8_held_out_seed14532017_aggregate_e0_to_e3,ieee14_structural_group_02_realization_02_seed_14202_8x8,ieee14,ieee14_structural_group_02,2,14532017.0,aggregate_e0_to_e3,balanced_magnitude,0.0055230813188647,0.0042415984358246,0.00128148288304,0.2320231785585013,true,1e-06,false,win,true
ieee14_structural_group_02_realization_02_seed_14202_8x8_held_out_seed14532017_aggregate_e0_to_e3,ieee14_structural_group_02_realization_02_seed_14202_8x8,ieee14,ieee14_structural_group_02,2,14532017.0,aggregate_e0_to_e3,sensitivity_initial_mean,0.0055230813188647,0.0043668503865457,0.001156230932319,0.2093452668114377,true,1e-06,false,win,true
ieee14_structural_group_02_realization_02_seed_14202_8x8_held_out_seed14532017_coordinate_e0,ieee14_structural_group_02_realization_02_seed_14202_8x8,ieee14,ieee14_structural_group_02,2,14532017.0,coordinate_e0,balanced_magnitude,-0.0089411433014382,-0.0109529853421498,0.0020118420407115,0.2250094840094925,true,1e-06,false,win,true
ieee14_structural_group_02_realization_02_seed_14202_8x8_held_out_seed14532017_coordinate_e0,ieee14_structural_group_02_realization_02_seed_14202_8x8,ieee14,ieee14_structural_group_02,2,14532017.0,coordinate_e0,sensitivity_initial_mean,-0.0089411433014382,-0.009457821552755,0.0005166782513167,0.0577865977423316,false,1e-06,false,win,true
ieee14_structural_group_02_realization_02_seed_14202_8x8_held_out_seed14532017_signed_difference_e0_minus_e1,ieee14_structural_group_02_realization_02_seed_14202_8x8,ieee14,ieee14_structural_group_02,2,14532017.0,signed_difference_e0_minus_e1,balanced_magnitude,-0.0037701923873285,-0.0052115420524365,0.001441349665108,0.382301356809351,true,1e-06,false,win,true
ieee14_structural_group_02_realization_02_seed_14202_8x8_held_out_seed14532017_signed_difference_e0_minus_e1,ieee14_structural_group_02_realization_02_seed_14202_8x8,ieee14,ieee14_structural_group_02,2,14532017.0,signed_difference_e0_minus_e1,sensitivity_initial_mean,-0.0037701923873285,-0.0032974862638734,0.0004727061234551,0.1253798413693437,true,1e-06,false,win,true
ieee14_structural_group_02_realization_02_seed_14202_8x8_held_out_seed14532018_aggregate_e0_to_e3,ieee14_structural_group_02_realization_02_seed_14202_8x8,ieee14,ieee14_structural_group_02,2,14532018.0,aggregate_e0_to_e3,balanced_magnitude,-0.0075401139491781,-0.0069119797847675,0.0006281341644106,0.0833056593898158,false,1e-06,false,loss,true
ieee14_structural_group_02_realization_02_seed_14202_8x8_held_out_seed14532018_aggregate_e0_to_e3,ieee14_structural_group_02_realization_02_seed_14202_8x8,ieee14,ieee14_structural_group_02,2,14532018.0,aggregate_e0_to_e3,sensitivity_initial_mean,-0.0075401139491781,-0.0064485585183857,0.0010915554307924,0.1447664369729394,true,1e-06,false,loss,true
ieee14_structural_group_02_realization_02_seed_14202_8x8_held_out_seed14532018_coordinate_e0,ieee14_structural_group_02_realization_02_seed_14202_8x8,ieee14,ieee14_structural_group_02,2,14532018.0,coordinate_e0,balanced_magnitude,-0.0015894045663521,-0.0002032133916781,0.001386191174674,0.8721449554253514,true,1e-06,false,win,true
ieee14_structural_group_02_realization_02_seed_14202_8x8_held_out_seed14532018_coordinate_e0,ieee14_structural_group_02_realization_02_seed_14202_8x8,ieee14,ieee14_structural_group_02,2,14532018.0,coordinate_e0,sensitivity_initial_mean,-0.0015894045663521,-0.0011614490167467,0.0004279555496054,0.2692552661954648,true,1e-06,false,win,true
ieee14_structural_group_02_realization_02_seed_14202_8x8_held_out_seed14532018_signed_difference_e0_minus_e1,ieee14_structural_group_02_realization_02_seed_14202_8x8,ieee14,ieee14_structural_group_02,2,14532018.0,signed_difference_e0_minus_e1,balanced_magnitude,-0.0034081418942848,-0.002369990523977,0.0010381513703077,0.3046091983578139,true,1e-06,false,win,true
ieee14_structural_group_02_realization_02_seed_14202_8x8_held_out_seed14532018_signed_difference_e0_minus_e1,ieee14_structural_group_02_realization_02_seed_14202_8x8,ieee14,ieee14_structural_group_02,2,14532018.0,signed_difference_e0_minus_e1,sensitivity_initial_mean,-0.0034081418942848,-0.0039768010545671,0.0005686591602823,0.1668531352042347,true,1e-06,false,win,true
ieee14_structural_group_02_realization_02_seed_14202_8x8_held_out_seed14532019_aggregate_e0_to_e3,ieee14_structural_group_02_realization_02_seed_14202_8x8,ieee14,ieee14_structural_group_02,2,14532019.0,aggregate_e0_to_e3,balanced_magnitude,-0.0011496903594554,-0.0015042313756353,0.0003545410161799,0.3083795678236846,true,1e-06,false,loss,true
ieee14_structural_group_02_realization_02_seed_14202_8x8_held_out_seed14532019_aggregate_e0_to_e3,ieee14_structural_group_02_realization_02_seed_14202_8x8,ieee14,ieee14_structural_group_02,2,14532019.0,aggregate_e0_to_e3,sensitivity_initial_mean,-0.0011496903594554,-0.001675267048276,0.0005255766888206,0.4571462955204309,true,1e-06,false,loss,true
ieee14_structural_group_02_realization_02_seed_14202_8x8_held_out_seed14532019_coordinate_e0,ieee14_structural_group_02_realization_02_seed_14202_8x8,ieee14,ieee14_structural_group_02,2,14532019.0,coordinate_e0,balanced_magnitude,-0.0024548874617611,-0.0029470678319594,0.0004921803701982,0.2004899930708805,true,1e-06,false,win,true
ieee14_structural_group_02_realization_02_seed_14202_8x8_held_out_seed14532019_coordinate_e0,ieee14_structural_group_02_realization_02_seed_14202_8x8,ieee14,ieee14_structural_group_02,2,14532019.0,coordinate_e0,sensitivity_initial_mean,-0.0024548874617611,-0.0029250961256375,0.0004702086638763,0.1915398042479064,true,1e-06,false,win,true
ieee14_structural_group_02_realization_02_seed_14202_8x8_held_out_seed14532019_signed_difference_e0_minus_e1,ieee14_structural_group_02_realization_02_seed_14202_8x8,ieee14,ieee14_structural_group_02,2,14532019.0,signed_difference_e0_minus_e1,balanced_magnitude,-0.0007969983794486,-0.0011224742365726,0.000325475857124,0.408377062634953,true,1e-06,false,win,true
ieee14_structural_group_02_realization_02_seed_14202_8x8_held_out_seed14532019_signed_difference_e0_minus_e1,ieee14_structural_group_02_realization_02_seed_14202_8x8,ieee14,ieee14_structural_group_02,2,14532019.0,signed_difference_e0_minus_e1,sensitivity_initial_mean,-0.0007969983794486,-0.0010636442161383,0.0002666458366896,0.3345625832691909,true,1e-06,false,win,true
ieee14_structural_group_03_realization_01_seed_14201_8x8_held_out_seed14542000_aggregate_e0_to_e3,ieee14_structural_group_03_realization_01_seed_14201_8x8,ieee14,ieee14_structural_group_03,1,14542000.0,aggregate_e0_to_e3,balanced_magnitude,-0.0019512065592327,-0.0020981786697283,0.0001469721104955,0.0753237066573659,false,1e-06,false,loss,true
ieee14_structural_group_03_realization_01_seed_14201_8x8_held_out_seed14542000_aggregate_e0_to_e3,ieee14_structural_group_03_realization_01_seed_14201_8x8,ieee14,ieee14_structural_group_03,1,14542000.0,aggregate_e0_to_e3,sensitivity_initial_mean,-0.0019512065592327,-0.002102170831342,0.0001509642721092,0.0773697030664944,false,1e-06,false,loss,true
ieee14_structural_group_03_realization_01_seed_14201_8x8_held_out_seed14542000_coordinate_e0,ieee14_structural_group_03_realization_01_seed_14201_8x8,ieee14,ieee14_structural_group_03,1,14542000.0,coordinate_e0,balanced_magnitude,-0.0016515323402716,-0.0016154752455827,3.605709468889858e-05,0.0218325090037096,false,1e-06,false,win,true
ieee14_structural_group_03_realization_01_seed_14201_8x8_held_out_seed14542000_coordinate_e0,ieee14_structural_group_03_realization_01_seed_14201_8x8,ieee14,ieee14_structural_group_03,1,14542000.0,coordinate_e0,sensitivity_initial_mean,-0.0016515323402716,-0.0016851474498068,3.361510953515034e-05,0.0203538911806117,false,1e-06,false,win,true
ieee14_structural_group_03_realization_01_seed_14201_8x8_held_out_seed14542000_signed_difference_e0_minus_e1,ieee14_structural_group_03_realization_01_seed_14201_8x8,ieee14,ieee14_structural_group_03,1,14542000.0,signed_difference_e0_minus_e1,balanced_magnitude,0.0016168010523316,0.0016213717681628,4.570715831175767e-06,0.0028270119100826,false,1e-06,false,loss,true
ieee14_structural_group_03_realization_01_seed_14201_8x8_held_out_seed14542000_signed_difference_e0_minus_e1,ieee14_structural_group_03_realization_01_seed_14201_8x8,ieee14,ieee14_structural_group_03,1,14542000.0,signed_difference_e0_minus_e1,sensitivity_initial_mean,0.0016168010523316,0.0015195496496816,9.7251402650078e-05,0.0601505067737466,false,1e-06,false,loss,true
ieee14_structural_group_03_realization_01_seed_14201_8x8_held_out_seed14542001_aggregate_e0_to_e3,ieee14_structural_group_03_realization_01_seed_14201_8x8,ieee14,ieee14_structural_group_03,1,14542001.0,aggregate_e0_to_e3,balanced_magnitude,-0.001826759348422,-0.0017657265147562,6.103283366582749e-05,0.0334104400333555,false,1e-06,false,win,true
ieee14_structural_group_03_realization_01_seed_14201_8x8_held_out_seed14542001_aggregate_e0_to_e3,ieee14_structural_group_03_realization_01_seed_14201_8x8,ieee14,ieee14_structural_group_03,1,14542001.0,aggregate_e0_to_e3,sensitivity_initial_mean,-0.001826759348422,-0.0018573609417344,3.060159331233145e-05,0.0167518471104388,false,1e-06,false,win,true
ieee14_structural_group_03_realization_01_seed_14201_8x8_held_out_seed14542001_coordinate_e0,ieee14_structural_group_03_realization_01_seed_14201_8x8,ieee14,ieee14_structural_group_03,1,14542001.0,coordinate_e0,balanced_magnitude,-0.0042364197861044,-0.00430595561762,6.953583151559847e-05,0.0164138199296672,false,1e-06,false,loss,true
ieee14_structural_group_03_realization_01_seed_14201_8x8_held_out_seed14542001_coordinate_e0,ieee14_structural_group_03_realization_01_seed_14201_8x8,ieee14,ieee14_structural_group_03,1,14542001.0,coordinate_e0,sensitivity_initial_mean,-0.0042364197861044,-0.0043351340355643,9.871424945987178e-05,0.0233013380269008,false,1e-06,false,loss,true
ieee14_structural_group_03_realization_01_seed_14201_8x8_held_out_seed14542001_signed_difference_e0_minus_e1,ieee14_structural_group_03_realization_01_seed_14201_8x8,ieee14,ieee14_structural_group_03,1,14542001.0,signed_difference_e0_minus_e1,balanced_magnitude,-0.0036315631158808,-0.0037743674239245,0.0001428043080437,0.0393230968282645,false,1e-06,false,win,true
ieee14_structural_group_03_realization_01_seed_14201_8x8_held_out_seed14542001_signed_difference_e0_minus_e1,ieee14_structural_group_03_realization_01_seed_14201_8x8,ieee14,ieee14_structural_group_03,1,14542001.0,signed_difference_e0_minus_e1,sensitivity_initial_mean,-0.0036315631158808,-0.0036485474986243,1.6984382743559772e-05,0.0046768794047078,false,1e-06,false,win,true
ieee14_structural_group_03_realization_01_seed_14201_8x8_held_out_seed14542002_aggregate_e0_to_e3,ieee14_structural_group_03_realization_01_seed_14201_8x8,ieee14,ieee14_structural_group_03,1,14542002.0,aggregate_e0_to_e3,balanced_magnitude,0.0029547899902779,0.0030766365197775,0.0001218465294996,0.0412369508156355,false,1e-06,false,win,true
ieee14_structural_group_03_realization_01_seed_14201_8x8_held_out_seed14542002_aggregate_e0_to_e3,ieee14_structural_group_03_realization_01_seed_14201_8x8,ieee14,ieee14_structural_group_03,1,14542002.0,aggregate_e0_to_e3,sensitivity_initial_mean,0.0029547899902779,0.003025103642675,7.031365239713568e-05,0.0237964974257011,false,1e-06,false,win,true
ieee14_structural_group_03_realization_01_seed_14201_8x8_held_out_seed14542002_coordinate_e0,ieee14_structural_group_03_realization_01_seed_14201_8x8,ieee14,ieee14_structural_group_03,1,14542002.0,coordinate_e0,balanced_magnitude,0.0074645085573178,0.0074658278822894,1.3193249716629205e-06,0.0001767463941573,false,1e-06,false,loss,true
ieee14_structural_group_03_realization_01_seed_14201_8x8_held_out_seed14542002_coordinate_e0,ieee14_structural_group_03_realization_01_seed_14201_8x8,ieee14,ieee14_structural_group_03,1,14542002.0,coordinate_e0,sensitivity_initial_mean,0.0074645085573178,0.0074205626908634,4.394586645430944e-05,0.0058873087379914,false,1e-06,false,loss,true
ieee14_structural_group_03_realization_01_seed_14201_8x8_held_out_seed14542002_signed_difference_e0_minus_e1,ieee14_structural_group_03_realization_01_seed_14201_8x8,ieee14,ieee14_structural_group_03,1,14542002.0,signed_difference_e0_minus_e1,balanced_magnitude,0.0070610020920376,0.0070411262864484,1.9875805589106635e-05,0.0028148703725098,false,1e-06,false,loss,true
ieee14_structural_group_03_realization_01_seed_14201_8x8_held_out_seed14542002_signed_difference_e0_minus_e1,ieee14_structural_group_03_realization_01_seed_14201_8x8,ieee14,ieee14_structural_group_03,1,14542002.0,signed_difference_e0_minus_e1,sensitivity_initial_mean,0.0070610020920376,0.0071276419089906,6.66398169530515e-05,0.0094377279718127,false,1e-06,false,loss,true
ieee14_structural_group_03_realization_01_seed_14201_8x8_held_out_seed14542003_aggregate_e0_to_e3,ieee14_structural_group_03_realization_01_seed_14201_8x8,ieee14,ieee14_structural_group_03,1,14542003.0,aggregate_e0_to_e3,balanced_magnitude,0.001270414059656,0.0014444597357833,0.0001740456761272,0.1369991734618909,true,1e-06,false,win,true
ieee14_structural_group_03_realization_01_seed_14201_8x8_held_out_seed14542003_aggregate_e0_to_e3,ieee14_structural_group_03_realization_01_seed_14201_8x8,ieee14,ieee14_structural_group_03,1,14542003.0,aggregate_e0_to_e3,sensitivity_initial_mean,0.001270414059656,0.0013053940170276,3.4979957371559286e-05,0.0275342964804951,false,1e-06,false,win,true
ieee14_structural_group_03_realization_01_seed_14201_8x8_held_out_seed14542003_coordinate_e0,ieee14_structural_group_03_realization_01_seed_14201_8x8,ieee14,ieee14_structural_group_03,1,14542003.0,coordinate_e0,balanced_magnitude,0.0031294575961921,0.0031700458961964,4.05883000042539e-05,0.0129697555428265,false,1e-06,false,win,true
ieee14_structural_group_03_realization_01_seed_14201_8x8_held_out_seed14542003_coordinate_e0,ieee14_structural_group_03_realization_01_seed_14201_8x8,ieee14,ieee14_structural_group_03,1,14542003.0,coordinate_e0,sensitivity_initial_mean,0.0031294575961921,0.0031615975672687,3.213997107654907e-05,0.0102701410991016,false,1e-06,false,win,true
ieee14_structural_group_03_realization_01_seed_14201_8x8_held_out_seed14542003_signed_difference_e0_minus_e1,ieee14_structural_group_03_realization_01_seed_14201_8x8,ieee14,ieee14_structural_group_03,1,14542003.0,signed_difference_e0_minus_e1,balanced_magnitude,0.0026968986346293,0.0028612856187025,0.0001643869840731,0.0609540833171722,false,1e-06,false,win,true
ieee14_structural_group_03_realization_01_seed_14201_8x8_held_out_seed14542003_signed_difference_e0_minus_e1,ieee14_structural_group_03_realization_01_seed_14201_8x8,ieee14,ieee14_structural_group_03,1,14542003.0,signed_difference_e0_minus_e1,sensitivity_initial_mean,0.0026968986346293,0.0026887335236988,8.165110930499677e-06,0.0030275928155608,false,1e-06,false,win,true
ieee14_structural_group_03_realization_01_seed_14201_8x8_held_out_seed14542004_aggregate_e0_to_e3,ieee14_structural_group_03_realization_01_seed_14201_8x8,ieee14,ieee14_structural_group_03,1,14542004.0,aggregate_e0_to_e3,balanced_magnitude,-0.001038479379719,-0.0009640610736818,7.441830603719117e-05,0.0716608413133094,false,1e-06,false,win,true
ieee14_structural_group_03_realization_01_seed_14201_8x8_held_out_seed14542004_aggregate_e0_to_e3,ieee14_structural_group_03_realization_01_seed_14201_8x8,ieee14,ieee14_structural_group_03,1,14542004.0,aggregate_e0_to_e3,sensitivity_initial_mean,-0.001038479379719,-0.0010083164263666,3.016295335245191e-05,0.0290453079199435,false,1e-06,false,win,true
ieee14_structural_group_03_realization_01_seed_14201_8x8_held_out_seed14542004_coordinate_e0,ieee14_structural_group_03_realization_01_seed_14201_8x8,ieee14,ieee14_structural_group_03,1,14542004.0,coordinate_e0,balanced_magnitude,-0.0022443771108631,-0.0022234644755699,2.0912635293114656e-05,0.0093177903088988,false,1e-06,false,loss,true
ieee14_structural_group_03_realization_01_seed_14201_8x8_held_out_seed14542004_coordinate_e0,ieee14_structural_group_03_realization_01_seed_14201_8x8,ieee14,ieee14_structural_group_03,1,14542004.0,coordinate_e0,sensitivity_initial_mean,-0.0022443771108631,-0.0021878988300399,5.6478280823116494e-05,0.0251643453988874,false,1e-06,false,loss,true
ieee14_structural_group_03_realization_01_seed_14201_8x8_held_out_seed14542004_signed_difference_e0_minus_e1,ieee14_structural_group_03_realization_01_seed_14201_8x8,ieee14,ieee14_structural_group_03,1,14542004.0,signed_difference_e0_minus_e1,balanced_magnitude,-0.0018400882432043,-0.0017149571338768,0.0001251311093275,0.0680027763829588,false,1e-06,false,win,true
ieee14_structural_group_03_realization_01_seed_14201_8x8_held_out_seed14542004_signed_difference_e0_minus_e1,ieee14_structural_group_03_realization_01_seed_14201_8x8,ieee14,ieee14_structural_group_03,1,14542004.0,signed_difference_e0_minus_e1,sensitivity_initial_mean,-0.0018400882432043,-0.0018504879671608,1.0399723956449603e-05,0.0056517528411242,false,1e-06,false,win,true
ieee14_structural_group_03_realization_01_seed_14201_8x8_held_out_seed14542005_aggregate_e0_to_e3,ieee14_structural_group_03_realization_01_seed_14201_8x8,ieee14,ieee14_structural_group_03,1,14542005.0,aggregate_e0_to_e3,balanced_magnitude,-0.0005813852489603,-0.0006071421480078,2.5756899047463255e-05,0.0443026359776425,false,1e-06,false,win,true
ieee14_structural_group_03_realization_01_seed_14201_8x8_held_out_seed14542005_aggregate_e0_to_e3,ieee14_structural_group_03_realization_01_seed_14201_8x8,ieee14,ieee14_structural_group_03,1,14542005.0,aggregate_e0_to_e3,sensitivity_initial_mean,-0.0005813852489603,-0.0006046791606555,2.32939116951319e-05,0.0400662241375837,false,1e-06,false,win,true
ieee14_structural_group_03_realization_01_seed_14201_8x8_held_out_seed14542005_coordinate_e0,ieee14_structural_group_03_realization_01_seed_14201_8x8,ieee14,ieee14_structural_group_03,1,14542005.0,coordinate_e0,balanced_magnitude,0.00138568854447,0.0014045637041404,1.887515967039996e-05,0.0136215022818267,false,1e-06,false,win,true
ieee14_structural_group_03_realization_01_seed_14201_8x8_held_out_seed14542005_coordinate_e0,ieee14_structural_group_03_realization_01_seed_14201_8x8,ieee14,ieee14_structural_group_03,1,14542005.0,coordinate_e0,sensitivity_initial_mean,0.00138568854447,0.0013971144553037,1.1425910833736362e-05,0.0082456558361072,false,1e-06,false,win,true
ieee14_structural_group_03_realization_01_seed_14201_8x8_held_out_seed14542005_signed_difference_e0_minus_e1,ieee14_structural_group_03_realization_01_seed_14201_8x8,ieee14,ieee14_structural_group_03,1,14542005.0,signed_difference_e0_minus_e1,balanced_magnitude,0.0040931047384595,0.0041595509924872,6.64462540276899e-05,0.0162337047970821,false,1e-06,false,win,true
ieee14_structural_group_03_realization_01_seed_14201_8x8_held_out_seed14542005_signed_difference_e0_minus_e1,ieee14_structural_group_03_realization_01_seed_14201_8x8,ieee14,ieee14_structural_group_03,1,14542005.0,signed_difference_e0_minus_e1,sensitivity_initial_mean,0.0040931047384595,0.0041060326035804,1.2927865120947351e-05,0.0031584496236988,false,1e-06,false,win,true
ieee14_structural_group_03_realization_01_seed_14201_8x8_held_out_seed14542006_aggregate_e0_to_e3,ieee14_structural_group_03_realization_01_seed_14201_8x8,ieee14,ieee14_structural_group_03,1,14542006.0,aggregate_e0_to_e3,balanced_magnitude,0.0010084615613446,0.0011261040257267,0.0001176424643821,0.1166553777471301,true,1e-06,false,win,true
ieee14_structural_group_03_realization_01_seed_14201_8x8_held_out_seed14542006_aggregate_e0_to_e3,ieee14_structural_group_03_realization_01_seed_14201_8x8,ieee14,ieee14_structural_group_03,1,14542006.0,aggregate_e0_to_e3,sensitivity_initial_mean,0.0010084615613446,0.0010057632165801,2.6983447644606667e-06,0.0026757041298261,false,1e-06,false,win,true
ieee14_structural_group_03_realization_01_seed_14201_8x8_held_out_seed14542006_coordinate_e0,ieee14_structural_group_03_realization_01_seed_14201_8x8,ieee14,ieee14_structural_group_03,1,14542006.0,coordinate_e0,balanced_magnitude,0.0023992601799204,0.002422372727714,2.3112547793670713e-05,0.0096331977611687,false,1e-06,false,win,true
ieee14_structural_group_03_realization_01_seed_14201_8x8_held_out_seed14542006_coordinate_e0,ieee14_structural_group_03_realization_01_seed_14201_8x8,ieee14,ieee14_structural_group_03,1,14542006.0,coordinate_e0,sensitivity_initial_mean,0.0023992601799204,0.0024204819330819,2.1221753161569656e-05,0.0088451237340476,false,1e-06,false,win,true
ieee14_structural_group_03_realization_01_seed_14201_8x8_held_out_seed14542006_signed_difference_e0_minus_e1,ieee14_structural_group_03_realization_01_seed_14201_8x8,ieee14,ieee14_structural_group_03,1,14542006.0,signed_difference_e0_minus_e1,balanced_magnitude,0.001954928513288,0.0020805539991681,0.0001256254858801,0.0642609103229122,false,1e-06,false,win,true
ieee14_structural_group_03_realization_01_seed_14201_8x8_held_out_seed14542006_signed_difference_e0_minus_e1,ieee14_structural_group_03_realization_01_seed_14201_8x8,ieee14,ieee14_structural_group_03,1,14542006.0,signed_difference_e0_minus_e1,sensitivity_initial_mean,0.001954928513288,0.001936329506616,1.8599006671939262e-05,0.0095139062863518,false,1e-06,false,win,true
ieee14_structural_group_03_realization_01_seed_14201_8x8_held_out_seed14542007_aggregate_e0_to_e3,ieee14_structural_group_03_realization_01_seed_14201_8x8,ieee14,ieee14_structural_group_03,1,14542007.0,aggregate_e0_to_e3,balanced_magnitude,0.0016808130503001,0.0014132025113108,0.0002676105389892,0.1592149340710147,true,1e-06,false,win,true
ieee14_structural_group_03_realization_01_seed_14201_8x8_held_out_seed14542007_aggregate_e0_to_e3,ieee14_structural_group_03_realization_01_seed_14201_8x8,ieee14,ieee14_structural_group_03,1,14542007.0,aggregate_e0_to_e3,sensitivity_initial_mean,0.0016808130503001,0.001540266162492,0.000140546887808,0.0836183939569984,false,1e-06,false,win,true
ieee14_structural_group_03_realization_01_seed_14201_8x8_held_out_seed14542007_coordinate_e0,ieee14_structural_group_03_realization_01_seed_14201_8x8,ieee14,ieee14_structural_group_03,1,14542007.0,coordinate_e0,balanced_magnitude,0.0033432394834958,0.0033685854913632,2.5346007867375897e-05,0.0075812719945723,false,1e-06,false,win,true
ieee14_structural_group_03_realization_01_seed_14201_8x8_held_out_seed14542007_coordinate_e0,ieee14_structural_group_03_realization_01_seed_14201_8x8,ieee14,ieee14_structural_group_03,1,14542007.0,coordinate_e0,sensitivity_initial_mean,0.0033432394834958,0.0033674217234625,2.418223996663183e-05,0.0072331761113761,false,1e-06,false,win,true
ieee14_structural_group_03_realization_01_seed_14201_8x8_held_out_seed14542007_signed_difference_e0_minus_e1,ieee14_structural_group_03_realization_01_seed_14201_8x8,ieee14,ieee14_structural_group_03,1,14542007.0,signed_difference_e0_minus_e1,balanced_magnitude,0.0024079545492338,0.0024215504898096,1.3595940575819847e-05,0.0056462612968114,false,1e-06,false,loss,true
ieee14_structural_group_03_realization_01_seed_14201_8x8_held_out_seed14542007_signed_difference_e0_minus_e1,ieee14_structural_group_03_realization_01_seed_14201_8x8,ieee14,ieee14_structural_group_03,1,14542007.0,signed_difference_e0_minus_e1,sensitivity_initial_mean,0.0024079545492338,0.0024982586853142,9.030413608045228e-05,0.0375024254960237,false,1e-06,false,loss,true
ieee14_structural_group_03_realization_01_seed_14201_8x8_held_out_seed14542008_aggregate_e0_to_e3,ieee14_structural_group_03_realization_01_seed_14201_8x8,ieee14,ieee14_structural_group_03,1,14542008.0,aggregate_e0_to_e3,balanced_magnitude,0.0037363814179914,0.0036293967069018,0.0001069847110895,0.0286332413961827,false,1e-06,false,loss,true
ieee14_structural_group_03_realization_01_seed_14201_8x8_held_out_seed14542008_aggregate_e0_to_e3,ieee14_structural_group_03_realization_01_seed_14201_8x8,ieee14,ieee14_structural_group_03,1,14542008.0,aggregate_e0_to_e3,sensitivity_initial_mean,0.0037363814179914,0.0038643764976804,0.0001279950796889,0.0342564276421682,false,1e-06,false,loss,true
ieee14_structural_group_03_realization_01_seed_14201_8x8_held_out_seed14542008_coordinate_e0,ieee14_structural_group_03_realization_01_seed_14201_8x8,ieee14,ieee14_structural_group_03,1,14542008.0,coordinate_e0,balanced_magnitude,0.0082020686707466,0.0081880116288321,1.4057041914509669e-05,0.0017138410416685,false,1e-06,false,loss,true
ieee14_structural_group_03_realization_01_seed_14201_8x8_held_out_seed14542008_coordinate_e0,ieee14_structural_group_03_realization_01_seed_14201_8x8,ieee14,ieee14_structural_group_03,1,14542008.0,coordinate_e0,sensitivity_initial_mean,0.0082020686707466,0.0082508164406456,4.874776989893456e-05,0.0059433506174847,false,1e-06,false,loss,true
ieee14_structural_group_03_realization_01_seed_14201_8x8_held_out_seed14542008_signed_difference_e0_minus_e1,ieee14_structural_group_03_realization_01_seed_14201_8x8,ieee14,ieee14_structural_group_03,1,14542008.0,signed_difference_e0_minus_e1,balanced_magnitude,0.0067837516281982,0.0067118883714462,7.186325675201648e-05,0.0105934386591189,false,1e-06,false,loss,true
ieee14_structural_group_03_realization_01_seed_14201_8x8_held_out_seed14542008_signed_difference_e0_minus_e1,ieee14_structural_group_03_realization_01_seed_14201_8x8,ieee14,ieee14_structural_group_03,1,14542008.0,signed_difference_e0_minus_e1,sensitivity_initial_mean,0.0067837516281982,0.0069313912653678,0.0001476396371696,0.0217637150151426,false,1e-06,false,loss,true
ieee14_structural_group_03_realization_01_seed_14201_8x8_held_out_seed14542009_aggregate_e0_to_e3,ieee14_structural_group_03_realization_01_seed_14201_8x8,ieee14,ieee14_structural_group_03,1,14542009.0,aggregate_e0_to_e3,balanced_magnitude,-0.002905846905005,-0.002990921636028,8.507473102301912e-05,0.0292770864413005,false,1e-06,false,win,true
ieee14_structural_group_03_realization_01_seed_14201_8x8_held_out_seed14542009_aggregate_e0_to_e3,ieee14_structural_group_03_realization_01_seed_14201_8x8,ieee14,ieee14_structural_group_03,1,14542009.0,aggregate_e0_to_e3,sensitivity_initial_mean,-0.002905846905005,-0.002971924941218,6.607803621294607e-05,0.0227396825686626,false,1e-06,false,win,true
ieee14_structural_group_03_realization_01_seed_14201_8x8_held_out_seed14542009_coordinate_e0,ieee14_structural_group_03_realization_01_seed_14201_8x8,ieee14,ieee14_structural_group_03,1,14542009.0,coordinate_e0,balanced_magnitude,-0.00493577761619,-0.0049569921609738,2.1214544783755736e-05,0.0042981160079354,false,1e-06,false,loss,true
ieee14_structural_group_03_realization_01_seed_14201_8x8_held_out_seed14542009_coordinate_e0,ieee14_structural_group_03_realization_01_seed_14201_8x8,ieee14,ieee14_structural_group_03,1,14542009.0,coordinate_e0,sensitivity_initial_mean,-0.00493577761619,-0.0049082119719862,2.756564420377562e-05,0.0055848634900722,false,1e-06,false,loss,true
ieee14_structural_group_03_realization_01_seed_14201_8x8_held_out_seed14542009_signed_difference_e0_minus_e1,ieee14_structural_group_03_realization_01_seed_14201_8x8,ieee14,ieee14_structural_group_03,1,14542009.0,signed_difference_e0_minus_e1,balanced_magnitude,-0.0022744502972178,-0.0022140846976699,6.036559954789933e-05,0.0265407424474125,false,1e-06,false,win,true
ieee14_structural_group_03_realization_01_seed_14201_8x8_held_out_seed14542009_signed_difference_e0_minus_e1,ieee14_structural_group_03_realization_01_seed_14201_8x8,ieee14,ieee14_structural_group_03,1,14542009.0,signed_difference_e0_minus_e1,sensitivity_initial_mean,-0.0022744502972178,-0.0022161147933788,5.833550383900054e-05,0.0256481770168194,false,1e-06,false,win,true
ieee14_structural_group_03_realization_01_seed_14201_8x8_held_out_seed14542010_aggregate_e0_to_e3,ieee14_structural_group_03_realization_01_seed_14201_8x8,ieee14,ieee14_structural_group_03,1,14542010.0,aggregate_e0_to_e3,balanced_magnitude,0.0007668089509751,0.0008992015212,0.0001323925702248,0.1726539186280175,true,1e-06,false,loss,true
ieee14_structural_group_03_realization_01_seed_14201_8x8_held_out_seed14542010_aggregate_e0_to_e3,ieee14_structural_group_03_realization_01_seed_14201_8x8,ieee14,ieee14_structural_group_03,1,14542010.0,aggregate_e0_to_e3,sensitivity_initial_mean,0.0007668089509751,0.0009646327775221,0.000197823826547,0.2579831994598439,true,1e-06,false,loss,true
ieee14_structural_group_03_realization_01_seed_14201_8x8_held_out_seed14542010_coordinate_e0,ieee14_structural_group_03_realization_01_seed_14201_8x8,ieee14,ieee14_structural_group_03,1,14542010.0,coordinate_e0,balanced_magnitude,0.0016468670317957,0.001694976338356,4.810930656029642e-05,0.0292126235035726,false,1e-06,false,win,true
ieee14_structural_group_03_realization_01_seed_14201_8x8_held_out_seed14542010_coordinate_e0,ieee14_structural_group_03_realization_01_seed_14201_8x8,ieee14,ieee14_structural_group_03,1,14542010.0,coordinate_e0,sensitivity_initial_mean,0.0016468670317957,0.0016606208145539,1.37537827581359e-05,0.0083514834486293,false,1e-06,false,win,true
ieee14_structural_group_03_realization_01_seed_14201_8x8_held_out_seed14542010_signed_difference_e0_minus_e1,ieee14_structural_group_03_realization_01_seed_14201_8x8,ieee14,ieee14_structural_group_03,1,14542010.0,signed_difference_e0_minus_e1,balanced_magnitude,0.0013838140764969,0.001364226351084,1.9587725412922382e-05,0.0141548823253098,false,1e-06,false,loss,true
ieee14_structural_group_03_realization_01_seed_14201_8x8_held_out_seed14542010_signed_difference_e0_minus_e1,ieee14_structural_group_03_realization_01_seed_14201_8x8,ieee14,ieee14_structural_group_03,1,14542010.0,signed_difference_e0_minus_e1,sensitivity_initial_mean,0.0013838140764969,0.0014047303977344,2.0916321237435687e-05,0.0151149793839238,false,1e-06,false,loss,true
ieee14_structural_group_03_realization_01_seed_14201_8x8_held_out_seed14542011_aggregate_e0_to_e3,ieee14_structural_group_03_realization_01_seed_14201_8x8,ieee14,ieee14_structural_group_03,1,14542011.0,aggregate_e0_to_e3,balanced_magnitude,0.000311132117179,0.0003423586709272,3.122655374820601e-05,0.1003642890722185,true,1e-06,false,win,true
ieee14_structural_group_03_realization_01_seed_14201_8x8_held_out_seed14542011_aggregate_e0_to_e3,ieee14_structural_group_03_realization_01_seed_14201_8x8,ieee14,ieee14_structural_group_03,1,14542011.0,aggregate_e0_to_e3,sensitivity_initial_mean,0.000311132117179,0.0003296877020881,1.8555584909089226e-05,0.0596389247028874,false,1e-06,false,win,true
ieee14_structural_group_03_realization_01_seed_14201_8x8_held_out_seed14542011_coordinate_e0,ieee14_structural_group_03_realization_01_seed_14201_8x8,ieee14,ieee14_structural_group_03,1,14542011.0,coordinate_e0,balanced_magnitude,-0.0006895103440791,-0.0007085179800307,1.900763595152151e-05,0.0275668612004732,false,1e-06,false,win,true
ieee14_structural_group_03_realization_01_seed_14201_8x8_held_out_seed14542011_coordinate_e0,ieee14_structural_group_03_realization_01_seed_14201_8x8,ieee14,ieee14_structural_group_03,1,14542011.0,coordinate_e0,sensitivity_initial_mean,-0.0006895103440791,-0.0007056490001883,1.6138656109203494e-05,0.0234059666367383,false,1e-06,false,win,true
ieee14_structural_group_03_realization_01_seed_14201_8x8_held_out_seed14542011_signed_difference_e0_minus_e1,ieee14_structural_group_03_realization_01_seed_14201_8x8,ieee14,ieee14_structural_group_03,1,14542011.0,signed_difference_e0_minus_e1,balanced_magnitude,-0.0021001040939183,-0.0021525132966727,5.240920275439119e-05,0.0249555262075637,false,1e-06,false,win,true
ieee14_structural_group_03_realization_01_seed_14201_8x8_held_out_seed14542011_signed_difference_e0_minus_e1,ieee14_structural_group_03_realization_01_seed_14201_8x8,ieee14,ieee14_structural_group_03,1,14542011.0,signed_difference_e0_minus_e1,sensitivity_initial_mean,-0.0021001040939183,-0.0021158885197074,1.5784425789132275e-05,0.0075160206748046,false,1e-06,false,win,true
ieee14_structural_group_03_realization_01_seed_14201_8x8_held_out_seed14542012_aggregate_e0_to_e3,ieee14_structural_group_03_realization_01_seed_14201_8x8,ieee14,ieee14_structural_group_03,1,14542012.0,aggregate_e0_to_e3,balanced_magnitude,0.0057660535478108,0.005745727210805,2.032633700579413e-05,0.0035251731253018,false,1e-06,false,loss,true
ieee14_structural_group_03_realization_01_seed_14201_8x8_held_out_seed14542012_aggregate_e0_to_e3,ieee14_structural_group_03_realization_01_seed_14201_8x8,ieee14,ieee14_structural_group_03,1,14542012.0,aggregate_e0_to_e3,sensitivity_initial_mean,0.0057660535478108,0.0059000162670174,0.0001339627192065,0.02323299950231,false,1e-06,false,loss,true
ieee14_structural_group_03_realization_01_seed_14201_8x8_held_out_seed14542012_coordinate_e0,ieee14_structural_group_03_realization_01_seed_14201_8x8,ieee14,ieee14_structural_group_03,1,14542012.0,coordinate_e0,balanced_magnitude,0.0127686529635396,0.0128063460437578,3.769308021813085e-05,0.0029520013055223,false,1e-06,false,win,true
ieee14_structural_group_03_realization_01_seed_14201_8x8_held_out_seed14542012_coordinate_e0,ieee14_structural_group_03_realization_01_seed_14201_8x8,ieee14,ieee14_structural_group_03,1,14542012.0,coordinate_e0,sensitivity_initial_mean,0.0127686529635396,0.0128042038038564,3.5550840316809704e-05,0.0027842279383991,false,1e-06,false,win,true
ieee14_structural_group_03_realization_01_seed_14201_8x8_held_out_seed14542012_signed_difference_e0_minus_e1,ieee14_structural_group_03_realization_01_seed_14201_8x8,ieee14,ieee14_structural_group_03,1,14542012.0,signed_difference_e0_minus_e1,balanced_magnitude,0.0104478918853895,0.0104298971443903,1.7994740999206782e-05,0.0017223322366467,false,1e-06,false,loss,true
ieee14_structural_group_03_realization_01_seed_14201_8x8_held_out_seed14542012_signed_difference_e0_minus_e1,ieee14_structural_group_03_realization_01_seed_14201_8x8,ieee14,ieee14_structural_group_03,1,14542012.0,signed_difference_e0_minus_e1,sensitivity_initial_mean,0.0104478918853895,0.0105491166308889,0.0001012247454993,0.009688533017927,false,1e-06,false,loss,true
ieee14_structural_group_03_realization_01_seed_14201_8x8_held_out_seed14542013_aggregate_e0_to_e3,ieee14_structural_group_03_realization_01_seed_14201_8x8,ieee14,ieee14_structural_group_03,1,14542013.0,aggregate_e0_to_e3,balanced_magnitude,0.0004010184277025,0.0001209975333376,0.0002800208943649,0.6982743809783829,true,1e-06,false,win,true
ieee14_structural_group_03_realization_01_seed_14201_8x8_held_out_seed14542013_aggregate_e0_to_e3,ieee14_structural_group_03_realization_01_seed_14201_8x8,ieee14,ieee14_structural_group_03,1,14542013.0,aggregate_e0_to_e3,sensitivity_initial_mean,0.0004010184277025,0.0001891388016225,0.00021187962608,0.5283538397322435,true,1e-06,false,win,true
ieee14_structural_group_03_realization_01_seed_14201_8x8_held_out_seed14542013_coordinate_e0,ieee14_structural_group_03_realization_01_seed_14201_8x8,ieee14,ieee14_structural_group_03,1,14542013.0,coordinate_e0,balanced_magnitude,0.0019290579204464,0.0019702072845252,4.114936407876831e-05,0.0213313263653815,false,1e-06,false,loss,true
ieee14_structural_group_03_realization_01_seed_14201_8x8_held_out_seed14542013_coordinate_e0,ieee14_structural_group_03_realization_01_seed_14201_8x8,ieee14,ieee14_structural_group_03,1,14542013.0,coordinate_e0,sensitivity_initial_mean,0.0019290579204464,0.0019994789429361,7.042102248962538e-05,0.0365053955836257,false,1e-06,false,loss,true
ieee14_structural_group_03_realization_01_seed_14201_8x8_held_out_seed14542013_signed_difference_e0_minus_e1,ieee14_structural_group_03_realization_01_seed_14201_8x8,ieee14,ieee14_structural_group_03,1,14542013.0,signed_difference_e0_minus_e1,balanced_magnitude,0.0027706027722732,0.0029462371007874,0.0001756343285141,0.0633921001855057,false,1e-06,false,win,true
ieee14_structural_group_03_realization_01_seed_14201_8x8_held_out_seed14542013_signed_difference_e0_minus_e1,ieee14_structural_group_03_realization_01_seed_14201_8x8,ieee14,ieee14_structural_group_03,1,14542013.0,signed_difference_e0_minus_e1,sensitivity_initial_mean,0.0027706027722732,0.0029061321067222,0.0001355293344489,0.048916912884535,false,1e-06,false,win,true
ieee14_structural_group_03_realization_01_seed_14201_8x8_held_out_seed14542014_aggregate_e0_to_e3,ieee14_structural_group_03_realization_01_seed_14201_8x8,ieee14,ieee14_structural_group_03,1,14542014.0,aggregate_e0_to_e3,balanced_magnitude,0.0023661202845716,0.0026268885223231,0.0002607682377515,0.1102092059528316,true,1e-06,false,win,true
ieee14_structural_group_03_realization_01_seed_14201_8x8_held_out_seed14542014_aggregate_e0_to_e3,ieee14_structural_group_03_realization_01_seed_14201_8x8,ieee14,ieee14_structural_group_03,1,14542014.0,aggregate_e0_to_e3,sensitivity_initial_mean,0.0023661202845716,0.0024435407510817,7.742046651011605e-05,0.0327204271967656,false,1e-06,false,win,true
ieee14_structural_group_03_realization_01_seed_14201_8x8_held_out_seed14542014_coordinate_e0,ieee14_structural_group_03_realization_01_seed_14201_8x8,ieee14,ieee14_structural_group_03,1,14542014.0,coordinate_e0,balanced_magnitude,0.0051123316575344,0.005177192677752,6.486102021755185e-05,0.0126871698791217,false,1e-06,false,win,true
ieee14_structural_group_03_realization_01_seed_14201_8x8_held_out_seed14542014_coordinate_e0,ieee14_structural_group_03_realization_01_seed_14201_8x8,ieee14,ieee14_structural_group_03,1,14542014.0,coordinate_e0,sensitivity_initial_mean,0.0051123316575344,0.0050545296077203,5.780204981408691e-05,0.0113063967062659,false,1e-06,false,win,true
ieee14_structural_group_03_realization_01_seed_14201_8x8_held_out_seed14542014_signed_difference_e0_minus_e1,ieee14_structural_group_03_realization_01_seed_14201_8x8,ieee14,ieee14_structural_group_03,1,14542014.0,signed_difference_e0_minus_e1,balanced_magnitude,0.0037926652039072,0.0038180533604111,2.5388156503977632e-05,0.0066940146675279,false,1e-06,false,loss,true
ieee14_structural_group_03_realization_01_seed_14201_8x8_held_out_seed14542014_signed_difference_e0_minus_e1,ieee14_structural_group_03_realization_01_seed_14201_8x8,ieee14,ieee14_structural_group_03,1,14542014.0,signed_difference_e0_minus_e1,sensitivity_initial_mean,0.0037926652039072,0.0036698347767523,0.0001228304271548,0.0323863089808971,false,1e-06,false,loss,true
ieee14_structural_group_03_realization_01_seed_14201_8x8_held_out_seed14542015_aggregate_e0_to_e3,ieee14_structural_group_03_realization_01_seed_14201_8x8,ieee14,ieee14_structural_group_03,1,14542015.0,aggregate_e0_to_e3,balanced_magnitude,-0.0013829171219384,-0.0011733123202451,0.0002096048016932,0.1515671462650559,true,1e-06,false,win,true
ieee14_structural_group_03_realization_01_seed_14201_8x8_held_out_seed14542015_aggregate_e0_to_e3,ieee14_structural_group_03_realization_01_seed_14201_8x8,ieee14,ieee14_structural_group_03,1,14542015.0,aggregate_e0_to_e3,sensitivity_initial_mean,-0.0013829171219384,-0.0013169287715564,6.598835038200217e-05,0.0477167787824509,false,1e-06,false,win,true
ieee14_structural_group_03_realization_01_seed_14201_8x8_held_out_seed14542015_coordinate_e0,ieee14_structural_group_03_realization_01_seed_14201_8x8,ieee14,ieee14_structural_group_03,1,14542015.0,coordinate_e0,balanced_magnitude,-0.0036557995920612,-0.0036651076107581,9.308018696869546e-06,0.0025460965412552,false,1e-06,false,loss,true
ieee14_structural_group_03_realization_01_seed_14201_8x8_held_out_seed14542015_coordinate_e0,ieee14_structural_group_03_realization_01_seed_14201_8x8,ieee14,ieee14_structural_group_03,1,14542015.0,coordinate_e0,sensitivity_initial_mean,-0.0036557995920612,-0.0036804984652714,2.4698873210204312e-05,0.0067560796450219,false,1e-06,false,loss,true
ieee14_structural_group_03_realization_01_seed_14201_8x8_held_out_seed14542015_signed_difference_e0_minus_e1,ieee14_structural_group_03_realization_01_seed_14201_8x8,ieee14,ieee14_structural_group_03,1,14542015.0,signed_difference_e0_minus_e1,balanced_magnitude,-0.0037447296293484,-0.0037300050047283,1.472462462014188e-05,0.0039320928551799,false,1e-06,false,loss,true
ieee14_structural_group_03_realization_01_seed_14201_8x8_held_out_seed14542015_signed_difference_e0_minus_e1,ieee14_structural_group_03_realization_01_seed_14201_8x8,ieee14,ieee14_structural_group_03,1,14542015.0,signed_difference_e0_minus_e1,sensitivity_initial_mean,-0.0037447296293484,-0.0038098824052599,6.515277591150666e-05,0.0173985260246524,false,1e-06,false,loss,true
ieee14_structural_group_03_realization_01_seed_14201_8x8_held_out_seed14542016_aggregate_e0_to_e3,ieee14_structural_group_03_realization_01_seed_14201_8x8,ieee14,ieee14_structural_group_03,1,14542016.0,aggregate_e0_to_e3,balanced_magnitude,-0.001807761421463,-0.0017263449432965,8.141647816649095e-05,0.045037180902224,false,1e-06,false,win,true
ieee14_structural_group_03_realization_01_seed_14201_8x8_held_out_seed14542016_aggregate_e0_to_e3,ieee14_structural_group_03_realization_01_seed_14201_8x8,ieee14,ieee14_structural_group_03,1,14542016.0,aggregate_e0_to_e3,sensitivity_initial_mean,-0.001807761421463,-0.0018800921491036,7.233072764061747e-05,0.0400112131954232,false,1e-06,false,win,true
ieee14_structural_group_03_realization_01_seed_14201_8x8_held_out_seed14542016_coordinate_e0,ieee14_structural_group_03_realization_01_seed_14201_8x8,ieee14,ieee14_structural_group_03,1,14542016.0,coordinate_e0,balanced_magnitude,-0.0058194711750413,-0.005837358226933,1.7887051891716903e-05,0.0030736558965067,false,1e-06,false,loss,true
ieee14_structural_group_03_realization_01_seed_14201_8x8_held_out_seed14542016_coordinate_e0,ieee14_structural_group_03_realization_01_seed_14201_8x8,ieee14,ieee14_structural_group_03,1,14542016.0,coordinate_e0,sensitivity_initial_mean,-0.0058194711750413,-0.0059200978455533,0.000100626670512,0.017291377083125,false,1e-06,false,loss,true
ieee14_structural_group_03_realization_01_seed_14201_8x8_held_out_seed14542016_signed_difference_e0_minus_e1,ieee14_structural_group_03_realization_01_seed_14201_8x8,ieee14,ieee14_structural_group_03,1,14542016.0,signed_difference_e0_minus_e1,balanced_magnitude,-0.0067762566197242,-0.0068681635096885,9.190688996428206e-05,0.0135630769497071,false,1e-06,false,win,true
ieee14_structural_group_03_realization_01_seed_14201_8x8_held_out_seed14542016_signed_difference_e0_minus_e1,ieee14_structural_group_03_realization_01_seed_14201_8x8,ieee14,ieee14_structural_group_03,1,14542016.0,signed_difference_e0_minus_e1,sensitivity_initial_mean,-0.0067762566197242,-0.00682822256494,5.196594521586495e-05,0.0076688278104172,false,1e-06,false,win,true
ieee14_structural_group_03_realization_01_seed_14201_8x8_held_out_seed14542017_aggregate_e0_to_e3,ieee14_structural_group_03_realization_01_seed_14201_8x8,ieee14,ieee14_structural_group_03,1,14542017.0,aggregate_e0_to_e3,balanced_magnitude,-0.0017165939560778,-0.0014885347803624,0.0002280591757154,0.1328556324621636,true,1e-06,false,win,true
ieee14_structural_group_03_realization_01_seed_14201_8x8_held_out_seed14542017_aggregate_e0_to_e3,ieee14_structural_group_03_realization_01_seed_14201_8x8,ieee14,ieee14_structural_group_03,1,14542017.0,aggregate_e0_to_e3,sensitivity_initial_mean,-0.0017165939560778,-0.0016448859524481,7.170800362975684e-05,0.041773421941667,false,1e-06,false,win,true
ieee14_structural_group_03_realization_01_seed_14201_8x8_held_out_seed14542017_coordinate_e0,ieee14_structural_group_03_realization_01_seed_14201_8x8,ieee14,ieee14_structural_group_03,1,14542017.0,coordinate_e0,balanced_magnitude,-0.0059867875629661,-0.0059708437231808,1.594383978526393e-05,0.0026631711276831,false,1e-06,false,loss,true
ieee14_structural_group_03_realization_01_seed_14201_8x8_held_out_seed14542017_coordinate_e0,ieee14_structural_group_03_realization_01_seed_14201_8x8,ieee14,ieee14_structural_group_03,1,14542017.0,coordinate_e0,sensitivity_initial_mean,-0.0059867875629661,-0.0060363291101623,4.954154719615748e-05,0.0082751470091603,false,1e-06,false,loss,true
ieee14_structural_group_03_realization_01_seed_14201_8x8_held_out_seed14542017_signed_difference_e0_minus_e1,ieee14_structural_group_03_realization_01_seed_14201_8x8,ieee14,ieee14_structural_group_03,1,14542017.0,signed_difference_e0_minus_e1,balanced_magnitude,-0.0073672525238537,-0.007391296676218,2.404415236431992e-05,0.0032636525334878,false,1e-06,false,loss,true
ieee14_structural_group_03_realization_01_seed_14201_8x8_held_out_seed14542017_signed_difference_e0_minus_e1,ieee14_structural_group_03_realization_01_seed_14201_8x8,ieee14,ieee14_structural_group_03,1,14542017.0,signed_difference_e0_minus_e1,sensitivity_initial_mean,-0.0073672525238537,-0.0074509444204815,8.369189662782005e-05,0.0113599875064472,false,1e-06,false,loss,true
ieee14_structural_group_03_realization_01_seed_14201_8x8_held_out_seed14542018_aggregate_e0_to_e3,ieee14_structural_group_03_realization_01_seed_14201_8x8,ieee14,ieee14_structural_group_03,1,14542018.0,aggregate_e0_to_e3,balanced_magnitude,-0.0013111604339008,-0.0011722659590526,0.0001388944748481,0.1059324787851985,true,1e-06,false,win,true
ieee14_structural_group_03_realization_01_seed_14201_8x8_held_out_seed14542018_aggregate_e0_to_e3,ieee14_structural_group_03_realization_01_seed_14201_8x8,ieee14,ieee14_structural_group_03,1,14542018.0,aggregate_e0_to_e3,sensitivity_initial_mean,-0.0013111604339008,-0.0012750356133981,3.612482050269119e-05,0.0275517927239588,false,1e-06,false,win,true
ieee14_structural_group_03_realization_01_seed_14201_8x8_held_out_seed14542018_coordinate_e0,ieee14_structural_group_03_realization_01_seed_14201_8x8,ieee14,ieee14_structural_group_03,1,14542018.0,coordinate_e0,balanced_magnitude,-0.0010293672616175,-0.0010261587842078,3.208477409769473e-06,0.0031169413769071,false,1e-06,false,loss,true
ieee14_structural_group_03_realization_01_seed_14201_8x8_held_out_seed14542018_coordinate_e0,ieee14_structural_group_03_realization_01_seed_14201_8x8,ieee14,ieee14_structural_group_03,1,14542018.0,coordinate_e0,sensitivity_initial_mean,-0.0010293672616175,-0.0010607448718676,3.13776102500358e-05,0.0304824249031658,false,1e-06,false,loss,true
ieee14_structural_group_03_realization_01_seed_14201_8x8_held_out_seed14542018_signed_difference_e0_minus_e1,ieee14_structural_group_03_realization_01_seed_14201_8x8,ieee14,ieee14_structural_group_03,1,14542018.0,signed_difference_e0_minus_e1,balanced_magnitude,0.0011690627409173,0.0011909091161255,2.184637520824236e-05,0.0186870853407747,false,1e-06,false,loss,true
ieee14_structural_group_03_realization_01_seed_14201_8x8_held_out_seed14542018_signed_difference_e0_minus_e1,ieee14_structural_group_03_realization_01_seed_14201_8x8,ieee14,ieee14_structural_group_03,1,14542018.0,signed_difference_e0_minus_e1,sensitivity_initial_mean,0.0011690627409173,0.0011166362526373,5.242648828003658e-05,0.0448448885120557,false,1e-06,false,loss,true
ieee14_structural_group_03_realization_01_seed_14201_8x8_held_out_seed14542019_aggregate_e0_to_e3,ieee14_structural_group_03_realization_01_seed_14201_8x8,ieee14,ieee14_structural_group_03,1,14542019.0,aggregate_e0_to_e3,balanced_magnitude,-0.0009289907759331,-0.000988434700878,5.944392494489656e-05,0.0639876374285714,false,1e-06,false,win,true
ieee14_structural_group_03_realization_01_seed_14201_8x8_held_out_seed14542019_aggregate_e0_to_e3,ieee14_structural_group_03_realization_01_seed_14201_8x8,ieee14,ieee14_structural_group_03,1,14542019.0,aggregate_e0_to_e3,sensitivity_initial_mean,-0.0009289907759331,-0.0009647549382277,3.5764162294615117e-05,0.0384978658789066,false,1e-06,false,win,true
ieee14_structural_group_03_realization_01_seed_14201_8x8_held_out_seed14542019_coordinate_e0,ieee14_structural_group_03_realization_01_seed_14201_8x8,ieee14,ieee14_structural_group_03,1,14542019.0,coordinate_e0,balanced_magnitude,-0.0020276662859221,-0.0020024483078599,2.521797806218128e-05,0.0124369469657148,false,1e-06,false,win,true
ieee14_structural_group_03_realization_01_seed_14201_8x8_held_out_seed14542019_coordinate_e0,ieee14_structural_group_03_realization_01_seed_14201_8x8,ieee14,ieee14_structural_group_03,1,14542019.0,coordinate_e0,sensitivity_initial_mean,-0.0020276662859221,-0.0020040231813634,2.3643104558654544e-05,0.0116602543144334,false,1e-06,false,win,true
ieee14_structural_group_03_realization_01_seed_14201_8x8_held_out_seed14542019_signed_difference_e0_minus_e1,ieee14_structural_group_03_realization_01_seed_14201_8x8,ieee14,ieee14_structural_group_03,1,14542019.0,signed_difference_e0_minus_e1,balanced_magnitude,-0.0015816996184532,-0.0015351553874175,4.6544231035791986e-05,0.0294267195191628,false,1e-06,false,win,true
ieee14_structural_group_03_realization_01_seed_14201_8x8_held_out_seed14542019_signed_difference_e0_minus_e1,ieee14_structural_group_03_realization_01_seed_14201_8x8,ieee14,ieee14_structural_group_03,1,14542019.0,signed_difference_e0_minus_e1,sensitivity_initial_mean,-0.0015816996184532,-0.0015739551206546,7.744497798612077e-06,0.0048963138817629,false,1e-06,false,win,true
ieee14_structural_group_03_realization_02_seed_14202_8x8_held_out_seed14552000_aggregate_e0_to_e3,ieee14_structural_group_03_realization_02_seed_14202_8x8,ieee14,ieee14_structural_group_03,2,14552000.0,aggregate_e0_to_e3,balanced_magnitude,-0.0009614145579983,-0.0005988542423734,0.0003625603156249,0.3771113226949092,true,1e-06,false,win,true
ieee14_structural_group_03_realization_02_seed_14202_8x8_held_out_seed14552000_aggregate_e0_to_e3,ieee14_structural_group_03_realization_02_seed_14202_8x8,ieee14,ieee14_structural_group_03,2,14552000.0,aggregate_e0_to_e3,sensitivity_initial_mean,-0.0009614145579983,-0.0008625369261738,9.887763182451874e-05,0.1028459897990084,true,1e-06,false,win,true
ieee14_structural_group_03_realization_02_seed_14202_8x8_held_out_seed14552000_coordinate_e0,ieee14_structural_group_03_realization_02_seed_14202_8x8,ieee14,ieee14_structural_group_03,2,14552000.0,coordinate_e0,balanced_magnitude,-0.0033392537345464,-0.0033872725168657,4.801878231928611e-05,0.0143800939181425,false,1e-06,false,win,true
ieee14_structural_group_03_realization_02_seed_14202_8x8_held_out_seed14552000_coordinate_e0,ieee14_structural_group_03_realization_02_seed_14202_8x8,ieee14,ieee14_structural_group_03,2,14552000.0,coordinate_e0,sensitivity_initial_mean,-0.0033392537345464,-0.0033131226815993,2.613105294712583e-05,0.0078254170016448,false,1e-06,false,win,true
ieee14_structural_group_03_realization_02_seed_14202_8x8_held_out_seed14552000_signed_difference_e0_minus_e1,ieee14_structural_group_03_realization_02_seed_14202_8x8,ieee14,ieee14_structural_group_03,2,14552000.0,signed_difference_e0_minus_e1,balanced_magnitude,-0.0043473355077686,-0.0041868676360099,0.0001604678717586,0.0369117753787157,false,1e-06,false,win,true
ieee14_structural_group_03_realization_02_seed_14202_8x8_held_out_seed14552000_signed_difference_e0_minus_e1,ieee14_structural_group_03_realization_02_seed_14202_8x8,ieee14,ieee14_structural_group_03,2,14552000.0,signed_difference_e0_minus_e1,sensitivity_initial_mean,-0.0043473355077686,-0.0043587937580425,1.1458250273938509e-05,0.0026356949569369,false,1e-06,false,win,true
ieee14_structural_group_03_realization_02_seed_14202_8x8_held_out_seed14552001_aggregate_e0_to_e3,ieee14_structural_group_03_realization_02_seed_14202_8x8,ieee14,ieee14_structural_group_03,2,14552001.0,aggregate_e0_to_e3,balanced_magnitude,0.0001671124528536,0.0002401456773131,7.303322445957562e-05,0.437030414026356,true,1e-06,false,loss,true
ieee14_structural_group_03_realization_02_seed_14202_8x8_held_out_seed14552001_aggregate_e0_to_e3,ieee14_structural_group_03_realization_02_seed_14202_8x8,ieee14,ieee14_structural_group_03,2,14552001.0,aggregate_e0_to_e3,sensitivity_initial_mean,0.0001671124528536,0.0002464939004331,7.938144757951415e-05,0.475018146308039,true,1e-06,false,loss,true
ieee14_structural_group_03_realization_02_seed_14202_8x8_held_out_seed14552001_coordinate_e0,ieee14_structural_group_03_realization_02_seed_14202_8x8,ieee14,ieee14_structural_group_03,2,14552001.0,coordinate_e0,balanced_magnitude,-0.001547484820063,-0.0015372399905397,1.024482952328618e-05,0.0066203101900985,false,1e-06,false,loss,true
ieee14_structural_group_03_realization_02_seed_14202_8x8_held_out_seed14552001_coordinate_e0,ieee14_structural_group_03_realization_02_seed_14202_8x8,ieee14,ieee14_structural_group_03,2,14552001.0,coordinate_e0,sensitivity_initial_mean,-0.001547484820063,-0.0016064977888855,5.901296882253131e-05,0.0381347642687227,false,1e-06,false,loss,true
ieee14_structural_group_03_realization_02_seed_14202_8x8_held_out_seed14552001_signed_difference_e0_minus_e1,ieee14_structural_group_03_realization_02_seed_14202_8x8,ieee14,ieee14_structural_group_03,2,14552001.0,signed_difference_e0_minus_e1,balanced_magnitude,-0.0032806463453498,-0.0034320281339744,0.0001513817886246,0.0461438913826324,false,1e-06,false,win,true
ieee14_structural_group_03_realization_02_seed_14202_8x8_held_out_seed14552001_signed_difference_e0_minus_e1,ieee14_structural_group_03_realization_02_seed_14202_8x8,ieee14,ieee14_structural_group_03,2,14552001.0,signed_difference_e0_minus_e1,sensitivity_initial_mean,-0.0032806463453498,-0.0032905922663772,9.945921027388824e-06,0.0030316955808073,false,1e-06,false,win,true
ieee14_structural_group_03_realization_02_seed_14202_8x8_held_out_seed14552002_aggregate_e0_to_e3,ieee14_structural_group_03_realization_02_seed_14202_8x8,ieee14,ieee14_structural_group_03,2,14552002.0,aggregate_e0_to_e3,balanced_magnitude,0.0018834262382484,0.0019828453053581,9.941906710969508e-05,0.0527862812414421,false,1e-06,false,loss,true
ieee14_structural_group_03_realization_02_seed_14202_8x8_held_out_seed14552002_aggregate_e0_to_e3,ieee14_structural_group_03_realization_02_seed_14202_8x8,ieee14,ieee14_structural_group_03,2,14552002.0,aggregate_e0_to_e3,sensitivity_initial_mean,0.0018834262382484,0.0021666325405455,0.000283206302297,0.1503676101276099,true,1e-06,false,loss,true
ieee14_structural_group_03_realization_02_seed_14202_8x8_held_out_seed14552002_coordinate_e0,ieee14_structural_group_03_realization_02_seed_14202_8x8,ieee14,ieee14_structural_group_03,2,14552002.0,coordinate_e0,balanced_magnitude,0.004143261287402,0.0042263157808112,8.305449340914334e-05,0.0200456808412439,false,1e-06,false,win,true
ieee14_structural_group_03_realization_02_seed_14202_8x8_held_out_seed14552002_coordinate_e0,ieee14_structural_group_03_realization_02_seed_14202_8x8,ieee14,ieee14_structural_group_03,2,14552002.0,coordinate_e0,sensitivity_initial_mean,0.004143261287402,0.0041997307917394,5.646950433738085e-05,0.013629240451014,false,1e-06,false,win,true
ieee14_structural_group_03_realization_02_seed_14202_8x8_held_out_seed14552002_signed_difference_e0_minus_e1,ieee14_structural_group_03_realization_02_seed_14202_8x8,ieee14,ieee14_structural_group_03,2,14552002.0,signed_difference_e0_minus_e1,balanced_magnitude,0.0034755840906538,0.0034396601075388,3.592398311497592e-05,0.0103360995383707,false,1e-06,false,loss,true
ieee14_structural_group_03_realization_02_seed_14202_8x8_held_out_seed14552002_signed_difference_e0_minus_e1,ieee14_structural_group_03_realization_02_seed_14202_8x8,ieee14,ieee14_structural_group_03,2,14552002.0,signed_difference_e0_minus_e1,sensitivity_initial_mean,0.0034755840906538,0.0034349621055496,4.062198510418336e-05,0.011687815355531,false,1e-06,false,loss,true
ieee14_structural_group_03_realization_02_seed_14202_8x8_held_out_seed14552003_aggregate_e0_to_e3,ieee14_structural_group_03_realization_02_seed_14202_8x8,ieee14,ieee14_structural_group_03,2,14552003.0,aggregate_e0_to_e3,balanced_magnitude,-0.0023421820781901,-0.0022349961951276,0.0001071858830625,0.0457632581431808,false,1e-06,false,win,true
ieee14_structural_group_03_realization_02_seed_14202_8x8_held_out_seed14552003_aggregate_e0_to_e3,ieee14_structural_group_03_realization_02_seed_14202_8x8,ieee14,ieee14_structural_group_03,2,14552003.0,aggregate_e0_to_e3,sensitivity_initial_mean,-0.0023421820781901,-0.0022966903969316,4.54916812585456e-05,0.0194227774527664,false,1e-06,false,win,true
ieee14_structural_group_03_realization_02_seed_14202_8x8_held_out_seed14552003_coordinate_e0,ieee14_structural_group_03_realization_02_seed_14202_8x8,ieee14,ieee14_structural_group_03,2,14552003.0,coordinate_e0,balanced_magnitude,-0.0034613254572852,-0.003478249722991,1.6924265705826457e-05,0.0048895331903,false,1e-06,false,win,true
ieee14_structural_group_03_realization_02_seed_14202_8x8_held_out_seed14552003_coordinate_e0,ieee14_structural_group_03_realization_02_seed_14202_8x8,ieee14,ieee14_structural_group_03,2,14552003.0,coordinate_e0,sensitivity_initial_mean,-0.0034613254572852,-0.0034666939172499,5.36845996475287e-06,0.0015509838733753,false,1e-06,false,win,true
ieee14_structural_group_03_realization_02_seed_14202_8x8_held_out_seed14552003_signed_difference_e0_minus_e1,ieee14_structural_group_03_realization_02_seed_14202_8x8,ieee14,ieee14_structural_group_03,2,14552003.0,signed_difference_e0_minus_e1,balanced_magnitude,-0.0009457090525493,-0.0009155650558274,3.014399672191903e-05,0.0318744931548033,false,1e-06,false,loss,true
ieee14_structural_group_03_realization_02_seed_14202_8x8_held_out_seed14552003_signed_difference_e0_minus_e1,ieee14_structural_group_03_realization_02_seed_14202_8x8,ieee14,ieee14_structural_group_03,2,14552003.0,signed_difference_e0_minus_e1,sensitivity_initial_mean,-0.0009457090525493,-0.0009955218986787,4.981284612946054e-05,0.0526724852587392,false,1e-06,false,loss,true
ieee14_structural_group_03_realization_02_seed_14202_8x8_held_out_seed14552004_aggregate_e0_to_e3,ieee14_structural_group_03_realization_02_seed_14202_8x8,ieee14,ieee14_structural_group_03,2,14552004.0,aggregate_e0_to_e3,balanced_magnitude,0.0019225300106331,0.0023922012526436,0.0004696712420105,0.2442985229946188,true,1e-06,false,win,true
ieee14_structural_group_03_realization_02_seed_14202_8x8_held_out_seed14552004_aggregate_e0_to_e3,ieee14_structural_group_03_realization_02_seed_14202_8x8,ieee14,ieee14_structural_group_03,2,14552004.0,aggregate_e0_to_e3,sensitivity_initial_mean,0.0019225300106331,0.0020900685434324,0.0001675385327993,0.0871448205607614,false,1e-06,false,win,true
ieee14_structural_group_03_realization_02_seed_14202_8x8_held_out_seed14552004_coordinate_e0,ieee14_structural_group_03_realization_02_seed_14202_8x8,ieee14,ieee14_structural_group_03,2,14552004.0,coordinate_e0,balanced_magnitude,0.0025667626080426,0.0025397176561018,2.7044951940762268e-05,0.0105366004070732,false,1e-06,false,loss,true
ieee14_structural_group_03_realization_02_seed_14202_8x8_held_out_seed14552004_coordinate_e0,ieee14_structural_group_03_realization_02_seed_14202_8x8,ieee14,ieee14_structural_group_03,2,14552004.0,coordinate_e0,sensitivity_initial_mean,0.0025667626080426,0.0025156400485024,5.112255954018178e-05,0.0199171358426353,false,1e-06,false,loss,true
ieee14_structural_group_03_realization_02_seed_14202_8x8_held_out_seed14552004_signed_difference_e0_minus_e1,ieee14_structural_group_03_realization_02_seed_14202_8x8,ieee14,ieee14_structural_group_03,2,14552004.0,signed_difference_e0_minus_e1,balanced_magnitude,-0.0002037994773665,-0.0001706739419954,3.312553537112954e-05,0.1625398445529037,true,1e-06,false,loss,true
ieee14_structural_group_03_realization_02_seed_14202_8x8_held_out_seed14552004_signed_difference_e0_minus_e1,ieee14_structural_group_03_realization_02_seed_14202_8x8,ieee14,ieee14_structural_group_03,2,14552004.0,signed_difference_e0_minus_e1,sensitivity_initial_mean,-0.0002037994773665,-0.0003891804287207,0.0001853809513541,0.9096242725918576,true,1e-06,false,loss,true
ieee14_structural_group_03_realization_02_seed_14202_8x8_held_out_seed14552005_aggregate_e0_to_e3,ieee14_structural_group_03_realization_02_seed_14202_8x8,ieee14,ieee14_structural_group_03,2,14552005.0,aggregate_e0_to_e3,balanced_magnitude,-0.0009467566383027,-0.0010190750417153,7.231840341255643e-05,0.0763854199556519,false,1e-06,false,win,true
ieee14_structural_group_03_realization_02_seed_14202_8x8_held_out_seed14552005_aggregate_e0_to_e3,ieee14_structural_group_03_realization_02_seed_14202_8x8,ieee14,ieee14_structural_group_03,2,14552005.0,aggregate_e0_to_e3,sensitivity_initial_mean,-0.0009467566383027,-0.0010056214706343,5.886483233164723e-05,0.0621752517491448,false,1e-06,false,win,true
ieee14_structural_group_03_realization_02_seed_14202_8x8_held_out_seed14552005_coordinate_e0,ieee14_structural_group_03_realization_02_seed_14202_8x8,ieee14,ieee14_structural_group_03,2,14552005.0,coordinate_e0,balanced_magnitude,-0.0028098377136728,-0.0028408394550261,3.10017413533213e-05,0.0110332853753315,false,1e-06,false,win,true
ieee14_structural_group_03_realization_02_seed_14202_8x8_held_out_seed14552005_coordinate_e0,ieee14_structural_group_03_realization_02_seed_14202_8x8,ieee14,ieee14_structural_group_03,2,14552005.0,coordinate_e0,sensitivity_initial_mean,-0.0028098377136728,-0.0028180403969721,8.202683299359057e-06,0.0029192729741808,false,1e-06,false,win,true
ieee14_structural_group_03_realization_02_seed_14202_8x8_held_out_seed14552005_signed_difference_e0_minus_e1,ieee14_structural_group_03_realization_02_seed_14202_8x8,ieee14,ieee14_structural_group_03,2,14552005.0,signed_difference_e0_minus_e1,balanced_magnitude,-0.0030430540361119,-0.0030820768842073,3.9022848095387856e-05,0.0128235804005788,false,1e-06,false,win,true
ieee14_structural_group_03_realization_02_seed_14202_8x8_held_out_seed14552005_signed_difference_e0_minus_e1,ieee14_structural_group_03_realization_02_seed_14202_8x8,ieee14,ieee14_structural_group_03,2,14552005.0,signed_difference_e0_minus_e1,sensitivity_initial_mean,-0.0030430540361119,-0.0030428100712669,2.439648450246537e-07,8.017105254442393e-05,false,1e-06,false,win,true
ieee14_structural_group_03_realization_02_seed_14202_8x8_held_out_seed14552006_aggregate_e0_to_e3,ieee14_structural_group_03_realization_02_seed_14202_8x8,ieee14,ieee14_structural_group_03,2,14552006.0,aggregate_e0_to_e3,balanced_magnitude,-0.0008057366393359,-0.0011798449018689,0.000374108262533,0.464305883919238,true,1e-06,false,win,true
ieee14_structural_group_03_realization_02_seed_14202_8x8_held_out_seed14552006_aggregate_e0_to_e3,ieee14_structural_group_03_realization_02_seed_14202_8x8,ieee14,ieee14_structural_group_03,2,14552006.0,aggregate_e0_to_e3,sensitivity_initial_mean,-0.0008057366393359,-0.00105756387131,0.000251827231974,0.3125428579015719,true,1e-06,false,win,true
ieee14_structural_group_03_realization_02_seed_14202_8x8_held_out_seed14552006_coordinate_e0,ieee14_structural_group_03_realization_02_seed_14202_8x8,ieee14,ieee14_structural_group_03,2,14552006.0,coordinate_e0,balanced_magnitude,-0.0032381723698086,-0.0032662394512912,2.8067081482651465e-05,0.0086675687015111,false,1e-06,false,win,true
ieee14_structural_group_03_realization_02_seed_14202_8x8_held_out_seed14552006_coordinate_e0,ieee14_structural_group_03_realization_02_seed_14202_8x8,ieee14,ieee14_structural_group_03,2,14552006.0,coordinate_e0,sensitivity_initial_mean,-0.0032381723698086,-0.0032271146291596,1.1057740649021796e-05,0.0034148091534964,false,1e-06,false,win,true
ieee14_structural_group_03_realization_02_seed_14202_8x8_held_out_seed14552006_signed_difference_e0_minus_e1,ieee14_structural_group_03_realization_02_seed_14202_8x8,ieee14,ieee14_structural_group_03,2,14552006.0,signed_difference_e0_minus_e1,balanced_magnitude,-0.0040647603743592,-0.0041035336369314,3.8773262572248425e-05,0.0095388802786094,false,1e-06,false,loss,true
ieee14_structural_group_03_realization_02_seed_14202_8x8_held_out_seed14552006_signed_difference_e0_minus_e1,ieee14_structural_group_03_realization_02_seed_14202_8x8,ieee14,ieee14_structural_group_03,2,14552006.0,signed_difference_e0_minus_e1,sensitivity_initial_mean,-0.0040647603743592,-0.0039469282946019,0.0001178320797573,0.0289886903298462,false,1e-06,false,loss,true
ieee14_structural_group_03_realization_02_seed_14202_8x8_held_out_seed14552007_aggregate_e0_to_e3,ieee14_structural_group_03_realization_02_seed_14202_8x8,ieee14,ieee14_structural_group_03,2,14552007.0,aggregate_e0_to_e3,balanced_magnitude,0.0025867486147825,0.0021498878504679,0.0004368607643145,0.1688841203269708,true,1e-06,false,win,true
ieee14_structural_group_03_realization_02_seed_14202_8x8_held_out_seed14552007_aggregate_e0_to_e3,ieee14_structural_group_03_realization_02_seed_14202_8x8,ieee14,ieee14_structural_group_03,2,14552007.0,aggregate_e0_to_e3,sensitivity_initial_mean,0.0025867486147825,0.0025491499887161,3.759862606639123e-05,0.0145350908285117,false,1e-06,false,win,true
ieee14_structural_group_03_realization_02_seed_14202_8x8_held_out_seed14552007_coordinate_e0,ieee14_structural_group_03_realization_02_seed_14202_8x8,ieee14,ieee14_structural_group_03,2,14552007.0,coordinate_e0,balanced_magnitude,0.0047389664489231,0.0047330401231107,5.926325812416824e-06,0.0012505523886465,false,1e-06,false,loss,true
ieee14_structural_group_03_realization_02_seed_14202_8x8_held_out_seed14552007_coordinate_e0,ieee14_structural_group_03_realization_02_seed_14202_8x8,ieee14,ieee14_structural_group_03,2,14552007.0,coordinate_e0,sensitivity_initial_mean,0.0047389664489231,0.0047742686700739,3.530222115076965e-05,0.0074493503026997,false,1e-06,false,loss,true
ieee14_structural_group_03_realization_02_seed_14202_8x8_held_out_seed14552007_signed_difference_e0_minus_e1,ieee14_structural_group_03_realization_02_seed_14202_8x8,ieee14,ieee14_structural_group_03,2,14552007.0,signed_difference_e0_minus_e1,balanced_magnitude,0.003153530187035,0.0029492958764881,0.0002042343105468,0.0647637087434687,false,1e-06,false,win,true
ieee14_structural_group_03_realization_02_seed_14202_8x8_held_out_seed14552007_signed_difference_e0_minus_e1,ieee14_structural_group_03_realization_02_seed_14202_8x8,ieee14,ieee14_structural_group_03,2,14552007.0,signed_difference_e0_minus_e1,sensitivity_initial_mean,0.003153530187035,0.0032822951407635,0.0001287649537284,0.0408320028956245,false,1e-06,false,win,true
ieee14_structural_group_03_realization_02_seed_14202_8x8_held_out_seed14552008_aggregate_e0_to_e3,ieee14_structural_group_03_realization_02_seed_14202_8x8,ieee14,ieee14_structural_group_03,2,14552008.0,aggregate_e0_to_e3,balanced_magnitude,-0.0010478726502447,-0.0007408393118028,0.0003070333384418,0.2930063480234598,true,1e-06,false,win,true
ieee14_structural_group_03_realization_02_seed_14202_8x8_held_out_seed14552008_aggregate_e0_to_e3,ieee14_structural_group_03_realization_02_seed_14202_8x8,ieee14,ieee14_structural_group_03,2,14552008.0,aggregate_e0_to_e3,sensitivity_initial_mean,-0.0010478726502447,-0.0008661643508988,0.0001817082993459,0.1734068536892439,true,1e-06,false,win,true
ieee14_structural_group_03_realization_02_seed_14202_8x8_held_out_seed14552008_coordinate_e0,ieee14_structural_group_03_realization_02_seed_14202_8x8,ieee14,ieee14_structural_group_03,2,14552008.0,coordinate_e0,balanced_magnitude,-0.0013836843778388,-0.001417954778411,3.4270400572198115e-05,0.0247674983696232,false,1e-06,false,loss,true
ieee14_structural_group_03_realization_02_seed_14202_8x8_held_out_seed14552008_coordinate_e0,ieee14_structural_group_03_realization_02_seed_14202_8x8,ieee14,ieee14_structural_group_03,2,14552008.0,coordinate_e0,sensitivity_initial_mean,-0.0013836843778388,-0.0014283674933478,4.4683115508907566e-05,0.0322928524919069,false,1e-06,false,loss,true
ieee14_structural_group_03_realization_02_seed_14202_8x8_held_out_seed14552008_signed_difference_e0_minus_e1,ieee14_structural_group_03_realization_02_seed_14202_8x8,ieee14,ieee14_structural_group_03,2,14552008.0,signed_difference_e0_minus_e1,balanced_magnitude,-0.0002085819611941,-0.0002578406872097,4.9258726015648365e-05,0.2361600482306766,true,1e-06,false,loss,true
ieee14_structural_group_03_realization_02_seed_14202_8x8_held_out_seed14552008_signed_difference_e0_minus_e1,ieee14_structural_group_03_realization_02_seed_14202_8x8,ieee14,ieee14_structural_group_03,2,14552008.0,signed_difference_e0_minus_e1,sensitivity_initial_mean,-0.0002085819611941,-0.0003159758694232,0.0001073939082291,0.5148762990546287,true,1e-06,false,loss,true
ieee14_structural_group_03_realization_02_seed_14202_8x8_held_out_seed14552009_aggregate_e0_to_e3,ieee14_structural_group_03_realization_02_seed_14202_8x8,ieee14,ieee14_structural_group_03,2,14552009.0,aggregate_e0_to_e3,balanced_magnitude,0.0014861253357139,0.001711266165919,0.0002251408302051,0.1514951833433312,true,1e-06,false,win,true
ieee14_structural_group_03_realization_02_seed_14202_8x8_held_out_seed14552009_aggregate_e0_to_e3,ieee14_structural_group_03_realization_02_seed_14202_8x8,ieee14,ieee14_structural_group_03,2,14552009.0,aggregate_e0_to_e3,sensitivity_initial_mean,0.0014861253357139,0.0016399204056438,0.0001537950699298,0.1034872808059736,true,1e-06,false,win,true
ieee14_structural_group_03_realization_02_seed_14202_8x8_held_out_seed14552009_coordinate_e0,ieee14_structural_group_03_realization_02_seed_14202_8x8,ieee14,ieee14_structural_group_03,2,14552009.0,coordinate_e0,balanced_magnitude,0.0008234370193875,0.0008011141983421,2.232282104538475e-05,0.0271093241132003,false,1e-06,false,loss,true
ieee14_structural_group_03_realization_02_seed_14202_8x8_held_out_seed14552009_coordinate_e0,ieee14_structural_group_03_realization_02_seed_14202_8x8,ieee14,ieee14_structural_group_03,2,14552009.0,coordinate_e0,sensitivity_initial_mean,0.0008234370193875,0.0007766907113044,4.674630808314121e-05,0.056769743140659,false,1e-06,false,loss,true
ieee14_structural_group_03_realization_02_seed_14202_8x8_held_out_seed14552009_signed_difference_e0_minus_e1,ieee14_structural_group_03_realization_02_seed_14202_8x8,ieee14,ieee14_structural_group_03,2,14552009.0,signed_difference_e0_minus_e1,balanced_magnitude,-0.0021163615398723,-0.0022323929315723,0.0001160313917,0.0548258837226174,false,1e-06,false,win,true
ieee14_structural_group_03_realization_02_seed_14202_8x8_held_out_seed14552009_signed_difference_e0_minus_e1,ieee14_structural_group_03_realization_02_seed_14202_8x8,ieee14,ieee14_structural_group_03,2,14552009.0,signed_difference_e0_minus_e1,sensitivity_initial_mean,-0.0021163615398723,-0.0021510913450033,3.4729805131054545e-05,0.0164101475465056,false,1e-06,false,win,true
ieee14_structural_group_03_realization_02_seed_14202_8x8_held_out_seed14552010_aggregate_e0_to_e3,ieee14_structural_group_03_realization_02_seed_14202_8x8,ieee14,ieee14_structural_group_03,2,14552010.0,aggregate_e0_to_e3,balanced_magnitude,-0.000420987283308,-0.0002470766735077,0.0001739106098003,0.4131018125625454,true,1e-06,false,win,true
ieee14_structural_group_03_realization_02_seed_14202_8x8_held_out_seed14552010_aggregate_e0_to_e3,ieee14_structural_group_03_realization_02_seed_14202_8x8,ieee14,ieee14_structural_group_03,2,14552010.0,aggregate_e0_to_e3,sensitivity_initial_mean,-0.000420987283308,-0.000438189978234,1.7202694925929154e-05,0.0408627424342898,false,1e-06,false,win,true
ieee14_structural_group_03_realization_02_seed_14202_8x8_held_out_seed14552010_coordinate_e0,ieee14_structural_group_03_realization_02_seed_14202_8x8,ieee14,ieee14_structural_group_03,2,14552010.0,coordinate_e0,balanced_magnitude,-0.0001922455838182,-0.000141150639684,5.1094944134191464e-05,0.2657795467618862,true,1e-06,false,win,true
ieee14_structural_group_03_realization_02_seed_14202_8x8_held_out_seed14552010_coordinate_e0,ieee14_structural_group_03_realization_02_seed_14202_8x8,ieee14,ieee14_structural_group_03,2,14552010.0,coordinate_e0,sensitivity_initial_mean,-0.0001922455838182,-0.0001937320126667,1.4864288484714428e-06,0.0077319271472921,false,1e-06,false,win,true
ieee14_structural_group_03_realization_02_seed_14202_8x8_held_out_seed14552010_signed_difference_e0_minus_e1,ieee14_structural_group_03_realization_02_seed_14202_8x8,ieee14,ieee14_structural_group_03,2,14552010.0,signed_difference_e0_minus_e1,balanced_magnitude,0.0004396112535933,0.0006043127047736,0.0001647014511802,0.3746524908860431,true,1e-06,false,win,true
ieee14_structural_group_03_realization_02_seed_14202_8x8_held_out_seed14552010_signed_difference_e0_minus_e1,ieee14_structural_group_03_realization_02_seed_14202_8x8,ieee14,ieee14_structural_group_03,2,14552010.0,signed_difference_e0_minus_e1,sensitivity_initial_mean,0.0004396112535933,0.0003633815880135,7.622966557982469e-05,0.173402443537841,true,1e-06,false,win,true
ieee14_structural_group_03_realization_02_seed_14202_8x8_held_out_seed14552011_aggregate_e0_to_e3,ieee14_structural_group_03_realization_02_seed_14202_8x8,ieee14,ieee14_structural_group_03,2,14552011.0,aggregate_e0_to_e3,balanced_magnitude,-0.0049710657814889,-0.0050547392776096,8.367349612071681e-05,0.0168321039790493,false,1e-06,false,loss,true
ieee14_structural_group_03_realization_02_seed_14202_8x8_held_out_seed14552011_aggregate_e0_to_e3,ieee14_structural_group_03_realization_02_seed_14202_8x8,ieee14,ieee14_structural_group_03,2,14552011.0,aggregate_e0_to_e3,sensitivity_initial_mean,-0.0049710657814889,-0.0051785778148336,0.0002075120333446,0.0417439725133725,false,1e-06,false,loss,true
ieee14_structural_group_03_realization_02_seed_14202_8x8_held_out_seed14552011_coordinate_e0,ieee14_structural_group_03_realization_02_seed_14202_8x8,ieee14,ieee14_structural_group_03,2,14552011.0,coordinate_e0,balanced_magnitude,-0.0059799194604365,-0.0059696380483621,1.0281412074414529e-05,0.0017193228341011,false,1e-06,false,loss,true
ieee14_structural_group_03_realization_02_seed_14202_8x8_held_out_seed14552011_coordinate_e0,ieee14_structural_group_03_realization_02_seed_14202_8x8,ieee14,ieee14_structural_group_03,2,14552011.0,coordinate_e0,sensitivity_initial_mean,-0.0059799194604365,-0.006025745890434,4.582642999743751e-05,0.0076633858199307,false,1e-06,false,loss,true
ieee14_structural_group_03_realization_02_seed_14202_8x8_held_out_seed14552011_signed_difference_e0_minus_e1,ieee14_structural_group_03_realization_02_seed_14202_8x8,ieee14,ieee14_structural_group_03,2,14552011.0,signed_difference_e0_minus_e1,balanced_magnitude,0.0006842096658664,0.0007924454136198,0.0001082357477534,0.1581909071927404,true,1e-06,false,win,true
ieee14_structural_group_03_realization_02_seed_14202_8x8_held_out_seed14552011_signed_difference_e0_minus_e1,ieee14_structural_group_03_realization_02_seed_14202_8x8,ieee14,ieee14_structural_group_03,2,14552011.0,signed_difference_e0_minus_e1,sensitivity_initial_mean,0.0006842096658664,0.0006569354039327,2.727426193366734e-05,0.0398624329563217,false,1e-06,false,win,true
ieee14_structural_group_03_realization_02_seed_14202_8x8_held_out_seed14552012_aggregate_e0_to_e3,ieee14_structural_group_03_realization_02_seed_14202_8x8,ieee14,ieee14_structural_group_03,2,14552012.0,aggregate_e0_to_e3,balanced_magnitude,0.0021939681710055,0.0024911470606179,0.0002971788896123,0.135452689578528,true,1e-06,false,win,true
ieee14_structural_group_03_realization_02_seed_14202_8x8_held_out_seed14552012_aggregate_e0_to_e3,ieee14_structural_group_03_realization_02_seed_14202_8x8,ieee14,ieee14_structural_group_03,2,14552012.0,aggregate_e0_to_e3,sensitivity_initial_mean,0.0021939681710055,0.0023770959004783,0.0001831277294727,0.0834687266172973,false,1e-06,false,win,true
ieee14_structural_group_03_realization_02_seed_14202_8x8_held_out_seed14552012_coordinate_e0,ieee14_structural_group_03_realization_02_seed_14202_8x8,ieee14,ieee14_structural_group_03,2,14552012.0,coordinate_e0,balanced_magnitude,0.0060716134164793,0.0060277693410506,4.384407542868882e-05,0.0072211572808124,false,1e-06,false,win,true
ieee14_structural_group_03_realization_02_seed_14202_8x8_held_out_seed14552012_coordinate_e0,ieee14_structural_group_03_realization_02_seed_14202_8x8,ieee14,ieee14_structural_group_03,2,14552012.0,coordinate_e0,sensitivity_initial_mean,0.0060716134164793,0.0060842076911957,1.2594274716322929e-05,0.0020742879779104,false,1e-06,false,win,true
ieee14_structural_group_03_realization_02_seed_14202_8x8_held_out_seed14552012_signed_difference_e0_minus_e1,ieee14_structural_group_03_realization_02_seed_14202_8x8,ieee14,ieee14_structural_group_03,2,14552012.0,signed_difference_e0_minus_e1,balanced_magnitude,0.0060657254370072,0.0061213371001138,5.56116631065702e-05,0.0091681800774035,false,1e-06,false,win,true
ieee14_structural_group_03_realization_02_seed_14202_8x8_held_out_seed14552012_signed_difference_e0_minus_e1,ieee14_structural_group_03_realization_02_seed_14202_8x8,ieee14,ieee14_structural_group_03,2,14552012.0,signed_difference_e0_minus_e1,sensitivity_initial_mean,0.0060657254370072,0.0060528606517829,1.2864785224335658e-05,0.0021208980455737,false,1e-06,false,win,true
ieee14_structural_group_03_realization_02_seed_14202_8x8_held_out_seed14552013_aggregate_e0_to_e3,ieee14_structural_group_03_realization_02_seed_14202_8x8,ieee14,ieee14_structural_group_03,2,14552013.0,aggregate_e0_to_e3,balanced_magnitude,-0.0003941364972835,-0.0005923734833823,0.0001982369860988,0.5029653114216447,true,1e-06,false,win,true
ieee14_structural_group_03_realization_02_seed_14202_8x8_held_out_seed14552013_aggregate_e0_to_e3,ieee14_structural_group_03_realization_02_seed_14202_8x8,ieee14,ieee14_structural_group_03,2,14552013.0,aggregate_e0_to_e3,sensitivity_initial_mean,-0.0003941364972835,-0.0004370121484263,4.287565114282537e-05,0.1087837625754857,true,1e-06,false,win,true
ieee14_structural_group_03_realization_02_seed_14202_8x8_held_out_seed14552013_coordinate_e0,ieee14_structural_group_03_realization_02_seed_14202_8x8,ieee14,ieee14_structural_group_03,2,14552013.0,coordinate_e0,balanced_magnitude,0.0021960906215777,0.0022318933878269,3.580276624915585e-05,0.0163029548495744,false,1e-06,false,loss,true
ieee14_structural_group_03_realization_02_seed_14202_8x8_held_out_seed14552013_coordinate_e0,ieee14_structural_group_03_realization_02_seed_14202_8x8,ieee14,ieee14_structural_group_03,2,14552013.0,coordinate_e0,sensitivity_initial_mean,0.0021960906215777,0.0022452558499613,4.91652283836296e-05,0.0223876136533507,false,1e-06,false,loss,true
ieee14_structural_group_03_realization_02_seed_14202_8x8_held_out_seed14552013_signed_difference_e0_minus_e1,ieee14_structural_group_03_realization_02_seed_14202_8x8,ieee14,ieee14_structural_group_03,2,14552013.0,signed_difference_e0_minus_e1,balanced_magnitude,0.0053000351486329,0.0053558361123364,5.580096370352578e-05,0.0105284138951264,false,1e-06,false,win,true
ieee14_structural_group_03_realization_02_seed_14202_8x8_held_out_seed14552013_signed_difference_e0_minus_e1,ieee14_structural_group_03_realization_02_seed_14202_8x8,ieee14,ieee14_structural_group_03,2,14552013.0,signed_difference_e0_minus_e1,sensitivity_initial_mean,0.0053000351486329,0.0053167341044978,1.6698955864901874e-05,0.0031507254945675,false,1e-06,false,win,true
ieee14_structural_group_03_realization_02_seed_14202_8x8_held_out_seed14552014_aggregate_e0_to_e3,ieee14_structural_group_03_realization_02_seed_14202_8x8,ieee14,ieee14_structural_group_03,2,14552014.0,aggregate_e0_to_e3,balanced_magnitude,0.0012483180924379,0.0014986572660212,0.0002503391735833,0.2005411722379403,true,1e-06,false,win,true
ieee14_structural_group_03_realization_02_seed_14202_8x8_held_out_seed14552014_aggregate_e0_to_e3,ieee14_structural_group_03_realization_02_seed_14202_8x8,ieee14,ieee14_structural_group_03,2,14552014.0,aggregate_e0_to_e3,sensitivity_initial_mean,0.0012483180924379,0.00119669201162,5.162608081787619e-05,0.0413565109170633,false,1e-06,false,win,true
ieee14_structural_group_03_realization_02_seed_14202_8x8_held_out_seed14552014_coordinate_e0,ieee14_structural_group_03_realization_02_seed_14202_8x8,ieee14,ieee14_structural_group_03,2,14552014.0,coordinate_e0,balanced_magnitude,0.0027907560759495,0.0027436351867855,4.712088916406909e-05,0.0168846319354642,false,1e-06,false,win,true
ieee14_structural_group_03_realization_02_seed_14202_8x8_held_out_seed14552014_coordinate_e0,ieee14_structural_group_03_realization_02_seed_14202_8x8,ieee14,ieee14_structural_group_03,2,14552014.0,coordinate_e0,sensitivity_initial_mean,0.0027907560759495,0.0028015966255477,1.0840549598119429e-05,0.0038844489819594,false,1e-06,false,win,true
ieee14_structural_group_03_realization_02_seed_14202_8x8_held_out_seed14552014_signed_difference_e0_minus_e1,ieee14_structural_group_03_realization_02_seed_14202_8x8,ieee14,ieee14_structural_group_03,2,14552014.0,signed_difference_e0_minus_e1,balanced_magnitude,0.0019073894766725,0.0021205258941305,0.0002131364174579,0.1117424731889409,true,1e-06,false,win,true
ieee14_structural_group_03_realization_02_seed_14202_8x8_held_out_seed14552014_signed_difference_e0_minus_e1,ieee14_structural_group_03_realization_02_seed_14202_8x8,ieee14,ieee14_structural_group_03,2,14552014.0,signed_difference_e0_minus_e1,sensitivity_initial_mean,0.0019073894766725,0.0019292384324604,2.184895578787472e-05,0.0114549000375058,false,1e-06,false,win,true
ieee14_structural_group_03_realization_02_seed_14202_8x8_held_out_seed14552015_aggregate_e0_to_e3,ieee14_structural_group_03_realization_02_seed_14202_8x8,ieee14,ieee14_structural_group_03,2,14552015.0,aggregate_e0_to_e3,balanced_magnitude,0.0008644423905876,0.0009440805873915,7.963819680387879e-05,0.0921266676310757,false,1e-06,false,win,true
ieee14_structural_group_03_realization_02_seed_14202_8x8_held_out_seed14552015_aggregate_e0_to_e3,ieee14_structural_group_03_realization_02_seed_14202_8x8,ieee14,ieee14_structural_group_03,2,14552015.0,aggregate_e0_to_e3,sensitivity_initial_mean,0.0008644423905876,0.0008937071403976,2.9264749809981556e-05,0.0338539041220411,false,1e-06,false,win,true
ieee14_structural_group_03_realization_02_seed_14202_8x8_held_out_seed14552015_coordinate_e0,ieee14_structural_group_03_realization_02_seed_14202_8x8,ieee14,ieee14_structural_group_03,2,14552015.0,coordinate_e0,balanced_magnitude,0.0010606361325929,0.0009961412815364,6.44948510565345e-05,0.0608077068795149,false,1e-06,false,win,true
ieee14_structural_group_03_realization_02_seed_14202_8x8_held_out_seed14552015_coordinate_e0,ieee14_structural_group_03_realization_02_seed_14202_8x8,ieee14,ieee14_structural_group_03,2,14552015.0,coordinate_e0,sensitivity_initial_mean,0.0010606361325929,0.0010052938597234,5.534227286946476e-05,0.0521783778327151,false,1e-06,false,win,true
ieee14_structural_group_03_realization_02_seed_14202_8x8_held_out_seed14552015_signed_difference_e0_minus_e1,ieee14_structural_group_03_realization_02_seed_14202_8x8,ieee14,ieee14_structural_group_03,2,14552015.0,signed_difference_e0_minus_e1,balanced_magnitude,-0.000143841177496,-0.0002645137837539,0.0001206726062579,0.8389294940330173,true,1e-06,false,win,true
ieee14_structural_group_03_realization_02_seed_14202_8x8_held_out_seed14552015_signed_difference_e0_minus_e1,ieee14_structural_group_03_realization_02_seed_14202_8x8,ieee14,ieee14_structural_group_03,2,14552015.0,signed_difference_e0_minus_e1,sensitivity_initial_mean,-0.000143841177496,-0.0001797419760263,3.590079853021781e-05,0.2495863782204783,true,1e-06,false,win,true
ieee14_structural_group_03_realization_02_seed_14202_8x8_held_out_seed14552016_aggregate_e0_to_e3,ieee14_structural_group_03_realization_02_seed_14202_8x8,ieee14,ieee14_structural_group_03,2,14552016.0,aggregate_e0_to_e3,balanced_magnitude,-0.0004908489340962,-0.0003639444046432,0.0001269045294529,0.2585409086944669,true,1e-06,false,win,true
ieee14_structural_group_03_realization_02_seed_14202_8x8_held_out_seed14552016_aggregate_e0_to_e3,ieee14_structural_group_03_realization_02_seed_14202_8x8,ieee14,ieee14_structural_group_03,2,14552016.0,aggregate_e0_to_e3,sensitivity_initial_mean,-0.0004908489340962,-0.0005913236750278,0.0001004747409316,0.2046958523331259,true,1e-06,false,win,true
ieee14_structural_group_03_realization_02_seed_14202_8x8_held_out_seed14552016_coordinate_e0,ieee14_structural_group_03_realization_02_seed_14202_8x8,ieee14,ieee14_structural_group_03,2,14552016.0,coordinate_e0,balanced_magnitude,0.0011293715542954,0.0011332459032517,3.8743489562541485e-06,0.003430535275586,false,1e-06,false,loss,true
ieee14_structural_group_03_realization_02_seed_14202_8x8_held_out_seed14552016_coordinate_e0,ieee14_structural_group_03_realization_02_seed_14202_8x8,ieee14,ieee14_structural_group_03,2,14552016.0,coordinate_e0,sensitivity_initial_mean,0.0011293715542954,0.0010877457376029,4.1625816692498346e-05,0.0368575040996714,false,1e-06,false,loss,true
ieee14_structural_group_03_realization_02_seed_14202_8x8_held_out_seed14552016_signed_difference_e0_minus_e1,ieee14_structural_group_03_realization_02_seed_14202_8x8,ieee14,ieee14_structural_group_03,2,14552016.0,signed_difference_e0_minus_e1,balanced_magnitude,0.0031972477953314,0.0033281783206548,0.0001309305253233,0.0409510096510201,false,1e-06,false,win,true
ieee14_structural_group_03_realization_02_seed_14202_8x8_held_out_seed14552016_signed_difference_e0_minus_e1,ieee14_structural_group_03_realization_02_seed_14202_8x8,ieee14,ieee14_structural_group_03,2,14552016.0,signed_difference_e0_minus_e1,sensitivity_initial_mean,0.0031972477953314,0.0032490604484546,5.181265312316236e-05,0.0162053917743934,false,1e-06,false,win,true
ieee14_structural_group_03_realization_02_seed_14202_8x8_held_out_seed14552017_aggregate_e0_to_e3,ieee14_structural_group_03_realization_02_seed_14202_8x8,ieee14,ieee14_structural_group_03,2,14552017.0,aggregate_e0_to_e3,balanced_magnitude,-7.597271525248815e-05,-0.0003409791947199,0.0002650064794674,3.4881796522178505,true,1e-06,false,win,true
ieee14_structural_group_03_realization_02_seed_14202_8x8_held_out_seed14552017_aggregate_e0_to_e3,ieee14_structural_group_03_realization_02_seed_14202_8x8,ieee14,ieee14_structural_group_03,2,14552017.0,aggregate_e0_to_e3,sensitivity_initial_mean,-7.597271525248815e-05,-0.0002112395226268,0.0001352668073743,1.7804656174897238,true,1e-06,false,win,true
ieee14_structural_group_03_realization_02_seed_14202_8x8_held_out_seed14552017_coordinate_e0,ieee14_structural_group_03_realization_02_seed_14202_8x8,ieee14,ieee14_structural_group_03,2,14552017.0,coordinate_e0,balanced_magnitude,-1.0025140940557822e-05,6.359311005772723e-05,7.361825099828505e-05,7.343363194072837,true,1e-06,false,loss,true
ieee14_structural_group_03_realization_02_seed_14202_8x8_held_out_seed14552017_coordinate_e0,ieee14_structural_group_03_realization_02_seed_14202_8x8,ieee14,ieee14_structural_group_03,2,14552017.0,coordinate_e0,sensitivity_initial_mean,-1.0025140940557822e-05,9.745676749216009e-05,0.0001074819084327,10.721236645949574,true,1e-06,false,loss,true
ieee14_structural_group_03_realization_02_seed_14202_8x8_held_out_seed14552017_signed_difference_e0_minus_e1,ieee14_structural_group_03_realization_02_seed_14202_8x8,ieee14,ieee14_structural_group_03,2,14552017.0,signed_difference_e0_minus_e1,balanced_magnitude,0.0002448077624182,0.0004300382410924,0.0001852304786742,0.7566364597451356,true,1e-06,false,win,true
ieee14_structural_group_03_realization_02_seed_14202_8x8_held_out_seed14552017_signed_difference_e0_minus_e1,ieee14_structural_group_03_realization_02_seed_14202_8x8,ieee14,ieee14_structural_group_03,2,14552017.0,signed_difference_e0_minus_e1,sensitivity_initial_mean,0.0002448077624182,0.0003158320050189,7.102424260071793e-05,0.2901225104103662,true,1e-06,false,win,true
ieee14_structural_group_03_realization_02_seed_14202_8x8_held_out_seed14552018_aggregate_e0_to_e3,ieee14_structural_group_03_realization_02_seed_14202_8x8,ieee14,ieee14_structural_group_03,2,14552018.0,aggregate_e0_to_e3,balanced_magnitude,-0.0004381249180261,-0.0002060048857144,0.0002321200323117,0.5298033112507771,true,1e-06,false,win,true
ieee14_structural_group_03_realization_02_seed_14202_8x8_held_out_seed14552018_aggregate_e0_to_e3,ieee14_structural_group_03_realization_02_seed_14202_8x8,ieee14,ieee14_structural_group_03,2,14552018.0,aggregate_e0_to_e3,sensitivity_initial_mean,-0.0004381249180261,-0.0004837174058841,4.559248785804704e-05,0.1040627592318913,true,1e-06,false,win,true
ieee14_structural_group_03_realization_02_seed_14202_8x8_held_out_seed14552018_coordinate_e0,ieee14_structural_group_03_realization_02_seed_14202_8x8,ieee14,ieee14_structural_group_03,2,14552018.0,coordinate_e0,balanced_magnitude,0.0015417807035286,0.0014887761512174,5.300455231126871e-05,0.0343787882349008,false,1e-06,false,loss,true
ieee14_structural_group_03_realization_02_seed_14202_8x8_held_out_seed14552018_coordinate_e0,ieee14_structural_group_03_realization_02_seed_14202_8x8,ieee14,ieee14_structural_group_03,2,14552018.0,coordinate_e0,sensitivity_initial_mean,0.0015417807035286,0.0014677453773972,7.40353261314225e-05,0.0480193622620765,false,1e-06,false,loss,true
ieee14_structural_group_03_realization_02_seed_14202_8x8_held_out_seed14552018_signed_difference_e0_minus_e1,ieee14_structural_group_03_realization_02_seed_14202_8x8,ieee14,ieee14_structural_group_03,2,14552018.0,signed_difference_e0_minus_e1,balanced_magnitude,0.0037638746169784,0.003827800510185,6.392589320661397e-05,0.0169840655473088,false,1e-06,false,win,true
ieee14_structural_group_03_realization_02_seed_14202_8x8_held_out_seed14552018_signed_difference_e0_minus_e1,ieee14_structural_group_03_realization_02_seed_14202_8x8,ieee14,ieee14_structural_group_03,2,14552018.0,signed_difference_e0_minus_e1,sensitivity_initial_mean,0.0037638746169784,0.0037366495446065,2.722507237185555e-05,0.0072332569871073,false,1e-06,false,win,true
ieee14_structural_group_03_realization_02_seed_14202_8x8_held_out_seed14552019_aggregate_e0_to_e3,ieee14_structural_group_03_realization_02_seed_14202_8x8,ieee14,ieee14_structural_group_03,2,14552019.0,aggregate_e0_to_e3,balanced_magnitude,-0.0015491750073896,-0.0014343942341917,0.0001147807731979,0.0740915472109095,false,1e-06,false,win,true
ieee14_structural_group_03_realization_02_seed_14202_8x8_held_out_seed14552019_aggregate_e0_to_e3,ieee14_structural_group_03_realization_02_seed_14202_8x8,ieee14,ieee14_structural_group_03,2,14552019.0,aggregate_e0_to_e3,sensitivity_initial_mean,-0.0015491750073896,-0.0015494135226883,2.3851529861894025e-07,0.0001539627850186,false,1e-06,false,win,true
ieee14_structural_group_03_realization_02_seed_14202_8x8_held_out_seed14552019_coordinate_e0,ieee14_structural_group_03_realization_02_seed_14202_8x8,ieee14,ieee14_structural_group_03,2,14552019.0,coordinate_e0,balanced_magnitude,-0.0017991610970753,-0.0017717157497753,2.7445347300023232e-05,0.0152545246474244,false,1e-06,false,loss,true
ieee14_structural_group_03_realization_02_seed_14202_8x8_held_out_seed14552019_coordinate_e0,ieee14_structural_group_03_realization_02_seed_14202_8x8,ieee14,ieee14_structural_group_03,2,14552019.0,coordinate_e0,sensitivity_initial_mean,-0.0017991610970753,-0.0018564981881036,5.733709102824936e-05,0.0318687921395445,false,1e-06,false,loss,true
ieee14_structural_group_03_realization_02_seed_14202_8x8_held_out_seed14552019_signed_difference_e0_minus_e1,ieee14_structural_group_03_realization_02_seed_14202_8x8,ieee14,ieee14_structural_group_03,2,14552019.0,signed_difference_e0_minus_e1,balanced_magnitude,0.0002583723404203,0.0002606828005679,2.3104601475950996e-06,0.0089423664461758,false,1e-06,false,loss,true
ieee14_structural_group_03_realization_02_seed_14202_8x8_held_out_seed14552019_signed_difference_e0_minus_e1,ieee14_structural_group_03_realization_02_seed_14202_8x8,ieee14,ieee14_structural_group_03,2,14552019.0,signed_difference_e0_minus_e1,sensitivity_initial_mean,0.0002583723404203,0.0001459501042035,0.0001124222362168,0.435117149281347,true,1e-06,false,loss,true
ieee14_structural_group_04_realization_01_seed_14201_8x8_held_out_seed14562000_aggregate_e0_to_e3,ieee14_structural_group_04_realization_01_seed_14201_8x8,ieee14,ieee14_structural_group_04,1,14562000.0,aggregate_e0_to_e3,balanced_magnitude,-0.000289488549959,-0.0003333636331133,4.387508315434611e-05,0.1515606857699642,true,1e-06,false,win,true
ieee14_structural_group_04_realization_01_seed_14201_8x8_held_out_seed14562000_aggregate_e0_to_e3,ieee14_structural_group_04_realization_01_seed_14201_8x8,ieee14,ieee14_structural_group_04,1,14562000.0,aggregate_e0_to_e3,sensitivity_initial_mean,-0.000289488549959,-0.000289488549959,5.421010862427522e-20,1.8726166762707416e-16,false,1e-06,false,win,true
ieee14_structural_group_04_realization_01_seed_14201_8x8_held_out_seed14562000_coordinate_e0,ieee14_structural_group_04_realization_01_seed_14201_8x8,ieee14,ieee14_structural_group_04,1,14562000.0,coordinate_e0,balanced_magnitude,-0.0001381657741411,-0.0001381657741411,0.0,0.0,false,1e-06,false,tie,true
ieee14_structural_group_04_realization_01_seed_14201_8x8_held_out_seed14562000_coordinate_e0,ieee14_structural_group_04_realization_01_seed_14201_8x8,ieee14,ieee14_structural_group_04,1,14562000.0,coordinate_e0,sensitivity_initial_mean,-0.0001381657741411,-0.0001381657741411,0.0,0.0,false,1e-06,false,tie,true
ieee14_structural_group_04_realization_01_seed_14201_8x8_held_out_seed14562000_signed_difference_e0_minus_e1,ieee14_structural_group_04_realization_01_seed_14201_8x8,ieee14,ieee14_structural_group_04,1,14562000.0,signed_difference_e0_minus_e1,balanced_magnitude,9.332570764844136e-05,9.700554351553444e-05,3.6798358670930738e-06,0.0394300344440466,false,1e-06,false,loss,true
ieee14_structural_group_04_realization_01_seed_14201_8x8_held_out_seed14562000_signed_difference_e0_minus_e1,ieee14_structural_group_04_realization_01_seed_14201_8x8,ieee14,ieee14_structural_group_04,1,14562000.0,signed_difference_e0_minus_e1,sensitivity_initial_mean,9.332570764844136e-05,5.7872236466991486e-05,3.545347118144988e-05,0.3798896582172553,true,1e-06,false,loss,true
ieee14_structural_group_04_realization_01_seed_14201_8x8_held_out_seed14562001_aggregate_e0_to_e3,ieee14_structural_group_04_realization_01_seed_14201_8x8,ieee14,ieee14_structural_group_04,1,14562001.0,aggregate_e0_to_e3,balanced_magnitude,0.0025332483979075,0.0030970750529323,0.0005638266550248,0.2225706154558583,true,1e-06,false,win,true
ieee14_structural_group_04_realization_01_seed_14201_8x8_held_out_seed14562001_aggregate_e0_to_e3,ieee14_structural_group_04_realization_01_seed_14201_8x8,ieee14,ieee14_structural_group_04,1,14562001.0,aggregate_e0_to_e3,sensitivity_initial_mean,0.0025332483979075,0.0025332483979075,0.0,0.0,false,1e-06,false,win,true
ieee14_structural_group_04_realization_01_seed_14201_8x8_held_out_seed14562001_coordinate_e0,ieee14_structural_group_04_realization_01_seed_14201_8x8,ieee14,ieee14_structural_group_04,1,14562001.0,coordinate_e0,balanced_magnitude,0.0033077220101205,0.0033077220101205,0.0,0.0,false,1e-06,false,tie,true
ieee14_structural_group_04_realization_01_seed_14201_8x8_held_out_seed14562001_coordinate_e0,ieee14_structural_group_04_realization_01_seed_14201_8x8,ieee14,ieee14_structural_group_04,1,14562001.0,coordinate_e0,sensitivity_initial_mean,0.0033077220101205,0.0033077220101205,0.0,0.0,false,1e-06,false,tie,true
ieee14_structural_group_04_realization_01_seed_14201_8x8_held_out_seed14562001_signed_difference_e0_minus_e1,ieee14_structural_group_04_realization_01_seed_14201_8x8,ieee14,ieee14_structural_group_04,1,14562001.0,signed_difference_e0_minus_e1,balanced_magnitude,0.0021683584753952,0.0020940086797874,7.434979560789643e-05,0.0342885166136296,false,1e-06,false,loss,true
ieee14_structural_group_04_realization_01_seed_14201_8x8_held_out_seed14562001_signed_difference_e0_minus_e1,ieee14_structural_group_04_realization_01_seed_14201_8x8,ieee14,ieee14_structural_group_04,1,14562001.0,signed_difference_e0_minus_e1,sensitivity_initial_mean,0.0021683584753952,0.0025066283409819,0.0003382698655866,0.156002740978968,true,1e-06,false,loss,true
ieee14_structural_group_04_realization_01_seed_14201_8x8_held_out_seed14562002_aggregate_e0_to_e3,ieee14_structural_group_04_realization_01_seed_14201_8x8,ieee14,ieee14_structural_group_04,1,14562002.0,aggregate_e0_to_e3,balanced_magnitude,-0.0002909551705914,-0.0006666232978093,0.0003756681272178,1.291154669821571,true,1e-06,false,win,true
ieee14_structural_group_04_realization_01_seed_14201_8x8_held_out_seed14562002_aggregate_e0_to_e3,ieee14_structural_group_04_realization_01_seed_14201_8x8,ieee14,ieee14_structural_group_04,1,14562002.0,aggregate_e0_to_e3,sensitivity_initial_mean,-0.0002909551705914,-0.0002909551705914,5.421010862427522e-20,1.8631773587003112e-16,false,1e-06,false,win,true
ieee14_structural_group_04_realization_01_seed_14201_8x8_held_out_seed14562002_coordinate_e0,ieee14_structural_group_04_realization_01_seed_14201_8x8,ieee14,ieee14_structural_group_04,1,14562002.0,coordinate_e0,balanced_magnitude,0.0007110803714412,0.0007110803714412,0.0,0.0,false,1e-06,false,tie,true
ieee14_structural_group_04_realization_01_seed_14201_8x8_held_out_seed14562002_coordinate_e0,ieee14_structural_group_04_realization_01_seed_14201_8x8,ieee14,ieee14_structural_group_04,1,14562002.0,coordinate_e0,sensitivity_initial_mean,0.0007110803714412,0.0007110803714412,0.0,0.0,false,1e-06,false,tie,true
ieee14_structural_group_04_realization_01_seed_14201_8x8_held_out_seed14562002_signed_difference_e0_minus_e1,ieee14_structural_group_04_realization_01_seed_14201_8x8,ieee14,ieee14_structural_group_04,1,14562002.0,signed_difference_e0_minus_e1,balanced_magnitude,0.0001010115964427,0.0001331271496908,3.211555324813723e-05,0.3179392701347349,true,1e-06,false,loss,true
ieee14_structural_group_04_realization_01_seed_14201_8x8_held_out_seed14562002_signed_difference_e0_minus_e1,ieee14_structural_group_04_realization_01_seed_14201_8x8,ieee14,ieee14_structural_group_04,1,14562002.0,signed_difference_e0_minus_e1,sensitivity_initial_mean,0.0001010115964427,-0.0001204836322222,0.0002214952286649,2.1927703002949146,true,1e-06,false,loss,true
ieee14_structural_group_04_realization_01_seed_14201_8x8_held_out_seed14562003_aggregate_e0_to_e3,ieee14_structural_group_04_realization_01_seed_14201_8x8,ieee14,ieee14_structural_group_04,1,14562003.0,aggregate_e0_to_e3,balanced_magnitude,0.002174857207105,0.0021996887387005,2.483153159550536e-05,0.0114175457194995,false,1e-06,false,win,true
ieee14_structural_group_04_realization_01_seed_14201_8x8_held_out_seed14562003_aggregate_e0_to_e3,ieee14_structural_group_04_realization_01_seed_14201_8x8,ieee14,ieee14_structural_group_04,1,14562003.0,aggregate_e0_to_e3,sensitivity_initial_mean,0.002174857207105,0.002174857207105,0.0,0.0,false,1e-06,false,win,true
ieee14_structural_group_04_realization_01_seed_14201_8x8_held_out_seed14562003_coordinate_e0,ieee14_structural_group_04_realization_01_seed_14201_8x8,ieee14,ieee14_structural_group_04,1,14562003.0,coordinate_e0,balanced_magnitude,0.0032638897950641,0.0032638897950641,0.0,0.0,false,1e-06,false,tie,true
ieee14_structural_group_04_realization_01_seed_14201_8x8_held_out_seed14562003_coordinate_e0,ieee14_structural_group_04_realization_01_seed_14201_8x8,ieee14,ieee14_structural_group_04,1,14562003.0,coordinate_e0,sensitivity_initial_mean,0.0032638897950641,0.0032638897950641,0.0,0.0,false,1e-06,false,tie,true
ieee14_structural_group_04_realization_01_seed_14201_8x8_held_out_seed14562003_signed_difference_e0_minus_e1,ieee14_structural_group_04_realization_01_seed_14201_8x8,ieee14,ieee14_structural_group_04,1,14562003.0,signed_difference_e0_minus_e1,balanced_magnitude,0.0032224061536226,0.0032571198744163,3.4713720793719434e-05,0.0107726087708385,false,1e-06,false,win,true
ieee14_structural_group_04_realization_01_seed_14201_8x8_held_out_seed14562003_signed_difference_e0_minus_e1,ieee14_structural_group_04_realization_01_seed_14201_8x8,ieee14,ieee14_structural_group_04,1,14562003.0,signed_difference_e0_minus_e1,sensitivity_initial_mean,0.0032224061536226,0.0032368991363146,1.4492982691950013e-05,0.0044975654839961,false,1e-06,false,win,true
ieee14_structural_group_04_realization_01_seed_14201_8x8_held_out_seed14562004_aggregate_e0_to_e3,ieee14_structural_group_04_realization_01_seed_14201_8x8,ieee14,ieee14_structural_group_04,1,14562004.0,aggregate_e0_to_e3,balanced_magnitude,0.0019621150299064,0.001231897395292,0.0007302176346143,0.3721584226635164,true,1e-06,false,win,true
ieee14_structural_group_04_realization_01_seed_14201_8x8_held_out_seed14562004_aggregate_e0_to_e3,ieee14_structural_group_04_realization_01_seed_14201_8x8,ieee14,ieee14_structural_group_04,1,14562004.0,aggregate_e0_to_e3,sensitivity_initial_mean,0.0019621150299064,0.0019621150299064,0.0,0.0,false,1e-06,false,win,true
ieee14_structural_group_04_realization_01_seed_14201_8x8_held_out_seed14562004_coordinate_e0,ieee14_structural_group_04_realization_01_seed_14201_8x8,ieee14,ieee14_structural_group_04,1,14562004.0,coordinate_e0,balanced_magnitude,0.0043517221026823,0.0043517221026823,0.0,0.0,false,1e-06,false,tie,true
ieee14_structural_group_04_realization_01_seed_14201_8x8_held_out_seed14562004_coordinate_e0,ieee14_structural_group_04_realization_01_seed_14201_8x8,ieee14,ieee14_structural_group_04,1,14562004.0,coordinate_e0,sensitivity_initial_mean,0.0043517221026823,0.0043517221026823,0.0,0.0,false,1e-06,false,tie,true
ieee14_structural_group_04_realization_01_seed_14201_8x8_held_out_seed14562004_signed_difference_e0_minus_e1,ieee14_structural_group_04_realization_01_seed_14201_8x8,ieee14,ieee14_structural_group_04,1,14562004.0,signed_difference_e0_minus_e1,balanced_magnitude,-0.0011554366430664,-0.0012237291187652,6.829247569887717e-05,0.0591053400536409,false,1e-06,false,loss,true
ieee14_structural_group_04_realization_01_seed_14201_8x8_held_out_seed14562004_signed_difference_e0_minus_e1,ieee14_structural_group_04_realization_01_seed_14201_8x8,ieee14,ieee14_structural_group_04,1,14562004.0,signed_difference_e0_minus_e1,sensitivity_initial_mean,-0.0011554366430664,-0.0015734269056007,0.0004179902625343,0.3617595694603197,true,1e-06,false,loss,true
ieee14_structural_group_04_realization_01_seed_14201_8x8_held_out_seed14562005_aggregate_e0_to_e3,ieee14_structural_group_04_realization_01_seed_14201_8x8,ieee14,ieee14_structural_group_04,1,14562005.0,aggregate_e0_to_e3,balanced_magnitude,-0.0009811272724121,-0.0006900794866458,0.0002910477857662,0.2966463107795562,true,1e-06,false,win,true
ieee14_structural_group_04_realization_01_seed_14201_8x8_held_out_seed14562005_aggregate_e0_to_e3,ieee14_structural_group_04_realization_01_seed_14201_8x8,ieee14,ieee14_structural_group_04,1,14562005.0,aggregate_e0_to_e3,sensitivity_initial_mean,-0.0009811272724121,-0.0009811272724121,0.0,0.0,false,1e-06,false,win,true
ieee14_structural_group_04_realization_01_seed_14201_8x8_held_out_seed14562005_coordinate_e0,ieee14_structural_group_04_realization_01_seed_14201_8x8,ieee14,ieee14_structural_group_04,1,14562005.0,coordinate_e0,balanced_magnitude,0.0006072319364323,0.0006072319364323,0.0,0.0,false,1e-06,false,tie,true
ieee14_structural_group_04_realization_01_seed_14201_8x8_held_out_seed14562005_coordinate_e0,ieee14_structural_group_04_realization_01_seed_14201_8x8,ieee14,ieee14_structural_group_04,1,14562005.0,coordinate_e0,sensitivity_initial_mean,0.0006072319364323,0.0006072319364323,0.0,0.0,false,1e-06,false,tie,true
ieee14_structural_group_04_realization_01_seed_14201_8x8_held_out_seed14562005_signed_difference_e0_minus_e1,ieee14_structural_group_04_realization_01_seed_14201_8x8,ieee14,ieee14_structural_group_04,1,14562005.0,signed_difference_e0_minus_e1,balanced_magnitude,0.0033787179603814,0.0034579303301773,7.921236979581761e-05,0.0234445049053084,false,1e-06,false,loss,true
ieee14_structural_group_04_realization_01_seed_14201_8x8_held_out_seed14562005_signed_difference_e0_minus_e1,ieee14_structural_group_04_realization_01_seed_14201_8x8,ieee14,ieee14_structural_group_04,1,14562005.0,signed_difference_e0_minus_e1,sensitivity_initial_mean,0.0033787179603814,0.0035447475246171,0.0001660295642356,0.0491398116630452,false,1e-06,false,loss,true
ieee14_structural_group_04_realization_01_seed_14201_8x8_held_out_seed14562006_aggregate_e0_to_e3,ieee14_structural_group_04_realization_01_seed_14201_8x8,ieee14,ieee14_structural_group_04,1,14562006.0,aggregate_e0_to_e3,balanced_magnitude,-0.0021921865506102,-0.0027999877749929,0.0006078012243826,0.2772579843688443,true,1e-06,false,win,true
ieee14_structural_group_04_realization_01_seed_14201_8x8_held_out_seed14562006_aggregate_e0_to_e3,ieee14_structural_group_04_realization_01_seed_14201_8x8,ieee14,ieee14_structural_group_04,1,14562006.0,aggregate_e0_to_e3,sensitivity_initial_mean,-0.0021921865506102,-0.0021921865506102,8.673617379884035e-19,3.956605507624129e-16,false,1e-06,false,win,true
ieee14_structural_group_04_realization_01_seed_14201_8x8_held_out_seed14562006_coordinate_e0,ieee14_structural_group_04_realization_01_seed_14201_8x8,ieee14,ieee14_structural_group_04,1,14562006.0,coordinate_e0,balanced_magnitude,-0.0048426842531837,-0.0048426842531837,0.0,0.0,false,1e-06,false,tie,true
ieee14_structural_group_04_realization_01_seed_14201_8x8_held_out_seed14562006_coordinate_e0,ieee14_structural_group_04_realization_01_seed_14201_8x8,ieee14,ieee14_structural_group_04,1,14562006.0,coordinate_e0,sensitivity_initial_mean,-0.0048426842531837,-0.0048426842531837,0.0,0.0,false,1e-06,false,tie,true
ieee14_structural_group_04_realization_01_seed_14201_8x8_held_out_seed14562006_signed_difference_e0_minus_e1,ieee14_structural_group_04_realization_01_seed_14201_8x8,ieee14,ieee14_structural_group_04,1,14562006.0,signed_difference_e0_minus_e1,balanced_magnitude,-0.0007163039036464,-0.0005339442100012,0.0001823596936452,0.2545842521825409,true,1e-06,false,loss,true
ieee14_structural_group_04_realization_01_seed_14201_8x8_held_out_seed14562006_signed_difference_e0_minus_e1,ieee14_structural_group_04_realization_01_seed_14201_8x8,ieee14,ieee14_structural_group_04,1,14562006.0,signed_difference_e0_minus_e1,sensitivity_initial_mean,-0.0007163039036464,-0.0010837813056894,0.0003674774020429,0.513018846012534,true,1e-06,false,loss,true
ieee14_structural_group_04_realization_01_seed_14201_8x8_held_out_seed14562007_aggregate_e0_to_e3,ieee14_structural_group_04_realization_01_seed_14201_8x8,ieee14,ieee14_structural_group_04,1,14562007.0,aggregate_e0_to_e3,balanced_magnitude,0.0010816182875496,0.0007683445001253,0.0003132737874242,0.2896343294398191,true,1e-06,false,win,true
ieee14_structural_group_04_realization_01_seed_14201_8x8_held_out_seed14562007_aggregate_e0_to_e3,ieee14_structural_group_04_realization_01_seed_14201_8x8,ieee14,ieee14_structural_group_04,1,14562007.0,aggregate_e0_to_e3,sensitivity_initial_mean,0.0010816182875496,0.0010816182875496,2.1684043449710093e-19,2.0047778129596583e-16,false,1e-06,false,win,true
ieee14_structural_group_04_realization_01_seed_14201_8x8_held_out_seed14562007_coordinate_e0,ieee14_structural_group_04_realization_01_seed_14201_8x8,ieee14,ieee14_structural_group_04,1,14562007.0,coordinate_e0,balanced_magnitude,0.000844249179801,0.000844249179801,0.0,0.0,false,1e-06,false,tie,true
ieee14_structural_group_04_realization_01_seed_14201_8x8_held_out_seed14562007_coordinate_e0,ieee14_structural_group_04_realization_01_seed_14201_8x8,ieee14,ieee14_structural_group_04,1,14562007.0,coordinate_e0,sensitivity_initial_mean,0.000844249179801,0.000844249179801,0.0,0.0,false,1e-06,false,tie,true
ieee14_structural_group_04_realization_01_seed_14201_8x8_held_out_seed14562007_signed_difference_e0_minus_e1,ieee14_structural_group_04_realization_01_seed_14201_8x8,ieee14,ieee14_structural_group_04,1,14562007.0,signed_difference_e0_minus_e1,balanced_magnitude,-0.0008295034331179,-0.0008426984653286,1.3195032210714917e-05,0.0159071459910865,false,1e-06,false,loss,true
ieee14_structural_group_04_realization_01_seed_14201_8x8_held_out_seed14562007_signed_difference_e0_minus_e1,ieee14_structural_group_04_realization_01_seed_14201_8x8,ieee14,ieee14_structural_group_04,1,14562007.0,signed_difference_e0_minus_e1,sensitivity_initial_mean,-0.0008295034331179,-0.0010089393721812,0.0001794359390632,0.216317295262772,true,1e-06,false,loss,true
ieee14_structural_group_04_realization_01_seed_14201_8x8_held_out_seed14562008_aggregate_e0_to_e3,ieee14_structural_group_04_realization_01_seed_14201_8x8,ieee14,ieee14_structural_group_04,1,14562008.0,aggregate_e0_to_e3,balanced_magnitude,-0.0023379357075568,-0.0030723694562941,0.0007344337487373,0.3141377012051261,true,1e-06,false,win,true
ieee14_structural_group_04_realization_01_seed_14201_8x8_held_out_seed14562008_aggregate_e0_to_e3,ieee14_structural_group_04_realization_01_seed_14201_8x8,ieee14,ieee14_structural_group_04,1,14562008.0,aggregate_e0_to_e3,sensitivity_initial_mean,-0.0023379357075568,-0.0023379357075568,4.33680868994202e-19,1.854973460529379e-16,false,1e-06,false,win,true
ieee14_structural_group_04_realization_01_seed_14201_8x8_held_out_seed14562008_coordinate_e0,ieee14_structural_group_04_realization_01_seed_14201_8x8,ieee14,ieee14_structural_group_04,1,14562008.0,coordinate_e0,balanced_magnitude,-0.0012382311397393,-0.0012382311397393,0.0,0.0,false,1e-06,false,tie,true
ieee14_structural_group_04_realization_01_seed_14201_8x8_held_out_seed14562008_coordinate_e0,ieee14_structural_group_04_realization_01_seed_14201_8x8,ieee14,ieee14_structural_group_04,1,14562008.0,coordinate_e0,sensitivity_initial_mean,-0.0012382311397393,-0.0012382311397393,0.0,0.0,false,1e-06,false,tie,true
ieee14_structural_group_04_realization_01_seed_14201_8x8_held_out_seed14562008_signed_difference_e0_minus_e1,ieee14_structural_group_04_realization_01_seed_14201_8x8,ieee14,ieee14_structural_group_04,1,14562008.0,signed_difference_e0_minus_e1,balanced_magnitude,-0.0003277054201106,-0.0002115430100474,0.0001161624100631,0.3544720438982724,true,1e-06,false,loss,true
ieee14_structural_group_04_realization_01_seed_14201_8x8_held_out_seed14562008_signed_difference_e0_minus_e1,ieee14_structural_group_04_realization_01_seed_14201_8x8,ieee14,ieee14_structural_group_04,1,14562008.0,signed_difference_e0_minus_e1,sensitivity_initial_mean,-0.0003277054201106,-0.0007628144052843,0.0004351089851737,1.327744243677341,true,1e-06,false,loss,true
ieee14_structural_group_04_realization_01_seed_14201_8x8_held_out_seed14562009_aggregate_e0_to_e3,ieee14_structural_group_04_realization_01_seed_14201_8x8,ieee14,ieee14_structural_group_04,1,14562009.0,aggregate_e0_to_e3,balanced_magnitude,0.0011394570026604,0.001346084484708,0.0002066274820475,0.1813385512266955,true,1e-06,false,win,true
ieee14_structural_group_04_realization_01_seed_14201_8x8_held_out_seed14562009_aggregate_e0_to_e3,ieee14_structural_group_04_realization_01_seed_14201_8x8,ieee14,ieee14_structural_group_04,1,14562009.0,aggregate_e0_to_e3,sensitivity_initial_mean,0.0011394570026604,0.0011394570026604,0.0,0.0,false,1e-06,false,win,true
ieee14_structural_group_04_realization_01_seed_14201_8x8_held_out_seed14562009_coordinate_e0,ieee14_structural_group_04_realization_01_seed_14201_8x8,ieee14,ieee14_structural_group_04,1,14562009.0,coordinate_e0,balanced_magnitude,0.0011951703112106,0.0011951703112106,0.0,0.0,false,1e-06,false,tie,true
ieee14_structural_group_04_realization_01_seed_14201_8x8_held_out_seed14562009_coordinate_e0,ieee14_structural_group_04_realization_01_seed_14201_8x8,ieee14,ieee14_structural_group_04,1,14562009.0,coordinate_e0,sensitivity_initial_mean,0.0011951703112106,0.0011951703112106,0.0,0.0,false,1e-06,false,tie,true
ieee14_structural_group_04_realization_01_seed_14201_8x8_held_out_seed14562009_signed_difference_e0_minus_e1,ieee14_structural_group_04_realization_01_seed_14201_8x8,ieee14,ieee14_structural_group_04,1,14562009.0,signed_difference_e0_minus_e1,balanced_magnitude,0.00050695457356,0.0004644278781703,4.252669538970023e-05,0.0838865997224593,false,1e-06,false,loss,true
ieee14_structural_group_04_realization_01_seed_14201_8x8_held_out_seed14562009_signed_difference_e0_minus_e1,ieee14_structural_group_04_realization_01_seed_14201_8x8,ieee14,ieee14_structural_group_04,1,14562009.0,signed_difference_e0_minus_e1,sensitivity_initial_mean,0.00050695457356,0.0006272774104849,0.0001203228369248,0.2373444154570531,true,1e-06,false,loss,true
ieee14_structural_group_04_realization_01_seed_14201_8x8_held_out_seed14562010_aggregate_e0_to_e3,ieee14_structural_group_04_realization_01_seed_14201_8x8,ieee14,ieee14_structural_group_04,1,14562010.0,aggregate_e0_to_e3,balanced_magnitude,-0.001964476318426,-0.0014561106008902,0.0005083657175358,0.2587792546886495,true,1e-06,false,win,true
ieee14_structural_group_04_realization_01_seed_14201_8x8_held_out_seed14562010_aggregate_e0_to_e3,ieee14_structural_group_04_realization_01_seed_14201_8x8,ieee14,ieee14_structural_group_04,1,14562010.0,aggregate_e0_to_e3,sensitivity_initial_mean,-0.001964476318426,-0.001964476318426,4.33680868994202e-19,2.2076156628941132e-16,false,1e-06,false,win,true
ieee14_structural_group_04_realization_01_seed_14201_8x8_held_out_seed14562010_coordinate_e0,ieee14_structural_group_04_realization_01_seed_14201_8x8,ieee14,ieee14_structural_group_04,1,14562010.0,coordinate_e0,balanced_magnitude,-0.0031811135694389,-0.0031811135694389,4.33680868994202e-19,1.3632989188458664e-16,false,1e-06,false,tie,true
ieee14_structural_group_04_realization_01_seed_14201_8x8_held_out_seed14562010_coordinate_e0,ieee14_structural_group_04_realization_01_seed_14201_8x8,ieee14,ieee14_structural_group_04,1,14562010.0,coordinate_e0,sensitivity_initial_mean,-0.0031811135694389,-0.0031811135694389,0.0,0.0,false,1e-06,false,tie,true
ieee14_structural_group_04_realization_01_seed_14201_8x8_held_out_seed14562010_signed_difference_e0_minus_e1,ieee14_structural_group_04_realization_01_seed_14201_8x8,ieee14,ieee14_structural_group_04,1,14562010.0,signed_difference_e0_minus_e1,balanced_magnitude,-0.0018770802866119,-0.0019274709335453,5.039064693337296e-05,0.0268452272887724,false,1e-06,false,loss,true
ieee14_structural_group_04_realization_01_seed_14201_8x8_held_out_seed14562010_signed_difference_e0_minus_e1,ieee14_structural_group_04_realization_01_seed_14201_8x8,ieee14,ieee14_structural_group_04,1,14562010.0,signed_difference_e0_minus_e1,sensitivity_initial_mean,-0.0018770802866119,-0.0015771442057028,0.000299936080909,0.1597886265432233,true,1e-06,false,loss,true
ieee14_structural_group_04_realization_01_seed_14201_8x8_held_out_seed14562011_aggregate_e0_to_e3,ieee14_structural_group_04_realization_01_seed_14201_8x8,ieee14,ieee14_structural_group_04,1,14562011.0,aggregate_e0_to_e3,balanced_magnitude,0.0037176308151388,0.004051333544692,0.0003337027295531,0.0897622023667059,false,1e-06,false,win,true
ieee14_structural_group_04_realization_01_seed_14201_8x8_held_out_seed14562011_aggregate_e0_to_e3,ieee14_structural_group_04_realization_01_seed_14201_8x8,ieee14,ieee14_structural_group_04,1,14562011.0,aggregate_e0_to_e3,sensitivity_initial_mean,0.0037176308151388,0.0037176308151388,0.0,0.0,false,1e-06,false,win,true
ieee14_structural_group_04_realization_01_seed_14201_8x8_held_out_seed14562011_coordinate_e0,ieee14_structural_group_04_realization_01_seed_14201_8x8,ieee14,ieee14_structural_group_04,1,14562011.0,coordinate_e0,balanced_magnitude,0.0054767821615728,0.0054767821615728,0.0,0.0,false,1e-06,false,tie,true
ieee14_structural_group_04_realization_01_seed_14201_8x8_held_out_seed14562011_coordinate_e0,ieee14_structural_group_04_realization_01_seed_14201_8x8,ieee14,ieee14_structural_group_04,1,14562011.0,coordinate_e0,sensitivity_initial_mean,0.0054767821615728,0.0054767821615728,0.0,0.0,false,1e-06,false,tie,true
ieee14_structural_group_04_realization_01_seed_14201_8x8_held_out_seed14562011_signed_difference_e0_minus_e1,ieee14_structural_group_04_realization_01_seed_14201_8x8,ieee14,ieee14_structural_group_04,1,14562011.0,signed_difference_e0_minus_e1,balanced_magnitude,0.0026435785766233,0.0025577026934339,8.58758831894864e-05,0.032484709911356,false,1e-06,false,loss,true
ieee14_structural_group_04_realization_01_seed_14201_8x8_held_out_seed14562011_signed_difference_e0_minus_e1,ieee14_structural_group_04_realization_01_seed_14201_8x8,ieee14,ieee14_structural_group_04,1,14562011.0,signed_difference_e0_minus_e1,sensitivity_initial_mean,0.0026435785766233,0.0028487058797961,0.0002051273031727,0.0775945549667557,false,1e-06,false,loss,true
ieee14_structural_group_04_realization_01_seed_14201_8x8_held_out_seed14562012_aggregate_e0_to_e3,ieee14_structural_group_04_realization_01_seed_14201_8x8,ieee14,ieee14_structural_group_04,1,14562012.0,aggregate_e0_to_e3,balanced_magnitude,-0.0016317539888845,-0.0008648656485093,0.0007668883403752,0.4699779167688743,true,1e-06,false,win,true
ieee14_structural_group_04_realization_01_seed_14201_8x8_held_out_seed14562012_aggregate_e0_to_e3,ieee14_structural_group_04_realization_01_seed_14201_8x8,ieee14,ieee14_structural_group_04,1,14562012.0,aggregate_e0_to_e3,sensitivity_initial_mean,-0.0016317539888845,-0.0016317539888845,0.0,0.0,false,1e-06,false,win,true
ieee14_structural_group_04_realization_01_seed_14201_8x8_held_out_seed14562012_coordinate_e0,ieee14_structural_group_04_realization_01_seed_14201_8x8,ieee14,ieee14_structural_group_04,1,14562012.0,coordinate_e0,balanced_magnitude,-0.0046861875025273,-0.0046861875025273,0.0,0.0,false,1e-06,false,tie,true
ieee14_structural_group_04_realization_01_seed_14201_8x8_held_out_seed14562012_coordinate_e0,ieee14_structural_group_04_realization_01_seed_14201_8x8,ieee14,ieee14_structural_group_04,1,14562012.0,coordinate_e0,sensitivity_initial_mean,-0.0046861875025273,-0.0046861875025273,0.0,0.0,false,1e-06,false,tie,true
ieee14_structural_group_04_realization_01_seed_14201_8x8_held_out_seed14562012_signed_difference_e0_minus_e1,ieee14_structural_group_04_realization_01_seed_14201_8x8,ieee14,ieee14_structural_group_04,1,14562012.0,signed_difference_e0_minus_e1,balanced_magnitude,-0.0031845243982558,-0.0032706551429633,8.61307447074626e-05,0.0270466587584116,false,1e-06,false,loss,true
ieee14_structural_group_04_realization_01_seed_14201_8x8_held_out_seed14562012_signed_difference_e0_minus_e1,ieee14_structural_group_04_realization_01_seed_14201_8x8,ieee14,ieee14_structural_group_04,1,14562012.0,signed_difference_e0_minus_e1,sensitivity_initial_mean,-0.0031845243982558,-0.0027244717364653,0.0004600526617904,0.1444651082097096,true,1e-06,false,loss,true
ieee14_structural_group_04_realization_01_seed_14201_8x8_held_out_seed14562013_aggregate_e0_to_e3,ieee14_structural_group_04_realization_01_seed_14201_8x8,ieee14,ieee14_structural_group_04,1,14562013.0,aggregate_e0_to_e3,balanced_magnitude,0.0021399668162352,0.00294556779008,0.0008056009738448,0.3764548906707426,true,1e-06,false,win,true
ieee14_structural_group_04_realization_01_seed_14201_8x8_held_out_seed14562013_aggregate_e0_to_e3,ieee14_structural_group_04_realization_01_seed_14201_8x8,ieee14,ieee14_structural_group_04,1,14562013.0,aggregate_e0_to_e3,sensitivity_initial_mean,0.0021399668162352,0.0021399668162352,0.0,0.0,false,1e-06,false,win,true
ieee14_structural_group_04_realization_01_seed_14201_8x8_held_out_seed14562013_coordinate_e0,ieee14_structural_group_04_realization_01_seed_14201_8x8,ieee14,ieee14_structural_group_04,1,14562013.0,coordinate_e0,balanced_magnitude,0.000305361632009,0.000305361632009,0.0,0.0,false,1e-06,false,tie,true
ieee14_structural_group_04_realization_01_seed_14201_8x8_held_out_seed14562013_coordinate_e0,ieee14_structural_group_04_realization_01_seed_14201_8x8,ieee14,ieee14_structural_group_04,1,14562013.0,coordinate_e0,sensitivity_initial_mean,0.000305361632009,0.000305361632009,0.0,0.0,false,1e-06,false,tie,true
ieee14_structural_group_04_realization_01_seed_14201_8x8_held_out_seed14562013_signed_difference_e0_minus_e1,ieee14_structural_group_04_realization_01_seed_14201_8x8,ieee14,ieee14_structural_group_04,1,14562013.0,signed_difference_e0_minus_e1,balanced_magnitude,0.0006307379300509,0.0005460109448965,8.472698515436339e-05,0.1343299350136089,true,1e-06,false,loss,true
ieee14_structural_group_04_realization_01_seed_14201_8x8_held_out_seed14562013_signed_difference_e0_minus_e1,ieee14_structural_group_04_realization_01_seed_14201_8x8,ieee14,ieee14_structural_group_04,1,14562013.0,signed_difference_e0_minus_e1,sensitivity_initial_mean,0.0006307379300509,0.0011083701784155,0.0004776322483646,0.757259434716475,true,1e-06,false,loss,true
ieee14_structural_group_04_realization_01_seed_14201_8x8_held_out_seed14562014_aggregate_e0_to_e3,ieee14_structural_group_04_realization_01_seed_14201_8x8,ieee14,ieee14_structural_group_04,1,14562014.0,aggregate_e0_to_e3,balanced_magnitude,0.0012223384844849,0.0017057583671346,0.0004834198826496,0.3954877382866723,true,1e-06,false,win,true
ieee14_structural_group_04_realization_01_seed_14201_8x8_held_out_seed14562014_aggregate_e0_to_e3,ieee14_structural_group_04_realization_01_seed_14201_8x8,ieee14,ieee14_structural_group_04,1,14562014.0,aggregate_e0_to_e3,sensitivity_initial_mean,0.0012223384844849,0.0012223384844849,0.0,0.0,false,1e-06,false,win,true
ieee14_structural_group_04_realization_01_seed_14201_8x8_held_out_seed14562014_coordinate_e0,ieee14_structural_group_04_realization_01_seed_14201_8x8,ieee14,ieee14_structural_group_04,1,14562014.0,coordinate_e0,balanced_magnitude,-0.0013741503378548,-0.0013741503378548,0.0,0.0,false,1e-06,false,tie,true
ieee14_structural_group_04_realization_01_seed_14201_8x8_held_out_seed14562014_coordinate_e0,ieee14_structural_group_04_realization_01_seed_14201_8x8,ieee14,ieee14_structural_group_04,1,14562014.0,coordinate_e0,sensitivity_initial_mean,-0.0013741503378548,-0.0013741503378548,0.0,0.0,false,1e-06,false,tie,true
ieee14_structural_group_04_realization_01_seed_14201_8x8_held_out_seed14562014_signed_difference_e0_minus_e1,ieee14_structural_group_04_realization_01_seed_14201_8x8,ieee14,ieee14_structural_group_04,1,14562014.0,signed_difference_e0_minus_e1,balanced_magnitude,-0.0003317844261695,-0.0003665142030046,3.472977683519182e-05,0.1046757294673292,true,1e-06,false,loss,true
ieee14_structural_group_04_realization_01_seed_14201_8x8_held_out_seed14562014_signed_difference_e0_minus_e1,ieee14_structural_group_04_realization_01_seed_14201_8x8,ieee14,ieee14_structural_group_04,1,14562014.0,signed_difference_e0_minus_e1,sensitivity_initial_mean,-0.0003317844261695,-4.5337695713720794e-05,0.0002864467304557,0.8633519474161251,true,1e-06,false,loss,true
ieee14_structural_group_04_realization_01_seed_14201_8x8_held_out_seed14562015_aggregate_e0_to_e3,ieee14_structural_group_04_realization_01_seed_14201_8x8,ieee14,ieee14_structural_group_04,1,14562015.0,aggregate_e0_to_e3,balanced_magnitude,-0.0007895484938628,-0.0001387714563017,0.000650777037561,0.8242394768903915,true,1e-06,false,win,true
ieee14_structural_group_04_realization_01_seed_14201_8x8_held_out_seed14562015_aggregate_e0_to_e3,ieee14_structural_group_04_realization_01_seed_14201_8x8,ieee14,ieee14_structural_group_04,1,14562015.0,aggregate_e0_to_e3,sensitivity_initial_mean,-0.0007895484938628,-0.0007895484938628,1.0842021724855044e-19,1.3731926296016548e-16,false,1e-06,false,win,true
ieee14_structural_group_04_realization_01_seed_14201_8x8_held_out_seed14562015_coordinate_e0,ieee14_structural_group_04_realization_01_seed_14201_8x8,ieee14,ieee14_structural_group_04,1,14562015.0,coordinate_e0,balanced_magnitude,-0.0039418989680814,-0.0039418989680814,0.0,0.0,false,1e-06,false,tie,true
ieee14_structural_group_04_realization_01_seed_14201_8x8_held_out_seed14562015_coordinate_e0,ieee14_structural_group_04_realization_01_seed_14201_8x8,ieee14,ieee14_structural_group_04,1,14562015.0,coordinate_e0,sensitivity_initial_mean,-0.0039418989680814,-0.0039418989680814,0.0,0.0,false,1e-06,false,tie,true
ieee14_structural_group_04_realization_01_seed_14201_8x8_held_out_seed14562015_signed_difference_e0_minus_e1,ieee14_structural_group_04_realization_01_seed_14201_8x8,ieee14,ieee14_structural_group_04,1,14562015.0,signed_difference_e0_minus_e1,balanced_magnitude,-0.0016406717234139,-0.001672235937714,3.156421430011366e-05,0.0192385922483228,false,1e-06,false,loss,true
ieee14_structural_group_04_realization_01_seed_14201_8x8_held_out_seed14562015_signed_difference_e0_minus_e1,ieee14_structural_group_04_realization_01_seed_14201_8x8,ieee14,ieee14_structural_group_04,1,14562015.0,signed_difference_e0_minus_e1,sensitivity_initial_mean,-0.0016406717234139,-0.0012518859032659,0.000388785820148,0.2369674655811224,true,1e-06,false,loss,true
ieee14_structural_group_04_realization_01_seed_14201_8x8_held_out_seed14562016_aggregate_e0_to_e3,ieee14_structural_group_04_realization_01_seed_14201_8x8,ieee14,ieee14_structural_group_04,1,14562016.0,aggregate_e0_to_e3,balanced_magnitude,-0.0005230156055308,-0.0010086089175931,0.0004855933120622,0.9284489925866568,true,1e-06,false,win,true
ieee14_structural_group_04_realization_01_seed_14201_8x8_held_out_seed14562016_aggregate_e0_to_e3,ieee14_structural_group_04_realization_01_seed_14201_8x8,ieee14,ieee14_structural_group_04,1,14562016.0,aggregate_e0_to_e3,sensitivity_initial_mean,-0.0005230156055308,-0.0005230156055308,0.0,0.0,false,1e-06,false,win,true
ieee14_structural_group_04_realization_01_seed_14201_8x8_held_out_seed14562016_coordinate_e0,ieee14_structural_group_04_realization_01_seed_14201_8x8,ieee14,ieee14_structural_group_04,1,14562016.0,coordinate_e0,balanced_magnitude,-0.0017159268567446,-0.0017159268567446,0.0,0.0,false,1e-06,false,tie,true
ieee14_structural_group_04_realization_01_seed_14201_8x8_held_out_seed14562016_coordinate_e0,ieee14_structural_group_04_realization_01_seed_14201_8x8,ieee14,ieee14_structural_group_04,1,14562016.0,coordinate_e0,sensitivity_initial_mean,-0.0017159268567446,-0.0017159268567446,0.0,0.0,false,1e-06,false,tie,true
ieee14_structural_group_04_realization_01_seed_14201_8x8_held_out_seed14562016_signed_difference_e0_minus_e1,ieee14_structural_group_04_realization_01_seed_14201_8x8,ieee14,ieee14_structural_group_04,1,14562016.0,signed_difference_e0_minus_e1,balanced_magnitude,-0.0034387882377817,-0.0034679091541558,2.91209163741004e-05,0.008468365703404,false,1e-06,false,loss,true
ieee14_structural_group_04_realization_01_seed_14201_8x8_held_out_seed14562016_signed_difference_e0_minus_e1,ieee14_structural_group_04_realization_01_seed_14201_8x8,ieee14,ieee14_structural_group_04,1,14562016.0,signed_difference_e0_minus_e1,sensitivity_initial_mean,-0.0034387882377817,-0.0037246733367419,0.0002858850989601,0.0831354184067427,false,1e-06,false,loss,true
ieee14_structural_group_04_realization_01_seed_14201_8x8_held_out_seed14562017_aggregate_e0_to_e3,ieee14_structural_group_04_realization_01_seed_14201_8x8,ieee14,ieee14_structural_group_04,1,14562017.0,aggregate_e0_to_e3,balanced_magnitude,0.0004632446623605,-0.0004466323639877,0.0009098770263482,1.964139255726986,true,1e-06,false,win,true
ieee14_structural_group_04_realization_01_seed_14201_8x8_held_out_seed14562017_aggregate_e0_to_e3,ieee14_structural_group_04_realization_01_seed_14201_8x8,ieee14,ieee14_structural_group_04,1,14562017.0,aggregate_e0_to_e3,sensitivity_initial_mean,0.0004632446623605,0.0004632446623605,2.1684043449710093e-19,4.68090519148486e-16,false,1e-06,false,win,true
ieee14_structural_group_04_realization_01_seed_14201_8x8_held_out_seed14562017_coordinate_e0,ieee14_structural_group_04_realization_01_seed_14201_8x8,ieee14,ieee14_structural_group_04,1,14562017.0,coordinate_e0,balanced_magnitude,0.0009138958692569,0.0009138958692569,0.0,0.0,false,1e-06,false,tie,true
ieee14_structural_group_04_realization_01_seed_14201_8x8_held_out_seed14562017_coordinate_e0,ieee14_structural_group_04_realization_01_seed_14201_8x8,ieee14,ieee14_structural_group_04,1,14562017.0,coordinate_e0,sensitivity_initial_mean,0.0009138958692569,0.0009138958692569,0.0,0.0,false,1e-06,false,tie,true
ieee14_structural_group_04_realization_01_seed_14201_8x8_held_out_seed14562017_signed_difference_e0_minus_e1,ieee14_structural_group_04_realization_01_seed_14201_8x8,ieee14,ieee14_structural_group_04,1,14562017.0,signed_difference_e0_minus_e1,balanced_magnitude,0.0036548371652709,0.0038819225100371,0.0002270853447662,0.0621328213809501,false,1e-06,false,loss,true
ieee14_structural_group_04_realization_01_seed_14201_8x8_held_out_seed14562017_signed_difference_e0_minus_e1,ieee14_structural_group_04_realization_01_seed_14201_8x8,ieee14,ieee14_structural_group_04,1,14562017.0,signed_difference_e0_minus_e1,sensitivity_initial_mean,0.0036548371652709,0.0031024561333209,0.0005523810319499,0.1511369746370182,true,1e-06,false,loss,true
ieee14_structural_group_04_realization_01_seed_14201_8x8_held_out_seed14562018_aggregate_e0_to_e3,ieee14_structural_group_04_realization_01_seed_14201_8x8,ieee14,ieee14_structural_group_04,1,14562018.0,aggregate_e0_to_e3,balanced_magnitude,0.0013676884012151,0.0012171521343324,0.0001505362668826,0.110066201299153,true,1e-06,false,win,true
ieee14_structural_group_04_realization_01_seed_14201_8x8_held_out_seed14562018_aggregate_e0_to_e3,ieee14_structural_group_04_realization_01_seed_14201_8x8,ieee14,ieee14_structural_group_04,1,14562018.0,aggregate_e0_to_e3,sensitivity_initial_mean,0.0013676884012151,0.0013676884012151,8.673617379884035e-19,6.341808099109304e-16,false,1e-06,false,win,true
ieee14_structural_group_04_realization_01_seed_14201_8x8_held_out_seed14562018_coordinate_e0,ieee14_structural_group_04_realization_01_seed_14201_8x8,ieee14,ieee14_structural_group_04,1,14562018.0,coordinate_e0,balanced_magnitude,0.0036396658228654,0.0036396658228654,0.0,0.0,false,1e-06,false,tie,true
ieee14_structural_group_04_realization_01_seed_14201_8x8_held_out_seed14562018_coordinate_e0,ieee14_structural_group_04_realization_01_seed_14201_8x8,ieee14,ieee14_structural_group_04,1,14562018.0,coordinate_e0,sensitivity_initial_mean,0.0036396658228654,0.0036396658228654,0.0,0.0,false,1e-06,false,tie,true
ieee14_structural_group_04_realization_01_seed_14201_8x8_held_out_seed14562018_signed_difference_e0_minus_e1,ieee14_structural_group_04_realization_01_seed_14201_8x8,ieee14,ieee14_structural_group_04,1,14562018.0,signed_difference_e0_minus_e1,balanced_magnitude,0.007792267015603,0.0080104225513925,0.0002181555357894,0.0279964143108272,false,1e-06,false,win,true
ieee14_structural_group_04_realization_01_seed_14201_8x8_held_out_seed14562018_signed_difference_e0_minus_e1,ieee14_structural_group_04_realization_01_seed_14201_8x8,ieee14,ieee14_structural_group_04,1,14562018.0,signed_difference_e0_minus_e1,sensitivity_initial_mean,0.007792267015603,0.0076854375164819,0.0001068294991211,0.0137096815223656,false,1e-06,false,win,true
ieee14_structural_group_04_realization_01_seed_14201_8x8_held_out_seed14562019_aggregate_e0_to_e3,ieee14_structural_group_04_realization_01_seed_14201_8x8,ieee14,ieee14_structural_group_04,1,14562019.0,aggregate_e0_to_e3,balanced_magnitude,-1.7172979454919924e-06,1.4737933342467676e-05,1.6455231287959668e-05,9.582047967363854,true,1e-06,false,win,true
ieee14_structural_group_04_realization_01_seed_14201_8x8_held_out_seed14562019_aggregate_e0_to_e3,ieee14_structural_group_04_realization_01_seed_14201_8x8,ieee14,ieee14_structural_group_04,1,14562019.0,aggregate_e0_to_e3,sensitivity_initial_mean,-1.7172979454919924e-06,-1.7172979454917756e-06,2.1684043449710093e-19,1.2626838287806714e-13,false,1e-06,false,win,true
ieee14_structural_group_04_realization_01_seed_14201_8x8_held_out_seed14562019_coordinate_e0,ieee14_structural_group_04_realization_01_seed_14201_8x8,ieee14,ieee14_structural_group_04,1,14562019.0,coordinate_e0,balanced_magnitude,0.0003119802746203,0.0003119802746203,0.0,0.0,false,1e-06,false,tie,true
ieee14_structural_group_04_realization_01_seed_14201_8x8_held_out_seed14562019_coordinate_e0,ieee14_structural_group_04_realization_01_seed_14201_8x8,ieee14,ieee14_structural_group_04,1,14562019.0,coordinate_e0,sensitivity_initial_mean,0.0003119802746203,0.0003119802746203,0.0,0.0,false,1e-06,false,tie,true
ieee14_structural_group_04_realization_01_seed_14201_8x8_held_out_seed14562019_signed_difference_e0_minus_e1,ieee14_structural_group_04_realization_01_seed_14201_8x8,ieee14,ieee14_structural_group_04,1,14562019.0,signed_difference_e0_minus_e1,balanced_magnitude,-0.0013620901906439,-0.0014220581223715,5.99679317276375e-05,0.0440264030528606,false,1e-06,false,win,true
ieee14_structural_group_04_realization_01_seed_14201_8x8_held_out_seed14562019_signed_difference_e0_minus_e1,ieee14_structural_group_04_realization_01_seed_14201_8x8,ieee14,ieee14_structural_group_04,1,14562019.0,signed_difference_e0_minus_e1,sensitivity_initial_mean,-0.0013620901906439,-0.0013446064241896,1.7483766454246203e-05,0.0128359829432298,false,1e-06,false,win,true
ieee14_structural_group_04_realization_02_seed_14202_8x8_held_out_seed14572000_aggregate_e0_to_e3,ieee14_structural_group_04_realization_02_seed_14202_8x8,ieee14,ieee14_structural_group_04,2,14572000.0,aggregate_e0_to_e3,balanced_magnitude,0.0008086059645064,0.0013517779327712,0.0005431719682647,0.6717387604188055,true,1e-06,false,win,true
ieee14_structural_group_04_realization_02_seed_14202_8x8_held_out_seed14572000_aggregate_e0_to_e3,ieee14_structural_group_04_realization_02_seed_14202_8x8,ieee14,ieee14_structural_group_04,2,14572000.0,aggregate_e0_to_e3,sensitivity_initial_mean,0.0008086059645064,0.0008086059645064,6.505213034913029e-19,8.044972855083834e-16,false,1e-06,false,win,true
ieee14_structural_group_04_realization_02_seed_14202_8x8_held_out_seed14572000_coordinate_e0,ieee14_structural_group_04_realization_02_seed_14202_8x8,ieee14,ieee14_structural_group_04,2,14572000.0,coordinate_e0,balanced_magnitude,0.0003412941848366,0.0003412941848366,0.0,0.0,false,1e-06,false,tie,true
ieee14_structural_group_04_realization_02_seed_14202_8x8_held_out_seed14572000_coordinate_e0,ieee14_structural_group_04_realization_02_seed_14202_8x8,ieee14,ieee14_structural_group_04,2,14572000.0,coordinate_e0,sensitivity_initial_mean,0.0003412941848366,0.0003412941848366,0.0,0.0,false,1e-06,false,tie,true
ieee14_structural_group_04_realization_02_seed_14202_8x8_held_out_seed14572000_signed_difference_e0_minus_e1,ieee14_structural_group_04_realization_02_seed_14202_8x8,ieee14,ieee14_structural_group_04,2,14572000.0,signed_difference_e0_minus_e1,balanced_magnitude,-0.0027181356770982,-0.0028893507044784,0.0001712150273801,0.0629898753115129,false,1e-06,false,loss,true
ieee14_structural_group_04_realization_02_seed_14202_8x8_held_out_seed14572000_signed_difference_e0_minus_e1,ieee14_structural_group_04_realization_02_seed_14202_8x8,ieee14,ieee14_structural_group_04,2,14572000.0,signed_difference_e0_minus_e1,sensitivity_initial_mean,-0.0027181356770982,-0.0023760926740901,0.000342043003008,0.1258373545845919,true,1e-06,false,loss,true
ieee14_structural_group_04_realization_02_seed_14202_8x8_held_out_seed14572001_aggregate_e0_to_e3,ieee14_structural_group_04_realization_02_seed_14202_8x8,ieee14,ieee14_structural_group_04,2,14572001.0,aggregate_e0_to_e3,balanced_magnitude,-0.0003821899289766,-0.0002182365643477,0.0001639533646289,0.4289840003580186,true,1e-06,false,win,true
ieee14_structural_group_04_realization_02_seed_14202_8x8_held_out_seed14572001_aggregate_e0_to_e3,ieee14_structural_group_04_realization_02_seed_14202_8x8,ieee14,ieee14_structural_group_04,2,14572001.0,aggregate_e0_to_e3,sensitivity_initial_mean,-0.0003821899289766,-0.0003821899289766,0.0,0.0,false,1e-06,false,win,true
ieee14_structural_group_04_realization_02_seed_14202_8x8_held_out_seed14572001_coordinate_e0,ieee14_structural_group_04_realization_02_seed_14202_8x8,ieee14,ieee14_structural_group_04,2,14572001.0,coordinate_e0,balanced_magnitude,-0.0033219072857544,-0.0033219072857544,0.0,0.0,false,1e-06,false,tie,true
ieee14_structural_group_04_realization_02_seed_14202_8x8_held_out_seed14572001_coordinate_e0,ieee14_structural_group_04_realization_02_seed_14202_8x8,ieee14,ieee14_structural_group_04,2,14572001.0,coordinate_e0,sensitivity_initial_mean,-0.0033219072857544,-0.0033219072857544,0.0,0.0,false,1e-06,false,tie,true
ieee14_structural_group_04_realization_02_seed_14202_8x8_held_out_seed14572001_signed_difference_e0_minus_e1,ieee14_structural_group_04_realization_02_seed_14202_8x8,ieee14,ieee14_structural_group_04,2,14572001.0,signed_difference_e0_minus_e1,balanced_magnitude,-0.0032106223814021,-0.003263659348292,5.3036966889879154e-05,0.0165192167092277,false,1e-06,false,loss,true
ieee14_structural_group_04_realization_02_seed_14202_8x8_held_out_seed14572001_signed_difference_e0_minus_e1,ieee14_structural_group_04_realization_02_seed_14202_8x8,ieee14,ieee14_structural_group_04,2,14572001.0,signed_difference_e0_minus_e1,sensitivity_initial_mean,-0.0032106223814021,-0.0031099059215798,0.0001007164598222,0.031369761951981,false,1e-06,false,loss,true
ieee14_structural_group_04_realization_02_seed_14202_8x8_held_out_seed14572002_aggregate_e0_to_e3,ieee14_structural_group_04_realization_02_seed_14202_8x8,ieee14,ieee14_structural_group_04,2,14572002.0,aggregate_e0_to_e3,balanced_magnitude,0.0006694567946189,-0.0002157446346669,0.0008852014292859,1.3222681977404704,true,1e-06,false,win,true
ieee14_structural_group_04_realization_02_seed_14202_8x8_held_out_seed14572002_aggregate_e0_to_e3,ieee14_structural_group_04_realization_02_seed_14202_8x8,ieee14,ieee14_structural_group_04,2,14572002.0,aggregate_e0_to_e3,sensitivity_initial_mean,0.0006694567946189,0.0006694567946189,8.673617379884035e-19,1.2956201878301185e-15,false,1e-06,false,win,true
ieee14_structural_group_04_realization_02_seed_14202_8x8_held_out_seed14572002_coordinate_e0,ieee14_structural_group_04_realization_02_seed_14202_8x8,ieee14,ieee14_structural_group_04,2,14572002.0,coordinate_e0,balanced_magnitude,-0.0009476374963543,-0.0009476374963543,0.0,0.0,false,1e-06,false,tie,true
ieee14_structural_group_04_realization_02_seed_14202_8x8_held_out_seed14572002_coordinate_e0,ieee14_structural_group_04_realization_02_seed_14202_8x8,ieee14,ieee14_structural_group_04,2,14572002.0,coordinate_e0,sensitivity_initial_mean,-0.0009476374963543,-0.0009476374963543,0.0,0.0,false,1e-06,false,tie,true
ieee14_structural_group_04_realization_02_seed_14202_8x8_held_out_seed14572002_signed_difference_e0_minus_e1,ieee14_structural_group_04_realization_02_seed_14202_8x8,ieee14,ieee14_structural_group_04,2,14572002.0,signed_difference_e0_minus_e1,balanced_magnitude,-8.329655991761115e-05,3.257677164645093e-05,0.000115873331564,1.3910938420346854,true,1e-06,false,loss,true
ieee14_structural_group_04_realization_02_seed_14202_8x8_held_out_seed14572002_signed_difference_e0_minus_e1,ieee14_structural_group_04_realization_02_seed_14202_8x8,ieee14,ieee14_structural_group_04,2,14572002.0,signed_difference_e0_minus_e1,sensitivity_initial_mean,-8.329655991761115e-05,-0.0006337008222766,0.000550404262359,6.607767030276294,true,1e-06,false,loss,true
ieee14_structural_group_04_realization_02_seed_14202_8x8_held_out_seed14572003_aggregate_e0_to_e3,ieee14_structural_group_04_realization_02_seed_14202_8x8,ieee14,ieee14_structural_group_04,2,14572003.0,aggregate_e0_to_e3,balanced_magnitude,0.001687630203818,0.0018544419827875,0.0001668117789695,0.0988437980027563,false,1e-06,false,win,true
ieee14_structural_group_04_realization_02_seed_14202_8x8_held_out_seed14572003_aggregate_e0_to_e3,ieee14_structural_group_04_realization_02_seed_14202_8x8,ieee14,ieee14_structural_group_04,2,14572003.0,aggregate_e0_to_e3,sensitivity_initial_mean,0.001687630203818,0.001687630203818,2.1684043449710093e-19,1.2848812139444478e-16,false,1e-06,false,win,true
ieee14_structural_group_04_realization_02_seed_14202_8x8_held_out_seed14572003_coordinate_e0,ieee14_structural_group_04_realization_02_seed_14202_8x8,ieee14,ieee14_structural_group_04,2,14572003.0,coordinate_e0,balanced_magnitude,0.0016952964625837,0.0016952964625837,0.0,0.0,false,1e-06,false,tie,true
ieee14_structural_group_04_realization_02_seed_14202_8x8_held_out_seed14572003_coordinate_e0,ieee14_structural_group_04_realization_02_seed_14202_8x8,ieee14,ieee14_structural_group_04,2,14572003.0,coordinate_e0,sensitivity_initial_mean,0.0016952964625837,0.0016952964625837,0.0,0.0,false,1e-06,false,tie,true
ieee14_structural_group_04_realization_02_seed_14202_8x8_held_out_seed14572003_signed_difference_e0_minus_e1,ieee14_structural_group_04_realization_02_seed_14202_8x8,ieee14,ieee14_structural_group_04,2,14572003.0,signed_difference_e0_minus_e1,balanced_magnitude,0.0015062621355715,0.0015031586712424,3.103464329105507e-06,0.0020603746557885,false,1e-06,false,loss,true
ieee14_structural_group_04_realization_02_seed_14202_8x8_held_out_seed14572003_signed_difference_e0_minus_e1,ieee14_structural_group_04_realization_02_seed_14202_8x8,ieee14,ieee14_structural_group_04,2,14572003.0,signed_difference_e0_minus_e1,sensitivity_initial_mean,0.0015062621355715,0.0016118187978969,0.0001055566623254,0.0700785473077034,false,1e-06,false,loss,true
ieee14_structural_group_04_realization_02_seed_14202_8x8_held_out_seed14572004_aggregate_e0_to_e3,ieee14_structural_group_04_realization_02_seed_14202_8x8,ieee14,ieee14_structural_group_04,2,14572004.0,aggregate_e0_to_e3,balanced_magnitude,0.0016859292632509,0.0010620064616059,0.0006239228016449,0.3700765003876148,true,1e-06,false,win,true
ieee14_structural_group_04_realization_02_seed_14202_8x8_held_out_seed14572004_aggregate_e0_to_e3,ieee14_structural_group_04_realization_02_seed_14202_8x8,ieee14,ieee14_structural_group_04,2,14572004.0,aggregate_e0_to_e3,sensitivity_initial_mean,0.0016859292632509,0.0016859292632509,8.673617379884035e-19,5.144710142321713e-16,false,1e-06,false,win,true
ieee14_structural_group_04_realization_02_seed_14202_8x8_held_out_seed14572004_coordinate_e0,ieee14_structural_group_04_realization_02_seed_14202_8x8,ieee14,ieee14_structural_group_04,2,14572004.0,coordinate_e0,balanced_magnitude,-0.0026501209155726,-0.0026501209155726,0.0,0.0,false,1e-06,false,tie,true
ieee14_structural_group_04_realization_02_seed_14202_8x8_held_out_seed14572004_coordinate_e0,ieee14_structural_group_04_realization_02_seed_14202_8x8,ieee14,ieee14_structural_group_04,2,14572004.0,coordinate_e0,sensitivity_initial_mean,-0.0026501209155726,-0.0026501209155726,0.0,0.0,false,1e-06,false,tie,true
ieee14_structural_group_04_realization_02_seed_14202_8x8_held_out_seed14572004_signed_difference_e0_minus_e1,ieee14_structural_group_04_realization_02_seed_14202_8x8,ieee14,ieee14_structural_group_04,2,14572004.0,signed_difference_e0_minus_e1,balanced_magnitude,0.0014553159153935,0.0016422887592266,0.0001869728438331,0.1284757775651759,true,1e-06,false,loss,true
ieee14_structural_group_04_realization_02_seed_14202_8x8_held_out_seed14572004_signed_difference_e0_minus_e1,ieee14_structural_group_04_realization_02_seed_14202_8x8,ieee14,ieee14_structural_group_04,2,14572004.0,signed_difference_e0_minus_e1,sensitivity_initial_mean,0.0014553159153935,0.0010558176421457,0.0003994982732477,0.2745096573342471,true,1e-06,false,loss,true
ieee14_structural_group_04_realization_02_seed_14202_8x8_held_out_seed14572005_aggregate_e0_to_e3,ieee14_structural_group_04_realization_02_seed_14202_8x8,ieee14,ieee14_structural_group_04,2,14572005.0,aggregate_e0_to_e3,balanced_magnitude,0.0009772521550605,0.0015211398315894,0.0005438876765289,0.5565479428339193,true,1e-06,false,win,true
ieee14_structural_group_04_realization_02_seed_14202_8x8_held_out_seed14572005_aggregate_e0_to_e3,ieee14_structural_group_04_realization_02_seed_14202_8x8,ieee14,ieee14_structural_group_04,2,14572005.0,aggregate_e0_to_e3,sensitivity_initial_mean,0.0009772521550605,0.0009772521550605,0.0,0.0,false,1e-06,false,win,true
ieee14_structural_group_04_realization_02_seed_14202_8x8_held_out_seed14572005_coordinate_e0,ieee14_structural_group_04_realization_02_seed_14202_8x8,ieee14,ieee14_structural_group_04,2,14572005.0,coordinate_e0,balanced_magnitude,0.0029531561284251,0.0029531561284251,0.0,0.0,false,1e-06,false,tie,true
ieee14_structural_group_04_realization_02_seed_14202_8x8_held_out_seed14572005_coordinate_e0,ieee14_structural_group_04_realization_02_seed_14202_8x8,ieee14,ieee14_structural_group_04,2,14572005.0,coordinate_e0,sensitivity_initial_mean,0.0029531561284251,0.0029531561284251,0.0,0.0,false,1e-06,false,tie,true
ieee14_structural_group_04_realization_02_seed_14202_8x8_held_out_seed14572005_signed_difference_e0_minus_e1,ieee14_structural_group_04_realization_02_seed_14202_8x8,ieee14,ieee14_structural_group_04,2,14572005.0,signed_difference_e0_minus_e1,balanced_magnitude,-0.0006635228289515,-0.0008208940193197,0.0001573711903682,0.2371752462789234,true,1e-06,false,loss,true
ieee14_structural_group_04_realization_02_seed_14202_8x8_held_out_seed14572005_signed_difference_e0_minus_e1,ieee14_structural_group_04_realization_02_seed_14202_8x8,ieee14,ieee14_structural_group_04,2,14572005.0,signed_difference_e0_minus_e1,sensitivity_initial_mean,-0.0006635228289515,-0.0003156906870926,0.0003478321418588,0.5242203081519768,true,1e-06,false,loss,true
ieee14_structural_group_04_realization_02_seed_14202_8x8_held_out_seed14572006_aggregate_e0_to_e3,ieee14_structural_group_04_realization_02_seed_14202_8x8,ieee14,ieee14_structural_group_04,2,14572006.0,aggregate_e0_to_e3,balanced_magnitude,0.00093535548189,0.0006511000680063,0.0002842554138836,0.3039009439590831,true,1e-06,false,win,true
ieee14_structural_group_04_realization_02_seed_14202_8x8_held_out_seed14572006_aggregate_e0_to_e3,ieee14_structural_group_04_realization_02_seed_14202_8x8,ieee14,ieee14_structural_group_04,2,14572006.0,aggregate_e0_to_e3,sensitivity_initial_mean,0.00093535548189,0.00093535548189,0.0,0.0,false,1e-06,false,win,true
ieee14_structural_group_04_realization_02_seed_14202_8x8_held_out_seed14572006_coordinate_e0,ieee14_structural_group_04_realization_02_seed_14202_8x8,ieee14,ieee14_structural_group_04,2,14572006.0,coordinate_e0,balanced_magnitude,-0.0018096664641019,-0.0018096664641019,0.0,0.0,false,1e-06,false,tie,true
ieee14_structural_group_04_realization_02_seed_14202_8x8_held_out_seed14572006_coordinate_e0,ieee14_structural_group_04_realization_02_seed_14202_8x8,ieee14,ieee14_structural_group_04,2,14572006.0,coordinate_e0,sensitivity_initial_mean,-0.0018096664641019,-0.0018096664641019,0.0,0.0,false,1e-06,false,tie,true
ieee14_structural_group_04_realization_02_seed_14202_8x8_held_out_seed14572006_signed_difference_e0_minus_e1,ieee14_structural_group_04_realization_02_seed_14202_8x8,ieee14,ieee14_structural_group_04,2,14572006.0,signed_difference_e0_minus_e1,balanced_magnitude,0.0007028469739103,0.0008049596120297,0.0001021126381194,0.1452843106818949,true,1e-06,false,loss,true
ieee14_structural_group_04_realization_02_seed_14202_8x8_held_out_seed14572006_signed_difference_e0_minus_e1,ieee14_structural_group_04_realization_02_seed_14202_8x8,ieee14,ieee14_structural_group_04,2,14572006.0,signed_difference_e0_minus_e1,sensitivity_initial_mean,0.0007028469739103,0.0005190984513791,0.0001837485225311,0.2614346071789807,true,1e-06,false,loss,true
ieee14_structural_group_04_realization_02_seed_14202_8x8_held_out_seed14572007_aggregate_e0_to_e3,ieee14_structural_group_04_realization_02_seed_14202_8x8,ieee14,ieee14_structural_group_04,2,14572007.0,aggregate_e0_to_e3,balanced_magnitude,0.0001919178212335,0.0003826540287865,0.0001907362075529,0.9938431268495764,true,1e-06,false,win,true
ieee14_structural_group_04_realization_02_seed_14202_8x8_held_out_seed14572007_aggregate_e0_to_e3,ieee14_structural_group_04_realization_02_seed_14202_8x8,ieee14,ieee14_structural_group_04,2,14572007.0,aggregate_e0_to_e3,sensitivity_initial_mean,0.0001919178212335,0.0001919178212335,1.0842021724855044e-19,5.649304298665972e-16,false,1e-06,false,win,true
ieee14_structural_group_04_realization_02_seed_14202_8x8_held_out_seed14572007_coordinate_e0,ieee14_structural_group_04_realization_02_seed_14202_8x8,ieee14,ieee14_structural_group_04,2,14572007.0,coordinate_e0,balanced_magnitude,-0.0014336471957505,-0.0014336471957505,0.0,0.0,false,1e-06,false,tie,true
ieee14_structural_group_04_realization_02_seed_14202_8x8_held_out_seed14572007_coordinate_e0,ieee14_structural_group_04_realization_02_seed_14202_8x8,ieee14,ieee14_structural_group_04,2,14572007.0,coordinate_e0,sensitivity_initial_mean,-0.0014336471957505,-0.0014336471957505,0.0,0.0,false,1e-06,false,tie,true
ieee14_structural_group_04_realization_02_seed_14202_8x8_held_out_seed14572007_signed_difference_e0_minus_e1,ieee14_structural_group_04_realization_02_seed_14202_8x8,ieee14,ieee14_structural_group_04,2,14572007.0,signed_difference_e0_minus_e1,balanced_magnitude,-0.0011317257710027,-0.001157220762108,2.549499110538465e-05,0.022527534283147,false,1e-06,false,loss,true
ieee14_structural_group_04_realization_02_seed_14202_8x8_held_out_seed14572007_signed_difference_e0_minus_e1,ieee14_structural_group_04_realization_02_seed_14202_8x8,ieee14,ieee14_structural_group_04,2,14572007.0,signed_difference_e0_minus_e1,sensitivity_initial_mean,-0.0011317257710027,-0.0010139630427723,0.0001177627282303,0.1040558863707592,true,1e-06,false,loss,true
ieee14_structural_group_04_realization_02_seed_14202_8x8_held_out_seed14572008_aggregate_e0_to_e3,ieee14_structural_group_04_realization_02_seed_14202_8x8,ieee14,ieee14_structural_group_04,2,14572008.0,aggregate_e0_to_e3,balanced_magnitude,0.004304595836121,0.0043574857278822,5.28898917611367e-05,0.0122868426618179,false,1e-06,false,win,true
ieee14_structural_group_04_realization_02_seed_14202_8x8_held_out_seed14572008_aggregate_e0_to_e3,ieee14_structural_group_04_realization_02_seed_14202_8x8,ieee14,ieee14_structural_group_04,2,14572008.0,aggregate_e0_to_e3,sensitivity_initial_mean,0.004304595836121,0.004304595836121,0.0,0.0,false,1e-06,false,win,true
ieee14_structural_group_04_realization_02_seed_14202_8x8_held_out_seed14572008_coordinate_e0,ieee14_structural_group_04_realization_02_seed_14202_8x8,ieee14,ieee14_structural_group_04,2,14572008.0,coordinate_e0,balanced_magnitude,0.0033385880020832,0.0033385880020832,0.0,0.0,false,1e-06,false,tie,true
ieee14_structural_group_04_realization_02_seed_14202_8x8_held_out_seed14572008_coordinate_e0,ieee14_structural_group_04_realization_02_seed_14202_8x8,ieee14,ieee14_structural_group_04,2,14572008.0,coordinate_e0,sensitivity_initial_mean,0.0033385880020832,0.0033385880020832,0.0,0.0,false,1e-06,false,tie,true
ieee14_structural_group_04_realization_02_seed_14202_8x8_held_out_seed14572008_signed_difference_e0_minus_e1,ieee14_structural_group_04_realization_02_seed_14202_8x8,ieee14,ieee14_structural_group_04,2,14572008.0,signed_difference_e0_minus_e1,balanced_magnitude,0.0018442955703983,0.0018178895491929,2.6406021205367843e-05,0.0143176731697426,false,1e-06,false,loss,true
ieee14_structural_group_04_realization_02_seed_14202_8x8_held_out_seed14572008_signed_difference_e0_minus_e1,ieee14_structural_group_04_realization_02_seed_14202_8x8,ieee14,ieee14_structural_group_04,2,14572008.0,signed_difference_e0_minus_e1,sensitivity_initial_mean,0.0018442955703983,0.0018770730543813,3.2777483983034966e-05,0.0177723595442758,false,1e-06,false,loss,true
ieee14_structural_group_04_realization_02_seed_14202_8x8_held_out_seed14572009_aggregate_e0_to_e3,ieee14_structural_group_04_realization_02_seed_14202_8x8,ieee14,ieee14_structural_group_04,2,14572009.0,aggregate_e0_to_e3,balanced_magnitude,0.0009769046688395,0.0010304395397038,5.353487086426074e-05,0.0548005067145928,false,1e-06,false,win,true
ieee14_structural_group_04_realization_02_seed_14202_8x8_held_out_seed14572009_aggregate_e0_to_e3,ieee14_structural_group_04_realization_02_seed_14202_8x8,ieee14,ieee14_structural_group_04,2,14572009.0,aggregate_e0_to_e3,sensitivity_initial_mean,0.0009769046688395,0.0009769046688395,2.1684043449710093e-19,2.2196683198850361e-16,false,1e-06,false,win,true
ieee14_structural_group_04_realization_02_seed_14202_8x8_held_out_seed14572009_coordinate_e0,ieee14_structural_group_04_realization_02_seed_14202_8x8,ieee14,ieee14_structural_group_04,2,14572009.0,coordinate_e0,balanced_magnitude,-0.0010920976191494,-0.0010920976191494,0.0,0.0,false,1e-06,false,tie,true
ieee14_structural_group_04_realization_02_seed_14202_8x8_held_out_seed14572009_coordinate_e0,ieee14_structural_group_04_realization_02_seed_14202_8x8,ieee14,ieee14_structural_group_04,2,14572009.0,coordinate_e0,sensitivity_initial_mean,-0.0010920976191494,-0.0010920976191494,0.0,0.0,false,1e-06,false,tie,true
ieee14_structural_group_04_realization_02_seed_14202_8x8_held_out_seed14572009_signed_difference_e0_minus_e1,ieee14_structural_group_04_realization_02_seed_14202_8x8,ieee14,ieee14_structural_group_04,2,14572009.0,signed_difference_e0_minus_e1,balanced_magnitude,-0.0008581254631381,-0.00086342585074,5.300387601969475e-06,0.0061767047240229,false,1e-06,false,loss,true
ieee14_structural_group_04_realization_02_seed_14202_8x8_held_out_seed14572009_signed_difference_e0_minus_e1,ieee14_structural_group_04_realization_02_seed_14202_8x8,ieee14,ieee14_structural_group_04,2,14572009.0,signed_difference_e0_minus_e1,sensitivity_initial_mean,-0.0008581254631381,-0.0008212471509906,3.687831214743166e-05,0.0429754316024727,false,1e-06,false,loss,true
ieee14_structural_group_04_realization_02_seed_14202_8x8_held_out_seed14572010_aggregate_e0_to_e3,ieee14_structural_group_04_realization_02_seed_14202_8x8,ieee14,ieee14_structural_group_04,2,14572010.0,aggregate_e0_to_e3,balanced_magnitude,0.0024804872068036,0.0026165512929573,0.0001360640861536,0.0548537746054371,false,1e-06,false,win,true
ieee14_structural_group_04_realization_02_seed_14202_8x8_held_out_seed14572010_aggregate_e0_to_e3,ieee14_structural_group_04_realization_02_seed_14202_8x8,ieee14,ieee14_structural_group_04,2,14572010.0,aggregate_e0_to_e3,sensitivity_initial_mean,0.0024804872068036,0.0024804872068036,4.33680868994202e-19,1.7483697065829047e-16,false,1e-06,false,win,true
ieee14_structural_group_04_realization_02_seed_14202_8x8_held_out_seed14572010_coordinate_e0,ieee14_structural_group_04_realization_02_seed_14202_8x8,ieee14,ieee14_structural_group_04,2,14572010.0,coordinate_e0,balanced_magnitude,-0.0008647929089008,-0.0008647929089008,0.0,0.0,false,1e-06,false,tie,true
ieee14_structural_group_04_realization_02_seed_14202_8x8_held_out_seed14572010_coordinate_e0,ieee14_structural_group_04_realization_02_seed_14202_8x8,ieee14,ieee14_structural_group_04,2,14572010.0,coordinate_e0,sensitivity_initial_mean,-0.0008647929089008,-0.0008647929089008,0.0,0.0,false,1e-06,false,tie,true
ieee14_structural_group_04_realization_02_seed_14202_8x8_held_out_seed14572010_signed_difference_e0_minus_e1,ieee14_structural_group_04_realization_02_seed_14202_8x8,ieee14,ieee14_structural_group_04,2,14572010.0,signed_difference_e0_minus_e1,balanced_magnitude,0.0017574837362668,0.001832544949452,7.506121318520296e-05,0.0427094781227645,false,1e-06,false,loss,true
ieee14_structural_group_04_realization_02_seed_14202_8x8_held_out_seed14572010_signed_difference_e0_minus_e1,ieee14_structural_group_04_realization_02_seed_14202_8x8,ieee14,ieee14_structural_group_04,2,14572010.0,signed_difference_e0_minus_e1,sensitivity_initial_mean,0.0017574837362668,0.0018362418548911,7.875811862434207e-05,0.0448129999721285,false,1e-06,false,loss,true
ieee14_structural_group_04_realization_02_seed_14202_8x8_held_out_seed14572011_aggregate_e0_to_e3,ieee14_structural_group_04_realization_02_seed_14202_8x8,ieee14,ieee14_structural_group_04,2,14572011.0,aggregate_e0_to_e3,balanced_magnitude,-0.0003383570317276,9.008258004840732e-05,0.000428439611776,1.2662352828562622,true,1e-06,false,win,true
ieee14_structural_group_04_realization_02_seed_14202_8x8_held_out_seed14572011_aggregate_e0_to_e3,ieee14_structural_group_04_realization_02_seed_14202_8x8,ieee14,ieee14_structural_group_04,2,14572011.0,aggregate_e0_to_e3,sensitivity_initial_mean,-0.0003383570317276,-0.0003383570317276,0.0,0.0,false,1e-06,false,win,true
ieee14_structural_group_04_realization_02_seed_14202_8x8_held_out_seed14572011_coordinate_e0,ieee14_structural_group_04_realization_02_seed_14202_8x8,ieee14,ieee14_structural_group_04,2,14572011.0,coordinate_e0,balanced_magnitude,-0.0022210032143625,-0.0022210032143625,0.0,0.0,false,1e-06,false,tie,true
ieee14_structural_group_04_realization_02_seed_14202_8x8_held_out_seed14572011_coordinate_e0,ieee14_structural_group_04_realization_02_seed_14202_8x8,ieee14,ieee14_structural_group_04,2,14572011.0,coordinate_e0,sensitivity_initial_mean,-0.0022210032143625,-0.0022210032143625,0.0,0.0,false,1e-06,false,tie,true
ieee14_structural_group_04_realization_02_seed_14202_8x8_held_out_seed14572011_signed_difference_e0_minus_e1,ieee14_structural_group_04_realization_02_seed_14202_8x8,ieee14,ieee14_structural_group_04,2,14572011.0,signed_difference_e0_minus_e1,balanced_magnitude,0.0010406704535872,0.0010966726324862,5.600217889903782e-05,0.0538135571217544,false,1e-06,false,loss,true
ieee14_structural_group_04_realization_02_seed_14202_8x8_held_out_seed14572011_signed_difference_e0_minus_e1,ieee14_structural_group_04_realization_02_seed_14202_8x8,ieee14,ieee14_structural_group_04,2,14572011.0,signed_difference_e0_minus_e1,sensitivity_initial_mean,0.0010406704535872,0.0013028285991317,0.0002621581455445,0.2519127401387232,true,1e-06,false,loss,true
ieee14_structural_group_04_realization_02_seed_14202_8x8_held_out_seed14572012_aggregate_e0_to_e3,ieee14_structural_group_04_realization_02_seed_14202_8x8,ieee14,ieee14_structural_group_04,2,14572012.0,aggregate_e0_to_e3,balanced_magnitude,0.0023357513863824,0.0030832892392491,0.0007475378528667,0.3200417035926404,true,1e-06,false,win,true
ieee14_structural_group_04_realization_02_seed_14202_8x8_held_out_seed14572012_aggregate_e0_to_e3,ieee14_structural_group_04_realization_02_seed_14202_8x8,ieee14,ieee14_structural_group_04,2,14572012.0,aggregate_e0_to_e3,sensitivity_initial_mean,0.0023357513863824,0.0023357513863824,4.33680868994202e-19,1.856708173320926e-16,false,1e-06,false,win,true
ieee14_structural_group_04_realization_02_seed_14202_8x8_held_out_seed14572012_coordinate_e0,ieee14_structural_group_04_realization_02_seed_14202_8x8,ieee14,ieee14_structural_group_04,2,14572012.0,coordinate_e0,balanced_magnitude,0.0025953674833933,0.0025953674833933,0.0,0.0,false,1e-06,false,tie,true
ieee14_structural_group_04_realization_02_seed_14202_8x8_held_out_seed14572012_coordinate_e0,ieee14_structural_group_04_realization_02_seed_14202_8x8,ieee14,ieee14_structural_group_04,2,14572012.0,coordinate_e0,sensitivity_initial_mean,0.0025953674833933,0.0025953674833933,0.0,0.0,false,1e-06,false,tie,true
ieee14_structural_group_04_realization_02_seed_14202_8x8_held_out_seed14572012_signed_difference_e0_minus_e1,ieee14_structural_group_04_realization_02_seed_14202_8x8,ieee14,ieee14_structural_group_04,2,14572012.0,signed_difference_e0_minus_e1,balanced_magnitude,1.296352719385948e-05,-0.000130433260146,0.0001433967873398,11.061556410960533,true,1e-06,false,loss,true
ieee14_structural_group_04_realization_02_seed_14202_8x8_held_out_seed14572012_signed_difference_e0_minus_e1,ieee14_structural_group_04_realization_02_seed_14202_8x8,ieee14,ieee14_structural_group_04,2,14572012.0,signed_difference_e0_minus_e1,sensitivity_initial_mean,1.296352719385948e-05,0.0004853074638114,0.0004723439366175,36.43637488116128,true,1e-06,false,loss,true
ieee14_structural_group_04_realization_02_seed_14202_8x8_held_out_seed14572013_aggregate_e0_to_e3,ieee14_structural_group_04_realization_02_seed_14202_8x8,ieee14,ieee14_structural_group_04,2,14572013.0,aggregate_e0_to_e3,balanced_magnitude,0.0005392552676749,0.0006548728371745,0.0001156175694996,0.2144022996717179,true,1e-06,false,win,true
ieee14_structural_group_04_realization_02_seed_14202_8x8_held_out_seed14572013_aggregate_e0_to_e3,ieee14_structural_group_04_realization_02_seed_14202_8x8,ieee14,ieee14_structural_group_04,2,14572013.0,aggregate_e0_to_e3,sensitivity_initial_mean,0.0005392552676749,0.0005392552676749,2.1684043449710093e-19,4.0211092500220854e-16,false,1e-06,false,win,true
ieee14_structural_group_04_realization_02_seed_14202_8x8_held_out_seed14572013_coordinate_e0,ieee14_structural_group_04_realization_02_seed_14202_8x8,ieee14,ieee14_structural_group_04,2,14572013.0,coordinate_e0,balanced_magnitude,-0.000282482445444,-0.000282482445444,0.0,0.0,false,1e-06,false,tie,true
ieee14_structural_group_04_realization_02_seed_14202_8x8_held_out_seed14572013_coordinate_e0,ieee14_structural_group_04_realization_02_seed_14202_8x8,ieee14,ieee14_structural_group_04,2,14572013.0,coordinate_e0,sensitivity_initial_mean,-0.000282482445444,-0.000282482445444,0.0,0.0,false,1e-06,false,tie,true
ieee14_structural_group_04_realization_02_seed_14202_8x8_held_out_seed14572013_signed_difference_e0_minus_e1,ieee14_structural_group_04_realization_02_seed_14202_8x8,ieee14,ieee14_structural_group_04,2,14572013.0,signed_difference_e0_minus_e1,balanced_magnitude,0.0015052301851561,0.0015541478503023,4.891766514615072e-05,0.0324984614503165,false,1e-06,false,loss,true
ieee14_structural_group_04_realization_02_seed_14202_8x8_held_out_seed14572013_signed_difference_e0_minus_e1,ieee14_structural_group_04_realization_02_seed_14202_8x8,ieee14,ieee14_structural_group_04,2,14572013.0,signed_difference_e0_minus_e1,sensitivity_initial_mean,0.0015052301851561,0.0015697787260174,6.454854086124749e-05,0.0428828371220514,false,1e-06,false,loss,true
ieee14_structural_group_04_realization_02_seed_14202_8x8_held_out_seed14572014_aggregate_e0_to_e3,ieee14_structural_group_04_realization_02_seed_14202_8x8,ieee14,ieee14_structural_group_04,2,14572014.0,aggregate_e0_to_e3,balanced_magnitude,-0.0005770197775645,-0.0010980850783972,0.0005210653008327,0.90302849415676,true,1e-06,false,win,true
ieee14_structural_group_04_realization_02_seed_14202_8x8_held_out_seed14572014_aggregate_e0_to_e3,ieee14_structural_group_04_realization_02_seed_14202_8x8,ieee14,ieee14_structural_group_04,2,14572014.0,aggregate_e0_to_e3,sensitivity_initial_mean,-0.0005770197775645,-0.0005770197775645,2.1684043449710093e-19,3.7579376466495677e-16,false,1e-06,false,win,true
ieee14_structural_group_04_realization_02_seed_14202_8x8_held_out_seed14572014_coordinate_e0,ieee14_structural_group_04_realization_02_seed_14202_8x8,ieee14,ieee14_structural_group_04,2,14572014.0,coordinate_e0,balanced_magnitude,0.0016021652254776,0.0016021652254776,0.0,0.0,false,1e-06,false,tie,true
ieee14_structural_group_04_realization_02_seed_14202_8x8_held_out_seed14572014_coordinate_e0,ieee14_structural_group_04_realization_02_seed_14202_8x8,ieee14,ieee14_structural_group_04,2,14572014.0,coordinate_e0,sensitivity_initial_mean,0.0016021652254776,0.0016021652254776,0.0,0.0,false,1e-06,false,tie,true
ieee14_structural_group_04_realization_02_seed_14202_8x8_held_out_seed14572014_signed_difference_e0_minus_e1,ieee14_structural_group_04_realization_02_seed_14202_8x8,ieee14,ieee14_structural_group_04,2,14572014.0,signed_difference_e0_minus_e1,balanced_magnitude,0.0029588523103808,0.0030836835287643,0.0001248312183835,0.0421890670060045,false,1e-06,false,loss,true
ieee14_structural_group_04_realization_02_seed_14202_8x8_held_out_seed14572014_signed_difference_e0_minus_e1,ieee14_structural_group_04_realization_02_seed_14202_8x8,ieee14,ieee14_structural_group_04,2,14572014.0,signed_difference_e0_minus_e1,sensitivity_initial_mean,0.0029588523103808,0.0026320260660652,0.0003268262443156,0.1104570995885813,true,1e-06,false,loss,true
ieee14_structural_group_04_realization_02_seed_14202_8x8_held_out_seed14572015_aggregate_e0_to_e3,ieee14_structural_group_04_realization_02_seed_14202_8x8,ieee14,ieee14_structural_group_04,2,14572015.0,aggregate_e0_to_e3,balanced_magnitude,0.0019266224990538,0.0015375697571427,0.0003890527419111,0.2019351181158611,true,1e-06,false,win,true
ieee14_structural_group_04_realization_02_seed_14202_8x8_held_out_seed14572015_aggregate_e0_to_e3,ieee14_structural_group_04_realization_02_seed_14202_8x8,ieee14,ieee14_structural_group_04,2,14572015.0,aggregate_e0_to_e3,sensitivity_initial_mean,0.0019266224990538,0.0019266224990538,2.1684043449710093e-19,1.1254951844670355e-16,false,1e-06,false,win,true
ieee14_structural_group_04_realization_02_seed_14202_8x8_held_out_seed14572015_coordinate_e0,ieee14_structural_group_04_realization_02_seed_14202_8x8,ieee14,ieee14_structural_group_04,2,14572015.0,coordinate_e0,balanced_magnitude,0.0023035591235681,0.0023035591235681,0.0,0.0,false,1e-06,false,tie,true
ieee14_structural_group_04_realization_02_seed_14202_8x8_held_out_seed14572015_coordinate_e0,ieee14_structural_group_04_realization_02_seed_14202_8x8,ieee14,ieee14_structural_group_04,2,14572015.0,coordinate_e0,sensitivity_initial_mean,0.0023035591235681,0.0023035591235681,0.0,0.0,false,1e-06,false,tie,true
ieee14_structural_group_04_realization_02_seed_14202_8x8_held_out_seed14572015_signed_difference_e0_minus_e1,ieee14_structural_group_04_realization_02_seed_14202_8x8,ieee14,ieee14_structural_group_04,2,14572015.0,signed_difference_e0_minus_e1,balanced_magnitude,0.0024191126928249,0.0024876596350868,6.854694226193694e-05,0.0283355721563721,false,1e-06,false,loss,true
ieee14_structural_group_04_realization_02_seed_14202_8x8_held_out_seed14572015_signed_difference_e0_minus_e1,ieee14_structural_group_04_realization_02_seed_14202_8x8,ieee14,ieee14_structural_group_04,2,14572015.0,signed_difference_e0_minus_e1,sensitivity_initial_mean,0.0024191126928249,0.0021735519147602,0.0002455607780646,0.1015086146226254,true,1e-06,false,loss,true
ieee14_structural_group_04_realization_02_seed_14202_8x8_held_out_seed14572016_aggregate_e0_to_e3,ieee14_structural_group_04_realization_02_seed_14202_8x8,ieee14,ieee14_structural_group_04,2,14572016.0,aggregate_e0_to_e3,balanced_magnitude,0.0023007054215989,0.0029917018936769,0.000690996472078,0.3003411325895996,true,1e-06,false,win,true
ieee14_structural_group_04_realization_02_seed_14202_8x8_held_out_seed14572016_aggregate_e0_to_e3,ieee14_structural_group_04_realization_02_seed_14202_8x8,ieee14,ieee14_structural_group_04,2,14572016.0,aggregate_e0_to_e3,sensitivity_initial_mean,0.0023007054215989,0.0023007054215989,8.673617379884035e-19,3.7699817188487013e-16,false,1e-06,false,win,true
ieee14_structural_group_04_realization_02_seed_14202_8x8_held_out_seed14572016_coordinate_e0,ieee14_structural_group_04_realization_02_seed_14202_8x8,ieee14,ieee14_structural_group_04,2,14572016.0,coordinate_e0,balanced_magnitude,0.0043538344421145,0.0043538344421145,0.0,0.0,false,1e-06,false,tie,true
ieee14_structural_group_04_realization_02_seed_14202_8x8_held_out_seed14572016_coordinate_e0,ieee14_structural_group_04_realization_02_seed_14202_8x8,ieee14,ieee14_structural_group_04,2,14572016.0,coordinate_e0,sensitivity_initial_mean,0.0043538344421145,0.0043538344421145,0.0,0.0,false,1e-06,false,tie,true
ieee14_structural_group_04_realization_02_seed_14202_8x8_held_out_seed14572016_signed_difference_e0_minus_e1,ieee14_structural_group_04_realization_02_seed_14202_8x8,ieee14,ieee14_structural_group_04,2,14572016.0,signed_difference_e0_minus_e1,balanced_magnitude,0.0047436816967741,0.0047351723504835,8.509346290665708e-06,0.0017938274181533,false,1e-06,false,loss,true
ieee14_structural_group_04_realization_02_seed_14202_8x8_held_out_seed14572016_signed_difference_e0_minus_e1,ieee14_structural_group_04_realization_02_seed_14202_8x8,ieee14,ieee14_structural_group_04,2,14572016.0,signed_difference_e0_minus_e1,sensitivity_initial_mean,0.0047436816967741,0.0051699809085539,0.0004262992117798,0.0898667404412267,false,1e-06,false,loss,true
ieee14_structural_group_04_realization_02_seed_14202_8x8_held_out_seed14572017_aggregate_e0_to_e3,ieee14_structural_group_04_realization_02_seed_14202_8x8,ieee14,ieee14_structural_group_04,2,14572017.0,aggregate_e0_to_e3,balanced_magnitude,0.0010028798598621,0.0012542353507655,0.0002513554909033,0.2506337009678813,true,1e-06,false,win,true
ieee14_structural_group_04_realization_02_seed_14202_8x8_held_out_seed14572017_aggregate_e0_to_e3,ieee14_structural_group_04_realization_02_seed_14202_8x8,ieee14,ieee14_structural_group_04,2,14572017.0,aggregate_e0_to_e3,sensitivity_initial_mean,0.0010028798598621,0.0010028798598621,0.0,0.0,false,1e-06,false,win,true
ieee14_structural_group_04_realization_02_seed_14202_8x8_held_out_seed14572017_coordinate_e0,ieee14_structural_group_04_realization_02_seed_14202_8x8,ieee14,ieee14_structural_group_04,2,14572017.0,coordinate_e0,balanced_magnitude,0.0029172717336046,0.0029172717336046,0.0,0.0,false,1e-06,false,tie,true
ieee14_structural_group_04_realization_02_seed_14202_8x8_held_out_seed14572017_coordinate_e0,ieee14_structural_group_04_realization_02_seed_14202_8x8,ieee14,ieee14_structural_group_04,2,14572017.0,coordinate_e0,sensitivity_initial_mean,0.0029172717336046,0.0029172717336046,0.0,0.0,false,1e-06,false,tie,true
ieee14_structural_group_04_realization_02_seed_14202_8x8_held_out_seed14572017_signed_difference_e0_minus_e1,ieee14_structural_group_04_realization_02_seed_14202_8x8,ieee14,ieee14_structural_group_04,2,14572017.0,signed_difference_e0_minus_e1,balanced_magnitude,0.0042150822424967,0.0042702888031702,5.5206560673501034e-05,0.0130973863610311,false,1e-06,false,loss,true
ieee14_structural_group_04_realization_02_seed_14202_8x8_held_out_seed14572017_signed_difference_e0_minus_e1,ieee14_structural_group_04_realization_02_seed_14202_8x8,ieee14,ieee14_structural_group_04,2,14572017.0,signed_difference_e0_minus_e1,sensitivity_initial_mean,0.0042150822424967,0.0043663750158283,0.0001512927733316,0.0358931960582585,false,1e-06,false,loss,true
ieee14_structural_group_04_realization_02_seed_14202_8x8_held_out_seed14572018_aggregate_e0_to_e3,ieee14_structural_group_04_realization_02_seed_14202_8x8,ieee14,ieee14_structural_group_04,2,14572018.0,aggregate_e0_to_e3,balanced_magnitude,-0.0015068560890963,-0.0006101483786019,0.0008967077104944,0.5950851690370628,true,1e-06,false,win,true
ieee14_structural_group_04_realization_02_seed_14202_8x8_held_out_seed14572018_aggregate_e0_to_e3,ieee14_structural_group_04_realization_02_seed_14202_8x8,ieee14,ieee14_structural_group_04,2,14572018.0,aggregate_e0_to_e3,sensitivity_initial_mean,-0.0015068560890963,-0.0015068560890963,6.505213034913029e-19,4.317076515790035e-16,false,1e-06,false,win,true
ieee14_structural_group_04_realization_02_seed_14202_8x8_held_out_seed14572018_coordinate_e0,ieee14_structural_group_04_realization_02_seed_14202_8x8,ieee14,ieee14_structural_group_04,2,14572018.0,coordinate_e0,balanced_magnitude,-0.0019493023563084,-0.0019493023563084,0.0,0.0,false,1e-06,false,tie,true
ieee14_structural_group_04_realization_02_seed_14202_8x8_held_out_seed14572018_coordinate_e0,ieee14_structural_group_04_realization_02_seed_14202_8x8,ieee14,ieee14_structural_group_04,2,14572018.0,coordinate_e0,sensitivity_initial_mean,-0.0019493023563084,-0.0019493023563084,0.0,0.0,false,1e-06,false,tie,true
ieee14_structural_group_04_realization_02_seed_14202_8x8_held_out_seed14572018_signed_difference_e0_minus_e1,ieee14_structural_group_04_realization_02_seed_14202_8x8,ieee14,ieee14_structural_group_04,2,14572018.0,signed_difference_e0_minus_e1,balanced_magnitude,-0.0032747202436898,-0.0034361511599101,0.0001614309162202,0.0492960937751344,false,1e-06,false,loss,true
ieee14_structural_group_04_realization_02_seed_14202_8x8_held_out_seed14572018_signed_difference_e0_minus_e1,ieee14_structural_group_04_realization_02_seed_14202_8x8,ieee14,ieee14_structural_group_04,2,14572018.0,signed_difference_e0_minus_e1,sensitivity_initial_mean,-0.0032747202436898,-0.0027091482321739,0.0005655720115158,0.1727084970405374,true,1e-06,false,loss,true
ieee14_structural_group_04_realization_02_seed_14202_8x8_held_out_seed14572019_aggregate_e0_to_e3,ieee14_structural_group_04_realization_02_seed_14202_8x8,ieee14,ieee14_structural_group_04,2,14572019.0,aggregate_e0_to_e3,balanced_magnitude,0.0013889684832068,0.000906319648991,0.0004826488342158,0.347487246867901,true,1e-06,false,win,true
ieee14_structural_group_04_realization_02_seed_14202_8x8_held_out_seed14572019_aggregate_e0_to_e3,ieee14_structural_group_04_realization_02_seed_14202_8x8,ieee14,ieee14_structural_group_04,2,14572019.0,aggregate_e0_to_e3,sensitivity_initial_mean,0.0013889684832068,0.0013889684832068,6.505213034913029e-19,4.683484984406493e-16,false,1e-06,false,win,true
ieee14_structural_group_04_realization_02_seed_14202_8x8_held_out_seed14572019_coordinate_e0,ieee14_structural_group_04_realization_02_seed_14202_8x8,ieee14,ieee14_structural_group_04,2,14572019.0,coordinate_e0,balanced_magnitude,9.992447374319294e-05,9.992447374319292e-05,1.3552527156068804e-20,1.356277060902913e-16,false,1e-06,false,tie,true
ieee14_structural_group_04_realization_02_seed_14202_8x8_held_out_seed14572019_coordinate_e0,ieee14_structural_group_04_realization_02_seed_14202_8x8,ieee14,ieee14_structural_group_04,2,14572019.0,coordinate_e0,sensitivity_initial_mean,9.992447374319294e-05,9.992447374319294e-05,0.0,0.0,false,1e-06,false,tie,true
ieee14_structural_group_04_realization_02_seed_14202_8x8_held_out_seed14572019_signed_difference_e0_minus_e1,ieee14_structural_group_04_realization_02_seed_14202_8x8,ieee14,ieee14_structural_group_04,2,14572019.0,signed_difference_e0_minus_e1,balanced_magnitude,-0.0018079000585371,-0.0018262896873577,1.8389628820619655e-05,0.0101718171498373,false,1e-06,false,loss,true
ieee14_structural_group_04_realization_02_seed_14202_8x8_held_out_seed14572019_signed_difference_e0_minus_e1,ieee14_structural_group_04_realization_02_seed_14202_8x8,ieee14,ieee14_structural_group_04,2,14572019.0,signed_difference_e0_minus_e1,sensitivity_initial_mean,-0.0018079000585371,-0.002101376385034,0.0002934763264969,0.1623299502155168,true,1e-06,false,loss,true
ieee30_structural_group_01_realization_01_seed_30201_8x8_held_out_seed30502000_aggregate_e0_to_e3,ieee30_structural_group_01_realization_01_seed_30201_8x8,ieee30,ieee30_structural_group_01,1,30502000.0,aggregate_e0_to_e3,balanced_magnitude,0.0011360481069996,0.0009175021891731,0.0002185459178265,0.1923738233266539,true,1e-06,false,win,true
ieee30_structural_group_01_realization_01_seed_30201_8x8_held_out_seed30502000_aggregate_e0_to_e3,ieee30_structural_group_01_realization_01_seed_30201_8x8,ieee30,ieee30_structural_group_01,1,30502000.0,aggregate_e0_to_e3,sensitivity_initial_mean,0.0011360481069996,0.0009400464891675,0.0001960016178321,0.1725293291934433,true,1e-06,false,win,true
ieee30_structural_group_01_realization_01_seed_30201_8x8_held_out_seed30502000_coordinate_e0,ieee30_structural_group_01_realization_01_seed_30201_8x8,ieee30,ieee30_structural_group_01,1,30502000.0,coordinate_e0,balanced_magnitude,0.0048914069141221,0.0048636845322176,2.7722381904506273e-05,0.0056675681232873,false,1e-06,false,loss,true
ieee30_structural_group_01_realization_01_seed_30201_8x8_held_out_seed30502000_coordinate_e0,ieee30_structural_group_01_realization_01_seed_30201_8x8,ieee30,ieee30_structural_group_01,1,30502000.0,coordinate_e0,sensitivity_initial_mean,0.0048914069141221,0.0047987054441148,9.270147000732704e-05,0.0189519031303008,false,1e-06,false,loss,true
ieee30_structural_group_01_realization_01_seed_30201_8x8_held_out_seed30502000_signed_difference_e0_minus_e1,ieee30_structural_group_01_realization_01_seed_30201_8x8,ieee30,ieee30_structural_group_01,1,30502000.0,signed_difference_e0_minus_e1,balanced_magnitude,0.0035771797925603,0.0036530140249723,7.583423241208599e-05,0.0211994467177197,false,1e-06,false,win,true
ieee30_structural_group_01_realization_01_seed_30201_8x8_held_out_seed30502000_signed_difference_e0_minus_e1,ieee30_structural_group_01_realization_01_seed_30201_8x8,ieee30,ieee30_structural_group_01,1,30502000.0,signed_difference_e0_minus_e1,sensitivity_initial_mean,0.0035771797925603,0.0035265192550057,5.066053755455784e-05,0.0141621446201613,false,1e-06,false,win,true
ieee30_structural_group_01_realization_01_seed_30201_8x8_held_out_seed30502001_aggregate_e0_to_e3,ieee30_structural_group_01_realization_01_seed_30201_8x8,ieee30,ieee30_structural_group_01,1,30502001.0,aggregate_e0_to_e3,balanced_magnitude,0.0013001785802204,0.0014821238268997,0.0001819452466792,0.1399386587713331,true,1e-06,false,loss,true
ieee30_structural_group_01_realization_01_seed_30201_8x8_held_out_seed30502001_aggregate_e0_to_e3,ieee30_structural_group_01_realization_01_seed_30201_8x8,ieee30,ieee30_structural_group_01,1,30502001.0,aggregate_e0_to_e3,sensitivity_initial_mean,0.0013001785802204,0.00156882842359,0.0002686498433695,0.2066253416696086,true,1e-06,false,loss,true
ieee30_structural_group_01_realization_01_seed_30201_8x8_held_out_seed30502001_coordinate_e0,ieee30_structural_group_01_realization_01_seed_30201_8x8,ieee30,ieee30_structural_group_01,1,30502001.0,coordinate_e0,balanced_magnitude,-0.0012910816072171,-0.0011183793163325,0.0001727022908846,0.1337655884176528,true,1e-06,false,loss,true
ieee30_structural_group_01_realization_01_seed_30201_8x8_held_out_seed30502001_coordinate_e0,ieee30_structural_group_01_realization_01_seed_30201_8x8,ieee30,ieee30_structural_group_01,1,30502001.0,coordinate_e0,sensitivity_initial_mean,-0.0012910816072171,-0.001057994953931,0.000233086653286,0.1805359568156727,true,1e-06,false,loss,true
ieee30_structural_group_01_realization_01_seed_30201_8x8_held_out_seed30502001_signed_difference_e0_minus_e1,ieee30_structural_group_01_realization_01_seed_30201_8x8,ieee30,ieee30_structural_group_01,1,30502001.0,signed_difference_e0_minus_e1,balanced_magnitude,-0.0006377812061556,-0.0005494273344924,8.83538716631413e-05,0.1385332004304695,true,1e-06,false,loss,true
ieee30_structural_group_01_realization_01_seed_30201_8x8_held_out_seed30502001_signed_difference_e0_minus_e1,ieee30_structural_group_01_realization_01_seed_30201_8x8,ieee30,ieee30_structural_group_01,1,30502001.0,signed_difference_e0_minus_e1,sensitivity_initial_mean,-0.0006377812061556,-0.0005134502895204,0.0001243309166351,0.1949428980269894,true,1e-06,false,loss,true
ieee30_structural_group_01_realization_01_seed_30201_8x8_held_out_seed30502002_aggregate_e0_to_e3,ieee30_structural_group_01_realization_01_seed_30201_8x8,ieee30,ieee30_structural_group_01,1,30502002.0,aggregate_e0_to_e3,balanced_magnitude,-0.0012153655032833,-0.0015424068544132,0.0003270413511298,0.2690888874551009,true,1e-06,false,loss,true
ieee30_structural_group_01_realization_01_seed_30201_8x8_held_out_seed30502002_aggregate_e0_to_e3,ieee30_structural_group_01_realization_01_seed_30201_8x8,ieee30,ieee30_structural_group_01,1,30502002.0,aggregate_e0_to_e3,sensitivity_initial_mean,-0.0012153655032833,-0.0016564126802299,0.0004410471769465,0.3628926242805108,true,1e-06,false,loss,true
ieee30_structural_group_01_realization_01_seed_30201_8x8_held_out_seed30502002_coordinate_e0,ieee30_structural_group_01_realization_01_seed_30201_8x8,ieee30,ieee30_structural_group_01,1,30502002.0,coordinate_e0,balanced_magnitude,0.0051754134353963,0.0051111609357719,6.425249962442592e-05,0.0124149501148993,false,1e-06,false,loss,true
ieee30_structural_group_01_realization_01_seed_30201_8x8_held_out_seed30502002_coordinate_e0,ieee30_structural_group_01_realization_01_seed_30201_8x8,ieee30,ieee30_structural_group_01,1,30502002.0,coordinate_e0,sensitivity_initial_mean,0.0051754134353963,0.0048556454118642,0.0003197680235321,0.0617859862837569,false,1e-06,false,loss,true
ieee30_structural_group_01_realization_01_seed_30201_8x8_held_out_seed30502002_signed_difference_e0_minus_e1,ieee30_structural_group_01_realization_01_seed_30201_8x8,ieee30,ieee30_structural_group_01,1,30502002.0,signed_difference_e0_minus_e1,balanced_magnitude,0.0054248216350767,0.0054880323899797,6.321075490295369e-05,0.0116521351585523,false,1e-06,false,loss,true
ieee30_structural_group_01_realization_01_seed_30201_8x8_held_out_seed30502002_signed_difference_e0_minus_e1,ieee30_structural_group_01_realization_01_seed_30201_8x8,ieee30,ieee30_structural_group_01,1,30502002.0,signed_difference_e0_minus_e1,sensitivity_initial_mean,0.0054248216350767,0.0052530341205986,0.0001717875144781,0.0316669424423816,false,1e-06,false,loss,true
ieee30_structural_group_01_realization_01_seed_30201_8x8_held_out_seed30502003_aggregate_e0_to_e3,ieee30_structural_group_01_realization_01_seed_30201_8x8,ieee30,ieee30_structural_group_01,1,30502003.0,aggregate_e0_to_e3,balanced_magnitude,-0.0008069292021391,-0.0009413058595631,0.000134376657424,0.1665284352924556,true,1e-06,false,loss,true
ieee30_structural_group_01_realization_01_seed_30201_8x8_held_out_seed30502003_aggregate_e0_to_e3,ieee30_structural_group_01_realization_01_seed_30201_8x8,ieee30,ieee30_structural_group_01,1,30502003.0,aggregate_e0_to_e3,sensitivity_initial_mean,-0.0008069292021391,-0.0010271206130863,0.0002201914109471,0.2728757496487028,true,1e-06,false,loss,true
ieee30_structural_group_01_realization_01_seed_30201_8x8_held_out_seed30502003_coordinate_e0,ieee30_structural_group_01_realization_01_seed_30201_8x8,ieee30,ieee30_structural_group_01,1,30502003.0,coordinate_e0,balanced_magnitude,0.0057349657981934,0.0058814979222842,0.0001465321240908,0.0255506535256088,false,1e-06,false,win,true
ieee30_structural_group_01_realization_01_seed_30201_8x8_held_out_seed30502003_coordinate_e0,ieee30_structural_group_01_realization_01_seed_30201_8x8,ieee30,ieee30_structural_group_01,1,30502003.0,coordinate_e0,sensitivity_initial_mean,0.0057349657981934,0.0056717947721434,6.317102604997543e-05,0.0110150658736055,false,1e-06,false,win,true
ieee30_structural_group_01_realization_01_seed_30201_8x8_held_out_seed30502003_signed_difference_e0_minus_e1,ieee30_structural_group_01_realization_01_seed_30201_8x8,ieee30,ieee30_structural_group_01,1,30502003.0,signed_difference_e0_minus_e1,balanced_magnitude,0.005200852150897,0.0053884542488293,0.0001876020979323,0.0360714153160484,false,1e-06,false,win,true
ieee30_structural_group_01_realization_01_seed_30201_8x8_held_out_seed30502003_signed_difference_e0_minus_e1,ieee30_structural_group_01_realization_01_seed_30201_8x8,ieee30,ieee30_structural_group_01,1,30502003.0,signed_difference_e0_minus_e1,sensitivity_initial_mean,0.005200852150897,0.0051692085741027,3.164357679424738e-05,0.0060843061629409,false,1e-06,false,win,true
ieee30_structural_group_01_realization_01_seed_30201_8x8_held_out_seed30502004_aggregate_e0_to_e3,ieee30_structural_group_01_realization_01_seed_30201_8x8,ieee30,ieee30_structural_group_01,1,30502004.0,aggregate_e0_to_e3,balanced_magnitude,-0.0008191426983838,-0.000701186933784,0.0001179557645997,0.1439990429414596,true,1e-06,false,win,true
ieee30_structural_group_01_realization_01_seed_30201_8x8_held_out_seed30502004_aggregate_e0_to_e3,ieee30_structural_group_01_realization_01_seed_30201_8x8,ieee30,ieee30_structural_group_01,1,30502004.0,aggregate_e0_to_e3,sensitivity_initial_mean,-0.0008191426983838,-0.0007453174973854,7.382520099837963e-05,0.0901249576466202,false,1e-06,false,win,true
ieee30_structural_group_01_realization_01_seed_30201_8x8_held_out_seed30502004_coordinate_e0,ieee30_structural_group_01_realization_01_seed_30201_8x8,ieee30,ieee30_structural_group_01,1,30502004.0,coordinate_e0,balanced_magnitude,-0.0014908212602005,-0.0013697227105497,0.0001210985496507,0.0812294222544832,false,1e-06,false,win,true
ieee30_structural_group_01_realization_01_seed_30201_8x8_held_out_seed30502004_coordinate_e0,ieee30_structural_group_01_realization_01_seed_30201_8x8,ieee30,ieee30_structural_group_01,1,30502004.0,coordinate_e0,sensitivity_initial_mean,-0.0014908212602005,-0.0014381882565781,5.263300362234793e-05,0.0353047042106634,false,1e-06,false,win,true
ieee30_structural_group_01_realization_01_seed_30201_8x8_held_out_seed30502004_signed_difference_e0_minus_e1,ieee30_structural_group_01_realization_01_seed_30201_8x8,ieee30,ieee30_structural_group_01,1,30502004.0,signed_difference_e0_minus_e1,balanced_magnitude,2.954857848012915e-05,7.789448520344915e-05,4.834590672332e-05,1.6361500014571493,true,1e-06,false,win,true
ieee30_structural_group_01_realization_01_seed_30201_8x8_held_out_seed30502004_signed_difference_e0_minus_e1,ieee30_structural_group_01_realization_01_seed_30201_8x8,ieee30,ieee30_structural_group_01,1,30502004.0,signed_difference_e0_minus_e1,sensitivity_initial_mean,2.954857848012915e-05,5.856860477478033e-05,2.902002629465118e-05,0.982112432723848,true,1e-06,false,win,true
ieee30_structural_group_01_realization_01_seed_30201_8x8_held_out_seed30502005_aggregate_e0_to_e3,ieee30_structural_group_01_realization_01_seed_30201_8x8,ieee30,ieee30_structural_group_01,1,30502005.0,aggregate_e0_to_e3,balanced_magnitude,0.000719031194874,0.0004905061899101,0.0002285250049639,0.3178234916552665,true,1e-06,false,win,true
ieee30_structural_group_01_realization_01_seed_30201_8x8_held_out_seed30502005_aggregate_e0_to_e3,ieee30_structural_group_01_realization_01_seed_30201_8x8,ieee30,ieee30_structural_group_01,1,30502005.0,aggregate_e0_to_e3,sensitivity_initial_mean,0.000719031194874,0.0005653207675777,0.0001537104272962,0.2137743513662182,true,1e-06,false,win,true
ieee30_structural_group_01_realization_01_seed_30201_8x8_held_out_seed30502005_coordinate_e0,ieee30_structural_group_01_realization_01_seed_30201_8x8,ieee30,ieee30_structural_group_01,1,30502005.0,coordinate_e0,balanced_magnitude,0.0025731958253877,0.0024871709049543,8.602492043341143e-05,0.0334311596438441,false,1e-06,false,loss,true
ieee30_structural_group_01_realization_01_seed_30201_8x8_held_out_seed30502005_coordinate_e0,ieee30_structural_group_01_realization_01_seed_30201_8x8,ieee30,ieee30_structural_group_01,1,30502005.0,coordinate_e0,sensitivity_initial_mean,0.0025731958253877,0.0024435884841841,0.0001296073412035,0.0503682385634468,false,1e-06,false,loss,true
ieee30_structural_group_01_realization_01_seed_30201_8x8_held_out_seed30502005_signed_difference_e0_minus_e1,ieee30_structural_group_01_realization_01_seed_30201_8x8,ieee30,ieee30_structural_group_01,1,30502005.0,signed_difference_e0_minus_e1,balanced_magnitude,0.0028616052450764,0.0028788905994654,1.7285354388943235e-05,0.0060404398610477,false,1e-06,false,loss,true
ieee30_structural_group_01_realization_01_seed_30201_8x8_held_out_seed30502005_signed_difference_e0_minus_e1,ieee30_structural_group_01_realization_01_seed_30201_8x8,ieee30,ieee30_structural_group_01,1,30502005.0,signed_difference_e0_minus_e1,sensitivity_initial_mean,0.0028616052450764,0.0027876052464333,7.39999986430922e-05,0.0258596110593565,false,1e-06,false,loss,true
ieee30_structural_group_01_realization_01_seed_30201_8x8_held_out_seed30502006_aggregate_e0_to_e3,ieee30_structural_group_01_realization_01_seed_30201_8x8,ieee30,ieee30_structural_group_01,1,30502006.0,aggregate_e0_to_e3,balanced_magnitude,-9.548171456840068e-05,-0.0003785652495692,0.0002830835350008,2.964793167785959,true,1e-06,false,win,true
ieee30_structural_group_01_realization_01_seed_30201_8x8_held_out_seed30502006_aggregate_e0_to_e3,ieee30_structural_group_01_realization_01_seed_30201_8x8,ieee30,ieee30_structural_group_01,1,30502006.0,aggregate_e0_to_e3,sensitivity_initial_mean,-9.548171456840068e-05,-0.0003464521582368,0.0002509704436684,2.6284660346002218,true,1e-06,false,win,true
ieee30_structural_group_01_realization_01_seed_30201_8x8_held_out_seed30502006_coordinate_e0,ieee30_structural_group_01_realization_01_seed_30201_8x8,ieee30,ieee30_structural_group_01,1,30502006.0,coordinate_e0,balanced_magnitude,0.0008166931080043,0.0005359939808627,0.0002806991271416,0.3437020888146332,true,1e-06,false,win,true
ieee30_structural_group_01_realization_01_seed_30201_8x8_held_out_seed30502006_coordinate_e0,ieee30_structural_group_01_realization_01_seed_30201_8x8,ieee30,ieee30_structural_group_01,1,30502006.0,coordinate_e0,sensitivity_initial_mean,0.0008166931080043,0.0005481384767298,0.0002685546312744,0.3288317590076293,true,1e-06,false,win,true
ieee30_structural_group_01_realization_01_seed_30201_8x8_held_out_seed30502006_signed_difference_e0_minus_e1,ieee30_structural_group_01_realization_01_seed_30201_8x8,ieee30,ieee30_structural_group_01,1,30502006.0,signed_difference_e0_minus_e1,balanced_magnitude,0.0005875401862159,0.0004473287523145,0.0001402114339013,0.2386414362640063,true,1e-06,false,loss,true
ieee30_structural_group_01_realization_01_seed_30201_8x8_held_out_seed30502006_signed_difference_e0_minus_e1,ieee30_structural_group_01_realization_01_seed_30201_8x8,ieee30,ieee30_structural_group_01,1,30502006.0,signed_difference_e0_minus_e1,sensitivity_initial_mean,0.0005875401862159,0.0004394829333216,0.0001480572528943,0.2519951083650782,true,1e-06,false,loss,true
ieee30_structural_group_01_realization_01_seed_30201_8x8_held_out_seed30502007_aggregate_e0_to_e3,ieee30_structural_group_01_realization_01_seed_30201_8x8,ieee30,ieee30_structural_group_01,1,30502007.0,aggregate_e0_to_e3,balanced_magnitude,0.0002046205011389,0.0002188176377338,1.41971365949332e-05,0.0693827672003113,false,1e-06,false,loss,true
ieee30_structural_group_01_realization_01_seed_30201_8x8_held_out_seed30502007_aggregate_e0_to_e3,ieee30_structural_group_01_realization_01_seed_30201_8x8,ieee30,ieee30_structural_group_01,1,30502007.0,aggregate_e0_to_e3,sensitivity_initial_mean,0.0002046205011389,0.0002611555330403,5.653503190142326e-05,0.2762921192487887,true,1e-06,false,loss,true
ieee30_structural_group_01_realization_01_seed_30201_8x8_held_out_seed30502007_coordinate_e0,ieee30_structural_group_01_realization_01_seed_30201_8x8,ieee30,ieee30_structural_group_01,1,30502007.0,coordinate_e0,balanced_magnitude,0.0002244716863955,0.0002551049788686,3.063329247310353e-05,0.1364684026079094,true,1e-06,false,loss,true
ieee30_structural_group_01_realization_01_seed_30201_8x8_held_out_seed30502007_coordinate_e0,ieee30_structural_group_01_realization_01_seed_30201_8x8,ieee30,ieee30_structural_group_01,1,30502007.0,coordinate_e0,sensitivity_initial_mean,0.0002244716863955,0.0002792040034732,5.4732317077729026e-05,0.2438272637257446,true,1e-06,false,loss,true
ieee30_structural_group_01_realization_01_seed_30201_8x8_held_out_seed30502007_signed_difference_e0_minus_e1,ieee30_structural_group_01_realization_01_seed_30201_8x8,ieee30,ieee30_structural_group_01,1,30502007.0,signed_difference_e0_minus_e1,balanced_magnitude,0.0001761564290382,0.0002027329929582,2.6576563920004467e-05,0.1508691114204765,true,1e-06,false,loss,true
ieee30_structural_group_01_realization_01_seed_30201_8x8_held_out_seed30502007_signed_difference_e0_minus_e1,ieee30_structural_group_01_realization_01_seed_30201_8x8,ieee30,ieee30_structural_group_01,1,30502007.0,signed_difference_e0_minus_e1,sensitivity_initial_mean,0.0001761564290382,0.000204748700871,2.8592271832780704e-05,0.1623118269874377,true,1e-06,false,loss,true
ieee30_structural_group_01_realization_01_seed_30201_8x8_held_out_seed30502008_aggregate_e0_to_e3,ieee30_structural_group_01_realization_01_seed_30201_8x8,ieee30,ieee30_structural_group_01,1,30502008.0,aggregate_e0_to_e3,balanced_magnitude,-0.0011592272355687,-0.0008741132164037,0.0002851140191649,0.2459517947963737,true,1e-06,false,win,true
ieee30_structural_group_01_realization_01_seed_30201_8x8_held_out_seed30502008_aggregate_e0_to_e3,ieee30_structural_group_01_realization_01_seed_30201_8x8,ieee30,ieee30_structural_group_01,1,30502008.0,aggregate_e0_to_e3,sensitivity_initial_mean,-0.0011592272355687,-0.000922870407772,0.0002363568277966,0.2038917138456617,true,1e-06,false,win,true
ieee30_structural_group_01_realization_01_seed_30201_8x8_held_out_seed30502008_coordinate_e0,ieee30_structural_group_01_realization_01_seed_30201_8x8,ieee30,ieee30_structural_group_01,1,30502008.0,coordinate_e0,balanced_magnitude,-0.001930855853385,-0.0016596527024511,0.0002712031509339,0.1404574818252035,true,1e-06,false,win,true
ieee30_structural_group_01_realization_01_seed_30201_8x8_held_out_seed30502008_coordinate_e0,ieee30_structural_group_01_realization_01_seed_30201_8x8,ieee30,ieee30_structural_group_01,1,30502008.0,coordinate_e0,sensitivity_initial_mean,-0.001930855853385,-0.0017073673145453,0.0002234885388396,0.1157458431958367,true,1e-06,false,win,true
ieee30_structural_group_01_realization_01_seed_30201_8x8_held_out_seed30502008_signed_difference_e0_minus_e1,ieee30_structural_group_01_realization_01_seed_30201_8x8,ieee30,ieee30_structural_group_01,1,30502008.0,signed_difference_e0_minus_e1,balanced_magnitude,-0.0006618870772355,-0.0005403809727122,0.0001215061045232,0.183575278476153,true,1e-06,false,loss,true
ieee30_structural_group_01_realization_01_seed_30201_8x8_held_out_seed30502008_signed_difference_e0_minus_e1,ieee30_structural_group_01_realization_01_seed_30201_8x8,ieee30,ieee30_structural_group_01,1,30502008.0,signed_difference_e0_minus_e1,sensitivity_initial_mean,-0.0006618870772355,-0.0005387568414091,0.0001231302358263,0.1860290675875513,true,1e-06,false,loss,true
ieee30_structural_group_01_realization_01_seed_30201_8x8_held_out_seed30502009_aggregate_e0_to_e3,ieee30_structural_group_01_realization_01_seed_30201_8x8,ieee30,ieee30_structural_group_01,1,30502009.0,aggregate_e0_to_e3,balanced_magnitude,-0.0002917214719925,-0.0004537103947092,0.0001619889227166,0.5552862516776894,true,1e-06,false,win,true
ieee30_structural_group_01_realization_01_seed_30201_8x8_held_out_seed30502009_aggregate_e0_to_e3,ieee30_structural_group_01_realization_01_seed_30201_8x8,ieee30,ieee30_structural_group_01,1,30502009.0,aggregate_e0_to_e3,sensitivity_initial_mean,-0.0002917214719925,-0.0004301703012332,0.0001384488292406,0.4745925224325449,true,1e-06,false,win,true
ieee30_structural_group_01_realization_01_seed_30201_8x8_held_out_seed30502009_coordinate_e0,ieee30_structural_group_01_realization_01_seed_30201_8x8,ieee30,ieee30_structural_group_01,1,30502009.0,coordinate_e0,balanced_magnitude,0.0001791966829358,6.877859567678058e-06,0.0001723188233681,0.9616183767746356,true,1e-06,false,win,true
ieee30_structural_group_01_realization_01_seed_30201_8x8_held_out_seed30502009_coordinate_e0,ieee30_structural_group_01_realization_01_seed_30201_8x8,ieee30,ieee30_structural_group_01,1,30502009.0,coordinate_e0,sensitivity_initial_mean,0.0001791966829358,2.0640021134037512e-05,0.0001585566618017,0.8848191785925589,true,1e-06,false,win,true
ieee30_structural_group_01_realization_01_seed_30201_8x8_held_out_seed30502009_signed_difference_e0_minus_e1,ieee30_structural_group_01_realization_01_seed_30201_8x8,ieee30,ieee30_structural_group_01,1,30502009.0,signed_difference_e0_minus_e1,balanced_magnitude,0.0001268148816911,3.600544333442436e-05,9.080943835674668e-05,0.7160787215643392,true,1e-06,false,win,true
ieee30_structural_group_01_realization_01_seed_30201_8x8_held_out_seed30502009_signed_difference_e0_minus_e1,ieee30_structural_group_01_realization_01_seed_30201_8x8,ieee30,ieee30_structural_group_01,1,30502009.0,signed_difference_e0_minus_e1,sensitivity_initial_mean,0.0001268148816911,3.926509628414597e-05,8.754978540702506e-05,0.6903746960883721,true,1e-06,false,win,true
ieee30_structural_group_01_realization_01_seed_30201_8x8_held_out_seed30502010_aggregate_e0_to_e3,ieee30_structural_group_01_realization_01_seed_30201_8x8,ieee30,ieee30_structural_group_01,1,30502010.0,aggregate_e0_to_e3,balanced_magnitude,0.0001144969048135,0.0001249103377407,1.0413432927203442e-05,0.0909494710286173,false,1e-06,false,loss,true
ieee30_structural_group_01_realization_01_seed_30201_8x8_held_out_seed30502010_aggregate_e0_to_e3,ieee30_structural_group_01_realization_01_seed_30201_8x8,ieee30,ieee30_structural_group_01,1,30502010.0,aggregate_e0_to_e3,sensitivity_initial_mean,0.0001144969048135,5.11193974362345e-05,6.337750737728384e-05,0.5535303114132831,true,1e-06,false,loss,true
ieee30_structural_group_01_realization_01_seed_30201_8x8_held_out_seed30502010_coordinate_e0,ieee30_structural_group_01_realization_01_seed_30201_8x8,ieee30,ieee30_structural_group_01,1,30502010.0,coordinate_e0,balanced_magnitude,0.0019447435534076,0.0020373002449445,9.255669153687847e-05,0.0475932630678724,false,1e-06,false,win,true
ieee30_structural_group_01_realization_01_seed_30201_8x8_held_out_seed30502010_coordinate_e0,ieee30_structural_group_01_realization_01_seed_30201_8x8,ieee30,ieee30_structural_group_01,1,30502010.0,coordinate_e0,sensitivity_initial_mean,0.0019447435534076,0.0019542043946585,9.460841250950824e-06,0.0048648271564511,false,1e-06,false,win,true
ieee30_structural_group_01_realization_01_seed_30201_8x8_held_out_seed30502010_signed_difference_e0_minus_e1,ieee30_structural_group_01_realization_01_seed_30201_8x8,ieee30,ieee30_structural_group_01,1,30502010.0,signed_difference_e0_minus_e1,balanced_magnitude,0.0014748862524349,0.0015530032256746,7.811697323967942e-05,0.0529647443053393,false,1e-06,false,win,true
ieee30_structural_group_01_realization_01_seed_30201_8x8_held_out_seed30502010_signed_difference_e0_minus_e1,ieee30_structural_group_01_realization_01_seed_30201_8x8,ieee30,ieee30_structural_group_01,1,30502010.0,signed_difference_e0_minus_e1,sensitivity_initial_mean,0.0014748862524349,0.0014826988113618,7.812558926849735e-06,0.0052970586131313,false,1e-06,false,win,true
ieee30_structural_group_01_realization_01_seed_30201_8x8_held_out_seed30502011_aggregate_e0_to_e3,ieee30_structural_group_01_realization_01_seed_30201_8x8,ieee30,ieee30_structural_group_01,1,30502011.0,aggregate_e0_to_e3,balanced_magnitude,0.0004049259489934,0.0006326614882021,0.0002277355392086,0.5624128060322569,true,1e-06,false,loss,true
ieee30_structural_group_01_realization_01_seed_30201_8x8_held_out_seed30502011_aggregate_e0_to_e3,ieee30_structural_group_01_realization_01_seed_30201_8x8,ieee30,ieee30_structural_group_01,1,30502011.0,aggregate_e0_to_e3,sensitivity_initial_mean,0.0004049259489934,0.0006753405935627,0.0002704146445692,0.66781258460087,true,1e-06,false,loss,true
ieee30_structural_group_01_realization_01_seed_30201_8x8_held_out_seed30502011_coordinate_e0,ieee30_structural_group_01_realization_01_seed_30201_8x8,ieee30,ieee30_structural_group_01,1,30502011.0,coordinate_e0,balanced_magnitude,-0.0055381184438903,-0.0055653917883292,2.7273344438963863e-05,0.0049246589279888,false,1e-06,false,loss,true
ieee30_structural_group_01_realization_01_seed_30201_8x8_held_out_seed30502011_coordinate_e0,ieee30_structural_group_01_realization_01_seed_30201_8x8,ieee30,ieee30_structural_group_01,1,30502011.0,coordinate_e0,sensitivity_initial_mean,-0.0055381184438903,-0.0053992403148653,0.0001388781290249,0.0250767711871804,false,1e-06,false,loss,true
ieee30_structural_group_01_realization_01_seed_30201_8x8_held_out_seed30502011_signed_difference_e0_minus_e1,ieee30_structural_group_01_realization_01_seed_30201_8x8,ieee30,ieee30_structural_group_01,1,30502011.0,signed_difference_e0_minus_e1,balanced_magnitude,-0.0048755063987246,-0.0049954152687358,0.0001199088700112,0.0245941365275683,false,1e-06,false,win,true
ieee30_structural_group_01_realization_01_seed_30201_8x8_held_out_seed30502011_signed_difference_e0_minus_e1,ieee30_structural_group_01_realization_01_seed_30201_8x8,ieee30,ieee30_structural_group_01,1,30502011.0,signed_difference_e0_minus_e1,sensitivity_initial_mean,-0.0048755063987246,-0.0048010853530131,7.442104571145445e-05,0.0152642699291548,false,1e-06,false,win,true
ieee30_structural_group_01_realization_01_seed_30201_8x8_held_out_seed30502012_aggregate_e0_to_e3,ieee30_structural_group_01_realization_01_seed_30201_8x8,ieee30,ieee30_structural_group_01,1,30502012.0,aggregate_e0_to_e3,balanced_magnitude,0.0014495630063695,0.0012868709069712,0.0001626920993982,0.1122352727569679,true,1e-06,false,win,true
ieee30_structural_group_01_realization_01_seed_30201_8x8_held_out_seed30502012_aggregate_e0_to_e3,ieee30_structural_group_01_realization_01_seed_30201_8x8,ieee30,ieee30_structural_group_01,1,30502012.0,aggregate_e0_to_e3,sensitivity_initial_mean,0.0014495630063695,0.001399060330102,5.0502676267483e-05,0.0348399317901805,false,1e-06,false,win,true
ieee30_structural_group_01_realization_01_seed_30201_8x8_held_out_seed30502012_coordinate_e0,ieee30_structural_group_01_realization_01_seed_30201_8x8,ieee30,ieee30_structural_group_01,1,30502012.0,coordinate_e0,balanced_magnitude,0.0002413687213581,0.0001100104937004,0.0001313582276577,0.5442222460250821,true,1e-06,false,win,true
ieee30_structural_group_01_realization_01_seed_30201_8x8_held_out_seed30502012_coordinate_e0,ieee30_structural_group_01_realization_01_seed_30201_8x8,ieee30,ieee30_structural_group_01,1,30502012.0,coordinate_e0,sensitivity_initial_mean,0.0002413687213581,0.000149127436646,9.224128471209177e-05,0.382159230048841,true,1e-06,false,win,true
ieee30_structural_group_01_realization_01_seed_30201_8x8_held_out_seed30502012_signed_difference_e0_minus_e1,ieee30_structural_group_01_realization_01_seed_30201_8x8,ieee30,ieee30_structural_group_01,1,30502012.0,signed_difference_e0_minus_e1,balanced_magnitude,0.0007465554800162,0.0006976571314557,4.889834856058905e-05,0.0654986131231955,false,1e-06,false,loss,true
ieee30_structural_group_01_realization_01_seed_30201_8x8_held_out_seed30502012_signed_difference_e0_minus_e1,ieee30_structural_group_01_realization_01_seed_30201_8x8,ieee30,ieee30_structural_group_01,1,30502012.0,signed_difference_e0_minus_e1,sensitivity_initial_mean,0.0007465554800162,0.0006919437625584,5.46117174578764e-05,0.0731515860772787,false,1e-06,false,loss,true
ieee30_structural_group_01_realization_01_seed_30201_8x8_held_out_seed30502013_aggregate_e0_to_e3,ieee30_structural_group_01_realization_01_seed_30201_8x8,ieee30,ieee30_structural_group_01,1,30502013.0,aggregate_e0_to_e3,balanced_magnitude,0.0004698141929861,0.000413892297503,5.592189548312489e-05,0.1190298128876955,true,1e-06,false,win,true
ieee30_structural_group_01_realization_01_seed_30201_8x8_held_out_seed30502013_aggregate_e0_to_e3,ieee30_structural_group_01_realization_01_seed_30201_8x8,ieee30,ieee30_structural_group_01,1,30502013.0,aggregate_e0_to_e3,sensitivity_initial_mean,0.0004698141929861,0.0004659818266884,3.832366297709449e-06,0.0081571956635683,false,1e-06,false,win,true
ieee30_structural_group_01_realization_01_seed_30201_8x8_held_out_seed30502013_coordinate_e0,ieee30_structural_group_01_realization_01_seed_30201_8x8,ieee30,ieee30_structural_group_01,1,30502013.0,coordinate_e0,balanced_magnitude,-0.0002298123663434,-0.0002868929175992,5.708055125579079e-05,0.2483789369736371,true,1e-06,false,win,true
ieee30_structural_group_01_realization_01_seed_30201_8x8_held_out_seed30502013_coordinate_e0,ieee30_structural_group_01_realization_01_seed_30201_8x8,ieee30,ieee30_structural_group_01,1,30502013.0,coordinate_e0,sensitivity_initial_mean,-0.0002298123663434,-0.0002596347752965,2.98224089530685e-05,0.1297685125808025,true,1e-06,false,win,true
ieee30_structural_group_01_realization_01_seed_30201_8x8_held_out_seed30502013_signed_difference_e0_minus_e1,ieee30_structural_group_01_realization_01_seed_30201_8x8,ieee30,ieee30_structural_group_01,1,30502013.0,signed_difference_e0_minus_e1,balanced_magnitude,3.994582217368796e-05,1.2464811041903972e-05,2.7481011131783988e-05,0.6879570787726969,true,1e-06,false,win,true
ieee30_structural_group_01_realization_01_seed_30201_8x8_held_out_seed30502013_signed_difference_e0_minus_e1,ieee30_structural_group_01_realization_01_seed_30201_8x8,ieee30,ieee30_structural_group_01,1,30502013.0,signed_difference_e0_minus_e1,sensitivity_initial_mean,3.994582217368796e-05,2.1686431637417983e-05,1.825939053626998e-05,0.4571038857800081,true,1e-06,false,win,true
ieee30_structural_group_01_realization_01_seed_30201_8x8_held_out_seed30502014_aggregate_e0_to_e3,ieee30_structural_group_01_realization_01_seed_30201_8x8,ieee30,ieee30_structural_group_01,1,30502014.0,aggregate_e0_to_e3,balanced_magnitude,-8.227443658525321e-05,-8.555999011364019e-05,3.2855535283869784e-06,0.0399340750876181,false,1e-06,false,win,true
ieee30_structural_group_01_realization_01_seed_30201_8x8_held_out_seed30502014_aggregate_e0_to_e3,ieee30_structural_group_01_realization_01_seed_30201_8x8,ieee30,ieee30_structural_group_01,1,30502014.0,aggregate_e0_to_e3,sensitivity_initial_mean,-8.227443658525321e-05,-8.233284191855447e-05,5.840533330125734e-08,0.0007098843301192,false,1e-06,false,win,true
ieee30_structural_group_01_realization_01_seed_30201_8x8_held_out_seed30502014_coordinate_e0,ieee30_structural_group_01_realization_01_seed_30201_8x8,ieee30,ieee30_structural_group_01,1,30502014.0,coordinate_e0,balanced_magnitude,0.0047675643754541,0.0049791519156441,0.00021158754019,0.0443806362173885,false,1e-06,false,win,true
ieee30_structural_group_01_realization_01_seed_30201_8x8_held_out_seed30502014_coordinate_e0,ieee30_structural_group_01_realization_01_seed_30201_8x8,ieee30,ieee30_structural_group_01,1,30502014.0,coordinate_e0,sensitivity_initial_mean,0.0047675643754541,0.0048979711478396,0.0001304067723855,0.0273529127486829,false,1e-06,false,win,true
ieee30_structural_group_01_realization_01_seed_30201_8x8_held_out_seed30502014_signed_difference_e0_minus_e1,ieee30_structural_group_01_realization_01_seed_30201_8x8,ieee30,ieee30_structural_group_01,1,30502014.0,signed_difference_e0_minus_e1,balanced_magnitude,0.0035755216520222,0.0037820303703179,0.0002065087182957,0.0577562488480338,false,1e-06,false,win,true
ieee30_structural_group_01_realization_01_seed_30201_8x8_held_out_seed30502014_signed_difference_e0_minus_e1,ieee30_structural_group_01_realization_01_seed_30201_8x8,ieee30,ieee30_structural_group_01,1,30502014.0,signed_difference_e0_minus_e1,sensitivity_initial_mean,0.0035755216520222,0.0036474982270157,7.19765749935433e-05,0.0201303703343078,false,1e-06,false,win,true
ieee30_structural_group_01_realization_01_seed_30201_8x8_held_out_seed30502015_aggregate_e0_to_e3,ieee30_structural_group_01_realization_01_seed_30201_8x8,ieee30,ieee30_structural_group_01,1,30502015.0,aggregate_e0_to_e3,balanced_magnitude,0.0007337758539512,0.0005902354902983,0.0001435403636529,0.1956188158550134,true,1e-06,false,win,true
ieee30_structural_group_01_realization_01_seed_30201_8x8_held_out_seed30502015_aggregate_e0_to_e3,ieee30_structural_group_01_realization_01_seed_30201_8x8,ieee30,ieee30_structural_group_01,1,30502015.0,aggregate_e0_to_e3,sensitivity_initial_mean,0.0007337758539512,0.0006057152193694,0.0001280606345818,0.1745228245004737,true,1e-06,false,win,true
ieee30_structural_group_01_realization_01_seed_30201_8x8_held_out_seed30502015_coordinate_e0,ieee30_structural_group_01_realization_01_seed_30201_8x8,ieee30,ieee30_structural_group_01,1,30502015.0,coordinate_e0,balanced_magnitude,0.0049494203515327,0.004942791005244,6.629346288699288e-06,0.0013394187233756,false,1e-06,false,win,true
ieee30_structural_group_01_realization_01_seed_30201_8x8_held_out_seed30502015_coordinate_e0,ieee30_structural_group_01_realization_01_seed_30201_8x8,ieee30,ieee30_structural_group_01,1,30502015.0,coordinate_e0,sensitivity_initial_mean,0.0049494203515327,0.0049444198074916,5.000544041094089e-06,0.001010329227653,false,1e-06,false,win,true
ieee30_structural_group_01_realization_01_seed_30201_8x8_held_out_seed30502015_signed_difference_e0_minus_e1,ieee30_structural_group_01_realization_01_seed_30201_8x8,ieee30,ieee30_structural_group_01,1,30502015.0,signed_difference_e0_minus_e1,balanced_magnitude,0.0023969392265195,0.0024693404745238,7.240124800431819e-05,0.030205708681837,false,1e-06,false,win,true
ieee30_structural_group_01_realization_01_seed_30201_8x8_held_out_seed30502015_signed_difference_e0_minus_e1,ieee30_structural_group_01_realization_01_seed_30201_8x8,ieee30,ieee30_structural_group_01,1,30502015.0,signed_difference_e0_minus_e1,sensitivity_initial_mean,0.0023969392265195,0.002395424935193,1.5142913264883096e-06,0.0006317604175084,false,1e-06,false,win,true
ieee30_structural_group_01_realization_01_seed_30201_8x8_held_out_seed30502016_aggregate_e0_to_e3,ieee30_structural_group_01_realization_01_seed_30201_8x8,ieee30,ieee30_structural_group_01,1,30502016.0,aggregate_e0_to_e3,balanced_magnitude,0.0001039577096707,-2.049170164978198e-05,0.0001244494113205,1.1971157474965834,true,1e-06,false,win,true
ieee30_structural_group_01_realization_01_seed_30201_8x8_held_out_seed30502016_aggregate_e0_to_e3,ieee30_structural_group_01_realization_01_seed_30201_8x8,ieee30,ieee30_structural_group_01,1,30502016.0,aggregate_e0_to_e3,sensitivity_initial_mean,0.0001039577096707,-3.3094495711690885e-06,0.0001072671592419,1.031834575633214,true,1e-06,false,win,true
ieee30_structural_group_01_realization_01_seed_30201_8x8_held_out_seed30502016_coordinate_e0,ieee30_structural_group_01_realization_01_seed_30201_8x8,ieee30,ieee30_structural_group_01,1,30502016.0,coordinate_e0,balanced_magnitude,0.0033757954242675,0.0034197682597891,4.3972835521624305e-05,0.0130259183377989,false,1e-06,false,win,true
ieee30_structural_group_01_realization_01_seed_30201_8x8_held_out_seed30502016_coordinate_e0,ieee30_structural_group_01_realization_01_seed_30201_8x8,ieee30,ieee30_structural_group_01,1,30502016.0,coordinate_e0,sensitivity_initial_mean,0.0033757954242675,0.0033405074571093,3.5287967158203516e-05,0.0104532303422563,false,1e-06,false,win,true
ieee30_structural_group_01_realization_01_seed_30201_8x8_held_out_seed30502016_signed_difference_e0_minus_e1,ieee30_structural_group_01_realization_01_seed_30201_8x8,ieee30,ieee30_structural_group_01,1,30502016.0,signed_difference_e0_minus_e1,balanced_magnitude,0.0031101009252647,0.0032050819635046,9.498103823984928e-05,0.0305395357006823,false,1e-06,false,win,true
ieee30_structural_group_01_realization_01_seed_30201_8x8_held_out_seed30502016_signed_difference_e0_minus_e1,ieee30_structural_group_01_realization_01_seed_30201_8x8,ieee30,ieee30_structural_group_01,1,30502016.0,signed_difference_e0_minus_e1,sensitivity_initial_mean,0.0031101009252647,0.0030901782434611,1.9922681803689803e-05,0.0064057991307769,false,1e-06,false,win,true
ieee30_structural_group_01_realization_01_seed_30201_8x8_held_out_seed30502017_aggregate_e0_to_e3,ieee30_structural_group_01_realization_01_seed_30201_8x8,ieee30,ieee30_structural_group_01,1,30502017.0,aggregate_e0_to_e3,balanced_magnitude,-0.0019155916973263,-0.0016317112197177,0.0002838804776085,0.1481946690439227,true,1e-06,false,win,true
ieee30_structural_group_01_realization_01_seed_30201_8x8_held_out_seed30502017_aggregate_e0_to_e3,ieee30_structural_group_01_realization_01_seed_30201_8x8,ieee30,ieee30_structural_group_01,1,30502017.0,aggregate_e0_to_e3,sensitivity_initial_mean,-0.0019155916973263,-0.0017395438690886,0.0001760478282377,0.0919025847123045,false,1e-06,false,win,true
ieee30_structural_group_01_realization_01_seed_30201_8x8_held_out_seed30502017_coordinate_e0,ieee30_structural_group_01_realization_01_seed_30201_8x8,ieee30,ieee30_structural_group_01,1,30502017.0,coordinate_e0,balanced_magnitude,-0.0055792768812958,-0.0055339690098171,4.5307871478690934e-05,0.008120742605656,false,1e-06,false,loss,true
ieee30_structural_group_01_realization_01_seed_30201_8x8_held_out_seed30502017_coordinate_e0,ieee30_structural_group_01_realization_01_seed_30201_8x8,ieee30,ieee30_structural_group_01,1,30502017.0,coordinate_e0,sensitivity_initial_mean,-0.0055792768812958,-0.0054963869614493,8.288991984647855e-05,0.0148567496487512,false,1e-06,false,loss,true
ieee30_structural_group_01_realization_01_seed_30201_8x8_held_out_seed30502017_signed_difference_e0_minus_e1,ieee30_structural_group_01_realization_01_seed_30201_8x8,ieee30,ieee30_structural_group_01,1,30502017.0,signed_difference_e0_minus_e1,balanced_magnitude,-0.0044068449079673,-0.0044995911323171,9.274622434973356e-05,0.0210459469953326,false,1e-06,false,win,true
ieee30_structural_group_01_realization_01_seed_30201_8x8_held_out_seed30502017_signed_difference_e0_minus_e1,ieee30_structural_group_01_realization_01_seed_30201_8x8,ieee30,ieee30_structural_group_01,1,30502017.0,signed_difference_e0_minus_e1,sensitivity_initial_mean,-0.0044068449079673,-0.0043585954550478,4.8249452919559704e-05,0.010948752208712,false,1e-06,false,win,true
ieee30_structural_group_01_realization_01_seed_30201_8x8_held_out_seed30502018_aggregate_e0_to_e3,ieee30_structural_group_01_realization_01_seed_30201_8x8,ieee30,ieee30_structural_group_01,1,30502018.0,aggregate_e0_to_e3,balanced_magnitude,-0.001654434337161,-0.0017641612335162,0.0001097268963551,0.0663229080118312,false,1e-06,false,loss,true
ieee30_structural_group_01_realization_01_seed_30201_8x8_held_out_seed30502018_aggregate_e0_to_e3,ieee30_structural_group_01_realization_01_seed_30201_8x8,ieee30,ieee30_structural_group_01,1,30502018.0,aggregate_e0_to_e3,sensitivity_initial_mean,-0.001654434337161,-0.0019099327665257,0.0002554984293646,0.1544324991483862,true,1e-06,false,loss,true
ieee30_structural_group_01_realization_01_seed_30201_8x8_held_out_seed30502018_coordinate_e0,ieee30_structural_group_01_realization_01_seed_30201_8x8,ieee30,ieee30_structural_group_01,1,30502018.0,coordinate_e0,balanced_magnitude,-0.0042553523033897,-0.0045504111016053,0.0002950587982155,0.0693382773455772,false,1e-06,false,loss,true
ieee30_structural_group_01_realization_01_seed_30201_8x8_held_out_seed30502018_coordinate_e0,ieee30_structural_group_01_realization_01_seed_30201_8x8,ieee30,ieee30_structural_group_01,1,30502018.0,coordinate_e0,sensitivity_initial_mean,-0.0042553523033897,-0.0046103540817557,0.000355001778366,0.0834247679288994,false,1e-06,false,loss,true
ieee30_structural_group_01_realization_01_seed_30201_8x8_held_out_seed30502018_signed_difference_e0_minus_e1,ieee30_structural_group_01_realization_01_seed_30201_8x8,ieee30,ieee30_structural_group_01,1,30502018.0,signed_difference_e0_minus_e1,balanced_magnitude,-0.0025250332988306,-0.0027793196395293,0.0002542863406986,0.1007061335850316,true,1e-06,false,win,true
ieee30_structural_group_01_realization_01_seed_30201_8x8_held_out_seed30502018_signed_difference_e0_minus_e1,ieee30_structural_group_01_realization_01_seed_30201_8x8,ieee30,ieee30_structural_group_01,1,30502018.0,signed_difference_e0_minus_e1,sensitivity_initial_mean,-0.0025250332988306,-0.0027158268061548,0.0001907935073241,0.0755607886092049,false,1e-06,false,win,true
ieee30_structural_group_01_realization_01_seed_30201_8x8_held_out_seed30502019_aggregate_e0_to_e3,ieee30_structural_group_01_realization_01_seed_30201_8x8,ieee30,ieee30_structural_group_01,1,30502019.0,aggregate_e0_to_e3,balanced_magnitude,0.0008776144022795,0.0009160666488298,3.845224655027403e-05,0.043814511760968,false,1e-06,false,loss,true
ieee30_structural_group_01_realization_01_seed_30201_8x8_held_out_seed30502019_aggregate_e0_to_e3,ieee30_structural_group_01_realization_01_seed_30201_8x8,ieee30,ieee30_structural_group_01,1,30502019.0,aggregate_e0_to_e3,sensitivity_initial_mean,0.0008776144022795,0.0010481110081219,0.0001704966058423,0.1942727983947193,true,1e-06,false,loss,true
ieee30_structural_group_01_realization_01_seed_30201_8x8_held_out_seed30502019_coordinate_e0,ieee30_structural_group_01_realization_01_seed_30201_8x8,ieee30,ieee30_structural_group_01,1,30502019.0,coordinate_e0,balanced_magnitude,0.0051449017634348,0.0054094890744126,0.0002645873109778,0.0514270870744833,false,1e-06,false,loss,true
ieee30_structural_group_01_realization_01_seed_30201_8x8_held_out_seed30502019_coordinate_e0,ieee30_structural_group_01_realization_01_seed_30201_8x8,ieee30,ieee30_structural_group_01,1,30502019.0,coordinate_e0,sensitivity_initial_mean,0.0051449017634348,0.0054343268988861,0.0002894251354513,0.0562547447471766,false,1e-06,false,loss,true
ieee30_structural_group_01_realization_01_seed_30201_8x8_held_out_seed30502019_signed_difference_e0_minus_e1,ieee30_structural_group_01_realization_01_seed_30201_8x8,ieee30,ieee30_structural_group_01,1,30502019.0,signed_difference_e0_minus_e1,balanced_magnitude,0.0034149242908414,0.0036683597581716,0.0002534354673302,0.0742140808245569,false,1e-06,false,win,true
ieee30_structural_group_01_realization_01_seed_30201_8x8_held_out_seed30502019_signed_difference_e0_minus_e1,ieee30_structural_group_01_realization_01_seed_30201_8x8,ieee30,ieee30_structural_group_01,1,30502019.0,signed_difference_e0_minus_e1,sensitivity_initial_mean,0.0034149242908414,0.0035700986554715,0.0001551743646301,0.0454400599879411,false,1e-06,false,win,true
ieee30_structural_group_01_realization_02_seed_30202_8x8_held_out_seed30512000_aggregate_e0_to_e3,ieee30_structural_group_01_realization_02_seed_30202_8x8,ieee30,ieee30_structural_group_01,2,30512000.0,aggregate_e0_to_e3,balanced_magnitude,0.0003947224834714,0.0003911479566003,3.5745268711051244e-06,0.009055797479961,false,1e-06,false,loss,true
ieee30_structural_group_01_realization_02_seed_30202_8x8_held_out_seed30512000_aggregate_e0_to_e3,ieee30_structural_group_01_realization_02_seed_30202_8x8,ieee30,ieee30_structural_group_01,2,30512000.0,aggregate_e0_to_e3,sensitivity_initial_mean,0.0003947224834714,0.0004541510864345,5.942860296307811e-05,0.1505579374157187,true,1e-06,false,loss,true
ieee30_structural_group_01_realization_02_seed_30202_8x8_held_out_seed30512000_coordinate_e0,ieee30_structural_group_01_realization_02_seed_30202_8x8,ieee30,ieee30_structural_group_01,2,30512000.0,coordinate_e0,balanced_magnitude,0.0006926417810329,0.0006546768803217,3.7964900711229266e-05,0.0548117392725156,false,1e-06,false,loss,true
ieee30_structural_group_01_realization_02_seed_30202_8x8_held_out_seed30512000_coordinate_e0,ieee30_structural_group_01_realization_02_seed_30202_8x8,ieee30,ieee30_structural_group_01,2,30512000.0,coordinate_e0,sensitivity_initial_mean,0.0006926417810329,0.0007627245635379,7.008278250496063e-05,0.1011818582477716,true,1e-06,false,loss,true
ieee30_structural_group_01_realization_02_seed_30202_8x8_held_out_seed30512000_signed_difference_e0_minus_e1,ieee30_structural_group_01_realization_02_seed_30202_8x8,ieee30,ieee30_structural_group_01,2,30512000.0,signed_difference_e0_minus_e1,balanced_magnitude,-0.0009049250480933,-0.0009236750864731,1.8750038379732113e-05,0.0207199904779267,false,1e-06,false,loss,true
ieee30_structural_group_01_realization_02_seed_30202_8x8_held_out_seed30512000_signed_difference_e0_minus_e1,ieee30_structural_group_01_realization_02_seed_30202_8x8,ieee30,ieee30_structural_group_01,2,30512000.0,signed_difference_e0_minus_e1,sensitivity_initial_mean,-0.0009049250480933,-0.0008671474390634,3.7777609029942595e-05,0.0417466718481688,false,1e-06,false,loss,true
ieee30_structural_group_01_realization_02_seed_30202_8x8_held_out_seed30512001_aggregate_e0_to_e3,ieee30_structural_group_01_realization_02_seed_30202_8x8,ieee30,ieee30_structural_group_01,2,30512001.0,aggregate_e0_to_e3,balanced_magnitude,-0.0012189197766505,-0.0012415528202789,2.263304362842616e-05,0.0185681158530543,false,1e-06,false,loss,true
ieee30_structural_group_01_realization_02_seed_30202_8x8_held_out_seed30512001_aggregate_e0_to_e3,ieee30_structural_group_01_realization_02_seed_30202_8x8,ieee30,ieee30_structural_group_01,2,30512001.0,aggregate_e0_to_e3,sensitivity_initial_mean,-0.0012189197766505,-0.0014218508844081,0.0002029311077576,0.1664843836689949,true,1e-06,false,loss,true
ieee30_structural_group_01_realization_02_seed_30202_8x8_held_out_seed30512001_coordinate_e0,ieee30_structural_group_01_realization_02_seed_30202_8x8,ieee30,ieee30_structural_group_01,2,30512001.0,coordinate_e0,balanced_magnitude,0.0010779907599648,0.0011400380471909,6.20472872261068e-05,0.0575582737166776,false,1e-06,false,loss,true
ieee30_structural_group_01_realization_02_seed_30202_8x8_held_out_seed30512001_coordinate_e0,ieee30_structural_group_01_realization_02_seed_30202_8x8,ieee30,ieee30_structural_group_01,2,30512001.0,coordinate_e0,sensitivity_initial_mean,0.0010779907599648,0.0009371561339667,0.0001408346259981,0.1306454853125994,true,1e-06,false,loss,true
ieee30_structural_group_01_realization_02_seed_30202_8x8_held_out_seed30512001_signed_difference_e0_minus_e1,ieee30_structural_group_01_realization_02_seed_30202_8x8,ieee30,ieee30_structural_group_01,2,30512001.0,signed_difference_e0_minus_e1,balanced_magnitude,0.0019745530890762,0.0020203215091484,4.576842007220257e-05,0.0231791286470879,false,1e-06,false,loss,true
ieee30_structural_group_01_realization_02_seed_30202_8x8_held_out_seed30512001_signed_difference_e0_minus_e1,ieee30_structural_group_01_realization_02_seed_30202_8x8,ieee30,ieee30_structural_group_01,2,30512001.0,signed_difference_e0_minus_e1,sensitivity_initial_mean,0.0019745530890762,0.0019018447350833,7.2708353992828e-05,0.0368226888378291,false,1e-06,false,loss,true
ieee30_structural_group_01_realization_02_seed_30202_8x8_held_out_seed30512002_aggregate_e0_to_e3,ieee30_structural_group_01_realization_02_seed_30202_8x8,ieee30,ieee30_structural_group_01,2,30512002.0,aggregate_e0_to_e3,balanced_magnitude,0.0003369767710586,0.000465212169162,0.0001282353981033,0.3805466997041932,true,1e-06,false,win,true
ieee30_structural_group_01_realization_02_seed_30202_8x8_held_out_seed30512002_aggregate_e0_to_e3,ieee30_structural_group_01_realization_02_seed_30202_8x8,ieee30,ieee30_structural_group_01,2,30512002.0,aggregate_e0_to_e3,sensitivity_initial_mean,0.0003369767710586,0.000456433113699,0.0001194563426403,0.3544942942656072,true,1e-06,false,win,true
ieee30_structural_group_01_realization_02_seed_30202_8x8_held_out_seed30512002_coordinate_e0,ieee30_structural_group_01_realization_02_seed_30202_8x8,ieee30,ieee30_structural_group_01,2,30512002.0,coordinate_e0,balanced_magnitude,-0.0027658246265121,-0.0026631374307486,0.0001026871957635,0.0371271536088184,false,1e-06,false,win,true
ieee30_structural_group_01_realization_02_seed_30202_8x8_held_out_seed30512002_coordinate_e0,ieee30_structural_group_01_realization_02_seed_30202_8x8,ieee30,ieee30_structural_group_01,2,30512002.0,coordinate_e0,sensitivity_initial_mean,-0.0027658246265121,-0.002710990435551,5.4834190961159344e-05,0.0198256210591007,false,1e-06,false,win,true
ieee30_structural_group_01_realization_02_seed_30202_8x8_held_out_seed30512002_signed_difference_e0_minus_e1,ieee30_structural_group_01_realization_02_seed_30202_8x8,ieee30,ieee30_structural_group_01,2,30512002.0,signed_difference_e0_minus_e1,balanced_magnitude,-0.0004679636781175,-0.0004388525416596,2.9111136457956764e-05,0.0622081110548129,false,1e-06,false,tie,true
ieee30_structural_group_01_realization_02_seed_30202_8x8_held_out_seed30512002_signed_difference_e0_minus_e1,ieee30_structural_group_01_realization_02_seed_30202_8x8,ieee30,ieee30_structural_group_01,2,30512002.0,signed_difference_e0_minus_e1,sensitivity_initial_mean,-0.0004679636781175,-0.0004389433279923,2.9020350125254788e-05,0.0620141081076885,false,1e-06,false,tie,true
ieee30_structural_group_01_realization_02_seed_30202_8x8_held_out_seed30512003_aggregate_e0_to_e3,ieee30_structural_group_01_realization_02_seed_30202_8x8,ieee30,ieee30_structural_group_01,2,30512003.0,aggregate_e0_to_e3,balanced_magnitude,-0.0013357689553872,-0.0014344351171982,9.86661618109922e-05,0.0738646915045189,false,1e-06,false,loss,true
ieee30_structural_group_01_realization_02_seed_30202_8x8_held_out_seed30512003_aggregate_e0_to_e3,ieee30_structural_group_01_realization_02_seed_30202_8x8,ieee30,ieee30_structural_group_01,2,30512003.0,aggregate_e0_to_e3,sensitivity_initial_mean,-0.0013357689553872,-0.0015093177816808,0.0001735488262935,0.1299242848799758,true,1e-06,false,loss,true
ieee30_structural_group_01_realization_02_seed_30202_8x8_held_out_seed30512003_coordinate_e0,ieee30_structural_group_01_realization_02_seed_30202_8x8,ieee30,ieee30_structural_group_01,2,30512003.0,coordinate_e0,balanced_magnitude,0.0052371692635331,0.0053375635039671,0.000100394240434,0.019169561910692,false,1e-06,false,win,true
ieee30_structural_group_01_realization_02_seed_30202_8x8_held_out_seed30512003_coordinate_e0,ieee30_structural_group_01_realization_02_seed_30202_8x8,ieee30,ieee30_structural_group_01,2,30512003.0,coordinate_e0,sensitivity_initial_mean,0.0052371692635331,0.0052112378118674,2.5931451665610165e-05,0.0049514251613315,false,1e-06,false,win,true
ieee30_structural_group_01_realization_02_seed_30202_8x8_held_out_seed30512003_signed_difference_e0_minus_e1,ieee30_structural_group_01_realization_02_seed_30202_8x8,ieee30,ieee30_structural_group_01,2,30512003.0,signed_difference_e0_minus_e1,balanced_magnitude,0.0037622189724998,0.0038953282243647,0.0001331092518649,0.0353805168805768,false,1e-06,false,win,true
ieee30_structural_group_01_realization_02_seed_30202_8x8_held_out_seed30512003_signed_difference_e0_minus_e1,ieee30_structural_group_01_realization_02_seed_30202_8x8,ieee30,ieee30_structural_group_01,2,30512003.0,signed_difference_e0_minus_e1,sensitivity_initial_mean,0.0037622189724998,0.0037510919430993,1.11270294004661e-05,0.0029575709127511,false,1e-06,false,win,true
ieee30_structural_group_01_realization_02_seed_30202_8x8_held_out_seed30512004_aggregate_e0_to_e3,ieee30_structural_group_01_realization_02_seed_30202_8x8,ieee30,ieee30_structural_group_01,2,30512004.0,aggregate_e0_to_e3,balanced_magnitude,-0.0014637407065402,-0.0013032663947314,0.0001604743118088,0.1096330183971744,true,1e-06,false,win,true
ieee30_structural_group_01_realization_02_seed_30202_8x8_held_out_seed30512004_aggregate_e0_to_e3,ieee30_structural_group_01_realization_02_seed_30202_8x8,ieee30,ieee30_structural_group_01,2,30512004.0,aggregate_e0_to_e3,sensitivity_initial_mean,-0.0014637407065402,-0.0013170255151756,0.0001467151913646,0.1002330472255924,true,1e-06,false,win,true
ieee30_structural_group_01_realization_02_seed_30202_8x8_held_out_seed30512004_coordinate_e0,ieee30_structural_group_01_realization_02_seed_30202_8x8,ieee30,ieee30_structural_group_01,2,30512004.0,coordinate_e0,balanced_magnitude,-0.00596665860046,-0.0061330320064143,0.0001663734059543,0.0278838487493713,false,1e-06,false,win,true
ieee30_structural_group_01_realization_02_seed_30202_8x8_held_out_seed30512004_coordinate_e0,ieee30_structural_group_01_realization_02_seed_30202_8x8,ieee30,ieee30_structural_group_01,2,30512004.0,coordinate_e0,sensitivity_initial_mean,-0.00596665860046,-0.0059532642095056,1.3394390954385093e-05,0.0022448730271499,false,1e-06,false,win,true
ieee30_structural_group_01_realization_02_seed_30202_8x8_held_out_seed30512004_signed_difference_e0_minus_e1,ieee30_structural_group_01_realization_02_seed_30202_8x8,ieee30,ieee30_structural_group_01,2,30512004.0,signed_difference_e0_minus_e1,balanced_magnitude,-0.00631769606494,-0.0065302726633371,0.000212576598397,0.0336478039164898,false,1e-06,false,win,true
ieee30_structural_group_01_realization_02_seed_30202_8x8_held_out_seed30512004_signed_difference_e0_minus_e1,ieee30_structural_group_01_realization_02_seed_30202_8x8,ieee30,ieee30_structural_group_01,2,30512004.0,signed_difference_e0_minus_e1,sensitivity_initial_mean,-0.00631769606494,-0.0063091934273377,8.502637602327348e-06,0.0013458446742179,false,1e-06,false,win,true
ieee30_structural_group_01_realization_02_seed_30202_8x8_held_out_seed30512005_aggregate_e0_to_e3,ieee30_structural_group_01_realization_02_seed_30202_8x8,ieee30,ieee30_structural_group_01,2,30512005.0,aggregate_e0_to_e3,balanced_magnitude,-0.0016455620466728,-0.0014922217108439,0.0001533403358289,0.0931841714136549,false,1e-06,false,win,true
ieee30_structural_group_01_realization_02_seed_30202_8x8_held_out_seed30512005_aggregate_e0_to_e3,ieee30_structural_group_01_realization_02_seed_30202_8x8,ieee30,ieee30_structural_group_01,2,30512005.0,aggregate_e0_to_e3,sensitivity_initial_mean,-0.0016455620466728,-0.001654347036929,8.784990256145058e-06,0.005338595572198,false,1e-06,false,win,true
ieee30_structural_group_01_realization_02_seed_30202_8x8_held_out_seed30512005_coordinate_e0,ieee30_structural_group_01_realization_02_seed_30202_8x8,ieee30,ieee30_structural_group_01,2,30512005.0,coordinate_e0,balanced_magnitude,-0.0018377038998572,-0.0017789267077892,5.8777192068073776e-05,0.0319840383821563,false,1e-06,false,win,true
ieee30_structural_group_01_realization_02_seed_30202_8x8_held_out_seed30512005_coordinate_e0,ieee30_structural_group_01_realization_02_seed_30202_8x8,ieee30,ieee30_structural_group_01,2,30512005.0,coordinate_e0,sensitivity_initial_mean,-0.0018377038998572,-0.0018393912276829,1.6873278256795791e-06,0.0009181717608645,false,1e-06,false,win,true
ieee30_structural_group_01_realization_02_seed_30202_8x8_held_out_seed30512005_signed_difference_e0_minus_e1,ieee30_structural_group_01_realization_02_seed_30202_8x8,ieee30,ieee30_structural_group_01,2,30512005.0,signed_difference_e0_minus_e1,balanced_magnitude,-0.0018124297399915,-0.0018316266211223,1.9196881130769446e-05,0.0105917932746231,false,1e-06,false,win,true
ieee30_structural_group_01_realization_02_seed_30202_8x8_held_out_seed30512005_signed_difference_e0_minus_e1,ieee30_structural_group_01_realization_02_seed_30202_8x8,ieee30,ieee30_structural_group_01,2,30512005.0,signed_difference_e0_minus_e1,sensitivity_initial_mean,-0.0018124297399915,-0.0018081534524191,4.276287572356876e-06,0.0023594225353953,false,1e-06,false,win,true
ieee30_structural_group_01_realization_02_seed_30202_8x8_held_out_seed30512006_aggregate_e0_to_e3,ieee30_structural_group_01_realization_02_seed_30202_8x8,ieee30,ieee30_structural_group_01,2,30512006.0,aggregate_e0_to_e3,balanced_magnitude,0.0004527128220532,0.0011330646602355,0.0006803518381822,1.5028331539110882,true,1e-06,false,loss,true
ieee30_structural_group_01_realization_02_seed_30202_8x8_held_out_seed30512006_aggregate_e0_to_e3,ieee30_structural_group_01_realization_02_seed_30202_8x8,ieee30,ieee30_structural_group_01,2,30512006.0,aggregate_e0_to_e3,sensitivity_initial_mean,0.0004527128220532,0.0011628400684117,0.0007101272463585,1.5686042271517529,true,1e-06,false,loss,true
ieee30_structural_group_01_realization_02_seed_30202_8x8_held_out_seed30512006_coordinate_e0,ieee30_structural_group_01_realization_02_seed_30202_8x8,ieee30,ieee30_structural_group_01,2,30512006.0,coordinate_e0,balanced_magnitude,-0.0125164790492194,-0.012307996427918,0.0002084826213014,0.0166566508425904,false,1e-06,false,loss,true
ieee30_structural_group_01_realization_02_seed_30202_8x8_held_out_seed30512006_coordinate_e0,ieee30_structural_group_01_realization_02_seed_30202_8x8,ieee30,ieee30_structural_group_01,2,30512006.0,coordinate_e0,sensitivity_initial_mean,-0.0125164790492194,-0.012069377181151,0.0004471018680684,0.0357210575202741,false,1e-06,false,loss,true
ieee30_structural_group_01_realization_02_seed_30202_8x8_held_out_seed30512006_signed_difference_e0_minus_e1,ieee30_structural_group_01_realization_02_seed_30202_8x8,ieee30,ieee30_structural_group_01,2,30512006.0,signed_difference_e0_minus_e1,balanced_magnitude,-0.0098506599653985,-0.009939324805312,8.86648399134899e-05,0.0090009035155953,false,1e-06,false,loss,true
ieee30_structural_group_01_realization_02_seed_30202_8x8_held_out_seed30512006_signed_difference_e0_minus_e1,ieee30_structural_group_01_realization_02_seed_30202_8x8,ieee30,ieee30_structural_group_01,2,30512006.0,signed_difference_e0_minus_e1,sensitivity_initial_mean,-0.0098506599653985,-0.0096061151345056,0.0002445448308929,0.0248252230563134,false,1e-06,false,loss,true
ieee30_structural_group_01_realization_02_seed_30202_8x8_held_out_seed30512007_aggregate_e0_to_e3,ieee30_structural_group_01_realization_02_seed_30202_8x8,ieee30,ieee30_structural_group_01,2,30512007.0,aggregate_e0_to_e3,balanced_magnitude,-0.0012169906891888,-0.0009444610703207,0.0002725296188681,0.2239373080575825,true,1e-06,false,win,true
ieee30_structural_group_01_realization_02_seed_30202_8x8_held_out_seed30512007_aggregate_e0_to_e3,ieee30_structural_group_01_realization_02_seed_30202_8x8,ieee30,ieee30_structural_group_01,2,30512007.0,aggregate_e0_to_e3,sensitivity_initial_mean,-0.0012169906891888,-0.0010269016103732,0.0001900890788156,0.1561960009261713,true,1e-06,false,win,true
ieee30_structural_group_01_realization_02_seed_30202_8x8_held_out_seed30512007_coordinate_e0,ieee30_structural_group_01_realization_02_seed_30202_8x8,ieee30,ieee30_structural_group_01,2,30512007.0,coordinate_e0,balanced_magnitude,-0.0004396417041982,-0.0002355474455519,0.0002040942586463,0.4642286132033452,true,1e-06,false,loss,true
ieee30_structural_group_01_realization_02_seed_30202_8x8_held_out_seed30512007_coordinate_e0,ieee30_structural_group_01_realization_02_seed_30202_8x8,ieee30,ieee30_structural_group_01,2,30512007.0,coordinate_e0,sensitivity_initial_mean,-0.0004396417041982,-0.0002033780003388,0.0002362637038593,0.5374005732468334,true,1e-06,false,loss,true
ieee30_structural_group_01_realization_02_seed_30202_8x8_held_out_seed30512007_signed_difference_e0_minus_e1,ieee30_structural_group_01_realization_02_seed_30202_8x8,ieee30,ieee30_structural_group_01,2,30512007.0,signed_difference_e0_minus_e1,balanced_magnitude,-0.0019354906851081,-0.0018530243329657,8.246635214240378e-05,0.042607465268062,false,1e-06,false,loss,true
ieee30_structural_group_01_realization_02_seed_30202_8x8_held_out_seed30512007_signed_difference_e0_minus_e1,ieee30_structural_group_01_realization_02_seed_30202_8x8,ieee30,ieee30_structural_group_01,2,30512007.0,signed_difference_e0_minus_e1,sensitivity_initial_mean,-0.0019354906851081,-0.0018013760906514,0.0001341145944567,0.0692922965161371,false,1e-06,false,loss,true
ieee30_structural_group_01_realization_02_seed_30202_8x8_held_out_seed30512008_aggregate_e0_to_e3,ieee30_structural_group_01_realization_02_seed_30202_8x8,ieee30,ieee30_structural_group_01,2,30512008.0,aggregate_e0_to_e3,balanced_magnitude,0.0012903584973212,0.0010873787094012,0.0002029797879199,0.157304956987811,true,1e-06,false,win,true
ieee30_structural_group_01_realization_02_seed_30202_8x8_held_out_seed30512008_aggregate_e0_to_e3,ieee30_structural_group_01_realization_02_seed_30202_8x8,ieee30,ieee30_structural_group_01,2,30512008.0,aggregate_e0_to_e3,sensitivity_initial_mean,0.0012903584973212,0.0011953446205368,9.501387678434794e-05,0.0736337048824774,false,1e-06,false,win,true
ieee30_structural_group_01_realization_02_seed_30202_8x8_held_out_seed30512008_coordinate_e0,ieee30_structural_group_01_realization_02_seed_30202_8x8,ieee30,ieee30_structural_group_01,2,30512008.0,coordinate_e0,balanced_magnitude,0.0005728523782103,0.0002867050871605,0.0002861472910497,0.499513141489824,true,1e-06,false,win,true
ieee30_structural_group_01_realization_02_seed_30202_8x8_held_out_seed30512008_coordinate_e0,ieee30_structural_group_01_realization_02_seed_30202_8x8,ieee30,ieee30_structural_group_01,2,30512008.0,coordinate_e0,sensitivity_initial_mean,0.0005728523782103,0.0004530023068846,0.0001198500713257,0.2092163284721984,true,1e-06,false,win,true
ieee30_structural_group_01_realization_02_seed_30202_8x8_held_out_seed30512008_signed_difference_e0_minus_e1,ieee30_structural_group_01_realization_02_seed_30202_8x8,ieee30,ieee30_structural_group_01,2,30512008.0,signed_difference_e0_minus_e1,balanced_magnitude,-0.0014369869819813,-0.0015982864361795,0.0001612994541981,0.1122483753998429,true,1e-06,false,win,true
ieee30_structural_group_01_realization_02_seed_30202_8x8_held_out_seed30512008_signed_difference_e0_minus_e1,ieee30_structural_group_01_realization_02_seed_30202_8x8,ieee30,ieee30_structural_group_01,2,30512008.0,signed_difference_e0_minus_e1,sensitivity_initial_mean,-0.0014369869819813,-0.0015051400845513,6.81531025699476e-05,0.0474277800874544,false,1e-06,false,win,true
ieee30_structural_group_01_realization_02_seed_30202_8x8_held_out_seed30512009_aggregate_e0_to_e3,ieee30_structural_group_01_realization_02_seed_30202_8x8,ieee30,ieee30_structural_group_01,2,30512009.0,aggregate_e0_to_e3,balanced_magnitude,-6.184122027244588e-05,0.0002706062644777,0.0003324474847502,5.375823492576851,true,1e-06,false,win,true
ieee30_structural_group_01_realization_02_seed_30202_8x8_held_out_seed30512009_aggregate_e0_to_e3,ieee30_structural_group_01_realization_02_seed_30202_8x8,ieee30,ieee30_structural_group_01,2,30512009.0,aggregate_e0_to_e3,sensitivity_initial_mean,-6.184122027244588e-05,0.0002668194077088,0.0003286606279812,5.314588336603653,true,1e-06,false,win,true
ieee30_structural_group_01_realization_02_seed_30202_8x8_held_out_seed30512009_coordinate_e0,ieee30_structural_group_01_realization_02_seed_30202_8x8,ieee30,ieee30_structural_group_01,2,30512009.0,coordinate_e0,balanced_magnitude,-0.009136686696031,-0.0091448475365431,8.160840512071513e-06,0.0008931947415485,false,1e-06,false,loss,true
ieee30_structural_group_01_realization_02_seed_30202_8x8_held_out_seed30512009_coordinate_e0,ieee30_structural_group_01_realization_02_seed_30202_8x8,ieee30,ieee30_structural_group_01,2,30512009.0,coordinate_e0,sensitivity_initial_mean,-0.009136686696031,-0.0090152614211043,0.0001214252749267,0.0132898586726703,false,1e-06,false,loss,true
ieee30_structural_group_01_realization_02_seed_30202_8x8_held_out_seed30512009_signed_difference_e0_minus_e1,ieee30_structural_group_01_realization_02_seed_30202_8x8,ieee30,ieee30_structural_group_01,2,30512009.0,signed_difference_e0_minus_e1,balanced_magnitude,-0.0066127391414174,-0.0067657128317814,0.000152973690364,0.023133180833633,false,1e-06,false,win,true
ieee30_structural_group_01_realization_02_seed_30202_8x8_held_out_seed30512009_signed_difference_e0_minus_e1,ieee30_structural_group_01_realization_02_seed_30202_8x8,ieee30,ieee30_structural_group_01,2,30512009.0,signed_difference_e0_minus_e1,sensitivity_initial_mean,-0.0066127391414174,-0.0065470310143525,6.570812706483981e-05,0.0099365974764211,false,1e-06,false,win,true
ieee30_structural_group_01_realization_02_seed_30202_8x8_held_out_seed30512010_aggregate_e0_to_e3,ieee30_structural_group_01_realization_02_seed_30202_8x8,ieee30,ieee30_structural_group_01,2,30512010.0,aggregate_e0_to_e3,balanced_magnitude,0.000115937826906,0.0001388687070119,2.2930880105914795e-05,0.1977860092590186,true,1e-06,false,loss,true
ieee30_structural_group_01_realization_02_seed_30202_8x8_held_out_seed30512010_aggregate_e0_to_e3,ieee30_structural_group_01_realization_02_seed_30202_8x8,ieee30,ieee30_structural_group_01,2,30512010.0,aggregate_e0_to_e3,sensitivity_initial_mean,0.000115937826906,0.0002335161998391,0.000117578372933,1.014150222328119,true,1e-06,false,loss,true
ieee30_structural_group_01_realization_02_seed_30202_8x8_held_out_seed30512010_coordinate_e0,ieee30_structural_group_01_realization_02_seed_30202_8x8,ieee30,ieee30_structural_group_01,2,30512010.0,coordinate_e0,balanced_magnitude,-0.0054630682068894,-0.0056974593525071,0.0002343911456176,0.0429046712838221,false,1e-06,false,win,true
ieee30_structural_group_01_realization_02_seed_30202_8x8_held_out_seed30512010_coordinate_e0,ieee30_structural_group_01_realization_02_seed_30202_8x8,ieee30,ieee30_structural_group_01,2,30512010.0,coordinate_e0,sensitivity_initial_mean,-0.0054630682068894,-0.0055086195281872,4.55513212978282e-05,0.0083380473339842,false,1e-06,false,win,true
ieee30_structural_group_01_realization_02_seed_30202_8x8_held_out_seed30512010_signed_difference_e0_minus_e1,ieee30_structural_group_01_realization_02_seed_30202_8x8,ieee30,ieee30_structural_group_01,2,30512010.0,signed_difference_e0_minus_e1,balanced_magnitude,-0.0047557220120113,-0.0049755864962295,0.0002198644842182,0.0462315677121107,false,1e-06,false,win,true
ieee30_structural_group_01_realization_02_seed_30202_8x8_held_out_seed30512010_signed_difference_e0_minus_e1,ieee30_structural_group_01_realization_02_seed_30202_8x8,ieee30,ieee30_structural_group_01,2,30512010.0,signed_difference_e0_minus_e1,sensitivity_initial_mean,-0.0047557220120113,-0.0047841556297465,2.843361773523147e-05,0.005978822492866,false,1e-06,false,win,true
ieee30_structural_group_01_realization_02_seed_30202_8x8_held_out_seed30512011_aggregate_e0_to_e3,ieee30_structural_group_01_realization_02_seed_30202_8x8,ieee30,ieee30_structural_group_01,2,30512011.0,aggregate_e0_to_e3,balanced_magnitude,0.0019036143049185,0.0018586269429545,4.498736196400935e-05,0.0236326034364053,false,1e-06,false,loss,true
ieee30_structural_group_01_realization_02_seed_30202_8x8_held_out_seed30512011_aggregate_e0_to_e3,ieee30_structural_group_01_realization_02_seed_30202_8x8,ieee30,ieee30_structural_group_01,2,30512011.0,aggregate_e0_to_e3,sensitivity_initial_mean,0.0019036143049185,0.0020198480118728,0.0001162337069543,0.0610594838744267,false,1e-06,false,loss,true
ieee30_structural_group_01_realization_02_seed_30202_8x8_held_out_seed30512011_coordinate_e0,ieee30_structural_group_01_realization_02_seed_30202_8x8,ieee30,ieee30_structural_group_01,2,30512011.0,coordinate_e0,balanced_magnitude,0.0025838786939524,0.0026994586731756,0.0001155799792232,0.0447311940354382,false,1e-06,false,loss,true
ieee30_structural_group_01_realization_02_seed_30202_8x8_held_out_seed30512011_coordinate_e0,ieee30_structural_group_01_realization_02_seed_30202_8x8,ieee30,ieee30_structural_group_01,2,30512011.0,coordinate_e0,sensitivity_initial_mean,0.0025838786939524,0.002725283097222,0.0001414044032696,0.0547256353793122,false,1e-06,false,loss,true
ieee30_structural_group_01_realization_02_seed_30202_8x8_held_out_seed30512011_signed_difference_e0_minus_e1,ieee30_structural_group_01_realization_02_seed_30202_8x8,ieee30,ieee30_structural_group_01,2,30512011.0,signed_difference_e0_minus_e1,balanced_magnitude,0.0027823707018638,0.002916698709487,0.0001343280076232,0.0482782569314824,false,1e-06,false,win,true
ieee30_structural_group_01_realization_02_seed_30202_8x8_held_out_seed30512011_signed_difference_e0_minus_e1,ieee30_structural_group_01_realization_02_seed_30202_8x8,ieee30,ieee30_structural_group_01,2,30512011.0,signed_difference_e0_minus_e1,sensitivity_initial_mean,0.0027823707018638,0.0028549905388781,7.261983701426639e-05,0.0260999862331856,false,1e-06,false,win,true
ieee30_structural_group_01_realization_02_seed_30202_8x8_held_out_seed30512012_aggregate_e0_to_e3,ieee30_structural_group_01_realization_02_seed_30202_8x8,ieee30,ieee30_structural_group_01,2,30512012.0,aggregate_e0_to_e3,balanced_magnitude,-0.000830223107269,-0.000550434175097,0.0002797889321719,0.3370045108625081,true,1e-06,false,win,true
ieee30_structural_group_01_realization_02_seed_30202_8x8_held_out_seed30512012_aggregate_e0_to_e3,ieee30_structural_group_01_realization_02_seed_30202_8x8,ieee30,ieee30_structural_group_01,2,30512012.0,aggregate_e0_to_e3,sensitivity_initial_mean,-0.000830223107269,-0.0005721855332458,0.0002580375740232,0.3108050977670588,true,1e-06,false,win,true
ieee30_structural_group_01_realization_02_seed_30202_8x8_held_out_seed30512012_coordinate_e0,ieee30_structural_group_01_realization_02_seed_30202_8x8,ieee30,ieee30_structural_group_01,2,30512012.0,coordinate_e0,balanced_magnitude,-0.0091280417902376,-0.0092447615192867,0.0001167197290491,0.0127869406967376,false,1e-06,false,win,true
ieee30_structural_group_01_realization_02_seed_30202_8x8_held_out_seed30512012_coordinate_e0,ieee30_structural_group_01_realization_02_seed_30202_8x8,ieee30,ieee30_structural_group_01,2,30512012.0,coordinate_e0,sensitivity_initial_mean,-0.0091280417902376,-0.0090774659201175,5.057587012015537e-05,0.0055407141293158,false,1e-06,false,win,true
ieee30_structural_group_01_realization_02_seed_30202_8x8_held_out_seed30512012_signed_difference_e0_minus_e1,ieee30_structural_group_01_realization_02_seed_30202_8x8,ieee30,ieee30_structural_group_01,2,30512012.0,signed_difference_e0_minus_e1,balanced_magnitude,-0.007614836351423,-0.0078405782812805,0.0002257419298574,0.0296450139490198,false,1e-06,false,win,true
ieee30_structural_group_01_realization_02_seed_30202_8x8_held_out_seed30512012_signed_difference_e0_minus_e1,ieee30_structural_group_01_realization_02_seed_30202_8x8,ieee30,ieee30_structural_group_01,2,30512012.0,signed_difference_e0_minus_e1,sensitivity_initial_mean,-0.007614836351423,-0.0075867517745388,2.808457688424724e-05,0.0036881392571225,false,1e-06,false,win,true
ieee30_structural_group_01_realization_02_seed_30202_8x8_held_out_seed30512013_aggregate_e0_to_e3,ieee30_structural_group_01_realization_02_seed_30202_8x8,ieee30,ieee30_structural_group_01,2,30512013.0,aggregate_e0_to_e3,balanced_magnitude,-0.0013029668587357,-0.0013026785808935,2.882778421854377e-07,0.0002212472560239,false,1e-06,false,loss,true
ieee30_structural_group_01_realization_02_seed_30202_8x8_held_out_seed30512013_aggregate_e0_to_e3,ieee30_structural_group_01_realization_02_seed_30202_8x8,ieee30,ieee30_structural_group_01,2,30512013.0,aggregate_e0_to_e3,sensitivity_initial_mean,-0.0013029668587357,-0.0012667639858367,3.620287289907067e-05,0.0277849529758546,false,1e-06,false,loss,true
ieee30_structural_group_01_realization_02_seed_30202_8x8_held_out_seed30512013_coordinate_e0,ieee30_structural_group_01_realization_02_seed_30202_8x8,ieee30,ieee30_structural_group_01,2,30512013.0,coordinate_e0,balanced_magnitude,-0.0032959553861844,-0.0035170978342109,0.0002211424480264,0.0670950975105403,false,1e-06,false,win,true
ieee30_structural_group_01_realization_02_seed_30202_8x8_held_out_seed30512013_coordinate_e0,ieee30_structural_group_01_realization_02_seed_30202_8x8,ieee30,ieee30_structural_group_01,2,30512013.0,coordinate_e0,sensitivity_initial_mean,-0.0032959553861844,-0.0033511231896258,5.516780344135691e-05,0.0167380310038788,false,1e-06,false,win,true
ieee30_structural_group_01_realization_02_seed_30202_8x8_held_out_seed30512013_signed_difference_e0_minus_e1,ieee30_structural_group_01_realization_02_seed_30202_8x8,ieee30,ieee30_structural_group_01,2,30512013.0,signed_difference_e0_minus_e1,balanced_magnitude,-0.0041736895783337,-0.0043668781269577,0.000193188548624,0.0462872345914011,false,1e-06,false,win,true
ieee30_structural_group_01_realization_02_seed_30202_8x8_held_out_seed30512013_signed_difference_e0_minus_e1,ieee30_structural_group_01_realization_02_seed_30202_8x8,ieee30,ieee30_structural_group_01,2,30512013.0,signed_difference_e0_minus_e1,sensitivity_initial_mean,-0.0041736895783337,-0.0042043930596842,3.0703481350540136e-05,0.007356436259641,false,1e-06,false,win,true
ieee30_structural_group_01_realization_02_seed_30202_8x8_held_out_seed30512014_aggregate_e0_to_e3,ieee30_structural_group_01_realization_02_seed_30202_8x8,ieee30,ieee30_structural_group_01,2,30512014.0,aggregate_e0_to_e3,balanced_magnitude,0.001824250681208,0.0018267658480895,2.5151668814778465e-06,0.0013787397244178,false,1e-06,false,loss,true
ieee30_structural_group_01_realization_02_seed_30202_8x8_held_out_seed30512014_aggregate_e0_to_e3,ieee30_structural_group_01_realization_02_seed_30202_8x8,ieee30,ieee30_structural_group_01,2,30512014.0,aggregate_e0_to_e3,sensitivity_initial_mean,0.001824250681208,0.0019586398294023,0.0001343891481943,0.0736681365004724,false,1e-06,false,loss,true
ieee30_structural_group_01_realization_02_seed_30202_8x8_held_out_seed30512014_coordinate_e0,ieee30_structural_group_01_realization_02_seed_30202_8x8,ieee30,ieee30_structural_group_01,2,30512014.0,coordinate_e0,balanced_magnitude,0.0038708262266041,0.0040216308676933,0.0001508046410892,0.03895928989339,false,1e-06,false,loss,true
ieee30_structural_group_01_realization_02_seed_30202_8x8_held_out_seed30512014_coordinate_e0,ieee30_structural_group_01_realization_02_seed_30202_8x8,ieee30,ieee30_structural_group_01,2,30512014.0,coordinate_e0,sensitivity_initial_mean,0.0038708262266041,0.0040840698613851,0.0002132436347809,0.0550899529705969,false,1e-06,false,loss,true
ieee30_structural_group_01_realization_02_seed_30202_8x8_held_out_seed30512014_signed_difference_e0_minus_e1,ieee30_structural_group_01_realization_02_seed_30202_8x8,ieee30,ieee30_structural_group_01,2,30512014.0,signed_difference_e0_minus_e1,balanced_magnitude,0.0022741191882191,0.002430538084658,0.0001564188964389,0.0687821892754027,false,1e-06,false,win,true
ieee30_structural_group_01_realization_02_seed_30202_8x8_held_out_seed30512014_signed_difference_e0_minus_e1,ieee30_structural_group_01_realization_02_seed_30202_8x8,ieee30,ieee30_structural_group_01,2,30512014.0,signed_difference_e0_minus_e1,sensitivity_initial_mean,0.0022741191882191,0.0023885459608304,0.0001144267726113,0.050316963686032,false,1e-06,false,win,true
ieee30_structural_group_01_realization_02_seed_30202_8x8_held_out_seed30512015_aggregate_e0_to_e3,ieee30_structural_group_01_realization_02_seed_30202_8x8,ieee30,ieee30_structural_group_01,2,30512015.0,aggregate_e0_to_e3,balanced_magnitude,-0.0005005390685436,-0.0005650039990044,6.446493046073079e-05,0.1287910065607689,true,1e-06,false,win,true
ieee30_structural_group_01_realization_02_seed_30202_8x8_held_out_seed30512015_aggregate_e0_to_e3,ieee30_structural_group_01_realization_02_seed_30202_8x8,ieee30,ieee30_structural_group_01,2,30512015.0,aggregate_e0_to_e3,sensitivity_initial_mean,-0.0005005390685436,-0.0005580250956752,5.7486027131574695e-05,0.1148482321246771,true,1e-06,false,win,true
ieee30_structural_group_01_realization_02_seed_30202_8x8_held_out_seed30512015_coordinate_e0,ieee30_structural_group_01_realization_02_seed_30202_8x8,ieee30,ieee30_structural_group_01,2,30512015.0,coordinate_e0,balanced_magnitude,0.0033193214425629,0.0033599430714865,4.06216289235645e-05,0.0122379316455109,false,1e-06,false,win,true
ieee30_structural_group_01_realization_02_seed_30202_8x8_held_out_seed30512015_coordinate_e0,ieee30_structural_group_01_realization_02_seed_30202_8x8,ieee30,ieee30_structural_group_01,2,30512015.0,coordinate_e0,sensitivity_initial_mean,0.0033193214425629,0.0033458235422429,2.6502099679945584e-05,0.0079841919918073,false,1e-06,false,win,true
ieee30_structural_group_01_realization_02_seed_30202_8x8_held_out_seed30512015_signed_difference_e0_minus_e1,ieee30_structural_group_01_realization_02_seed_30202_8x8,ieee30,ieee30_structural_group_01,2,30512015.0,signed_difference_e0_minus_e1,balanced_magnitude,0.0018651244577976,0.0019364089955476,7.128453774997239e-05,0.0382197217198817,false,1e-06,false,win,true
ieee30_structural_group_01_realization_02_seed_30202_8x8_held_out_seed30512015_signed_difference_e0_minus_e1,ieee30_structural_group_01_realization_02_seed_30202_8x8,ieee30,ieee30_structural_group_01,2,30512015.0,signed_difference_e0_minus_e1,sensitivity_initial_mean,0.0018651244577976,0.0018803665856864,1.5242127888813418e-05,0.0081721773713756,false,1e-06,false,win,true
ieee30_structural_group_01_realization_02_seed_30202_8x8_held_out_seed30512016_aggregate_e0_to_e3,ieee30_structural_group_01_realization_02_seed_30202_8x8,ieee30,ieee30_structural_group_01,2,30512016.0,aggregate_e0_to_e3,balanced_magnitude,0.0008062982395705,0.0008349580735786,2.8659834008103137e-05,0.0355449542136748,false,1e-06,false,loss,true
ieee30_structural_group_01_realization_02_seed_30202_8x8_held_out_seed30512016_aggregate_e0_to_e3,ieee30_structural_group_01_realization_02_seed_30202_8x8,ieee30,ieee30_structural_group_01,2,30512016.0,aggregate_e0_to_e3,sensitivity_initial_mean,0.0008062982395705,0.0009279179564258,0.0001216197168552,0.150837135549316,true,1e-06,false,loss,true
ieee30_structural_group_01_realization_02_seed_30202_8x8_held_out_seed30512016_coordinate_e0,ieee30_structural_group_01_realization_02_seed_30202_8x8,ieee30,ieee30_structural_group_01,2,30512016.0,coordinate_e0,balanced_magnitude,-0.0029939375010885,-0.0030652226399649,7.128513887635825e-05,0.0238098286455344,false,1e-06,false,win,true
ieee30_structural_group_01_realization_02_seed_30202_8x8_held_out_seed30512016_coordinate_e0,ieee30_structural_group_01_realization_02_seed_30202_8x8,ieee30,ieee30_structural_group_01,2,30512016.0,coordinate_e0,sensitivity_initial_mean,-0.0029939375010885,-0.0029740686897395,1.9868811349015893e-05,0.0066363480673166,false,1e-06,false,win,true
ieee30_structural_group_01_realization_02_seed_30202_8x8_held_out_seed30512016_signed_difference_e0_minus_e1,ieee30_structural_group_01_realization_02_seed_30202_8x8,ieee30,ieee30_structural_group_01,2,30512016.0,signed_difference_e0_minus_e1,balanced_magnitude,-0.0018950132725923,-0.0019698784594419,7.486518684966326e-05,0.0395064182042638,false,1e-06,false,win,true
ieee30_structural_group_01_realization_02_seed_30202_8x8_held_out_seed30512016_signed_difference_e0_minus_e1,ieee30_structural_group_01_realization_02_seed_30202_8x8,ieee30,ieee30_structural_group_01,2,30512016.0,signed_difference_e0_minus_e1,sensitivity_initial_mean,-0.0018950132725923,-0.0018875325301405,7.480742451758306e-06,0.0039475936976023,false,1e-06,false,win,true
ieee30_structural_group_01_realization_02_seed_30202_8x8_held_out_seed30512017_aggregate_e0_to_e3,ieee30_structural_group_01_realization_02_seed_30202_8x8,ieee30,ieee30_structural_group_01,2,30512017.0,aggregate_e0_to_e3,balanced_magnitude,0.0017610553235338,0.0020678550544817,0.0003067997309478,0.1742135677669738,true,1e-06,false,loss,true
ieee30_structural_group_01_realization_02_seed_30202_8x8_held_out_seed30512017_aggregate_e0_to_e3,ieee30_structural_group_01_realization_02_seed_30202_8x8,ieee30,ieee30_structural_group_01,2,30512017.0,aggregate_e0_to_e3,sensitivity_initial_mean,0.0017610553235338,0.0021904642244783,0.0004294089009444,0.2438361221286163,true,1e-06,false,loss,true
ieee30_structural_group_01_realization_02_seed_30202_8x8_held_out_seed30512017_coordinate_e0,ieee30_structural_group_01_realization_02_seed_30202_8x8,ieee30,ieee30_structural_group_01,2,30512017.0,coordinate_e0,balanced_magnitude,-0.0048295323889927,-0.0046531321416301,0.0001764002473626,0.036525326502557,false,1e-06,false,loss,true
ieee30_structural_group_01_realization_02_seed_30202_8x8_held_out_seed30512017_coordinate_e0,ieee30_structural_group_01_realization_02_seed_30202_8x8,ieee30,ieee30_structural_group_01,2,30512017.0,coordinate_e0,sensitivity_initial_mean,-0.0048295323889927,-0.0045239731418048,0.0003055592471878,0.0632689094050392,false,1e-06,false,loss,true
ieee30_structural_group_01_realization_02_seed_30202_8x8_held_out_seed30512017_signed_difference_e0_minus_e1,ieee30_structural_group_01_realization_02_seed_30202_8x8,ieee30,ieee30_structural_group_01,2,30512017.0,signed_difference_e0_minus_e1,balanced_magnitude,-0.0030482988458553,-0.0030082603671502,4.0038478705098184e-05,0.0131346960156275,false,1e-06,false,loss,true
ieee30_structural_group_01_realization_02_seed_30202_8x8_held_out_seed30512017_signed_difference_e0_minus_e1,ieee30_structural_group_01_realization_02_seed_30202_8x8,ieee30,ieee30_structural_group_01,2,30512017.0,signed_difference_e0_minus_e1,sensitivity_initial_mean,-0.0030482988458553,-0.0028846257942236,0.0001636730516316,0.0536932433164086,false,1e-06,false,loss,true
ieee30_structural_group_01_realization_02_seed_30202_8x8_held_out_seed30512018_aggregate_e0_to_e3,ieee30_structural_group_01_realization_02_seed_30202_8x8,ieee30,ieee30_structural_group_01,2,30512018.0,aggregate_e0_to_e3,balanced_magnitude,0.0005673689306635,0.0005425143083375,2.4854622325994275e-05,0.0438068089081444,false,1e-06,false,loss,true
ieee30_structural_group_01_realization_02_seed_30202_8x8_held_out_seed30512018_aggregate_e0_to_e3,ieee30_structural_group_01_realization_02_seed_30202_8x8,ieee30,ieee30_structural_group_01,2,30512018.0,aggregate_e0_to_e3,sensitivity_initial_mean,0.0005673689306635,0.0005352260552284,3.214287543507608e-05,0.056652512497445,false,1e-06,false,loss,true
ieee30_structural_group_01_realization_02_seed_30202_8x8_held_out_seed30512018_coordinate_e0,ieee30_structural_group_01_realization_02_seed_30202_8x8,ieee30,ieee30_structural_group_01,2,30512018.0,coordinate_e0,balanced_magnitude,-0.0009867885296153,-0.0010860625380827,9.927400846741936e-05,0.1006031236562101,true,1e-06,false,win,true
ieee30_structural_group_01_realization_02_seed_30202_8x8_held_out_seed30512018_coordinate_e0,ieee30_structural_group_01_realization_02_seed_30202_8x8,ieee30,ieee30_structural_group_01,2,30512018.0,coordinate_e0,sensitivity_initial_mean,-0.0009867885296153,-0.0010443562841849,5.756775456962262e-05,0.0583384918266779,false,1e-06,false,win,true
ieee30_structural_group_01_realization_02_seed_30202_8x8_held_out_seed30512018_signed_difference_e0_minus_e1,ieee30_structural_group_01_realization_02_seed_30202_8x8,ieee30,ieee30_structural_group_01,2,30512018.0,signed_difference_e0_minus_e1,balanced_magnitude,-0.0013126634926778,-0.0013922153386776,7.955184599979623e-05,0.0606033811738823,false,1e-06,false,win,true
ieee30_structural_group_01_realization_02_seed_30202_8x8_held_out_seed30512018_signed_difference_e0_minus_e1,ieee30_structural_group_01_realization_02_seed_30202_8x8,ieee30,ieee30_structural_group_01,2,30512018.0,signed_difference_e0_minus_e1,sensitivity_initial_mean,-0.0013126634926778,-0.001343925037868,3.126154519018996e-05,0.0238153535651515,false,1e-06,false,win,true
ieee30_structural_group_01_realization_02_seed_30202_8x8_held_out_seed30512019_aggregate_e0_to_e3,ieee30_structural_group_01_realization_02_seed_30202_8x8,ieee30,ieee30_structural_group_01,2,30512019.0,aggregate_e0_to_e3,balanced_magnitude,0.0019342294469786,0.001685294771561,0.0002489346754176,0.1286996616696467,true,1e-06,false,win,true
ieee30_structural_group_01_realization_02_seed_30202_8x8_held_out_seed30512019_aggregate_e0_to_e3,ieee30_structural_group_01_realization_02_seed_30202_8x8,ieee30,ieee30_structural_group_01,2,30512019.0,aggregate_e0_to_e3,sensitivity_initial_mean,0.0019342294469786,0.0018990215850884,3.5207861890234953e-05,0.018202526047378,false,1e-06,false,win,true
ieee30_structural_group_01_realization_02_seed_30202_8x8_held_out_seed30512019_coordinate_e0,ieee30_structural_group_01_realization_02_seed_30202_8x8,ieee30,ieee30_structural_group_01,2,30512019.0,coordinate_e0,balanced_magnitude,0.0046992499790043,0.0045787565978743,0.00012049338113,0.0256409813626366,false,1e-06,false,win,true
ieee30_structural_group_01_realization_02_seed_30202_8x8_held_out_seed30512019_coordinate_e0,ieee30_structural_group_01_realization_02_seed_30202_8x8,ieee30,ieee30_structural_group_01,2,30512019.0,coordinate_e0,sensitivity_initial_mean,0.0046992499790043,0.0047191816236474,1.993164464311921e-05,0.004241452302425,false,1e-06,false,win,true
ieee30_structural_group_01_realization_02_seed_30202_8x8_held_out_seed30512019_signed_difference_e0_minus_e1,ieee30_structural_group_01_realization_02_seed_30202_8x8,ieee30,ieee30_structural_group_01,2,30512019.0,signed_difference_e0_minus_e1,balanced_magnitude,0.0022783411742741,0.0022968702341002,1.852905982615942e-05,0.0081326976114816,false,1e-06,false,win,true
ieee30_structural_group_01_realization_02_seed_30202_8x8_held_out_seed30512019_signed_difference_e0_minus_e1,ieee30_structural_group_01_realization_02_seed_30202_8x8,ieee30,ieee30_structural_group_01,2,30512019.0,signed_difference_e0_minus_e1,sensitivity_initial_mean,0.0022783411742741,0.0022840530674145,5.711893140405641e-06,0.0025070402997151,false,1e-06,false,win,true
ieee30_structural_group_02_realization_01_seed_30201_8x8_held_out_seed30522000_aggregate_e0_to_e3,ieee30_structural_group_02_realization_01_seed_30201_8x8,ieee30,ieee30_structural_group_02,1,30522000.0,aggregate_e0_to_e3,balanced_magnitude,0.0001761483117631,-0.0013578847993676,0.0015340331111308,8.708758521590465,true,1e-06,false,loss,true
ieee30_structural_group_02_realization_01_seed_30201_8x8_held_out_seed30522000_aggregate_e0_to_e3,ieee30_structural_group_02_realization_01_seed_30201_8x8,ieee30,ieee30_structural_group_02,1,30522000.0,aggregate_e0_to_e3,sensitivity_initial_mean,0.0001761483117631,-0.0014752232055779,0.001651371517341,9.374892673180222,true,1e-06,false,loss,true
ieee30_structural_group_02_realization_01_seed_30201_8x8_held_out_seed30522000_coordinate_e0,ieee30_structural_group_02_realization_01_seed_30201_8x8,ieee30,ieee30_structural_group_02,1,30522000.0,coordinate_e0,balanced_magnitude,0.0016204348352373,0.0011097013839221,0.0005107334513151,0.3151829621339725,true,1e-06,false,win,true
ieee30_structural_group_02_realization_01_seed_30201_8x8_held_out_seed30522000_coordinate_e0,ieee30_structural_group_02_realization_01_seed_30201_8x8,ieee30,ieee30_structural_group_02,1,30522000.0,coordinate_e0,sensitivity_initial_mean,0.0016204348352373,0.0014727543215573,0.0001476805136799,0.0911363483853834,false,1e-06,false,win,true
ieee30_structural_group_02_realization_01_seed_30201_8x8_held_out_seed30522000_signed_difference_e0_minus_e1,ieee30_structural_group_02_realization_01_seed_30201_8x8,ieee30,ieee30_structural_group_02,1,30522000.0,signed_difference_e0_minus_e1,balanced_magnitude,0.0023968932395439,0.0023200098818789,7.688335766500593e-05,0.0320762545434169,false,1e-06,false,loss,true
ieee30_structural_group_02_realization_01_seed_30201_8x8_held_out_seed30522000_signed_difference_e0_minus_e1,ieee30_structural_group_02_realization_01_seed_30201_8x8,ieee30,ieee30_structural_group_02,1,30522000.0,signed_difference_e0_minus_e1,sensitivity_initial_mean,0.0023968932395439,0.0024848812178539,8.798797831002661e-05,0.0367091770540305,false,1e-06,false,loss,true
ieee30_structural_group_02_realization_01_seed_30201_8x8_held_out_seed30522001_aggregate_e0_to_e3,ieee30_structural_group_02_realization_01_seed_30201_8x8,ieee30,ieee30_structural_group_02,1,30522001.0,aggregate_e0_to_e3,balanced_magnitude,5.400570811828621e-05,0.0002845534471646,0.0002305477390463,4.268951321616199,true,1e-06,false,loss,true
ieee30_structural_group_02_realization_01_seed_30201_8x8_held_out_seed30522001_aggregate_e0_to_e3,ieee30_structural_group_02_realization_01_seed_30201_8x8,ieee30,ieee30_structural_group_02,1,30522001.0,aggregate_e0_to_e3,sensitivity_initial_mean,5.400570811828621e-05,-0.0003024092496538,0.0003564149577721,6.599579381340293,true,1e-06,false,loss,true
ieee30_structural_group_02_realization_01_seed_30201_8x8_held_out_seed30522001_coordinate_e0,ieee30_structural_group_02_realization_01_seed_30201_8x8,ieee30,ieee30_structural_group_02,1,30522001.0,coordinate_e0,balanced_magnitude,-0.0025348198936732,-0.0024274029645003,0.0001074169291729,0.0423765528434649,false,1e-06,false,win,true
ieee30_structural_group_02_realization_01_seed_30201_8x8_held_out_seed30522001_coordinate_e0,ieee30_structural_group_02_realization_01_seed_30201_8x8,ieee30,ieee30_structural_group_02,1,30522001.0,coordinate_e0,sensitivity_initial_mean,-0.0025348198936732,-0.0026190998344262,8.427994075296732e-05,0.0332488872141662,false,1e-06,false,win,true
ieee30_structural_group_02_realization_01_seed_30201_8x8_held_out_seed30522001_signed_difference_e0_minus_e1,ieee30_structural_group_02_realization_01_seed_30201_8x8,ieee30,ieee30_structural_group_02,1,30522001.0,signed_difference_e0_minus_e1,balanced_magnitude,-0.0046368875473309,-0.0047161721743359,7.928462700507004e-05,0.0170986736675785,false,1e-06,false,loss,true
ieee30_structural_group_02_realization_01_seed_30201_8x8_held_out_seed30522001_signed_difference_e0_minus_e1,ieee30_structural_group_02_realization_01_seed_30201_8x8,ieee30,ieee30_structural_group_02,1,30522001.0,signed_difference_e0_minus_e1,sensitivity_initial_mean,-0.0046368875473309,-0.0047635668654414,0.0001266793181104,0.0273199030205945,false,1e-06,false,loss,true
ieee30_structural_group_02_realization_01_seed_30201_8x8_held_out_seed30522002_aggregate_e0_to_e3,ieee30_structural_group_02_realization_01_seed_30201_8x8,ieee30,ieee30_structural_group_02,1,30522002.0,aggregate_e0_to_e3,balanced_magnitude,0.0027366007460334,0.0021362307195429,0.0006003700264904,0.2193853185784095,true,1e-06,false,loss,true
ieee30_structural_group_02_realization_01_seed_30201_8x8_held_out_seed30522002_aggregate_e0_to_e3,ieee30_structural_group_02_realization_01_seed_30201_8x8,ieee30,ieee30_structural_group_02,1,30522002.0,aggregate_e0_to_e3,sensitivity_initial_mean,0.0027366007460334,0.0019306154397458,0.0008059853062876,0.2945206046062222,true,1e-06,false,loss,true
ieee30_structural_group_02_realization_01_seed_30201_8x8_held_out_seed30522002_coordinate_e0,ieee30_structural_group_02_realization_01_seed_30201_8x8,ieee30,ieee30_structural_group_02,1,30522002.0,coordinate_e0,balanced_magnitude,-0.001324001490597,-0.0017028890216855,0.0003788875310884,0.2861685079505678,true,1e-06,false,win,true
ieee30_structural_group_02_realization_01_seed_30201_8x8_held_out_seed30522002_coordinate_e0,ieee30_structural_group_02_realization_01_seed_30201_8x8,ieee30,ieee30_structural_group_02,1,30522002.0,coordinate_e0,sensitivity_initial_mean,-0.001324001490597,-0.001445518467011,0.0001215169764139,0.0917800903374794,false,1e-06,false,win,true
ieee30_structural_group_02_realization_01_seed_30201_8x8_held_out_seed30522002_signed_difference_e0_minus_e1,ieee30_structural_group_02_realization_01_seed_30201_8x8,ieee30,ieee30_structural_group_02,1,30522002.0,signed_difference_e0_minus_e1,balanced_magnitude,-0.0028600861842808,-0.0025714713530051,0.0002886148312757,0.100911235773924,true,1e-06,false,loss,true
ieee30_structural_group_02_realization_01_seed_30201_8x8_held_out_seed30522002_signed_difference_e0_minus_e1,ieee30_structural_group_02_realization_01_seed_30201_8x8,ieee30,ieee30_structural_group_02,1,30522002.0,signed_difference_e0_minus_e1,sensitivity_initial_mean,-0.0028600861842808,-0.0025189042048679,0.0003411819794129,0.119290803643644,true,1e-06,false,loss,true
ieee30_structural_group_02_realization_01_seed_30201_8x8_held_out_seed30522003_aggregate_e0_to_e3,ieee30_structural_group_02_realization_01_seed_30201_8x8,ieee30,ieee30_structural_group_02,1,30522003.0,aggregate_e0_to_e3,balanced_magnitude,0.0012877163089663,0.001872929973264,0.0005852136642976,0.4544585326929475,true,1e-06,false,win,true
ieee30_structural_group_02_realization_01_seed_30201_8x8_held_out_seed30522003_aggregate_e0_to_e3,ieee30_structural_group_02_realization_01_seed_30201_8x8,ieee30,ieee30_structural_group_02,1,30522003.0,aggregate_e0_to_e3,sensitivity_initial_mean,0.0012877163089663,0.0010437657692302,0.0002439505397361,0.1894443194028828,true,1e-06,false,win,true
ieee30_structural_group_02_realization_01_seed_30201_8x8_held_out_seed30522003_coordinate_e0,ieee30_structural_group_02_realization_01_seed_30201_8x8,ieee30,ieee30_structural_group_02,1,30522003.0,coordinate_e0,balanced_magnitude,0.0017373865235225,0.0021962849824259,0.0004588984589034,0.264131471431575,true,1e-06,false,win,true
ieee30_structural_group_02_realization_01_seed_30201_8x8_held_out_seed30522003_coordinate_e0,ieee30_structural_group_02_realization_01_seed_30201_8x8,ieee30,ieee30_structural_group_02,1,30522003.0,coordinate_e0,sensitivity_initial_mean,0.0017373865235225,0.0016486625251998,8.872399832272849e-05,0.0510675069257696,false,1e-06,false,win,true
ieee30_structural_group_02_realization_01_seed_30201_8x8_held_out_seed30522003_signed_difference_e0_minus_e1,ieee30_structural_group_02_realization_01_seed_30201_8x8,ieee30,ieee30_structural_group_02,1,30522003.0,signed_difference_e0_minus_e1,balanced_magnitude,0.0024650200754014,0.0030413858113696,0.0005763657359681,0.2338178669292372,true,1e-06,false,win,true
ieee30_structural_group_02_realization_01_seed_30201_8x8_held_out_seed30522003_signed_difference_e0_minus_e1,ieee30_structural_group_02_realization_01_seed_30201_8x8,ieee30,ieee30_structural_group_02,1,30522003.0,signed_difference_e0_minus_e1,sensitivity_initial_mean,0.0024650200754014,0.0025675501798585,0.000102530104457,0.0415940241137037,false,1e-06,false,win,true
ieee30_structural_group_02_realization_01_seed_30201_8x8_held_out_seed30522004_aggregate_e0_to_e3,ieee30_structural_group_02_realization_01_seed_30201_8x8,ieee30,ieee30_structural_group_02,1,30522004.0,aggregate_e0_to_e3,balanced_magnitude,-0.0003918037507782,-5.440967826404199e-05,0.0003373940725142,0.861130277196257,true,1e-06,false,loss,true
ieee30_structural_group_02_realization_01_seed_30201_8x8_held_out_seed30522004_aggregate_e0_to_e3,ieee30_structural_group_02_realization_01_seed_30201_8x8,ieee30,ieee30_structural_group_02,1,30522004.0,aggregate_e0_to_e3,sensitivity_initial_mean,-0.0003918037507782,0.0009288027482649,0.0013206064990431,3.370581563908023,true,1e-06,false,loss,true
ieee30_structural_group_02_realization_01_seed_30201_8x8_held_out_seed30522004_coordinate_e0,ieee30_structural_group_02_realization_01_seed_30201_8x8,ieee30,ieee30_structural_group_02,1,30522004.0,coordinate_e0,balanced_magnitude,-0.0009628936396805,-0.0008662728600579,9.662077962258648e-05,0.1003441871883652,true,1e-06,false,loss,true
ieee30_structural_group_02_realization_01_seed_30201_8x8_held_out_seed30522004_coordinate_e0,ieee30_structural_group_02_realization_01_seed_30201_8x8,ieee30,ieee30_structural_group_02,1,30522004.0,coordinate_e0,sensitivity_initial_mean,-0.0009628936396805,-0.0008641999898293,9.86936498511557e-05,0.1024969381705578,true,1e-06,false,loss,true
ieee30_structural_group_02_realization_01_seed_30201_8x8_held_out_seed30522004_signed_difference_e0_minus_e1,ieee30_structural_group_02_realization_01_seed_30201_8x8,ieee30,ieee30_structural_group_02,1,30522004.0,signed_difference_e0_minus_e1,balanced_magnitude,-0.0015569426825004,-0.0015767509086298,1.980822612934535e-05,0.0127225146769904,false,1e-06,false,loss,true
ieee30_structural_group_02_realization_01_seed_30201_8x8_held_out_seed30522004_signed_difference_e0_minus_e1,ieee30_structural_group_02_realization_01_seed_30201_8x8,ieee30,ieee30_structural_group_02,1,30522004.0,signed_difference_e0_minus_e1,sensitivity_initial_mean,-0.0015569426825004,-0.0014433498464644,0.000113592836036,0.0729589067810883,false,1e-06,false,loss,true
ieee30_structural_group_02_realization_01_seed_30201_8x8_held_out_seed30522005_aggregate_e0_to_e3,ieee30_structural_group_02_realization_01_seed_30201_8x8,ieee30,ieee30_structural_group_02,1,30522005.0,aggregate_e0_to_e3,balanced_magnitude,-0.0019480077848607,-0.0007745924116511,0.0011734153732096,0.6023668808353794,true,1e-06,false,win,true
ieee30_structural_group_02_realization_01_seed_30201_8x8_held_out_seed30522005_aggregate_e0_to_e3,ieee30_structural_group_02_realization_01_seed_30201_8x8,ieee30,ieee30_structural_group_02,1,30522005.0,aggregate_e0_to_e3,sensitivity_initial_mean,-0.0019480077848607,-0.0008467412885411,0.0011012664963196,0.565329617714188,true,1e-06,false,win,true
ieee30_structural_group_02_realization_01_seed_30201_8x8_held_out_seed30522005_coordinate_e0,ieee30_structural_group_02_realization_01_seed_30201_8x8,ieee30,ieee30_structural_group_02,1,30522005.0,coordinate_e0,balanced_magnitude,0.0007939085803148,0.0011312543979986,0.0003373458176838,0.4249177122510633,true,1e-06,false,win,true
ieee30_structural_group_02_realization_01_seed_30201_8x8_held_out_seed30522005_coordinate_e0,ieee30_structural_group_02_realization_01_seed_30201_8x8,ieee30,ieee30_structural_group_02,1,30522005.0,coordinate_e0,sensitivity_initial_mean,0.0007939085803148,0.0007773126590746,1.6595921240166616e-05,0.0209040708863301,false,1e-06,false,win,true
ieee30_structural_group_02_realization_01_seed_30201_8x8_held_out_seed30522005_signed_difference_e0_minus_e1,ieee30_structural_group_02_realization_01_seed_30201_8x8,ieee30,ieee30_structural_group_02,1,30522005.0,signed_difference_e0_minus_e1,balanced_magnitude,0.0014896958073143,0.0013792493504246,0.0001104464568897,0.0741402750463755,false,1e-06,false,loss,true
ieee30_structural_group_02_realization_01_seed_30201_8x8_held_out_seed30522005_signed_difference_e0_minus_e1,ieee30_structural_group_02_realization_01_seed_30201_8x8,ieee30,ieee30_structural_group_02,1,30522005.0,signed_difference_e0_minus_e1,sensitivity_initial_mean,0.0014896958073143,0.0012430632161207,0.0002466325911936,0.165559028885416,true,1e-06,false,loss,true
ieee30_structural_group_02_realization_01_seed_30201_8x8_held_out_seed30522006_aggregate_e0_to_e3,ieee30_structural_group_02_realization_01_seed_30201_8x8,ieee30,ieee30_structural_group_02,1,30522006.0,aggregate_e0_to_e3,balanced_magnitude,0.0010735447100869,0.0016609725336336,0.0005874278235467,0.5471852434531689,true,1e-06,false,loss,true
ieee30_structural_group_02_realization_01_seed_30201_8x8_held_out_seed30522006_aggregate_e0_to_e3,ieee30_structural_group_02_realization_01_seed_30201_8x8,ieee30,ieee30_structural_group_02,1,30522006.0,aggregate_e0_to_e3,sensitivity_initial_mean,0.0010735447100869,0.0023011754846804,0.0012276307745934,1.14353017909622,true,1e-06,false,loss,true
ieee30_structural_group_02_realization_01_seed_30201_8x8_held_out_seed30522006_coordinate_e0,ieee30_structural_group_02_realization_01_seed_30201_8x8,ieee30,ieee30_structural_group_02,1,30522006.0,coordinate_e0,balanced_magnitude,0.0005488945934057,0.0001550690012149,0.0003938255921907,0.7174885614143269,true,1e-06,false,win,true
ieee30_structural_group_02_realization_01_seed_30201_8x8_held_out_seed30522006_coordinate_e0,ieee30_structural_group_02_realization_01_seed_30201_8x8,ieee30,ieee30_structural_group_02,1,30522006.0,coordinate_e0,sensitivity_initial_mean,0.0005488945934057,0.0003545327657786,0.000194361827627,0.3540968156037689,true,1e-06,false,win,true
ieee30_structural_group_02_realization_01_seed_30201_8x8_held_out_seed30522006_signed_difference_e0_minus_e1,ieee30_structural_group_02_realization_01_seed_30201_8x8,ieee30,ieee30_structural_group_02,1,30522006.0,signed_difference_e0_minus_e1,balanced_magnitude,0.0002743678495903,0.0005233425705996,0.0002489747210092,0.907448600049265,true,1e-06,false,loss,true
ieee30_structural_group_02_realization_01_seed_30201_8x8_held_out_seed30522006_signed_difference_e0_minus_e1,ieee30_structural_group_02_realization_01_seed_30201_8x8,ieee30,ieee30_structural_group_02,1,30522006.0,signed_difference_e0_minus_e1,sensitivity_initial_mean,0.0002743678495903,0.0006506978452991,0.0003763299957088,1.371625707132634,true,1e-06,false,loss,true
ieee30_structural_group_02_realization_01_seed_30201_8x8_held_out_seed30522007_aggregate_e0_to_e3,ieee30_structural_group_02_realization_01_seed_30201_8x8,ieee30,ieee30_structural_group_02,1,30522007.0,aggregate_e0_to_e3,balanced_magnitude,-0.0003573026188619,3.902663478862531e-05,0.0003963292536505,1.109225717160787,true,1e-06,false,loss,true
ieee30_structural_group_02_realization_01_seed_30201_8x8_held_out_seed30522007_aggregate_e0_to_e3,ieee30_structural_group_02_realization_01_seed_30201_8x8,ieee30,ieee30_structural_group_02,1,30522007.0,aggregate_e0_to_e3,sensitivity_initial_mean,-0.0003573026188619,0.0003153470346459,0.0006726496535079,1.8825768914048395,true,1e-06,false,loss,true
ieee30_structural_group_02_realization_01_seed_30201_8x8_held_out_seed30522007_coordinate_e0,ieee30_structural_group_02_realization_01_seed_30201_8x8,ieee30,ieee30_structural_group_02,1,30522007.0,coordinate_e0,balanced_magnitude,-0.0006971881333007,-0.0005616832868205,0.0001355048464801,0.1943590833060367,true,1e-06,false,win,true
ieee30_structural_group_02_realization_01_seed_30201_8x8_held_out_seed30522007_coordinate_e0,ieee30_structural_group_02_realization_01_seed_30201_8x8,ieee30,ieee30_structural_group_02,1,30522007.0,coordinate_e0,sensitivity_initial_mean,-0.0006971881333007,-0.0005870373649268,0.0001101507683739,0.1579928904590272,true,1e-06,false,win,true
ieee30_structural_group_02_realization_01_seed_30201_8x8_held_out_seed30522007_signed_difference_e0_minus_e1,ieee30_structural_group_02_realization_01_seed_30201_8x8,ieee30,ieee30_structural_group_02,1,30522007.0,signed_difference_e0_minus_e1,balanced_magnitude,-0.0007089966609265,-0.0007784553247607,6.945866383418109e-05,0.0979675471861955,false,1e-06,false,win,true
ieee30_structural_group_02_realization_01_seed_30201_8x8_held_out_seed30522007_signed_difference_e0_minus_e1,ieee30_structural_group_02_realization_01_seed_30201_8x8,ieee30,ieee30_structural_group_02,1,30522007.0,signed_difference_e0_minus_e1,sensitivity_initial_mean,-0.0007089966609265,-0.0007626359050414,5.363924411482587e-05,0.0756551434878752,false,1e-06,false,win,true
ieee30_structural_group_02_realization_01_seed_30201_8x8_held_out_seed30522008_aggregate_e0_to_e3,ieee30_structural_group_02_realization_01_seed_30201_8x8,ieee30,ieee30_structural_group_02,1,30522008.0,aggregate_e0_to_e3,balanced_magnitude,-0.000101037474193,0.0009370015859803,0.0010380390601734,10.27380255161221,true,1e-06,false,loss,true
ieee30_structural_group_02_realization_01_seed_30201_8x8_held_out_seed30522008_aggregate_e0_to_e3,ieee30_structural_group_02_realization_01_seed_30201_8x8,ieee30,ieee30_structural_group_02,1,30522008.0,aggregate_e0_to_e3,sensitivity_initial_mean,-0.000101037474193,0.0010091754176022,0.0011102128917953,10.988129905876145,true,1e-06,false,loss,true
ieee30_structural_group_02_realization_01_seed_30201_8x8_held_out_seed30522008_coordinate_e0,ieee30_structural_group_02_realization_01_seed_30201_8x8,ieee30,ieee30_structural_group_02,1,30522008.0,coordinate_e0,balanced_magnitude,-0.0002026712291773,-0.0008770938717763,0.0006744226425989,3.327668388535157,true,1e-06,false,win,true
ieee30_structural_group_02_realization_01_seed_30201_8x8_held_out_seed30522008_coordinate_e0,ieee30_structural_group_02_realization_01_seed_30201_8x8,ieee30,ieee30_structural_group_02,1,30522008.0,coordinate_e0,sensitivity_initial_mean,-0.0002026712291773,-0.0005114606965871,0.0003087894674097,1.5235979406805653,true,1e-06,false,win,true
ieee30_structural_group_02_realization_01_seed_30201_8x8_held_out_seed30522008_signed_difference_e0_minus_e1,ieee30_structural_group_02_realization_01_seed_30201_8x8,ieee30,ieee30_structural_group_02,1,30522008.0,signed_difference_e0_minus_e1,balanced_magnitude,-0.0012414499221381,-0.001412448011012,0.0001709980888738,0.1377406255577019,true,1e-06,false,win,true
ieee30_structural_group_02_realization_01_seed_30201_8x8_held_out_seed30522008_signed_difference_e0_minus_e1,ieee30_structural_group_02_realization_01_seed_30201_8x8,ieee30,ieee30_structural_group_02,1,30522008.0,signed_difference_e0_minus_e1,sensitivity_initial_mean,-0.0012414499221381,-0.0011614288870695,8.002103506857304e-05,0.0644577228944948,false,1e-06,false,win,true
ieee30_structural_group_02_realization_01_seed_30201_8x8_held_out_seed30522009_aggregate_e0_to_e3,ieee30_structural_group_02_realization_01_seed_30201_8x8,ieee30,ieee30_structural_group_02,1,30522009.0,aggregate_e0_to_e3,balanced_magnitude,-0.0027056801118311,-0.0025967416355687,0.0001089384762624,0.0402628809614755,false,1e-06,false,loss,true
ieee30_structural_group_02_realization_01_seed_30201_8x8_held_out_seed30522009_aggregate_e0_to_e3,ieee30_structural_group_02_realization_01_seed_30201_8x8,ieee30,ieee30_structural_group_02,1,30522009.0,aggregate_e0_to_e3,sensitivity_initial_mean,-0.0027056801118311,-0.0016076883063479,0.0010979918054832,0.4058099110393985,true,1e-06,false,loss,true
ieee30_structural_group_02_realization_01_seed_30201_8x8_held_out_seed30522009_coordinate_e0,ieee30_structural_group_02_realization_01_seed_30201_8x8,ieee30,ieee30_structural_group_02,1,30522009.0,coordinate_e0,balanced_magnitude,0.0001526599677438,-0.0001148768486847,0.0002675368164286,1.7525014604845328,true,1e-06,false,win,true
ieee30_structural_group_02_realization_01_seed_30201_8x8_held_out_seed30522009_coordinate_e0,ieee30_structural_group_02_realization_01_seed_30201_8x8,ieee30,ieee30_structural_group_02,1,30522009.0,coordinate_e0,sensitivity_initial_mean,0.0001526599677438,0.0003902190171443,0.0002375590494005,1.5561319245075362,true,1e-06,false,win,true
ieee30_structural_group_02_realization_01_seed_30201_8x8_held_out_seed30522009_signed_difference_e0_minus_e1,ieee30_structural_group_02_realization_01_seed_30201_8x8,ieee30,ieee30_structural_group_02,1,30522009.0,signed_difference_e0_minus_e1,balanced_magnitude,0.0013521845130672,0.000627575624621,0.0007246088884461,0.5358801860572349,true,1e-06,false,win,true
ieee30_structural_group_02_realization_01_seed_30201_8x8_held_out_seed30522009_signed_difference_e0_minus_e1,ieee30_structural_group_02_realization_01_seed_30201_8x8,ieee30,ieee30_structural_group_02,1,30522009.0,signed_difference_e0_minus_e1,sensitivity_initial_mean,0.0013521845130672,0.0010440156598316,0.0003081688532355,0.2279044392665959,true,1e-06,false,win,true
ieee30_structural_group_02_realization_01_seed_30201_8x8_held_out_seed30522010_aggregate_e0_to_e3,ieee30_structural_group_02_realization_01_seed_30201_8x8,ieee30,ieee30_structural_group_02,1,30522010.0,aggregate_e0_to_e3,balanced_magnitude,0.0029790291986263,0.0030005395660007,2.151036737431866e-05,0.0072205963554291,false,1e-06,false,loss,true
ieee30_structural_group_02_realization_01_seed_30201_8x8_held_out_seed30522010_aggregate_e0_to_e3,ieee30_structural_group_02_realization_01_seed_30201_8x8,ieee30,ieee30_structural_group_02,1,30522010.0,aggregate_e0_to_e3,sensitivity_initial_mean,0.0029790291986263,0.0013583616728472,0.0016206675257791,0.5440253914014732,true,1e-06,false,loss,true
ieee30_structural_group_02_realization_01_seed_30201_8x8_held_out_seed30522010_coordinate_e0,ieee30_structural_group_02_realization_01_seed_30201_8x8,ieee30,ieee30_structural_group_02,1,30522010.0,coordinate_e0,balanced_magnitude,-0.0016078380958202,-0.0019852096761593,0.0003773715803391,0.2347074505325714,true,1e-06,false,win,true
ieee30_structural_group_02_realization_01_seed_30201_8x8_held_out_seed30522010_coordinate_e0,ieee30_structural_group_02_realization_01_seed_30201_8x8,ieee30,ieee30_structural_group_02,1,30522010.0,coordinate_e0,sensitivity_initial_mean,-0.0016078380958202,-0.0019355294562836,0.0003276913604633,0.203808680311292,true,1e-06,false,win,true
ieee30_structural_group_02_realization_01_seed_30201_8x8_held_out_seed30522010_signed_difference_e0_minus_e1,ieee30_structural_group_02_realization_01_seed_30201_8x8,ieee30,ieee30_structural_group_02,1,30522010.0,signed_difference_e0_minus_e1,balanced_magnitude,-0.0034997311817335,-0.0031685972341797,0.0003311339475537,0.0946169663778998,false,1e-06,false,win,true
ieee30_structural_group_02_realization_01_seed_30201_8x8_held_out_seed30522010_signed_difference_e0_minus_e1,ieee30_structural_group_02_realization_01_seed_30201_8x8,ieee30,ieee30_structural_group_02,1,30522010.0,signed_difference_e0_minus_e1,sensitivity_initial_mean,-0.0034997311817335,-0.0033808465009984,0.0001188846807351,0.0339696606858359,false,1e-06,false,win,true
ieee30_structural_group_02_realization_01_seed_30201_8x8_held_out_seed30522011_aggregate_e0_to_e3,ieee30_structural_group_02_realization_01_seed_30201_8x8,ieee30,ieee30_structural_group_02,1,30522011.0,aggregate_e0_to_e3,balanced_magnitude,-0.0005396628815981,-0.0012184249877446,0.0006787621061465,1.257752069470743,true,1e-06,false,win,true
ieee30_structural_group_02_realization_01_seed_30201_8x8_held_out_seed30522011_aggregate_e0_to_e3,ieee30_structural_group_02_realization_01_seed_30201_8x8,ieee30,ieee30_structural_group_02,1,30522011.0,aggregate_e0_to_e3,sensitivity_initial_mean,-0.0005396628815981,-0.0002102008206784,0.0003294620609196,0.6104960562490352,true,1e-06,false,win,true
ieee30_structural_group_02_realization_01_seed_30201_8x8_held_out_seed30522011_coordinate_e0,ieee30_structural_group_02_realization_01_seed_30201_8x8,ieee30,ieee30_structural_group_02,1,30522011.0,coordinate_e0,balanced_magnitude,0.0001338479895328,-0.0003265667162705,0.0004604147058034,3.439832808921988,true,1e-06,false,win,true
ieee30_structural_group_02_realization_01_seed_30201_8x8_held_out_seed30522011_coordinate_e0,ieee30_structural_group_02_realization_01_seed_30201_8x8,ieee30,ieee30_structural_group_02,1,30522011.0,coordinate_e0,sensitivity_initial_mean,0.0001338479895328,4.575786929582792e-05,8.809012023705651e-05,0.6581355502199313,true,1e-06,false,win,true
ieee30_structural_group_02_realization_01_seed_30201_8x8_held_out_seed30522011_signed_difference_e0_minus_e1,ieee30_structural_group_02_realization_01_seed_30201_8x8,ieee30,ieee30_structural_group_02,1,30522011.0,signed_difference_e0_minus_e1,balanced_magnitude,-0.0001907276513959,-0.0003549701124216,0.0001642424610256,0.8611360745205231,true,1e-06,false,loss,true
ieee30_structural_group_02_realization_01_seed_30201_8x8_held_out_seed30522011_signed_difference_e0_minus_e1,ieee30_structural_group_02_realization_01_seed_30201_8x8,ieee30,ieee30_structural_group_02,1,30522011.0,signed_difference_e0_minus_e1,sensitivity_initial_mean,-0.0001907276513959,-2.5705265987548062e-06,0.0001881571247972,0.986522527908561,true,1e-06,false,loss,true
ieee30_structural_group_02_realization_01_seed_30201_8x8_held_out_seed30522012_aggregate_e0_to_e3,ieee30_structural_group_02_realization_01_seed_30201_8x8,ieee30,ieee30_structural_group_02,1,30522012.0,aggregate_e0_to_e3,balanced_magnitude,-0.0008988647159998,-0.0014554204853741,0.0005565557693742,0.619176344857604,true,1e-06,false,loss,true
ieee30_structural_group_02_realization_01_seed_30201_8x8_held_out_seed30522012_aggregate_e0_to_e3,ieee30_structural_group_02_realization_01_seed_30201_8x8,ieee30,ieee30_structural_group_02,1,30522012.0,aggregate_e0_to_e3,sensitivity_initial_mean,-0.0008988647159998,-0.0015560187906508,0.000657154074651,0.7310934147860345,true,1e-06,false,loss,true
ieee30_structural_group_02_realization_01_seed_30201_8x8_held_out_seed30522012_coordinate_e0,ieee30_structural_group_02_realization_01_seed_30201_8x8,ieee30,ieee30_structural_group_02,1,30522012.0,coordinate_e0,balanced_magnitude,0.0024446962629922,0.0016875942269092,0.000757102036083,0.3096916568098784,true,1e-06,false,win,true
ieee30_structural_group_02_realization_01_seed_30201_8x8_held_out_seed30522012_coordinate_e0,ieee30_structural_group_02_realization_01_seed_30201_8x8,ieee30,ieee30_structural_group_02,1,30522012.0,coordinate_e0,sensitivity_initial_mean,0.0024446962629922,0.0022364890190304,0.0002082072439618,0.0851669170987365,false,1e-06,false,win,true
ieee30_structural_group_02_realization_01_seed_30201_8x8_held_out_seed30522012_signed_difference_e0_minus_e1,ieee30_structural_group_02_realization_01_seed_30201_8x8,ieee30,ieee30_structural_group_02,1,30522012.0,signed_difference_e0_minus_e1,balanced_magnitude,0.0036850568370219,0.0033371042313206,0.0003479526057012,0.0944225886031356,false,1e-06,false,win,true
ieee30_structural_group_02_realization_01_seed_30201_8x8_held_out_seed30522012_signed_difference_e0_minus_e1,ieee30_structural_group_02_realization_01_seed_30201_8x8,ieee30,ieee30_structural_group_02,1,30522012.0,signed_difference_e0_minus_e1,sensitivity_initial_mean,0.0036850568370219,0.003632027212368,5.302962465395661e-05,0.014390449591223,false,1e-06,false,win,true
ieee30_structural_group_02_realization_01_seed_30201_8x8_held_out_seed30522013_aggregate_e0_to_e3,ieee30_structural_group_02_realization_01_seed_30201_8x8,ieee30,ieee30_structural_group_02,1,30522013.0,aggregate_e0_to_e3,balanced_magnitude,-0.0024155697094542,-0.0027001418737038,0.0002845721642496,0.1178074733823239,true,1e-06,false,loss,true
ieee30_structural_group_02_realization_01_seed_30201_8x8_held_out_seed30522013_aggregate_e0_to_e3,ieee30_structural_group_02_realization_01_seed_30201_8x8,ieee30,ieee30_structural_group_02,1,30522013.0,aggregate_e0_to_e3,sensitivity_initial_mean,-0.0024155697094542,-0.0013066920311211,0.001108877678333,0.4590543067306455,true,1e-06,false,loss,true
ieee30_structural_group_02_realization_01_seed_30201_8x8_held_out_seed30522013_coordinate_e0,ieee30_structural_group_02_realization_01_seed_30201_8x8,ieee30,ieee30_structural_group_02,1,30522013.0,coordinate_e0,balanced_magnitude,0.0021168161616941,0.0012450922761852,0.0008717238855088,0.4118089710781586,true,1e-06,false,win,true
ieee30_structural_group_02_realization_01_seed_30201_8x8_held_out_seed30522013_coordinate_e0,ieee30_structural_group_02_realization_01_seed_30201_8x8,ieee30,ieee30_structural_group_02,1,30522013.0,coordinate_e0,sensitivity_initial_mean,0.0021168161616941,0.0020825530049659,3.4263156728201686e-05,0.0161861749490705,false,1e-06,false,win,true
ieee30_structural_group_02_realization_01_seed_30201_8x8_held_out_seed30522013_signed_difference_e0_minus_e1,ieee30_structural_group_02_realization_01_seed_30201_8x8,ieee30,ieee30_structural_group_02,1,30522013.0,signed_difference_e0_minus_e1,balanced_magnitude,0.0035896872327733,0.0029269039853703,0.0006627832474029,0.1846353747345613,true,1e-06,false,win,true
ieee30_structural_group_02_realization_01_seed_30201_8x8_held_out_seed30522013_signed_difference_e0_minus_e1,ieee30_structural_group_02_realization_01_seed_30201_8x8,ieee30,ieee30_structural_group_02,1,30522013.0,signed_difference_e0_minus_e1,sensitivity_initial_mean,0.0035896872327733,0.0035610690215115,2.8618211261717107e-05,0.0079723411556408,false,1e-06,false,win,true
ieee30_structural_group_02_realization_01_seed_30201_8x8_held_out_seed30522014_aggregate_e0_to_e3,ieee30_structural_group_02_realization_01_seed_30201_8x8,ieee30,ieee30_structural_group_02,1,30522014.0,aggregate_e0_to_e3,balanced_magnitude,-0.000920099268,-0.001697218841296,0.0007771195732959,0.8446040555874554,true,1e-06,false,win,true
ieee30_structural_group_02_realization_01_seed_30201_8x8_held_out_seed30522014_aggregate_e0_to_e3,ieee30_structural_group_02_realization_01_seed_30201_8x8,ieee30,ieee30_structural_group_02,1,30522014.0,aggregate_e0_to_e3,sensitivity_initial_mean,-0.000920099268,-0.0012167503814159,0.0002966511134158,0.3224120741457298,true,1e-06,false,win,true
ieee30_structural_group_02_realization_01_seed_30201_8x8_held_out_seed30522014_coordinate_e0,ieee30_structural_group_02_realization_01_seed_30201_8x8,ieee30,ieee30_structural_group_02,1,30522014.0,coordinate_e0,balanced_magnitude,0.000121103347096,0.0002302589341333,0.0001091555870373,0.901342445562248,true,1e-06,false,loss,true
ieee30_structural_group_02_realization_01_seed_30201_8x8_held_out_seed30522014_coordinate_e0,ieee30_structural_group_02_realization_01_seed_30201_8x8,ieee30,ieee30_structural_group_02,1,30522014.0,coordinate_e0,sensitivity_initial_mean,0.000121103347096,0.0004643247581076,0.0003432214110115,2.8341199417005587,true,1e-06,false,loss,true
ieee30_structural_group_02_realization_01_seed_30201_8x8_held_out_seed30522014_signed_difference_e0_minus_e1,ieee30_structural_group_02_realization_01_seed_30201_8x8,ieee30,ieee30_structural_group_02,1,30522014.0,signed_difference_e0_minus_e1,balanced_magnitude,0.0018748801518674,0.0015809116715262,0.0002939684803411,0.1567932115812189,true,1e-06,false,win,true
ieee30_structural_group_02_realization_01_seed_30201_8x8_held_out_seed30522014_signed_difference_e0_minus_e1,ieee30_structural_group_02_realization_01_seed_30201_8x8,ieee30,ieee30_structural_group_02,1,30522014.0,signed_difference_e0_minus_e1,sensitivity_initial_mean,0.0018748801518674,0.0016923189514916,0.0001825612003757,0.0973721974676171,false,1e-06,false,win,true
ieee30_structural_group_02_realization_01_seed_30201_8x8_held_out_seed30522015_aggregate_e0_to_e3,ieee30_structural_group_02_realization_01_seed_30201_8x8,ieee30,ieee30_structural_group_02,1,30522015.0,aggregate_e0_to_e3,balanced_magnitude,0.0038397967872094,0.0024376193936707,0.0014021773935387,0.3651696876796798,true,1e-06,false,win,true
ieee30_structural_group_02_realization_01_seed_30201_8x8_held_out_seed30522015_aggregate_e0_to_e3,ieee30_structural_group_02_realization_01_seed_30201_8x8,ieee30,ieee30_structural_group_02,1,30522015.0,aggregate_e0_to_e3,sensitivity_initial_mean,0.0038397967872094,0.0026679340676371,0.0011718627195723,0.3051887338089984,true,1e-06,false,win,true
ieee30_structural_group_02_realization_01_seed_30201_8x8_held_out_seed30522015_coordinate_e0,ieee30_structural_group_02_realization_01_seed_30201_8x8,ieee30,ieee30_structural_group_02,1,30522015.0,coordinate_e0,balanced_magnitude,-0.0010498333556304,-0.0008284974867475,0.0002213358688829,0.2108295261299068,true,1e-06,false,win,true
ieee30_structural_group_02_realization_01_seed_30201_8x8_held_out_seed30522015_coordinate_e0,ieee30_structural_group_02_realization_01_seed_30201_8x8,ieee30,ieee30_structural_group_02,1,30522015.0,coordinate_e0,sensitivity_initial_mean,-0.0010498333556304,-0.0009871262768342,6.270707879621777e-05,0.0597305071894555,false,1e-06,false,win,true
ieee30_structural_group_02_realization_01_seed_30201_8x8_held_out_seed30522015_signed_difference_e0_minus_e1,ieee30_structural_group_02_realization_01_seed_30201_8x8,ieee30,ieee30_structural_group_02,1,30522015.0,signed_difference_e0_minus_e1,balanced_magnitude,-0.002155271767423,-0.0013638428783297,0.0007914288890933,0.3672060763082464,true,1e-06,false,win,true
ieee30_structural_group_02_realization_01_seed_30201_8x8_held_out_seed30522015_signed_difference_e0_minus_e1,ieee30_structural_group_02_realization_01_seed_30201_8x8,ieee30,ieee30_structural_group_02,1,30522015.0,signed_difference_e0_minus_e1,sensitivity_initial_mean,-0.002155271767423,-0.001572247754089,0.000583024013334,0.2705106716222082,true,1e-06,false,win,true
ieee30_structural_group_02_realization_01_seed_30201_8x8_held_out_seed30522016_aggregate_e0_to_e3,ieee30_structural_group_02_realization_01_seed_30201_8x8,ieee30,ieee30_structural_group_02,1,30522016.0,aggregate_e0_to_e3,balanced_magnitude,0.000929889461473,0.0015955792417027,0.0006656897802296,0.7158805511948315,true,1e-06,false,win,true
ieee30_structural_group_02_realization_01_seed_30201_8x8_held_out_seed30522016_aggregate_e0_to_e3,ieee30_structural_group_02_realization_01_seed_30201_8x8,ieee30,ieee30_structural_group_02,1,30522016.0,aggregate_e0_to_e3,sensitivity_initial_mean,0.000929889461473,0.0010932039719608,0.0001633145104877,0.1756278754133266,true,1e-06,false,win,true
ieee30_structural_group_02_realization_01_seed_30201_8x8_held_out_seed30522016_coordinate_e0,ieee30_structural_group_02_realization_01_seed_30201_8x8,ieee30,ieee30_structural_group_02,1,30522016.0,coordinate_e0,balanced_magnitude,-0.0020569469845166,-0.0018937597010384,0.0001631872834781,0.0793347056129801,false,1e-06,false,win,true
ieee30_structural_group_02_realization_01_seed_30201_8x8_held_out_seed30522016_coordinate_e0,ieee30_structural_group_02_realization_01_seed_30201_8x8,ieee30,ieee30_structural_group_02,1,30522016.0,coordinate_e0,sensitivity_initial_mean,-0.0020569469845166,-0.0021202526455136,6.33056609970371e-05,0.030776515619295,false,1e-06,false,win,true
ieee30_structural_group_02_realization_01_seed_30201_8x8_held_out_seed30522016_signed_difference_e0_minus_e1,ieee30_structural_group_02_realization_01_seed_30201_8x8,ieee30,ieee30_structural_group_02,1,30522016.0,signed_difference_e0_minus_e1,balanced_magnitude,-0.0034051603630092,-0.0032250190543055,0.0001801413087037,0.0529024449657736,false,1e-06,false,win,true
ieee30_structural_group_02_realization_01_seed_30201_8x8_held_out_seed30522016_signed_difference_e0_minus_e1,ieee30_structural_group_02_realization_01_seed_30201_8x8,ieee30,ieee30_structural_group_02,1,30522016.0,signed_difference_e0_minus_e1,sensitivity_initial_mean,-0.0034051603630092,-0.0034007069247282,4.4534382810153955e-06,0.0013078497945041,false,1e-06,false,win,true
ieee30_structural_group_02_realization_01_seed_30201_8x8_held_out_seed30522017_aggregate_e0_to_e3,ieee30_structural_group_02_realization_01_seed_30201_8x8,ieee30,ieee30_structural_group_02,1,30522017.0,aggregate_e0_to_e3,balanced_magnitude,0.0005768704860465,0.0018929233777443,0.0013160528916978,2.28136630930312,true,1e-06,false,win,true
ieee30_structural_group_02_realization_01_seed_30201_8x8_held_out_seed30522017_aggregate_e0_to_e3,ieee30_structural_group_02_realization_01_seed_30201_8x8,ieee30,ieee30_structural_group_02,1,30522017.0,aggregate_e0_to_e3,sensitivity_initial_mean,0.0005768704860465,0.0009894770311663,0.0004126065451198,0.7152498786123928,true,1e-06,false,win,true
ieee30_structural_group_02_realization_01_seed_30201_8x8_held_out_seed30522017_coordinate_e0,ieee30_structural_group_02_realization_01_seed_30201_8x8,ieee30,ieee30_structural_group_02,1,30522017.0,coordinate_e0,balanced_magnitude,0.0001189822005228,8.65374726265126e-05,3.244472789636653e-05,0.2726855593003402,true,1e-06,false,loss,true
ieee30_structural_group_02_realization_01_seed_30201_8x8_held_out_seed30522017_coordinate_e0,ieee30_structural_group_02_realization_01_seed_30201_8x8,ieee30,ieee30_structural_group_02,1,30522017.0,coordinate_e0,sensitivity_initial_mean,0.0001189822005228,-0.0001001482165295,0.0002191304170524,1.8417075502846976,true,1e-06,false,loss,true
ieee30_structural_group_02_realization_01_seed_30201_8x8_held_out_seed30522017_signed_difference_e0_minus_e1,ieee30_structural_group_02_realization_01_seed_30201_8x8,ieee30,ieee30_structural_group_02,1,30522017.0,signed_difference_e0_minus_e1,balanced_magnitude,-0.0003188720217231,-0.0001521062043051,0.0001667658174179,0.5229866719469521,true,1e-06,false,win,true
ieee30_structural_group_02_realization_01_seed_30201_8x8_held_out_seed30522017_signed_difference_e0_minus_e1,ieee30_structural_group_02_realization_01_seed_30201_8x8,ieee30,ieee30_structural_group_02,1,30522017.0,signed_difference_e0_minus_e1,sensitivity_initial_mean,-0.0003188720217231,-0.0003627597856639,4.388776394080541e-05,0.1376344142820651,true,1e-06,false,win,true
ieee30_structural_group_02_realization_01_seed_30201_8x8_held_out_seed30522018_aggregate_e0_to_e3,ieee30_structural_group_02_realization_01_seed_30201_8x8,ieee30,ieee30_structural_group_02,1,30522018.0,aggregate_e0_to_e3,balanced_magnitude,0.0009292626177246,-0.0005694544759823,0.001498717093707,1.6128025222586853,true,1e-06,false,win,true
ieee30_structural_group_02_realization_01_seed_30201_8x8_held_out_seed30522018_aggregate_e0_to_e3,ieee30_structural_group_02_realization_01_seed_30201_8x8,ieee30,ieee30_structural_group_02,1,30522018.0,aggregate_e0_to_e3,sensitivity_initial_mean,0.0009292626177246,-4.7455315449956696e-05,0.0009767179331745,1.051067711693982,true,1e-06,false,win,true
ieee30_structural_group_02_realization_01_seed_30201_8x8_held_out_seed30522018_coordinate_e0,ieee30_structural_group_02_realization_01_seed_30201_8x8,ieee30,ieee30_structural_group_02,1,30522018.0,coordinate_e0,balanced_magnitude,-0.0016611618184818,-0.00178459999628,0.0001234381777981,0.074308340358441,false,1e-06,false,win,true
ieee30_structural_group_02_realization_01_seed_30201_8x8_held_out_seed30522018_coordinate_e0,ieee30_structural_group_02_realization_01_seed_30201_8x8,ieee30,ieee30_structural_group_02,1,30522018.0,coordinate_e0,sensitivity_initial_mean,-0.0016611618184818,-0.0016596951332604,1.466685221425488e-06,0.0008829273615052,false,1e-06,false,win,true
ieee30_structural_group_02_realization_01_seed_30201_8x8_held_out_seed30522018_signed_difference_e0_minus_e1,ieee30_structural_group_02_realization_01_seed_30201_8x8,ieee30,ieee30_structural_group_02,1,30522018.0,signed_difference_e0_minus_e1,balanced_magnitude,-0.0029136123623511,-0.00281265061027,0.000100961752081,0.0346517448187872,false,1e-06,false,loss,true
ieee30_structural_group_02_realization_01_seed_30201_8x8_held_out_seed30522018_signed_difference_e0_minus_e1,ieee30_structural_group_02_realization_01_seed_30201_8x8,ieee30,ieee30_structural_group_02,1,30522018.0,signed_difference_e0_minus_e1,sensitivity_initial_mean,-0.0029136123623511,-0.0026754265556461,0.0002381858067049,0.0817493122224282,false,1e-06,false,loss,true
ieee30_structural_group_02_realization_01_seed_30201_8x8_held_out_seed30522019_aggregate_e0_to_e3,ieee30_structural_group_02_realization_01_seed_30201_8x8,ieee30,ieee30_structural_group_02,1,30522019.0,aggregate_e0_to_e3,balanced_magnitude,0.0025005358731287,0.0022314671920791,0.0002690686810495,0.1076044074956157,true,1e-06,false,loss,true
ieee30_structural_group_02_realization_01_seed_30201_8x8_held_out_seed30522019_aggregate_e0_to_e3,ieee30_structural_group_02_realization_01_seed_30201_8x8,ieee30,ieee30_structural_group_02,1,30522019.0,aggregate_e0_to_e3,sensitivity_initial_mean,0.0025005358731287,0.0015339685706702,0.0009665673024584,0.3865440655522675,true,1e-06,false,loss,true
ieee30_structural_group_02_realization_01_seed_30201_8x8_held_out_seed30522019_coordinate_e0,ieee30_structural_group_02_realization_01_seed_30201_8x8,ieee30,ieee30_structural_group_02,1,30522019.0,coordinate_e0,balanced_magnitude,0.0024311198235685,0.0023056219944613,0.0001254978291072,0.0516214083282005,false,1e-06,false,loss,true
ieee30_structural_group_02_realization_01_seed_30201_8x8_held_out_seed30522019_coordinate_e0,ieee30_structural_group_02_realization_01_seed_30201_8x8,ieee30,ieee30_structural_group_02,1,30522019.0,coordinate_e0,sensitivity_initial_mean,0.0024311198235685,0.0020730995178551,0.0003580203057134,0.1472655943333521,true,1e-06,false,loss,true
ieee30_structural_group_02_realization_01_seed_30201_8x8_held_out_seed30522019_signed_difference_e0_minus_e1,ieee30_structural_group_02_realization_01_seed_30201_8x8,ieee30,ieee30_structural_group_02,1,30522019.0,signed_difference_e0_minus_e1,balanced_magnitude,0.0023903626296593,0.0030880807934241,0.0006977181637648,0.2918879985436606,true,1e-06,false,win,true
ieee30_structural_group_02_realization_01_seed_30201_8x8_held_out_seed30522019_signed_difference_e0_minus_e1,ieee30_structural_group_02_realization_01_seed_30201_8x8,ieee30,ieee30_structural_group_02,1,30522019.0,signed_difference_e0_minus_e1,sensitivity_initial_mean,0.0023903626296593,0.0028250250526117,0.0004346624229524,0.1818395324454797,true,1e-06,false,win,true
ieee30_structural_group_02_realization_02_seed_30202_8x8_held_out_seed30532000_aggregate_e0_to_e3,ieee30_structural_group_02_realization_02_seed_30202_8x8,ieee30,ieee30_structural_group_02,2,30532000.0,aggregate_e0_to_e3,balanced_magnitude,-0.001950571439056,0.0001355246678264,0.0020860961068825,1.069479468997085,true,1e-06,false,win,true
ieee30_structural_group_02_realization_02_seed_30202_8x8_held_out_seed30532000_aggregate_e0_to_e3,ieee30_structural_group_02_realization_02_seed_30202_8x8,ieee30,ieee30_structural_group_02,2,30532000.0,aggregate_e0_to_e3,sensitivity_initial_mean,-0.001950571439056,-0.0012926565122449,0.000657914926811,0.3372934277810839,true,1e-06,false,win,true
ieee30_structural_group_02_realization_02_seed_30202_8x8_held_out_seed30532000_coordinate_e0,ieee30_structural_group_02_realization_02_seed_30202_8x8,ieee30,ieee30_structural_group_02,2,30532000.0,coordinate_e0,balanced_magnitude,0.0006633528353758,0.0008808430397294,0.0002174902043535,0.3278650406768545,true,1e-06,false,win,true
ieee30_structural_group_02_realization_02_seed_30202_8x8_held_out_seed30532000_coordinate_e0,ieee30_structural_group_02_realization_02_seed_30202_8x8,ieee30,ieee30_structural_group_02,2,30532000.0,coordinate_e0,sensitivity_initial_mean,0.0006633528353758,0.0005277283744457,0.00013562446093,0.2044529753960998,true,1e-06,false,win,true
ieee30_structural_group_02_realization_02_seed_30202_8x8_held_out_seed30532000_signed_difference_e0_minus_e1,ieee30_structural_group_02_realization_02_seed_30202_8x8,ieee30,ieee30_structural_group_02,2,30532000.0,signed_difference_e0_minus_e1,balanced_magnitude,0.0011651881940667,0.0010334276389757,0.000131760555091,0.1130809218304611,true,1e-06,false,loss,true
ieee30_structural_group_02_realization_02_seed_30202_8x8_held_out_seed30532000_signed_difference_e0_minus_e1,ieee30_structural_group_02_realization_02_seed_30202_8x8,ieee30,ieee30_structural_group_02,2,30532000.0,signed_difference_e0_minus_e1,sensitivity_initial_mean,0.0011651881940667,0.0008362185436538,0.0003289696504129,0.2823317744619009,true,1e-06,false,loss,true
ieee30_structural_group_02_realization_02_seed_30202_8x8_held_out_seed30532001_aggregate_e0_to_e3,ieee30_structural_group_02_realization_02_seed_30202_8x8,ieee30,ieee30_structural_group_02,2,30532001.0,aggregate_e0_to_e3,balanced_magnitude,-0.0001554730849844,0.0006434217334951,0.0007988948184795,5.138476660185867,true,1e-06,false,win,true
ieee30_structural_group_02_realization_02_seed_30202_8x8_held_out_seed30532001_aggregate_e0_to_e3,ieee30_structural_group_02_realization_02_seed_30202_8x8,ieee30,ieee30_structural_group_02,2,30532001.0,aggregate_e0_to_e3,sensitivity_initial_mean,-0.0001554730849844,0.00012145527268,0.0002769283576644,1.7811980619807766,true,1e-06,false,win,true
ieee30_structural_group_02_realization_02_seed_30202_8x8_held_out_seed30532001_coordinate_e0,ieee30_structural_group_02_realization_02_seed_30202_8x8,ieee30,ieee30_structural_group_02,2,30532001.0,coordinate_e0,balanced_magnitude,0.0011495645737374,0.000729985033555,0.0004195795401824,0.3649899707837326,true,1e-06,false,win,true
ieee30_structural_group_02_realization_02_seed_30202_8x8_held_out_seed30532001_coordinate_e0,ieee30_structural_group_02_realization_02_seed_30202_8x8,ieee30,ieee30_structural_group_02,2,30532001.0,coordinate_e0,sensitivity_initial_mean,0.0011495645737374,0.0013281258980362,0.0001785613242987,0.1553295294393295,true,1e-06,false,win,true
ieee30_structural_group_02_realization_02_seed_30202_8x8_held_out_seed30532001_signed_difference_e0_minus_e1,ieee30_structural_group_02_realization_02_seed_30202_8x8,ieee30,ieee30_structural_group_02,2,30532001.0,signed_difference_e0_minus_e1,balanced_magnitude,0.0025867181159776,0.0022240882311528,0.0003626298848248,0.1401891773923558,true,1e-06,false,win,true
ieee30_structural_group_02_realization_02_seed_30202_8x8_held_out_seed30532001_signed_difference_e0_minus_e1,ieee30_structural_group_02_realization_02_seed_30202_8x8,ieee30,ieee30_structural_group_02,2,30532001.0,signed_difference_e0_minus_e1,sensitivity_initial_mean,0.0025867181159776,0.0025341996484127,5.251846756492741e-05,0.0203031274418852,false,1e-06,false,win,true
ieee30_structural_group_02_realization_02_seed_30202_8x8_held_out_seed30532002_aggregate_e0_to_e3,ieee30_structural_group_02_realization_02_seed_30202_8x8,ieee30,ieee30_structural_group_02,2,30532002.0,aggregate_e0_to_e3,balanced_magnitude,0.0004611091250854,0.0010608133382997,0.0005997042132143,1.3005689555658888,true,1e-06,false,win,true
ieee30_structural_group_02_realization_02_seed_30202_8x8_held_out_seed30532002_aggregate_e0_to_e3,ieee30_structural_group_02_realization_02_seed_30202_8x8,ieee30,ieee30_structural_group_02,2,30532002.0,aggregate_e0_to_e3,sensitivity_initial_mean,0.0004611091250854,0.0004795105072678,1.8401382182395135e-05,0.0399067838420772,false,1e-06,false,win,true
ieee30_structural_group_02_realization_02_seed_30202_8x8_held_out_seed30532002_coordinate_e0,ieee30_structural_group_02_realization_02_seed_30202_8x8,ieee30,ieee30_structural_group_02,2,30532002.0,coordinate_e0,balanced_magnitude,0.0008113796586828,0.0005805692638997,0.0002308103947831,0.2844665777767475,true,1e-06,false,win,true
ieee30_structural_group_02_realization_02_seed_30202_8x8_held_out_seed30532002_coordinate_e0,ieee30_structural_group_02_realization_02_seed_30202_8x8,ieee30,ieee30_structural_group_02,2,30532002.0,coordinate_e0,sensitivity_initial_mean,0.0008113796586828,0.0006011855497465,0.0002101941089363,0.259057651602363,true,1e-06,false,win,true
ieee30_structural_group_02_realization_02_seed_30202_8x8_held_out_seed30532002_signed_difference_e0_minus_e1,ieee30_structural_group_02_realization_02_seed_30202_8x8,ieee30,ieee30_structural_group_02,2,30532002.0,signed_difference_e0_minus_e1,balanced_magnitude,0.0006609825331622,0.0008236818332078,0.0001626993000455,0.246147654261261,true,1e-06,false,loss,true
ieee30_structural_group_02_realization_02_seed_30202_8x8_held_out_seed30532002_signed_difference_e0_minus_e1,ieee30_structural_group_02_realization_02_seed_30202_8x8,ieee30,ieee30_structural_group_02,2,30532002.0,signed_difference_e0_minus_e1,sensitivity_initial_mean,0.0006609825331622,0.0008283863757862,0.0001674038426239,0.2532651533514344,true,1e-06,false,loss,true
ieee30_structural_group_02_realization_02_seed_30202_8x8_held_out_seed30532003_aggregate_e0_to_e3,ieee30_structural_group_02_realization_02_seed_30202_8x8,ieee30,ieee30_structural_group_02,2,30532003.0,aggregate_e0_to_e3,balanced_magnitude,0.0038507174999062,0.0006932244242394,0.0031574930756668,0.8199752580509247,true,1e-06,false,win,true
ieee30_structural_group_02_realization_02_seed_30202_8x8_held_out_seed30532003_aggregate_e0_to_e3,ieee30_structural_group_02_realization_02_seed_30202_8x8,ieee30,ieee30_structural_group_02,2,30532003.0,aggregate_e0_to_e3,sensitivity_initial_mean,0.0038507174999062,0.003695654173285,0.0001550633266211,0.0402686841153535,false,1e-06,false,win,true
ieee30_structural_group_02_realization_02_seed_30202_8x8_held_out_seed30532003_coordinate_e0,ieee30_structural_group_02_realization_02_seed_30202_8x8,ieee30,ieee30_structural_group_02,2,30532003.0,coordinate_e0,balanced_magnitude,-0.0012427624396952,-0.001109937083511,0.0001328253561842,0.1068791202096783,true,1e-06,false,loss,true
ieee30_structural_group_02_realization_02_seed_30202_8x8_held_out_seed30532003_coordinate_e0,ieee30_structural_group_02_realization_02_seed_30202_8x8,ieee30,ieee30_structural_group_02,2,30532003.0,coordinate_e0,sensitivity_initial_mean,-0.0012427624396952,-0.0010915409520145,0.0001512214876807,0.1216817332505342,true,1e-06,false,loss,true
ieee30_structural_group_02_realization_02_seed_30202_8x8_held_out_seed30532003_signed_difference_e0_minus_e1,ieee30_structural_group_02_realization_02_seed_30202_8x8,ieee30,ieee30_structural_group_02,2,30532003.0,signed_difference_e0_minus_e1,balanced_magnitude,-0.0020299199948195,-0.0012514579801506,0.0007784620146688,0.3834939390003093,true,1e-06,false,loss,true
ieee30_structural_group_02_realization_02_seed_30202_8x8_held_out_seed30532003_signed_difference_e0_minus_e1,ieee30_structural_group_02_realization_02_seed_30202_8x8,ieee30,ieee30_structural_group_02,2,30532003.0,signed_difference_e0_minus_e1,sensitivity_initial_mean,-0.0020299199948195,-0.0012297196262388,0.0008002003685806,0.3942029097810827,true,1e-06,false,loss,true
ieee30_structural_group_02_realization_02_seed_30202_8x8_held_out_seed30532004_aggregate_e0_to_e3,ieee30_structural_group_02_realization_02_seed_30202_8x8,ieee30,ieee30_structural_group_02,2,30532004.0,aggregate_e0_to_e3,balanced_magnitude,-0.0012834682050249,-0.0004035590837802,0.0008799091212447,0.6855714210915099,true,1e-06,false,win,true
ieee30_structural_group_02_realization_02_seed_30202_8x8_held_out_seed30532004_aggregate_e0_to_e3,ieee30_structural_group_02_realization_02_seed_30202_8x8,ieee30,ieee30_structural_group_02,2,30532004.0,aggregate_e0_to_e3,sensitivity_initial_mean,-0.0012834682050249,-0.0017579276867344,0.0004744594817094,0.3696698366596999,true,1e-06,false,win,true
ieee30_structural_group_02_realization_02_seed_30202_8x8_held_out_seed30532004_coordinate_e0,ieee30_structural_group_02_realization_02_seed_30202_8x8,ieee30,ieee30_structural_group_02,2,30532004.0,coordinate_e0,balanced_magnitude,0.0012026286795645,0.0009888080725086,0.0002138206070558,0.1777943688597953,true,1e-06,false,win,true
ieee30_structural_group_02_realization_02_seed_30202_8x8_held_out_seed30532004_coordinate_e0,ieee30_structural_group_02_realization_02_seed_30202_8x8,ieee30,ieee30_structural_group_02,2,30532004.0,coordinate_e0,sensitivity_initial_mean,0.0012026286795645,0.0011310937171021,7.153496246237244e-05,0.0594821690833754,false,1e-06,false,win,true
ieee30_structural_group_02_realization_02_seed_30202_8x8_held_out_seed30532004_signed_difference_e0_minus_e1,ieee30_structural_group_02_realization_02_seed_30202_8x8,ieee30,ieee30_structural_group_02,2,30532004.0,signed_difference_e0_minus_e1,balanced_magnitude,0.0020520371771459,0.0017603590959597,0.0002916780811862,0.1421407391808995,true,1e-06,false,win,true
ieee30_structural_group_02_realization_02_seed_30202_8x8_held_out_seed30532004_signed_difference_e0_minus_e1,ieee30_structural_group_02_realization_02_seed_30202_8x8,ieee30,ieee30_structural_group_02,2,30532004.0,signed_difference_e0_minus_e1,sensitivity_initial_mean,0.0020520371771459,0.0018253455546966,0.0002266916224492,0.110471498749638,true,1e-06,false,win,true
ieee30_structural_group_02_realization_02_seed_30202_8x8_held_out_seed30532005_aggregate_e0_to_e3,ieee30_structural_group_02_realization_02_seed_30202_8x8,ieee30,ieee30_structural_group_02,2,30532005.0,aggregate_e0_to_e3,balanced_magnitude,-0.0053791806607007,-0.0025595573726889,0.0028196232880118,0.5241733761818811,true,1e-06,false,win,true
ieee30_structural_group_02_realization_02_seed_30202_8x8_held_out_seed30532005_aggregate_e0_to_e3,ieee30_structural_group_02_realization_02_seed_30202_8x8,ieee30,ieee30_structural_group_02,2,30532005.0,aggregate_e0_to_e3,sensitivity_initial_mean,-0.0053791806607007,-0.0026585104764027,0.0027206701842979,0.5057778044479285,true,1e-06,false,win,true
ieee30_structural_group_02_realization_02_seed_30202_8x8_held_out_seed30532005_coordinate_e0,ieee30_structural_group_02_realization_02_seed_30202_8x8,ieee30,ieee30_structural_group_02,2,30532005.0,coordinate_e0,balanced_magnitude,0.0030139161981253,0.0030195486461761,5.632448050831452e-06,0.001868813756114,false,1e-06,false,loss,true
ieee30_structural_group_02_realization_02_seed_30202_8x8_held_out_seed30532005_coordinate_e0,ieee30_structural_group_02_realization_02_seed_30202_8x8,ieee30,ieee30_structural_group_02,2,30532005.0,coordinate_e0,sensitivity_initial_mean,0.0030139161981253,0.0032191416706862,0.0002052254725609,0.0680926273559232,false,1e-06,false,loss,true
ieee30_structural_group_02_realization_02_seed_30202_8x8_held_out_seed30532005_signed_difference_e0_minus_e1,ieee30_structural_group_02_realization_02_seed_30202_8x8,ieee30,ieee30_structural_group_02,2,30532005.0,signed_difference_e0_minus_e1,balanced_magnitude,0.00663894396322,0.0056908104043179,0.000948133558902,0.1428139119948487,true,1e-06,false,win,true
ieee30_structural_group_02_realization_02_seed_30202_8x8_held_out_seed30532005_signed_difference_e0_minus_e1,ieee30_structural_group_02_realization_02_seed_30202_8x8,ieee30,ieee30_structural_group_02,2,30532005.0,signed_difference_e0_minus_e1,sensitivity_initial_mean,0.00663894396322,0.0057643820717462,0.0008745618914737,0.131732079125671,true,1e-06,false,win,true
ieee30_structural_group_02_realization_02_seed_30202_8x8_held_out_seed30532006_aggregate_e0_to_e3,ieee30_structural_group_02_realization_02_seed_30202_8x8,ieee30,ieee30_structural_group_02,2,30532006.0,aggregate_e0_to_e3,balanced_magnitude,0.0003086531126219,0.0001672618790836,0.0001413912335382,0.458091066495904,true,1e-06,false,win,true
ieee30_structural_group_02_realization_02_seed_30202_8x8_held_out_seed30532006_aggregate_e0_to_e3,ieee30_structural_group_02_realization_02_seed_30202_8x8,ieee30,ieee30_structural_group_02,2,30532006.0,aggregate_e0_to_e3,sensitivity_initial_mean,0.0003086531126219,0.0004261218862045,0.0001174687735825,0.3805850930343448,true,1e-06,false,win,true
ieee30_structural_group_02_realization_02_seed_30202_8x8_held_out_seed30532006_coordinate_e0,ieee30_structural_group_02_realization_02_seed_30202_8x8,ieee30,ieee30_structural_group_02,2,30532006.0,coordinate_e0,balanced_magnitude,0.0015696008708122,0.0016133097200474,4.370884923525173e-05,0.0278471107197039,false,1e-06,false,loss,true
ieee30_structural_group_02_realization_02_seed_30202_8x8_held_out_seed30532006_coordinate_e0,ieee30_structural_group_02_realization_02_seed_30202_8x8,ieee30,ieee30_structural_group_02,2,30532006.0,coordinate_e0,sensitivity_initial_mean,0.0015696008708122,0.0016505762120945,8.097534128228027e-05,0.0515897657729877,false,1e-06,false,loss,true
ieee30_structural_group_02_realization_02_seed_30202_8x8_held_out_seed30532006_signed_difference_e0_minus_e1,ieee30_structural_group_02_realization_02_seed_30202_8x8,ieee30,ieee30_structural_group_02,2,30532006.0,signed_difference_e0_minus_e1,balanced_magnitude,0.0024685448200651,0.0025312812267714,6.273640670630782e-05,0.0254143275813201,false,1e-06,false,loss,true
ieee30_structural_group_02_realization_02_seed_30202_8x8_held_out_seed30532006_signed_difference_e0_minus_e1,ieee30_structural_group_02_realization_02_seed_30202_8x8,ieee30,ieee30_structural_group_02,2,30532006.0,signed_difference_e0_minus_e1,sensitivity_initial_mean,0.0024685448200651,0.0025337100729861,6.516525292096006e-05,0.026398245796987,false,1e-06,false,loss,true
ieee30_structural_group_02_realization_02_seed_30202_8x8_held_out_seed30532007_aggregate_e0_to_e3,ieee30_structural_group_02_realization_02_seed_30202_8x8,ieee30,ieee30_structural_group_02,2,30532007.0,aggregate_e0_to_e3,balanced_magnitude,0.0017977458100248,0.0021167909155778,0.0003190451055529,0.1774695308835513,true,1e-06,false,loss,true
ieee30_structural_group_02_realization_02_seed_30202_8x8_held_out_seed30532007_aggregate_e0_to_e3,ieee30_structural_group_02_realization_02_seed_30202_8x8,ieee30,ieee30_structural_group_02,2,30532007.0,aggregate_e0_to_e3,sensitivity_initial_mean,0.0017977458100248,0.0010934251286616,0.0007043206813632,0.3917799042754887,true,1e-06,false,loss,true
ieee30_structural_group_02_realization_02_seed_30202_8x8_held_out_seed30532007_coordinate_e0,ieee30_structural_group_02_realization_02_seed_30202_8x8,ieee30,ieee30_structural_group_02,2,30532007.0,coordinate_e0,balanced_magnitude,-0.0030936814874247,-0.0034628513240649,0.0003691698366402,0.1193302665904305,true,1e-06,false,win,true
ieee30_structural_group_02_realization_02_seed_30202_8x8_held_out_seed30532007_coordinate_e0,ieee30_structural_group_02_realization_02_seed_30202_8x8,ieee30,ieee30_structural_group_02,2,30532007.0,coordinate_e0,sensitivity_initial_mean,-0.0030936814874247,-0.0034158316092028,0.0003221501217781,0.1041316383369172,true,1e-06,false,win,true
ieee30_structural_group_02_realization_02_seed_30202_8x8_held_out_seed30532007_signed_difference_e0_minus_e1,ieee30_structural_group_02_realization_02_seed_30202_8x8,ieee30,ieee30_structural_group_02,2,30532007.0,signed_difference_e0_minus_e1,balanced_magnitude,-0.0062509088068708,-0.006055850443758,0.0001950583631128,0.0312048006360933,false,1e-06,false,loss,true
ieee30_structural_group_02_realization_02_seed_30202_8x8_held_out_seed30532007_signed_difference_e0_minus_e1,ieee30_structural_group_02_realization_02_seed_30202_8x8,ieee30,ieee30_structural_group_02,2,30532007.0,signed_difference_e0_minus_e1,sensitivity_initial_mean,-0.0062509088068708,-0.0059935445011889,0.0002573643056819,0.0411723020817429,false,1e-06,false,loss,true
ieee30_structural_group_02_realization_02_seed_30202_8x8_held_out_seed30532008_aggregate_e0_to_e3,ieee30_structural_group_02_realization_02_seed_30202_8x8,ieee30,ieee30_structural_group_02,2,30532008.0,aggregate_e0_to_e3,balanced_magnitude,-0.0050755488166503,-0.0042398399159477,0.0008357089007026,0.1646538986997998,true,1e-06,false,loss,true
ieee30_structural_group_02_realization_02_seed_30202_8x8_held_out_seed30532008_aggregate_e0_to_e3,ieee30_structural_group_02_realization_02_seed_30202_8x8,ieee30,ieee30_structural_group_02,2,30532008.0,aggregate_e0_to_e3,sensitivity_initial_mean,-0.0050755488166503,-0.0033900826515939,0.0016854661650564,0.3320756485539514,true,1e-06,false,loss,true
ieee30_structural_group_02_realization_02_seed_30202_8x8_held_out_seed30532008_coordinate_e0,ieee30_structural_group_02_realization_02_seed_30202_8x8,ieee30,ieee30_structural_group_02,2,30532008.0,coordinate_e0,balanced_magnitude,0.000448565066616,0.0006851652070996,0.0002366001404835,0.5274600232880652,true,1e-06,false,win,true
ieee30_structural_group_02_realization_02_seed_30202_8x8_held_out_seed30532008_coordinate_e0,ieee30_structural_group_02_realization_02_seed_30202_8x8,ieee30,ieee30_structural_group_02,2,30532008.0,coordinate_e0,sensitivity_initial_mean,0.000448565066616,0.0005568677382052,0.0001083026715891,0.2414425010984076,true,1e-06,false,win,true
ieee30_structural_group_02_realization_02_seed_30202_8x8_held_out_seed30532008_signed_difference_e0_minus_e1,ieee30_structural_group_02_realization_02_seed_30202_8x8,ieee30,ieee30_structural_group_02,2,30532008.0,signed_difference_e0_minus_e1,balanced_magnitude,0.0021748793251246,0.001355988073922,0.0008188912512025,0.3765226151826272,true,1e-06,false,loss,true
ieee30_structural_group_02_realization_02_seed_30202_8x8_held_out_seed30532008_signed_difference_e0_minus_e1,ieee30_structural_group_02_realization_02_seed_30202_8x8,ieee30,ieee30_structural_group_02,2,30532008.0,signed_difference_e0_minus_e1,sensitivity_initial_mean,0.0021748793251246,0.0012804019116403,0.0008944774134843,0.4112768019591419,true,1e-06,false,loss,true
ieee30_structural_group_02_realization_02_seed_30202_8x8_held_out_seed30532009_aggregate_e0_to_e3,ieee30_structural_group_02_realization_02_seed_30202_8x8,ieee30,ieee30_structural_group_02,2,30532009.0,aggregate_e0_to_e3,balanced_magnitude,-0.0016882051668294,-0.0002795792552672,0.0014086259115621,0.8343926077466338,true,1e-06,false,win,true
ieee30_structural_group_02_realization_02_seed_30202_8x8_held_out_seed30532009_aggregate_e0_to_e3,ieee30_structural_group_02_realization_02_seed_30202_8x8,ieee30,ieee30_structural_group_02,2,30532009.0,aggregate_e0_to_e3,sensitivity_initial_mean,-0.0016882051668294,-0.0015641285471204,0.000124076619709,0.0734961734195106,false,1e-06,false,win,true
ieee30_structural_group_02_realization_02_seed_30202_8x8_held_out_seed30532009_coordinate_e0,ieee30_structural_group_02_realization_02_seed_30202_8x8,ieee30,ieee30_structural_group_02,2,30532009.0,coordinate_e0,balanced_magnitude,0.0008658331408238,0.0009352071958397,6.937405501587844e-05,0.0801240467070416,false,1e-06,false,loss,true
ieee30_structural_group_02_realization_02_seed_30202_8x8_held_out_seed30532009_coordinate_e0,ieee30_structural_group_02_realization_02_seed_30202_8x8,ieee30,ieee30_structural_group_02,2,30532009.0,coordinate_e0,sensitivity_initial_mean,0.0008658331408238,0.001061485972427,0.0001956528316031,0.2259705968484467,true,1e-06,false,loss,true
ieee30_structural_group_02_realization_02_seed_30202_8x8_held_out_seed30532009_signed_difference_e0_minus_e1,ieee30_structural_group_02_realization_02_seed_30202_8x8,ieee30,ieee30_structural_group_02,2,30532009.0,signed_difference_e0_minus_e1,balanced_magnitude,0.002567173665023,0.0021454849050656,0.0004216887599574,0.164261875113013,true,1e-06,false,win,true
ieee30_structural_group_02_realization_02_seed_30202_8x8_held_out_seed30532009_signed_difference_e0_minus_e1,ieee30_structural_group_02_realization_02_seed_30202_8x8,ieee30,ieee30_structural_group_02,2,30532009.0,signed_difference_e0_minus_e1,sensitivity_initial_mean,0.002567173665023,0.0022025394967581,0.0003646341682648,0.1420372034946069,true,1e-06,false,win,true
ieee30_structural_group_02_realization_02_seed_30202_8x8_held_out_seed30532010_aggregate_e0_to_e3,ieee30_structural_group_02_realization_02_seed_30202_8x8,ieee30,ieee30_structural_group_02,2,30532010.0,aggregate_e0_to_e3,balanced_magnitude,-0.0012144334890161,-0.0001763052308278,0.0010381282581883,0.8548251242884839,true,1e-06,false,win,true
ieee30_structural_group_02_realization_02_seed_30202_8x8_held_out_seed30532010_aggregate_e0_to_e3,ieee30_structural_group_02_realization_02_seed_30202_8x8,ieee30,ieee30_structural_group_02,2,30532010.0,aggregate_e0_to_e3,sensitivity_initial_mean,-0.0012144334890161,-0.0014602130354602,0.000245779546444,0.2023820560507815,true,1e-06,false,win,true
ieee30_structural_group_02_realization_02_seed_30202_8x8_held_out_seed30532010_coordinate_e0,ieee30_structural_group_02_realization_02_seed_30202_8x8,ieee30,ieee30_structural_group_02,2,30532010.0,coordinate_e0,balanced_magnitude,0.0001911818512445,0.0002920698924226,0.000100888041178,0.527707209242652,true,1e-06,false,win,true
ieee30_structural_group_02_realization_02_seed_30202_8x8_held_out_seed30532010_coordinate_e0,ieee30_structural_group_02_realization_02_seed_30202_8x8,ieee30,ieee30_structural_group_02,2,30532010.0,coordinate_e0,sensitivity_initial_mean,0.0001911818512445,0.0001464115886339,4.477026261061752e-05,0.2341763212312143,true,1e-06,false,win,true
ieee30_structural_group_02_realization_02_seed_30202_8x8_held_out_seed30532010_signed_difference_e0_minus_e1,ieee30_structural_group_02_realization_02_seed_30202_8x8,ieee30,ieee30_structural_group_02,2,30532010.0,signed_difference_e0_minus_e1,balanced_magnitude,0.0004533412492942,0.0002559160735037,0.0001974251757905,0.4354891069319016,true,1e-06,false,loss,true
ieee30_structural_group_02_realization_02_seed_30202_8x8_held_out_seed30532010_signed_difference_e0_minus_e1,ieee30_structural_group_02_realization_02_seed_30202_8x8,ieee30,ieee30_structural_group_02,2,30532010.0,signed_difference_e0_minus_e1,sensitivity_initial_mean,0.0004533412492942,0.00017533608756,0.0002780051617342,0.6132359721667404,true,1e-06,false,loss,true
ieee30_structural_group_02_realization_02_seed_30202_8x8_held_out_seed30532011_aggregate_e0_to_e3,ieee30_structural_group_02_realization_02_seed_30202_8x8,ieee30,ieee30_structural_group_02,2,30532011.0,aggregate_e0_to_e3,balanced_magnitude,-0.0008766045549365,-0.0015134921772651,0.0006368876223286,0.7265392573447816,true,1e-06,false,win,true
ieee30_structural_group_02_realization_02_seed_30202_8x8_held_out_seed30532011_aggregate_e0_to_e3,ieee30_structural_group_02_realization_02_seed_30202_8x8,ieee30,ieee30_structural_group_02,2,30532011.0,aggregate_e0_to_e3,sensitivity_initial_mean,-0.0008766045549365,-0.0002520661820824,0.0006245383728541,0.7124516628815777,true,1e-06,false,win,true
ieee30_structural_group_02_realization_02_seed_30202_8x8_held_out_seed30532011_coordinate_e0,ieee30_structural_group_02_realization_02_seed_30202_8x8,ieee30,ieee30_structural_group_02,2,30532011.0,coordinate_e0,balanced_magnitude,-0.0001535889582408,-0.0004138378372368,0.000260248878996,1.6944504473295054,true,1e-06,false,win,true
ieee30_structural_group_02_realization_02_seed_30202_8x8_held_out_seed30532011_coordinate_e0,ieee30_structural_group_02_realization_02_seed_30202_8x8,ieee30,ieee30_structural_group_02,2,30532011.0,coordinate_e0,sensitivity_initial_mean,-0.0001535889582408,-0.0003068331051032,0.0001532441468624,0.9977549728684127,true,1e-06,false,win,true
ieee30_structural_group_02_realization_02_seed_30202_8x8_held_out_seed30532011_signed_difference_e0_minus_e1,ieee30_structural_group_02_realization_02_seed_30202_8x8,ieee30,ieee30_structural_group_02,2,30532011.0,signed_difference_e0_minus_e1,balanced_magnitude,-0.0007096121185955,-0.0009440453548717,0.0002344332362762,0.3303681407530538,true,1e-06,false,win,true
ieee30_structural_group_02_realization_02_seed_30202_8x8_held_out_seed30532011_signed_difference_e0_minus_e1,ieee30_structural_group_02_realization_02_seed_30202_8x8,ieee30,ieee30_structural_group_02,2,30532011.0,signed_difference_e0_minus_e1,sensitivity_initial_mean,-0.0007096121185955,-0.0008827019523826,0.0001730898337871,0.2439217556341705,true,1e-06,false,win,true
ieee30_structural_group_02_realization_02_seed_30202_8x8_held_out_seed30532012_aggregate_e0_to_e3,ieee30_structural_group_02_realization_02_seed_30202_8x8,ieee30,ieee30_structural_group_02,2,30532012.0,aggregate_e0_to_e3,balanced_magnitude,-0.0014969048544914,-0.0005275080678048,0.0009693967866865,0.6476008036034444,true,1e-06,false,loss,true
ieee30_structural_group_02_realization_02_seed_30202_8x8_held_out_seed30532012_aggregate_e0_to_e3,ieee30_structural_group_02_realization_02_seed_30202_8x8,ieee30,ieee30_structural_group_02,2,30532012.0,aggregate_e0_to_e3,sensitivity_initial_mean,-0.0014969048544914,-0.00037161663604,0.0011252882184514,0.7517433155988593,true,1e-06,false,loss,true
ieee30_structural_group_02_realization_02_seed_30202_8x8_held_out_seed30532012_coordinate_e0,ieee30_structural_group_02_realization_02_seed_30202_8x8,ieee30,ieee30_structural_group_02,2,30532012.0,coordinate_e0,balanced_magnitude,-0.0018674616699306,-0.0013812740625106,0.0004861876074199,0.2603467665486351,true,1e-06,false,win,true
ieee30_structural_group_02_realization_02_seed_30202_8x8_held_out_seed30532012_coordinate_e0,ieee30_structural_group_02_realization_02_seed_30202_8x8,ieee30,ieee30_structural_group_02,2,30532012.0,coordinate_e0,sensitivity_initial_mean,-0.0018674616699306,-0.0019802719631474,0.0001128102932168,0.0604083580580591,false,1e-06,false,win,true
ieee30_structural_group_02_realization_02_seed_30202_8x8_held_out_seed30532012_signed_difference_e0_minus_e1,ieee30_structural_group_02_realization_02_seed_30202_8x8,ieee30,ieee30_structural_group_02,2,30532012.0,signed_difference_e0_minus_e1,balanced_magnitude,-0.003440887586837,-0.0034654132925474,2.4525705710480572e-05,0.007127726521582,false,1e-06,false,loss,true
ieee30_structural_group_02_realization_02_seed_30202_8x8_held_out_seed30532012_signed_difference_e0_minus_e1,ieee30_structural_group_02_realization_02_seed_30202_8x8,ieee30,ieee30_structural_group_02,2,30532012.0,signed_difference_e0_minus_e1,sensitivity_initial_mean,-0.003440887586837,-0.0037689631180545,0.0003280755312175,0.0953461927883253,false,1e-06,false,loss,true
ieee30_structural_group_02_realization_02_seed_30202_8x8_held_out_seed30532013_aggregate_e0_to_e3,ieee30_structural_group_02_realization_02_seed_30202_8x8,ieee30,ieee30_structural_group_02,2,30532013.0,aggregate_e0_to_e3,balanced_magnitude,-8.63181700260778e-05,-0.0001056968305053,1.937866047925355e-05,0.224502679718523,true,1e-06,false,loss,true
ieee30_structural_group_02_realization_02_seed_30202_8x8_held_out_seed30532013_aggregate_e0_to_e3,ieee30_structural_group_02_realization_02_seed_30202_8x8,ieee30,ieee30_structural_group_02,2,30532013.0,aggregate_e0_to_e3,sensitivity_initial_mean,-8.63181700260778e-05,-0.0012666013325826,0.0011802831625566,13.673635136148436,true,1e-06,false,loss,true
ieee30_structural_group_02_realization_02_seed_30202_8x8_held_out_seed30532013_coordinate_e0,ieee30_structural_group_02_realization_02_seed_30202_8x8,ieee30,ieee30_structural_group_02,2,30532013.0,coordinate_e0,balanced_magnitude,0.0002049108398897,-0.0007647306177655,0.0009696414576553,4.732016413464984,true,1e-06,false,win,true
ieee30_structural_group_02_realization_02_seed_30202_8x8_held_out_seed30532013_coordinate_e0,ieee30_structural_group_02_realization_02_seed_30202_8x8,ieee30,ieee30_structural_group_02,2,30532013.0,coordinate_e0,sensitivity_initial_mean,0.0002049108398897,0.0001081267207389,9.678411915086492e-05,0.4723230806282503,true,1e-06,false,win,true
ieee30_structural_group_02_realization_02_seed_30202_8x8_held_out_seed30532013_signed_difference_e0_minus_e1,ieee30_structural_group_02_realization_02_seed_30202_8x8,ieee30,ieee30_structural_group_02,2,30532013.0,signed_difference_e0_minus_e1,balanced_magnitude,0.0003096994158356,-0.0002231616436013,0.0005328610594369,1.7205749581386305,true,1e-06,false,win,true
ieee30_structural_group_02_realization_02_seed_30202_8x8_held_out_seed30532013_signed_difference_e0_minus_e1,ieee30_structural_group_02_realization_02_seed_30202_8x8,ieee30,ieee30_structural_group_02,2,30532013.0,signed_difference_e0_minus_e1,sensitivity_initial_mean,0.0003096994158356,0.0002490958200477,6.060359578794632e-05,0.1956852118187579,true,1e-06,false,win,true
ieee30_structural_group_02_realization_02_seed_30202_8x8_held_out_seed30532014_aggregate_e0_to_e3,ieee30_structural_group_02_realization_02_seed_30202_8x8,ieee30,ieee30_structural_group_02,2,30532014.0,aggregate_e0_to_e3,balanced_magnitude,-0.0022178062155577,-0.00238619274395,0.0001683865283923,0.0759248157981913,false,1e-06,false,loss,true
ieee30_structural_group_02_realization_02_seed_30202_8x8_held_out_seed30532014_aggregate_e0_to_e3,ieee30_structural_group_02_realization_02_seed_30202_8x8,ieee30,ieee30_structural_group_02,2,30532014.0,aggregate_e0_to_e3,sensitivity_initial_mean,-0.0022178062155577,-0.0019466027700682,0.0002712034454894,0.1222845547040972,true,1e-06,false,loss,true
ieee30_structural_group_02_realization_02_seed_30202_8x8_held_out_seed30532014_coordinate_e0,ieee30_structural_group_02_realization_02_seed_30202_8x8,ieee30,ieee30_structural_group_02,2,30532014.0,coordinate_e0,balanced_magnitude,-0.0019159093520962,-0.0024754397318306,0.0005595303797344,0.2920442865014695,true,1e-06,false,win,true
ieee30_structural_group_02_realization_02_seed_30202_8x8_held_out_seed30532014_coordinate_e0,ieee30_structural_group_02_realization_02_seed_30202_8x8,ieee30,ieee30_structural_group_02,2,30532014.0,coordinate_e0,sensitivity_initial_mean,-0.0019159093520962,-0.0022086636476634,0.0002927542955672,0.1528017467250689,true,1e-06,false,win,true
ieee30_structural_group_02_realization_02_seed_30202_8x8_held_out_seed30532014_signed_difference_e0_minus_e1,ieee30_structural_group_02_realization_02_seed_30202_8x8,ieee30,ieee30_structural_group_02,2,30532014.0,signed_difference_e0_minus_e1,balanced_magnitude,-0.0036829241786535,-0.0043246232733653,0.0006416990947118,0.1742363034327933,true,1e-06,false,win,true
ieee30_structural_group_02_realization_02_seed_30202_8x8_held_out_seed30532014_signed_difference_e0_minus_e1,ieee30_structural_group_02_realization_02_seed_30202_8x8,ieee30,ieee30_structural_group_02,2,30532014.0,signed_difference_e0_minus_e1,sensitivity_initial_mean,-0.0036829241786535,-0.0041561317632162,0.0004732075845627,0.1284869200689814,true,1e-06,false,win,true
ieee30_structural_group_02_realization_02_seed_30202_8x8_held_out_seed30532015_aggregate_e0_to_e3,ieee30_structural_group_02_realization_02_seed_30202_8x8,ieee30,ieee30_structural_group_02,2,30532015.0,aggregate_e0_to_e3,balanced_magnitude,0.0043802401046085,0.0035239105581,0.0008563295465084,0.1954983119778128,true,1e-06,false,loss,true
ieee30_structural_group_02_realization_02_seed_30202_8x8_held_out_seed30532015_aggregate_e0_to_e3,ieee30_structural_group_02_realization_02_seed_30202_8x8,ieee30,ieee30_structural_group_02,2,30532015.0,aggregate_e0_to_e3,sensitivity_initial_mean,0.0043802401046085,0.0028953063281789,0.0014849337764295,0.3390073925096502,true,1e-06,false,loss,true
ieee30_structural_group_02_realization_02_seed_30202_8x8_held_out_seed30532015_coordinate_e0,ieee30_structural_group_02_realization_02_seed_30202_8x8,ieee30,ieee30_structural_group_02,2,30532015.0,coordinate_e0,balanced_magnitude,5.866138689717033e-06,0.0002747315685438,0.0002688654298541,45.83345946549837,true,1e-06,false,win,true
ieee30_structural_group_02_realization_02_seed_30202_8x8_held_out_seed30532015_coordinate_e0,ieee30_structural_group_02_realization_02_seed_30202_8x8,ieee30,ieee30_structural_group_02,2,30532015.0,coordinate_e0,sensitivity_initial_mean,5.866138689717033e-06,-0.0001210349035816,0.0001269010422713,21.632806345649243,true,1e-06,false,win,true
ieee30_structural_group_02_realization_02_seed_30202_8x8_held_out_seed30532015_signed_difference_e0_minus_e1,ieee30_structural_group_02_realization_02_seed_30202_8x8,ieee30,ieee30_structural_group_02,2,30532015.0,signed_difference_e0_minus_e1,balanced_magnitude,-0.0012325136268425,-0.0001284423439123,0.0011040712829302,0.8957882970905415,true,1e-06,false,win,true
ieee30_structural_group_02_realization_02_seed_30202_8x8_held_out_seed30532015_signed_difference_e0_minus_e1,ieee30_structural_group_02_realization_02_seed_30202_8x8,ieee30,ieee30_structural_group_02,2,30532015.0,signed_difference_e0_minus_e1,sensitivity_initial_mean,-0.0012325136268425,-0.000341795042656,0.0008907185841865,0.7226845730446929,true,1e-06,false,win,true
ieee30_structural_group_02_realization_02_seed_30202_8x8_held_out_seed30532016_aggregate_e0_to_e3,ieee30_structural_group_02_realization_02_seed_30202_8x8,ieee30,ieee30_structural_group_02,2,30532016.0,aggregate_e0_to_e3,balanced_magnitude,0.0007287026483793,0.0004411365100464,0.0002875661383329,0.3946275466028715,true,1e-06,false,loss,true
ieee30_structural_group_02_realization_02_seed_30202_8x8_held_out_seed30532016_aggregate_e0_to_e3,ieee30_structural_group_02_realization_02_seed_30202_8x8,ieee30,ieee30_structural_group_02,2,30532016.0,aggregate_e0_to_e3,sensitivity_initial_mean,0.0007287026483793,0.0013694047483629,0.0006407020999835,0.8792366837261554,true,1e-06,false,loss,true
ieee30_structural_group_02_realization_02_seed_30202_8x8_held_out_seed30532016_coordinate_e0,ieee30_structural_group_02_realization_02_seed_30202_8x8,ieee30,ieee30_structural_group_02,2,30532016.0,coordinate_e0,balanced_magnitude,-0.0009567047116028,-0.0009159143562929,4.079035530998387e-05,0.0426363064959121,false,1e-06,false,loss,true
ieee30_structural_group_02_realization_02_seed_30202_8x8_held_out_seed30532016_coordinate_e0,ieee30_structural_group_02_realization_02_seed_30202_8x8,ieee30,ieee30_structural_group_02,2,30532016.0,coordinate_e0,sensitivity_initial_mean,-0.0009567047116028,-0.0009043298479647,5.237486363816554e-05,0.0547450671068771,false,1e-06,false,loss,true
ieee30_structural_group_02_realization_02_seed_30202_8x8_held_out_seed30532016_signed_difference_e0_minus_e1,ieee30_structural_group_02_realization_02_seed_30202_8x8,ieee30,ieee30_structural_group_02,2,30532016.0,signed_difference_e0_minus_e1,balanced_magnitude,-0.0016635532175199,-0.0015407902246421,0.0001227629928778,0.0737956511309217,false,1e-06,false,loss,true
ieee30_structural_group_02_realization_02_seed_30202_8x8_held_out_seed30532016_signed_difference_e0_minus_e1,ieee30_structural_group_02_realization_02_seed_30202_8x8,ieee30,ieee30_structural_group_02,2,30532016.0,signed_difference_e0_minus_e1,sensitivity_initial_mean,-0.0016635532175199,-0.0015247634483491,0.0001387897691708,0.0834297140056383,false,1e-06,false,loss,true
ieee30_structural_group_02_realization_02_seed_30202_8x8_held_out_seed30532017_aggregate_e0_to_e3,ieee30_structural_group_02_realization_02_seed_30202_8x8,ieee30,ieee30_structural_group_02,2,30532017.0,aggregate_e0_to_e3,balanced_magnitude,0.0046485973925102,0.0038566540702032,0.000791943322307,0.1703617791428928,true,1e-06,false,loss,true
ieee30_structural_group_02_realization_02_seed_30202_8x8_held_out_seed30532017_aggregate_e0_to_e3,ieee30_structural_group_02_realization_02_seed_30202_8x8,ieee30,ieee30_structural_group_02,2,30532017.0,aggregate_e0_to_e3,sensitivity_initial_mean,0.0046485973925102,0.0029805941153709,0.0016680032771393,0.3588186147991212,true,1e-06,false,loss,true
ieee30_structural_group_02_realization_02_seed_30202_8x8_held_out_seed30532017_coordinate_e0,ieee30_structural_group_02_realization_02_seed_30202_8x8,ieee30,ieee30_structural_group_02,2,30532017.0,coordinate_e0,balanced_magnitude,0.0008023725948449,0.0006015574741127,0.0002008151207321,0.2502766445693272,true,1e-06,false,win,true
ieee30_structural_group_02_realization_02_seed_30202_8x8_held_out_seed30532017_coordinate_e0,ieee30_structural_group_02_realization_02_seed_30202_8x8,ieee30,ieee30_structural_group_02,2,30532017.0,coordinate_e0,sensitivity_initial_mean,0.0008023725948449,0.0008168840079097,1.451141306486718e-05,0.0180856289934374,false,1e-06,false,win,true
ieee30_structural_group_02_realization_02_seed_30202_8x8_held_out_seed30532017_signed_difference_e0_minus_e1,ieee30_structural_group_02_realization_02_seed_30202_8x8,ieee30,ieee30_structural_group_02,2,30532017.0,signed_difference_e0_minus_e1,balanced_magnitude,0.000800670627113,0.0016582509513174,0.0008575803242044,1.0710775382089188,true,1e-06,false,loss,true
ieee30_structural_group_02_realization_02_seed_30202_8x8_held_out_seed30532017_signed_difference_e0_minus_e1,ieee30_structural_group_02_realization_02_seed_30202_8x8,ieee30,ieee30_structural_group_02,2,30532017.0,signed_difference_e0_minus_e1,sensitivity_initial_mean,0.000800670627113,0.0017662388999081,0.0009655682727951,1.2059494130272883,true,1e-06,false,loss,true
ieee30_structural_group_02_realization_02_seed_30202_8x8_held_out_seed30532018_aggregate_e0_to_e3,ieee30_structural_group_02_realization_02_seed_30202_8x8,ieee30,ieee30_structural_group_02,2,30532018.0,aggregate_e0_to_e3,balanced_magnitude,-0.0015554688315078,-0.0012714376662764,0.0002840311652313,0.1826016436189498,true,1e-06,false,loss,true
ieee30_structural_group_02_realization_02_seed_30202_8x8_held_out_seed30532018_aggregate_e0_to_e3,ieee30_structural_group_02_realization_02_seed_30202_8x8,ieee30,ieee30_structural_group_02,2,30532018.0,aggregate_e0_to_e3,sensitivity_initial_mean,-0.0015554688315078,-0.0020658873346987,0.0005104185031909,0.3281444750623169,true,1e-06,false,loss,true
ieee30_structural_group_02_realization_02_seed_30202_8x8_held_out_seed30532018_coordinate_e0,ieee30_structural_group_02_realization_02_seed_30202_8x8,ieee30,ieee30_structural_group_02,2,30532018.0,coordinate_e0,balanced_magnitude,0.0003080520826571,0.0005305060101884,0.0002224539275313,0.7221308994651998,true,1e-06,false,win,true
ieee30_structural_group_02_realization_02_seed_30202_8x8_held_out_seed30532018_coordinate_e0,ieee30_structural_group_02_realization_02_seed_30202_8x8,ieee30,ieee30_structural_group_02,2,30532018.0,coordinate_e0,sensitivity_initial_mean,0.0003080520826571,0.0002100639154714,9.798816718565564e-05,0.3180896111477521,true,1e-06,false,win,true
ieee30_structural_group_02_realization_02_seed_30202_8x8_held_out_seed30532018_signed_difference_e0_minus_e1,ieee30_structural_group_02_realization_02_seed_30202_8x8,ieee30,ieee30_structural_group_02,2,30532018.0,signed_difference_e0_minus_e1,balanced_magnitude,0.0004941812054637,0.0003736795167518,0.0001205016887118,0.2438410999437985,true,1e-06,false,loss,true
ieee30_structural_group_02_realization_02_seed_30202_8x8_held_out_seed30532018_signed_difference_e0_minus_e1,ieee30_structural_group_02_realization_02_seed_30202_8x8,ieee30,ieee30_structural_group_02,2,30532018.0,signed_difference_e0_minus_e1,sensitivity_initial_mean,0.0004941812054637,0.00019761406843,0.0002965671370336,0.6001182031100849,true,1e-06,false,loss,true
ieee30_structural_group_02_realization_02_seed_30202_8x8_held_out_seed30532019_aggregate_e0_to_e3,ieee30_structural_group_02_realization_02_seed_30202_8x8,ieee30,ieee30_structural_group_02,2,30532019.0,aggregate_e0_to_e3,balanced_magnitude,0.0019752985918957,0.0027384781910058,0.00076317959911,0.3863616378006097,true,1e-06,false,win,true
ieee30_structural_group_02_realization_02_seed_30202_8x8_held_out_seed30532019_aggregate_e0_to_e3,ieee30_structural_group_02_realization_02_seed_30202_8x8,ieee30,ieee30_structural_group_02,2,30532019.0,aggregate_e0_to_e3,sensitivity_initial_mean,0.0019752985918957,0.0014453073424331,0.0005299912494626,0.2683094351593651,true,1e-06,false,win,true
ieee30_structural_group_02_realization_02_seed_30202_8x8_held_out_seed30532019_coordinate_e0,ieee30_structural_group_02_realization_02_seed_30202_8x8,ieee30,ieee30_structural_group_02,2,30532019.0,coordinate_e0,balanced_magnitude,-0.001202860655575,-0.000942309315496,0.0002605513400789,0.2166097451698785,true,1e-06,false,win,true
ieee30_structural_group_02_realization_02_seed_30202_8x8_held_out_seed30532019_coordinate_e0,ieee30_structural_group_02_realization_02_seed_30202_8x8,ieee30,ieee30_structural_group_02,2,30532019.0,coordinate_e0,sensitivity_initial_mean,-0.001202860655575,-0.0013510574438767,0.0001481967883016,0.1232036209803943,true,1e-06,false,win,true
ieee30_structural_group_02_realization_02_seed_30202_8x8_held_out_seed30532019_signed_difference_e0_minus_e1,ieee30_structural_group_02_realization_02_seed_30202_8x8,ieee30,ieee30_structural_group_02,2,30532019.0,signed_difference_e0_minus_e1,balanced_magnitude,-0.0028641237867655,-0.0023263908879411,0.0005377328988243,0.1877477856610531,true,1e-06,false,win,true
ieee30_structural_group_02_realization_02_seed_30202_8x8_held_out_seed30532019_signed_difference_e0_minus_e1,ieee30_structural_group_02_realization_02_seed_30202_8x8,ieee30,ieee30_structural_group_02,2,30532019.0,signed_difference_e0_minus_e1,sensitivity_initial_mean,-0.0028641237867655,-0.0025335319470073,0.0003305918397581,0.1154251227847612,true,1e-06,false,win,true
ieee30_structural_group_03_realization_01_seed_30201_8x8_held_out_seed30542000_aggregate_e0_to_e3,ieee30_structural_group_03_realization_01_seed_30201_8x8,ieee30,ieee30_structural_group_03,1,30542000.0,aggregate_e0_to_e3,balanced_magnitude,0.0018532843365051,0.0020235483611003,0.0001702640245951,0.0918715068386544,false,1e-06,false,loss,true
ieee30_structural_group_03_realization_01_seed_30201_8x8_held_out_seed30542000_aggregate_e0_to_e3,ieee30_structural_group_03_realization_01_seed_30201_8x8,ieee30,ieee30_structural_group_03,1,30542000.0,aggregate_e0_to_e3,sensitivity_initial_mean,0.0018532843365051,0.002033974087116,0.0001806897506109,0.0974970472969837,false,1e-06,false,loss,true
ieee30_structural_group_03_realization_01_seed_30201_8x8_held_out_seed30542000_coordinate_e0,ieee30_structural_group_03_realization_01_seed_30201_8x8,ieee30,ieee30_structural_group_03,1,30542000.0,coordinate_e0,balanced_magnitude,0.0016673954174593,0.0016673954174593,0.0,0.0,false,1e-06,false,tie,true
ieee30_structural_group_03_realization_01_seed_30201_8x8_held_out_seed30542000_coordinate_e0,ieee30_structural_group_03_realization_01_seed_30201_8x8,ieee30,ieee30_structural_group_03,1,30542000.0,coordinate_e0,sensitivity_initial_mean,0.0016673954174593,0.0016673954174593,0.0,0.0,false,1e-06,false,tie,true
ieee30_structural_group_03_realization_01_seed_30201_8x8_held_out_seed30542000_signed_difference_e0_minus_e1,ieee30_structural_group_03_realization_01_seed_30201_8x8,ieee30,ieee30_structural_group_03,1,30542000.0,signed_difference_e0_minus_e1,balanced_magnitude,0.0023793656884212,0.0021458099650642,0.000233555723357,0.0981588179125171,false,1e-06,false,win,true
ieee30_structural_group_03_realization_01_seed_30201_8x8_held_out_seed30542000_signed_difference_e0_minus_e1,ieee30_structural_group_03_realization_01_seed_30201_8x8,ieee30,ieee30_structural_group_03,1,30542000.0,signed_difference_e0_minus_e1,sensitivity_initial_mean,0.0023793656884212,0.0022441087643376,0.0001352569240836,0.0568457907676007,false,1e-06,false,win,true
ieee30_structural_group_03_realization_01_seed_30201_8x8_held_out_seed30542001_aggregate_e0_to_e3,ieee30_structural_group_03_realization_01_seed_30201_8x8,ieee30,ieee30_structural_group_03,1,30542001.0,aggregate_e0_to_e3,balanced_magnitude,-0.0002695901850421,4.091302638290482e-05,0.0003105032114251,1.151760073819086,true,1e-06,false,win,true
ieee30_structural_group_03_realization_01_seed_30201_8x8_held_out_seed30542001_aggregate_e0_to_e3,ieee30_structural_group_03_realization_01_seed_30201_8x8,ieee30,ieee30_structural_group_03,1,30542001.0,aggregate_e0_to_e3,sensitivity_initial_mean,-0.0002695901850421,-2.8641142829217897e-05,0.0002409490422129,0.8937604392951659,true,1e-06,false,win,true
ieee30_structural_group_03_realization_01_seed_30201_8x8_held_out_seed30542001_coordinate_e0,ieee30_structural_group_03_realization_01_seed_30201_8x8,ieee30,ieee30_structural_group_03,1,30542001.0,coordinate_e0,balanced_magnitude,-0.0033932810648454,-0.0033932810648454,0.0,0.0,false,1e-06,false,tie,true
ieee30_structural_group_03_realization_01_seed_30201_8x8_held_out_seed30542001_coordinate_e0,ieee30_structural_group_03_realization_01_seed_30201_8x8,ieee30,ieee30_structural_group_03,1,30542001.0,coordinate_e0,sensitivity_initial_mean,-0.0033932810648454,-0.0033932810648454,0.0,0.0,false,1e-06,false,tie,true
ieee30_structural_group_03_realization_01_seed_30201_8x8_held_out_seed30542001_signed_difference_e0_minus_e1,ieee30_structural_group_03_realization_01_seed_30201_8x8,ieee30,ieee30_structural_group_03,1,30542001.0,signed_difference_e0_minus_e1,balanced_magnitude,-0.0014241109581206,-0.0018649350423731,0.0004408240842524,0.3095433552693292,true,1e-06,false,win,true
ieee30_structural_group_03_realization_01_seed_30201_8x8_held_out_seed30542001_signed_difference_e0_minus_e1,ieee30_structural_group_03_realization_01_seed_30201_8x8,ieee30,ieee30_structural_group_03,1,30542001.0,signed_difference_e0_minus_e1,sensitivity_initial_mean,-0.0014241109581206,-0.0015559578517077,0.000131846893587,0.092581896681057,false,1e-06,false,win,true
ieee30_structural_group_03_realization_01_seed_30201_8x8_held_out_seed30542002_aggregate_e0_to_e3,ieee30_structural_group_03_realization_01_seed_30201_8x8,ieee30,ieee30_structural_group_03,1,30542002.0,aggregate_e0_to_e3,balanced_magnitude,-0.0001639911780838,0.0004026237735314,0.0005666149516153,3.4551550774614395,true,1e-06,false,win,true
ieee30_structural_group_03_realization_01_seed_30201_8x8_held_out_seed30542002_aggregate_e0_to_e3,ieee30_structural_group_03_realization_01_seed_30201_8x8,ieee30,ieee30_structural_group_03,1,30542002.0,aggregate_e0_to_e3,sensitivity_initial_mean,-0.0001639911780838,5.2720012078066e-06,0.0001692631792916,1.0321480781430243,true,1e-06,false,win,true
ieee30_structural_group_03_realization_01_seed_30201_8x8_held_out_seed30542002_coordinate_e0,ieee30_structural_group_03_realization_01_seed_30201_8x8,ieee30,ieee30_structural_group_03,1,30542002.0,coordinate_e0,balanced_magnitude,0.0008277944446731,0.0008277944446731,0.0,0.0,false,1e-06,false,tie,true
ieee30_structural_group_03_realization_01_seed_30201_8x8_held_out_seed30542002_coordinate_e0,ieee30_structural_group_03_realization_01_seed_30201_8x8,ieee30,ieee30_structural_group_03,1,30542002.0,coordinate_e0,sensitivity_initial_mean,0.0008277944446731,0.0008277944446731,0.0,0.0,false,1e-06,false,tie,true
ieee30_structural_group_03_realization_01_seed_30201_8x8_held_out_seed30542002_signed_difference_e0_minus_e1,ieee30_structural_group_03_realization_01_seed_30201_8x8,ieee30,ieee30_structural_group_03,1,30542002.0,signed_difference_e0_minus_e1,balanced_magnitude,0.0021650936177939,0.0019600711333124,0.0002050224844814,0.0946945124203856,false,1e-06,false,win,true
ieee30_structural_group_03_realization_01_seed_30201_8x8_held_out_seed30542002_signed_difference_e0_minus_e1,ieee30_structural_group_03_realization_01_seed_30201_8x8,ieee30,ieee30_structural_group_03,1,30542002.0,signed_difference_e0_minus_e1,sensitivity_initial_mean,0.0021650936177939,0.0020876111131207,7.748250467311518e-05,0.0357871382726002,false,1e-06,false,win,true
ieee30_structural_group_03_realization_01_seed_30201_8x8_held_out_seed30542003_aggregate_e0_to_e3,ieee30_structural_group_03_realization_01_seed_30201_8x8,ieee30,ieee30_structural_group_03,1,30542003.0,aggregate_e0_to_e3,balanced_magnitude,-0.0008807252026637,-0.0007312746766399,0.0001494505260237,0.1696903024595908,true,1e-06,false,win,true
ieee30_structural_group_03_realization_01_seed_30201_8x8_held_out_seed30542003_aggregate_e0_to_e3,ieee30_structural_group_03_realization_01_seed_30201_8x8,ieee30,ieee30_structural_group_03,1,30542003.0,aggregate_e0_to_e3,sensitivity_initial_mean,-0.0008807252026637,-0.0008976527013076,1.69274986439314e-05,0.0192199548653019,false,1e-06,false,win,true
ieee30_structural_group_03_realization_01_seed_30201_8x8_held_out_seed30542003_coordinate_e0,ieee30_structural_group_03_realization_01_seed_30201_8x8,ieee30,ieee30_structural_group_03,1,30542003.0,coordinate_e0,balanced_magnitude,0.000112142567746,0.000112142567746,0.0,0.0,false,1e-06,false,tie,true
ieee30_structural_group_03_realization_01_seed_30201_8x8_held_out_seed30542003_coordinate_e0,ieee30_structural_group_03_realization_01_seed_30201_8x8,ieee30,ieee30_structural_group_03,1,30542003.0,coordinate_e0,sensitivity_initial_mean,0.000112142567746,0.000112142567746,0.0,0.0,false,1e-06,false,tie,true
ieee30_structural_group_03_realization_01_seed_30201_8x8_held_out_seed30542003_signed_difference_e0_minus_e1,ieee30_structural_group_03_realization_01_seed_30201_8x8,ieee30,ieee30_structural_group_03,1,30542003.0,signed_difference_e0_minus_e1,balanced_magnitude,0.0005907944907919,0.0006982479918156,0.0001074535010237,0.1818796598453011,true,1e-06,false,win,true
ieee30_structural_group_03_realization_01_seed_30201_8x8_held_out_seed30542003_signed_difference_e0_minus_e1,ieee30_structural_group_03_realization_01_seed_30201_8x8,ieee30,ieee30_structural_group_03,1,30542003.0,signed_difference_e0_minus_e1,sensitivity_initial_mean,0.0005907944907919,0.0005988370782397,8.042587447760563e-06,0.0136131727243757,false,1e-06,false,win,true
ieee30_structural_group_03_realization_01_seed_30201_8x8_held_out_seed30542004_aggregate_e0_to_e3,ieee30_structural_group_03_realization_01_seed_30201_8x8,ieee30,ieee30_structural_group_03,1,30542004.0,aggregate_e0_to_e3,balanced_magnitude,0.0006006988671736,0.0010754606515162,0.0004747617843425,0.7903490588825315,true,1e-06,false,win,true
ieee30_structural_group_03_realization_01_seed_30201_8x8_held_out_seed30542004_aggregate_e0_to_e3,ieee30_structural_group_03_realization_01_seed_30201_8x8,ieee30,ieee30_structural_group_03,1,30542004.0,aggregate_e0_to_e3,sensitivity_initial_mean,0.0006006988671736,0.0008209436463067,0.000220244779133,0.3666475686384293,true,1e-06,false,win,true
ieee30_structural_group_03_realization_01_seed_30201_8x8_held_out_seed30542004_coordinate_e0,ieee30_structural_group_03_realization_01_seed_30201_8x8,ieee30,ieee30_structural_group_03,1,30542004.0,coordinate_e0,balanced_magnitude,0.0007057741459772,0.0007057741459772,0.0,0.0,false,1e-06,false,tie,true
ieee30_structural_group_03_realization_01_seed_30201_8x8_held_out_seed30542004_coordinate_e0,ieee30_structural_group_03_realization_01_seed_30201_8x8,ieee30,ieee30_structural_group_03,1,30542004.0,coordinate_e0,sensitivity_initial_mean,0.0007057741459772,0.0007057741459772,0.0,0.0,false,1e-06,false,tie,true
ieee30_structural_group_03_realization_01_seed_30201_8x8_held_out_seed30542004_signed_difference_e0_minus_e1,ieee30_structural_group_03_realization_01_seed_30201_8x8,ieee30,ieee30_structural_group_03,1,30542004.0,signed_difference_e0_minus_e1,balanced_magnitude,0.0022588092588623,0.0019822259551853,0.0002765833036769,0.1224465069778794,true,1e-06,false,win,true
ieee30_structural_group_03_realization_01_seed_30201_8x8_held_out_seed30542004_signed_difference_e0_minus_e1,ieee30_structural_group_03_realization_01_seed_30201_8x8,ieee30,ieee30_structural_group_03,1,30542004.0,signed_difference_e0_minus_e1,sensitivity_initial_mean,0.0022588092588623,0.0021255762372716,0.0001332330215907,0.058983741574477,false,1e-06,false,win,true
ieee30_structural_group_03_realization_01_seed_30201_8x8_held_out_seed30542005_aggregate_e0_to_e3,ieee30_structural_group_03_realization_01_seed_30201_8x8,ieee30,ieee30_structural_group_03,1,30542005.0,aggregate_e0_to_e3,balanced_magnitude,0.0013297253505945,0.0014911207800969,0.0001613954295023,0.1213750113361353,true,1e-06,false,tie,true
ieee30_structural_group_03_realization_01_seed_30201_8x8_held_out_seed30542005_aggregate_e0_to_e3,ieee30_structural_group_03_realization_01_seed_30201_8x8,ieee30,ieee30_structural_group_03,1,30542005.0,aggregate_e0_to_e3,sensitivity_initial_mean,0.0013297253505945,0.001490842455762,0.0001611171051675,0.1211657016958097,true,1e-06,false,tie,true
ieee30_structural_group_03_realization_01_seed_30201_8x8_held_out_seed30542005_coordinate_e0,ieee30_structural_group_03_realization_01_seed_30201_8x8,ieee30,ieee30_structural_group_03,1,30542005.0,coordinate_e0,balanced_magnitude,0.0002117871983496,0.0002117871983496,0.0,0.0,false,1e-06,false,tie,true
ieee30_structural_group_03_realization_01_seed_30201_8x8_held_out_seed30542005_coordinate_e0,ieee30_structural_group_03_realization_01_seed_30201_8x8,ieee30,ieee30_structural_group_03,1,30542005.0,coordinate_e0,sensitivity_initial_mean,0.0002117871983496,0.0002117871983496,0.0,0.0,false,1e-06,false,tie,true
ieee30_structural_group_03_realization_01_seed_30201_8x8_held_out_seed30542005_signed_difference_e0_minus_e1,ieee30_structural_group_03_realization_01_seed_30201_8x8,ieee30,ieee30_structural_group_03,1,30542005.0,signed_difference_e0_minus_e1,balanced_magnitude,0.0005663223016236,0.0002362763121862,0.0003300459894373,0.5827882611918184,true,1e-06,false,win,true
ieee30_structural_group_03_realization_01_seed_30201_8x8_held_out_seed30542005_signed_difference_e0_minus_e1,ieee30_structural_group_03_realization_01_seed_30201_8x8,ieee30,ieee30_structural_group_03,1,30542005.0,signed_difference_e0_minus_e1,sensitivity_initial_mean,0.0005663223016236,0.0004825716748884,8.375062673512143e-05,0.1478850938679513,true,1e-06,false,win,true
ieee30_structural_group_03_realization_01_seed_30201_8x8_held_out_seed30542006_aggregate_e0_to_e3,ieee30_structural_group_03_realization_01_seed_30201_8x8,ieee30,ieee30_structural_group_03,1,30542006.0,aggregate_e0_to_e3,balanced_magnitude,-0.0004485157932484,-0.0006710849421991,0.0002225691489507,0.4962348088987029,true,1e-06,false,loss,true
ieee30_structural_group_03_realization_01_seed_30201_8x8_held_out_seed30542006_aggregate_e0_to_e3,ieee30_structural_group_03_realization_01_seed_30201_8x8,ieee30,ieee30_structural_group_03,1,30542006.0,aggregate_e0_to_e3,sensitivity_initial_mean,-0.0004485157932484,-0.0007073963667147,0.0002588805734662,0.5771938856183646,true,1e-06,false,loss,true
ieee30_structural_group_03_realization_01_seed_30201_8x8_held_out_seed30542006_coordinate_e0,ieee30_structural_group_03_realization_01_seed_30201_8x8,ieee30,ieee30_structural_group_03,1,30542006.0,coordinate_e0,balanced_magnitude,0.0014399914325973,0.0014399914325973,0.0,0.0,false,1e-06,false,tie,true
ieee30_structural_group_03_realization_01_seed_30201_8x8_held_out_seed30542006_coordinate_e0,ieee30_structural_group_03_realization_01_seed_30201_8x8,ieee30,ieee30_structural_group_03,1,30542006.0,coordinate_e0,sensitivity_initial_mean,0.0014399914325973,0.0014399914325973,0.0,0.0,false,1e-06,false,tie,true
ieee30_structural_group_03_realization_01_seed_30201_8x8_held_out_seed30542006_signed_difference_e0_minus_e1,ieee30_structural_group_03_realization_01_seed_30201_8x8,ieee30,ieee30_structural_group_03,1,30542006.0,signed_difference_e0_minus_e1,balanced_magnitude,-0.0014155180325904,-0.0012149071950966,0.0002006108374938,0.1417225587205616,true,1e-06,false,loss,true
ieee30_structural_group_03_realization_01_seed_30201_8x8_held_out_seed30542006_signed_difference_e0_minus_e1,ieee30_structural_group_03_realization_01_seed_30201_8x8,ieee30,ieee30_structural_group_03,1,30542006.0,signed_difference_e0_minus_e1,sensitivity_initial_mean,-0.0014155180325904,-0.0011781875376636,0.0002373304949268,0.167663349715509,true,1e-06,false,loss,true
ieee30_structural_group_03_realization_01_seed_30201_8x8_held_out_seed30542007_aggregate_e0_to_e3,ieee30_structural_group_03_realization_01_seed_30201_8x8,ieee30,ieee30_structural_group_03,1,30542007.0,aggregate_e0_to_e3,balanced_magnitude,-0.0011891504000309,-0.0013630798434874,0.0001739294434565,0.1462636210289487,true,1e-06,false,win,true
ieee30_structural_group_03_realization_01_seed_30201_8x8_held_out_seed30542007_aggregate_e0_to_e3,ieee30_structural_group_03_realization_01_seed_30201_8x8,ieee30,ieee30_structural_group_03,1,30542007.0,aggregate_e0_to_e3,sensitivity_initial_mean,-0.0011891504000309,-0.0012525730588894,6.342265885855261e-05,0.053334430074534,false,1e-06,false,win,true
ieee30_structural_group_03_realization_01_seed_30201_8x8_held_out_seed30542007_coordinate_e0,ieee30_structural_group_03_realization_01_seed_30201_8x8,ieee30,ieee30_structural_group_03,1,30542007.0,coordinate_e0,balanced_magnitude,-0.0025810075681265,-0.0025810075681265,0.0,0.0,false,1e-06,false,tie,true
ieee30_structural_group_03_realization_01_seed_30201_8x8_held_out_seed30542007_coordinate_e0,ieee30_structural_group_03_realization_01_seed_30201_8x8,ieee30,ieee30_structural_group_03,1,30542007.0,coordinate_e0,sensitivity_initial_mean,-0.0025810075681265,-0.0025810075681265,0.0,0.0,false,1e-06,false,tie,true
ieee30_structural_group_03_realization_01_seed_30201_8x8_held_out_seed30542007_signed_difference_e0_minus_e1,ieee30_structural_group_03_realization_01_seed_30201_8x8,ieee30,ieee30_structural_group_03,1,30542007.0,signed_difference_e0_minus_e1,balanced_magnitude,-0.0024485895209352,-0.0023836470241068,6.494249682843399e-05,0.0265224106667041,false,1e-06,false,win,true
ieee30_structural_group_03_realization_01_seed_30201_8x8_held_out_seed30542007_signed_difference_e0_minus_e1,ieee30_structural_group_03_realization_01_seed_30201_8x8,ieee30,ieee30_structural_group_03,1,30542007.0,signed_difference_e0_minus_e1,sensitivity_initial_mean,-0.0024485895209352,-0.0024101249400078,3.8464580927471265e-05,0.015708872638146,false,1e-06,false,win,true
ieee30_structural_group_03_realization_01_seed_30201_8x8_held_out_seed30542008_aggregate_e0_to_e3,ieee30_structural_group_03_realization_01_seed_30201_8x8,ieee30,ieee30_structural_group_03,1,30542008.0,aggregate_e0_to_e3,balanced_magnitude,0.0003212603403222,-5.622287620503418e-05,0.0003774832165273,1.1750072111254988,true,1e-06,false,win,true
ieee30_structural_group_03_realization_01_seed_30201_8x8_held_out_seed30542008_aggregate_e0_to_e3,ieee30_structural_group_03_realization_01_seed_30201_8x8,ieee30,ieee30_structural_group_03,1,30542008.0,aggregate_e0_to_e3,sensitivity_initial_mean,0.0003212603403222,0.000266238420369,5.502191995326758e-05,0.1712689462324161,true,1e-06,false,win,true
ieee30_structural_group_03_realization_01_seed_30201_8x8_held_out_seed30542008_coordinate_e0,ieee30_structural_group_03_realization_01_seed_30201_8x8,ieee30,ieee30_structural_group_03,1,30542008.0,coordinate_e0,balanced_magnitude,-0.000215793385805,-0.000215793385805,0.0,0.0,false,1e-06,false,tie,true
ieee30_structural_group_03_realization_01_seed_30201_8x8_held_out_seed30542008_coordinate_e0,ieee30_structural_group_03_realization_01_seed_30201_8x8,ieee30,ieee30_structural_group_03,1,30542008.0,coordinate_e0,sensitivity_initial_mean,-0.000215793385805,-0.000215793385805,0.0,0.0,false,1e-06,false,tie,true
ieee30_structural_group_03_realization_01_seed_30201_8x8_held_out_seed30542008_signed_difference_e0_minus_e1,ieee30_structural_group_03_realization_01_seed_30201_8x8,ieee30,ieee30_structural_group_03,1,30542008.0,signed_difference_e0_minus_e1,balanced_magnitude,8.503944055319974e-05,0.0003216722548848,0.0002366328143316,2.7826243069368877,true,1e-06,false,win,true
ieee30_structural_group_03_realization_01_seed_30201_8x8_held_out_seed30542008_signed_difference_e0_minus_e1,ieee30_structural_group_03_realization_01_seed_30201_8x8,ieee30,ieee30_structural_group_03,1,30542008.0,signed_difference_e0_minus_e1,sensitivity_initial_mean,8.503944055319974e-05,3.2992531139951816e-05,5.204690941324792e-05,0.6120325942253577,true,1e-06,false,win,true
ieee30_structural_group_03_realization_01_seed_30201_8x8_held_out_seed30542009_aggregate_e0_to_e3,ieee30_structural_group_03_realization_01_seed_30201_8x8,ieee30,ieee30_structural_group_03,1,30542009.0,aggregate_e0_to_e3,balanced_magnitude,0.0007719531147872,0.0003838691987462,0.000388083916041,0.5027299049735562,true,1e-06,false,win,true
ieee30_structural_group_03_realization_01_seed_30201_8x8_held_out_seed30542009_aggregate_e0_to_e3,ieee30_structural_group_03_realization_01_seed_30201_8x8,ieee30,ieee30_structural_group_03,1,30542009.0,aggregate_e0_to_e3,sensitivity_initial_mean,0.0007719531147872,0.0007255685696076,4.638454517953347e-05,0.0600872569732667,false,1e-06,false,win,true
ieee30_structural_group_03_realization_01_seed_30201_8x8_held_out_seed30542009_coordinate_e0,ieee30_structural_group_03_realization_01_seed_30201_8x8,ieee30,ieee30_structural_group_03,1,30542009.0,coordinate_e0,balanced_magnitude,-0.0006254582674973,-0.0006254582674973,0.0,0.0,false,1e-06,false,tie,true
ieee30_structural_group_03_realization_01_seed_30201_8x8_held_out_seed30542009_coordinate_e0,ieee30_structural_group_03_realization_01_seed_30201_8x8,ieee30,ieee30_structural_group_03,1,30542009.0,coordinate_e0,sensitivity_initial_mean,-0.0006254582674973,-0.0006254582674973,0.0,0.0,false,1e-06,false,tie,true
ieee30_structural_group_03_realization_01_seed_30201_8x8_held_out_seed30542009_signed_difference_e0_minus_e1,ieee30_structural_group_03_realization_01_seed_30201_8x8,ieee30,ieee30_structural_group_03,1,30542009.0,signed_difference_e0_minus_e1,balanced_magnitude,-0.0012236939764194,-0.0011917429770187,3.1950999400639276e-05,0.0261102857547184,false,1e-06,false,win,true
ieee30_structural_group_03_realization_01_seed_30201_8x8_held_out_seed30542009_signed_difference_e0_minus_e1,ieee30_structural_group_03_realization_01_seed_30201_8x8,ieee30,ieee30_structural_group_03,1,30542009.0,signed_difference_e0_minus_e1,sensitivity_initial_mean,-0.0012236939764194,-0.0012261205773479,2.426600928547625e-06,0.0019830128899121,false,1e-06,false,win,true
ieee30_structural_group_03_realization_01_seed_30201_8x8_held_out_seed30542010_aggregate_e0_to_e3,ieee30_structural_group_03_realization_01_seed_30201_8x8,ieee30,ieee30_structural_group_03,1,30542010.0,aggregate_e0_to_e3,balanced_magnitude,0.000685252373318,0.0008640233064847,0.0001787709331667,0.2608833476943595,true,1e-06,false,loss,true
ieee30_structural_group_03_realization_01_seed_30201_8x8_held_out_seed30542010_aggregate_e0_to_e3,ieee30_structural_group_03_realization_01_seed_30201_8x8,ieee30,ieee30_structural_group_03,1,30542010.0,aggregate_e0_to_e3,sensitivity_initial_mean,0.000685252373318,0.0009424009034388,0.0002571485301207,0.3752610572884555,true,1e-06,false,loss,true
ieee30_structural_group_03_realization_01_seed_30201_8x8_held_out_seed30542010_coordinate_e0,ieee30_structural_group_03_realization_01_seed_30201_8x8,ieee30,ieee30_structural_group_03,1,30542010.0,coordinate_e0,balanced_magnitude,-0.0024354804423572,-0.0024354804423572,0.0,0.0,false,1e-06,false,tie,true
ieee30_structural_group_03_realization_01_seed_30201_8x8_held_out_seed30542010_coordinate_e0,ieee30_structural_group_03_realization_01_seed_30201_8x8,ieee30,ieee30_structural_group_03,1,30542010.0,coordinate_e0,sensitivity_initial_mean,-0.0024354804423572,-0.0024354804423572,0.0,0.0,false,1e-06,false,tie,true
ieee30_structural_group_03_realization_01_seed_30201_8x8_held_out_seed30542010_signed_difference_e0_minus_e1,ieee30_structural_group_03_realization_01_seed_30201_8x8,ieee30,ieee30_structural_group_03,1,30542010.0,signed_difference_e0_minus_e1,balanced_magnitude,-0.0004632868571017,-0.000868027662468,0.0004047408053662,0.873628938878654,true,1e-06,false,win,true
ieee30_structural_group_03_realization_01_seed_30201_8x8_held_out_seed30542010_signed_difference_e0_minus_e1,ieee30_structural_group_03_realization_01_seed_30201_8x8,ieee30,ieee30_structural_group_03,1,30542010.0,signed_difference_e0_minus_e1,sensitivity_initial_mean,-0.0004632868571017,-0.0006441568594311,0.0001808700023293,0.3904060725158961,true,1e-06,false,win,true
ieee30_structural_group_03_realization_01_seed_30201_8x8_held_out_seed30542011_aggregate_e0_to_e3,ieee30_structural_group_03_realization_01_seed_30201_8x8,ieee30,ieee30_structural_group_03,1,30542011.0,aggregate_e0_to_e3,balanced_magnitude,-0.000187309185695,-7.509039208300006e-05,0.000112218793612,0.599109932573,true,1e-06,false,win,true
ieee30_structural_group_03_realization_01_seed_30201_8x8_held_out_seed30542011_aggregate_e0_to_e3,ieee30_structural_group_03_realization_01_seed_30201_8x8,ieee30,ieee30_structural_group_03,1,30542011.0,aggregate_e0_to_e3,sensitivity_initial_mean,-0.000187309185695,-0.000211961285902,2.4652100206964695e-05,0.131611805985291,true,1e-06,false,win,true
ieee30_structural_group_03_realization_01_seed_30201_8x8_held_out_seed30542011_coordinate_e0,ieee30_structural_group_03_realization_01_seed_30201_8x8,ieee30,ieee30_structural_group_03,1,30542011.0,coordinate_e0,balanced_magnitude,0.0015245311683684,0.0015245311683684,0.0,0.0,false,1e-06,false,tie,true
ieee30_structural_group_03_realization_01_seed_30201_8x8_held_out_seed30542011_coordinate_e0,ieee30_structural_group_03_realization_01_seed_30201_8x8,ieee30,ieee30_structural_group_03,1,30542011.0,coordinate_e0,sensitivity_initial_mean,0.0015245311683684,0.0015245311683684,0.0,0.0,false,1e-06,false,tie,true
ieee30_structural_group_03_realization_01_seed_30201_8x8_held_out_seed30542011_signed_difference_e0_minus_e1,ieee30_structural_group_03_realization_01_seed_30201_8x8,ieee30,ieee30_structural_group_03,1,30542011.0,signed_difference_e0_minus_e1,balanced_magnitude,0.0016736375003142,0.0018207367284111,0.0001470992280969,0.0878919288491609,false,1e-06,false,win,true
ieee30_structural_group_03_realization_01_seed_30201_8x8_held_out_seed30542011_signed_difference_e0_minus_e1,ieee30_structural_group_03_realization_01_seed_30201_8x8,ieee30,ieee30_structural_group_03,1,30542011.0,signed_difference_e0_minus_e1,sensitivity_initial_mean,0.0016736375003142,0.0016741974263536,5.599260394601943e-07,0.0003345563417138,false,1e-06,false,win,true
ieee30_structural_group_03_realization_01_seed_30201_8x8_held_out_seed30542012_aggregate_e0_to_e3,ieee30_structural_group_03_realization_01_seed_30201_8x8,ieee30,ieee30_structural_group_03,1,30542012.0,aggregate_e0_to_e3,balanced_magnitude,0.0011309670152704,0.0008170438445954,0.0003139231706749,0.2775705802523953,true,1e-06,false,win,true
ieee30_structural_group_03_realization_01_seed_30201_8x8_held_out_seed30542012_aggregate_e0_to_e3,ieee30_structural_group_03_realization_01_seed_30201_8x8,ieee30,ieee30_structural_group_03,1,30542012.0,aggregate_e0_to_e3,sensitivity_initial_mean,0.0011309670152704,0.001096898290577,3.406872469338099e-05,0.0301235351989772,false,1e-06,false,win,true
ieee30_structural_group_03_realization_01_seed_30201_8x8_held_out_seed30542012_coordinate_e0,ieee30_structural_group_03_realization_01_seed_30201_8x8,ieee30,ieee30_structural_group_03,1,30542012.0,coordinate_e0,balanced_magnitude,0.0001126727283638,0.0001126727283638,0.0,0.0,false,1e-06,false,tie,true
ieee30_structural_group_03_realization_01_seed_30201_8x8_held_out_seed30542012_coordinate_e0,ieee30_structural_group_03_realization_01_seed_30201_8x8,ieee30,ieee30_structural_group_03,1,30542012.0,coordinate_e0,sensitivity_initial_mean,0.0001126727283638,0.0001126727283638,0.0,0.0,false,1e-06,false,tie,true
ieee30_structural_group_03_realization_01_seed_30201_8x8_held_out_seed30542012_signed_difference_e0_minus_e1,ieee30_structural_group_03_realization_01_seed_30201_8x8,ieee30,ieee30_structural_group_03,1,30542012.0,signed_difference_e0_minus_e1,balanced_magnitude,-0.0008620179184322,-0.0009007636068489,3.874568841671227e-05,0.0449476601219363,false,1e-06,false,win,true
ieee30_structural_group_03_realization_01_seed_30201_8x8_held_out_seed30542012_signed_difference_e0_minus_e1,ieee30_structural_group_03_realization_01_seed_30201_8x8,ieee30,ieee30_structural_group_03,1,30542012.0,signed_difference_e0_minus_e1,sensitivity_initial_mean,-0.0008620179184322,-0.0008486511324737,1.3366785958528952e-05,0.015506389916858,false,1e-06,false,win,true
ieee30_structural_group_03_realization_01_seed_30201_8x8_held_out_seed30542013_aggregate_e0_to_e3,ieee30_structural_group_03_realization_01_seed_30201_8x8,ieee30,ieee30_structural_group_03,1,30542013.0,aggregate_e0_to_e3,balanced_magnitude,-0.0006429707540751,-0.0008258625873246,0.0001828918332494,0.2844481371669126,true,1e-06,false,win,true
ieee30_structural_group_03_realization_01_seed_30201_8x8_held_out_seed30542013_aggregate_e0_to_e3,ieee30_structural_group_03_realization_01_seed_30201_8x8,ieee30,ieee30_structural_group_03,1,30542013.0,aggregate_e0_to_e3,sensitivity_initial_mean,-0.0006429707540751,-0.0007955954062957,0.0001526246522205,0.2373741748799723,true,1e-06,false,win,true
ieee30_structural_group_03_realization_01_seed_30201_8x8_held_out_seed30542013_coordinate_e0,ieee30_structural_group_03_realization_01_seed_30201_8x8,ieee30,ieee30_structural_group_03,1,30542013.0,coordinate_e0,balanced_magnitude,0.0009682217044467,0.0009682217044467,0.0,0.0,false,1e-06,false,tie,true
ieee30_structural_group_03_realization_01_seed_30201_8x8_held_out_seed30542013_coordinate_e0,ieee30_structural_group_03_realization_01_seed_30201_8x8,ieee30,ieee30_structural_group_03,1,30542013.0,coordinate_e0,sensitivity_initial_mean,0.0009682217044467,0.0009682217044467,0.0,0.0,false,1e-06,false,tie,true
ieee30_structural_group_03_realization_01_seed_30201_8x8_held_out_seed30542013_signed_difference_e0_minus_e1,ieee30_structural_group_03_realization_01_seed_30201_8x8,ieee30,ieee30_structural_group_03,1,30542013.0,signed_difference_e0_minus_e1,balanced_magnitude,0.0003993297651987,0.0007374966132247,0.0003381668480259,0.8468360675734309,true,1e-06,false,win,true
ieee30_structural_group_03_realization_01_seed_30201_8x8_held_out_seed30542013_signed_difference_e0_minus_e1,ieee30_structural_group_03_realization_01_seed_30201_8x8,ieee30,ieee30_structural_group_03,1,30542013.0,signed_difference_e0_minus_e1,sensitivity_initial_mean,0.0003993297651987,0.0004677827467467,6.845298154794431e-05,0.1714196824618579,true,1e-06,false,win,true
ieee30_structural_group_03_realization_01_seed_30201_8x8_held_out_seed30542014_aggregate_e0_to_e3,ieee30_structural_group_03_realization_01_seed_30201_8x8,ieee30,ieee30_structural_group_03,1,30542014.0,aggregate_e0_to_e3,balanced_magnitude,-0.0015511445774995,-0.0018462800801479,0.0002951355026484,0.1902694996517898,true,1e-06,false,win,true
ieee30_structural_group_03_realization_01_seed_30201_8x8_held_out_seed30542014_aggregate_e0_to_e3,ieee30_structural_group_03_realization_01_seed_30201_8x8,ieee30,ieee30_structural_group_03,1,30542014.0,aggregate_e0_to_e3,sensitivity_initial_mean,-0.0015511445774995,-0.0017357228128802,0.0001845782353806,0.1189948622830676,true,1e-06,false,win,true
ieee30_structural_group_03_realization_01_seed_30201_8x8_held_out_seed30542014_coordinate_e0,ieee30_structural_group_03_realization_01_seed_30201_8x8,ieee30,ieee30_structural_group_03,1,30542014.0,coordinate_e0,balanced_magnitude,-0.0013992540890481,-0.0013992540890481,0.0,0.0,false,1e-06,false,tie,true
ieee30_structural_group_03_realization_01_seed_30201_8x8_held_out_seed30542014_coordinate_e0,ieee30_structural_group_03_realization_01_seed_30201_8x8,ieee30,ieee30_structural_group_03,1,30542014.0,coordinate_e0,sensitivity_initial_mean,-0.0013992540890481,-0.0013992540890481,0.0,0.0,false,1e-06,false,tie,true
ieee30_structural_group_03_realization_01_seed_30201_8x8_held_out_seed30542014_signed_difference_e0_minus_e1,ieee30_structural_group_03_realization_01_seed_30201_8x8,ieee30,ieee30_structural_group_03,1,30542014.0,signed_difference_e0_minus_e1,balanced_magnitude,-0.001831720514224,-0.0015021821096101,0.0003295384046139,0.1799064879466835,true,1e-06,false,win,true
ieee30_structural_group_03_realization_01_seed_30201_8x8_held_out_seed30542014_signed_difference_e0_minus_e1,ieee30_structural_group_03_realization_01_seed_30201_8x8,ieee30,ieee30_structural_group_03,1,30542014.0,signed_difference_e0_minus_e1,sensitivity_initial_mean,-0.001831720514224,-0.0017367263983007,9.499411592332426e-05,0.051860595099337,false,1e-06,false,win,true
ieee30_structural_group_03_realization_01_seed_30201_8x8_held_out_seed30542015_aggregate_e0_to_e3,ieee30_structural_group_03_realization_01_seed_30201_8x8,ieee30,ieee30_structural_group_03,1,30542015.0,aggregate_e0_to_e3,balanced_magnitude,-0.0017106160509722,-0.0016892152236444,2.140082732777701e-05,0.0125105965863078,false,1e-06,false,loss,true
ieee30_structural_group_03_realization_01_seed_30201_8x8_held_out_seed30542015_aggregate_e0_to_e3,ieee30_structural_group_03_realization_01_seed_30201_8x8,ieee30,ieee30_structural_group_03,1,30542015.0,aggregate_e0_to_e3,sensitivity_initial_mean,-0.0017106160509722,-0.0018974167659304,0.0001868007149581,0.1092008430834104,true,1e-06,false,loss,true
ieee30_structural_group_03_realization_01_seed_30201_8x8_held_out_seed30542015_coordinate_e0,ieee30_structural_group_03_realization_01_seed_30201_8x8,ieee30,ieee30_structural_group_03,1,30542015.0,coordinate_e0,balanced_magnitude,-0.0003139842723676,-0.0003139842723676,0.0,0.0,false,1e-06,false,tie,true
ieee30_structural_group_03_realization_01_seed_30201_8x8_held_out_seed30542015_coordinate_e0,ieee30_structural_group_03_realization_01_seed_30201_8x8,ieee30,ieee30_structural_group_03,1,30542015.0,coordinate_e0,sensitivity_initial_mean,-0.0003139842723676,-0.0003139842723676,0.0,0.0,false,1e-06,false,tie,true
ieee30_structural_group_03_realization_01_seed_30201_8x8_held_out_seed30542015_signed_difference_e0_minus_e1,ieee30_structural_group_03_realization_01_seed_30201_8x8,ieee30,ieee30_structural_group_03,1,30542015.0,signed_difference_e0_minus_e1,balanced_magnitude,-0.0017398831603873,-0.0015822414873153,0.0001576416730719,0.0906047467215536,false,1e-06,false,loss,true
ieee30_structural_group_03_realization_01_seed_30201_8x8_held_out_seed30542015_signed_difference_e0_minus_e1,ieee30_structural_group_03_realization_01_seed_30201_8x8,ieee30,ieee30_structural_group_03,1,30542015.0,signed_difference_e0_minus_e1,sensitivity_initial_mean,-0.0017398831603873,-0.0015479561624566,0.0001919269979306,0.1103102796212799,true,1e-06,false,loss,true
ieee30_structural_group_03_realization_01_seed_30201_8x8_held_out_seed30542016_aggregate_e0_to_e3,ieee30_structural_group_03_realization_01_seed_30201_8x8,ieee30,ieee30_structural_group_03,1,30542016.0,aggregate_e0_to_e3,balanced_magnitude,-0.0006392386177451,-0.0005894327655711,4.9805852173962135e-05,0.0779143355726074,false,1e-06,false,loss,true
ieee30_structural_group_03_realization_01_seed_30201_8x8_held_out_seed30542016_aggregate_e0_to_e3,ieee30_structural_group_03_realization_01_seed_30201_8x8,ieee30,ieee30_structural_group_03,1,30542016.0,aggregate_e0_to_e3,sensitivity_initial_mean,-0.0006392386177451,-0.0007365404746939,9.73018569488148e-05,0.1522152358254631,true,1e-06,false,loss,true
ieee30_structural_group_03_realization_01_seed_30201_8x8_held_out_seed30542016_coordinate_e0,ieee30_structural_group_03_realization_01_seed_30201_8x8,ieee30,ieee30_structural_group_03,1,30542016.0,coordinate_e0,balanced_magnitude,0.0007538878651179,0.0007538878651179,0.0,0.0,false,1e-06,false,tie,true
ieee30_structural_group_03_realization_01_seed_30201_8x8_held_out_seed30542016_coordinate_e0,ieee30_structural_group_03_realization_01_seed_30201_8x8,ieee30,ieee30_structural_group_03,1,30542016.0,coordinate_e0,sensitivity_initial_mean,0.0007538878651179,0.0007538878651179,0.0,0.0,false,1e-06,false,tie,true
ieee30_structural_group_03_realization_01_seed_30201_8x8_held_out_seed30542016_signed_difference_e0_minus_e1,ieee30_structural_group_03_realization_01_seed_30201_8x8,ieee30,ieee30_structural_group_03,1,30542016.0,signed_difference_e0_minus_e1,balanced_magnitude,-9.979267793970788e-05,4.7218098976150756e-06,0.0001045144878373,1.0473161958883184,true,1e-06,false,win,true
ieee30_structural_group_03_realization_01_seed_30201_8x8_held_out_seed30542016_signed_difference_e0_minus_e1,ieee30_structural_group_03_realization_01_seed_30201_8x8,ieee30,ieee30_structural_group_03,1,30542016.0,signed_difference_e0_minus_e1,sensitivity_initial_mean,-9.979267793970788e-05,-1.2286870266801572e-06,9.856399091302772e-05,0.9876876034189352,true,1e-06,false,win,true
ieee30_structural_group_03_realization_01_seed_30201_8x8_held_out_seed30542017_aggregate_e0_to_e3,ieee30_structural_group_03_realization_01_seed_30201_8x8,ieee30,ieee30_structural_group_03,1,30542017.0,aggregate_e0_to_e3,balanced_magnitude,-0.0006211233305269,-0.0002867672033365,0.0003343561271904,0.5383087556971599,true,1e-06,false,win,true
ieee30_structural_group_03_realization_01_seed_30201_8x8_held_out_seed30542017_aggregate_e0_to_e3,ieee30_structural_group_03_realization_01_seed_30201_8x8,ieee30,ieee30_structural_group_03,1,30542017.0,aggregate_e0_to_e3,sensitivity_initial_mean,-0.0006211233305269,-0.0005864994391336,3.4623891393361804e-05,0.0557439878550127,false,1e-06,false,win,true
ieee30_structural_group_03_realization_01_seed_30201_8x8_held_out_seed30542017_coordinate_e0,ieee30_structural_group_03_realization_01_seed_30201_8x8,ieee30,ieee30_structural_group_03,1,30542017.0,coordinate_e0,balanced_magnitude,-0.0002751739372894,-0.0002751739372894,0.0,0.0,false,1e-06,false,tie,true
ieee30_structural_group_03_realization_01_seed_30201_8x8_held_out_seed30542017_coordinate_e0,ieee30_structural_group_03_realization_01_seed_30201_8x8,ieee30,ieee30_structural_group_03,1,30542017.0,coordinate_e0,sensitivity_initial_mean,-0.0002751739372894,-0.0002751739372894,0.0,0.0,false,1e-06,false,tie,true
ieee30_structural_group_03_realization_01_seed_30201_8x8_held_out_seed30542017_signed_difference_e0_minus_e1,ieee30_structural_group_03_realization_01_seed_30201_8x8,ieee30,ieee30_structural_group_03,1,30542017.0,signed_difference_e0_minus_e1,balanced_magnitude,-0.0005159597829293,-0.0007132424624811,0.0001972826795517,0.3823605755311079,true,1e-06,false,win,true
ieee30_structural_group_03_realization_01_seed_30201_8x8_held_out_seed30542017_signed_difference_e0_minus_e1,ieee30_structural_group_03_realization_01_seed_30201_8x8,ieee30,ieee30_structural_group_03,1,30542017.0,signed_difference_e0_minus_e1,sensitivity_initial_mean,-0.0005159597829293,-0.0004567059617121,5.925382121719217e-05,0.1148419376424627,true,1e-06,false,win,true
ieee30_structural_group_03_realization_01_seed_30201_8x8_held_out_seed30542018_aggregate_e0_to_e3,ieee30_structural_group_03_realization_01_seed_30201_8x8,ieee30,ieee30_structural_group_03,1,30542018.0,aggregate_e0_to_e3,balanced_magnitude,0.0017428290098378,0.0020733418232406,0.0003305128134028,0.1896415606678267,true,1e-06,false,win,true
ieee30_structural_group_03_realization_01_seed_30201_8x8_held_out_seed30542018_aggregate_e0_to_e3,ieee30_structural_group_03_realization_01_seed_30201_8x8,ieee30,ieee30_structural_group_03,1,30542018.0,aggregate_e0_to_e3,sensitivity_initial_mean,0.0017428290098378,0.0019413827533689,0.0001985537435311,0.1139261180588267,true,1e-06,false,win,true
ieee30_structural_group_03_realization_01_seed_30201_8x8_held_out_seed30542018_coordinate_e0,ieee30_structural_group_03_realization_01_seed_30201_8x8,ieee30,ieee30_structural_group_03,1,30542018.0,coordinate_e0,balanced_magnitude,0.0011805995793458,0.0011805995793458,0.0,0.0,false,1e-06,false,tie,true
ieee30_structural_group_03_realization_01_seed_30201_8x8_held_out_seed30542018_coordinate_e0,ieee30_structural_group_03_realization_01_seed_30201_8x8,ieee30,ieee30_structural_group_03,1,30542018.0,coordinate_e0,sensitivity_initial_mean,0.0011805995793458,0.0011805995793458,0.0,0.0,false,1e-06,false,tie,true
ieee30_structural_group_03_realization_01_seed_30201_8x8_held_out_seed30542018_signed_difference_e0_minus_e1,ieee30_structural_group_03_realization_01_seed_30201_8x8,ieee30,ieee30_structural_group_03,1,30542018.0,signed_difference_e0_minus_e1,balanced_magnitude,0.0012180984962618,0.0007651924665641,0.0004529060296977,0.371813963392638,true,1e-06,false,win,true
ieee30_structural_group_03_realization_01_seed_30201_8x8_held_out_seed30542018_signed_difference_e0_minus_e1,ieee30_structural_group_03_realization_01_seed_30201_8x8,ieee30,ieee30_structural_group_03,1,30542018.0,signed_difference_e0_minus_e1,sensitivity_initial_mean,0.0012180984962618,0.0011462025328314,7.189596343036065e-05,0.0590231115554272,false,1e-06,false,win,true
ieee30_structural_group_03_realization_01_seed_30201_8x8_held_out_seed30542019_aggregate_e0_to_e3,ieee30_structural_group_03_realization_01_seed_30201_8x8,ieee30,ieee30_structural_group_03,1,30542019.0,aggregate_e0_to_e3,balanced_magnitude,-0.0024232583315935,-0.0027597493499516,0.000336491018358,0.1388589132124477,true,1e-06,false,win,true
ieee30_structural_group_03_realization_01_seed_30201_8x8_held_out_seed30542019_aggregate_e0_to_e3,ieee30_structural_group_03_realization_01_seed_30201_8x8,ieee30,ieee30_structural_group_03,1,30542019.0,aggregate_e0_to_e3,sensitivity_initial_mean,-0.0024232583315935,-0.0027375036321249,0.0003142453005314,0.1296788280615484,true,1e-06,false,win,true
ieee30_structural_group_03_realization_01_seed_30201_8x8_held_out_seed30542019_coordinate_e0,ieee30_structural_group_03_realization_01_seed_30201_8x8,ieee30,ieee30_structural_group_03,1,30542019.0,coordinate_e0,balanced_magnitude,-0.0017443143087327,-0.0017443143087327,0.0,0.0,false,1e-06,false,tie,true
ieee30_structural_group_03_realization_01_seed_30201_8x8_held_out_seed30542019_coordinate_e0,ieee30_structural_group_03_realization_01_seed_30201_8x8,ieee30,ieee30_structural_group_03,1,30542019.0,coordinate_e0,sensitivity_initial_mean,-0.0017443143087327,-0.0017443143087327,0.0,0.0,false,1e-06,false,tie,true
ieee30_structural_group_03_realization_01_seed_30201_8x8_held_out_seed30542019_signed_difference_e0_minus_e1,ieee30_structural_group_03_realization_01_seed_30201_8x8,ieee30,ieee30_structural_group_03,1,30542019.0,signed_difference_e0_minus_e1,balanced_magnitude,-0.0035077723129705,-0.0031287353919331,0.0003790369210373,0.10805630674369,true,1e-06,false,win,true
ieee30_structural_group_03_realization_01_seed_30201_8x8_held_out_seed30542019_signed_difference_e0_minus_e1,ieee30_structural_group_03_realization_01_seed_30201_8x8,ieee30,ieee30_structural_group_03,1,30542019.0,signed_difference_e0_minus_e1,sensitivity_initial_mean,-0.0035077723129705,-0.0032694436565428,0.0002383286564276,0.0679430234244207,false,1e-06,false,win,true
ieee30_structural_group_03_realization_02_seed_30202_8x8_held_out_seed30552000_aggregate_e0_to_e3,ieee30_structural_group_03_realization_02_seed_30202_8x8,ieee30,ieee30_structural_group_03,2,30552000.0,aggregate_e0_to_e3,balanced_magnitude,3.7500301163996895e-05,-0.0001674113950561,0.0002049116962201,5.464268015450611,true,1e-06,false,win,true
ieee30_structural_group_03_realization_02_seed_30202_8x8_held_out_seed30552000_aggregate_e0_to_e3,ieee30_structural_group_03_realization_02_seed_30202_8x8,ieee30,ieee30_structural_group_03,2,30552000.0,aggregate_e0_to_e3,sensitivity_initial_mean,3.7500301163996895e-05,0.0002300062667387,0.0001925059655747,5.133451188376335,true,1e-06,false,win,true
ieee30_structural_group_03_realization_02_seed_30202_8x8_held_out_seed30552000_coordinate_e0,ieee30_structural_group_03_realization_02_seed_30202_8x8,ieee30,ieee30_structural_group_03,2,30552000.0,coordinate_e0,balanced_magnitude,4.791445827231218e-05,4.791445827231218e-05,0.0,0.0,false,1e-06,false,tie,true
ieee30_structural_group_03_realization_02_seed_30202_8x8_held_out_seed30552000_coordinate_e0,ieee30_structural_group_03_realization_02_seed_30202_8x8,ieee30,ieee30_structural_group_03,2,30552000.0,coordinate_e0,sensitivity_initial_mean,4.791445827231218e-05,4.791445827231218e-05,0.0,0.0,false,1e-06,false,tie,true
ieee30_structural_group_03_realization_02_seed_30202_8x8_held_out_seed30552000_signed_difference_e0_minus_e1,ieee30_structural_group_03_realization_02_seed_30202_8x8,ieee30,ieee30_structural_group_03,2,30552000.0,signed_difference_e0_minus_e1,balanced_magnitude,0.0002756851442272,0.00045680659797,0.0001811214537427,0.6569866296222785,true,1e-06,false,win,true
ieee30_structural_group_03_realization_02_seed_30202_8x8_held_out_seed30552000_signed_difference_e0_minus_e1,ieee30_structural_group_03_realization_02_seed_30202_8x8,ieee30,ieee30_structural_group_03,2,30552000.0,signed_difference_e0_minus_e1,sensitivity_initial_mean,0.0002756851442272,0.0002206033681852,5.508177604201847e-05,0.1997995800478028,true,1e-06,false,win,true
ieee30_structural_group_03_realization_02_seed_30202_8x8_held_out_seed30552001_aggregate_e0_to_e3,ieee30_structural_group_03_realization_02_seed_30202_8x8,ieee30,ieee30_structural_group_03,2,30552001.0,aggregate_e0_to_e3,balanced_magnitude,0.0005678876166567,0.0003153771938718,0.0002525104227848,0.4446485807728048,true,1e-06,false,win,true
ieee30_structural_group_03_realization_02_seed_30202_8x8_held_out_seed30552001_aggregate_e0_to_e3,ieee30_structural_group_03_realization_02_seed_30202_8x8,ieee30,ieee30_structural_group_03,2,30552001.0,aggregate_e0_to_e3,sensitivity_initial_mean,0.0005678876166567,0.000734434434192,0.0001665468175353,0.2932742547122153,true,1e-06,false,win,true
ieee30_structural_group_03_realization_02_seed_30202_8x8_held_out_seed30552001_coordinate_e0,ieee30_structural_group_03_realization_02_seed_30202_8x8,ieee30,ieee30_structural_group_03,2,30552001.0,coordinate_e0,balanced_magnitude,0.0004920370435719,0.0004920370435719,0.0,0.0,false,1e-06,false,tie,true
ieee30_structural_group_03_realization_02_seed_30202_8x8_held_out_seed30552001_coordinate_e0,ieee30_structural_group_03_realization_02_seed_30202_8x8,ieee30,ieee30_structural_group_03,2,30552001.0,coordinate_e0,sensitivity_initial_mean,0.0004920370435719,0.0004920370435719,0.0,0.0,false,1e-06,false,tie,true
ieee30_structural_group_03_realization_02_seed_30202_8x8_held_out_seed30552001_signed_difference_e0_minus_e1,ieee30_structural_group_03_realization_02_seed_30202_8x8,ieee30,ieee30_structural_group_03,2,30552001.0,signed_difference_e0_minus_e1,balanced_magnitude,0.00027790404941,0.0004086742884603,0.0001307702390503,0.4705589548908526,true,1e-06,false,win,true
ieee30_structural_group_03_realization_02_seed_30202_8x8_held_out_seed30552001_signed_difference_e0_minus_e1,ieee30_structural_group_03_realization_02_seed_30202_8x8,ieee30,ieee30_structural_group_03,2,30552001.0,signed_difference_e0_minus_e1,sensitivity_initial_mean,0.00027790404941,0.0002653515012053,1.255254820465158e-05,0.0451686408719142,false,1e-06,false,win,true
ieee30_structural_group_03_realization_02_seed_30202_8x8_held_out_seed30552002_aggregate_e0_to_e3,ieee30_structural_group_03_realization_02_seed_30202_8x8,ieee30,ieee30_structural_group_03,2,30552002.0,aggregate_e0_to_e3,balanced_magnitude,0.0004251910466025,0.0010226773796889,0.0005974863330864,1.4052185196762854,true,1e-06,false,win,true
ieee30_structural_group_03_realization_02_seed_30202_8x8_held_out_seed30552002_aggregate_e0_to_e3,ieee30_structural_group_03_realization_02_seed_30202_8x8,ieee30,ieee30_structural_group_03,2,30552002.0,aggregate_e0_to_e3,sensitivity_initial_mean,0.0004251910466025,0.0002004612227071,0.0002247298238953,0.5285384668633789,true,1e-06,false,win,true
ieee30_structural_group_03_realization_02_seed_30202_8x8_held_out_seed30552002_coordinate_e0,ieee30_structural_group_03_realization_02_seed_30202_8x8,ieee30,ieee30_structural_group_03,2,30552002.0,coordinate_e0,balanced_magnitude,0.0010389251867371,0.0010389251867371,0.0,0.0,false,1e-06,false,tie,true
ieee30_structural_group_03_realization_02_seed_30202_8x8_held_out_seed30552002_coordinate_e0,ieee30_structural_group_03_realization_02_seed_30202_8x8,ieee30,ieee30_structural_group_03,2,30552002.0,coordinate_e0,sensitivity_initial_mean,0.0010389251867371,0.0010389251867371,0.0,0.0,false,1e-06,false,tie,true
ieee30_structural_group_03_realization_02_seed_30202_8x8_held_out_seed30552002_signed_difference_e0_minus_e1,ieee30_structural_group_03_realization_02_seed_30202_8x8,ieee30,ieee30_structural_group_03,2,30552002.0,signed_difference_e0_minus_e1,balanced_magnitude,0.0029992621362213,0.0027327654098034,0.0002664967264179,0.0888540962123744,false,1e-06,false,win,true
ieee30_structural_group_03_realization_02_seed_30202_8x8_held_out_seed30552002_signed_difference_e0_minus_e1,ieee30_structural_group_03_realization_02_seed_30202_8x8,ieee30,ieee30_structural_group_03,2,30552002.0,signed_difference_e0_minus_e1,sensitivity_initial_mean,0.0029992621362213,0.0030339774894949,3.4715353273586e-05,0.0115746312582474,false,1e-06,false,win,true
ieee30_structural_group_03_realization_02_seed_30202_8x8_held_out_seed30552003_aggregate_e0_to_e3,ieee30_structural_group_03_realization_02_seed_30202_8x8,ieee30,ieee30_structural_group_03,2,30552003.0,aggregate_e0_to_e3,balanced_magnitude,0.0012121576358456,0.001299963905201,8.780626935536847e-05,0.072437995487369,false,1e-06,false,loss,true
ieee30_structural_group_03_realization_02_seed_30202_8x8_held_out_seed30552003_aggregate_e0_to_e3,ieee30_structural_group_03_realization_02_seed_30202_8x8,ieee30,ieee30_structural_group_03,2,30552003.0,aggregate_e0_to_e3,sensitivity_initial_mean,0.0012121576358456,0.0010582787154086,0.000153878920437,0.1269462946786521,true,1e-06,false,loss,true
ieee30_structural_group_03_realization_02_seed_30202_8x8_held_out_seed30552003_coordinate_e0,ieee30_structural_group_03_realization_02_seed_30202_8x8,ieee30,ieee30_structural_group_03,2,30552003.0,coordinate_e0,balanced_magnitude,-0.0005878145701895,-0.0005878145701895,0.0,0.0,false,1e-06,false,tie,true
ieee30_structural_group_03_realization_02_seed_30202_8x8_held_out_seed30552003_coordinate_e0,ieee30_structural_group_03_realization_02_seed_30202_8x8,ieee30,ieee30_structural_group_03,2,30552003.0,coordinate_e0,sensitivity_initial_mean,-0.0005878145701895,-0.0005878145701895,0.0,0.0,false,1e-06,false,tie,true
ieee30_structural_group_03_realization_02_seed_30202_8x8_held_out_seed30552003_signed_difference_e0_minus_e1,ieee30_structural_group_03_realization_02_seed_30202_8x8,ieee30,ieee30_structural_group_03,2,30552003.0,signed_difference_e0_minus_e1,balanced_magnitude,9.417180339172868e-05,-0.0002266513177056,0.0003208231210974,3.406785359763077,true,1e-06,false,win,true
ieee30_structural_group_03_realization_02_seed_30202_8x8_held_out_seed30552003_signed_difference_e0_minus_e1,ieee30_structural_group_03_realization_02_seed_30202_8x8,ieee30,ieee30_structural_group_03,2,30552003.0,signed_difference_e0_minus_e1,sensitivity_initial_mean,9.417180339172868e-05,0.000289059633879,0.0001948878304872,2.0694923901649527,true,1e-06,false,win,true
ieee30_structural_group_03_realization_02_seed_30202_8x8_held_out_seed30552004_aggregate_e0_to_e3,ieee30_structural_group_03_realization_02_seed_30202_8x8,ieee30,ieee30_structural_group_03,2,30552004.0,aggregate_e0_to_e3,balanced_magnitude,-0.0009169656369669,-0.0008021896837933,0.0001147759531735,0.1251693068381606,true,1e-06,false,win,true
ieee30_structural_group_03_realization_02_seed_30202_8x8_held_out_seed30552004_aggregate_e0_to_e3,ieee30_structural_group_03_realization_02_seed_30202_8x8,ieee30,ieee30_structural_group_03,2,30552004.0,aggregate_e0_to_e3,sensitivity_initial_mean,-0.0009169656369669,-0.0009626775490108,4.571191204396426e-05,0.0498512814451438,false,1e-06,false,win,true
ieee30_structural_group_03_realization_02_seed_30202_8x8_held_out_seed30552004_coordinate_e0,ieee30_structural_group_03_realization_02_seed_30202_8x8,ieee30,ieee30_structural_group_03,2,30552004.0,coordinate_e0,balanced_magnitude,-0.002779882367283,-0.002779882367283,0.0,0.0,false,1e-06,false,tie,true
ieee30_structural_group_03_realization_02_seed_30202_8x8_held_out_seed30552004_coordinate_e0,ieee30_structural_group_03_realization_02_seed_30202_8x8,ieee30,ieee30_structural_group_03,2,30552004.0,coordinate_e0,sensitivity_initial_mean,-0.002779882367283,-0.002779882367283,0.0,0.0,false,1e-06,false,tie,true
ieee30_structural_group_03_realization_02_seed_30202_8x8_held_out_seed30552004_signed_difference_e0_minus_e1,ieee30_structural_group_03_realization_02_seed_30202_8x8,ieee30,ieee30_structural_group_03,2,30552004.0,signed_difference_e0_minus_e1,balanced_magnitude,-0.0011438058065739,-0.0012585309031443,0.0001147250965704,0.100301201402412,true,1e-06,false,win,true
ieee30_structural_group_03_realization_02_seed_30202_8x8_held_out_seed30552004_signed_difference_e0_minus_e1,ieee30_structural_group_03_realization_02_seed_30202_8x8,ieee30,ieee30_structural_group_03,2,30552004.0,signed_difference_e0_minus_e1,sensitivity_initial_mean,-0.0011438058065739,-0.0010887727002474,5.503310632646013e-05,0.0481140295058499,false,1e-06,false,win,true
ieee30_structural_group_03_realization_02_seed_30202_8x8_held_out_seed30552005_aggregate_e0_to_e3,ieee30_structural_group_03_realization_02_seed_30202_8x8,ieee30,ieee30_structural_group_03,2,30552005.0,aggregate_e0_to_e3,balanced_magnitude,0.000484449416585,0.0008386924437306,0.0003542430271455,0.73122810146553,true,1e-06,false,win,true
ieee30_structural_group_03_realization_02_seed_30202_8x8_held_out_seed30552005_aggregate_e0_to_e3,ieee30_structural_group_03_realization_02_seed_30202_8x8,ieee30,ieee30_structural_group_03,2,30552005.0,aggregate_e0_to_e3,sensitivity_initial_mean,0.000484449416585,0.0003151972152487,0.0001692522013363,0.3493702243041287,true,1e-06,false,win,true
ieee30_structural_group_03_realization_02_seed_30202_8x8_held_out_seed30552005_coordinate_e0,ieee30_structural_group_03_realization_02_seed_30202_8x8,ieee30,ieee30_structural_group_03,2,30552005.0,coordinate_e0,balanced_magnitude,-0.0014891340234362,-0.0014891340234362,0.0,0.0,false,1e-06,false,tie,true
ieee30_structural_group_03_realization_02_seed_30202_8x8_held_out_seed30552005_coordinate_e0,ieee30_structural_group_03_realization_02_seed_30202_8x8,ieee30,ieee30_structural_group_03,2,30552005.0,coordinate_e0,sensitivity_initial_mean,-0.0014891340234362,-0.0014891340234362,0.0,0.0,false,1e-06,false,tie,true
ieee30_structural_group_03_realization_02_seed_30202_8x8_held_out_seed30552005_signed_difference_e0_minus_e1,ieee30_structural_group_03_realization_02_seed_30202_8x8,ieee30,ieee30_structural_group_03,2,30552005.0,signed_difference_e0_minus_e1,balanced_magnitude,0.0010278032095409,0.0006820161296422,0.0003457870798986,0.3364331583019049,true,1e-06,false,win,true
ieee30_structural_group_03_realization_02_seed_30202_8x8_held_out_seed30552005_signed_difference_e0_minus_e1,ieee30_structural_group_03_realization_02_seed_30202_8x8,ieee30,ieee30_structural_group_03,2,30552005.0,signed_difference_e0_minus_e1,sensitivity_initial_mean,0.0010278032095409,0.0011849219126936,0.0001571187031526,0.1528684690747979,true,1e-06,false,win,true
ieee30_structural_group_03_realization_02_seed_30202_8x8_held_out_seed30552006_aggregate_e0_to_e3,ieee30_structural_group_03_realization_02_seed_30202_8x8,ieee30,ieee30_structural_group_03,2,30552006.0,aggregate_e0_to_e3,balanced_magnitude,-0.0041275155359275,-0.0042164199494336,8.890441350617971e-05,0.021539449756717,false,1e-06,false,loss,true
ieee30_structural_group_03_realization_02_seed_30202_8x8_held_out_seed30552006_aggregate_e0_to_e3,ieee30_structural_group_03_realization_02_seed_30202_8x8,ieee30,ieee30_structural_group_03,2,30552006.0,aggregate_e0_to_e3,sensitivity_initial_mean,-0.0041275155359275,-0.0040366469180684,9.086861785906689e-05,0.0220153303041771,false,1e-06,false,loss,true
ieee30_structural_group_03_realization_02_seed_30202_8x8_held_out_seed30552006_coordinate_e0,ieee30_structural_group_03_realization_02_seed_30202_8x8,ieee30,ieee30_structural_group_03,2,30552006.0,coordinate_e0,balanced_magnitude,-0.0028698766132455,-0.0028698766132455,0.0,0.0,false,1e-06,false,tie,true
ieee30_structural_group_03_realization_02_seed_30202_8x8_held_out_seed30552006_coordinate_e0,ieee30_structural_group_03_realization_02_seed_30202_8x8,ieee30,ieee30_structural_group_03,2,30552006.0,coordinate_e0,sensitivity_initial_mean,-0.0028698766132455,-0.0028698766132455,0.0,0.0,false,1e-06,false,tie,true
ieee30_structural_group_03_realization_02_seed_30202_8x8_held_out_seed30552006_signed_difference_e0_minus_e1,ieee30_structural_group_03_realization_02_seed_30202_8x8,ieee30,ieee30_structural_group_03,2,30552006.0,signed_difference_e0_minus_e1,balanced_magnitude,-0.0041067824121023,-0.0036842661770683,0.0004225162350339,0.1028825471222428,true,1e-06,false,win,true
ieee30_structural_group_03_realization_02_seed_30202_8x8_held_out_seed30552006_signed_difference_e0_minus_e1,ieee30_structural_group_03_realization_02_seed_30202_8x8,ieee30,ieee30_structural_group_03,2,30552006.0,signed_difference_e0_minus_e1,sensitivity_initial_mean,-0.0041067824121023,-0.0043939427391879,0.0002871603270856,0.069923433547249,false,1e-06,false,win,true
ieee30_structural_group_03_realization_02_seed_30202_8x8_held_out_seed30552007_aggregate_e0_to_e3,ieee30_structural_group_03_realization_02_seed_30202_8x8,ieee30,ieee30_structural_group_03,2,30552007.0,aggregate_e0_to_e3,balanced_magnitude,0.002179168914004,0.0017768387177776,0.0004023301962263,0.1846255210602578,true,1e-06,false,win,true
ieee30_structural_group_03_realization_02_seed_30202_8x8_held_out_seed30552007_aggregate_e0_to_e3,ieee30_structural_group_03_realization_02_seed_30202_8x8,ieee30,ieee30_structural_group_03,2,30552007.0,aggregate_e0_to_e3,sensitivity_initial_mean,0.002179168914004,0.0023507104125744,0.0001715414985704,0.0787187709351491,false,1e-06,false,win,true
ieee30_structural_group_03_realization_02_seed_30202_8x8_held_out_seed30552007_coordinate_e0,ieee30_structural_group_03_realization_02_seed_30202_8x8,ieee30,ieee30_structural_group_03,2,30552007.0,coordinate_e0,balanced_magnitude,-0.0002469107890486,-0.0002469107890486,0.0,0.0,false,1e-06,false,tie,true
ieee30_structural_group_03_realization_02_seed_30202_8x8_held_out_seed30552007_coordinate_e0,ieee30_structural_group_03_realization_02_seed_30202_8x8,ieee30,ieee30_structural_group_03,2,30552007.0,coordinate_e0,sensitivity_initial_mean,-0.0002469107890486,-0.0002469107890486,0.0,0.0,false,1e-06,false,tie,true
ieee30_structural_group_03_realization_02_seed_30202_8x8_held_out_seed30552007_signed_difference_e0_minus_e1,ieee30_structural_group_03_realization_02_seed_30202_8x8,ieee30,ieee30_structural_group_03,2,30552007.0,signed_difference_e0_minus_e1,balanced_magnitude,0.0003434776268038,0.0002576708074052,8.580681939852002e-05,0.2498177834666735,true,1e-06,false,loss,true
ieee30_structural_group_03_realization_02_seed_30202_8x8_held_out_seed30552007_signed_difference_e0_minus_e1,ieee30_structural_group_03_realization_02_seed_30202_8x8,ieee30,ieee30_structural_group_03,2,30552007.0,signed_difference_e0_minus_e1,sensitivity_initial_mean,0.0003434776268038,0.0005289516706093,0.0001854740438055,0.5399887192985849,true,1e-06,false,loss,true
ieee30_structural_group_03_realization_02_seed_30202_8x8_held_out_seed30552008_aggregate_e0_to_e3,ieee30_structural_group_03_realization_02_seed_30202_8x8,ieee30,ieee30_structural_group_03,2,30552008.0,aggregate_e0_to_e3,balanced_magnitude,0.0004864355349833,0.0005911639830174,0.0001047284480341,0.2152976920934595,true,1e-06,false,win,true
ieee30_structural_group_03_realization_02_seed_30202_8x8_held_out_seed30552008_aggregate_e0_to_e3,ieee30_structural_group_03_realization_02_seed_30202_8x8,ieee30,ieee30_structural_group_03,2,30552008.0,aggregate_e0_to_e3,sensitivity_initial_mean,0.0004864355349833,0.0004527756378012,3.365989718211214e-05,0.0691970359099413,false,1e-06,false,win,true
ieee30_structural_group_03_realization_02_seed_30202_8x8_held_out_seed30552008_coordinate_e0,ieee30_structural_group_03_realization_02_seed_30202_8x8,ieee30,ieee30_structural_group_03,2,30552008.0,coordinate_e0,balanced_magnitude,-0.001115092684001,-0.001115092684001,0.0,0.0,false,1e-06,false,tie,true
ieee30_structural_group_03_realization_02_seed_30202_8x8_held_out_seed30552008_coordinate_e0,ieee30_structural_group_03_realization_02_seed_30202_8x8,ieee30,ieee30_structural_group_03,2,30552008.0,coordinate_e0,sensitivity_initial_mean,-0.001115092684001,-0.001115092684001,0.0,0.0,false,1e-06,false,tie,true
ieee30_structural_group_03_realization_02_seed_30202_8x8_held_out_seed30552008_signed_difference_e0_minus_e1,ieee30_structural_group_03_realization_02_seed_30202_8x8,ieee30,ieee30_structural_group_03,2,30552008.0,signed_difference_e0_minus_e1,balanced_magnitude,0.0005486066289636,0.0003729312210889,0.0001756754078747,0.3202210811899743,true,1e-06,false,win,true
ieee30_structural_group_03_realization_02_seed_30202_8x8_held_out_seed30552008_signed_difference_e0_minus_e1,ieee30_structural_group_03_realization_02_seed_30202_8x8,ieee30,ieee30_structural_group_03,2,30552008.0,signed_difference_e0_minus_e1,sensitivity_initial_mean,0.0005486066289636,0.000655319098005,0.0001067124690413,0.1945154568090801,true,1e-06,false,win,true
ieee30_structural_group_03_realization_02_seed_30202_8x8_held_out_seed30552009_aggregate_e0_to_e3,ieee30_structural_group_03_realization_02_seed_30202_8x8,ieee30,ieee30_structural_group_03,2,30552009.0,aggregate_e0_to_e3,balanced_magnitude,-0.0003294005232095,-0.0007809377377182,0.0004515372145087,1.3707847519768783,true,1e-06,false,win,true
ieee30_structural_group_03_realization_02_seed_30202_8x8_held_out_seed30552009_aggregate_e0_to_e3,ieee30_structural_group_03_realization_02_seed_30202_8x8,ieee30,ieee30_structural_group_03,2,30552009.0,aggregate_e0_to_e3,sensitivity_initial_mean,-0.0003294005232095,-0.0001186429660434,0.000210757557166,0.6398215616432661,true,1e-06,false,win,true
ieee30_structural_group_03_realization_02_seed_30202_8x8_held_out_seed30552009_coordinate_e0,ieee30_structural_group_03_realization_02_seed_30202_8x8,ieee30,ieee30_structural_group_03,2,30552009.0,coordinate_e0,balanced_magnitude,9.710696726960134e-05,9.710696726960134e-05,0.0,0.0,false,1e-06,false,tie,true
ieee30_structural_group_03_realization_02_seed_30202_8x8_held_out_seed30552009_coordinate_e0,ieee30_structural_group_03_realization_02_seed_30202_8x8,ieee30,ieee30_structural_group_03,2,30552009.0,coordinate_e0,sensitivity_initial_mean,9.710696726960134e-05,9.710696726960134e-05,0.0,0.0,false,1e-06,false,tie,true
ieee30_structural_group_03_realization_02_seed_30202_8x8_held_out_seed30552009_signed_difference_e0_minus_e1,ieee30_structural_group_03_realization_02_seed_30202_8x8,ieee30,ieee30_structural_group_03,2,30552009.0,signed_difference_e0_minus_e1,balanced_magnitude,-0.0016597612047944,-0.0013704937429101,0.0002892674618842,0.1742825781496221,true,1e-06,false,win,true
ieee30_structural_group_03_realization_02_seed_30202_8x8_held_out_seed30552009_signed_difference_e0_minus_e1,ieee30_structural_group_03_realization_02_seed_30202_8x8,ieee30,ieee30_structural_group_03,2,30552009.0,signed_difference_e0_minus_e1,sensitivity_initial_mean,-0.0016597612047944,-0.0017444945308797,8.47333260853031e-05,0.051051516230491,false,1e-06,false,win,true
ieee30_structural_group_03_realization_02_seed_30202_8x8_held_out_seed30552010_aggregate_e0_to_e3,ieee30_structural_group_03_realization_02_seed_30202_8x8,ieee30,ieee30_structural_group_03,2,30552010.0,aggregate_e0_to_e3,balanced_magnitude,7.65262415250705e-06,0.000376418512785,0.0003687658886325,48.188161509509925,true,1e-06,false,win,true
ieee30_structural_group_03_realization_02_seed_30202_8x8_held_out_seed30552010_aggregate_e0_to_e3,ieee30_structural_group_03_realization_02_seed_30202_8x8,ieee30,ieee30_structural_group_03,2,30552010.0,aggregate_e0_to_e3,sensitivity_initial_mean,7.65262415250705e-06,-0.0001259051003457,0.0001335577244982,17.452539395201484,true,1e-06,false,win,true
ieee30_structural_group_03_realization_02_seed_30202_8x8_held_out_seed30552010_coordinate_e0,ieee30_structural_group_03_realization_02_seed_30202_8x8,ieee30,ieee30_structural_group_03,2,30552010.0,coordinate_e0,balanced_magnitude,-0.0001248690806473,-0.0001248690806473,0.0,0.0,false,1e-06,false,tie,true
ieee30_structural_group_03_realization_02_seed_30202_8x8_held_out_seed30552010_coordinate_e0,ieee30_structural_group_03_realization_02_seed_30202_8x8,ieee30,ieee30_structural_group_03,2,30552010.0,coordinate_e0,sensitivity_initial_mean,-0.0001248690806473,-0.0001248690806473,0.0,0.0,false,1e-06,false,tie,true
ieee30_structural_group_03_realization_02_seed_30202_8x8_held_out_seed30552010_signed_difference_e0_minus_e1,ieee30_structural_group_03_realization_02_seed_30202_8x8,ieee30,ieee30_structural_group_03,2,30552010.0,signed_difference_e0_minus_e1,balanced_magnitude,0.0014514703888727,0.0012754614015122,0.0001760089873605,0.1212625408756956,true,1e-06,false,win,true
ieee30_structural_group_03_realization_02_seed_30202_8x8_held_out_seed30552010_signed_difference_e0_minus_e1,ieee30_structural_group_03_realization_02_seed_30202_8x8,ieee30,ieee30_structural_group_03,2,30552010.0,signed_difference_e0_minus_e1,sensitivity_initial_mean,0.0014514703888727,0.0014829181748996,3.144778602685535e-05,0.0216661574827428,false,1e-06,false,win,true
ieee30_structural_group_03_realization_02_seed_30202_8x8_held_out_seed30552011_aggregate_e0_to_e3,ieee30_structural_group_03_realization_02_seed_30202_8x8,ieee30,ieee30_structural_group_03,2,30552011.0,aggregate_e0_to_e3,balanced_magnitude,5.688303837092187e-05,-7.616824716016424e-05,0.000133051285531,2.339032677254118,true,1e-06,false,win,true
ieee30_structural_group_03_realization_02_seed_30202_8x8_held_out_seed30552011_aggregate_e0_to_e3,ieee30_structural_group_03_realization_02_seed_30202_8x8,ieee30,ieee30_structural_group_03,2,30552011.0,aggregate_e0_to_e3,sensitivity_initial_mean,5.688303837092187e-05,2.1088602044163273e-05,3.5794436326758595e-05,0.6292637902594248,true,1e-06,false,win,true
ieee30_structural_group_03_realization_02_seed_30202_8x8_held_out_seed30552011_coordinate_e0,ieee30_structural_group_03_realization_02_seed_30202_8x8,ieee30,ieee30_structural_group_03,2,30552011.0,coordinate_e0,balanced_magnitude,-0.0008058592194476,-0.0008058592194476,0.0,0.0,false,1e-06,false,tie,true
ieee30_structural_group_03_realization_02_seed_30202_8x8_held_out_seed30552011_coordinate_e0,ieee30_structural_group_03_realization_02_seed_30202_8x8,ieee30,ieee30_structural_group_03,2,30552011.0,coordinate_e0,sensitivity_initial_mean,-0.0008058592194476,-0.0008058592194476,0.0,0.0,false,1e-06,false,tie,true
ieee30_structural_group_03_realization_02_seed_30202_8x8_held_out_seed30552011_signed_difference_e0_minus_e1,ieee30_structural_group_03_realization_02_seed_30202_8x8,ieee30,ieee30_structural_group_03,2,30552011.0,signed_difference_e0_minus_e1,balanced_magnitude,-0.0014812037772603,-0.0015416304205246,6.0426643264386995e-05,0.0407956313588091,false,1e-06,false,loss,true
ieee30_structural_group_03_realization_02_seed_30202_8x8_held_out_seed30552011_signed_difference_e0_minus_e1,ieee30_structural_group_03_realization_02_seed_30202_8x8,ieee30,ieee30_structural_group_03,2,30552011.0,signed_difference_e0_minus_e1,sensitivity_initial_mean,-0.0014812037772603,-0.0014159707837816,6.523299347865777e-05,0.0440405260100776,false,1e-06,false,loss,true
ieee30_structural_group_03_realization_02_seed_30202_8x8_held_out_seed30552012_aggregate_e0_to_e3,ieee30_structural_group_03_realization_02_seed_30202_8x8,ieee30,ieee30_structural_group_03,2,30552012.0,aggregate_e0_to_e3,balanced_magnitude,-0.0004806943524975,-0.000333081215062,0.0001476131374355,0.3070831530859501,true,1e-06,false,win,true
ieee30_structural_group_03_realization_02_seed_30202_8x8_held_out_seed30552012_aggregate_e0_to_e3,ieee30_structural_group_03_realization_02_seed_30202_8x8,ieee30,ieee30_structural_group_03,2,30552012.0,aggregate_e0_to_e3,sensitivity_initial_mean,-0.0004806943524975,-0.0005525330594463,7.183870694875562e-05,0.1494477864686785,true,1e-06,false,win,true
ieee30_structural_group_03_realization_02_seed_30202_8x8_held_out_seed30552012_coordinate_e0,ieee30_structural_group_03_realization_02_seed_30202_8x8,ieee30,ieee30_structural_group_03,2,30552012.0,coordinate_e0,balanced_magnitude,-0.0018521451277978,-0.0018521451277978,0.0,0.0,false,1e-06,false,tie,true
ieee30_structural_group_03_realization_02_seed_30202_8x8_held_out_seed30552012_coordinate_e0,ieee30_structural_group_03_realization_02_seed_30202_8x8,ieee30,ieee30_structural_group_03,2,30552012.0,coordinate_e0,sensitivity_initial_mean,-0.0018521451277978,-0.0018521451277978,0.0,0.0,false,1e-06,false,tie,true
ieee30_structural_group_03_realization_02_seed_30202_8x8_held_out_seed30552012_signed_difference_e0_minus_e1,ieee30_structural_group_03_realization_02_seed_30202_8x8,ieee30,ieee30_structural_group_03,2,30552012.0,signed_difference_e0_minus_e1,balanced_magnitude,-0.0005007791870361,-0.000638048422674,0.0001372692356379,0.2741113033278408,true,1e-06,false,win,true
ieee30_structural_group_03_realization_02_seed_30202_8x8_held_out_seed30552012_signed_difference_e0_minus_e1,ieee30_structural_group_03_realization_02_seed_30202_8x8,ieee30,ieee30_structural_group_03,2,30552012.0,signed_difference_e0_minus_e1,sensitivity_initial_mean,-0.0005007791870361,-0.0004408440300037,5.9935157032368555e-05,0.119683801930941,true,1e-06,false,win,true
ieee30_structural_group_03_realization_02_seed_30202_8x8_held_out_seed30552013_aggregate_e0_to_e3,ieee30_structural_group_03_realization_02_seed_30202_8x8,ieee30,ieee30_structural_group_03,2,30552013.0,aggregate_e0_to_e3,balanced_magnitude,-0.0014672718132748,-0.0014175509821042,4.972083117060137e-05,0.0338865851035648,false,1e-06,false,win,true
ieee30_structural_group_03_realization_02_seed_30202_8x8_held_out_seed30552013_aggregate_e0_to_e3,ieee30_structural_group_03_realization_02_seed_30202_8x8,ieee30,ieee30_structural_group_03,2,30552013.0,aggregate_e0_to_e3,sensitivity_initial_mean,-0.0014672718132748,-0.0014792067191433,1.1934905868498172e-05,0.0081340796984711,false,1e-06,false,win,true
ieee30_structural_group_03_realization_02_seed_30202_8x8_held_out_seed30552013_coordinate_e0,ieee30_structural_group_03_realization_02_seed_30202_8x8,ieee30,ieee30_structural_group_03,2,30552013.0,coordinate_e0,balanced_magnitude,-0.0017277093757544,-0.0017277093757544,0.0,0.0,false,1e-06,false,tie,true
ieee30_structural_group_03_realization_02_seed_30202_8x8_held_out_seed30552013_coordinate_e0,ieee30_structural_group_03_realization_02_seed_30202_8x8,ieee30,ieee30_structural_group_03,2,30552013.0,coordinate_e0,sensitivity_initial_mean,-0.0017277093757544,-0.0017277093757544,0.0,0.0,false,1e-06,false,tie,true
ieee30_structural_group_03_realization_02_seed_30202_8x8_held_out_seed30552013_signed_difference_e0_minus_e1,ieee30_structural_group_03_realization_02_seed_30202_8x8,ieee30,ieee30_structural_group_03,2,30552013.0,signed_difference_e0_minus_e1,balanced_magnitude,-0.0014876316481385,-0.0014288620284812,5.876961965728899e-05,0.0395054916523366,false,1e-06,false,win,true
ieee30_structural_group_03_realization_02_seed_30202_8x8_held_out_seed30552013_signed_difference_e0_minus_e1,ieee30_structural_group_03_realization_02_seed_30202_8x8,ieee30,ieee30_structural_group_03,2,30552013.0,signed_difference_e0_minus_e1,sensitivity_initial_mean,-0.0014876316481385,-0.0015455950909439,5.796344280538921e-05,0.038963571982297,false,1e-06,false,win,true
ieee30_structural_group_03_realization_02_seed_30202_8x8_held_out_seed30552014_aggregate_e0_to_e3,ieee30_structural_group_03_realization_02_seed_30202_8x8,ieee30,ieee30_structural_group_03,2,30552014.0,aggregate_e0_to_e3,balanced_magnitude,-0.0018607440417257,-0.0015257860484096,0.000334957993316,0.1800129334314065,true,1e-06,false,win,true
ieee30_structural_group_03_realization_02_seed_30202_8x8_held_out_seed30552014_aggregate_e0_to_e3,ieee30_structural_group_03_realization_02_seed_30202_8x8,ieee30,ieee30_structural_group_03,2,30552014.0,aggregate_e0_to_e3,sensitivity_initial_mean,-0.0018607440417257,-0.0019790210131875,0.0001182769714618,0.0635643424401957,false,1e-06,false,win,true
ieee30_structural_group_03_realization_02_seed_30202_8x8_held_out_seed30552014_coordinate_e0,ieee30_structural_group_03_realization_02_seed_30202_8x8,ieee30,ieee30_structural_group_03,2,30552014.0,coordinate_e0,balanced_magnitude,-0.0026787748388265,-0.0026787748388265,0.0,0.0,false,1e-06,false,tie,true
ieee30_structural_group_03_realization_02_seed_30202_8x8_held_out_seed30552014_coordinate_e0,ieee30_structural_group_03_realization_02_seed_30202_8x8,ieee30,ieee30_structural_group_03,2,30552014.0,coordinate_e0,sensitivity_initial_mean,-0.0026787748388265,-0.0026787748388265,0.0,0.0,false,1e-06,false,tie,true
ieee30_structural_group_03_realization_02_seed_30202_8x8_held_out_seed30552014_signed_difference_e0_minus_e1,ieee30_structural_group_03_realization_02_seed_30202_8x8,ieee30,ieee30_structural_group_03,2,30552014.0,signed_difference_e0_minus_e1,balanced_magnitude,-0.0009476915615734,-0.0010323987299656,8.47071683921913e-05,0.0893826344212194,false,1e-06,false,win,true
ieee30_structural_group_03_realization_02_seed_30202_8x8_held_out_seed30552014_signed_difference_e0_minus_e1,ieee30_structural_group_03_realization_02_seed_30202_8x8,ieee30,ieee30_structural_group_03,2,30552014.0,signed_difference_e0_minus_e1,sensitivity_initial_mean,-0.0009476915615734,-0.0009763302366455,2.8638675072158648e-05,0.0302194049555647,false,1e-06,false,win,true
ieee30_structural_group_03_realization_02_seed_30202_8x8_held_out_seed30552015_aggregate_e0_to_e3,ieee30_structural_group_03_realization_02_seed_30202_8x8,ieee30,ieee30_structural_group_03,2,30552015.0,aggregate_e0_to_e3,balanced_magnitude,-0.0007711159667223,-0.0008099081212034,3.8792154481079354e-05,0.0503065118025859,false,1e-06,false,win,true
ieee30_structural_group_03_realization_02_seed_30202_8x8_held_out_seed30552015_aggregate_e0_to_e3,ieee30_structural_group_03_realization_02_seed_30202_8x8,ieee30,ieee30_structural_group_03,2,30552015.0,aggregate_e0_to_e3,sensitivity_initial_mean,-0.0007711159667223,-0.0007885283585631,1.7412391840838926e-05,0.0225807694202614,false,1e-06,false,win,true
ieee30_structural_group_03_realization_02_seed_30202_8x8_held_out_seed30552015_coordinate_e0,ieee30_structural_group_03_realization_02_seed_30202_8x8,ieee30,ieee30_structural_group_03,2,30552015.0,coordinate_e0,balanced_magnitude,-0.0002839483300398,-0.0002839483300398,0.0,0.0,false,1e-06,false,tie,true
ieee30_structural_group_03_realization_02_seed_30202_8x8_held_out_seed30552015_coordinate_e0,ieee30_structural_group_03_realization_02_seed_30202_8x8,ieee30,ieee30_structural_group_03,2,30552015.0,coordinate_e0,sensitivity_initial_mean,-0.0002839483300398,-0.0002839483300398,0.0,0.0,false,1e-06,false,tie,true
ieee30_structural_group_03_realization_02_seed_30202_8x8_held_out_seed30552015_signed_difference_e0_minus_e1,ieee30_structural_group_03_realization_02_seed_30202_8x8,ieee30,ieee30_structural_group_03,2,30552015.0,signed_difference_e0_minus_e1,balanced_magnitude,-0.0011671449280429,-0.0010942019051442,7.294302289873609e-05,0.0624969711525423,false,1e-06,false,win,true
ieee30_structural_group_03_realization_02_seed_30202_8x8_held_out_seed30552015_signed_difference_e0_minus_e1,ieee30_structural_group_03_realization_02_seed_30202_8x8,ieee30,ieee30_structural_group_03,2,30552015.0,signed_difference_e0_minus_e1,sensitivity_initial_mean,-0.0011671449280429,-0.0012194499161195,5.230498807657063e-05,0.0448144757517603,false,1e-06,false,win,true
ieee30_structural_group_03_realization_02_seed_30202_8x8_held_out_seed30552016_aggregate_e0_to_e3,ieee30_structural_group_03_realization_02_seed_30202_8x8,ieee30,ieee30_structural_group_03,2,30552016.0,aggregate_e0_to_e3,balanced_magnitude,-0.00204636979808,-0.0021527793838745,0.0001064095857944,0.0519991967699563,false,1e-06,false,win,true
ieee30_structural_group_03_realization_02_seed_30202_8x8_held_out_seed30552016_aggregate_e0_to_e3,ieee30_structural_group_03_realization_02_seed_30202_8x8,ieee30,ieee30_structural_group_03,2,30552016.0,aggregate_e0_to_e3,sensitivity_initial_mean,-0.00204636979808,-0.001990985230508,5.5384567572034846e-05,0.0270647893767769,false,1e-06,false,win,true
ieee30_structural_group_03_realization_02_seed_30202_8x8_held_out_seed30552016_coordinate_e0,ieee30_structural_group_03_realization_02_seed_30202_8x8,ieee30,ieee30_structural_group_03,2,30552016.0,coordinate_e0,balanced_magnitude,-0.002068486999187,-0.002068486999187,0.0,0.0,false,1e-06,false,tie,true
ieee30_structural_group_03_realization_02_seed_30202_8x8_held_out_seed30552016_coordinate_e0,ieee30_structural_group_03_realization_02_seed_30202_8x8,ieee30,ieee30_structural_group_03,2,30552016.0,coordinate_e0,sensitivity_initial_mean,-0.002068486999187,-0.002068486999187,0.0,0.0,false,1e-06,false,tie,true
ieee30_structural_group_03_realization_02_seed_30202_8x8_held_out_seed30552016_signed_difference_e0_minus_e1,ieee30_structural_group_03_realization_02_seed_30202_8x8,ieee30,ieee30_structural_group_03,2,30552016.0,signed_difference_e0_minus_e1,balanced_magnitude,-0.0025815112415533,-0.0023936488533735,0.0001878623881797,0.0727722526076446,false,1e-06,false,win,true
ieee30_structural_group_03_realization_02_seed_30202_8x8_held_out_seed30552016_signed_difference_e0_minus_e1,ieee30_structural_group_03_realization_02_seed_30202_8x8,ieee30,ieee30_structural_group_03,2,30552016.0,signed_difference_e0_minus_e1,sensitivity_initial_mean,-0.0025815112415533,-0.0026923802085429,0.0001108689669896,0.0429473113287358,false,1e-06,false,win,true
ieee30_structural_group_03_realization_02_seed_30202_8x8_held_out_seed30552017_aggregate_e0_to_e3,ieee30_structural_group_03_realization_02_seed_30202_8x8,ieee30,ieee30_structural_group_03,2,30552017.0,aggregate_e0_to_e3,balanced_magnitude,0.000886519777315,0.0009020314930058,1.5511715690797053e-05,0.017497314879739,false,1e-06,false,loss,true
ieee30_structural_group_03_realization_02_seed_30202_8x8_held_out_seed30552017_aggregate_e0_to_e3,ieee30_structural_group_03_realization_02_seed_30202_8x8,ieee30,ieee30_structural_group_03,2,30552017.0,aggregate_e0_to_e3,sensitivity_initial_mean,0.000886519777315,0.0006880450398289,0.000198474737486,0.2238807780319947,true,1e-06,false,loss,true
ieee30_structural_group_03_realization_02_seed_30202_8x8_held_out_seed30552017_coordinate_e0,ieee30_structural_group_03_realization_02_seed_30202_8x8,ieee30,ieee30_structural_group_03,2,30552017.0,coordinate_e0,balanced_magnitude,-0.0004198813022536,-0.0004198813022536,0.0,0.0,false,1e-06,false,tie,true
ieee30_structural_group_03_realization_02_seed_30202_8x8_held_out_seed30552017_coordinate_e0,ieee30_structural_group_03_realization_02_seed_30202_8x8,ieee30,ieee30_structural_group_03,2,30552017.0,coordinate_e0,sensitivity_initial_mean,-0.0004198813022536,-0.0004198813022536,0.0,0.0,false,1e-06,false,tie,true
ieee30_structural_group_03_realization_02_seed_30202_8x8_held_out_seed30552017_signed_difference_e0_minus_e1,ieee30_structural_group_03_realization_02_seed_30202_8x8,ieee30,ieee30_structural_group_03,2,30552017.0,signed_difference_e0_minus_e1,balanced_magnitude,-0.0010488210168076,-0.001339314086504,0.0002904930696963,0.2769710608779731,true,1e-06,false,win,true
ieee30_structural_group_03_realization_02_seed_30202_8x8_held_out_seed30552017_signed_difference_e0_minus_e1,ieee30_structural_group_03_realization_02_seed_30202_8x8,ieee30,ieee30_structural_group_03,2,30552017.0,signed_difference_e0_minus_e1,sensitivity_initial_mean,-0.0010488210168076,-0.0008727787110218,0.0001760423057858,0.167847805263934,true,1e-06,false,win,true
ieee30_structural_group_03_realization_02_seed_30202_8x8_held_out_seed30552018_aggregate_e0_to_e3,ieee30_structural_group_03_realization_02_seed_30202_8x8,ieee30,ieee30_structural_group_03,2,30552018.0,aggregate_e0_to_e3,balanced_magnitude,0.0029372949413895,0.0035977369698781,0.0006604420284886,0.2248470247853878,true,1e-06,false,win,true
ieee30_structural_group_03_realization_02_seed_30202_8x8_held_out_seed30552018_aggregate_e0_to_e3,ieee30_structural_group_03_realization_02_seed_30202_8x8,ieee30,ieee30_structural_group_03,2,30552018.0,aggregate_e0_to_e3,sensitivity_initial_mean,0.0029372949413895,0.0025508555863214,0.000386439355068,0.131563007045253,true,1e-06,false,win,true
ieee30_structural_group_03_realization_02_seed_30202_8x8_held_out_seed30552018_coordinate_e0,ieee30_structural_group_03_realization_02_seed_30202_8x8,ieee30,ieee30_structural_group_03,2,30552018.0,coordinate_e0,balanced_magnitude,0.000336691759417,0.000336691759417,0.0,0.0,false,1e-06,false,tie,true
ieee30_structural_group_03_realization_02_seed_30202_8x8_held_out_seed30552018_coordinate_e0,ieee30_structural_group_03_realization_02_seed_30202_8x8,ieee30,ieee30_structural_group_03,2,30552018.0,coordinate_e0,sensitivity_initial_mean,0.000336691759417,0.000336691759417,0.0,0.0,false,1e-06,false,tie,true
ieee30_structural_group_03_realization_02_seed_30202_8x8_held_out_seed30552018_signed_difference_e0_minus_e1,ieee30_structural_group_03_realization_02_seed_30202_8x8,ieee30,ieee30_structural_group_03,2,30552018.0,signed_difference_e0_minus_e1,balanced_magnitude,0.003890441612129,0.0031316033203717,0.0007588382917572,0.1950519677230009,true,1e-06,false,win,true
ieee30_structural_group_03_realization_02_seed_30202_8x8_held_out_seed30552018_signed_difference_e0_minus_e1,ieee30_structural_group_03_realization_02_seed_30202_8x8,ieee30,ieee30_structural_group_03,2,30552018.0,signed_difference_e0_minus_e1,sensitivity_initial_mean,0.003890441612129,0.004255388327974,0.000364946715845,0.0938059871422585,false,1e-06,false,win,true
ieee30_structural_group_03_realization_02_seed_30202_8x8_held_out_seed30552019_aggregate_e0_to_e3,ieee30_structural_group_03_realization_02_seed_30202_8x8,ieee30,ieee30_structural_group_03,2,30552019.0,aggregate_e0_to_e3,balanced_magnitude,0.0031948724958163,0.0028217451495823,0.0003731273462339,0.1167894326683095,true,1e-06,false,win,true
ieee30_structural_group_03_realization_02_seed_30202_8x8_held_out_seed30552019_aggregate_e0_to_e3,ieee30_structural_group_03_realization_02_seed_30202_8x8,ieee30,ieee30_structural_group_03,2,30552019.0,aggregate_e0_to_e3,sensitivity_initial_mean,0.0031948724958163,0.0034221893421639,0.0002273168463476,0.0711505221711751,false,1e-06,false,win,true
ieee30_structural_group_03_realization_02_seed_30202_8x8_held_out_seed30552019_coordinate_e0,ieee30_structural_group_03_realization_02_seed_30202_8x8,ieee30,ieee30_structural_group_03,2,30552019.0,coordinate_e0,balanced_magnitude,2.377753449484746e-06,2.377753449484746e-06,0.0,0.0,false,1e-06,false,tie,true
ieee30_structural_group_03_realization_02_seed_30202_8x8_held_out_seed30552019_coordinate_e0,ieee30_structural_group_03_realization_02_seed_30202_8x8,ieee30,ieee30_structural_group_03,2,30552019.0,coordinate_e0,sensitivity_initial_mean,2.377753449484746e-06,2.377753449484746e-06,0.0,0.0,false,1e-06,false,tie,true
ieee30_structural_group_03_realization_02_seed_30202_8x8_held_out_seed30552019_signed_difference_e0_minus_e1,ieee30_structural_group_03_realization_02_seed_30202_8x8,ieee30,ieee30_structural_group_03,2,30552019.0,signed_difference_e0_minus_e1,balanced_magnitude,0.001992718007052,0.0018310098150336,0.0001617081920183,0.0811495612756464,false,1e-06,false,loss,true
ieee30_structural_group_03_realization_02_seed_30202_8x8_held_out_seed30552019_signed_difference_e0_minus_e1,ieee30_structural_group_03_realization_02_seed_30202_8x8,ieee30,ieee30_structural_group_03,2,30552019.0,signed_difference_e0_minus_e1,sensitivity_initial_mean,0.001992718007052,0.0022433400512842,0.0002506220442322,0.1257689464065059,true,1e-06,false,loss,true
ieee30_structural_group_04_realization_01_seed_30201_8x8_held_out_seed30562000_aggregate_e0_to_e3,ieee30_structural_group_04_realization_01_seed_30201_8x8,ieee30,ieee30_structural_group_04,1,30562000.0,aggregate_e0_to_e3,balanced_magnitude,0.0047292163604953,0.004812501965581,8.328560508571309e-05,0.0176108680037192,false,1e-06,false,win,true
ieee30_structural_group_04_realization_01_seed_30201_8x8_held_out_seed30562000_aggregate_e0_to_e3,ieee30_structural_group_04_realization_01_seed_30201_8x8,ieee30,ieee30_structural_group_04,1,30562000.0,aggregate_e0_to_e3,sensitivity_initial_mean,0.0047292163604953,0.0047980685421917,6.88521816963909e-05,0.0145588986521181,false,1e-06,false,win,true
ieee30_structural_group_04_realization_01_seed_30201_8x8_held_out_seed30562000_coordinate_e0,ieee30_structural_group_04_realization_01_seed_30201_8x8,ieee30,ieee30_structural_group_04,1,30562000.0,coordinate_e0,balanced_magnitude,0.0001375278171552,0.0001375278171552,0.0,0.0,false,1e-06,false,tie,true
ieee30_structural_group_04_realization_01_seed_30201_8x8_held_out_seed30562000_coordinate_e0,ieee30_structural_group_04_realization_01_seed_30201_8x8,ieee30,ieee30_structural_group_04,1,30562000.0,coordinate_e0,sensitivity_initial_mean,0.0001375278171552,0.0001375278171552,0.0,0.0,false,1e-06,false,tie,true
ieee30_structural_group_04_realization_01_seed_30201_8x8_held_out_seed30562000_signed_difference_e0_minus_e1,ieee30_structural_group_04_realization_01_seed_30201_8x8,ieee30,ieee30_structural_group_04,1,30562000.0,signed_difference_e0_minus_e1,balanced_magnitude,0.0003436478338776,0.0003436478338776,0.0,0.0,false,1e-06,false,tie,true
ieee30_structural_group_04_realization_01_seed_30201_8x8_held_out_seed30562000_signed_difference_e0_minus_e1,ieee30_structural_group_04_realization_01_seed_30201_8x8,ieee30,ieee30_structural_group_04,1,30562000.0,signed_difference_e0_minus_e1,sensitivity_initial_mean,0.0003436478338776,0.0003436478338776,0.0,0.0,false,1e-06,false,tie,true
ieee30_structural_group_04_realization_01_seed_30201_8x8_held_out_seed30562001_aggregate_e0_to_e3,ieee30_structural_group_04_realization_01_seed_30201_8x8,ieee30,ieee30_structural_group_04,1,30562001.0,aggregate_e0_to_e3,balanced_magnitude,-0.0011605274869742,-0.001162145186337,1.6176993627358902e-06,0.0013939345520833,false,1e-06,false,loss,true
ieee30_structural_group_04_realization_01_seed_30201_8x8_held_out_seed30562001_aggregate_e0_to_e3,ieee30_structural_group_04_realization_01_seed_30201_8x8,ieee30,ieee30_structural_group_04,1,30562001.0,aggregate_e0_to_e3,sensitivity_initial_mean,-0.0011605274869742,-0.0011889668478083,2.843936083410186e-05,0.0245055469631735,false,1e-06,false,loss,true
ieee30_structural_group_04_realization_01_seed_30201_8x8_held_out_seed30562001_coordinate_e0,ieee30_structural_group_04_realization_01_seed_30201_8x8,ieee30,ieee30_structural_group_04,1,30562001.0,coordinate_e0,balanced_magnitude,-0.0013975426939873,-0.0013975426939873,0.0,0.0,false,1e-06,false,tie,true
ieee30_structural_group_04_realization_01_seed_30201_8x8_held_out_seed30562001_coordinate_e0,ieee30_structural_group_04_realization_01_seed_30201_8x8,ieee30,ieee30_structural_group_04,1,30562001.0,coordinate_e0,sensitivity_initial_mean,-0.0013975426939873,-0.0013975426939873,0.0,0.0,false,1e-06,false,tie,true
ieee30_structural_group_04_realization_01_seed_30201_8x8_held_out_seed30562001_signed_difference_e0_minus_e1,ieee30_structural_group_04_realization_01_seed_30201_8x8,ieee30,ieee30_structural_group_04,1,30562001.0,signed_difference_e0_minus_e1,balanced_magnitude,-0.003492111846713,-0.003492111846713,0.0,0.0,false,1e-06,false,tie,true
ieee30_structural_group_04_realization_01_seed_30201_8x8_held_out_seed30562001_signed_difference_e0_minus_e1,ieee30_structural_group_04_realization_01_seed_30201_8x8,ieee30,ieee30_structural_group_04,1,30562001.0,signed_difference_e0_minus_e1,sensitivity_initial_mean,-0.003492111846713,-0.003492111846713,0.0,0.0,false,1e-06,false,tie,true
ieee30_structural_group_04_realization_01_seed_30201_8x8_held_out_seed30562002_aggregate_e0_to_e3,ieee30_structural_group_04_realization_01_seed_30201_8x8,ieee30,ieee30_structural_group_04,1,30562002.0,aggregate_e0_to_e3,balanced_magnitude,-0.0050156257279929,-0.0051387381982596,0.0001231124702666,0.0245457849016836,false,1e-06,false,win,true
ieee30_structural_group_04_realization_01_seed_30201_8x8_held_out_seed30562002_aggregate_e0_to_e3,ieee30_structural_group_04_realization_01_seed_30201_8x8,ieee30,ieee30_structural_group_04,1,30562002.0,aggregate_e0_to_e3,sensitivity_initial_mean,-0.0050156257279929,-0.0050443708008934,2.8745072900436715e-05,0.0057311040455044,false,1e-06,false,win,true
ieee30_structural_group_04_realization_01_seed_30201_8x8_held_out_seed30562002_coordinate_e0,ieee30_structural_group_04_realization_01_seed_30201_8x8,ieee30,ieee30_structural_group_04,1,30562002.0,coordinate_e0,balanced_magnitude,0.000230144088613,0.000230144088613,0.0,0.0,false,1e-06,false,tie,true
ieee30_structural_group_04_realization_01_seed_30201_8x8_held_out_seed30562002_coordinate_e0,ieee30_structural_group_04_realization_01_seed_30201_8x8,ieee30,ieee30_structural_group_04,1,30562002.0,coordinate_e0,sensitivity_initial_mean,0.000230144088613,0.000230144088613,0.0,0.0,false,1e-06,false,tie,true
ieee30_structural_group_04_realization_01_seed_30201_8x8_held_out_seed30562002_signed_difference_e0_minus_e1,ieee30_structural_group_04_realization_01_seed_30201_8x8,ieee30,ieee30_structural_group_04,1,30562002.0,signed_difference_e0_minus_e1,balanced_magnitude,0.0005750728773827,0.0005750728773827,0.0,0.0,false,1e-06,false,tie,true
ieee30_structural_group_04_realization_01_seed_30201_8x8_held_out_seed30562002_signed_difference_e0_minus_e1,ieee30_structural_group_04_realization_01_seed_30201_8x8,ieee30,ieee30_structural_group_04,1,30562002.0,signed_difference_e0_minus_e1,sensitivity_initial_mean,0.0005750728773827,0.0005750728773827,0.0,0.0,false,1e-06,false,tie,true
ieee30_structural_group_04_realization_01_seed_30201_8x8_held_out_seed30562003_aggregate_e0_to_e3,ieee30_structural_group_04_realization_01_seed_30201_8x8,ieee30,ieee30_structural_group_04,1,30562003.0,aggregate_e0_to_e3,balanced_magnitude,0.0002391233128255,0.0002332460668308,5.877245994644412e-06,0.0245783061684683,false,1e-06,false,loss,true
ieee30_structural_group_04_realization_01_seed_30201_8x8_held_out_seed30562003_aggregate_e0_to_e3,ieee30_structural_group_04_realization_01_seed_30201_8x8,ieee30,ieee30_structural_group_04,1,30562003.0,aggregate_e0_to_e3,sensitivity_initial_mean,0.0002391233128255,0.0002281561111314,1.0967201694120788e-05,0.0458642094094878,false,1e-06,false,loss,true
ieee30_structural_group_04_realization_01_seed_30201_8x8_held_out_seed30562003_coordinate_e0,ieee30_structural_group_04_realization_01_seed_30201_8x8,ieee30,ieee30_structural_group_04,1,30562003.0,coordinate_e0,balanced_magnitude,-0.0011998009086691,-0.0011998009086691,0.0,0.0,false,1e-06,false,tie,true
ieee30_structural_group_04_realization_01_seed_30201_8x8_held_out_seed30562003_coordinate_e0,ieee30_structural_group_04_realization_01_seed_30201_8x8,ieee30,ieee30_structural_group_04,1,30562003.0,coordinate_e0,sensitivity_initial_mean,-0.0011998009086691,-0.0011998009086691,0.0,0.0,false,1e-06,false,tie,true
ieee30_structural_group_04_realization_01_seed_30201_8x8_held_out_seed30562003_signed_difference_e0_minus_e1,ieee30_structural_group_04_realization_01_seed_30201_8x8,ieee30,ieee30_structural_group_04,1,30562003.0,signed_difference_e0_minus_e1,balanced_magnitude,-0.0029980042719886,-0.0029980042719886,0.0,0.0,false,1e-06,false,tie,true
ieee30_structural_group_04_realization_01_seed_30201_8x8_held_out_seed30562003_signed_difference_e0_minus_e1,ieee30_structural_group_04_realization_01_seed_30201_8x8,ieee30,ieee30_structural_group_04,1,30562003.0,signed_difference_e0_minus_e1,sensitivity_initial_mean,-0.0029980042719886,-0.0029980042719886,0.0,0.0,false,1e-06,false,tie,true
ieee30_structural_group_04_realization_01_seed_30201_8x8_held_out_seed30562004_aggregate_e0_to_e3,ieee30_structural_group_04_realization_01_seed_30201_8x8,ieee30,ieee30_structural_group_04,1,30562004.0,aggregate_e0_to_e3,balanced_magnitude,0.0008272562154202,0.0008580650587201,3.08088432999403e-05,0.0372422022653416,false,1e-06,false,win,true
ieee30_structural_group_04_realization_01_seed_30201_8x8_held_out_seed30562004_aggregate_e0_to_e3,ieee30_structural_group_04_realization_01_seed_30201_8x8,ieee30,ieee30_structural_group_04,1,30562004.0,aggregate_e0_to_e3,sensitivity_initial_mean,0.0008272562154202,0.0008505683418894,2.3312126469219804e-05,0.0281800559907288,false,1e-06,false,win,true
ieee30_structural_group_04_realization_01_seed_30201_8x8_held_out_seed30562004_coordinate_e0,ieee30_structural_group_04_realization_01_seed_30201_8x8,ieee30,ieee30_structural_group_04,1,30562004.0,coordinate_e0,balanced_magnitude,0.0002075738598674,0.0002075738598674,0.0,0.0,false,1e-06,false,tie,true
ieee30_structural_group_04_realization_01_seed_30201_8x8_held_out_seed30562004_coordinate_e0,ieee30_structural_group_04_realization_01_seed_30201_8x8,ieee30,ieee30_structural_group_04,1,30562004.0,coordinate_e0,sensitivity_initial_mean,0.0002075738598674,0.0002075738598674,0.0,0.0,false,1e-06,false,tie,true
ieee30_structural_group_04_realization_01_seed_30201_8x8_held_out_seed30562004_signed_difference_e0_minus_e1,ieee30_structural_group_04_realization_01_seed_30201_8x8,ieee30,ieee30_structural_group_04,1,30562004.0,signed_difference_e0_minus_e1,balanced_magnitude,0.000518675485357,0.000518675485357,0.0,0.0,false,1e-06,false,tie,true
ieee30_structural_group_04_realization_01_seed_30201_8x8_held_out_seed30562004_signed_difference_e0_minus_e1,ieee30_structural_group_04_realization_01_seed_30201_8x8,ieee30,ieee30_structural_group_04,1,30562004.0,signed_difference_e0_minus_e1,sensitivity_initial_mean,0.000518675485357,0.000518675485357,0.0,0.0,false,1e-06,false,tie,true
ieee30_structural_group_04_realization_01_seed_30201_8x8_held_out_seed30562005_aggregate_e0_to_e3,ieee30_structural_group_04_realization_01_seed_30201_8x8,ieee30,ieee30_structural_group_04,1,30562005.0,aggregate_e0_to_e3,balanced_magnitude,-0.0015264079175805,-0.0014615970963352,6.481082124533866e-05,0.0424596993365103,false,1e-06,false,loss,true
ieee30_structural_group_04_realization_01_seed_30201_8x8_held_out_seed30562005_aggregate_e0_to_e3,ieee30_structural_group_04_realization_01_seed_30201_8x8,ieee30,ieee30_structural_group_04,1,30562005.0,aggregate_e0_to_e3,sensitivity_initial_mean,-0.0015264079175805,-0.0014443282628054,8.207965477508385e-05,0.0537730798102682,false,1e-06,false,loss,true
ieee30_structural_group_04_realization_01_seed_30201_8x8_held_out_seed30562005_coordinate_e0,ieee30_structural_group_04_realization_01_seed_30201_8x8,ieee30,ieee30_structural_group_04,1,30562005.0,coordinate_e0,balanced_magnitude,0.0002709700432169,0.0002709700432169,0.0,0.0,false,1e-06,false,tie,true
ieee30_structural_group_04_realization_01_seed_30201_8x8_held_out_seed30562005_coordinate_e0,ieee30_structural_group_04_realization_01_seed_30201_8x8,ieee30,ieee30_structural_group_04,1,30562005.0,coordinate_e0,sensitivity_initial_mean,0.0002709700432169,0.0002709700432169,0.0,0.0,false,1e-06,false,tie,true
ieee30_structural_group_04_realization_01_seed_30201_8x8_held_out_seed30562005_signed_difference_e0_minus_e1,ieee30_structural_group_04_realization_01_seed_30201_8x8,ieee30,ieee30_structural_group_04,1,30562005.0,signed_difference_e0_minus_e1,balanced_magnitude,0.0006770867910463,0.0006770867910463,0.0,0.0,false,1e-06,false,tie,true
ieee30_structural_group_04_realization_01_seed_30201_8x8_held_out_seed30562005_signed_difference_e0_minus_e1,ieee30_structural_group_04_realization_01_seed_30201_8x8,ieee30,ieee30_structural_group_04,1,30562005.0,signed_difference_e0_minus_e1,sensitivity_initial_mean,0.0006770867910463,0.0006770867910463,0.0,0.0,false,1e-06,false,tie,true
ieee30_structural_group_04_realization_01_seed_30201_8x8_held_out_seed30562006_aggregate_e0_to_e3,ieee30_structural_group_04_realization_01_seed_30201_8x8,ieee30,ieee30_structural_group_04,1,30562006.0,aggregate_e0_to_e3,balanced_magnitude,-0.0017540195817677,-0.0016376113273128,0.0001164082544549,0.0663665649260317,false,1e-06,false,win,true
ieee30_structural_group_04_realization_01_seed_30201_8x8_held_out_seed30562006_aggregate_e0_to_e3,ieee30_structural_group_04_realization_01_seed_30201_8x8,ieee30,ieee30_structural_group_04,1,30562006.0,aggregate_e0_to_e3,sensitivity_initial_mean,-0.0017540195817677,-0.0016923928852811,6.162669648659795e-05,0.0351345544412273,false,1e-06,false,win,true
ieee30_structural_group_04_realization_01_seed_30201_8x8_held_out_seed30562006_coordinate_e0,ieee30_structural_group_04_realization_01_seed_30201_8x8,ieee30,ieee30_structural_group_04,1,30562006.0,coordinate_e0,balanced_magnitude,0.0003640776593804,0.0003640776593804,0.0,0.0,false,1e-06,false,tie,true
ieee30_structural_group_04_realization_01_seed_30201_8x8_held_out_seed30562006_coordinate_e0,ieee30_structural_group_04_realization_01_seed_30201_8x8,ieee30,ieee30_structural_group_04,1,30562006.0,coordinate_e0,sensitivity_initial_mean,0.0003640776593804,0.0003640776593804,0.0,0.0,false,1e-06,false,tie,true
ieee30_structural_group_04_realization_01_seed_30201_8x8_held_out_seed30562006_signed_difference_e0_minus_e1,ieee30_structural_group_04_realization_01_seed_30201_8x8,ieee30,ieee30_structural_group_04,1,30562006.0,signed_difference_e0_minus_e1,balanced_magnitude,0.000909739582852,0.000909739582852,0.0,0.0,false,1e-06,false,tie,true
ieee30_structural_group_04_realization_01_seed_30201_8x8_held_out_seed30562006_signed_difference_e0_minus_e1,ieee30_structural_group_04_realization_01_seed_30201_8x8,ieee30,ieee30_structural_group_04,1,30562006.0,signed_difference_e0_minus_e1,sensitivity_initial_mean,0.000909739582852,0.000909739582852,0.0,0.0,false,1e-06,false,tie,true
ieee30_structural_group_04_realization_01_seed_30201_8x8_held_out_seed30562007_aggregate_e0_to_e3,ieee30_structural_group_04_realization_01_seed_30201_8x8,ieee30,ieee30_structural_group_04,1,30562007.0,aggregate_e0_to_e3,balanced_magnitude,-0.0016846569746469,-0.001528448868011,0.0001562081066359,0.0927239841622076,false,1e-06,false,tie,true
ieee30_structural_group_04_realization_01_seed_30201_8x8_held_out_seed30562007_aggregate_e0_to_e3,ieee30_structural_group_04_realization_01_seed_30201_8x8,ieee30,ieee30_structural_group_04,1,30562007.0,aggregate_e0_to_e3,sensitivity_initial_mean,-0.0016846569746469,-0.0015273045278113,0.0001573524468356,0.0934032560952522,false,1e-06,false,tie,true
ieee30_structural_group_04_realization_01_seed_30201_8x8_held_out_seed30562007_coordinate_e0,ieee30_structural_group_04_realization_01_seed_30201_8x8,ieee30,ieee30_structural_group_04,1,30562007.0,coordinate_e0,balanced_magnitude,0.0010651587015378,0.0010651587015378,0.0,0.0,false,1e-06,false,tie,true
ieee30_structural_group_04_realization_01_seed_30201_8x8_held_out_seed30562007_coordinate_e0,ieee30_structural_group_04_realization_01_seed_30201_8x8,ieee30,ieee30_structural_group_04,1,30562007.0,coordinate_e0,sensitivity_initial_mean,0.0010651587015378,0.0010651587015378,0.0,0.0,false,1e-06,false,tie,true
ieee30_structural_group_04_realization_01_seed_30201_8x8_held_out_seed30562007_signed_difference_e0_minus_e1,ieee30_structural_group_04_realization_01_seed_30201_8x8,ieee30,ieee30_structural_group_04,1,30562007.0,signed_difference_e0_minus_e1,balanced_magnitude,0.0026615668603706,0.0026615668603706,0.0,0.0,false,1e-06,false,tie,true
ieee30_structural_group_04_realization_01_seed_30201_8x8_held_out_seed30562007_signed_difference_e0_minus_e1,ieee30_structural_group_04_realization_01_seed_30201_8x8,ieee30,ieee30_structural_group_04,1,30562007.0,signed_difference_e0_minus_e1,sensitivity_initial_mean,0.0026615668603706,0.0026615668603706,0.0,0.0,false,1e-06,false,tie,true
ieee30_structural_group_04_realization_01_seed_30201_8x8_held_out_seed30562008_aggregate_e0_to_e3,ieee30_structural_group_04_realization_01_seed_30201_8x8,ieee30,ieee30_structural_group_04,1,30562008.0,aggregate_e0_to_e3,balanced_magnitude,-0.0032531875521599,-0.0033250187908221,7.183123866220551e-05,0.0220802635908629,false,1e-06,false,win,true
ieee30_structural_group_04_realization_01_seed_30201_8x8_held_out_seed30562008_aggregate_e0_to_e3,ieee30_structural_group_04_realization_01_seed_30201_8x8,ieee30,ieee30_structural_group_04,1,30562008.0,aggregate_e0_to_e3,sensitivity_initial_mean,-0.0032531875521599,-0.0032793773616982,2.6189809538341557e-05,0.0080505071159985,false,1e-06,false,win,true
ieee30_structural_group_04_realization_01_seed_30201_8x8_held_out_seed30562008_coordinate_e0,ieee30_structural_group_04_realization_01_seed_30201_8x8,ieee30,ieee30_structural_group_04,1,30562008.0,coordinate_e0,balanced_magnitude,0.0016136845963581,0.0016136845963581,0.0,0.0,false,1e-06,false,tie,true
ieee30_structural_group_04_realization_01_seed_30201_8x8_held_out_seed30562008_coordinate_e0,ieee30_structural_group_04_realization_01_seed_30201_8x8,ieee30,ieee30_structural_group_04,1,30562008.0,coordinate_e0,sensitivity_initial_mean,0.0016136845963581,0.0016136845963581,0.0,0.0,false,1e-06,false,tie,true
ieee30_structural_group_04_realization_01_seed_30201_8x8_held_out_seed30562008_signed_difference_e0_minus_e1,ieee30_structural_group_04_realization_01_seed_30201_8x8,ieee30,ieee30_structural_group_04,1,30562008.0,signed_difference_e0_minus_e1,balanced_magnitude,0.004032196740783,0.004032196740783,0.0,0.0,false,1e-06,false,tie,true
ieee30_structural_group_04_realization_01_seed_30201_8x8_held_out_seed30562008_signed_difference_e0_minus_e1,ieee30_structural_group_04_realization_01_seed_30201_8x8,ieee30,ieee30_structural_group_04,1,30562008.0,signed_difference_e0_minus_e1,sensitivity_initial_mean,0.004032196740783,0.004032196740783,0.0,0.0,false,1e-06,false,tie,true
ieee30_structural_group_04_realization_01_seed_30201_8x8_held_out_seed30562009_aggregate_e0_to_e3,ieee30_structural_group_04_realization_01_seed_30201_8x8,ieee30,ieee30_structural_group_04,1,30562009.0,aggregate_e0_to_e3,balanced_magnitude,-0.0022210008084538,-0.0021236675426784,9.73332657754184e-05,0.0438240568868483,false,1e-06,false,win,true
ieee30_structural_group_04_realization_01_seed_30201_8x8_held_out_seed30562009_aggregate_e0_to_e3,ieee30_structural_group_04_realization_01_seed_30201_8x8,ieee30,ieee30_structural_group_04,1,30562009.0,aggregate_e0_to_e3,sensitivity_initial_mean,-0.0022210008084538,-0.0021260835390873,9.491726936651122e-05,0.0427362606106331,false,1e-06,false,win,true
ieee30_structural_group_04_realization_01_seed_30201_8x8_held_out_seed30562009_coordinate_e0,ieee30_structural_group_04_realization_01_seed_30201_8x8,ieee30,ieee30_structural_group_04,1,30562009.0,coordinate_e0,balanced_magnitude,-0.0003981999702306,-0.0003981999702306,0.0,0.0,false,1e-06,false,tie,true
ieee30_structural_group_04_realization_01_seed_30201_8x8_held_out_seed30562009_coordinate_e0,ieee30_structural_group_04_realization_01_seed_30201_8x8,ieee30,ieee30_structural_group_04,1,30562009.0,coordinate_e0,sensitivity_initial_mean,-0.0003981999702306,-0.0003981999702306,0.0,0.0,false,1e-06,false,tie,true
ieee30_structural_group_04_realization_01_seed_30201_8x8_held_out_seed30562009_signed_difference_e0_minus_e1,ieee30_structural_group_04_realization_01_seed_30201_8x8,ieee30,ieee30_structural_group_04,1,30562009.0,signed_difference_e0_minus_e1,balanced_magnitude,-0.0009950027569002,-0.0009950027569002,0.0,0.0,false,1e-06,false,tie,true
ieee30_structural_group_04_realization_01_seed_30201_8x8_held_out_seed30562009_signed_difference_e0_minus_e1,ieee30_structural_group_04_realization_01_seed_30201_8x8,ieee30,ieee30_structural_group_04,1,30562009.0,signed_difference_e0_minus_e1,sensitivity_initial_mean,-0.0009950027569002,-0.0009950027569002,0.0,0.0,false,1e-06,false,tie,true
ieee30_structural_group_04_realization_01_seed_30201_8x8_held_out_seed30562010_aggregate_e0_to_e3,ieee30_structural_group_04_realization_01_seed_30201_8x8,ieee30,ieee30_structural_group_04,1,30562010.0,aggregate_e0_to_e3,balanced_magnitude,0.0031337051817685,0.0030948747526876,3.883042908095751e-05,0.012391219603831,false,1e-06,false,win,true
ieee30_structural_group_04_realization_01_seed_30201_8x8_held_out_seed30562010_aggregate_e0_to_e3,ieee30_structural_group_04_realization_01_seed_30201_8x8,ieee30,ieee30_structural_group_04,1,30562010.0,aggregate_e0_to_e3,sensitivity_initial_mean,0.0031337051817685,0.0031174063770676,1.629880470094226e-05,0.005201128937006,false,1e-06,false,win,true
ieee30_structural_group_04_realization_01_seed_30201_8x8_held_out_seed30562010_coordinate_e0,ieee30_structural_group_04_realization_01_seed_30201_8x8,ieee30,ieee30_structural_group_04,1,30562010.0,coordinate_e0,balanced_magnitude,0.000629771755007,0.000629771755007,0.0,0.0,false,1e-06,false,tie,true
ieee30_structural_group_04_realization_01_seed_30201_8x8_held_out_seed30562010_coordinate_e0,ieee30_structural_group_04_realization_01_seed_30201_8x8,ieee30,ieee30_structural_group_04,1,30562010.0,coordinate_e0,sensitivity_initial_mean,0.000629771755007,0.000629771755007,0.0,0.0,false,1e-06,false,tie,true
ieee30_structural_group_04_realization_01_seed_30201_8x8_held_out_seed30562010_signed_difference_e0_minus_e1,ieee30_structural_group_04_realization_01_seed_30201_8x8,ieee30,ieee30_structural_group_04,1,30562010.0,signed_difference_e0_minus_e1,balanced_magnitude,0.0015736430921554,0.0015736430921554,0.0,0.0,false,1e-06,false,tie,true
ieee30_structural_group_04_realization_01_seed_30201_8x8_held_out_seed30562010_signed_difference_e0_minus_e1,ieee30_structural_group_04_realization_01_seed_30201_8x8,ieee30,ieee30_structural_group_04,1,30562010.0,signed_difference_e0_minus_e1,sensitivity_initial_mean,0.0015736430921554,0.0015736430921554,0.0,0.0,false,1e-06,false,tie,true
ieee30_structural_group_04_realization_01_seed_30201_8x8_held_out_seed30562011_aggregate_e0_to_e3,ieee30_structural_group_04_realization_01_seed_30201_8x8,ieee30,ieee30_structural_group_04,1,30562011.0,aggregate_e0_to_e3,balanced_magnitude,0.0046870477184687,0.0047691849403666,8.213722189784681e-05,0.0175242982003777,false,1e-06,false,win,true
ieee30_structural_group_04_realization_01_seed_30201_8x8_held_out_seed30562011_aggregate_e0_to_e3,ieee30_structural_group_04_realization_01_seed_30201_8x8,ieee30,ieee30_structural_group_04,1,30562011.0,aggregate_e0_to_e3,sensitivity_initial_mean,0.0046870477184687,0.0047099120679816,2.286434951293513e-05,0.0048781985775055,false,1e-06,false,win,true
ieee30_structural_group_04_realization_01_seed_30201_8x8_held_out_seed30562011_coordinate_e0,ieee30_structural_group_04_realization_01_seed_30201_8x8,ieee30,ieee30_structural_group_04,1,30562011.0,coordinate_e0,balanced_magnitude,-0.0010620868612558,-0.0010620868612558,0.0,0.0,false,1e-06,false,tie,true
ieee30_structural_group_04_realization_01_seed_30201_8x8_held_out_seed30562011_coordinate_e0,ieee30_structural_group_04_realization_01_seed_30201_8x8,ieee30,ieee30_structural_group_04,1,30562011.0,coordinate_e0,sensitivity_initial_mean,-0.0010620868612558,-0.0010620868612558,0.0,0.0,false,1e-06,false,tie,true
ieee30_structural_group_04_realization_01_seed_30201_8x8_held_out_seed30562011_signed_difference_e0_minus_e1,ieee30_structural_group_04_realization_01_seed_30201_8x8,ieee30,ieee30_structural_group_04,1,30562011.0,signed_difference_e0_minus_e1,balanced_magnitude,-0.0026538910949818,-0.0026538910949818,0.0,0.0,false,1e-06,false,tie,true
ieee30_structural_group_04_realization_01_seed_30201_8x8_held_out_seed30562011_signed_difference_e0_minus_e1,ieee30_structural_group_04_realization_01_seed_30201_8x8,ieee30,ieee30_structural_group_04,1,30562011.0,signed_difference_e0_minus_e1,sensitivity_initial_mean,-0.0026538910949818,-0.0026538910949818,0.0,0.0,false,1e-06,false,tie,true
ieee30_structural_group_04_realization_01_seed_30201_8x8_held_out_seed30562012_aggregate_e0_to_e3,ieee30_structural_group_04_realization_01_seed_30201_8x8,ieee30,ieee30_structural_group_04,1,30562012.0,aggregate_e0_to_e3,balanced_magnitude,0.0040525503125299,0.0040710239146456,1.8473602115653964e-05,0.0045585127119917,false,1e-06,false,win,true
ieee30_structural_group_04_realization_01_seed_30201_8x8_held_out_seed30562012_aggregate_e0_to_e3,ieee30_structural_group_04_realization_01_seed_30201_8x8,ieee30,ieee30_structural_group_04,1,30562012.0,aggregate_e0_to_e3,sensitivity_initial_mean,0.0040525503125299,0.004070180612181,1.763029965106723e-05,0.0043504209180467,false,1e-06,false,win,true
ieee30_structural_group_04_realization_01_seed_30201_8x8_held_out_seed30562012_coordinate_e0,ieee30_structural_group_04_realization_01_seed_30201_8x8,ieee30,ieee30_structural_group_04,1,30562012.0,coordinate_e0,balanced_magnitude,-0.0008391649321306,-0.0008391649321306,0.0,0.0,false,1e-06,false,tie,true
ieee30_structural_group_04_realization_01_seed_30201_8x8_held_out_seed30562012_coordinate_e0,ieee30_structural_group_04_realization_01_seed_30201_8x8,ieee30,ieee30_structural_group_04,1,30562012.0,coordinate_e0,sensitivity_initial_mean,-0.0008391649321306,-0.0008391649321306,0.0,0.0,false,1e-06,false,tie,true
ieee30_structural_group_04_realization_01_seed_30201_8x8_held_out_seed30562012_signed_difference_e0_minus_e1,ieee30_structural_group_04_realization_01_seed_30201_8x8,ieee30,ieee30_structural_group_04,1,30562012.0,signed_difference_e0_minus_e1,balanced_magnitude,-0.0020968645991619,-0.0020968645991619,0.0,0.0,false,1e-06,false,tie,true
ieee30_structural_group_04_realization_01_seed_30201_8x8_held_out_seed30562012_signed_difference_e0_minus_e1,ieee30_structural_group_04_realization_01_seed_30201_8x8,ieee30,ieee30_structural_group_04,1,30562012.0,signed_difference_e0_minus_e1,sensitivity_initial_mean,-0.0020968645991619,-0.0020968645991619,0.0,0.0,false,1e-06,false,tie,true
ieee30_structural_group_04_realization_01_seed_30201_8x8_held_out_seed30562013_aggregate_e0_to_e3,ieee30_structural_group_04_realization_01_seed_30201_8x8,ieee30,ieee30_structural_group_04,1,30562013.0,aggregate_e0_to_e3,balanced_magnitude,-0.000281325335358,-0.0003239811832392,4.265584788113895e-05,0.1516246228831371,true,1e-06,false,loss,true
ieee30_structural_group_04_realization_01_seed_30201_8x8_held_out_seed30562013_aggregate_e0_to_e3,ieee30_structural_group_04_realization_01_seed_30201_8x8,ieee30,ieee30_structural_group_04,1,30562013.0,aggregate_e0_to_e3,sensitivity_initial_mean,-0.000281325335358,-0.0003263543941263,4.502905876832162e-05,0.1600604464258767,true,1e-06,false,loss,true
ieee30_structural_group_04_realization_01_seed_30201_8x8_held_out_seed30562013_coordinate_e0,ieee30_structural_group_04_realization_01_seed_30201_8x8,ieee30,ieee30_structural_group_04,1,30562013.0,coordinate_e0,balanced_magnitude,-0.0018435899518103,-0.0018435899518103,0.0,0.0,false,1e-06,false,tie,true
ieee30_structural_group_04_realization_01_seed_30201_8x8_held_out_seed30562013_coordinate_e0,ieee30_structural_group_04_realization_01_seed_30201_8x8,ieee30,ieee30_structural_group_04,1,30562013.0,coordinate_e0,sensitivity_initial_mean,-0.0018435899518103,-0.0018435899518103,0.0,0.0,false,1e-06,false,tie,true
ieee30_structural_group_04_realization_01_seed_30201_8x8_held_out_seed30562013_signed_difference_e0_minus_e1,ieee30_structural_group_04_realization_01_seed_30201_8x8,ieee30,ieee30_structural_group_04,1,30562013.0,signed_difference_e0_minus_e1,balanced_magnitude,-0.0046066730833316,-0.0046066730833316,0.0,0.0,false,1e-06,false,tie,true
ieee30_structural_group_04_realization_01_seed_30201_8x8_held_out_seed30562013_signed_difference_e0_minus_e1,ieee30_structural_group_04_realization_01_seed_30201_8x8,ieee30,ieee30_structural_group_04,1,30562013.0,signed_difference_e0_minus_e1,sensitivity_initial_mean,-0.0046066730833316,-0.0046066730833316,0.0,0.0,false,1e-06,false,tie,true
ieee30_structural_group_04_realization_01_seed_30201_8x8_held_out_seed30562014_aggregate_e0_to_e3,ieee30_structural_group_04_realization_01_seed_30201_8x8,ieee30,ieee30_structural_group_04,1,30562014.0,aggregate_e0_to_e3,balanced_magnitude,-0.0020383385620086,-0.0021844845207911,0.0001461459587825,0.0716985693674816,false,1e-06,false,win,true
ieee30_structural_group_04_realization_01_seed_30201_8x8_held_out_seed30562014_aggregate_e0_to_e3,ieee30_structural_group_04_realization_01_seed_30201_8x8,ieee30,ieee30_structural_group_04,1,30562014.0,aggregate_e0_to_e3,sensitivity_initial_mean,-0.0020383385620086,-0.0021229091365879,8.45705745793502e-05,0.0414899546893785,false,1e-06,false,win,true
ieee30_structural_group_04_realization_01_seed_30201_8x8_held_out_seed30562014_coordinate_e0,ieee30_structural_group_04_realization_01_seed_30201_8x8,ieee30,ieee30_structural_group_04,1,30562014.0,coordinate_e0,balanced_magnitude,-0.0019621854133899,-0.0019621854133899,0.0,0.0,false,1e-06,false,tie,true
ieee30_structural_group_04_realization_01_seed_30201_8x8_held_out_seed30562014_coordinate_e0,ieee30_structural_group_04_realization_01_seed_30201_8x8,ieee30,ieee30_structural_group_04,1,30562014.0,coordinate_e0,sensitivity_initial_mean,-0.0019621854133899,-0.0019621854133899,0.0,0.0,false,1e-06,false,tie,true
ieee30_structural_group_04_realization_01_seed_30201_8x8_held_out_seed30562014_signed_difference_e0_minus_e1,ieee30_structural_group_04_realization_01_seed_30201_8x8,ieee30,ieee30_structural_group_04,1,30562014.0,signed_difference_e0_minus_e1,balanced_magnitude,-0.0049030136660774,-0.0049030136660774,0.0,0.0,false,1e-06,false,tie,true
ieee30_structural_group_04_realization_01_seed_30201_8x8_held_out_seed30562014_signed_difference_e0_minus_e1,ieee30_structural_group_04_realization_01_seed_30201_8x8,ieee30,ieee30_structural_group_04,1,30562014.0,signed_difference_e0_minus_e1,sensitivity_initial_mean,-0.0049030136660774,-0.0049030136660774,0.0,0.0,false,1e-06,false,tie,true
ieee30_structural_group_04_realization_01_seed_30201_8x8_held_out_seed30562015_aggregate_e0_to_e3,ieee30_structural_group_04_realization_01_seed_30201_8x8,ieee30,ieee30_structural_group_04,1,30562015.0,aggregate_e0_to_e3,balanced_magnitude,0.0038467552633058,0.0040500632674572,0.0002033080041514,0.0528518167222081,false,1e-06,false,win,true
ieee30_structural_group_04_realization_01_seed_30201_8x8_held_out_seed30562015_aggregate_e0_to_e3,ieee30_structural_group_04_realization_01_seed_30201_8x8,ieee30,ieee30_structural_group_04,1,30562015.0,aggregate_e0_to_e3,sensitivity_initial_mean,0.0038467552633058,0.0039750174073165,0.0001282621440107,0.0333429436580572,false,1e-06,false,win,true
ieee30_structural_group_04_realization_01_seed_30201_8x8_held_out_seed30562015_coordinate_e0,ieee30_structural_group_04_realization_01_seed_30201_8x8,ieee30,ieee30_structural_group_04,1,30562015.0,coordinate_e0,balanced_magnitude,0.001030476081169,0.001030476081169,0.0,0.0,false,1e-06,false,tie,true
ieee30_structural_group_04_realization_01_seed_30201_8x8_held_out_seed30562015_coordinate_e0,ieee30_structural_group_04_realization_01_seed_30201_8x8,ieee30,ieee30_structural_group_04,1,30562015.0,coordinate_e0,sensitivity_initial_mean,0.001030476081169,0.001030476081169,0.0,0.0,false,1e-06,false,tie,true
ieee30_structural_group_04_realization_01_seed_30201_8x8_held_out_seed30562015_signed_difference_e0_minus_e1,ieee30_structural_group_04_realization_01_seed_30201_8x8,ieee30,ieee30_structural_group_04,1,30562015.0,signed_difference_e0_minus_e1,balanced_magnitude,0.0025749036120951,0.0025749036120951,0.0,0.0,false,1e-06,false,tie,true
ieee30_structural_group_04_realization_01_seed_30201_8x8_held_out_seed30562015_signed_difference_e0_minus_e1,ieee30_structural_group_04_realization_01_seed_30201_8x8,ieee30,ieee30_structural_group_04,1,30562015.0,signed_difference_e0_minus_e1,sensitivity_initial_mean,0.0025749036120951,0.0025749036120951,0.0,0.0,false,1e-06,false,tie,true
ieee30_structural_group_04_realization_01_seed_30201_8x8_held_out_seed30562016_aggregate_e0_to_e3,ieee30_structural_group_04_realization_01_seed_30201_8x8,ieee30,ieee30_structural_group_04,1,30562016.0,aggregate_e0_to_e3,balanced_magnitude,-0.0021789516805616,-0.0022731130982338,9.41614176721583e-05,0.0432140916717739,false,1e-06,false,win,true
ieee30_structural_group_04_realization_01_seed_30201_8x8_held_out_seed30562016_aggregate_e0_to_e3,ieee30_structural_group_04_realization_01_seed_30201_8x8,ieee30,ieee30_structural_group_04,1,30562016.0,aggregate_e0_to_e3,sensitivity_initial_mean,-0.0021789516805616,-0.0022717710793462,9.281939878458788e-05,0.042598190502628,false,1e-06,false,win,true
ieee30_structural_group_04_realization_01_seed_30201_8x8_held_out_seed30562016_coordinate_e0,ieee30_structural_group_04_realization_01_seed_30201_8x8,ieee30,ieee30_structural_group_04,1,30562016.0,coordinate_e0,balanced_magnitude,0.0001659453255833,0.0001659453255833,0.0,0.0,false,1e-06,false,tie,true
ieee30_structural_group_04_realization_01_seed_30201_8x8_held_out_seed30562016_coordinate_e0,ieee30_structural_group_04_realization_01_seed_30201_8x8,ieee30,ieee30_structural_group_04,1,30562016.0,coordinate_e0,sensitivity_initial_mean,0.0001659453255833,0.0001659453255833,0.0,0.0,false,1e-06,false,tie,true
ieee30_structural_group_04_realization_01_seed_30201_8x8_held_out_seed30562016_signed_difference_e0_minus_e1,ieee30_structural_group_04_realization_01_seed_30201_8x8,ieee30,ieee30_structural_group_04,1,30562016.0,signed_difference_e0_minus_e1,balanced_magnitude,0.000414656124546,0.000414656124546,0.0,0.0,false,1e-06,false,tie,true
ieee30_structural_group_04_realization_01_seed_30201_8x8_held_out_seed30562016_signed_difference_e0_minus_e1,ieee30_structural_group_04_realization_01_seed_30201_8x8,ieee30,ieee30_structural_group_04,1,30562016.0,signed_difference_e0_minus_e1,sensitivity_initial_mean,0.000414656124546,0.000414656124546,0.0,0.0,false,1e-06,false,tie,true
ieee30_structural_group_04_realization_01_seed_30201_8x8_held_out_seed30562017_aggregate_e0_to_e3,ieee30_structural_group_04_realization_01_seed_30201_8x8,ieee30,ieee30_structural_group_04,1,30562017.0,aggregate_e0_to_e3,balanced_magnitude,-0.0015342178859608,-0.0015345489610486,3.310750877867988e-07,0.0002157940477792,false,1e-06,false,loss,true
ieee30_structural_group_04_realization_01_seed_30201_8x8_held_out_seed30562017_aggregate_e0_to_e3,ieee30_structural_group_04_realization_01_seed_30201_8x8,ieee30,ieee30_structural_group_04,1,30562017.0,aggregate_e0_to_e3,sensitivity_initial_mean,-0.0015342178859608,-0.0014960138551385,3.820403082226533e-05,0.0249013071558207,false,1e-06,false,loss,true
ieee30_structural_group_04_realization_01_seed_30201_8x8_held_out_seed30562017_coordinate_e0,ieee30_structural_group_04_realization_01_seed_30201_8x8,ieee30,ieee30_structural_group_04,1,30562017.0,coordinate_e0,balanced_magnitude,-0.0020023865352005,-0.0020023865352005,0.0,0.0,false,1e-06,false,tie,true
ieee30_structural_group_04_realization_01_seed_30201_8x8_held_out_seed30562017_coordinate_e0,ieee30_structural_group_04_realization_01_seed_30201_8x8,ieee30,ieee30_structural_group_04,1,30562017.0,coordinate_e0,sensitivity_initial_mean,-0.0020023865352005,-0.0020023865352005,0.0,0.0,false,1e-06,false,tie,true
ieee30_structural_group_04_realization_01_seed_30201_8x8_held_out_seed30562017_signed_difference_e0_minus_e1,ieee30_structural_group_04_realization_01_seed_30201_8x8,ieee30,ieee30_structural_group_04,1,30562017.0,signed_difference_e0_minus_e1,balanced_magnitude,-0.0050034662778866,-0.0050034662778866,0.0,0.0,false,1e-06,false,tie,true
ieee30_structural_group_04_realization_01_seed_30201_8x8_held_out_seed30562017_signed_difference_e0_minus_e1,ieee30_structural_group_04_realization_01_seed_30201_8x8,ieee30,ieee30_structural_group_04,1,30562017.0,signed_difference_e0_minus_e1,sensitivity_initial_mean,-0.0050034662778866,-0.0050034662778866,0.0,0.0,false,1e-06,false,tie,true
ieee30_structural_group_04_realization_01_seed_30201_8x8_held_out_seed30562018_aggregate_e0_to_e3,ieee30_structural_group_04_realization_01_seed_30201_8x8,ieee30,ieee30_structural_group_04,1,30562018.0,aggregate_e0_to_e3,balanced_magnitude,0.0010929560738641,0.0011488718637224,5.59157898583091e-05,0.0511601437563882,false,1e-06,false,win,true
ieee30_structural_group_04_realization_01_seed_30201_8x8_held_out_seed30562018_aggregate_e0_to_e3,ieee30_structural_group_04_realization_01_seed_30201_8x8,ieee30,ieee30_structural_group_04,1,30562018.0,aggregate_e0_to_e3,sensitivity_initial_mean,0.0010929560738641,0.0010808496161039,1.2106457760278045e-05,0.0110768017578925,false,1e-06,false,win,true
ieee30_structural_group_04_realization_01_seed_30201_8x8_held_out_seed30562018_coordinate_e0,ieee30_structural_group_04_realization_01_seed_30201_8x8,ieee30,ieee30_structural_group_04,1,30562018.0,coordinate_e0,balanced_magnitude,0.0011104470901905,0.0011104470901905,0.0,0.0,false,1e-06,false,tie,true
ieee30_structural_group_04_realization_01_seed_30201_8x8_held_out_seed30562018_coordinate_e0,ieee30_structural_group_04_realization_01_seed_30201_8x8,ieee30,ieee30_structural_group_04,1,30562018.0,coordinate_e0,sensitivity_initial_mean,0.0011104470901905,0.0011104470901905,0.0,0.0,false,1e-06,false,tie,true
ieee30_structural_group_04_realization_01_seed_30201_8x8_held_out_seed30562018_signed_difference_e0_minus_e1,ieee30_structural_group_04_realization_01_seed_30201_8x8,ieee30,ieee30_structural_group_04,1,30562018.0,signed_difference_e0_minus_e1,balanced_magnitude,0.002774731287628,0.002774731287628,0.0,0.0,false,1e-06,false,tie,true
ieee30_structural_group_04_realization_01_seed_30201_8x8_held_out_seed30562018_signed_difference_e0_minus_e1,ieee30_structural_group_04_realization_01_seed_30201_8x8,ieee30,ieee30_structural_group_04,1,30562018.0,signed_difference_e0_minus_e1,sensitivity_initial_mean,0.002774731287628,0.002774731287628,0.0,0.0,false,1e-06,false,tie,true
ieee30_structural_group_04_realization_01_seed_30201_8x8_held_out_seed30562019_aggregate_e0_to_e3,ieee30_structural_group_04_realization_01_seed_30201_8x8,ieee30,ieee30_structural_group_04,1,30562019.0,aggregate_e0_to_e3,balanced_magnitude,-0.0022537741321536,-0.0023731192735816,0.0001193451414279,0.0529534613630276,false,1e-06,false,win,true
ieee30_structural_group_04_realization_01_seed_30201_8x8_held_out_seed30562019_aggregate_e0_to_e3,ieee30_structural_group_04_realization_01_seed_30201_8x8,ieee30,ieee30_structural_group_04,1,30562019.0,aggregate_e0_to_e3,sensitivity_initial_mean,-0.0022537741321536,-0.0023467109917903,9.29368596367772e-05,0.0412361018395265,false,1e-06,false,win,true
ieee30_structural_group_04_realization_01_seed_30201_8x8_held_out_seed30562019_coordinate_e0,ieee30_structural_group_04_realization_01_seed_30201_8x8,ieee30,ieee30_structural_group_04,1,30562019.0,coordinate_e0,balanced_magnitude,-0.0001830629397969,-0.0001830629397969,0.0,0.0,false,1e-06,false,tie,true
ieee30_structural_group_04_realization_01_seed_30201_8x8_held_out_seed30562019_coordinate_e0,ieee30_structural_group_04_realization_01_seed_30201_8x8,ieee30,ieee30_structural_group_04,1,30562019.0,coordinate_e0,sensitivity_initial_mean,-0.0001830629397969,-0.0001830629397969,0.0,0.0,false,1e-06,false,tie,true
ieee30_structural_group_04_realization_01_seed_30201_8x8_held_out_seed30562019_signed_difference_e0_minus_e1,ieee30_structural_group_04_realization_01_seed_30201_8x8,ieee30,ieee30_structural_group_04,1,30562019.0,signed_difference_e0_minus_e1,balanced_magnitude,-0.0004574287880501,-0.0004574287880501,0.0,0.0,false,1e-06,false,tie,true
ieee30_structural_group_04_realization_01_seed_30201_8x8_held_out_seed30562019_signed_difference_e0_minus_e1,ieee30_structural_group_04_realization_01_seed_30201_8x8,ieee30,ieee30_structural_group_04,1,30562019.0,signed_difference_e0_minus_e1,sensitivity_initial_mean,-0.0004574287880501,-0.0004574287880501,0.0,0.0,false,1e-06,false,tie,true
ieee30_structural_group_04_realization_02_seed_30202_8x8_held_out_seed30572000_aggregate_e0_to_e3,ieee30_structural_group_04_realization_02_seed_30202_8x8,ieee30,ieee30_structural_group_04,2,30572000.0,aggregate_e0_to_e3,balanced_magnitude,-0.0040300724481826,-0.0041710977497655,0.0001410253015828,0.0349932422794103,false,1e-06,false,win,true
ieee30_structural_group_04_realization_02_seed_30202_8x8_held_out_seed30572000_aggregate_e0_to_e3,ieee30_structural_group_04_realization_02_seed_30202_8x8,ieee30,ieee30_structural_group_04,2,30572000.0,aggregate_e0_to_e3,sensitivity_initial_mean,-0.0040300724481826,-0.0040977842279325,6.771177974982875e-05,0.0168016284125023,false,1e-06,false,win,true
ieee30_structural_group_04_realization_02_seed_30202_8x8_held_out_seed30572000_coordinate_e0,ieee30_structural_group_04_realization_02_seed_30202_8x8,ieee30,ieee30_structural_group_04,2,30572000.0,coordinate_e0,balanced_magnitude,0.0015509477973017,0.0015509477973017,0.0,0.0,false,1e-06,false,tie,true
ieee30_structural_group_04_realization_02_seed_30202_8x8_held_out_seed30572000_coordinate_e0,ieee30_structural_group_04_realization_02_seed_30202_8x8,ieee30,ieee30_structural_group_04,2,30572000.0,coordinate_e0,sensitivity_initial_mean,0.0015509477973017,0.0015509477973017,0.0,0.0,false,1e-06,false,tie,true
ieee30_structural_group_04_realization_02_seed_30202_8x8_held_out_seed30572000_signed_difference_e0_minus_e1,ieee30_structural_group_04_realization_02_seed_30202_8x8,ieee30,ieee30_structural_group_04,2,30572000.0,signed_difference_e0_minus_e1,balanced_magnitude,0.0038836227209969,0.0038836227209969,0.0,0.0,false,1e-06,false,tie,true
ieee30_structural_group_04_realization_02_seed_30202_8x8_held_out_seed30572000_signed_difference_e0_minus_e1,ieee30_structural_group_04_realization_02_seed_30202_8x8,ieee30,ieee30_structural_group_04,2,30572000.0,signed_difference_e0_minus_e1,sensitivity_initial_mean,0.0038836227209969,0.0038836227209969,0.0,0.0,false,1e-06,false,tie,true
ieee30_structural_group_04_realization_02_seed_30202_8x8_held_out_seed30572001_aggregate_e0_to_e3,ieee30_structural_group_04_realization_02_seed_30202_8x8,ieee30,ieee30_structural_group_04,2,30572001.0,aggregate_e0_to_e3,balanced_magnitude,0.002653600713381,0.0026711669545237,1.7566241142778598e-05,0.0066197755578671,false,1e-06,false,loss,true
ieee30_structural_group_04_realization_02_seed_30202_8x8_held_out_seed30572001_aggregate_e0_to_e3,ieee30_structural_group_04_realization_02_seed_30202_8x8,ieee30,ieee30_structural_group_04,2,30572001.0,aggregate_e0_to_e3,sensitivity_initial_mean,0.002653600713381,0.002628268986733,2.53317266479371e-05,0.0095461711779769,false,1e-06,false,loss,true
ieee30_structural_group_04_realization_02_seed_30202_8x8_held_out_seed30572001_coordinate_e0,ieee30_structural_group_04_realization_02_seed_30202_8x8,ieee30,ieee30_structural_group_04,2,30572001.0,coordinate_e0,balanced_magnitude,-0.001454646086823,-0.001454646086823,0.0,0.0,false,1e-06,false,tie,true
ieee30_structural_group_04_realization_02_seed_30202_8x8_held_out_seed30572001_coordinate_e0,ieee30_structural_group_04_realization_02_seed_30202_8x8,ieee30,ieee30_structural_group_04,2,30572001.0,coordinate_e0,sensitivity_initial_mean,-0.001454646086823,-0.001454646086823,0.0,0.0,false,1e-06,false,tie,true
ieee30_structural_group_04_realization_02_seed_30202_8x8_held_out_seed30572001_signed_difference_e0_minus_e1,ieee30_structural_group_04_realization_02_seed_30202_8x8,ieee30,ieee30_structural_group_04,2,30572001.0,signed_difference_e0_minus_e1,balanced_magnitude,-0.0036424801683354,-0.0036424801683354,0.0,0.0,false,1e-06,false,tie,true
ieee30_structural_group_04_realization_02_seed_30202_8x8_held_out_seed30572001_signed_difference_e0_minus_e1,ieee30_structural_group_04_realization_02_seed_30202_8x8,ieee30,ieee30_structural_group_04,2,30572001.0,signed_difference_e0_minus_e1,sensitivity_initial_mean,-0.0036424801683354,-0.0036424801683354,0.0,0.0,false,1e-06,false,tie,true
ieee30_structural_group_04_realization_02_seed_30202_8x8_held_out_seed30572002_aggregate_e0_to_e3,ieee30_structural_group_04_realization_02_seed_30202_8x8,ieee30,ieee30_structural_group_04,2,30572002.0,aggregate_e0_to_e3,balanced_magnitude,0.0019984908650812,0.0021082560983169,0.0001097652332356,0.0549240605266526,false,1e-06,false,win,true
ieee30_structural_group_04_realization_02_seed_30202_8x8_held_out_seed30572002_aggregate_e0_to_e3,ieee30_structural_group_04_realization_02_seed_30202_8x8,ieee30,ieee30_structural_group_04,2,30572002.0,aggregate_e0_to_e3,sensitivity_initial_mean,0.0019984908650812,0.0019951213611553,3.3695039259001684e-06,0.0016860241819335,false,1e-06,false,win,true
ieee30_structural_group_04_realization_02_seed_30202_8x8_held_out_seed30572002_coordinate_e0,ieee30_structural_group_04_realization_02_seed_30202_8x8,ieee30,ieee30_structural_group_04,2,30572002.0,coordinate_e0,balanced_magnitude,0.0006358756080569,0.0006358756080569,0.0,0.0,false,1e-06,false,tie,true
ieee30_structural_group_04_realization_02_seed_30202_8x8_held_out_seed30572002_coordinate_e0,ieee30_structural_group_04_realization_02_seed_30202_8x8,ieee30,ieee30_structural_group_04,2,30572002.0,coordinate_e0,sensitivity_initial_mean,0.0006358756080569,0.0006358756080569,0.0,0.0,false,1e-06,false,tie,true
ieee30_structural_group_04_realization_02_seed_30202_8x8_held_out_seed30572002_signed_difference_e0_minus_e1,ieee30_structural_group_04_realization_02_seed_30202_8x8,ieee30,ieee30_structural_group_04,2,30572002.0,signed_difference_e0_minus_e1,balanced_magnitude,0.0015922527911475,0.0015922527911475,0.0,0.0,false,1e-06,false,tie,true
ieee30_structural_group_04_realization_02_seed_30202_8x8_held_out_seed30572002_signed_difference_e0_minus_e1,ieee30_structural_group_04_realization_02_seed_30202_8x8,ieee30,ieee30_structural_group_04,2,30572002.0,signed_difference_e0_minus_e1,sensitivity_initial_mean,0.0015922527911475,0.0015922527911475,0.0,0.0,false,1e-06,false,tie,true
ieee30_structural_group_04_realization_02_seed_30202_8x8_held_out_seed30572003_aggregate_e0_to_e3,ieee30_structural_group_04_realization_02_seed_30202_8x8,ieee30,ieee30_structural_group_04,2,30572003.0,aggregate_e0_to_e3,balanced_magnitude,-0.0002824092559775,-0.0002986851651368,1.6275909159237318e-05,0.0576323502673316,false,1e-06,false,loss,true
ieee30_structural_group_04_realization_02_seed_30202_8x8_held_out_seed30572003_aggregate_e0_to_e3,ieee30_structural_group_04_realization_02_seed_30202_8x8,ieee30,ieee30_structural_group_04,2,30572003.0,aggregate_e0_to_e3,sensitivity_initial_mean,-0.0002824092559775,-0.0002631024401226,1.9306815854972577e-05,0.0683646709387748,false,1e-06,false,loss,true
ieee30_structural_group_04_realization_02_seed_30202_8x8_held_out_seed30572003_coordinate_e0,ieee30_structural_group_04_realization_02_seed_30202_8x8,ieee30,ieee30_structural_group_04,2,30572003.0,coordinate_e0,balanced_magnitude,0.0003277069327673,0.0003277069327673,0.0,0.0,false,1e-06,false,tie,true
ieee30_structural_group_04_realization_02_seed_30202_8x8_held_out_seed30572003_coordinate_e0,ieee30_structural_group_04_realization_02_seed_30202_8x8,ieee30,ieee30_structural_group_04,2,30572003.0,coordinate_e0,sensitivity_initial_mean,0.0003277069327673,0.0003277069327673,0.0,0.0,false,1e-06,false,tie,true
ieee30_structural_group_04_realization_02_seed_30202_8x8_held_out_seed30572003_signed_difference_e0_minus_e1,ieee30_structural_group_04_realization_02_seed_30202_8x8,ieee30,ieee30_structural_group_04,2,30572003.0,signed_difference_e0_minus_e1,balanced_magnitude,0.0008205886053273,0.0008205886053273,0.0,0.0,false,1e-06,false,tie,true
ieee30_structural_group_04_realization_02_seed_30202_8x8_held_out_seed30572003_signed_difference_e0_minus_e1,ieee30_structural_group_04_realization_02_seed_30202_8x8,ieee30,ieee30_structural_group_04,2,30572003.0,signed_difference_e0_minus_e1,sensitivity_initial_mean,0.0008205886053273,0.0008205886053273,0.0,0.0,false,1e-06,false,tie,true
ieee30_structural_group_04_realization_02_seed_30202_8x8_held_out_seed30572004_aggregate_e0_to_e3,ieee30_structural_group_04_realization_02_seed_30202_8x8,ieee30,ieee30_structural_group_04,2,30572004.0,aggregate_e0_to_e3,balanced_magnitude,-0.0026699599829876,-0.0028975933032124,0.0002276333202247,0.0852572029825244,false,1e-06,false,win,true
ieee30_structural_group_04_realization_02_seed_30202_8x8_held_out_seed30572004_aggregate_e0_to_e3,ieee30_structural_group_04_realization_02_seed_30202_8x8,ieee30,ieee30_structural_group_04,2,30572004.0,aggregate_e0_to_e3,sensitivity_initial_mean,-0.0026699599829876,-0.0027423185404152,7.235855742766025e-05,0.0271009894862516,false,1e-06,false,win,true
ieee30_structural_group_04_realization_02_seed_30202_8x8_held_out_seed30572004_coordinate_e0,ieee30_structural_group_04_realization_02_seed_30202_8x8,ieee30,ieee30_structural_group_04,2,30572004.0,coordinate_e0,balanced_magnitude,0.0006011652235491,0.0006011652235491,0.0,0.0,false,1e-06,false,tie,true
ieee30_structural_group_04_realization_02_seed_30202_8x8_held_out_seed30572004_coordinate_e0,ieee30_structural_group_04_realization_02_seed_30202_8x8,ieee30,ieee30_structural_group_04,2,30572004.0,coordinate_e0,sensitivity_initial_mean,0.0006011652235491,0.0006011652235491,0.0,0.0,false,1e-06,false,tie,true
ieee30_structural_group_04_realization_02_seed_30202_8x8_held_out_seed30572004_signed_difference_e0_minus_e1,ieee30_structural_group_04_realization_02_seed_30202_8x8,ieee30,ieee30_structural_group_04,2,30572004.0,signed_difference_e0_minus_e1,balanced_magnitude,0.0015053368819443,0.0015053368819443,0.0,0.0,false,1e-06,false,tie,true
ieee30_structural_group_04_realization_02_seed_30202_8x8_held_out_seed30572004_signed_difference_e0_minus_e1,ieee30_structural_group_04_realization_02_seed_30202_8x8,ieee30,ieee30_structural_group_04,2,30572004.0,signed_difference_e0_minus_e1,sensitivity_initial_mean,0.0015053368819443,0.0015053368819443,0.0,0.0,false,1e-06,false,tie,true
ieee30_structural_group_04_realization_02_seed_30202_8x8_held_out_seed30572005_aggregate_e0_to_e3,ieee30_structural_group_04_realization_02_seed_30202_8x8,ieee30,ieee30_structural_group_04,2,30572005.0,aggregate_e0_to_e3,balanced_magnitude,-0.0023236775201166,-0.0025465152544524,0.0002228377343358,0.0958987348315956,false,1e-06,false,win,true
ieee30_structural_group_04_realization_02_seed_30202_8x8_held_out_seed30572005_aggregate_e0_to_e3,ieee30_structural_group_04_realization_02_seed_30202_8x8,ieee30,ieee30_structural_group_04,2,30572005.0,aggregate_e0_to_e3,sensitivity_initial_mean,-0.0023236775201166,-0.0024160972127596,9.241969264301656e-05,0.0397730286767062,false,1e-06,false,win,true
ieee30_structural_group_04_realization_02_seed_30202_8x8_held_out_seed30572005_coordinate_e0,ieee30_structural_group_04_realization_02_seed_30202_8x8,ieee30,ieee30_structural_group_04,2,30572005.0,coordinate_e0,balanced_magnitude,-0.0005728327164976,-0.0005728327164976,0.0,0.0,false,1e-06,false,tie,true
ieee30_structural_group_04_realization_02_seed_30202_8x8_held_out_seed30572005_coordinate_e0,ieee30_structural_group_04_realization_02_seed_30202_8x8,ieee30,ieee30_structural_group_04,2,30572005.0,coordinate_e0,sensitivity_initial_mean,-0.0005728327164976,-0.0005728327164976,0.0,0.0,false,1e-06,false,tie,true
ieee30_structural_group_04_realization_02_seed_30202_8x8_held_out_seed30572005_signed_difference_e0_minus_e1,ieee30_structural_group_04_realization_02_seed_30202_8x8,ieee30,ieee30_structural_group_04,2,30572005.0,signed_difference_e0_minus_e1,balanced_magnitude,-0.001434391381187,-0.001434391381187,0.0,0.0,false,1e-06,false,tie,true
ieee30_structural_group_04_realization_02_seed_30202_8x8_held_out_seed30572005_signed_difference_e0_minus_e1,ieee30_structural_group_04_realization_02_seed_30202_8x8,ieee30,ieee30_structural_group_04,2,30572005.0,signed_difference_e0_minus_e1,sensitivity_initial_mean,-0.001434391381187,-0.001434391381187,0.0,0.0,false,1e-06,false,tie,true
ieee30_structural_group_04_realization_02_seed_30202_8x8_held_out_seed30572006_aggregate_e0_to_e3,ieee30_structural_group_04_realization_02_seed_30202_8x8,ieee30,ieee30_structural_group_04,2,30572006.0,aggregate_e0_to_e3,balanced_magnitude,0.0007421531385961,0.0008885138507063,0.0001463607121102,0.1972109319474399,true,1e-06,false,win,true
ieee30_structural_group_04_realization_02_seed_30202_8x8_held_out_seed30572006_aggregate_e0_to_e3,ieee30_structural_group_04_realization_02_seed_30202_8x8,ieee30,ieee30_structural_group_04,2,30572006.0,aggregate_e0_to_e3,sensitivity_initial_mean,0.0007421531385961,0.0007705107599039,2.8357621307851643e-05,0.0382099324695903,false,1e-06,false,win,true
ieee30_structural_group_04_realization_02_seed_30202_8x8_held_out_seed30572006_coordinate_e0,ieee30_structural_group_04_realization_02_seed_30202_8x8,ieee30,ieee30_structural_group_04,2,30572006.0,coordinate_e0,balanced_magnitude,0.0007681696500642,0.0007681696500642,0.0,0.0,false,1e-06,false,tie,true
ieee30_structural_group_04_realization_02_seed_30202_8x8_held_out_seed30572006_coordinate_e0,ieee30_structural_group_04_realization_02_seed_30202_8x8,ieee30,ieee30_structural_group_04,2,30572006.0,coordinate_e0,sensitivity_initial_mean,0.0007681696500642,0.0007681696500642,0.0,0.0,false,1e-06,false,tie,true
ieee30_structural_group_04_realization_02_seed_30202_8x8_held_out_seed30572006_signed_difference_e0_minus_e1,ieee30_structural_group_04_realization_02_seed_30202_8x8,ieee30,ieee30_structural_group_04,2,30572006.0,signed_difference_e0_minus_e1,balanced_magnitude,0.0019235212892141,0.0019235212892141,0.0,0.0,false,1e-06,false,tie,true
ieee30_structural_group_04_realization_02_seed_30202_8x8_held_out_seed30572006_signed_difference_e0_minus_e1,ieee30_structural_group_04_realization_02_seed_30202_8x8,ieee30,ieee30_structural_group_04,2,30572006.0,signed_difference_e0_minus_e1,sensitivity_initial_mean,0.0019235212892141,0.0019235212892141,0.0,0.0,false,1e-06,false,tie,true
ieee30_structural_group_04_realization_02_seed_30202_8x8_held_out_seed30572007_aggregate_e0_to_e3,ieee30_structural_group_04_realization_02_seed_30202_8x8,ieee30,ieee30_structural_group_04,2,30572007.0,aggregate_e0_to_e3,balanced_magnitude,0.0013160857109402,0.0011336602193998,0.0001824254915404,0.1386121663839851,true,1e-06,false,win,true
ieee30_structural_group_04_realization_02_seed_30202_8x8_held_out_seed30572007_aggregate_e0_to_e3,ieee30_structural_group_04_realization_02_seed_30202_8x8,ieee30,ieee30_structural_group_04,2,30572007.0,aggregate_e0_to_e3,sensitivity_initial_mean,0.0013160857109402,0.0012413062408393,7.477947010094458e-05,0.0568196048929963,false,1e-06,false,win,true
ieee30_structural_group_04_realization_02_seed_30202_8x8_held_out_seed30572007_coordinate_e0,ieee30_structural_group_04_realization_02_seed_30202_8x8,ieee30,ieee30_structural_group_04,2,30572007.0,coordinate_e0,balanced_magnitude,-4.049661851862413e-05,-4.049661851862413e-05,0.0,0.0,false,1e-06,false,tie,true
ieee30_structural_group_04_realization_02_seed_30202_8x8_held_out_seed30572007_coordinate_e0,ieee30_structural_group_04_realization_02_seed_30202_8x8,ieee30,ieee30_structural_group_04,2,30572007.0,coordinate_e0,sensitivity_initial_mean,-4.049661851862413e-05,-4.049661851862413e-05,0.0,0.0,false,1e-06,false,tie,true
ieee30_structural_group_04_realization_02_seed_30202_8x8_held_out_seed30572007_signed_difference_e0_minus_e1,ieee30_structural_group_04_realization_02_seed_30202_8x8,ieee30,ieee30_structural_group_04,2,30572007.0,signed_difference_e0_minus_e1,balanced_magnitude,-0.0001014048236027,-0.0001014048236027,0.0,0.0,false,1e-06,false,tie,true
ieee30_structural_group_04_realization_02_seed_30202_8x8_held_out_seed30572007_signed_difference_e0_minus_e1,ieee30_structural_group_04_realization_02_seed_30202_8x8,ieee30,ieee30_structural_group_04,2,30572007.0,signed_difference_e0_minus_e1,sensitivity_initial_mean,-0.0001014048236027,-0.0001014048236027,0.0,0.0,false,1e-06,false,tie,true
ieee30_structural_group_04_realization_02_seed_30202_8x8_held_out_seed30572008_aggregate_e0_to_e3,ieee30_structural_group_04_realization_02_seed_30202_8x8,ieee30,ieee30_structural_group_04,2,30572008.0,aggregate_e0_to_e3,balanced_magnitude,0.0034472037577684,0.0035073285058731,6.01247481046732e-05,0.0174415997224356,false,1e-06,false,win,true
ieee30_structural_group_04_realization_02_seed_30202_8x8_held_out_seed30572008_aggregate_e0_to_e3,ieee30_structural_group_04_realization_02_seed_30202_8x8,ieee30,ieee30_structural_group_04,2,30572008.0,aggregate_e0_to_e3,sensitivity_initial_mean,0.0034472037577684,0.0034233654884004,2.3838269368030036e-05,0.0069152481382364,false,1e-06,false,win,true
ieee30_structural_group_04_realization_02_seed_30202_8x8_held_out_seed30572008_coordinate_e0,ieee30_structural_group_04_realization_02_seed_30202_8x8,ieee30,ieee30_structural_group_04,2,30572008.0,coordinate_e0,balanced_magnitude,-3.644263163491568e-05,-3.644263163491568e-05,0.0,0.0,false,1e-06,false,tie,true
ieee30_structural_group_04_realization_02_seed_30202_8x8_held_out_seed30572008_coordinate_e0,ieee30_structural_group_04_realization_02_seed_30202_8x8,ieee30,ieee30_structural_group_04,2,30572008.0,coordinate_e0,sensitivity_initial_mean,-3.644263163491568e-05,-3.644263163491568e-05,0.0,0.0,false,1e-06,false,tie,true
ieee30_structural_group_04_realization_02_seed_30202_8x8_held_out_seed30572008_signed_difference_e0_minus_e1,ieee30_structural_group_04_realization_02_seed_30202_8x8,ieee30,ieee30_structural_group_04,2,30572008.0,signed_difference_e0_minus_e1,balanced_magnitude,-9.125351122488216e-05,-9.125351122488216e-05,0.0,0.0,false,1e-06,false,tie,true
ieee30_structural_group_04_realization_02_seed_30202_8x8_held_out_seed30572008_signed_difference_e0_minus_e1,ieee30_structural_group_04_realization_02_seed_30202_8x8,ieee30,ieee30_structural_group_04,2,30572008.0,signed_difference_e0_minus_e1,sensitivity_initial_mean,-9.125351122488216e-05,-9.125351122488216e-05,0.0,0.0,false,1e-06,false,tie,true
ieee30_structural_group_04_realization_02_seed_30202_8x8_held_out_seed30572009_aggregate_e0_to_e3,ieee30_structural_group_04_realization_02_seed_30202_8x8,ieee30,ieee30_structural_group_04,2,30572009.0,aggregate_e0_to_e3,balanced_magnitude,0.0031555782806244,0.0033715014386602,0.0002159231580358,0.0684258601225731,false,1e-06,false,win,true
ieee30_structural_group_04_realization_02_seed_30202_8x8_held_out_seed30572009_aggregate_e0_to_e3,ieee30_structural_group_04_realization_02_seed_30202_8x8,ieee30,ieee30_structural_group_04,2,30572009.0,aggregate_e0_to_e3,sensitivity_initial_mean,0.0031555782806244,0.003237753034193,8.217475356859811e-05,0.0260411076071728,false,1e-06,false,win,true
ieee30_structural_group_04_realization_02_seed_30202_8x8_held_out_seed30572009_coordinate_e0,ieee30_structural_group_04_realization_02_seed_30202_8x8,ieee30,ieee30_structural_group_04,2,30572009.0,coordinate_e0,balanced_magnitude,-0.0003277601588624,-0.0003277601588624,0.0,0.0,false,1e-06,false,tie,true
ieee30_structural_group_04_realization_02_seed_30202_8x8_held_out_seed30572009_coordinate_e0,ieee30_structural_group_04_realization_02_seed_30202_8x8,ieee30,ieee30_structural_group_04,2,30572009.0,coordinate_e0,sensitivity_initial_mean,-0.0003277601588624,-0.0003277601588624,0.0,0.0,false,1e-06,false,tie,true
ieee30_structural_group_04_realization_02_seed_30202_8x8_held_out_seed30572009_signed_difference_e0_minus_e1,ieee30_structural_group_04_realization_02_seed_30202_8x8,ieee30,ieee30_structural_group_04,2,30572009.0,signed_difference_e0_minus_e1,balanced_magnitude,-0.000820721885166,-0.000820721885166,0.0,0.0,false,1e-06,false,tie,true
ieee30_structural_group_04_realization_02_seed_30202_8x8_held_out_seed30572009_signed_difference_e0_minus_e1,ieee30_structural_group_04_realization_02_seed_30202_8x8,ieee30,ieee30_structural_group_04,2,30572009.0,signed_difference_e0_minus_e1,sensitivity_initial_mean,-0.000820721885166,-0.000820721885166,0.0,0.0,false,1e-06,false,tie,true
ieee30_structural_group_04_realization_02_seed_30202_8x8_held_out_seed30572010_aggregate_e0_to_e3,ieee30_structural_group_04_realization_02_seed_30202_8x8,ieee30,ieee30_structural_group_04,2,30572010.0,aggregate_e0_to_e3,balanced_magnitude,-4.262334105556355e-05,6.0755798431837474e-05,0.0001033791394874,2.4254114512664917,true,1e-06,false,win,true
ieee30_structural_group_04_realization_02_seed_30202_8x8_held_out_seed30572010_aggregate_e0_to_e3,ieee30_structural_group_04_realization_02_seed_30202_8x8,ieee30,ieee30_structural_group_04,2,30572010.0,aggregate_e0_to_e3,sensitivity_initial_mean,-4.262334105556355e-05,-9.162216687759376e-06,3.346112436780418e-05,0.7850422688400809,true,1e-06,false,win,true
ieee30_structural_group_04_realization_02_seed_30202_8x8_held_out_seed30572010_coordinate_e0,ieee30_structural_group_04_realization_02_seed_30202_8x8,ieee30,ieee30_structural_group_04,2,30572010.0,coordinate_e0,balanced_magnitude,-0.0010432808897955,-0.0010432808897955,0.0,0.0,false,1e-06,false,tie,true
ieee30_structural_group_04_realization_02_seed_30202_8x8_held_out_seed30572010_coordinate_e0,ieee30_structural_group_04_realization_02_seed_30202_8x8,ieee30,ieee30_structural_group_04,2,30572010.0,coordinate_e0,sensitivity_initial_mean,-0.0010432808897955,-0.0010432808897955,0.0,0.0,false,1e-06,false,tie,true
ieee30_structural_group_04_realization_02_seed_30202_8x8_held_out_seed30572010_signed_difference_e0_minus_e1,ieee30_structural_group_04_realization_02_seed_30202_8x8,ieee30,ieee30_structural_group_04,2,30572010.0,signed_difference_e0_minus_e1,balanced_magnitude,-0.0026124086026886,-0.0026124086026886,0.0,0.0,false,1e-06,false,tie,true
ieee30_structural_group_04_realization_02_seed_30202_8x8_held_out_seed30572010_signed_difference_e0_minus_e1,ieee30_structural_group_04_realization_02_seed_30202_8x8,ieee30,ieee30_structural_group_04,2,30572010.0,signed_difference_e0_minus_e1,sensitivity_initial_mean,-0.0026124086026886,-0.0026124086026886,0.0,0.0,false,1e-06,false,tie,true
ieee30_structural_group_04_realization_02_seed_30202_8x8_held_out_seed30572011_aggregate_e0_to_e3,ieee30_structural_group_04_realization_02_seed_30202_8x8,ieee30,ieee30_structural_group_04,2,30572011.0,aggregate_e0_to_e3,balanced_magnitude,0.0031453163735157,0.0033319099871712,0.0001865936136555,0.0593242750480361,false,1e-06,false,win,true
ieee30_structural_group_04_realization_02_seed_30202_8x8_held_out_seed30572011_aggregate_e0_to_e3,ieee30_structural_group_04_realization_02_seed_30202_8x8,ieee30,ieee30_structural_group_04,2,30572011.0,aggregate_e0_to_e3,sensitivity_initial_mean,0.0031453163735157,0.0031895693697392,4.425299622348288e-05,0.01406948966918,false,1e-06,false,win,true
ieee30_structural_group_04_realization_02_seed_30202_8x8_held_out_seed30572011_coordinate_e0,ieee30_structural_group_04_realization_02_seed_30202_8x8,ieee30,ieee30_structural_group_04,2,30572011.0,coordinate_e0,balanced_magnitude,1.0617549278445224e-05,1.0617549278445224e-05,0.0,0.0,false,1e-06,false,tie,true
ieee30_structural_group_04_realization_02_seed_30202_8x8_held_out_seed30572011_coordinate_e0,ieee30_structural_group_04_realization_02_seed_30202_8x8,ieee30,ieee30_structural_group_04,2,30572011.0,coordinate_e0,sensitivity_initial_mean,1.0617549278445224e-05,1.0617549278445224e-05,0.0,0.0,false,1e-06,false,tie,true
ieee30_structural_group_04_realization_02_seed_30202_8x8_held_out_seed30572011_signed_difference_e0_minus_e1,ieee30_structural_group_04_realization_02_seed_30202_8x8,ieee30,ieee30_structural_group_04,2,30572011.0,signed_difference_e0_minus_e1,balanced_magnitude,2.65866818282423e-05,2.65866818282423e-05,0.0,0.0,false,1e-06,false,tie,true
ieee30_structural_group_04_realization_02_seed_30202_8x8_held_out_seed30572011_signed_difference_e0_minus_e1,ieee30_structural_group_04_realization_02_seed_30202_8x8,ieee30,ieee30_structural_group_04,2,30572011.0,signed_difference_e0_minus_e1,sensitivity_initial_mean,2.65866818282423e-05,2.65866818282423e-05,0.0,0.0,false,1e-06,false,tie,true
ieee30_structural_group_04_realization_02_seed_30202_8x8_held_out_seed30572012_aggregate_e0_to_e3,ieee30_structural_group_04_realization_02_seed_30202_8x8,ieee30,ieee30_structural_group_04,2,30572012.0,aggregate_e0_to_e3,balanced_magnitude,-0.0020617024409423,-0.0020193099844829,4.239245645936253e-05,0.0205618694616211,false,1e-06,false,win,true
ieee30_structural_group_04_realization_02_seed_30202_8x8_held_out_seed30572012_aggregate_e0_to_e3,ieee30_structural_group_04_realization_02_seed_30202_8x8,ieee30,ieee30_structural_group_04,2,30572012.0,aggregate_e0_to_e3,sensitivity_initial_mean,-0.0020617024409423,-0.0020257643711114,3.593806983088338e-05,0.0174312592919358,false,1e-06,false,win,true
ieee30_structural_group_04_realization_02_seed_30202_8x8_held_out_seed30572012_coordinate_e0,ieee30_structural_group_04_realization_02_seed_30202_8x8,ieee30,ieee30_structural_group_04,2,30572012.0,coordinate_e0,balanced_magnitude,-0.000875734549874,-0.000875734549874,0.0,0.0,false,1e-06,false,tie,true
ieee30_structural_group_04_realization_02_seed_30202_8x8_held_out_seed30572012_coordinate_e0,ieee30_structural_group_04_realization_02_seed_30202_8x8,ieee30,ieee30_structural_group_04,2,30572012.0,coordinate_e0,sensitivity_initial_mean,-0.000875734549874,-0.000875734549874,0.0,0.0,false,1e-06,false,tie,true
ieee30_structural_group_04_realization_02_seed_30202_8x8_held_out_seed30572012_signed_difference_e0_minus_e1,ieee30_structural_group_04_realization_02_seed_30202_8x8,ieee30,ieee30_structural_group_04,2,30572012.0,signed_difference_e0_minus_e1,balanced_magnitude,-0.0021928672269755,-0.0021928672269755,0.0,0.0,false,1e-06,false,tie,true
ieee30_structural_group_04_realization_02_seed_30202_8x8_held_out_seed30572012_signed_difference_e0_minus_e1,ieee30_structural_group_04_realization_02_seed_30202_8x8,ieee30,ieee30_structural_group_04,2,30572012.0,signed_difference_e0_minus_e1,sensitivity_initial_mean,-0.0021928672269755,-0.0021928672269755,0.0,0.0,false,1e-06,false,tie,true
ieee30_structural_group_04_realization_02_seed_30202_8x8_held_out_seed30572013_aggregate_e0_to_e3,ieee30_structural_group_04_realization_02_seed_30202_8x8,ieee30,ieee30_structural_group_04,2,30572013.0,aggregate_e0_to_e3,balanced_magnitude,-0.0011742826430249,-0.0012364235732768,6.214093025190093e-05,0.0529182055282922,false,1e-06,false,win,true
ieee30_structural_group_04_realization_02_seed_30202_8x8_held_out_seed30572013_aggregate_e0_to_e3,ieee30_structural_group_04_realization_02_seed_30202_8x8,ieee30,ieee30_structural_group_04,2,30572013.0,aggregate_e0_to_e3,sensitivity_initial_mean,-0.0011742826430249,-0.0011763745957482,2.0919527233286862e-06,0.0017814729151917,false,1e-06,false,win,true
ieee30_structural_group_04_realization_02_seed_30202_8x8_held_out_seed30572013_coordinate_e0,ieee30_structural_group_04_realization_02_seed_30202_8x8,ieee30,ieee30_structural_group_04,2,30572013.0,coordinate_e0,balanced_magnitude,-0.0004126532500309,-0.0004126532500309,0.0,0.0,false,1e-06,false,tie,true
ieee30_structural_group_04_realization_02_seed_30202_8x8_held_out_seed30572013_coordinate_e0,ieee30_structural_group_04_realization_02_seed_30202_8x8,ieee30,ieee30_structural_group_04,2,30572013.0,coordinate_e0,sensitivity_initial_mean,-0.0004126532500309,-0.0004126532500309,0.0,0.0,false,1e-06,false,tie,true
ieee30_structural_group_04_realization_02_seed_30202_8x8_held_out_seed30572013_signed_difference_e0_minus_e1,ieee30_structural_group_04_realization_02_seed_30202_8x8,ieee30,ieee30_structural_group_04,2,30572013.0,signed_difference_e0_minus_e1,balanced_magnitude,-0.0010332968914243,-0.0010332968914243,0.0,0.0,false,1e-06,false,tie,true
ieee30_structural_group_04_realization_02_seed_30202_8x8_held_out_seed30572013_signed_difference_e0_minus_e1,ieee30_structural_group_04_realization_02_seed_30202_8x8,ieee30,ieee30_structural_group_04,2,30572013.0,signed_difference_e0_minus_e1,sensitivity_initial_mean,-0.0010332968914243,-0.0010332968914243,0.0,0.0,false,1e-06,false,tie,true
ieee30_structural_group_04_realization_02_seed_30202_8x8_held_out_seed30572014_aggregate_e0_to_e3,ieee30_structural_group_04_realization_02_seed_30202_8x8,ieee30,ieee30_structural_group_04,2,30572014.0,aggregate_e0_to_e3,balanced_magnitude,0.0025278418200144,0.0023593348968913,0.0001685069231231,0.0666603906102893,false,1e-06,false,win,true
ieee30_structural_group_04_realization_02_seed_30202_8x8_held_out_seed30572014_aggregate_e0_to_e3,ieee30_structural_group_04_realization_02_seed_30202_8x8,ieee30,ieee30_structural_group_04,2,30572014.0,aggregate_e0_to_e3,sensitivity_initial_mean,0.0025278418200144,0.0024994434441212,2.8398375893291545e-05,0.0112342377076144,false,1e-06,false,win,true
ieee30_structural_group_04_realization_02_seed_30202_8x8_held_out_seed30572014_coordinate_e0,ieee30_structural_group_04_realization_02_seed_30202_8x8,ieee30,ieee30_structural_group_04,2,30572014.0,coordinate_e0,balanced_magnitude,-0.0003246164177323,-0.0003246164177323,0.0,0.0,false,1e-06,false,tie,true
ieee30_structural_group_04_realization_02_seed_30202_8x8_held_out_seed30572014_coordinate_e0,ieee30_structural_group_04_realization_02_seed_30202_8x8,ieee30,ieee30_structural_group_04,2,30572014.0,coordinate_e0,sensitivity_initial_mean,-0.0003246164177323,-0.0003246164177323,0.0,0.0,false,1e-06,false,tie,true
ieee30_structural_group_04_realization_02_seed_30202_8x8_held_out_seed30572014_signed_difference_e0_minus_e1,ieee30_structural_group_04_realization_02_seed_30202_8x8,ieee30,ieee30_structural_group_04,2,30572014.0,signed_difference_e0_minus_e1,balanced_magnitude,-0.0008128498571694,-0.0008128498571694,0.0,0.0,false,1e-06,false,tie,true
ieee30_structural_group_04_realization_02_seed_30202_8x8_held_out_seed30572014_signed_difference_e0_minus_e1,ieee30_structural_group_04_realization_02_seed_30202_8x8,ieee30,ieee30_structural_group_04,2,30572014.0,signed_difference_e0_minus_e1,sensitivity_initial_mean,-0.0008128498571694,-0.0008128498571694,0.0,0.0,false,1e-06,false,tie,true
ieee30_structural_group_04_realization_02_seed_30202_8x8_held_out_seed30572015_aggregate_e0_to_e3,ieee30_structural_group_04_realization_02_seed_30202_8x8,ieee30,ieee30_structural_group_04,2,30572015.0,aggregate_e0_to_e3,balanced_magnitude,0.0057195327078344,0.0059607024346441,0.0002411697268096,0.0421659843782942,false,1e-06,false,win,true
ieee30_structural_group_04_realization_02_seed_30202_8x8_held_out_seed30572015_aggregate_e0_to_e3,ieee30_structural_group_04_realization_02_seed_30202_8x8,ieee30,ieee30_structural_group_04,2,30572015.0,aggregate_e0_to_e3,sensitivity_initial_mean,0.0057195327078344,0.0057229922369523,3.4595291179525048e-06,0.0006048621967339,false,1e-06,false,win,true
ieee30_structural_group_04_realization_02_seed_30202_8x8_held_out_seed30572015_coordinate_e0,ieee30_structural_group_04_realization_02_seed_30202_8x8,ieee30,ieee30_structural_group_04,2,30572015.0,coordinate_e0,balanced_magnitude,-7.237595717326439e-05,-7.237595717326439e-05,0.0,0.0,false,1e-06,false,tie,true
ieee30_structural_group_04_realization_02_seed_30202_8x8_held_out_seed30572015_coordinate_e0,ieee30_structural_group_04_realization_02_seed_30202_8x8,ieee30,ieee30_structural_group_04,2,30572015.0,coordinate_e0,sensitivity_initial_mean,-7.237595717326439e-05,-7.237595717326439e-05,0.0,0.0,false,1e-06,false,tie,true
ieee30_structural_group_04_realization_02_seed_30202_8x8_held_out_seed30572015_signed_difference_e0_minus_e1,ieee30_structural_group_04_realization_02_seed_30202_8x8,ieee30,ieee30_structural_group_04,2,30572015.0,signed_difference_e0_minus_e1,balanced_magnitude,-0.0001812317037497,-0.0001812317037497,0.0,0.0,false,1e-06,false,tie,true
ieee30_structural_group_04_realization_02_seed_30202_8x8_held_out_seed30572015_signed_difference_e0_minus_e1,ieee30_structural_group_04_realization_02_seed_30202_8x8,ieee30,ieee30_structural_group_04,2,30572015.0,signed_difference_e0_minus_e1,sensitivity_initial_mean,-0.0001812317037497,-0.0001812317037497,0.0,0.0,false,1e-06,false,tie,true
ieee30_structural_group_04_realization_02_seed_30202_8x8_held_out_seed30572016_aggregate_e0_to_e3,ieee30_structural_group_04_realization_02_seed_30202_8x8,ieee30,ieee30_structural_group_04,2,30572016.0,aggregate_e0_to_e3,balanced_magnitude,0.0032863337999655,0.003379080733036,9.27469330705504e-05,0.0282220062586226,false,1e-06,false,win,true
ieee30_structural_group_04_realization_02_seed_30202_8x8_held_out_seed30572016_aggregate_e0_to_e3,ieee30_structural_group_04_realization_02_seed_30202_8x8,ieee30,ieee30_structural_group_04,2,30572016.0,aggregate_e0_to_e3,sensitivity_initial_mean,0.0032863337999655,0.0032750726086155,1.1261191349999904e-05,0.00342667301481,false,1e-06,false,win,true
ieee30_structural_group_04_realization_02_seed_30202_8x8_held_out_seed30572016_coordinate_e0,ieee30_structural_group_04_realization_02_seed_30202_8x8,ieee30,ieee30_structural_group_04,2,30572016.0,coordinate_e0,balanced_magnitude,0.0010651746611608,0.0010651746611608,0.0,0.0,false,1e-06,false,tie,true
ieee30_structural_group_04_realization_02_seed_30202_8x8_held_out_seed30572016_coordinate_e0,ieee30_structural_group_04_realization_02_seed_30202_8x8,ieee30,ieee30_structural_group_04,2,30572016.0,coordinate_e0,sensitivity_initial_mean,0.0010651746611608,0.0010651746611608,0.0,0.0,false,1e-06,false,tie,true
ieee30_structural_group_04_realization_02_seed_30202_8x8_held_out_seed30572016_signed_difference_e0_minus_e1,ieee30_structural_group_04_realization_02_seed_30202_8x8,ieee30,ieee30_structural_group_04,2,30572016.0,signed_difference_e0_minus_e1,balanced_magnitude,0.0026672313040524,0.0026672313040524,0.0,0.0,false,1e-06,false,tie,true
ieee30_structural_group_04_realization_02_seed_30202_8x8_held_out_seed30572016_signed_difference_e0_minus_e1,ieee30_structural_group_04_realization_02_seed_30202_8x8,ieee30,ieee30_structural_group_04,2,30572016.0,signed_difference_e0_minus_e1,sensitivity_initial_mean,0.0026672313040524,0.0026672313040524,0.0,0.0,false,1e-06,false,tie,true
ieee30_structural_group_04_realization_02_seed_30202_8x8_held_out_seed30572017_aggregate_e0_to_e3,ieee30_structural_group_04_realization_02_seed_30202_8x8,ieee30,ieee30_structural_group_04,2,30572017.0,aggregate_e0_to_e3,balanced_magnitude,-0.0025408990470279,-0.0026299119644473,8.901291741947011e-05,0.0350320558873003,false,1e-06,false,win,true
ieee30_structural_group_04_realization_02_seed_30202_8x8_held_out_seed30572017_aggregate_e0_to_e3,ieee30_structural_group_04_realization_02_seed_30202_8x8,ieee30,ieee30_structural_group_04,2,30572017.0,aggregate_e0_to_e3,sensitivity_initial_mean,-0.0025408990470279,-0.0025752974799984,3.439843297057448e-05,0.0135378983320137,false,1e-06,false,win,true
ieee30_structural_group_04_realization_02_seed_30202_8x8_held_out_seed30572017_coordinate_e0,ieee30_structural_group_04_realization_02_seed_30202_8x8,ieee30,ieee30_structural_group_04,2,30572017.0,coordinate_e0,balanced_magnitude,0.0005263686496428,0.0005263686496428,0.0,0.0,false,1e-06,false,tie,true
ieee30_structural_group_04_realization_02_seed_30202_8x8_held_out_seed30572017_coordinate_e0,ieee30_structural_group_04_realization_02_seed_30202_8x8,ieee30,ieee30_structural_group_04,2,30572017.0,coordinate_e0,sensitivity_initial_mean,0.0005263686496428,0.0005263686496428,0.0,0.0,false,1e-06,false,tie,true
ieee30_structural_group_04_realization_02_seed_30202_8x8_held_out_seed30572017_signed_difference_e0_minus_e1,ieee30_structural_group_04_realization_02_seed_30202_8x8,ieee30,ieee30_structural_group_04,2,30572017.0,signed_difference_e0_minus_e1,balanced_magnitude,0.0013180438767376,0.0013180438767376,0.0,0.0,false,1e-06,false,tie,true
ieee30_structural_group_04_realization_02_seed_30202_8x8_held_out_seed30572017_signed_difference_e0_minus_e1,ieee30_structural_group_04_realization_02_seed_30202_8x8,ieee30,ieee30_structural_group_04,2,30572017.0,signed_difference_e0_minus_e1,sensitivity_initial_mean,0.0013180438767376,0.0013180438767376,0.0,0.0,false,1e-06,false,tie,true
ieee30_structural_group_04_realization_02_seed_30202_8x8_held_out_seed30572018_aggregate_e0_to_e3,ieee30_structural_group_04_realization_02_seed_30202_8x8,ieee30,ieee30_structural_group_04,2,30572018.0,aggregate_e0_to_e3,balanced_magnitude,-0.0013794575296374,-0.0013363455592161,4.311197042129061e-05,0.0312528435961491,false,1e-06,false,win,true
ieee30_structural_group_04_realization_02_seed_30202_8x8_held_out_seed30572018_aggregate_e0_to_e3,ieee30_structural_group_04_realization_02_seed_30202_8x8,ieee30,ieee30_structural_group_04,2,30572018.0,aggregate_e0_to_e3,sensitivity_initial_mean,-0.0013794575296374,-0.0013703302282552,9.127301382221313e-06,0.0066165874527648,false,1e-06,false,win,true
ieee30_structural_group_04_realization_02_seed_30202_8x8_held_out_seed30572018_coordinate_e0,ieee30_structural_group_04_realization_02_seed_30202_8x8,ieee30,ieee30_structural_group_04,2,30572018.0,coordinate_e0,balanced_magnitude,0.0005427964884094,0.0005427964884094,0.0,0.0,false,1e-06,false,tie,true
ieee30_structural_group_04_realization_02_seed_30202_8x8_held_out_seed30572018_coordinate_e0,ieee30_structural_group_04_realization_02_seed_30202_8x8,ieee30,ieee30_structural_group_04,2,30572018.0,coordinate_e0,sensitivity_initial_mean,0.0005427964884094,0.0005427964884094,0.0,0.0,false,1e-06,false,tie,true
ieee30_structural_group_04_realization_02_seed_30202_8x8_held_out_seed30572018_signed_difference_e0_minus_e1,ieee30_structural_group_04_realization_02_seed_30202_8x8,ieee30,ieee30_structural_group_04,2,30572018.0,signed_difference_e0_minus_e1,balanced_magnitude,0.0013591797086477,0.0013591797086477,0.0,0.0,false,1e-06,false,tie,true
ieee30_structural_group_04_realization_02_seed_30202_8x8_held_out_seed30572018_signed_difference_e0_minus_e1,ieee30_structural_group_04_realization_02_seed_30202_8x8,ieee30,ieee30_structural_group_04,2,30572018.0,signed_difference_e0_minus_e1,sensitivity_initial_mean,0.0013591797086477,0.0013591797086477,0.0,0.0,false,1e-06,false,tie,true
ieee30_structural_group_04_realization_02_seed_30202_8x8_held_out_seed30572019_aggregate_e0_to_e3,ieee30_structural_group_04_realization_02_seed_30202_8x8,ieee30,ieee30_structural_group_04,2,30572019.0,aggregate_e0_to_e3,balanced_magnitude,-0.0035707530801855,-0.0036698993621441,9.914628195857936e-05,0.02776621058139,false,1e-06,false,win,true
ieee30_structural_group_04_realization_02_seed_30202_8x8_held_out_seed30572019_aggregate_e0_to_e3,ieee30_structural_group_04_realization_02_seed_30202_8x8,ieee30,ieee30_structural_group_04,2,30572019.0,aggregate_e0_to_e3,sensitivity_initial_mean,-0.0035707530801855,-0.0035723609218019,1.6078416163771078e-06,0.0004502808175953,false,1e-06,false,win,true
ieee30_structural_group_04_realization_02_seed_30202_8x8_held_out_seed30572019_coordinate_e0,ieee30_structural_group_04_realization_02_seed_30202_8x8,ieee30,ieee30_structural_group_04,2,30572019.0,coordinate_e0,balanced_magnitude,0.0004701206825422,0.0004701206825422,0.0,0.0,false,1e-06,false,tie,true
ieee30_structural_group_04_realization_02_seed_30202_8x8_held_out_seed30572019_coordinate_e0,ieee30_structural_group_04_realization_02_seed_30202_8x8,ieee30,ieee30_structural_group_04,2,30572019.0,coordinate_e0,sensitivity_initial_mean,0.0004701206825422,0.0004701206825422,0.0,0.0,false,1e-06,false,tie,true
ieee30_structural_group_04_realization_02_seed_30202_8x8_held_out_seed30572019_signed_difference_e0_minus_e1,ieee30_structural_group_04_realization_02_seed_30202_8x8,ieee30,ieee30_structural_group_04,2,30572019.0,signed_difference_e0_minus_e1,balanced_magnitude,0.0011771971742104,0.0011771971742104,0.0,0.0,false,1e-06,false,tie,true
ieee30_structural_group_04_realization_02_seed_30202_8x8_held_out_seed30572019_signed_difference_e0_minus_e1,ieee30_structural_group_04_realization_02_seed_30202_8x8,ieee30,ieee30_structural_group_04,2,30572019.0,signed_difference_e0_minus_e1,sensitivity_initial_mean,0.0011771971742104,0.0011771971742104,0.0,0.0,false,1e-06,false,tie,true
ieee57_structural_group_01_realization_01_seed_57201_8x8_held_out_seed57502000_aggregate_e0_to_e3,ieee57_structural_group_01_realization_01_seed_57201_8x8,ieee57,ieee57_structural_group_01,1,57502000.0,aggregate_e0_to_e3,balanced_magnitude,0.0029704200842951,0.0029704200842951,0.0,0.0,false,1e-06,false,tie,true
ieee57_structural_group_01_realization_01_seed_57201_8x8_held_out_seed57502000_aggregate_e0_to_e3,ieee57_structural_group_01_realization_01_seed_57201_8x8,ieee57,ieee57_structural_group_01,1,57502000.0,aggregate_e0_to_e3,sensitivity_initial_mean,0.0029704200842951,0.0029704200842951,0.0,0.0,false,1e-06,false,tie,true
ieee57_structural_group_01_realization_01_seed_57201_8x8_held_out_seed57502000_coordinate_e0,ieee57_structural_group_01_realization_01_seed_57201_8x8,ieee57,ieee57_structural_group_01,1,57502000.0,coordinate_e0,balanced_magnitude,0.0056806696859231,0.0056806696859231,0.0,0.0,false,1e-06,false,tie,true
ieee57_structural_group_01_realization_01_seed_57201_8x8_held_out_seed57502000_coordinate_e0,ieee57_structural_group_01_realization_01_seed_57201_8x8,ieee57,ieee57_structural_group_01,1,57502000.0,coordinate_e0,sensitivity_initial_mean,0.0056806696859231,0.0056806696859231,0.0,0.0,false,1e-06,false,tie,true
ieee57_structural_group_01_realization_01_seed_57201_8x8_held_out_seed57502000_signed_difference_e0_minus_e1,ieee57_structural_group_01_realization_01_seed_57201_8x8,ieee57,ieee57_structural_group_01,1,57502000.0,signed_difference_e0_minus_e1,balanced_magnitude,0.003998335212045,0.003998335212045,0.0,0.0,false,1e-06,false,tie,true
ieee57_structural_group_01_realization_01_seed_57201_8x8_held_out_seed57502000_signed_difference_e0_minus_e1,ieee57_structural_group_01_realization_01_seed_57201_8x8,ieee57,ieee57_structural_group_01,1,57502000.0,signed_difference_e0_minus_e1,sensitivity_initial_mean,0.003998335212045,0.003998335212045,0.0,0.0,false,1e-06,false,tie,true
ieee57_structural_group_01_realization_01_seed_57201_8x8_held_out_seed57502001_aggregate_e0_to_e3,ieee57_structural_group_01_realization_01_seed_57201_8x8,ieee57,ieee57_structural_group_01,1,57502001.0,aggregate_e0_to_e3,balanced_magnitude,0.0034302056209184,0.0034302056209184,0.0,0.0,false,1e-06,false,tie,true
ieee57_structural_group_01_realization_01_seed_57201_8x8_held_out_seed57502001_aggregate_e0_to_e3,ieee57_structural_group_01_realization_01_seed_57201_8x8,ieee57,ieee57_structural_group_01,1,57502001.0,aggregate_e0_to_e3,sensitivity_initial_mean,0.0034302056209184,0.0034302056209184,0.0,0.0,false,1e-06,false,tie,true
ieee57_structural_group_01_realization_01_seed_57201_8x8_held_out_seed57502001_coordinate_e0,ieee57_structural_group_01_realization_01_seed_57201_8x8,ieee57,ieee57_structural_group_01,1,57502001.0,coordinate_e0,balanced_magnitude,0.0065553237765127,0.0065553237765127,0.0,0.0,false,1e-06,false,tie,true
ieee57_structural_group_01_realization_01_seed_57201_8x8_held_out_seed57502001_coordinate_e0,ieee57_structural_group_01_realization_01_seed_57201_8x8,ieee57,ieee57_structural_group_01,1,57502001.0,coordinate_e0,sensitivity_initial_mean,0.0065553237765127,0.0065553237765127,0.0,0.0,false,1e-06,false,tie,true
ieee57_structural_group_01_realization_01_seed_57201_8x8_held_out_seed57502001_signed_difference_e0_minus_e1,ieee57_structural_group_01_realization_01_seed_57201_8x8,ieee57,ieee57_structural_group_01,1,57502001.0,signed_difference_e0_minus_e1,balanced_magnitude,0.0046790347351797,0.0046790347351797,0.0,0.0,false,1e-06,false,tie,true
ieee57_structural_group_01_realization_01_seed_57201_8x8_held_out_seed57502001_signed_difference_e0_minus_e1,ieee57_structural_group_01_realization_01_seed_57201_8x8,ieee57,ieee57_structural_group_01,1,57502001.0,signed_difference_e0_minus_e1,sensitivity_initial_mean,0.0046790347351797,0.0046790347351797,0.0,0.0,false,1e-06,false,tie,true
ieee57_structural_group_01_realization_01_seed_57201_8x8_held_out_seed57502002_aggregate_e0_to_e3,ieee57_structural_group_01_realization_01_seed_57201_8x8,ieee57,ieee57_structural_group_01,1,57502002.0,aggregate_e0_to_e3,balanced_magnitude,0.0058062553977538,0.0058062553977538,0.0,0.0,false,1e-06,false,tie,true
ieee57_structural_group_01_realization_01_seed_57201_8x8_held_out_seed57502002_aggregate_e0_to_e3,ieee57_structural_group_01_realization_01_seed_57201_8x8,ieee57,ieee57_structural_group_01,1,57502002.0,aggregate_e0_to_e3,sensitivity_initial_mean,0.0058062553977538,0.0058062553977538,0.0,0.0,false,1e-06,false,tie,true
ieee57_structural_group_01_realization_01_seed_57201_8x8_held_out_seed57502002_coordinate_e0,ieee57_structural_group_01_realization_01_seed_57201_8x8,ieee57,ieee57_structural_group_01,1,57502002.0,coordinate_e0,balanced_magnitude,0.0074760871863699,0.0074760871863699,0.0,0.0,false,1e-06,false,tie,true
ieee57_structural_group_01_realization_01_seed_57201_8x8_held_out_seed57502002_coordinate_e0,ieee57_structural_group_01_realization_01_seed_57201_8x8,ieee57,ieee57_structural_group_01,1,57502002.0,coordinate_e0,sensitivity_initial_mean,0.0074760871863699,0.0074760871863699,0.0,0.0,false,1e-06,false,tie,true
ieee57_structural_group_01_realization_01_seed_57201_8x8_held_out_seed57502002_signed_difference_e0_minus_e1,ieee57_structural_group_01_realization_01_seed_57201_8x8,ieee57,ieee57_structural_group_01,1,57502002.0,signed_difference_e0_minus_e1,balanced_magnitude,0.0052978267844962,0.0052978267844962,0.0,0.0,false,1e-06,false,tie,true
ieee57_structural_group_01_realization_01_seed_57201_8x8_held_out_seed57502002_signed_difference_e0_minus_e1,ieee57_structural_group_01_realization_01_seed_57201_8x8,ieee57,ieee57_structural_group_01,1,57502002.0,signed_difference_e0_minus_e1,sensitivity_initial_mean,0.0052978267844962,0.0052978267844962,0.0,0.0,false,1e-06,false,tie,true
ieee57_structural_group_01_realization_01_seed_57201_8x8_held_out_seed57502003_aggregate_e0_to_e3,ieee57_structural_group_01_realization_01_seed_57201_8x8,ieee57,ieee57_structural_group_01,1,57502003.0,aggregate_e0_to_e3,balanced_magnitude,-0.0019305069337273,-0.0019305069337273,0.0,0.0,false,1e-06,false,tie,true
ieee57_structural_group_01_realization_01_seed_57201_8x8_held_out_seed57502003_aggregate_e0_to_e3,ieee57_structural_group_01_realization_01_seed_57201_8x8,ieee57,ieee57_structural_group_01,1,57502003.0,aggregate_e0_to_e3,sensitivity_initial_mean,-0.0019305069337273,-0.0019305069337273,0.0,0.0,false,1e-06,false,tie,true
ieee57_structural_group_01_realization_01_seed_57201_8x8_held_out_seed57502003_coordinate_e0,ieee57_structural_group_01_realization_01_seed_57201_8x8,ieee57,ieee57_structural_group_01,1,57502003.0,coordinate_e0,balanced_magnitude,0.0002077372783104,0.0002077372783104,0.0,0.0,false,1e-06,false,tie,true
ieee57_structural_group_01_realization_01_seed_57201_8x8_held_out_seed57502003_coordinate_e0,ieee57_structural_group_01_realization_01_seed_57201_8x8,ieee57,ieee57_structural_group_01,1,57502003.0,coordinate_e0,sensitivity_initial_mean,0.0002077372783104,0.0002077372783104,0.0,0.0,false,1e-06,false,tie,true
ieee57_structural_group_01_realization_01_seed_57201_8x8_held_out_seed57502003_signed_difference_e0_minus_e1,ieee57_structural_group_01_realization_01_seed_57201_8x8,ieee57,ieee57_structural_group_01,1,57502003.0,signed_difference_e0_minus_e1,balanced_magnitude,0.0001578318478921,0.0001578318478921,0.0,0.0,false,1e-06,false,tie,true
ieee57_structural_group_01_realization_01_seed_57201_8x8_held_out_seed57502003_signed_difference_e0_minus_e1,ieee57_structural_group_01_realization_01_seed_57201_8x8,ieee57,ieee57_structural_group_01,1,57502003.0,signed_difference_e0_minus_e1,sensitivity_initial_mean,0.0001578318478921,0.0001578318478921,0.0,0.0,false,1e-06,false,tie,true
ieee57_structural_group_01_realization_01_seed_57201_8x8_held_out_seed57502004_aggregate_e0_to_e3,ieee57_structural_group_01_realization_01_seed_57201_8x8,ieee57,ieee57_structural_group_01,1,57502004.0,aggregate_e0_to_e3,balanced_magnitude,-0.0003672607183573,-0.0003672607183573,0.0,0.0,false,1e-06,false,tie,true
ieee57_structural_group_01_realization_01_seed_57201_8x8_held_out_seed57502004_aggregate_e0_to_e3,ieee57_structural_group_01_realization_01_seed_57201_8x8,ieee57,ieee57_structural_group_01,1,57502004.0,aggregate_e0_to_e3,sensitivity_initial_mean,-0.0003672607183573,-0.0003672607183573,0.0,0.0,false,1e-06,false,tie,true
ieee57_structural_group_01_realization_01_seed_57201_8x8_held_out_seed57502004_coordinate_e0,ieee57_structural_group_01_realization_01_seed_57201_8x8,ieee57,ieee57_structural_group_01,1,57502004.0,coordinate_e0,balanced_magnitude,0.0042621871265212,0.0042621871265212,0.0,0.0,false,1e-06,false,tie,true
ieee57_structural_group_01_realization_01_seed_57201_8x8_held_out_seed57502004_coordinate_e0,ieee57_structural_group_01_realization_01_seed_57201_8x8,ieee57,ieee57_structural_group_01,1,57502004.0,coordinate_e0,sensitivity_initial_mean,0.0042621871265212,0.0042621871265212,0.0,0.0,false,1e-06,false,tie,true
ieee57_structural_group_01_realization_01_seed_57201_8x8_held_out_seed57502004_signed_difference_e0_minus_e1,ieee57_structural_group_01_realization_01_seed_57201_8x8,ieee57,ieee57_structural_group_01,1,57502004.0,signed_difference_e0_minus_e1,balanced_magnitude,0.0029944170735826,0.0029944170735826,0.0,0.0,false,1e-06,false,tie,true
ieee57_structural_group_01_realization_01_seed_57201_8x8_held_out_seed57502004_signed_difference_e0_minus_e1,ieee57_structural_group_01_realization_01_seed_57201_8x8,ieee57,ieee57_structural_group_01,1,57502004.0,signed_difference_e0_minus_e1,sensitivity_initial_mean,0.0029944170735826,0.0029944170735826,0.0,0.0,false,1e-06,false,tie,true
ieee57_structural_group_01_realization_01_seed_57201_8x8_held_out_seed57502005_aggregate_e0_to_e3,ieee57_structural_group_01_realization_01_seed_57201_8x8,ieee57,ieee57_structural_group_01,1,57502005.0,aggregate_e0_to_e3,balanced_magnitude,-0.0008699395326856,-0.0008699395326856,0.0,0.0,false,1e-06,false,tie,true
ieee57_structural_group_01_realization_01_seed_57201_8x8_held_out_seed57502005_aggregate_e0_to_e3,ieee57_structural_group_01_realization_01_seed_57201_8x8,ieee57,ieee57_structural_group_01,1,57502005.0,aggregate_e0_to_e3,sensitivity_initial_mean,-0.0008699395326856,-0.0008699395326856,0.0,0.0,false,1e-06,false,tie,true
ieee57_structural_group_01_realization_01_seed_57201_8x8_held_out_seed57502005_coordinate_e0,ieee57_structural_group_01_realization_01_seed_57201_8x8,ieee57,ieee57_structural_group_01,1,57502005.0,coordinate_e0,balanced_magnitude,0.0031665341549692,0.0031665341549692,0.0,0.0,false,1e-06,false,tie,true
ieee57_structural_group_01_realization_01_seed_57201_8x8_held_out_seed57502005_coordinate_e0,ieee57_structural_group_01_realization_01_seed_57201_8x8,ieee57,ieee57_structural_group_01,1,57502005.0,coordinate_e0,sensitivity_initial_mean,0.0031665341549692,0.0031665341549692,0.0,0.0,false,1e-06,false,tie,true
ieee57_structural_group_01_realization_01_seed_57201_8x8_held_out_seed57502005_signed_difference_e0_minus_e1,ieee57_structural_group_01_realization_01_seed_57201_8x8,ieee57,ieee57_structural_group_01,1,57502005.0,signed_difference_e0_minus_e1,balanced_magnitude,0.0022513273046203,0.0022513273046203,0.0,0.0,false,1e-06,false,tie,true
ieee57_structural_group_01_realization_01_seed_57201_8x8_held_out_seed57502005_signed_difference_e0_minus_e1,ieee57_structural_group_01_realization_01_seed_57201_8x8,ieee57,ieee57_structural_group_01,1,57502005.0,signed_difference_e0_minus_e1,sensitivity_initial_mean,0.0022513273046203,0.0022513273046203,0.0,0.0,false,1e-06,false,tie,true
ieee57_structural_group_01_realization_01_seed_57201_8x8_held_out_seed57502006_aggregate_e0_to_e3,ieee57_structural_group_01_realization_01_seed_57201_8x8,ieee57,ieee57_structural_group_01,1,57502006.0,aggregate_e0_to_e3,balanced_magnitude,0.0020086109750084,0.0020086109750084,0.0,0.0,false,1e-06,false,tie,true
ieee57_structural_group_01_realization_01_seed_57201_8x8_held_out_seed57502006_aggregate_e0_to_e3,ieee57_structural_group_01_realization_01_seed_57201_8x8,ieee57,ieee57_structural_group_01,1,57502006.0,aggregate_e0_to_e3,sensitivity_initial_mean,0.0020086109750084,0.0020086109750084,0.0,0.0,false,1e-06,false,tie,true
ieee57_structural_group_01_realization_01_seed_57201_8x8_held_out_seed57502006_coordinate_e0,ieee57_structural_group_01_realization_01_seed_57201_8x8,ieee57,ieee57_structural_group_01,1,57502006.0,coordinate_e0,balanced_magnitude,-0.0002591300485111,-0.0002591300485111,0.0,0.0,false,1e-06,false,tie,true
ieee57_structural_group_01_realization_01_seed_57201_8x8_held_out_seed57502006_coordinate_e0,ieee57_structural_group_01_realization_01_seed_57201_8x8,ieee57,ieee57_structural_group_01,1,57502006.0,coordinate_e0,sensitivity_initial_mean,-0.0002591300485111,-0.0002591300485111,0.0,0.0,false,1e-06,false,tie,true
ieee57_structural_group_01_realization_01_seed_57201_8x8_held_out_seed57502006_signed_difference_e0_minus_e1,ieee57_structural_group_01_realization_01_seed_57201_8x8,ieee57,ieee57_structural_group_01,1,57502006.0,signed_difference_e0_minus_e1,balanced_magnitude,-0.0001763066717199,-0.0001763066717199,0.0,0.0,false,1e-06,false,tie,true
ieee57_structural_group_01_realization_01_seed_57201_8x8_held_out_seed57502006_signed_difference_e0_minus_e1,ieee57_structural_group_01_realization_01_seed_57201_8x8,ieee57,ieee57_structural_group_01,1,57502006.0,signed_difference_e0_minus_e1,sensitivity_initial_mean,-0.0001763066717199,-0.0001763066717199,0.0,0.0,false,1e-06,false,tie,true
ieee57_structural_group_01_realization_01_seed_57201_8x8_held_out_seed57502007_aggregate_e0_to_e3,ieee57_structural_group_01_realization_01_seed_57201_8x8,ieee57,ieee57_structural_group_01,1,57502007.0,aggregate_e0_to_e3,balanced_magnitude,0.0037775641116242,0.0037775641116242,0.0,0.0,false,1e-06,false,tie,true
ieee57_structural_group_01_realization_01_seed_57201_8x8_held_out_seed57502007_aggregate_e0_to_e3,ieee57_structural_group_01_realization_01_seed_57201_8x8,ieee57,ieee57_structural_group_01,1,57502007.0,aggregate_e0_to_e3,sensitivity_initial_mean,0.0037775641116242,0.0037775641116242,0.0,0.0,false,1e-06,false,tie,true
ieee57_structural_group_01_realization_01_seed_57201_8x8_held_out_seed57502007_coordinate_e0,ieee57_structural_group_01_realization_01_seed_57201_8x8,ieee57,ieee57_structural_group_01,1,57502007.0,coordinate_e0,balanced_magnitude,0.0012594248794473,0.0012594248794473,0.0,0.0,false,1e-06,false,tie,true
ieee57_structural_group_01_realization_01_seed_57201_8x8_held_out_seed57502007_coordinate_e0,ieee57_structural_group_01_realization_01_seed_57201_8x8,ieee57,ieee57_structural_group_01,1,57502007.0,coordinate_e0,sensitivity_initial_mean,0.0012594248794473,0.0012594248794473,0.0,0.0,false,1e-06,false,tie,true
ieee57_structural_group_01_realization_01_seed_57201_8x8_held_out_seed57502007_signed_difference_e0_minus_e1,ieee57_structural_group_01_realization_01_seed_57201_8x8,ieee57,ieee57_structural_group_01,1,57502007.0,signed_difference_e0_minus_e1,balanced_magnitude,0.0009819413628229,0.0009819413628229,0.0,0.0,false,1e-06,false,tie,true
ieee57_structural_group_01_realization_01_seed_57201_8x8_held_out_seed57502007_signed_difference_e0_minus_e1,ieee57_structural_group_01_realization_01_seed_57201_8x8,ieee57,ieee57_structural_group_01,1,57502007.0,signed_difference_e0_minus_e1,sensitivity_initial_mean,0.0009819413628229,0.0009819413628229,0.0,0.0,false,1e-06,false,tie,true
ieee57_structural_group_01_realization_01_seed_57201_8x8_held_out_seed57502008_aggregate_e0_to_e3,ieee57_structural_group_01_realization_01_seed_57201_8x8,ieee57,ieee57_structural_group_01,1,57502008.0,aggregate_e0_to_e3,balanced_magnitude,0.0020152756022167,0.0020152756022167,0.0,0.0,false,1e-06,false,tie,true
ieee57_structural_group_01_realization_01_seed_57201_8x8_held_out_seed57502008_aggregate_e0_to_e3,ieee57_structural_group_01_realization_01_seed_57201_8x8,ieee57,ieee57_structural_group_01,1,57502008.0,aggregate_e0_to_e3,sensitivity_initial_mean,0.0020152756022167,0.0020152756022167,0.0,0.0,false,1e-06,false,tie,true
ieee57_structural_group_01_realization_01_seed_57201_8x8_held_out_seed57502008_coordinate_e0,ieee57_structural_group_01_realization_01_seed_57201_8x8,ieee57,ieee57_structural_group_01,1,57502008.0,coordinate_e0,balanced_magnitude,0.0034709394716429,0.0034709394716429,0.0,0.0,false,1e-06,false,tie,true
ieee57_structural_group_01_realization_01_seed_57201_8x8_held_out_seed57502008_coordinate_e0,ieee57_structural_group_01_realization_01_seed_57201_8x8,ieee57,ieee57_structural_group_01,1,57502008.0,coordinate_e0,sensitivity_initial_mean,0.0034709394716429,0.0034709394716429,0.0,0.0,false,1e-06,false,tie,true
ieee57_structural_group_01_realization_01_seed_57201_8x8_held_out_seed57502008_signed_difference_e0_minus_e1,ieee57_structural_group_01_realization_01_seed_57201_8x8,ieee57,ieee57_structural_group_01,1,57502008.0,signed_difference_e0_minus_e1,balanced_magnitude,0.0024032128656064,0.0024032128656064,0.0,0.0,false,1e-06,false,tie,true
ieee57_structural_group_01_realization_01_seed_57201_8x8_held_out_seed57502008_signed_difference_e0_minus_e1,ieee57_structural_group_01_realization_01_seed_57201_8x8,ieee57,ieee57_structural_group_01,1,57502008.0,signed_difference_e0_minus_e1,sensitivity_initial_mean,0.0024032128656064,0.0024032128656064,0.0,0.0,false,1e-06,false,tie,true
ieee57_structural_group_01_realization_01_seed_57201_8x8_held_out_seed57502009_aggregate_e0_to_e3,ieee57_structural_group_01_realization_01_seed_57201_8x8,ieee57,ieee57_structural_group_01,1,57502009.0,aggregate_e0_to_e3,balanced_magnitude,0.000824789785181,0.000824789785181,0.0,0.0,false,1e-06,false,tie,true
ieee57_structural_group_01_realization_01_seed_57201_8x8_held_out_seed57502009_aggregate_e0_to_e3,ieee57_structural_group_01_realization_01_seed_57201_8x8,ieee57,ieee57_structural_group_01,1,57502009.0,aggregate_e0_to_e3,sensitivity_initial_mean,0.000824789785181,0.000824789785181,0.0,0.0,false,1e-06,false,tie,true
ieee57_structural_group_01_realization_01_seed_57201_8x8_held_out_seed57502009_coordinate_e0,ieee57_structural_group_01_realization_01_seed_57201_8x8,ieee57,ieee57_structural_group_01,1,57502009.0,coordinate_e0,balanced_magnitude,-0.0008181254448798,-0.0008181254448798,0.0,0.0,false,1e-06,false,tie,true
ieee57_structural_group_01_realization_01_seed_57201_8x8_held_out_seed57502009_coordinate_e0,ieee57_structural_group_01_realization_01_seed_57201_8x8,ieee57,ieee57_structural_group_01,1,57502009.0,coordinate_e0,sensitivity_initial_mean,-0.0008181254448798,-0.0008181254448798,0.0,0.0,false,1e-06,false,tie,true
ieee57_structural_group_01_realization_01_seed_57201_8x8_held_out_seed57502009_signed_difference_e0_minus_e1,ieee57_structural_group_01_realization_01_seed_57201_8x8,ieee57,ieee57_structural_group_01,1,57502009.0,signed_difference_e0_minus_e1,balanced_magnitude,-0.0005163446508025,-0.0005163446508025,0.0,0.0,false,1e-06,false,tie,true
ieee57_structural_group_01_realization_01_seed_57201_8x8_held_out_seed57502009_signed_difference_e0_minus_e1,ieee57_structural_group_01_realization_01_seed_57201_8x8,ieee57,ieee57_structural_group_01,1,57502009.0,signed_difference_e0_minus_e1,sensitivity_initial_mean,-0.0005163446508025,-0.0005163446508025,0.0,0.0,false,1e-06,false,tie,true
ieee57_structural_group_01_realization_01_seed_57201_8x8_held_out_seed57502010_aggregate_e0_to_e3,ieee57_structural_group_01_realization_01_seed_57201_8x8,ieee57,ieee57_structural_group_01,1,57502010.0,aggregate_e0_to_e3,balanced_magnitude,-0.0027026378308083,-0.0027026378308083,0.0,0.0,false,1e-06,false,tie,true
ieee57_structural_group_01_realization_01_seed_57201_8x8_held_out_seed57502010_aggregate_e0_to_e3,ieee57_structural_group_01_realization_01_seed_57201_8x8,ieee57,ieee57_structural_group_01,1,57502010.0,aggregate_e0_to_e3,sensitivity_initial_mean,-0.0027026378308083,-0.0027026378308083,0.0,0.0,false,1e-06,false,tie,true
ieee57_structural_group_01_realization_01_seed_57201_8x8_held_out_seed57502010_coordinate_e0,ieee57_structural_group_01_realization_01_seed_57201_8x8,ieee57,ieee57_structural_group_01,1,57502010.0,coordinate_e0,balanced_magnitude,-0.0034387915852299,-0.0034387915852299,0.0,0.0,false,1e-06,false,tie,true
ieee57_structural_group_01_realization_01_seed_57201_8x8_held_out_seed57502010_coordinate_e0,ieee57_structural_group_01_realization_01_seed_57201_8x8,ieee57,ieee57_structural_group_01,1,57502010.0,coordinate_e0,sensitivity_initial_mean,-0.0034387915852299,-0.0034387915852299,0.0,0.0,false,1e-06,false,tie,true
ieee57_structural_group_01_realization_01_seed_57201_8x8_held_out_seed57502010_signed_difference_e0_minus_e1,ieee57_structural_group_01_realization_01_seed_57201_8x8,ieee57,ieee57_structural_group_01,1,57502010.0,signed_difference_e0_minus_e1,balanced_magnitude,-0.002422832062077,-0.002422832062077,0.0,0.0,false,1e-06,false,tie,true
ieee57_structural_group_01_realization_01_seed_57201_8x8_held_out_seed57502010_signed_difference_e0_minus_e1,ieee57_structural_group_01_realization_01_seed_57201_8x8,ieee57,ieee57_structural_group_01,1,57502010.0,signed_difference_e0_minus_e1,sensitivity_initial_mean,-0.002422832062077,-0.002422832062077,0.0,0.0,false,1e-06,false,tie,true
ieee57_structural_group_01_realization_01_seed_57201_8x8_held_out_seed57502011_aggregate_e0_to_e3,ieee57_structural_group_01_realization_01_seed_57201_8x8,ieee57,ieee57_structural_group_01,1,57502011.0,aggregate_e0_to_e3,balanced_magnitude,-0.00410846869718,-0.00410846869718,0.0,0.0,false,1e-06,false,tie,true
ieee57_structural_group_01_realization_01_seed_57201_8x8_held_out_seed57502011_aggregate_e0_to_e3,ieee57_structural_group_01_realization_01_seed_57201_8x8,ieee57,ieee57_structural_group_01,1,57502011.0,aggregate_e0_to_e3,sensitivity_initial_mean,-0.00410846869718,-0.00410846869718,0.0,0.0,false,1e-06,false,tie,true
ieee57_structural_group_01_realization_01_seed_57201_8x8_held_out_seed57502011_coordinate_e0,ieee57_structural_group_01_realization_01_seed_57201_8x8,ieee57,ieee57_structural_group_01,1,57502011.0,coordinate_e0,balanced_magnitude,-0.0011381577226388,-0.0011381577226388,0.0,0.0,false,1e-06,false,tie,true
ieee57_structural_group_01_realization_01_seed_57201_8x8_held_out_seed57502011_coordinate_e0,ieee57_structural_group_01_realization_01_seed_57201_8x8,ieee57,ieee57_structural_group_01,1,57502011.0,coordinate_e0,sensitivity_initial_mean,-0.0011381577226388,-0.0011381577226388,0.0,0.0,false,1e-06,false,tie,true
ieee57_structural_group_01_realization_01_seed_57201_8x8_held_out_seed57502011_signed_difference_e0_minus_e1,ieee57_structural_group_01_realization_01_seed_57201_8x8,ieee57,ieee57_structural_group_01,1,57502011.0,signed_difference_e0_minus_e1,balanced_magnitude,-0.0007692810429004,-0.0007692810429004,0.0,0.0,false,1e-06,false,tie,true
ieee57_structural_group_01_realization_01_seed_57201_8x8_held_out_seed57502011_signed_difference_e0_minus_e1,ieee57_structural_group_01_realization_01_seed_57201_8x8,ieee57,ieee57_structural_group_01,1,57502011.0,signed_difference_e0_minus_e1,sensitivity_initial_mean,-0.0007692810429004,-0.0007692810429004,0.0,0.0,false,1e-06,false,tie,true
ieee57_structural_group_01_realization_01_seed_57201_8x8_held_out_seed57502012_aggregate_e0_to_e3,ieee57_structural_group_01_realization_01_seed_57201_8x8,ieee57,ieee57_structural_group_01,1,57502012.0,aggregate_e0_to_e3,balanced_magnitude,0.0011472168354944,0.0011472168354944,0.0,0.0,false,1e-06,false,tie,true
ieee57_structural_group_01_realization_01_seed_57201_8x8_held_out_seed57502012_aggregate_e0_to_e3,ieee57_structural_group_01_realization_01_seed_57201_8x8,ieee57,ieee57_structural_group_01,1,57502012.0,aggregate_e0_to_e3,sensitivity_initial_mean,0.0011472168354944,0.0011472168354944,0.0,0.0,false,1e-06,false,tie,true
ieee57_structural_group_01_realization_01_seed_57201_8x8_held_out_seed57502012_coordinate_e0,ieee57_structural_group_01_realization_01_seed_57201_8x8,ieee57,ieee57_structural_group_01,1,57502012.0,coordinate_e0,balanced_magnitude,0.0024800273059132,0.0024800273059132,0.0,0.0,false,1e-06,false,tie,true
ieee57_structural_group_01_realization_01_seed_57201_8x8_held_out_seed57502012_coordinate_e0,ieee57_structural_group_01_realization_01_seed_57201_8x8,ieee57,ieee57_structural_group_01,1,57502012.0,coordinate_e0,sensitivity_initial_mean,0.0024800273059132,0.0024800273059132,0.0,0.0,false,1e-06,false,tie,true
ieee57_structural_group_01_realization_01_seed_57201_8x8_held_out_seed57502012_signed_difference_e0_minus_e1,ieee57_structural_group_01_realization_01_seed_57201_8x8,ieee57,ieee57_structural_group_01,1,57502012.0,signed_difference_e0_minus_e1,balanced_magnitude,0.0016720120526382,0.0016720120526382,0.0,0.0,false,1e-06,false,tie,true
ieee57_structural_group_01_realization_01_seed_57201_8x8_held_out_seed57502012_signed_difference_e0_minus_e1,ieee57_structural_group_01_realization_01_seed_57201_8x8,ieee57,ieee57_structural_group_01,1,57502012.0,signed_difference_e0_minus_e1,sensitivity_initial_mean,0.0016720120526382,0.0016720120526382,0.0,0.0,false,1e-06,false,tie,true
ieee57_structural_group_01_realization_01_seed_57201_8x8_held_out_seed57502013_aggregate_e0_to_e3,ieee57_structural_group_01_realization_01_seed_57201_8x8,ieee57,ieee57_structural_group_01,1,57502013.0,aggregate_e0_to_e3,balanced_magnitude,0.0024493161683091,0.0024493161683091,0.0,0.0,false,1e-06,false,tie,true
ieee57_structural_group_01_realization_01_seed_57201_8x8_held_out_seed57502013_aggregate_e0_to_e3,ieee57_structural_group_01_realization_01_seed_57201_8x8,ieee57,ieee57_structural_group_01,1,57502013.0,aggregate_e0_to_e3,sensitivity_initial_mean,0.0024493161683091,0.0024493161683091,0.0,0.0,false,1e-06,false,tie,true
ieee57_structural_group_01_realization_01_seed_57201_8x8_held_out_seed57502013_coordinate_e0,ieee57_structural_group_01_realization_01_seed_57201_8x8,ieee57,ieee57_structural_group_01,1,57502013.0,coordinate_e0,balanced_magnitude,0.0020504387854264,0.0020504387854264,0.0,0.0,false,1e-06,false,tie,true
ieee57_structural_group_01_realization_01_seed_57201_8x8_held_out_seed57502013_coordinate_e0,ieee57_structural_group_01_realization_01_seed_57201_8x8,ieee57,ieee57_structural_group_01,1,57502013.0,coordinate_e0,sensitivity_initial_mean,0.0020504387854264,0.0020504387854264,0.0,0.0,false,1e-06,false,tie,true
ieee57_structural_group_01_realization_01_seed_57201_8x8_held_out_seed57502013_signed_difference_e0_minus_e1,ieee57_structural_group_01_realization_01_seed_57201_8x8,ieee57,ieee57_structural_group_01,1,57502013.0,signed_difference_e0_minus_e1,balanced_magnitude,0.001558012405752,0.001558012405752,0.0,0.0,false,1e-06,false,tie,true
ieee57_structural_group_01_realization_01_seed_57201_8x8_held_out_seed57502013_signed_difference_e0_minus_e1,ieee57_structural_group_01_realization_01_seed_57201_8x8,ieee57,ieee57_structural_group_01,1,57502013.0,signed_difference_e0_minus_e1,sensitivity_initial_mean,0.001558012405752,0.001558012405752,0.0,0.0,false,1e-06,false,tie,true
ieee57_structural_group_01_realization_01_seed_57201_8x8_held_out_seed57502014_aggregate_e0_to_e3,ieee57_structural_group_01_realization_01_seed_57201_8x8,ieee57,ieee57_structural_group_01,1,57502014.0,aggregate_e0_to_e3,balanced_magnitude,0.0003790421379639,0.0003790421379639,0.0,0.0,false,1e-06,false,tie,true
ieee57_structural_group_01_realization_01_seed_57201_8x8_held_out_seed57502014_aggregate_e0_to_e3,ieee57_structural_group_01_realization_01_seed_57201_8x8,ieee57,ieee57_structural_group_01,1,57502014.0,aggregate_e0_to_e3,sensitivity_initial_mean,0.0003790421379639,0.0003790421379639,0.0,0.0,false,1e-06,false,tie,true
ieee57_structural_group_01_realization_01_seed_57201_8x8_held_out_seed57502014_coordinate_e0,ieee57_structural_group_01_realization_01_seed_57201_8x8,ieee57,ieee57_structural_group_01,1,57502014.0,coordinate_e0,balanced_magnitude,-0.0007884835077383,-0.0007884835077383,0.0,0.0,false,1e-06,false,tie,true
ieee57_structural_group_01_realization_01_seed_57201_8x8_held_out_seed57502014_coordinate_e0,ieee57_structural_group_01_realization_01_seed_57201_8x8,ieee57,ieee57_structural_group_01,1,57502014.0,coordinate_e0,sensitivity_initial_mean,-0.0007884835077383,-0.0007884835077383,0.0,0.0,false,1e-06,false,tie,true
ieee57_structural_group_01_realization_01_seed_57201_8x8_held_out_seed57502014_signed_difference_e0_minus_e1,ieee57_structural_group_01_realization_01_seed_57201_8x8,ieee57,ieee57_structural_group_01,1,57502014.0,signed_difference_e0_minus_e1,balanced_magnitude,-0.0005474075516239,-0.0005474075516239,0.0,0.0,false,1e-06,false,tie,true
ieee57_structural_group_01_realization_01_seed_57201_8x8_held_out_seed57502014_signed_difference_e0_minus_e1,ieee57_structural_group_01_realization_01_seed_57201_8x8,ieee57,ieee57_structural_group_01,1,57502014.0,signed_difference_e0_minus_e1,sensitivity_initial_mean,-0.0005474075516239,-0.0005474075516239,0.0,0.0,false,1e-06,false,tie,true
ieee57_structural_group_01_realization_01_seed_57201_8x8_held_out_seed57502015_aggregate_e0_to_e3,ieee57_structural_group_01_realization_01_seed_57201_8x8,ieee57,ieee57_structural_group_01,1,57502015.0,aggregate_e0_to_e3,balanced_magnitude,0.0028329743237212,0.0028329743237212,0.0,0.0,false,1e-06,false,tie,true
ieee57_structural_group_01_realization_01_seed_57201_8x8_held_out_seed57502015_aggregate_e0_to_e3,ieee57_structural_group_01_realization_01_seed_57201_8x8,ieee57,ieee57_structural_group_01,1,57502015.0,aggregate_e0_to_e3,sensitivity_initial_mean,0.0028329743237212,0.0028329743237212,0.0,0.0,false,1e-06,false,tie,true
ieee57_structural_group_01_realization_01_seed_57201_8x8_held_out_seed57502015_coordinate_e0,ieee57_structural_group_01_realization_01_seed_57201_8x8,ieee57,ieee57_structural_group_01,1,57502015.0,coordinate_e0,balanced_magnitude,0.0017260080105583,0.0017260080105583,0.0,0.0,false,1e-06,false,tie,true
ieee57_structural_group_01_realization_01_seed_57201_8x8_held_out_seed57502015_coordinate_e0,ieee57_structural_group_01_realization_01_seed_57201_8x8,ieee57,ieee57_structural_group_01,1,57502015.0,coordinate_e0,sensitivity_initial_mean,0.0017260080105583,0.0017260080105583,0.0,0.0,false,1e-06,false,tie,true
ieee57_structural_group_01_realization_01_seed_57201_8x8_held_out_seed57502015_signed_difference_e0_minus_e1,ieee57_structural_group_01_realization_01_seed_57201_8x8,ieee57,ieee57_structural_group_01,1,57502015.0,signed_difference_e0_minus_e1,balanced_magnitude,0.001202738461664,0.001202738461664,0.0,0.0,false,1e-06,false,tie,true
ieee57_structural_group_01_realization_01_seed_57201_8x8_held_out_seed57502015_signed_difference_e0_minus_e1,ieee57_structural_group_01_realization_01_seed_57201_8x8,ieee57,ieee57_structural_group_01,1,57502015.0,signed_difference_e0_minus_e1,sensitivity_initial_mean,0.001202738461664,0.001202738461664,0.0,0.0,false,1e-06,false,tie,true
ieee57_structural_group_01_realization_01_seed_57201_8x8_held_out_seed57502016_aggregate_e0_to_e3,ieee57_structural_group_01_realization_01_seed_57201_8x8,ieee57,ieee57_structural_group_01,1,57502016.0,aggregate_e0_to_e3,balanced_magnitude,-0.0001151783705611,-0.0001151783705611,0.0,0.0,false,1e-06,false,tie,true
ieee57_structural_group_01_realization_01_seed_57201_8x8_held_out_seed57502016_aggregate_e0_to_e3,ieee57_structural_group_01_realization_01_seed_57201_8x8,ieee57,ieee57_structural_group_01,1,57502016.0,aggregate_e0_to_e3,sensitivity_initial_mean,-0.0001151783705611,-0.0001151783705611,0.0,0.0,false,1e-06,false,tie,true
ieee57_structural_group_01_realization_01_seed_57201_8x8_held_out_seed57502016_coordinate_e0,ieee57_structural_group_01_realization_01_seed_57201_8x8,ieee57,ieee57_structural_group_01,1,57502016.0,coordinate_e0,balanced_magnitude,-0.0006191180529369,-0.0006191180529369,0.0,0.0,false,1e-06,false,tie,true
ieee57_structural_group_01_realization_01_seed_57201_8x8_held_out_seed57502016_coordinate_e0,ieee57_structural_group_01_realization_01_seed_57201_8x8,ieee57,ieee57_structural_group_01,1,57502016.0,coordinate_e0,sensitivity_initial_mean,-0.0006191180529369,-0.0006191180529369,0.0,0.0,false,1e-06,false,tie,true
ieee57_structural_group_01_realization_01_seed_57201_8x8_held_out_seed57502016_signed_difference_e0_minus_e1,ieee57_structural_group_01_realization_01_seed_57201_8x8,ieee57,ieee57_structural_group_01,1,57502016.0,signed_difference_e0_minus_e1,balanced_magnitude,-0.0004781217012618,-0.0004781217012618,0.0,0.0,false,1e-06,false,tie,true
ieee57_structural_group_01_realization_01_seed_57201_8x8_held_out_seed57502016_signed_difference_e0_minus_e1,ieee57_structural_group_01_realization_01_seed_57201_8x8,ieee57,ieee57_structural_group_01,1,57502016.0,signed_difference_e0_minus_e1,sensitivity_initial_mean,-0.0004781217012618,-0.0004781217012618,0.0,0.0,false,1e-06,false,tie,true
ieee57_structural_group_01_realization_01_seed_57201_8x8_held_out_seed57502017_aggregate_e0_to_e3,ieee57_structural_group_01_realization_01_seed_57201_8x8,ieee57,ieee57_structural_group_01,1,57502017.0,aggregate_e0_to_e3,balanced_magnitude,0.003170096141989,0.003170096141989,0.0,0.0,false,1e-06,false,tie,true
ieee57_structural_group_01_realization_01_seed_57201_8x8_held_out_seed57502017_aggregate_e0_to_e3,ieee57_structural_group_01_realization_01_seed_57201_8x8,ieee57,ieee57_structural_group_01,1,57502017.0,aggregate_e0_to_e3,sensitivity_initial_mean,0.003170096141989,0.003170096141989,0.0,0.0,false,1e-06,false,tie,true
ieee57_structural_group_01_realization_01_seed_57201_8x8_held_out_seed57502017_coordinate_e0,ieee57_structural_group_01_realization_01_seed_57201_8x8,ieee57,ieee57_structural_group_01,1,57502017.0,coordinate_e0,balanced_magnitude,0.0038969156016452,0.0038969156016452,0.0,0.0,false,1e-06,false,tie,true
ieee57_structural_group_01_realization_01_seed_57201_8x8_held_out_seed57502017_coordinate_e0,ieee57_structural_group_01_realization_01_seed_57201_8x8,ieee57,ieee57_structural_group_01,1,57502017.0,coordinate_e0,sensitivity_initial_mean,0.0038969156016452,0.0038969156016452,0.0,0.0,false,1e-06,false,tie,true
ieee57_structural_group_01_realization_01_seed_57201_8x8_held_out_seed57502017_signed_difference_e0_minus_e1,ieee57_structural_group_01_realization_01_seed_57201_8x8,ieee57,ieee57_structural_group_01,1,57502017.0,signed_difference_e0_minus_e1,balanced_magnitude,0.0026987963707951,0.0026987963707951,0.0,0.0,false,1e-06,false,tie,true
ieee57_structural_group_01_realization_01_seed_57201_8x8_held_out_seed57502017_signed_difference_e0_minus_e1,ieee57_structural_group_01_realization_01_seed_57201_8x8,ieee57,ieee57_structural_group_01,1,57502017.0,signed_difference_e0_minus_e1,sensitivity_initial_mean,0.0026987963707951,0.0026987963707951,0.0,0.0,false,1e-06,false,tie,true
ieee57_structural_group_01_realization_01_seed_57201_8x8_held_out_seed57502018_aggregate_e0_to_e3,ieee57_structural_group_01_realization_01_seed_57201_8x8,ieee57,ieee57_structural_group_01,1,57502018.0,aggregate_e0_to_e3,balanced_magnitude,-0.0037752068404731,-0.0037752068404731,0.0,0.0,false,1e-06,false,tie,true
ieee57_structural_group_01_realization_01_seed_57201_8x8_held_out_seed57502018_aggregate_e0_to_e3,ieee57_structural_group_01_realization_01_seed_57201_8x8,ieee57,ieee57_structural_group_01,1,57502018.0,aggregate_e0_to_e3,sensitivity_initial_mean,-0.0037752068404731,-0.0037752068404731,0.0,0.0,false,1e-06,false,tie,true
ieee57_structural_group_01_realization_01_seed_57201_8x8_held_out_seed57502018_coordinate_e0,ieee57_structural_group_01_realization_01_seed_57201_8x8,ieee57,ieee57_structural_group_01,1,57502018.0,coordinate_e0,balanced_magnitude,-0.0032735611835961,-0.0032735611835961,0.0,0.0,false,1e-06,false,tie,true
ieee57_structural_group_01_realization_01_seed_57201_8x8_held_out_seed57502018_coordinate_e0,ieee57_structural_group_01_realization_01_seed_57201_8x8,ieee57,ieee57_structural_group_01,1,57502018.0,coordinate_e0,sensitivity_initial_mean,-0.0032735611835961,-0.0032735611835961,0.0,0.0,false,1e-06,false,tie,true
ieee57_structural_group_01_realization_01_seed_57201_8x8_held_out_seed57502018_signed_difference_e0_minus_e1,ieee57_structural_group_01_realization_01_seed_57201_8x8,ieee57,ieee57_structural_group_01,1,57502018.0,signed_difference_e0_minus_e1,balanced_magnitude,-0.0022477749799188,-0.0022477749799188,0.0,0.0,false,1e-06,false,tie,true
ieee57_structural_group_01_realization_01_seed_57201_8x8_held_out_seed57502018_signed_difference_e0_minus_e1,ieee57_structural_group_01_realization_01_seed_57201_8x8,ieee57,ieee57_structural_group_01,1,57502018.0,signed_difference_e0_minus_e1,sensitivity_initial_mean,-0.0022477749799188,-0.0022477749799188,0.0,0.0,false,1e-06,false,tie,true
ieee57_structural_group_01_realization_01_seed_57201_8x8_held_out_seed57502019_aggregate_e0_to_e3,ieee57_structural_group_01_realization_01_seed_57201_8x8,ieee57,ieee57_structural_group_01,1,57502019.0,aggregate_e0_to_e3,balanced_magnitude,0.0011040104968534,0.0011040104968534,0.0,0.0,false,1e-06,false,tie,true
ieee57_structural_group_01_realization_01_seed_57201_8x8_held_out_seed57502019_aggregate_e0_to_e3,ieee57_structural_group_01_realization_01_seed_57201_8x8,ieee57,ieee57_structural_group_01,1,57502019.0,aggregate_e0_to_e3,sensitivity_initial_mean,0.0011040104968534,0.0011040104968534,0.0,0.0,false,1e-06,false,tie,true
ieee57_structural_group_01_realization_01_seed_57201_8x8_held_out_seed57502019_coordinate_e0,ieee57_structural_group_01_realization_01_seed_57201_8x8,ieee57,ieee57_structural_group_01,1,57502019.0,coordinate_e0,balanced_magnitude,-0.001143824747142,-0.001143824747142,0.0,0.0,false,1e-06,false,tie,true
ieee57_structural_group_01_realization_01_seed_57201_8x8_held_out_seed57502019_coordinate_e0,ieee57_structural_group_01_realization_01_seed_57201_8x8,ieee57,ieee57_structural_group_01,1,57502019.0,coordinate_e0,sensitivity_initial_mean,-0.001143824747142,-0.001143824747142,0.0,0.0,false,1e-06,false,tie,true
ieee57_structural_group_01_realization_01_seed_57201_8x8_held_out_seed57502019_signed_difference_e0_minus_e1,ieee57_structural_group_01_realization_01_seed_57201_8x8,ieee57,ieee57_structural_group_01,1,57502019.0,signed_difference_e0_minus_e1,balanced_magnitude,-0.0007822780737842,-0.0007822780737842,0.0,0.0,false,1e-06,false,tie,true
ieee57_structural_group_01_realization_01_seed_57201_8x8_held_out_seed57502019_signed_difference_e0_minus_e1,ieee57_structural_group_01_realization_01_seed_57201_8x8,ieee57,ieee57_structural_group_01,1,57502019.0,signed_difference_e0_minus_e1,sensitivity_initial_mean,-0.0007822780737842,-0.0007822780737842,0.0,0.0,false,1e-06,false,tie,true
ieee57_structural_group_01_realization_02_seed_57202_8x8_held_out_seed57512000_aggregate_e0_to_e3,ieee57_structural_group_01_realization_02_seed_57202_8x8,ieee57,ieee57_structural_group_01,2,57512000.0,aggregate_e0_to_e3,balanced_magnitude,0.0054236191769537,0.0054236191769537,0.0,0.0,false,1e-06,false,tie,true
ieee57_structural_group_01_realization_02_seed_57202_8x8_held_out_seed57512000_aggregate_e0_to_e3,ieee57_structural_group_01_realization_02_seed_57202_8x8,ieee57,ieee57_structural_group_01,2,57512000.0,aggregate_e0_to_e3,sensitivity_initial_mean,0.0054236191769537,0.0054236191769537,0.0,0.0,false,1e-06,false,tie,true
ieee57_structural_group_01_realization_02_seed_57202_8x8_held_out_seed57512000_coordinate_e0,ieee57_structural_group_01_realization_02_seed_57202_8x8,ieee57,ieee57_structural_group_01,2,57512000.0,coordinate_e0,balanced_magnitude,0.0045490477443685,0.0045490477443685,0.0,0.0,false,1e-06,false,tie,true
ieee57_structural_group_01_realization_02_seed_57202_8x8_held_out_seed57512000_coordinate_e0,ieee57_structural_group_01_realization_02_seed_57202_8x8,ieee57,ieee57_structural_group_01,2,57512000.0,coordinate_e0,sensitivity_initial_mean,0.0045490477443685,0.0045490477443685,0.0,0.0,false,1e-06,false,tie,true
ieee57_structural_group_01_realization_02_seed_57202_8x8_held_out_seed57512000_signed_difference_e0_minus_e1,ieee57_structural_group_01_realization_02_seed_57202_8x8,ieee57,ieee57_structural_group_01,2,57512000.0,signed_difference_e0_minus_e1,balanced_magnitude,0.0032010594868094,0.0032010594868094,0.0,0.0,false,1e-06,false,tie,true
ieee57_structural_group_01_realization_02_seed_57202_8x8_held_out_seed57512000_signed_difference_e0_minus_e1,ieee57_structural_group_01_realization_02_seed_57202_8x8,ieee57,ieee57_structural_group_01,2,57512000.0,signed_difference_e0_minus_e1,sensitivity_initial_mean,0.0032010594868094,0.0032010594868094,0.0,0.0,false,1e-06,false,tie,true
ieee57_structural_group_01_realization_02_seed_57202_8x8_held_out_seed57512001_aggregate_e0_to_e3,ieee57_structural_group_01_realization_02_seed_57202_8x8,ieee57,ieee57_structural_group_01,2,57512001.0,aggregate_e0_to_e3,balanced_magnitude,0.0039995279862675,0.0039995279862675,0.0,0.0,false,1e-06,false,tie,true
ieee57_structural_group_01_realization_02_seed_57202_8x8_held_out_seed57512001_aggregate_e0_to_e3,ieee57_structural_group_01_realization_02_seed_57202_8x8,ieee57,ieee57_structural_group_01,2,57512001.0,aggregate_e0_to_e3,sensitivity_initial_mean,0.0039995279862675,0.0039995279862675,0.0,0.0,false,1e-06,false,tie,true
ieee57_structural_group_01_realization_02_seed_57202_8x8_held_out_seed57512001_coordinate_e0,ieee57_structural_group_01_realization_02_seed_57202_8x8,ieee57,ieee57_structural_group_01,2,57512001.0,coordinate_e0,balanced_magnitude,0.0039726422680415,0.0039726422680415,0.0,0.0,false,1e-06,false,tie,true
ieee57_structural_group_01_realization_02_seed_57202_8x8_held_out_seed57512001_coordinate_e0,ieee57_structural_group_01_realization_02_seed_57202_8x8,ieee57,ieee57_structural_group_01,2,57512001.0,coordinate_e0,sensitivity_initial_mean,0.0039726422680415,0.0039726422680415,0.0,0.0,false,1e-06,false,tie,true
ieee57_structural_group_01_realization_02_seed_57202_8x8_held_out_seed57512001_signed_difference_e0_minus_e1,ieee57_structural_group_01_realization_02_seed_57202_8x8,ieee57,ieee57_structural_group_01,2,57512001.0,signed_difference_e0_minus_e1,balanced_magnitude,0.0028383146676601,0.0028383146676601,0.0,0.0,false,1e-06,false,tie,true
ieee57_structural_group_01_realization_02_seed_57202_8x8_held_out_seed57512001_signed_difference_e0_minus_e1,ieee57_structural_group_01_realization_02_seed_57202_8x8,ieee57,ieee57_structural_group_01,2,57512001.0,signed_difference_e0_minus_e1,sensitivity_initial_mean,0.0028383146676601,0.0028383146676601,0.0,0.0,false,1e-06,false,tie,true
ieee57_structural_group_01_realization_02_seed_57202_8x8_held_out_seed57512002_aggregate_e0_to_e3,ieee57_structural_group_01_realization_02_seed_57202_8x8,ieee57,ieee57_structural_group_01,2,57512002.0,aggregate_e0_to_e3,balanced_magnitude,-0.0038833014878122,-0.0038833014878122,0.0,0.0,false,1e-06,false,tie,true
ieee57_structural_group_01_realization_02_seed_57202_8x8_held_out_seed57512002_aggregate_e0_to_e3,ieee57_structural_group_01_realization_02_seed_57202_8x8,ieee57,ieee57_structural_group_01,2,57512002.0,aggregate_e0_to_e3,sensitivity_initial_mean,-0.0038833014878122,-0.0038833014878122,0.0,0.0,false,1e-06,false,tie,true
ieee57_structural_group_01_realization_02_seed_57202_8x8_held_out_seed57512002_coordinate_e0,ieee57_structural_group_01_realization_02_seed_57202_8x8,ieee57,ieee57_structural_group_01,2,57512002.0,coordinate_e0,balanced_magnitude,-0.0030937347595543,-0.0030937347595543,0.0,0.0,false,1e-06,false,tie,true
ieee57_structural_group_01_realization_02_seed_57202_8x8_held_out_seed57512002_coordinate_e0,ieee57_structural_group_01_realization_02_seed_57202_8x8,ieee57,ieee57_structural_group_01,2,57512002.0,coordinate_e0,sensitivity_initial_mean,-0.0030937347595543,-0.0030937347595543,0.0,0.0,false,1e-06,false,tie,true
ieee57_structural_group_01_realization_02_seed_57202_8x8_held_out_seed57512002_signed_difference_e0_minus_e1,ieee57_structural_group_01_realization_02_seed_57202_8x8,ieee57,ieee57_structural_group_01,2,57512002.0,signed_difference_e0_minus_e1,balanced_magnitude,-0.0022372309472007,-0.0022372309472007,0.0,0.0,false,1e-06,false,tie,true
ieee57_structural_group_01_realization_02_seed_57202_8x8_held_out_seed57512002_signed_difference_e0_minus_e1,ieee57_structural_group_01_realization_02_seed_57202_8x8,ieee57,ieee57_structural_group_01,2,57512002.0,signed_difference_e0_minus_e1,sensitivity_initial_mean,-0.0022372309472007,-0.0022372309472007,0.0,0.0,false,1e-06,false,tie,true
ieee57_structural_group_01_realization_02_seed_57202_8x8_held_out_seed57512003_aggregate_e0_to_e3,ieee57_structural_group_01_realization_02_seed_57202_8x8,ieee57,ieee57_structural_group_01,2,57512003.0,aggregate_e0_to_e3,balanced_magnitude,0.003550119782249,0.003550119782249,0.0,0.0,false,1e-06,false,tie,true
ieee57_structural_group_01_realization_02_seed_57202_8x8_held_out_seed57512003_aggregate_e0_to_e3,ieee57_structural_group_01_realization_02_seed_57202_8x8,ieee57,ieee57_structural_group_01,2,57512003.0,aggregate_e0_to_e3,sensitivity_initial_mean,0.003550119782249,0.003550119782249,0.0,0.0,false,1e-06,false,tie,true
ieee57_structural_group_01_realization_02_seed_57202_8x8_held_out_seed57512003_coordinate_e0,ieee57_structural_group_01_realization_02_seed_57202_8x8,ieee57,ieee57_structural_group_01,2,57512003.0,coordinate_e0,balanced_magnitude,0.001962501767203,0.001962501767203,0.0,0.0,false,1e-06,false,tie,true
ieee57_structural_group_01_realization_02_seed_57202_8x8_held_out_seed57512003_coordinate_e0,ieee57_structural_group_01_realization_02_seed_57202_8x8,ieee57,ieee57_structural_group_01,2,57512003.0,coordinate_e0,sensitivity_initial_mean,0.001962501767203,0.001962501767203,0.0,0.0,false,1e-06,false,tie,true
ieee57_structural_group_01_realization_02_seed_57202_8x8_held_out_seed57512003_signed_difference_e0_minus_e1,ieee57_structural_group_01_realization_02_seed_57202_8x8,ieee57,ieee57_structural_group_01,2,57512003.0,signed_difference_e0_minus_e1,balanced_magnitude,0.0013649095930834,0.0013649095930834,0.0,0.0,false,1e-06,false,tie,true
ieee57_structural_group_01_realization_02_seed_57202_8x8_held_out_seed57512003_signed_difference_e0_minus_e1,ieee57_structural_group_01_realization_02_seed_57202_8x8,ieee57,ieee57_structural_group_01,2,57512003.0,signed_difference_e0_minus_e1,sensitivity_initial_mean,0.0013649095930834,0.0013649095930834,0.0,0.0,false,1e-06,false,tie,true
ieee57_structural_group_01_realization_02_seed_57202_8x8_held_out_seed57512004_aggregate_e0_to_e3,ieee57_structural_group_01_realization_02_seed_57202_8x8,ieee57,ieee57_structural_group_01,2,57512004.0,aggregate_e0_to_e3,balanced_magnitude,-0.0011453364009765,-0.0011453364009765,0.0,0.0,false,1e-06,false,tie,true
ieee57_structural_group_01_realization_02_seed_57202_8x8_held_out_seed57512004_aggregate_e0_to_e3,ieee57_structural_group_01_realization_02_seed_57202_8x8,ieee57,ieee57_structural_group_01,2,57512004.0,aggregate_e0_to_e3,sensitivity_initial_mean,-0.0011453364009765,-0.0011453364009765,0.0,0.0,false,1e-06,false,tie,true
ieee57_structural_group_01_realization_02_seed_57202_8x8_held_out_seed57512004_coordinate_e0,ieee57_structural_group_01_realization_02_seed_57202_8x8,ieee57,ieee57_structural_group_01,2,57512004.0,coordinate_e0,balanced_magnitude,-0.003089992778331,-0.003089992778331,0.0,0.0,false,1e-06,false,tie,true
ieee57_structural_group_01_realization_02_seed_57202_8x8_held_out_seed57512004_coordinate_e0,ieee57_structural_group_01_realization_02_seed_57202_8x8,ieee57,ieee57_structural_group_01,2,57512004.0,coordinate_e0,sensitivity_initial_mean,-0.003089992778331,-0.003089992778331,0.0,0.0,false,1e-06,false,tie,true
ieee57_structural_group_01_realization_02_seed_57202_8x8_held_out_seed57512004_signed_difference_e0_minus_e1,ieee57_structural_group_01_realization_02_seed_57202_8x8,ieee57,ieee57_structural_group_01,2,57512004.0,signed_difference_e0_minus_e1,balanced_magnitude,-0.0021201350499875,-0.0021201350499875,0.0,0.0,false,1e-06,false,tie,true
ieee57_structural_group_01_realization_02_seed_57202_8x8_held_out_seed57512004_signed_difference_e0_minus_e1,ieee57_structural_group_01_realization_02_seed_57202_8x8,ieee57,ieee57_structural_group_01,2,57512004.0,signed_difference_e0_minus_e1,sensitivity_initial_mean,-0.0021201350499875,-0.0021201350499875,0.0,0.0,false,1e-06,false,tie,true
ieee57_structural_group_01_realization_02_seed_57202_8x8_held_out_seed57512005_aggregate_e0_to_e3,ieee57_structural_group_01_realization_02_seed_57202_8x8,ieee57,ieee57_structural_group_01,2,57512005.0,aggregate_e0_to_e3,balanced_magnitude,0.0011653808105921,0.0011653808105921,0.0,0.0,false,1e-06,false,tie,true
ieee57_structural_group_01_realization_02_seed_57202_8x8_held_out_seed57512005_aggregate_e0_to_e3,ieee57_structural_group_01_realization_02_seed_57202_8x8,ieee57,ieee57_structural_group_01,2,57512005.0,aggregate_e0_to_e3,sensitivity_initial_mean,0.0011653808105921,0.0011653808105921,0.0,0.0,false,1e-06,false,tie,true
ieee57_structural_group_01_realization_02_seed_57202_8x8_held_out_seed57512005_coordinate_e0,ieee57_structural_group_01_realization_02_seed_57202_8x8,ieee57,ieee57_structural_group_01,2,57512005.0,coordinate_e0,balanced_magnitude,-0.0024836829964966,-0.0024836829964966,0.0,0.0,false,1e-06,false,tie,true
ieee57_structural_group_01_realization_02_seed_57202_8x8_held_out_seed57512005_coordinate_e0,ieee57_structural_group_01_realization_02_seed_57202_8x8,ieee57,ieee57_structural_group_01,2,57512005.0,coordinate_e0,sensitivity_initial_mean,-0.0024836829964966,-0.0024836829964966,0.0,0.0,false,1e-06,false,tie,true
ieee57_structural_group_01_realization_02_seed_57202_8x8_held_out_seed57512005_signed_difference_e0_minus_e1,ieee57_structural_group_01_realization_02_seed_57202_8x8,ieee57,ieee57_structural_group_01,2,57512005.0,signed_difference_e0_minus_e1,balanced_magnitude,-0.001731327313189,-0.001731327313189,0.0,0.0,false,1e-06,false,tie,true
ieee57_structural_group_01_realization_02_seed_57202_8x8_held_out_seed57512005_signed_difference_e0_minus_e1,ieee57_structural_group_01_realization_02_seed_57202_8x8,ieee57,ieee57_structural_group_01,2,57512005.0,signed_difference_e0_minus_e1,sensitivity_initial_mean,-0.001731327313189,-0.001731327313189,0.0,0.0,false,1e-06,false,tie,true
ieee57_structural_group_01_realization_02_seed_57202_8x8_held_out_seed57512006_aggregate_e0_to_e3,ieee57_structural_group_01_realization_02_seed_57202_8x8,ieee57,ieee57_structural_group_01,2,57512006.0,aggregate_e0_to_e3,balanced_magnitude,0.0010926916422543,0.0010926916422543,0.0,0.0,false,1e-06,false,tie,true
ieee57_structural_group_01_realization_02_seed_57202_8x8_held_out_seed57512006_aggregate_e0_to_e3,ieee57_structural_group_01_realization_02_seed_57202_8x8,ieee57,ieee57_structural_group_01,2,57512006.0,aggregate_e0_to_e3,sensitivity_initial_mean,0.0010926916422543,0.0010926916422543,0.0,0.0,false,1e-06,false,tie,true
ieee57_structural_group_01_realization_02_seed_57202_8x8_held_out_seed57512006_coordinate_e0,ieee57_structural_group_01_realization_02_seed_57202_8x8,ieee57,ieee57_structural_group_01,2,57512006.0,coordinate_e0,balanced_magnitude,0.0002473819424113,0.0002473819424113,0.0,0.0,false,1e-06,false,tie,true
ieee57_structural_group_01_realization_02_seed_57202_8x8_held_out_seed57512006_coordinate_e0,ieee57_structural_group_01_realization_02_seed_57202_8x8,ieee57,ieee57_structural_group_01,2,57512006.0,coordinate_e0,sensitivity_initial_mean,0.0002473819424113,0.0002473819424113,0.0,0.0,false,1e-06,false,tie,true
ieee57_structural_group_01_realization_02_seed_57202_8x8_held_out_seed57512006_signed_difference_e0_minus_e1,ieee57_structural_group_01_realization_02_seed_57202_8x8,ieee57,ieee57_structural_group_01,2,57512006.0,signed_difference_e0_minus_e1,balanced_magnitude,0.0002496209756705,0.0002496209756705,0.0,0.0,false,1e-06,false,tie,true
ieee57_structural_group_01_realization_02_seed_57202_8x8_held_out_seed57512006_signed_difference_e0_minus_e1,ieee57_structural_group_01_realization_02_seed_57202_8x8,ieee57,ieee57_structural_group_01,2,57512006.0,signed_difference_e0_minus_e1,sensitivity_initial_mean,0.0002496209756705,0.0002496209756705,0.0,0.0,false,1e-06,false,tie,true
ieee57_structural_group_01_realization_02_seed_57202_8x8_held_out_seed57512007_aggregate_e0_to_e3,ieee57_structural_group_01_realization_02_seed_57202_8x8,ieee57,ieee57_structural_group_01,2,57512007.0,aggregate_e0_to_e3,balanced_magnitude,0.0010615044524673,0.0010615044524673,0.0,0.0,false,1e-06,false,tie,true
ieee57_structural_group_01_realization_02_seed_57202_8x8_held_out_seed57512007_aggregate_e0_to_e3,ieee57_structural_group_01_realization_02_seed_57202_8x8,ieee57,ieee57_structural_group_01,2,57512007.0,aggregate_e0_to_e3,sensitivity_initial_mean,0.0010615044524673,0.0010615044524673,0.0,0.0,false,1e-06,false,tie,true
ieee57_structural_group_01_realization_02_seed_57202_8x8_held_out_seed57512007_coordinate_e0,ieee57_structural_group_01_realization_02_seed_57202_8x8,ieee57,ieee57_structural_group_01,2,57512007.0,coordinate_e0,balanced_magnitude,-0.001209229632029,-0.001209229632029,0.0,0.0,false,1e-06,false,tie,true
ieee57_structural_group_01_realization_02_seed_57202_8x8_held_out_seed57512007_coordinate_e0,ieee57_structural_group_01_realization_02_seed_57202_8x8,ieee57,ieee57_structural_group_01,2,57512007.0,coordinate_e0,sensitivity_initial_mean,-0.001209229632029,-0.001209229632029,0.0,0.0,false,1e-06,false,tie,true
ieee57_structural_group_01_realization_02_seed_57202_8x8_held_out_seed57512007_signed_difference_e0_minus_e1,ieee57_structural_group_01_realization_02_seed_57202_8x8,ieee57,ieee57_structural_group_01,2,57512007.0,signed_difference_e0_minus_e1,balanced_magnitude,-0.000842133676795,-0.000842133676795,0.0,0.0,false,1e-06,false,tie,true
ieee57_structural_group_01_realization_02_seed_57202_8x8_held_out_seed57512007_signed_difference_e0_minus_e1,ieee57_structural_group_01_realization_02_seed_57202_8x8,ieee57,ieee57_structural_group_01,2,57512007.0,signed_difference_e0_minus_e1,sensitivity_initial_mean,-0.000842133676795,-0.000842133676795,0.0,0.0,false,1e-06,false,tie,true
ieee57_structural_group_01_realization_02_seed_57202_8x8_held_out_seed57512008_aggregate_e0_to_e3,ieee57_structural_group_01_realization_02_seed_57202_8x8,ieee57,ieee57_structural_group_01,2,57512008.0,aggregate_e0_to_e3,balanced_magnitude,-9.326141752899604e-05,-9.326141752899604e-05,0.0,0.0,false,1e-06,false,tie,true
ieee57_structural_group_01_realization_02_seed_57202_8x8_held_out_seed57512008_aggregate_e0_to_e3,ieee57_structural_group_01_realization_02_seed_57202_8x8,ieee57,ieee57_structural_group_01,2,57512008.0,aggregate_e0_to_e3,sensitivity_initial_mean,-9.326141752899604e-05,-9.326141752899604e-05,0.0,0.0,false,1e-06,false,tie,true
ieee57_structural_group_01_realization_02_seed_57202_8x8_held_out_seed57512008_coordinate_e0,ieee57_structural_group_01_realization_02_seed_57202_8x8,ieee57,ieee57_structural_group_01,2,57512008.0,coordinate_e0,balanced_magnitude,0.0049030783378157,0.0049030783378157,0.0,0.0,false,1e-06,false,tie,true
ieee57_structural_group_01_realization_02_seed_57202_8x8_held_out_seed57512008_coordinate_e0,ieee57_structural_group_01_realization_02_seed_57202_8x8,ieee57,ieee57_structural_group_01,2,57512008.0,coordinate_e0,sensitivity_initial_mean,0.0049030783378157,0.0049030783378157,0.0,0.0,false,1e-06,false,tie,true
ieee57_structural_group_01_realization_02_seed_57202_8x8_held_out_seed57512008_signed_difference_e0_minus_e1,ieee57_structural_group_01_realization_02_seed_57202_8x8,ieee57,ieee57_structural_group_01,2,57512008.0,signed_difference_e0_minus_e1,balanced_magnitude,0.003384850636754,0.003384850636754,0.0,0.0,false,1e-06,false,tie,true
ieee57_structural_group_01_realization_02_seed_57202_8x8_held_out_seed57512008_signed_difference_e0_minus_e1,ieee57_structural_group_01_realization_02_seed_57202_8x8,ieee57,ieee57_structural_group_01,2,57512008.0,signed_difference_e0_minus_e1,sensitivity_initial_mean,0.003384850636754,0.003384850636754,0.0,0.0,false,1e-06,false,tie,true
ieee57_structural_group_01_realization_02_seed_57202_8x8_held_out_seed57512009_aggregate_e0_to_e3,ieee57_structural_group_01_realization_02_seed_57202_8x8,ieee57,ieee57_structural_group_01,2,57512009.0,aggregate_e0_to_e3,balanced_magnitude,-0.0011716011896883,-0.0011716011896883,0.0,0.0,false,1e-06,false,tie,true
ieee57_structural_group_01_realization_02_seed_57202_8x8_held_out_seed57512009_aggregate_e0_to_e3,ieee57_structural_group_01_realization_02_seed_57202_8x8,ieee57,ieee57_structural_group_01,2,57512009.0,aggregate_e0_to_e3,sensitivity_initial_mean,-0.0011716011896883,-0.0011716011896883,0.0,0.0,false,1e-06,false,tie,true
ieee57_structural_group_01_realization_02_seed_57202_8x8_held_out_seed57512009_coordinate_e0,ieee57_structural_group_01_realization_02_seed_57202_8x8,ieee57,ieee57_structural_group_01,2,57512009.0,coordinate_e0,balanced_magnitude,-0.0046299437277855,-0.0046299437277855,0.0,0.0,false,1e-06,false,tie,true
ieee57_structural_group_01_realization_02_seed_57202_8x8_held_out_seed57512009_coordinate_e0,ieee57_structural_group_01_realization_02_seed_57202_8x8,ieee57,ieee57_structural_group_01,2,57512009.0,coordinate_e0,sensitivity_initial_mean,-0.0046299437277855,-0.0046299437277855,0.0,0.0,false,1e-06,false,tie,true
ieee57_structural_group_01_realization_02_seed_57202_8x8_held_out_seed57512009_signed_difference_e0_minus_e1,ieee57_structural_group_01_realization_02_seed_57202_8x8,ieee57,ieee57_structural_group_01,2,57512009.0,signed_difference_e0_minus_e1,balanced_magnitude,-0.0032524593081285,-0.0032524593081285,0.0,0.0,false,1e-06,false,tie,true
ieee57_structural_group_01_realization_02_seed_57202_8x8_held_out_seed57512009_signed_difference_e0_minus_e1,ieee57_structural_group_01_realization_02_seed_57202_8x8,ieee57,ieee57_structural_group_01,2,57512009.0,signed_difference_e0_minus_e1,sensitivity_initial_mean,-0.0032524593081285,-0.0032524593081285,0.0,0.0,false,1e-06,false,tie,true
ieee57_structural_group_01_realization_02_seed_57202_8x8_held_out_seed57512010_aggregate_e0_to_e3,ieee57_structural_group_01_realization_02_seed_57202_8x8,ieee57,ieee57_structural_group_01,2,57512010.0,aggregate_e0_to_e3,balanced_magnitude,0.0012146396098218,0.0012146396098218,0.0,0.0,false,1e-06,false,tie,true
ieee57_structural_group_01_realization_02_seed_57202_8x8_held_out_seed57512010_aggregate_e0_to_e3,ieee57_structural_group_01_realization_02_seed_57202_8x8,ieee57,ieee57_structural_group_01,2,57512010.0,aggregate_e0_to_e3,sensitivity_initial_mean,0.0012146396098218,0.0012146396098218,0.0,0.0,false,1e-06,false,tie,true
ieee57_structural_group_01_realization_02_seed_57202_8x8_held_out_seed57512010_coordinate_e0,ieee57_structural_group_01_realization_02_seed_57202_8x8,ieee57,ieee57_structural_group_01,2,57512010.0,coordinate_e0,balanced_magnitude,0.0009181217216441,0.0009181217216441,0.0,0.0,false,1e-06,false,tie,true
ieee57_structural_group_01_realization_02_seed_57202_8x8_held_out_seed57512010_coordinate_e0,ieee57_structural_group_01_realization_02_seed_57202_8x8,ieee57,ieee57_structural_group_01,2,57512010.0,coordinate_e0,sensitivity_initial_mean,0.0009181217216441,0.0009181217216441,0.0,0.0,false,1e-06,false,tie,true
ieee57_structural_group_01_realization_02_seed_57202_8x8_held_out_seed57512010_signed_difference_e0_minus_e1,ieee57_structural_group_01_realization_02_seed_57202_8x8,ieee57,ieee57_structural_group_01,2,57512010.0,signed_difference_e0_minus_e1,balanced_magnitude,0.0005894850181429,0.0005894850181429,0.0,0.0,false,1e-06,false,tie,true
ieee57_structural_group_01_realization_02_seed_57202_8x8_held_out_seed57512010_signed_difference_e0_minus_e1,ieee57_structural_group_01_realization_02_seed_57202_8x8,ieee57,ieee57_structural_group_01,2,57512010.0,signed_difference_e0_minus_e1,sensitivity_initial_mean,0.0005894850181429,0.0005894850181429,0.0,0.0,false,1e-06,false,tie,true
ieee57_structural_group_01_realization_02_seed_57202_8x8_held_out_seed57512011_aggregate_e0_to_e3,ieee57_structural_group_01_realization_02_seed_57202_8x8,ieee57,ieee57_structural_group_01,2,57512011.0,aggregate_e0_to_e3,balanced_magnitude,-0.0014712560797295,-0.0014712560797295,0.0,0.0,false,1e-06,false,tie,true
ieee57_structural_group_01_realization_02_seed_57202_8x8_held_out_seed57512011_aggregate_e0_to_e3,ieee57_structural_group_01_realization_02_seed_57202_8x8,ieee57,ieee57_structural_group_01,2,57512011.0,aggregate_e0_to_e3,sensitivity_initial_mean,-0.0014712560797295,-0.0014712560797295,0.0,0.0,false,1e-06,false,tie,true
ieee57_structural_group_01_realization_02_seed_57202_8x8_held_out_seed57512011_coordinate_e0,ieee57_structural_group_01_realization_02_seed_57202_8x8,ieee57,ieee57_structural_group_01,2,57512011.0,coordinate_e0,balanced_magnitude,-0.0019078950578754,-0.0019078950578754,0.0,0.0,false,1e-06,false,tie,true
ieee57_structural_group_01_realization_02_seed_57202_8x8_held_out_seed57512011_coordinate_e0,ieee57_structural_group_01_realization_02_seed_57202_8x8,ieee57,ieee57_structural_group_01,2,57512011.0,coordinate_e0,sensitivity_initial_mean,-0.0019078950578754,-0.0019078950578754,0.0,0.0,false,1e-06,false,tie,true
ieee57_structural_group_01_realization_02_seed_57202_8x8_held_out_seed57512011_signed_difference_e0_minus_e1,ieee57_structural_group_01_realization_02_seed_57202_8x8,ieee57,ieee57_structural_group_01,2,57512011.0,signed_difference_e0_minus_e1,balanced_magnitude,-0.0012843987189028,-0.0012843987189028,0.0,0.0,false,1e-06,false,tie,true
ieee57_structural_group_01_realization_02_seed_57202_8x8_held_out_seed57512011_signed_difference_e0_minus_e1,ieee57_structural_group_01_realization_02_seed_57202_8x8,ieee57,ieee57_structural_group_01,2,57512011.0,signed_difference_e0_minus_e1,sensitivity_initial_mean,-0.0012843987189028,-0.0012843987189028,0.0,0.0,false,1e-06,false,tie,true
ieee57_structural_group_01_realization_02_seed_57202_8x8_held_out_seed57512012_aggregate_e0_to_e3,ieee57_structural_group_01_realization_02_seed_57202_8x8,ieee57,ieee57_structural_group_01,2,57512012.0,aggregate_e0_to_e3,balanced_magnitude,-0.0022199482052837,-0.0022199482052837,0.0,0.0,false,1e-06,false,tie,true
ieee57_structural_group_01_realization_02_seed_57202_8x8_held_out_seed57512012_aggregate_e0_to_e3,ieee57_structural_group_01_realization_02_seed_57202_8x8,ieee57,ieee57_structural_group_01,2,57512012.0,aggregate_e0_to_e3,sensitivity_initial_mean,-0.0022199482052837,-0.0022199482052837,0.0,0.0,false,1e-06,false,tie,true
ieee57_structural_group_01_realization_02_seed_57202_8x8_held_out_seed57512012_coordinate_e0,ieee57_structural_group_01_realization_02_seed_57202_8x8,ieee57,ieee57_structural_group_01,2,57512012.0,coordinate_e0,balanced_magnitude,-0.0027398709492489,-0.0027398709492489,0.0,0.0,false,1e-06,false,tie,true
ieee57_structural_group_01_realization_02_seed_57202_8x8_held_out_seed57512012_coordinate_e0,ieee57_structural_group_01_realization_02_seed_57202_8x8,ieee57,ieee57_structural_group_01,2,57512012.0,coordinate_e0,sensitivity_initial_mean,-0.0027398709492489,-0.0027398709492489,0.0,0.0,false,1e-06,false,tie,true
ieee57_structural_group_01_realization_02_seed_57202_8x8_held_out_seed57512012_signed_difference_e0_minus_e1,ieee57_structural_group_01_realization_02_seed_57202_8x8,ieee57,ieee57_structural_group_01,2,57512012.0,signed_difference_e0_minus_e1,balanced_magnitude,-0.0020316915667027,-0.0020316915667027,0.0,0.0,false,1e-06,false,tie,true
ieee57_structural_group_01_realization_02_seed_57202_8x8_held_out_seed57512012_signed_difference_e0_minus_e1,ieee57_structural_group_01_realization_02_seed_57202_8x8,ieee57,ieee57_structural_group_01,2,57512012.0,signed_difference_e0_minus_e1,sensitivity_initial_mean,-0.0020316915667027,-0.0020316915667027,0.0,0.0,false,1e-06,false,tie,true
ieee57_structural_group_01_realization_02_seed_57202_8x8_held_out_seed57512013_aggregate_e0_to_e3,ieee57_structural_group_01_realization_02_seed_57202_8x8,ieee57,ieee57_structural_group_01,2,57512013.0,aggregate_e0_to_e3,balanced_magnitude,0.0054621386257554,0.0054621386257554,0.0,0.0,false,1e-06,false,tie,true
ieee57_structural_group_01_realization_02_seed_57202_8x8_held_out_seed57512013_aggregate_e0_to_e3,ieee57_structural_group_01_realization_02_seed_57202_8x8,ieee57,ieee57_structural_group_01,2,57512013.0,aggregate_e0_to_e3,sensitivity_initial_mean,0.0054621386257554,0.0054621386257554,0.0,0.0,false,1e-06,false,tie,true
ieee57_structural_group_01_realization_02_seed_57202_8x8_held_out_seed57512013_coordinate_e0,ieee57_structural_group_01_realization_02_seed_57202_8x8,ieee57,ieee57_structural_group_01,2,57512013.0,coordinate_e0,balanced_magnitude,0.0023511548966035,0.0023511548966035,0.0,0.0,false,1e-06,false,tie,true
ieee57_structural_group_01_realization_02_seed_57202_8x8_held_out_seed57512013_coordinate_e0,ieee57_structural_group_01_realization_02_seed_57202_8x8,ieee57,ieee57_structural_group_01,2,57512013.0,coordinate_e0,sensitivity_initial_mean,0.0023511548966035,0.0023511548966035,0.0,0.0,false,1e-06,false,tie,true
ieee57_structural_group_01_realization_02_seed_57202_8x8_held_out_seed57512013_signed_difference_e0_minus_e1,ieee57_structural_group_01_realization_02_seed_57202_8x8,ieee57,ieee57_structural_group_01,2,57512013.0,signed_difference_e0_minus_e1,balanced_magnitude,0.0016965157357532,0.0016965157357532,0.0,0.0,false,1e-06,false,tie,true
ieee57_structural_group_01_realization_02_seed_57202_8x8_held_out_seed57512013_signed_difference_e0_minus_e1,ieee57_structural_group_01_realization_02_seed_57202_8x8,ieee57,ieee57_structural_group_01,2,57512013.0,signed_difference_e0_minus_e1,sensitivity_initial_mean,0.0016965157357532,0.0016965157357532,0.0,0.0,false,1e-06,false,tie,true
ieee57_structural_group_01_realization_02_seed_57202_8x8_held_out_seed57512014_aggregate_e0_to_e3,ieee57_structural_group_01_realization_02_seed_57202_8x8,ieee57,ieee57_structural_group_01,2,57512014.0,aggregate_e0_to_e3,balanced_magnitude,-0.0008464150850921,-0.0008464150850921,0.0,0.0,false,1e-06,false,tie,true
ieee57_structural_group_01_realization_02_seed_57202_8x8_held_out_seed57512014_aggregate_e0_to_e3,ieee57_structural_group_01_realization_02_seed_57202_8x8,ieee57,ieee57_structural_group_01,2,57512014.0,aggregate_e0_to_e3,sensitivity_initial_mean,-0.0008464150850921,-0.0008464150850921,0.0,0.0,false,1e-06,false,tie,true
ieee57_structural_group_01_realization_02_seed_57202_8x8_held_out_seed57512014_coordinate_e0,ieee57_structural_group_01_realization_02_seed_57202_8x8,ieee57,ieee57_structural_group_01,2,57512014.0,coordinate_e0,balanced_magnitude,-0.0031214336583967,-0.0031214336583967,0.0,0.0,false,1e-06,false,tie,true
ieee57_structural_group_01_realization_02_seed_57202_8x8_held_out_seed57512014_coordinate_e0,ieee57_structural_group_01_realization_02_seed_57202_8x8,ieee57,ieee57_structural_group_01,2,57512014.0,coordinate_e0,sensitivity_initial_mean,-0.0031214336583967,-0.0031214336583967,0.0,0.0,false,1e-06,false,tie,true
ieee57_structural_group_01_realization_02_seed_57202_8x8_held_out_seed57512014_signed_difference_e0_minus_e1,ieee57_structural_group_01_realization_02_seed_57202_8x8,ieee57,ieee57_structural_group_01,2,57512014.0,signed_difference_e0_minus_e1,balanced_magnitude,-0.0022276833480896,-0.0022276833480896,0.0,0.0,false,1e-06,false,tie,true
ieee57_structural_group_01_realization_02_seed_57202_8x8_held_out_seed57512014_signed_difference_e0_minus_e1,ieee57_structural_group_01_realization_02_seed_57202_8x8,ieee57,ieee57_structural_group_01,2,57512014.0,signed_difference_e0_minus_e1,sensitivity_initial_mean,-0.0022276833480896,-0.0022276833480896,0.0,0.0,false,1e-06,false,tie,true
ieee57_structural_group_01_realization_02_seed_57202_8x8_held_out_seed57512015_aggregate_e0_to_e3,ieee57_structural_group_01_realization_02_seed_57202_8x8,ieee57,ieee57_structural_group_01,2,57512015.0,aggregate_e0_to_e3,balanced_magnitude,0.0010459938625616,0.0010459938625616,0.0,0.0,false,1e-06,false,tie,true
ieee57_structural_group_01_realization_02_seed_57202_8x8_held_out_seed57512015_aggregate_e0_to_e3,ieee57_structural_group_01_realization_02_seed_57202_8x8,ieee57,ieee57_structural_group_01,2,57512015.0,aggregate_e0_to_e3,sensitivity_initial_mean,0.0010459938625616,0.0010459938625616,0.0,0.0,false,1e-06,false,tie,true
ieee57_structural_group_01_realization_02_seed_57202_8x8_held_out_seed57512015_coordinate_e0,ieee57_structural_group_01_realization_02_seed_57202_8x8,ieee57,ieee57_structural_group_01,2,57512015.0,coordinate_e0,balanced_magnitude,0.0061852473116192,0.0061852473116192,0.0,0.0,false,1e-06,false,tie,true
ieee57_structural_group_01_realization_02_seed_57202_8x8_held_out_seed57512015_coordinate_e0,ieee57_structural_group_01_realization_02_seed_57202_8x8,ieee57,ieee57_structural_group_01,2,57512015.0,coordinate_e0,sensitivity_initial_mean,0.0061852473116192,0.0061852473116192,0.0,0.0,false,1e-06,false,tie,true
ieee57_structural_group_01_realization_02_seed_57202_8x8_held_out_seed57512015_signed_difference_e0_minus_e1,ieee57_structural_group_01_realization_02_seed_57202_8x8,ieee57,ieee57_structural_group_01,2,57512015.0,signed_difference_e0_minus_e1,balanced_magnitude,0.0042812819253767,0.0042812819253767,0.0,0.0,false,1e-06,false,tie,true
ieee57_structural_group_01_realization_02_seed_57202_8x8_held_out_seed57512015_signed_difference_e0_minus_e1,ieee57_structural_group_01_realization_02_seed_57202_8x8,ieee57,ieee57_structural_group_01,2,57512015.0,signed_difference_e0_minus_e1,sensitivity_initial_mean,0.0042812819253767,0.0042812819253767,0.0,0.0,false,1e-06,false,tie,true
ieee57_structural_group_01_realization_02_seed_57202_8x8_held_out_seed57512016_aggregate_e0_to_e3,ieee57_structural_group_01_realization_02_seed_57202_8x8,ieee57,ieee57_structural_group_01,2,57512016.0,aggregate_e0_to_e3,balanced_magnitude,-0.0005007914965073,-0.0005007914965073,0.0,0.0,false,1e-06,false,tie,true
ieee57_structural_group_01_realization_02_seed_57202_8x8_held_out_seed57512016_aggregate_e0_to_e3,ieee57_structural_group_01_realization_02_seed_57202_8x8,ieee57,ieee57_structural_group_01,2,57512016.0,aggregate_e0_to_e3,sensitivity_initial_mean,-0.0005007914965073,-0.0005007914965073,0.0,0.0,false,1e-06,false,tie,true
ieee57_structural_group_01_realization_02_seed_57202_8x8_held_out_seed57512016_coordinate_e0,ieee57_structural_group_01_realization_02_seed_57202_8x8,ieee57,ieee57_structural_group_01,2,57512016.0,coordinate_e0,balanced_magnitude,-0.0013460051498932,-0.0013460051498932,0.0,0.0,false,1e-06,false,tie,true
ieee57_structural_group_01_realization_02_seed_57202_8x8_held_out_seed57512016_coordinate_e0,ieee57_structural_group_01_realization_02_seed_57202_8x8,ieee57,ieee57_structural_group_01,2,57512016.0,coordinate_e0,sensitivity_initial_mean,-0.0013460051498932,-0.0013460051498932,0.0,0.0,false,1e-06,false,tie,true
ieee57_structural_group_01_realization_02_seed_57202_8x8_held_out_seed57512016_signed_difference_e0_minus_e1,ieee57_structural_group_01_realization_02_seed_57202_8x8,ieee57,ieee57_structural_group_01,2,57512016.0,signed_difference_e0_minus_e1,balanced_magnitude,-0.0009434516723117,-0.0009434516723117,0.0,0.0,false,1e-06,false,tie,true
ieee57_structural_group_01_realization_02_seed_57202_8x8_held_out_seed57512016_signed_difference_e0_minus_e1,ieee57_structural_group_01_realization_02_seed_57202_8x8,ieee57,ieee57_structural_group_01,2,57512016.0,signed_difference_e0_minus_e1,sensitivity_initial_mean,-0.0009434516723117,-0.0009434516723117,0.0,0.0,false,1e-06,false,tie,true
ieee57_structural_group_01_realization_02_seed_57202_8x8_held_out_seed57512017_aggregate_e0_to_e3,ieee57_structural_group_01_realization_02_seed_57202_8x8,ieee57,ieee57_structural_group_01,2,57512017.0,aggregate_e0_to_e3,balanced_magnitude,-0.0007606571536969,-0.0007606571536969,0.0,0.0,false,1e-06,false,tie,true
ieee57_structural_group_01_realization_02_seed_57202_8x8_held_out_seed57512017_aggregate_e0_to_e3,ieee57_structural_group_01_realization_02_seed_57202_8x8,ieee57,ieee57_structural_group_01,2,57512017.0,aggregate_e0_to_e3,sensitivity_initial_mean,-0.0007606571536969,-0.0007606571536969,0.0,0.0,false,1e-06,false,tie,true
ieee57_structural_group_01_realization_02_seed_57202_8x8_held_out_seed57512017_coordinate_e0,ieee57_structural_group_01_realization_02_seed_57202_8x8,ieee57,ieee57_structural_group_01,2,57512017.0,coordinate_e0,balanced_magnitude,-0.0021944058189116,-0.0021944058189116,0.0,0.0,false,1e-06,false,tie,true
ieee57_structural_group_01_realization_02_seed_57202_8x8_held_out_seed57512017_coordinate_e0,ieee57_structural_group_01_realization_02_seed_57202_8x8,ieee57,ieee57_structural_group_01,2,57512017.0,coordinate_e0,sensitivity_initial_mean,-0.0021944058189116,-0.0021944058189116,0.0,0.0,false,1e-06,false,tie,true
ieee57_structural_group_01_realization_02_seed_57202_8x8_held_out_seed57512017_signed_difference_e0_minus_e1,ieee57_structural_group_01_realization_02_seed_57202_8x8,ieee57,ieee57_structural_group_01,2,57512017.0,signed_difference_e0_minus_e1,balanced_magnitude,-0.0014776134509427,-0.0014776134509427,0.0,0.0,false,1e-06,false,tie,true
ieee57_structural_group_01_realization_02_seed_57202_8x8_held_out_seed57512017_signed_difference_e0_minus_e1,ieee57_structural_group_01_realization_02_seed_57202_8x8,ieee57,ieee57_structural_group_01,2,57512017.0,signed_difference_e0_minus_e1,sensitivity_initial_mean,-0.0014776134509427,-0.0014776134509427,0.0,0.0,false,1e-06,false,tie,true
ieee57_structural_group_01_realization_02_seed_57202_8x8_held_out_seed57512018_aggregate_e0_to_e3,ieee57_structural_group_01_realization_02_seed_57202_8x8,ieee57,ieee57_structural_group_01,2,57512018.0,aggregate_e0_to_e3,balanced_magnitude,-0.0015100778503481,-0.0015100778503481,0.0,0.0,false,1e-06,false,tie,true
ieee57_structural_group_01_realization_02_seed_57202_8x8_held_out_seed57512018_aggregate_e0_to_e3,ieee57_structural_group_01_realization_02_seed_57202_8x8,ieee57,ieee57_structural_group_01,2,57512018.0,aggregate_e0_to_e3,sensitivity_initial_mean,-0.0015100778503481,-0.0015100778503481,0.0,0.0,false,1e-06,false,tie,true
ieee57_structural_group_01_realization_02_seed_57202_8x8_held_out_seed57512018_coordinate_e0,ieee57_structural_group_01_realization_02_seed_57202_8x8,ieee57,ieee57_structural_group_01,2,57512018.0,coordinate_e0,balanced_magnitude,-0.001839221349853,-0.001839221349853,0.0,0.0,false,1e-06,false,tie,true
ieee57_structural_group_01_realization_02_seed_57202_8x8_held_out_seed57512018_coordinate_e0,ieee57_structural_group_01_realization_02_seed_57202_8x8,ieee57,ieee57_structural_group_01,2,57512018.0,coordinate_e0,sensitivity_initial_mean,-0.001839221349853,-0.001839221349853,0.0,0.0,false,1e-06,false,tie,true
ieee57_structural_group_01_realization_02_seed_57202_8x8_held_out_seed57512018_signed_difference_e0_minus_e1,ieee57_structural_group_01_realization_02_seed_57202_8x8,ieee57,ieee57_structural_group_01,2,57512018.0,signed_difference_e0_minus_e1,balanced_magnitude,-0.001290379283526,-0.001290379283526,0.0,0.0,false,1e-06,false,tie,true
ieee57_structural_group_01_realization_02_seed_57202_8x8_held_out_seed57512018_signed_difference_e0_minus_e1,ieee57_structural_group_01_realization_02_seed_57202_8x8,ieee57,ieee57_structural_group_01,2,57512018.0,signed_difference_e0_minus_e1,sensitivity_initial_mean,-0.001290379283526,-0.001290379283526,0.0,0.0,false,1e-06,false,tie,true
ieee57_structural_group_01_realization_02_seed_57202_8x8_held_out_seed57512019_aggregate_e0_to_e3,ieee57_structural_group_01_realization_02_seed_57202_8x8,ieee57,ieee57_structural_group_01,2,57512019.0,aggregate_e0_to_e3,balanced_magnitude,0.0004898028961785,0.0004898028961785,0.0,0.0,false,1e-06,false,tie,true
ieee57_structural_group_01_realization_02_seed_57202_8x8_held_out_seed57512019_aggregate_e0_to_e3,ieee57_structural_group_01_realization_02_seed_57202_8x8,ieee57,ieee57_structural_group_01,2,57512019.0,aggregate_e0_to_e3,sensitivity_initial_mean,0.0004898028961785,0.0004898028961785,0.0,0.0,false,1e-06,false,tie,true
ieee57_structural_group_01_realization_02_seed_57202_8x8_held_out_seed57512019_coordinate_e0,ieee57_structural_group_01_realization_02_seed_57202_8x8,ieee57,ieee57_structural_group_01,2,57512019.0,coordinate_e0,balanced_magnitude,0.0005519020271222,0.0005519020271222,0.0,0.0,false,1e-06,false,tie,true
ieee57_structural_group_01_realization_02_seed_57202_8x8_held_out_seed57512019_coordinate_e0,ieee57_structural_group_01_realization_02_seed_57202_8x8,ieee57,ieee57_structural_group_01,2,57512019.0,coordinate_e0,sensitivity_initial_mean,0.0005519020271222,0.0005519020271222,0.0,0.0,false,1e-06,false,tie,true
ieee57_structural_group_01_realization_02_seed_57202_8x8_held_out_seed57512019_signed_difference_e0_minus_e1,ieee57_structural_group_01_realization_02_seed_57202_8x8,ieee57,ieee57_structural_group_01,2,57512019.0,signed_difference_e0_minus_e1,balanced_magnitude,0.0005461503069594,0.0005461503069594,0.0,0.0,false,1e-06,false,tie,true
ieee57_structural_group_01_realization_02_seed_57202_8x8_held_out_seed57512019_signed_difference_e0_minus_e1,ieee57_structural_group_01_realization_02_seed_57202_8x8,ieee57,ieee57_structural_group_01,2,57512019.0,signed_difference_e0_minus_e1,sensitivity_initial_mean,0.0005461503069594,0.0005461503069594,0.0,0.0,false,1e-06,false,tie,true
ieee57_structural_group_02_realization_01_seed_57201_8x8_held_out_seed57522000_aggregate_e0_to_e3,ieee57_structural_group_02_realization_01_seed_57201_8x8,ieee57,ieee57_structural_group_02,1,57522000.0,aggregate_e0_to_e3,balanced_magnitude,0.0002778547379884,0.0001561948881579,0.0001216598498304,0.4378541489386251,true,1e-06,false,loss,true
ieee57_structural_group_02_realization_01_seed_57201_8x8_held_out_seed57522000_aggregate_e0_to_e3,ieee57_structural_group_02_realization_01_seed_57201_8x8,ieee57,ieee57_structural_group_02,1,57522000.0,aggregate_e0_to_e3,sensitivity_initial_mean,0.0002778547379884,0.0005997677020285,0.0003219129640401,1.158565682092415,true,1e-06,false,loss,true
ieee57_structural_group_02_realization_01_seed_57201_8x8_held_out_seed57522000_coordinate_e0,ieee57_structural_group_02_realization_01_seed_57201_8x8,ieee57,ieee57_structural_group_02,1,57522000.0,coordinate_e0,balanced_magnitude,-0.0004825976053275,-0.0004258891702606,5.670843506697267e-05,0.1175066648506846,true,1e-06,false,win,true
ieee57_structural_group_02_realization_01_seed_57201_8x8_held_out_seed57522000_coordinate_e0,ieee57_structural_group_02_realization_01_seed_57201_8x8,ieee57,ieee57_structural_group_02,1,57522000.0,coordinate_e0,sensitivity_initial_mean,-0.0004825976053275,-0.0004825976053275,0.0,0.0,false,1e-06,false,win,true
ieee57_structural_group_02_realization_01_seed_57201_8x8_held_out_seed57522000_signed_difference_e0_minus_e1,ieee57_structural_group_02_realization_01_seed_57201_8x8,ieee57,ieee57_structural_group_02,1,57522000.0,signed_difference_e0_minus_e1,balanced_magnitude,4.120756237561919e-06,1.228675614315907e-05,8.16599990559715e-06,1.981675070017885,true,1e-06,false,win,true
ieee57_structural_group_02_realization_01_seed_57201_8x8_held_out_seed57522000_signed_difference_e0_minus_e1,ieee57_structural_group_02_realization_01_seed_57201_8x8,ieee57,ieee57_structural_group_02,1,57522000.0,signed_difference_e0_minus_e1,sensitivity_initial_mean,4.120756237561919e-06,4.120756237561973e-06,5.421010862427522e-20,1.3155378648737811e-14,false,1e-06,false,win,true
ieee57_structural_group_02_realization_01_seed_57201_8x8_held_out_seed57522001_aggregate_e0_to_e3,ieee57_structural_group_02_realization_01_seed_57201_8x8,ieee57,ieee57_structural_group_02,1,57522001.0,aggregate_e0_to_e3,balanced_magnitude,0.0027064240464608,0.0026544812867843,5.1942759676592166e-05,0.0191923951254113,false,1e-06,false,loss,true
ieee57_structural_group_02_realization_01_seed_57201_8x8_held_out_seed57522001_aggregate_e0_to_e3,ieee57_structural_group_02_realization_01_seed_57201_8x8,ieee57,ieee57_structural_group_02,1,57522001.0,aggregate_e0_to_e3,sensitivity_initial_mean,0.0027064240464608,0.0024041868111217,0.0003022372353391,0.1116740134401249,true,1e-06,false,loss,true
ieee57_structural_group_02_realization_01_seed_57201_8x8_held_out_seed57522001_coordinate_e0,ieee57_structural_group_02_realization_01_seed_57201_8x8,ieee57,ieee57_structural_group_02,1,57522001.0,coordinate_e0,balanced_magnitude,-0.0005780274444014,-0.0007481856823823,0.0001701582379809,0.2943774376615035,true,1e-06,false,win,true
ieee57_structural_group_02_realization_01_seed_57201_8x8_held_out_seed57522001_coordinate_e0,ieee57_structural_group_02_realization_01_seed_57201_8x8,ieee57,ieee57_structural_group_02,1,57522001.0,coordinate_e0,sensitivity_initial_mean,-0.0005780274444014,-0.0005780274444014,0.0,0.0,false,1e-06,false,win,true
ieee57_structural_group_02_realization_01_seed_57201_8x8_held_out_seed57522001_signed_difference_e0_minus_e1,ieee57_structural_group_02_realization_01_seed_57201_8x8,ieee57,ieee57_structural_group_02,1,57522001.0,signed_difference_e0_minus_e1,balanced_magnitude,4.6819819506333264e-05,2.1584899713721225e-05,2.523491979261204e-05,0.5389794334683101,true,1e-06,false,win,true
ieee57_structural_group_02_realization_01_seed_57201_8x8_held_out_seed57522001_signed_difference_e0_minus_e1,ieee57_structural_group_02_realization_01_seed_57201_8x8,ieee57,ieee57_structural_group_02,1,57522001.0,signed_difference_e0_minus_e1,sensitivity_initial_mean,4.6819819506333264e-05,4.681981950633337e-05,1.0842021724855044e-19,2.315690628279431e-15,false,1e-06,false,win,true
ieee57_structural_group_02_realization_01_seed_57201_8x8_held_out_seed57522002_aggregate_e0_to_e3,ieee57_structural_group_02_realization_01_seed_57201_8x8,ieee57,ieee57_structural_group_02,1,57522002.0,aggregate_e0_to_e3,balanced_magnitude,0.0007331144218598,0.0011673096720934,0.0004341952502336,0.5922612313806817,true,1e-06,false,win,true
ieee57_structural_group_02_realization_01_seed_57201_8x8_held_out_seed57522002_aggregate_e0_to_e3,ieee57_structural_group_02_realization_01_seed_57201_8x8,ieee57,ieee57_structural_group_02,1,57522002.0,aggregate_e0_to_e3,sensitivity_initial_mean,0.0007331144218598,0.000532477292724,0.0002006371291358,0.273677782285097,true,1e-06,false,win,true
ieee57_structural_group_02_realization_01_seed_57201_8x8_held_out_seed57522002_coordinate_e0,ieee57_structural_group_02_realization_01_seed_57201_8x8,ieee57,ieee57_structural_group_02,1,57522002.0,coordinate_e0,balanced_magnitude,-0.0005467237770925,-0.0003815173678153,0.0001652064092771,0.3021752778994353,true,1e-06,false,win,true
ieee57_structural_group_02_realization_01_seed_57201_8x8_held_out_seed57522002_coordinate_e0,ieee57_structural_group_02_realization_01_seed_57201_8x8,ieee57,ieee57_structural_group_02,1,57522002.0,coordinate_e0,sensitivity_initial_mean,-0.0005467237770925,-0.0005467237770925,0.0,0.0,false,1e-06,false,win,true
ieee57_structural_group_02_realization_01_seed_57201_8x8_held_out_seed57522002_signed_difference_e0_minus_e1,ieee57_structural_group_02_realization_01_seed_57201_8x8,ieee57,ieee57_structural_group_02,1,57522002.0,signed_difference_e0_minus_e1,balanced_magnitude,-1.309352971696283e-05,1.1006644897448253e-05,2.410017461441108e-05,1.8406170937382151,true,1e-06,false,win,true
ieee57_structural_group_02_realization_01_seed_57201_8x8_held_out_seed57522002_signed_difference_e0_minus_e1,ieee57_structural_group_02_realization_01_seed_57201_8x8,ieee57,ieee57_structural_group_02,1,57522002.0,signed_difference_e0_minus_e1,sensitivity_initial_mean,-1.309352971696283e-05,-1.3093529716962722e-05,1.0842021724855044e-19,8.280442294188305e-15,false,1e-06,false,win,true
ieee57_structural_group_02_realization_01_seed_57201_8x8_held_out_seed57522003_aggregate_e0_to_e3,ieee57_structural_group_02_realization_01_seed_57201_8x8,ieee57,ieee57_structural_group_02,1,57522003.0,aggregate_e0_to_e3,balanced_magnitude,-0.0009882461214744,-0.0022185283797891,0.0012302822583147,1.2449148360725817,true,1e-06,false,win,true
ieee57_structural_group_02_realization_01_seed_57201_8x8_held_out_seed57522003_aggregate_e0_to_e3,ieee57_structural_group_02_realization_01_seed_57201_8x8,ieee57,ieee57_structural_group_02,1,57522003.0,aggregate_e0_to_e3,sensitivity_initial_mean,-0.0009882461214744,-0.0004448017349054,0.0005434443865689,0.5499079376685855,true,1e-06,false,win,true
ieee57_structural_group_02_realization_01_seed_57201_8x8_held_out_seed57522003_coordinate_e0,ieee57_structural_group_02_realization_01_seed_57201_8x8,ieee57,ieee57_structural_group_02,1,57522003.0,coordinate_e0,balanced_magnitude,0.0004663271799178,5.359997241412334e-05,0.0004127272075036,0.8850593001600913,true,1e-06,false,win,true
ieee57_structural_group_02_realization_01_seed_57201_8x8_held_out_seed57522003_coordinate_e0,ieee57_structural_group_02_realization_01_seed_57201_8x8,ieee57,ieee57_structural_group_02,1,57522003.0,coordinate_e0,sensitivity_initial_mean,0.0004663271799178,0.0004663271799178,1.6263032587282571e-19,3.48747259170035e-16,false,1e-06,false,win,true
ieee57_structural_group_02_realization_01_seed_57201_8x8_held_out_seed57522003_signed_difference_e0_minus_e1,ieee57_structural_group_02_realization_01_seed_57201_8x8,ieee57,ieee57_structural_group_02,1,57522003.0,signed_difference_e0_minus_e1,balanced_magnitude,5.898702802992705e-05,-1.5463407767082792e-06,6.053336880663533e-05,1.0262149294235292,true,1e-06,false,win,true
ieee57_structural_group_02_realization_01_seed_57201_8x8_held_out_seed57522003_signed_difference_e0_minus_e1,ieee57_structural_group_02_realization_01_seed_57201_8x8,ieee57,ieee57_structural_group_02,1,57522003.0,signed_difference_e0_minus_e1,sensitivity_initial_mean,5.898702802992705e-05,5.89870280299271e-05,5.421010862427522e-20,9.190174591737652e-16,false,1e-06,false,win,true
ieee57_structural_group_02_realization_01_seed_57201_8x8_held_out_seed57522004_aggregate_e0_to_e3,ieee57_structural_group_02_realization_01_seed_57201_8x8,ieee57,ieee57_structural_group_02,1,57522004.0,aggregate_e0_to_e3,balanced_magnitude,-0.002529985867031,-0.0025212017298715,8.784137159484687e-06,0.0034720103673119,false,1e-06,false,loss,true
ieee57_structural_group_02_realization_01_seed_57201_8x8_held_out_seed57522004_aggregate_e0_to_e3,ieee57_structural_group_02_realization_01_seed_57201_8x8,ieee57,ieee57_structural_group_02,1,57522004.0,aggregate_e0_to_e3,sensitivity_initial_mean,-0.002529985867031,-0.0021654494571542,0.0003645364098768,0.1440863423891949,true,1e-06,false,loss,true
ieee57_structural_group_02_realization_01_seed_57201_8x8_held_out_seed57522004_coordinate_e0,ieee57_structural_group_02_realization_01_seed_57201_8x8,ieee57,ieee57_structural_group_02,1,57522004.0,coordinate_e0,balanced_magnitude,-0.000150386471492,7.569690516894566e-05,0.0002260833766609,1.5033491671021404,true,1e-06,false,win,true
ieee57_structural_group_02_realization_01_seed_57201_8x8_held_out_seed57522004_coordinate_e0,ieee57_structural_group_02_realization_01_seed_57201_8x8,ieee57,ieee57_structural_group_02,1,57522004.0,coordinate_e0,sensitivity_initial_mean,-0.000150386471492,-0.000150386471492,5.421010862427522e-20,3.6047197654442173e-16,false,1e-06,false,win,true
ieee57_structural_group_02_realization_01_seed_57201_8x8_held_out_seed57522004_signed_difference_e0_minus_e1,ieee57_structural_group_02_realization_01_seed_57201_8x8,ieee57,ieee57_structural_group_02,1,57522004.0,signed_difference_e0_minus_e1,balanced_magnitude,-3.538071466378833e-05,-2.1838296898544815e-06,3.319688497393385e-05,0.9382762696964512,true,1e-06,false,win,true
ieee57_structural_group_02_realization_01_seed_57201_8x8_held_out_seed57522004_signed_difference_e0_minus_e1,ieee57_structural_group_02_realization_01_seed_57201_8x8,ieee57,ieee57_structural_group_02,1,57522004.0,signed_difference_e0_minus_e1,sensitivity_initial_mean,-3.538071466378833e-05,-3.538071466378834e-05,1.3552527156068804e-20,3.830484286384308e-16,false,1e-06,false,win,true
ieee57_structural_group_02_realization_01_seed_57201_8x8_held_out_seed57522005_aggregate_e0_to_e3,ieee57_structural_group_02_realization_01_seed_57201_8x8,ieee57,ieee57_structural_group_02,1,57522005.0,aggregate_e0_to_e3,balanced_magnitude,0.0029372920182398,0.0031092711058863,0.0001719790876465,0.0585502178804799,false,1e-06,false,win,true
ieee57_structural_group_02_realization_01_seed_57201_8x8_held_out_seed57522005_aggregate_e0_to_e3,ieee57_structural_group_02_realization_01_seed_57201_8x8,ieee57,ieee57_structural_group_02,1,57522005.0,aggregate_e0_to_e3,sensitivity_initial_mean,0.0029372920182398,0.002923998193995,1.3293824244811018e-05,0.0045258776322748,false,1e-06,false,win,true
ieee57_structural_group_02_realization_01_seed_57201_8x8_held_out_seed57522005_coordinate_e0,ieee57_structural_group_02_realization_01_seed_57201_8x8,ieee57,ieee57_structural_group_02,1,57522005.0,coordinate_e0,balanced_magnitude,-0.0003654071959117,-0.0005684021578514,0.0002029949619397,0.5555308275561395,true,1e-06,false,win,true
ieee57_structural_group_02_realization_01_seed_57201_8x8_held_out_seed57522005_coordinate_e0,ieee57_structural_group_02_realization_01_seed_57201_8x8,ieee57,ieee57_structural_group_02,1,57522005.0,coordinate_e0,sensitivity_initial_mean,-0.0003654071959117,-0.0003654071959117,5.421010862427522e-20,1.4835533955213858e-16,false,1e-06,false,win,true
ieee57_structural_group_02_realization_01_seed_57201_8x8_held_out_seed57522005_signed_difference_e0_minus_e1,ieee57_structural_group_02_realization_01_seed_57201_8x8,ieee57,ieee57_structural_group_02,1,57522005.0,signed_difference_e0_minus_e1,balanced_magnitude,4.638575522494337e-05,1.6398206839805254e-05,2.9987548385138117e-05,0.6464818399466886,true,1e-06,false,win,true
ieee57_structural_group_02_realization_01_seed_57201_8x8_held_out_seed57522005_signed_difference_e0_minus_e1,ieee57_structural_group_02_realization_01_seed_57201_8x8,ieee57,ieee57_structural_group_02,1,57522005.0,signed_difference_e0_minus_e1,sensitivity_initial_mean,4.638575522494337e-05,4.638575522494348e-05,1.0842021724855044e-19,2.3373601814345106e-15,false,1e-06,false,win,true
ieee57_structural_group_02_realization_01_seed_57201_8x8_held_out_seed57522006_aggregate_e0_to_e3,ieee57_structural_group_02_realization_01_seed_57201_8x8,ieee57,ieee57_structural_group_02,1,57522006.0,aggregate_e0_to_e3,balanced_magnitude,-0.0004770899140043,-0.0006328516969551,0.0001557617829508,0.3264830766248093,true,1e-06,false,loss,true
ieee57_structural_group_02_realization_01_seed_57201_8x8_held_out_seed57522006_aggregate_e0_to_e3,ieee57_structural_group_02_realization_01_seed_57201_8x8,ieee57,ieee57_structural_group_02,1,57522006.0,aggregate_e0_to_e3,sensitivity_initial_mean,-0.0004770899140043,0.0004313530823628,0.0009084429963672,1.9041337276288768,true,1e-06,false,loss,true
ieee57_structural_group_02_realization_01_seed_57201_8x8_held_out_seed57522006_coordinate_e0,ieee57_structural_group_02_realization_01_seed_57201_8x8,ieee57,ieee57_structural_group_02,1,57522006.0,coordinate_e0,balanced_magnitude,0.0004725086348638,0.0006507176000305,0.0001782089651667,0.3771549385930453,true,1e-06,false,win,true
ieee57_structural_group_02_realization_01_seed_57201_8x8_held_out_seed57522006_coordinate_e0,ieee57_structural_group_02_realization_01_seed_57201_8x8,ieee57,ieee57_structural_group_02,1,57522006.0,coordinate_e0,sensitivity_initial_mean,0.0004725086348638,0.0004725086348638,0.0,0.0,false,1e-06,false,win,true
ieee57_structural_group_02_realization_01_seed_57201_8x8_held_out_seed57522006_signed_difference_e0_minus_e1,ieee57_structural_group_02_realization_01_seed_57201_8x8,ieee57,ieee57_structural_group_02,1,57522006.0,signed_difference_e0_minus_e1,balanced_magnitude,-4.5153828544174275e-05,-1.8772979046978108e-05,2.6380849497196167e-05,0.5842439134787345,true,1e-06,false,win,true
ieee57_structural_group_02_realization_01_seed_57201_8x8_held_out_seed57522006_signed_difference_e0_minus_e1,ieee57_structural_group_02_realization_01_seed_57201_8x8,ieee57,ieee57_structural_group_02,1,57522006.0,signed_difference_e0_minus_e1,sensitivity_initial_mean,-4.5153828544174275e-05,-4.5153828544174275e-05,0.0,0.0,false,1e-06,false,win,true
ieee57_structural_group_02_realization_01_seed_57201_8x8_held_out_seed57522007_aggregate_e0_to_e3,ieee57_structural_group_02_realization_01_seed_57201_8x8,ieee57,ieee57_structural_group_02,1,57522007.0,aggregate_e0_to_e3,balanced_magnitude,-0.000891727484665,-0.0013066727183943,0.0004149452337293,0.4653274019979434,true,1e-06,false,win,true
ieee57_structural_group_02_realization_01_seed_57201_8x8_held_out_seed57522007_aggregate_e0_to_e3,ieee57_structural_group_02_realization_01_seed_57201_8x8,ieee57,ieee57_structural_group_02,1,57522007.0,aggregate_e0_to_e3,sensitivity_initial_mean,-0.000891727484665,-0.0006693315615167,0.0002223959231482,0.2493989777962265,true,1e-06,false,win,true
ieee57_structural_group_02_realization_01_seed_57201_8x8_held_out_seed57522007_coordinate_e0,ieee57_structural_group_02_realization_01_seed_57201_8x8,ieee57,ieee57_structural_group_02,1,57522007.0,coordinate_e0,balanced_magnitude,0.0003186575391929,2.2463862411270227e-05,0.0002961936767817,0.9295046887383848,true,1e-06,false,win,true
ieee57_structural_group_02_realization_01_seed_57201_8x8_held_out_seed57522007_coordinate_e0,ieee57_structural_group_02_realization_01_seed_57201_8x8,ieee57,ieee57_structural_group_02,1,57522007.0,coordinate_e0,sensitivity_initial_mean,0.0003186575391929,0.0003186575391929,5.421010862427522e-20,1.701202763366714e-16,false,1e-06,false,win,true
ieee57_structural_group_02_realization_01_seed_57201_8x8_held_out_seed57522007_signed_difference_e0_minus_e1,ieee57_structural_group_02_realization_01_seed_57201_8x8,ieee57,ieee57_structural_group_02,1,57522007.0,signed_difference_e0_minus_e1,balanced_magnitude,4.279947962181665e-05,-6.480747075862591e-07,4.344755432940291e-05,1.0151421165236765,true,1e-06,false,win,true
ieee57_structural_group_02_realization_01_seed_57201_8x8_held_out_seed57522007_signed_difference_e0_minus_e1,ieee57_structural_group_02_realization_01_seed_57201_8x8,ieee57,ieee57_structural_group_02,1,57522007.0,signed_difference_e0_minus_e1,sensitivity_initial_mean,4.279947962181665e-05,4.279947962181662e-05,2.710505431213761e-20,6.333033614343539e-16,false,1e-06,false,win,true
ieee57_structural_group_02_realization_01_seed_57201_8x8_held_out_seed57522008_aggregate_e0_to_e3,ieee57_structural_group_02_realization_01_seed_57201_8x8,ieee57,ieee57_structural_group_02,1,57522008.0,aggregate_e0_to_e3,balanced_magnitude,-0.0018412762433176,-0.0020669769286558,0.0002257006853382,0.1225783942834828,true,1e-06,false,win,true
ieee57_structural_group_02_realization_01_seed_57201_8x8_held_out_seed57522008_aggregate_e0_to_e3,ieee57_structural_group_02_realization_01_seed_57201_8x8,ieee57,ieee57_structural_group_02,1,57522008.0,aggregate_e0_to_e3,sensitivity_initial_mean,-0.0018412762433176,-0.0017174390795178,0.0001238371637998,0.0672561568364512,false,1e-06,false,win,true
ieee57_structural_group_02_realization_01_seed_57201_8x8_held_out_seed57522008_coordinate_e0,ieee57_structural_group_02_realization_01_seed_57201_8x8,ieee57,ieee57_structural_group_02,1,57522008.0,coordinate_e0,balanced_magnitude,0.0010289087347596,0.000979292210288,4.961652447160129e-05,0.0482224737679878,false,1e-06,false,win,true
ieee57_structural_group_02_realization_01_seed_57201_8x8_held_out_seed57522008_coordinate_e0,ieee57_structural_group_02_realization_01_seed_57201_8x8,ieee57,ieee57_structural_group_02,1,57522008.0,coordinate_e0,sensitivity_initial_mean,0.0010289087347596,0.0010289087347596,0.0,0.0,false,1e-06,false,win,true
ieee57_structural_group_02_realization_01_seed_57201_8x8_held_out_seed57522008_signed_difference_e0_minus_e1,ieee57_structural_group_02_realization_01_seed_57201_8x8,ieee57,ieee57_structural_group_02,1,57522008.0,signed_difference_e0_minus_e1,balanced_magnitude,-2.132670901998292e-05,-2.8252243590372252e-05,6.92553457038933e-06,0.3247352680575409,true,1e-06,false,win,true
ieee57_structural_group_02_realization_01_seed_57201_8x8_held_out_seed57522008_signed_difference_e0_minus_e1,ieee57_structural_group_02_realization_01_seed_57201_8x8,ieee57,ieee57_structural_group_02,1,57522008.0,signed_difference_e0_minus_e1,sensitivity_initial_mean,-2.132670901998292e-05,-2.132670901998303e-05,1.0842021724855044e-19,5.083776270729897e-15,false,1e-06,false,win,true
ieee57_structural_group_02_realization_01_seed_57201_8x8_held_out_seed57522009_aggregate_e0_to_e3,ieee57_structural_group_02_realization_01_seed_57201_8x8,ieee57,ieee57_structural_group_02,1,57522009.0,aggregate_e0_to_e3,balanced_magnitude,0.0013962958887509,0.0015193795929561,0.0001230837042052,0.0881501587141174,false,1e-06,false,loss,true
ieee57_structural_group_02_realization_01_seed_57201_8x8_held_out_seed57522009_aggregate_e0_to_e3,ieee57_structural_group_02_realization_01_seed_57201_8x8,ieee57,ieee57_structural_group_02,1,57522009.0,aggregate_e0_to_e3,sensitivity_initial_mean,0.0013962958887509,0.0015526558995115,0.0001563600107606,0.1119820032561315,true,1e-06,false,loss,true
ieee57_structural_group_02_realization_01_seed_57201_8x8_held_out_seed57522009_coordinate_e0,ieee57_structural_group_02_realization_01_seed_57201_8x8,ieee57,ieee57_structural_group_02,1,57522009.0,coordinate_e0,balanced_magnitude,-0.0005660203688488,-0.0003371771001612,0.0002288432686875,0.4043021793597033,true,1e-06,false,win,true
ieee57_structural_group_02_realization_01_seed_57201_8x8_held_out_seed57522009_coordinate_e0,ieee57_structural_group_02_realization_01_seed_57201_8x8,ieee57,ieee57_structural_group_02,1,57522009.0,coordinate_e0,sensitivity_initial_mean,-0.0005660203688488,-0.0005660203688488,0.0,0.0,false,1e-06,false,win,true
ieee57_structural_group_02_realization_01_seed_57201_8x8_held_out_seed57522009_signed_difference_e0_minus_e1,ieee57_structural_group_02_realization_01_seed_57201_8x8,ieee57,ieee57_structural_group_02,1,57522009.0,signed_difference_e0_minus_e1,balanced_magnitude,-2.3725154078187973e-05,9.727443419620612e-06,3.3452597497808586e-05,1.4100054898511138,true,1e-06,false,win,true
ieee57_structural_group_02_realization_01_seed_57201_8x8_held_out_seed57522009_signed_difference_e0_minus_e1,ieee57_structural_group_02_realization_01_seed_57201_8x8,ieee57,ieee57_structural_group_02,1,57522009.0,signed_difference_e0_minus_e1,sensitivity_initial_mean,-2.3725154078187973e-05,-2.372515407818792e-05,5.421010862427522e-20,2.2849212462697547e-15,false,1e-06,false,win,true
ieee57_structural_group_02_realization_01_seed_57201_8x8_held_out_seed57522010_aggregate_e0_to_e3,ieee57_structural_group_02_realization_01_seed_57201_8x8,ieee57,ieee57_structural_group_02,1,57522010.0,aggregate_e0_to_e3,balanced_magnitude,0.0009837359585166,0.0010114044781945,2.7668519677934156e-05,0.0281259614822417,false,1e-06,false,loss,true
ieee57_structural_group_02_realization_01_seed_57201_8x8_held_out_seed57522010_aggregate_e0_to_e3,ieee57_structural_group_02_realization_01_seed_57201_8x8,ieee57,ieee57_structural_group_02,1,57522010.0,aggregate_e0_to_e3,sensitivity_initial_mean,0.0009837359585166,0.0011993279476265,0.0002155919891099,0.2191563571947308,true,1e-06,false,loss,true
ieee57_structural_group_02_realization_01_seed_57201_8x8_held_out_seed57522010_coordinate_e0,ieee57_structural_group_02_realization_01_seed_57201_8x8,ieee57,ieee57_structural_group_02,1,57522010.0,coordinate_e0,balanced_magnitude,0.000165713314701,0.0002559568837032,9.024356900221908e-05,0.5445764522002016,true,1e-06,false,win,true
ieee57_structural_group_02_realization_01_seed_57201_8x8_held_out_seed57522010_coordinate_e0,ieee57_structural_group_02_realization_01_seed_57201_8x8,ieee57,ieee57_structural_group_02,1,57522010.0,coordinate_e0,sensitivity_initial_mean,0.000165713314701,0.000165713314701,2.710505431213761e-20,1.635659413429749e-16,false,1e-06,false,win,true
ieee57_structural_group_02_realization_01_seed_57201_8x8_held_out_seed57522010_signed_difference_e0_minus_e1,ieee57_structural_group_02_realization_01_seed_57201_8x8,ieee57,ieee57_structural_group_02,1,57522010.0,signed_difference_e0_minus_e1,balanced_magnitude,-2.071673246730241e-05,-7.384268097965848e-06,1.3332464369336565e-05,0.6435601941753812,true,1e-06,false,win,true
ieee57_structural_group_02_realization_01_seed_57201_8x8_held_out_seed57522010_signed_difference_e0_minus_e1,ieee57_structural_group_02_realization_01_seed_57201_8x8,ieee57,ieee57_structural_group_02,1,57522010.0,signed_difference_e0_minus_e1,sensitivity_initial_mean,-2.071673246730241e-05,-2.071673246730244e-05,2.710505431213761e-20,1.3083653203958686e-15,false,1e-06,false,win,true
ieee57_structural_group_02_realization_01_seed_57201_8x8_held_out_seed57522011_aggregate_e0_to_e3,ieee57_structural_group_02_realization_01_seed_57201_8x8,ieee57,ieee57_structural_group_02,1,57522011.0,aggregate_e0_to_e3,balanced_magnitude,0.0007327308603476,0.0007692592540176,3.652839366995045e-05,0.0498524023576936,false,1e-06,false,win,true
ieee57_structural_group_02_realization_01_seed_57201_8x8_held_out_seed57522011_aggregate_e0_to_e3,ieee57_structural_group_02_realization_01_seed_57201_8x8,ieee57,ieee57_structural_group_02,1,57522011.0,aggregate_e0_to_e3,sensitivity_initial_mean,0.0007327308603476,0.0007077325102536,2.4998350094053177e-05,0.0341166879230284,false,1e-06,false,win,true
ieee57_structural_group_02_realization_01_seed_57201_8x8_held_out_seed57522011_coordinate_e0,ieee57_structural_group_02_realization_01_seed_57201_8x8,ieee57,ieee57_structural_group_02,1,57522011.0,coordinate_e0,balanced_magnitude,1.1023979756603938e-05,-5.361123517638561e-05,6.463521493298954e-05,5.863147099328597,true,1e-06,false,win,true
ieee57_structural_group_02_realization_01_seed_57201_8x8_held_out_seed57522011_coordinate_e0,ieee57_structural_group_02_realization_01_seed_57201_8x8,ieee57,ieee57_structural_group_02,1,57522011.0,coordinate_e0,sensitivity_initial_mean,1.1023979756603938e-05,1.1023979756603958e-05,2.0328790734103208e-20,1.844051892595794e-15,false,1e-06,false,win,true
ieee57_structural_group_02_realization_01_seed_57201_8x8_held_out_seed57522011_signed_difference_e0_minus_e1,ieee57_structural_group_02_realization_01_seed_57201_8x8,ieee57,ieee57_structural_group_02,1,57522011.0,signed_difference_e0_minus_e1,balanced_magnitude,1.1048911302192704e-05,1.546665703527271e-06,9.502245598665431e-06,0.8600164612399116,true,1e-06,false,win,true
ieee57_structural_group_02_realization_01_seed_57201_8x8_held_out_seed57522011_signed_difference_e0_minus_e1,ieee57_structural_group_02_realization_01_seed_57201_8x8,ieee57,ieee57_structural_group_02,1,57522011.0,signed_difference_e0_minus_e1,sensitivity_initial_mean,1.1048911302192704e-05,1.1048911302192716e-05,1.1858461261560203e-20,1.073269658632054e-15,false,1e-06,false,win,true
ieee57_structural_group_02_realization_01_seed_57201_8x8_held_out_seed57522012_aggregate_e0_to_e3,ieee57_structural_group_02_realization_01_seed_57201_8x8,ieee57,ieee57_structural_group_02,1,57522012.0,aggregate_e0_to_e3,balanced_magnitude,-0.0042285276282025,-0.0038895230292105,0.000339004598992,0.0801708369435731,false,1e-06,false,loss,true
ieee57_structural_group_02_realization_01_seed_57201_8x8_held_out_seed57522012_aggregate_e0_to_e3,ieee57_structural_group_02_realization_01_seed_57201_8x8,ieee57,ieee57_structural_group_02,1,57522012.0,aggregate_e0_to_e3,sensitivity_initial_mean,-0.0042285276282025,-0.0050019793516724,0.0007734517234698,0.1829127751965655,true,1e-06,false,loss,true
ieee57_structural_group_02_realization_01_seed_57201_8x8_held_out_seed57522012_coordinate_e0,ieee57_structural_group_02_realization_01_seed_57201_8x8,ieee57,ieee57_structural_group_02,1,57522012.0,coordinate_e0,balanced_magnitude,0.0003279149709046,0.0001595454764439,0.0001683694944606,0.5134547349154339,true,1e-06,false,win,true
ieee57_structural_group_02_realization_01_seed_57201_8x8_held_out_seed57522012_coordinate_e0,ieee57_structural_group_02_realization_01_seed_57201_8x8,ieee57,ieee57_structural_group_02,1,57522012.0,coordinate_e0,sensitivity_initial_mean,0.0003279149709046,0.0003279149709046,0.0,0.0,false,1e-06,false,win,true
ieee57_structural_group_02_realization_01_seed_57201_8x8_held_out_seed57522012_signed_difference_e0_minus_e1,ieee57_structural_group_02_realization_01_seed_57201_8x8,ieee57,ieee57_structural_group_02,1,57522012.0,signed_difference_e0_minus_e1,balanced_magnitude,2.004162504103433e-05,-4.602832144362661e-06,2.4644457185396993e-05,1.2296636193391788,true,1e-06,false,win,true
ieee57_structural_group_02_realization_01_seed_57201_8x8_held_out_seed57522012_signed_difference_e0_minus_e1,ieee57_structural_group_02_realization_01_seed_57201_8x8,ieee57,ieee57_structural_group_02,1,57522012.0,signed_difference_e0_minus_e1,sensitivity_initial_mean,2.004162504103433e-05,2.0041625041034304e-05,2.710505431213761e-20,1.3524379513458229e-15,false,1e-06,false,win,true
ieee57_structural_group_02_realization_01_seed_57201_8x8_held_out_seed57522013_aggregate_e0_to_e3,ieee57_structural_group_02_realization_01_seed_57201_8x8,ieee57,ieee57_structural_group_02,1,57522013.0,aggregate_e0_to_e3,balanced_magnitude,-0.0006593476900869,-0.0009546950924269,0.0002953474023399,0.447938783710573,true,1e-06,false,loss,true
ieee57_structural_group_02_realization_01_seed_57201_8x8_held_out_seed57522013_aggregate_e0_to_e3,ieee57_structural_group_02_realization_01_seed_57201_8x8,ieee57,ieee57_structural_group_02,1,57522013.0,aggregate_e0_to_e3,sensitivity_initial_mean,-0.0006593476900869,3.1914089986688694e-05,0.0006912617800736,1.048402520349283,true,1e-06,false,loss,true
ieee57_structural_group_02_realization_01_seed_57201_8x8_held_out_seed57522013_coordinate_e0,ieee57_structural_group_02_realization_01_seed_57201_8x8,ieee57,ieee57_structural_group_02,1,57522013.0,coordinate_e0,balanced_magnitude,5.140331687805621e-05,0.00020563969122,0.0001542363743419,3.0005140467465283,true,1e-06,false,win,true
ieee57_structural_group_02_realization_01_seed_57201_8x8_held_out_seed57522013_coordinate_e0,ieee57_structural_group_02_realization_01_seed_57201_8x8,ieee57,ieee57_structural_group_02,1,57522013.0,coordinate_e0,sensitivity_initial_mean,5.140331687805621e-05,5.1403316878056166e-05,4.0657581468206416e-20,7.90952489790847e-16,false,1e-06,false,win,true
ieee57_structural_group_02_realization_01_seed_57201_8x8_held_out_seed57522013_signed_difference_e0_minus_e1,ieee57_structural_group_02_realization_01_seed_57201_8x8,ieee57,ieee57_structural_group_02,1,57522013.0,signed_difference_e0_minus_e1,balanced_magnitude,-2.863553715482019e-05,-5.932634393658804e-06,2.2702902761161385e-05,0.7928226608223352,true,1e-06,false,win,true
ieee57_structural_group_02_realization_01_seed_57201_8x8_held_out_seed57522013_signed_difference_e0_minus_e1,ieee57_structural_group_02_realization_01_seed_57201_8x8,ieee57,ieee57_structural_group_02,1,57522013.0,signed_difference_e0_minus_e1,sensitivity_initial_mean,-2.863553715482019e-05,-2.8635537154820223e-05,3.3881317890172014e-20,1.183191281064159e-15,false,1e-06,false,win,true
ieee57_structural_group_02_realization_01_seed_57201_8x8_held_out_seed57522014_aggregate_e0_to_e3,ieee57_structural_group_02_realization_01_seed_57201_8x8,ieee57,ieee57_structural_group_02,1,57522014.0,aggregate_e0_to_e3,balanced_magnitude,-0.0002062988230643,-0.0004908402829213,0.0002845414598569,1.3792684593654423,true,1e-06,false,loss,true
ieee57_structural_group_02_realization_01_seed_57201_8x8_held_out_seed57522014_aggregate_e0_to_e3,ieee57_structural_group_02_realization_01_seed_57201_8x8,ieee57,ieee57_structural_group_02,1,57522014.0,aggregate_e0_to_e3,sensitivity_initial_mean,-0.0002062988230643,-0.0005385198418938,0.0003322210188295,1.6103873686464398,true,1e-06,false,loss,true
ieee57_structural_group_02_realization_01_seed_57201_8x8_held_out_seed57522014_coordinate_e0,ieee57_structural_group_02_realization_01_seed_57201_8x8,ieee57,ieee57_structural_group_02,1,57522014.0,coordinate_e0,balanced_magnitude,-0.0003397904797251,-0.0007446940274483,0.0004049035477232,1.191627111067846,true,1e-06,false,win,true
ieee57_structural_group_02_realization_01_seed_57201_8x8_held_out_seed57522014_coordinate_e0,ieee57_structural_group_02_realization_01_seed_57201_8x8,ieee57,ieee57_structural_group_02,1,57522014.0,coordinate_e0,sensitivity_initial_mean,-0.0003397904797251,-0.0003397904797251,1.0842021724855044e-19,3.19079620289109e-16,false,1e-06,false,win,true
ieee57_structural_group_02_realization_01_seed_57201_8x8_held_out_seed57522014_signed_difference_e0_minus_e1,ieee57_structural_group_02_realization_01_seed_57201_8x8,ieee57,ieee57_structural_group_02,1,57522014.0,signed_difference_e0_minus_e1,balanced_magnitude,8.115817914622041e-05,2.148416666929024e-05,5.967401247693017e-05,0.7352803266990156,true,1e-06,false,win,true
ieee57_structural_group_02_realization_01_seed_57201_8x8_held_out_seed57522014_signed_difference_e0_minus_e1,ieee57_structural_group_02_realization_01_seed_57201_8x8,ieee57,ieee57_structural_group_02,1,57522014.0,signed_difference_e0_minus_e1,sensitivity_initial_mean,8.115817914622041e-05,8.115817914622055e-05,1.3552527156068805e-19,1.6698904902303929e-15,false,1e-06,false,win,true
ieee57_structural_group_02_realization_01_seed_57201_8x8_held_out_seed57522015_aggregate_e0_to_e3,ieee57_structural_group_02_realization_01_seed_57201_8x8,ieee57,ieee57_structural_group_02,1,57522015.0,aggregate_e0_to_e3,balanced_magnitude,3.999559489144006e-05,-0.0007569344606618,0.0007969300555532,19.92544573262048,true,1e-06,false,win,true
ieee57_structural_group_02_realization_01_seed_57201_8x8_held_out_seed57522015_aggregate_e0_to_e3,ieee57_structural_group_02_realization_01_seed_57201_8x8,ieee57,ieee57_structural_group_02,1,57522015.0,aggregate_e0_to_e3,sensitivity_initial_mean,3.999559489144006e-05,0.0003523937601175,0.0003123981652261,7.810814317778632,true,1e-06,false,win,true
ieee57_structural_group_02_realization_01_seed_57201_8x8_held_out_seed57522015_coordinate_e0,ieee57_structural_group_02_realization_01_seed_57201_8x8,ieee57,ieee57_structural_group_02,1,57522015.0,coordinate_e0,balanced_magnitude,0.0006332806880183,0.0004495585756204,0.0001837221123978,0.2901116611858313,true,1e-06,false,win,true
ieee57_structural_group_02_realization_01_seed_57201_8x8_held_out_seed57522015_coordinate_e0,ieee57_structural_group_02_realization_01_seed_57201_8x8,ieee57,ieee57_structural_group_02,1,57522015.0,coordinate_e0,sensitivity_initial_mean,0.0006332806880183,0.0006332806880183,0.0,0.0,false,1e-06,false,win,true
ieee57_structural_group_02_realization_01_seed_57201_8x8_held_out_seed57522015_signed_difference_e0_minus_e1,ieee57_structural_group_02_realization_01_seed_57201_8x8,ieee57,ieee57_structural_group_02,1,57522015.0,signed_difference_e0_minus_e1,balanced_magnitude,1.3822483450548614e-05,-1.2969610350349516e-05,2.679209380089813e-05,1.9382981283175096,true,1e-06,false,win,true
ieee57_structural_group_02_realization_01_seed_57201_8x8_held_out_seed57522015_signed_difference_e0_minus_e1,ieee57_structural_group_02_realization_01_seed_57201_8x8,ieee57,ieee57_structural_group_02,1,57522015.0,signed_difference_e0_minus_e1,sensitivity_initial_mean,1.3822483450548614e-05,1.3822483450548506e-05,1.0842021724855044e-19,7.843758152175415e-15,false,1e-06,false,win,true
ieee57_structural_group_02_realization_01_seed_57201_8x8_held_out_seed57522016_aggregate_e0_to_e3,ieee57_structural_group_02_realization_01_seed_57201_8x8,ieee57,ieee57_structural_group_02,1,57522016.0,aggregate_e0_to_e3,balanced_magnitude,-0.0014903963234797,-0.0014583826808273,3.201364265235842e-05,0.021479952780354,false,1e-06,false,win,true
ieee57_structural_group_02_realization_01_seed_57201_8x8_held_out_seed57522016_aggregate_e0_to_e3,ieee57_structural_group_02_realization_01_seed_57201_8x8,ieee57,ieee57_structural_group_02,1,57522016.0,aggregate_e0_to_e3,sensitivity_initial_mean,-0.0014903963234797,-0.001505451661188,1.505533770829008e-05,0.0101015665907838,false,1e-06,false,win,true
ieee57_structural_group_02_realization_01_seed_57201_8x8_held_out_seed57522016_coordinate_e0,ieee57_structural_group_02_realization_01_seed_57201_8x8,ieee57,ieee57_structural_group_02,1,57522016.0,coordinate_e0,balanced_magnitude,0.0002765209650227,0.0001989883520291,7.753261299363415e-05,0.2803860205943012,true,1e-06,false,win,true
ieee57_structural_group_02_realization_01_seed_57201_8x8_held_out_seed57522016_coordinate_e0,ieee57_structural_group_02_realization_01_seed_57201_8x8,ieee57,ieee57_structural_group_02,1,57522016.0,coordinate_e0,sensitivity_initial_mean,0.0002765209650227,0.0002765209650227,0.0,0.0,false,1e-06,false,win,true
ieee57_structural_group_02_realization_01_seed_57201_8x8_held_out_seed57522016_signed_difference_e0_minus_e1,ieee57_structural_group_02_realization_01_seed_57201_8x8,ieee57,ieee57_structural_group_02,1,57522016.0,signed_difference_e0_minus_e1,balanced_magnitude,5.562442489367899e-06,-5.740745544703809e-06,1.1303188034071708e-05,2.0320548132725365,true,1e-06,false,win,true
ieee57_structural_group_02_realization_01_seed_57201_8x8_held_out_seed57522016_signed_difference_e0_minus_e1,ieee57_structural_group_02_realization_01_seed_57201_8x8,ieee57,ieee57_structural_group_02,1,57522016.0,signed_difference_e0_minus_e1,sensitivity_initial_mean,5.562442489367899e-06,5.562442489367872e-06,2.710505431213761e-20,4.8728691332892786e-15,false,1e-06,false,win,true
ieee57_structural_group_02_realization_01_seed_57201_8x8_held_out_seed57522017_aggregate_e0_to_e3,ieee57_structural_group_02_realization_01_seed_57201_8x8,ieee57,ieee57_structural_group_02,1,57522017.0,aggregate_e0_to_e3,balanced_magnitude,0.0031319977988431,0.0033784710499885,0.0002464732511454,0.078695218507645,false,1e-06,false,win,true
ieee57_structural_group_02_realization_01_seed_57201_8x8_held_out_seed57522017_aggregate_e0_to_e3,ieee57_structural_group_02_realization_01_seed_57201_8x8,ieee57,ieee57_structural_group_02,1,57522017.0,aggregate_e0_to_e3,sensitivity_initial_mean,0.0031319977988431,0.003147347131695,1.534933285194653e-05,0.0049008121454031,false,1e-06,false,win,true
ieee57_structural_group_02_realization_01_seed_57201_8x8_held_out_seed57522017_coordinate_e0,ieee57_structural_group_02_realization_01_seed_57201_8x8,ieee57,ieee57_structural_group_02,1,57522017.0,coordinate_e0,balanced_magnitude,-0.0009746918955465,-0.000822281253208,0.0001524106423384,0.1563680205353745,true,1e-06,false,win,true
ieee57_structural_group_02_realization_01_seed_57201_8x8_held_out_seed57522017_coordinate_e0,ieee57_structural_group_02_realization_01_seed_57201_8x8,ieee57,ieee57_structural_group_02,1,57522017.0,coordinate_e0,sensitivity_initial_mean,-0.0009746918955465,-0.0009746918955465,0.0,0.0,false,1e-06,false,win,true
ieee57_structural_group_02_realization_01_seed_57201_8x8_held_out_seed57522017_signed_difference_e0_minus_e1,ieee57_structural_group_02_realization_01_seed_57201_8x8,ieee57,ieee57_structural_group_02,1,57522017.0,signed_difference_e0_minus_e1,balanced_magnitude,1.658951349770314e-06,2.3722531458304124e-05,2.206358010853381e-05,13.29971497451602,true,1e-06,false,win,true
ieee57_structural_group_02_realization_01_seed_57201_8x8_held_out_seed57522017_signed_difference_e0_minus_e1,ieee57_structural_group_02_realization_01_seed_57201_8x8,ieee57,ieee57_structural_group_02,1,57522017.0,signed_difference_e0_minus_e1,sensitivity_initial_mean,1.658951349770314e-06,1.6589513497704223e-06,1.0842021724855044e-19,6.53546695408286e-14,false,1e-06,false,win,true
ieee57_structural_group_02_realization_01_seed_57201_8x8_held_out_seed57522018_aggregate_e0_to_e3,ieee57_structural_group_02_realization_01_seed_57201_8x8,ieee57,ieee57_structural_group_02,1,57522018.0,aggregate_e0_to_e3,balanced_magnitude,0.0009367656598673,0.0007492476717772,0.00018751798809,0.2001759843722773,true,1e-06,false,loss,true
ieee57_structural_group_02_realization_01_seed_57201_8x8_held_out_seed57522018_aggregate_e0_to_e3,ieee57_structural_group_02_realization_01_seed_57201_8x8,ieee57,ieee57_structural_group_02,1,57522018.0,aggregate_e0_to_e3,sensitivity_initial_mean,0.0009367656598673,0.0004359163966887,0.0005008492631785,0.5346580096131109,true,1e-06,false,loss,true
ieee57_structural_group_02_realization_01_seed_57201_8x8_held_out_seed57522018_coordinate_e0,ieee57_structural_group_02_realization_01_seed_57201_8x8,ieee57,ieee57_structural_group_02,1,57522018.0,coordinate_e0,balanced_magnitude,0.0005915418149178,0.0001743432809243,0.0004171985339934,0.7052731074495837,true,1e-06,false,win,true
ieee57_structural_group_02_realization_01_seed_57201_8x8_held_out_seed57522018_coordinate_e0,ieee57_structural_group_02_realization_01_seed_57201_8x8,ieee57,ieee57_structural_group_02,1,57522018.0,coordinate_e0,sensitivity_initial_mean,0.0005915418149178,0.0005915418149178,1.0842021724855044e-19,1.8328411367439002e-16,false,1e-06,false,win,true
ieee57_structural_group_02_realization_01_seed_57201_8x8_held_out_seed57522018_signed_difference_e0_minus_e1,ieee57_structural_group_02_realization_01_seed_57201_8x8,ieee57,ieee57_structural_group_02,1,57522018.0,signed_difference_e0_minus_e1,balanced_magnitude,5.611599661657342e-05,-5.02974371619988e-06,6.11457403327733e-05,1.0896311928765492,true,1e-06,false,win,true
ieee57_structural_group_02_realization_01_seed_57201_8x8_held_out_seed57522018_signed_difference_e0_minus_e1,ieee57_structural_group_02_realization_01_seed_57201_8x8,ieee57,ieee57_structural_group_02,1,57522018.0,signed_difference_e0_minus_e1,sensitivity_initial_mean,5.611599661657342e-05,5.6115996616573475e-05,5.421010862427522e-20,9.660366364813824e-16,false,1e-06,false,win,true
ieee57_structural_group_02_realization_01_seed_57201_8x8_held_out_seed57522019_aggregate_e0_to_e3,ieee57_structural_group_02_realization_01_seed_57201_8x8,ieee57,ieee57_structural_group_02,1,57522019.0,aggregate_e0_to_e3,balanced_magnitude,0.0014660018512423,6.150917181487728e-05,0.0014044926794274,0.9580429098621168,true,1e-06,false,win,true
ieee57_structural_group_02_realization_01_seed_57201_8x8_held_out_seed57522019_aggregate_e0_to_e3,ieee57_structural_group_02_realization_01_seed_57201_8x8,ieee57,ieee57_structural_group_02,1,57522019.0,aggregate_e0_to_e3,sensitivity_initial_mean,0.0014660018512423,0.0021140557626149,0.0006480539113726,0.442055315839772,true,1e-06,false,win,true
ieee57_structural_group_02_realization_01_seed_57201_8x8_held_out_seed57522019_coordinate_e0,ieee57_structural_group_02_realization_01_seed_57201_8x8,ieee57,ieee57_structural_group_02,1,57522019.0,coordinate_e0,balanced_magnitude,-0.0002813116558219,-0.0008602420318017,0.0005789303759798,2.0579679654166303,true,1e-06,false,win,true
ieee57_structural_group_02_realization_01_seed_57201_8x8_held_out_seed57522019_coordinate_e0,ieee57_structural_group_02_realization_01_seed_57201_8x8,ieee57,ieee57_structural_group_02,1,57522019.0,coordinate_e0,sensitivity_initial_mean,-0.0002813116558219,-0.0002813116558219,1.0842021724855044e-19,3.8540961600675647e-16,false,1e-06,false,win,true
ieee57_structural_group_02_realization_01_seed_57201_8x8_held_out_seed57522019_signed_difference_e0_minus_e1,ieee57_structural_group_02_realization_01_seed_57201_8x8,ieee57,ieee57_structural_group_02,1,57522019.0,signed_difference_e0_minus_e1,balanced_magnitude,0.0001100655762634,2.4817686869979517e-05,8.524788939346834e-05,0.7745190847810849,true,1e-06,false,win,true
ieee57_structural_group_02_realization_01_seed_57201_8x8_held_out_seed57522019_signed_difference_e0_minus_e1,ieee57_structural_group_02_realization_01_seed_57201_8x8,ieee57,ieee57_structural_group_02,1,57522019.0,signed_difference_e0_minus_e1,sensitivity_initial_mean,0.0001100655762634,0.0001100655762634,8.131516293641283e-20,7.38788326895056e-16,false,1e-06,false,win,true
ieee57_structural_group_02_realization_02_seed_57202_8x8_held_out_seed57532000_aggregate_e0_to_e3,ieee57_structural_group_02_realization_02_seed_57202_8x8,ieee57,ieee57_structural_group_02,2,57532000.0,aggregate_e0_to_e3,balanced_magnitude,-0.0023509208090176,-0.0022670507778293,8.387003118828741e-05,0.0356753961539575,false,1e-06,false,win,true
ieee57_structural_group_02_realization_02_seed_57202_8x8_held_out_seed57532000_aggregate_e0_to_e3,ieee57_structural_group_02_realization_02_seed_57202_8x8,ieee57,ieee57_structural_group_02,2,57532000.0,aggregate_e0_to_e3,sensitivity_initial_mean,-0.0023509208090176,-0.002421391089782,7.04702807644347e-05,0.0299756080656246,false,1e-06,false,win,true
ieee57_structural_group_02_realization_02_seed_57202_8x8_held_out_seed57532000_coordinate_e0,ieee57_structural_group_02_realization_02_seed_57202_8x8,ieee57,ieee57_structural_group_02,2,57532000.0,coordinate_e0,balanced_magnitude,3.507487626590337e-05,-1.144182529526489e-06,3.6219058795429856e-05,1.0326211422914915,true,1e-06,false,win,true
ieee57_structural_group_02_realization_02_seed_57202_8x8_held_out_seed57532000_coordinate_e0,ieee57_structural_group_02_realization_02_seed_57202_8x8,ieee57,ieee57_structural_group_02,2,57532000.0,coordinate_e0,sensitivity_initial_mean,3.507487626590337e-05,3.507487626590337e-05,0.0,0.0,false,1e-06,false,win,true
ieee57_structural_group_02_realization_02_seed_57202_8x8_held_out_seed57532000_signed_difference_e0_minus_e1,ieee57_structural_group_02_realization_02_seed_57202_8x8,ieee57,ieee57_structural_group_02,2,57532000.0,signed_difference_e0_minus_e1,balanced_magnitude,3.966536321172337e-06,2.9156053799379304e-08,3.937380267372958e-06,0.9926494927970906,true,1e-06,false,win,true
ieee57_structural_group_02_realization_02_seed_57202_8x8_held_out_seed57532000_signed_difference_e0_minus_e1,ieee57_structural_group_02_realization_02_seed_57202_8x8,ieee57,ieee57_structural_group_02,2,57532000.0,signed_difference_e0_minus_e1,sensitivity_initial_mean,3.966536321172337e-06,3.966536321172337e-06,0.0,0.0,false,1e-06,false,win,true
ieee57_structural_group_02_realization_02_seed_57202_8x8_held_out_seed57532001_aggregate_e0_to_e3,ieee57_structural_group_02_realization_02_seed_57202_8x8,ieee57,ieee57_structural_group_02,2,57532001.0,aggregate_e0_to_e3,balanced_magnitude,9.047236641195857e-05,0.0004043367625795,0.0003138643961675,3.4691741646105547,true,1e-06,false,loss,true
ieee57_structural_group_02_realization_02_seed_57202_8x8_held_out_seed57532001_aggregate_e0_to_e3,ieee57_structural_group_02_realization_02_seed_57202_8x8,ieee57,ieee57_structural_group_02,2,57532001.0,aggregate_e0_to_e3,sensitivity_initial_mean,9.047236641195857e-05,0.0004584115857325,0.0003679392193206,4.066868524751931,true,1e-06,false,loss,true
ieee57_structural_group_02_realization_02_seed_57202_8x8_held_out_seed57532001_coordinate_e0,ieee57_structural_group_02_realization_02_seed_57202_8x8,ieee57,ieee57_structural_group_02,2,57532001.0,coordinate_e0,balanced_magnitude,-4.393616302907633e-06,0.0002201633604403,0.0002245569767432,51.10982872916288,true,1e-06,false,win,true
ieee57_structural_group_02_realization_02_seed_57202_8x8_held_out_seed57532001_coordinate_e0,ieee57_structural_group_02_realization_02_seed_57202_8x8,ieee57,ieee57_structural_group_02,2,57532001.0,coordinate_e0,sensitivity_initial_mean,-4.393616302907633e-06,-4.393616302907633e-06,0.0,0.0,false,1e-06,false,win,true
ieee57_structural_group_02_realization_02_seed_57202_8x8_held_out_seed57532001_signed_difference_e0_minus_e1,ieee57_structural_group_02_realization_02_seed_57202_8x8,ieee57,ieee57_structural_group_02,2,57532001.0,signed_difference_e0_minus_e1,balanced_magnitude,-3.0078993951373856e-05,-5.6102017082075594e-06,2.4468792243166296e-05,0.8134843965434119,true,1e-06,false,win,true
ieee57_structural_group_02_realization_02_seed_57202_8x8_held_out_seed57532001_signed_difference_e0_minus_e1,ieee57_structural_group_02_realization_02_seed_57202_8x8,ieee57,ieee57_structural_group_02,2,57532001.0,signed_difference_e0_minus_e1,sensitivity_initial_mean,-3.0078993951373856e-05,-3.0078993951373856e-05,0.0,0.0,false,1e-06,false,win,true
ieee57_structural_group_02_realization_02_seed_57202_8x8_held_out_seed57532002_aggregate_e0_to_e3,ieee57_structural_group_02_realization_02_seed_57202_8x8,ieee57,ieee57_structural_group_02,2,57532002.0,aggregate_e0_to_e3,balanced_magnitude,0.0015106531928122,0.0015185094819928,7.856289180550478e-06,0.0052005908556184,false,1e-06,false,loss,true
ieee57_structural_group_02_realization_02_seed_57202_8x8_held_out_seed57532002_aggregate_e0_to_e3,ieee57_structural_group_02_realization_02_seed_57202_8x8,ieee57,ieee57_structural_group_02,2,57532002.0,aggregate_e0_to_e3,sensitivity_initial_mean,0.0015106531928122,0.0016631692650812,0.0001525160722689,0.1009603481425257,true,1e-06,false,loss,true
ieee57_structural_group_02_realization_02_seed_57202_8x8_held_out_seed57532002_coordinate_e0,ieee57_structural_group_02_realization_02_seed_57202_8x8,ieee57,ieee57_structural_group_02,2,57532002.0,coordinate_e0,balanced_magnitude,-0.0004913543511599,-0.0001999851715539,0.0002913691796059,0.5929919597091925,true,1e-06,false,win,true
ieee57_structural_group_02_realization_02_seed_57202_8x8_held_out_seed57532002_coordinate_e0,ieee57_structural_group_02_realization_02_seed_57202_8x8,ieee57,ieee57_structural_group_02,2,57532002.0,coordinate_e0,sensitivity_initial_mean,-0.0004913543511599,-0.0004913543511599,0.0,0.0,false,1e-06,false,win,true
ieee57_structural_group_02_realization_02_seed_57202_8x8_held_out_seed57532002_signed_difference_e0_minus_e1,ieee57_structural_group_02_realization_02_seed_57202_8x8,ieee57,ieee57_structural_group_02,2,57532002.0,signed_difference_e0_minus_e1,balanced_magnitude,-2.6522650869644708e-05,5.0960211945537686e-06,3.1618672064198476e-05,1.1921384562802575,true,1e-06,false,win,true
ieee57_structural_group_02_realization_02_seed_57202_8x8_held_out_seed57532002_signed_difference_e0_minus_e1,ieee57_structural_group_02_realization_02_seed_57202_8x8,ieee57,ieee57_structural_group_02,2,57532002.0,signed_difference_e0_minus_e1,sensitivity_initial_mean,-2.6522650869644708e-05,-2.6522650869644708e-05,0.0,0.0,false,1e-06,false,win,true
ieee57_structural_group_02_realization_02_seed_57202_8x8_held_out_seed57532003_aggregate_e0_to_e3,ieee57_structural_group_02_realization_02_seed_57202_8x8,ieee57,ieee57_structural_group_02,2,57532003.0,aggregate_e0_to_e3,balanced_magnitude,-0.0021608698047393,-0.0014424769918336,0.0007183928129057,0.3324553896445335,true,1e-06,false,win,true
ieee57_structural_group_02_realization_02_seed_57202_8x8_held_out_seed57532003_aggregate_e0_to_e3,ieee57_structural_group_02_realization_02_seed_57202_8x8,ieee57,ieee57_structural_group_02,2,57532003.0,aggregate_e0_to_e3,sensitivity_initial_mean,-0.0021608698047393,-0.0019476764660686,0.0002131933386707,0.0986608902596155,false,1e-06,false,win,true
ieee57_structural_group_02_realization_02_seed_57202_8x8_held_out_seed57532003_coordinate_e0,ieee57_structural_group_02_realization_02_seed_57202_8x8,ieee57,ieee57_structural_group_02,2,57532003.0,coordinate_e0,balanced_magnitude,0.0002346278746179,0.0006762322623434,0.0004416043877255,1.8821480118021872,true,1e-06,false,win,true
ieee57_structural_group_02_realization_02_seed_57202_8x8_held_out_seed57532003_coordinate_e0,ieee57_structural_group_02_realization_02_seed_57202_8x8,ieee57,ieee57_structural_group_02,2,57532003.0,coordinate_e0,sensitivity_initial_mean,0.0002346278746179,0.0002346278746179,0.0,0.0,false,1e-06,false,win,true
ieee57_structural_group_02_realization_02_seed_57202_8x8_held_out_seed57532003_signed_difference_e0_minus_e1,ieee57_structural_group_02_realization_02_seed_57202_8x8,ieee57,ieee57_structural_group_02,2,57532003.0,signed_difference_e0_minus_e1,balanced_magnitude,-6.541631954755047e-05,-1.7231747306891212e-05,4.818457224065926e-05,0.7365833567820087,true,1e-06,false,win,true
ieee57_structural_group_02_realization_02_seed_57202_8x8_held_out_seed57532003_signed_difference_e0_minus_e1,ieee57_structural_group_02_realization_02_seed_57202_8x8,ieee57,ieee57_structural_group_02,2,57532003.0,signed_difference_e0_minus_e1,sensitivity_initial_mean,-6.541631954755047e-05,-6.541631954755047e-05,0.0,0.0,false,1e-06,false,win,true
ieee57_structural_group_02_realization_02_seed_57202_8x8_held_out_seed57532004_aggregate_e0_to_e3,ieee57_structural_group_02_realization_02_seed_57202_8x8,ieee57,ieee57_structural_group_02,2,57532004.0,aggregate_e0_to_e3,balanced_magnitude,0.0007444268228928,7.720746472881948e-05,0.000667219358164,0.8962860252283906,true,1e-06,false,win,true
ieee57_structural_group_02_realization_02_seed_57202_8x8_held_out_seed57532004_aggregate_e0_to_e3,ieee57_structural_group_02_realization_02_seed_57202_8x8,ieee57,ieee57_structural_group_02,2,57532004.0,aggregate_e0_to_e3,sensitivity_initial_mean,0.0007444268228928,0.0009216870358155,0.0001772602129226,0.238116370167614,true,1e-06,false,win,true
ieee57_structural_group_02_realization_02_seed_57202_8x8_held_out_seed57532004_coordinate_e0,ieee57_structural_group_02_realization_02_seed_57202_8x8,ieee57,ieee57_structural_group_02,2,57532004.0,coordinate_e0,balanced_magnitude,0.0001449204796616,-0.0003188786983086,0.0004637991779702,3.2003701550891996,true,1e-06,false,win,true
ieee57_structural_group_02_realization_02_seed_57202_8x8_held_out_seed57532004_coordinate_e0,ieee57_structural_group_02_realization_02_seed_57202_8x8,ieee57,ieee57_structural_group_02,2,57532004.0,coordinate_e0,sensitivity_initial_mean,0.0001449204796616,0.0001449204796616,0.0,0.0,false,1e-06,false,win,true
ieee57_structural_group_02_realization_02_seed_57202_8x8_held_out_seed57532004_signed_difference_e0_minus_e1,ieee57_structural_group_02_realization_02_seed_57202_8x8,ieee57,ieee57_structural_group_02,2,57532004.0,signed_difference_e0_minus_e1,balanced_magnitude,5.862697595436459e-05,8.125665480322508e-06,5.050131047404209e-05,0.8614005694810603,true,1e-06,false,win,true
ieee57_structural_group_02_realization_02_seed_57202_8x8_held_out_seed57532004_signed_difference_e0_minus_e1,ieee57_structural_group_02_realization_02_seed_57202_8x8,ieee57,ieee57_structural_group_02,2,57532004.0,signed_difference_e0_minus_e1,sensitivity_initial_mean,5.862697595436459e-05,5.862697595436459e-05,0.0,0.0,false,1e-06,false,win,true
ieee57_structural_group_02_realization_02_seed_57202_8x8_held_out_seed57532005_aggregate_e0_to_e3,ieee57_structural_group_02_realization_02_seed_57202_8x8,ieee57,ieee57_structural_group_02,2,57532005.0,aggregate_e0_to_e3,balanced_magnitude,-0.0002817262194753,-0.0001489231222086,0.0001328030972666,0.4713906199927086,true,1e-06,false,loss,true
ieee57_structural_group_02_realization_02_seed_57202_8x8_held_out_seed57532005_aggregate_e0_to_e3,ieee57_structural_group_02_realization_02_seed_57202_8x8,ieee57,ieee57_structural_group_02,2,57532005.0,aggregate_e0_to_e3,sensitivity_initial_mean,-0.0002817262194753,-0.0009189036413736,0.0006371774218982,2.261690172412363,true,1e-06,false,loss,true
ieee57_structural_group_02_realization_02_seed_57202_8x8_held_out_seed57532005_coordinate_e0,ieee57_structural_group_02_realization_02_seed_57202_8x8,ieee57,ieee57_structural_group_02,2,57532005.0,coordinate_e0,balanced_magnitude,-0.000104459375196,-0.0003575452925761,0.0002530859173801,2.4228166873988877,true,1e-06,false,win,true
ieee57_structural_group_02_realization_02_seed_57202_8x8_held_out_seed57532005_coordinate_e0,ieee57_structural_group_02_realization_02_seed_57202_8x8,ieee57,ieee57_structural_group_02,2,57532005.0,coordinate_e0,sensitivity_initial_mean,-0.000104459375196,-0.000104459375196,0.0,0.0,false,1e-06,false,win,true
ieee57_structural_group_02_realization_02_seed_57202_8x8_held_out_seed57532005_signed_difference_e0_minus_e1,ieee57_structural_group_02_realization_02_seed_57202_8x8,ieee57,ieee57_structural_group_02,2,57532005.0,signed_difference_e0_minus_e1,balanced_magnitude,3.671776181863982e-05,9.110967452351628e-06,2.7606794366288195e-05,0.7518648468456911,true,1e-06,false,win,true
ieee57_structural_group_02_realization_02_seed_57202_8x8_held_out_seed57532005_signed_difference_e0_minus_e1,ieee57_structural_group_02_realization_02_seed_57202_8x8,ieee57,ieee57_structural_group_02,2,57532005.0,signed_difference_e0_minus_e1,sensitivity_initial_mean,3.671776181863982e-05,3.671776181863982e-05,0.0,0.0,false,1e-06,false,win,true
ieee57_structural_group_02_realization_02_seed_57202_8x8_held_out_seed57532006_aggregate_e0_to_e3,ieee57_structural_group_02_realization_02_seed_57202_8x8,ieee57,ieee57_structural_group_02,2,57532006.0,aggregate_e0_to_e3,balanced_magnitude,0.0051492304675091,0.0048247659023507,0.0003244645651584,0.0630122437140345,false,1e-06,false,win,true
ieee57_structural_group_02_realization_02_seed_57202_8x8_held_out_seed57532006_aggregate_e0_to_e3,ieee57_structural_group_02_realization_02_seed_57202_8x8,ieee57,ieee57_structural_group_02,2,57532006.0,aggregate_e0_to_e3,sensitivity_initial_mean,0.0051492304675091,0.0053482582193119,0.0001990277518028,0.038651940917903,false,1e-06,false,win,true
ieee57_structural_group_02_realization_02_seed_57202_8x8_held_out_seed57532006_coordinate_e0,ieee57_structural_group_02_realization_02_seed_57202_8x8,ieee57,ieee57_structural_group_02,2,57532006.0,coordinate_e0,balanced_magnitude,-0.0006291340902881,-0.0010167911908801,0.000387657100592,0.6161756397821119,true,1e-06,false,win,true
ieee57_structural_group_02_realization_02_seed_57202_8x8_held_out_seed57532006_coordinate_e0,ieee57_structural_group_02_realization_02_seed_57202_8x8,ieee57,ieee57_structural_group_02,2,57532006.0,coordinate_e0,sensitivity_initial_mean,-0.0006291340902881,-0.0006291340902881,0.0,0.0,false,1e-06,false,win,true
ieee57_structural_group_02_realization_02_seed_57202_8x8_held_out_seed57532006_signed_difference_e0_minus_e1,ieee57_structural_group_02_realization_02_seed_57202_8x8,ieee57,ieee57_structural_group_02,2,57532006.0,signed_difference_e0_minus_e1,balanced_magnitude,6.832164611900795e-05,2.590986831122312e-05,4.2411777807784825e-05,0.6207663341996869,true,1e-06,false,win,true
ieee57_structural_group_02_realization_02_seed_57202_8x8_held_out_seed57532006_signed_difference_e0_minus_e1,ieee57_structural_group_02_realization_02_seed_57202_8x8,ieee57,ieee57_structural_group_02,2,57532006.0,signed_difference_e0_minus_e1,sensitivity_initial_mean,6.832164611900795e-05,6.832164611900795e-05,0.0,0.0,false,1e-06,false,win,true
ieee57_structural_group_02_realization_02_seed_57202_8x8_held_out_seed57532007_aggregate_e0_to_e3,ieee57_structural_group_02_realization_02_seed_57202_8x8,ieee57,ieee57_structural_group_02,2,57532007.0,aggregate_e0_to_e3,balanced_magnitude,0.0020967483008656,0.0020096994317112,8.704886915448552e-05,0.041516127194926,false,1e-06,false,loss,true
ieee57_structural_group_02_realization_02_seed_57202_8x8_held_out_seed57532007_aggregate_e0_to_e3,ieee57_structural_group_02_realization_02_seed_57202_8x8,ieee57,ieee57_structural_group_02,2,57532007.0,aggregate_e0_to_e3,sensitivity_initial_mean,0.0020967483008656,0.0025460135047935,0.0004492652039278,0.2142675893632038,true,1e-06,false,loss,true
ieee57_structural_group_02_realization_02_seed_57202_8x8_held_out_seed57532007_coordinate_e0,ieee57_structural_group_02_realization_02_seed_57202_8x8,ieee57,ieee57_structural_group_02,2,57532007.0,coordinate_e0,balanced_magnitude,3.905474972309021e-05,1.9447489551998127e-05,1.9607260171092085e-05,0.5020454697601032,true,1e-06,false,win,true
ieee57_structural_group_02_realization_02_seed_57202_8x8_held_out_seed57532007_coordinate_e0,ieee57_structural_group_02_realization_02_seed_57202_8x8,ieee57,ieee57_structural_group_02,2,57532007.0,coordinate_e0,sensitivity_initial_mean,3.905474972309021e-05,3.905474972309021e-05,0.0,0.0,false,1e-06,false,win,true
ieee57_structural_group_02_realization_02_seed_57202_8x8_held_out_seed57532007_signed_difference_e0_minus_e1,ieee57_structural_group_02_realization_02_seed_57202_8x8,ieee57,ieee57_structural_group_02,2,57532007.0,signed_difference_e0_minus_e1,balanced_magnitude,1.6305641918125413e-06,-4.955608366748369e-07,2.126125028487378e-06,1.303919857410808,true,1e-06,false,win,true
ieee57_structural_group_02_realization_02_seed_57202_8x8_held_out_seed57532007_signed_difference_e0_minus_e1,ieee57_structural_group_02_realization_02_seed_57202_8x8,ieee57,ieee57_structural_group_02,2,57532007.0,signed_difference_e0_minus_e1,sensitivity_initial_mean,1.6305641918125413e-06,1.6305641918125413e-06,0.0,0.0,false,1e-06,false,win,true
ieee57_structural_group_02_realization_02_seed_57202_8x8_held_out_seed57532008_aggregate_e0_to_e3,ieee57_structural_group_02_realization_02_seed_57202_8x8,ieee57,ieee57_structural_group_02,2,57532008.0,aggregate_e0_to_e3,balanced_magnitude,-0.0008802816573132,-0.0001504787285075,0.0007298029288056,0.8290561580405609,true,1e-06,false,win,true
ieee57_structural_group_02_realization_02_seed_57202_8x8_held_out_seed57532008_aggregate_e0_to_e3,ieee57_structural_group_02_realization_02_seed_57202_8x8,ieee57,ieee57_structural_group_02,2,57532008.0,aggregate_e0_to_e3,sensitivity_initial_mean,-0.0008802816573132,-0.0011495110414913,0.0002692293841781,0.3058445918319701,true,1e-06,false,win,true
ieee57_structural_group_02_realization_02_seed_57202_8x8_held_out_seed57532008_coordinate_e0,ieee57_structural_group_02_realization_02_seed_57202_8x8,ieee57,ieee57_structural_group_02,2,57532008.0,coordinate_e0,balanced_magnitude,0.0001433145604556,0.0004612468537403,0.0003179322932846,2.21842283347711,true,1e-06,false,win,true
ieee57_structural_group_02_realization_02_seed_57202_8x8_held_out_seed57532008_coordinate_e0,ieee57_structural_group_02_realization_02_seed_57202_8x8,ieee57,ieee57_structural_group_02,2,57532008.0,coordinate_e0,sensitivity_initial_mean,0.0001433145604556,0.0001433145604556,0.0,0.0,false,1e-06,false,win,true
ieee57_structural_group_02_realization_02_seed_57202_8x8_held_out_seed57532008_signed_difference_e0_minus_e1,ieee57_structural_group_02_realization_02_seed_57202_8x8,ieee57,ieee57_structural_group_02,2,57532008.0,signed_difference_e0_minus_e1,balanced_magnitude,-4.643701762397715e-05,-1.1753490142881396e-05,3.4683527481095755e-05,0.7468939491753098,true,1e-06,false,win,true
ieee57_structural_group_02_realization_02_seed_57202_8x8_held_out_seed57532008_signed_difference_e0_minus_e1,ieee57_structural_group_02_realization_02_seed_57202_8x8,ieee57,ieee57_structural_group_02,2,57532008.0,signed_difference_e0_minus_e1,sensitivity_initial_mean,-4.643701762397715e-05,-4.643701762397715e-05,0.0,0.0,false,1e-06,false,win,true
ieee57_structural_group_02_realization_02_seed_57202_8x8_held_out_seed57532009_aggregate_e0_to_e3,ieee57_structural_group_02_realization_02_seed_57202_8x8,ieee57,ieee57_structural_group_02,2,57532009.0,aggregate_e0_to_e3,balanced_magnitude,0.003398524524235,0.0031684120934293,0.0002301124308057,0.0677095101608904,false,1e-06,false,loss,true
ieee57_structural_group_02_realization_02_seed_57202_8x8_held_out_seed57532009_aggregate_e0_to_e3,ieee57_structural_group_02_realization_02_seed_57202_8x8,ieee57,ieee57_structural_group_02,2,57532009.0,aggregate_e0_to_e3,sensitivity_initial_mean,0.003398524524235,0.0043415165197894,0.0009429919955543,0.2774709992026926,true,1e-06,false,loss,true
ieee57_structural_group_02_realization_02_seed_57202_8x8_held_out_seed57532009_coordinate_e0,ieee57_structural_group_02_realization_02_seed_57202_8x8,ieee57,ieee57_structural_group_02,2,57532009.0,coordinate_e0,balanced_magnitude,-0.0008068209871483,-0.0005196665784301,0.0002871544087182,0.3559084521749754,true,1e-06,false,win,true
ieee57_structural_group_02_realization_02_seed_57202_8x8_held_out_seed57532009_coordinate_e0,ieee57_structural_group_02_realization_02_seed_57202_8x8,ieee57,ieee57_structural_group_02,2,57532009.0,coordinate_e0,sensitivity_initial_mean,-0.0008068209871483,-0.0008068209871483,0.0,0.0,false,1e-06,false,win,true
ieee57_structural_group_02_realization_02_seed_57202_8x8_held_out_seed57532009_signed_difference_e0_minus_e1,ieee57_structural_group_02_realization_02_seed_57202_8x8,ieee57,ieee57_structural_group_02,2,57532009.0,signed_difference_e0_minus_e1,balanced_magnitude,-1.7832611729791783e-05,1.3242141290792874e-05,3.1074753020584656e-05,1.7425800264955071,true,1e-06,false,win,true
ieee57_structural_group_02_realization_02_seed_57202_8x8_held_out_seed57532009_signed_difference_e0_minus_e1,ieee57_structural_group_02_realization_02_seed_57202_8x8,ieee57,ieee57_structural_group_02,2,57532009.0,signed_difference_e0_minus_e1,sensitivity_initial_mean,-1.7832611729791783e-05,-1.7832611729791783e-05,0.0,0.0,false,1e-06,false,win,true
ieee57_structural_group_02_realization_02_seed_57202_8x8_held_out_seed57532010_aggregate_e0_to_e3,ieee57_structural_group_02_realization_02_seed_57202_8x8,ieee57,ieee57_structural_group_02,2,57532010.0,aggregate_e0_to_e3,balanced_magnitude,-0.0012088011414183,-0.000341750956466,0.0008670501849522,0.7172810772952364,true,1e-06,false,loss,true
ieee57_structural_group_02_realization_02_seed_57202_8x8_held_out_seed57532010_aggregate_e0_to_e3,ieee57_structural_group_02_realization_02_seed_57202_8x8,ieee57,ieee57_structural_group_02,2,57532010.0,aggregate_e0_to_e3,sensitivity_initial_mean,-0.0012088011414183,-0.0021111939746552,0.0009023928332369,0.7465188460842014,true,1e-06,false,loss,true
ieee57_structural_group_02_realization_02_seed_57202_8x8_held_out_seed57532010_coordinate_e0,ieee57_structural_group_02_realization_02_seed_57202_8x8,ieee57,ieee57_structural_group_02,2,57532010.0,coordinate_e0,balanced_magnitude,-0.0006868735933783,-0.0005542545864941,0.0001326190068841,0.193076292585224,true,1e-06,false,win,true
ieee57_structural_group_02_realization_02_seed_57202_8x8_held_out_seed57532010_coordinate_e0,ieee57_structural_group_02_realization_02_seed_57202_8x8,ieee57,ieee57_structural_group_02,2,57532010.0,coordinate_e0,sensitivity_initial_mean,-0.0006868735933783,-0.0006868735933783,0.0,0.0,false,1e-06,false,win,true
ieee57_structural_group_02_realization_02_seed_57202_8x8_held_out_seed57532010_signed_difference_e0_minus_e1,ieee57_structural_group_02_realization_02_seed_57202_8x8,ieee57,ieee57_structural_group_02,2,57532010.0,signed_difference_e0_minus_e1,balanced_magnitude,-1.4369972999625068e-07,1.4123512748497251e-05,1.4267212478493504e-05,14.267212478493503,true,1e-06,true,win,true
ieee57_structural_group_02_realization_02_seed_57202_8x8_held_out_seed57532010_signed_difference_e0_minus_e1,ieee57_structural_group_02_realization_02_seed_57202_8x8,ieee57,ieee57_structural_group_02,2,57532010.0,signed_difference_e0_minus_e1,sensitivity_initial_mean,-1.4369972999625068e-07,-1.4369972999625068e-07,0.0,0.0,false,1e-06,true,win,true
ieee57_structural_group_02_realization_02_seed_57202_8x8_held_out_seed57532011_aggregate_e0_to_e3,ieee57_structural_group_02_realization_02_seed_57202_8x8,ieee57,ieee57_structural_group_02,2,57532011.0,aggregate_e0_to_e3,balanced_magnitude,0.00148513414946,0.0012702069800654,0.0002149271693945,0.1447190272156179,true,1e-06,false,loss,true
ieee57_structural_group_02_realization_02_seed_57202_8x8_held_out_seed57532011_aggregate_e0_to_e3,ieee57_structural_group_02_realization_02_seed_57202_8x8,ieee57,ieee57_structural_group_02,2,57532011.0,aggregate_e0_to_e3,sensitivity_initial_mean,0.00148513414946,0.0018845319165344,0.0003993977670744,0.268930431112688,true,1e-06,false,loss,true
ieee57_structural_group_02_realization_02_seed_57202_8x8_held_out_seed57532011_coordinate_e0,ieee57_structural_group_02_realization_02_seed_57202_8x8,ieee57,ieee57_structural_group_02,2,57532011.0,coordinate_e0,balanced_magnitude,-7.269764947400467e-05,-1.2543273593164605e-05,6.0154375880840065e-05,0.8274597090288339,true,1e-06,false,win,true
ieee57_structural_group_02_realization_02_seed_57202_8x8_held_out_seed57532011_coordinate_e0,ieee57_structural_group_02_realization_02_seed_57202_8x8,ieee57,ieee57_structural_group_02,2,57532011.0,coordinate_e0,sensitivity_initial_mean,-7.269764947400467e-05,-7.269764947400467e-05,0.0,0.0,false,1e-06,false,win,true
ieee57_structural_group_02_realization_02_seed_57202_8x8_held_out_seed57532011_signed_difference_e0_minus_e1,ieee57_structural_group_02_realization_02_seed_57202_8x8,ieee57,ieee57_structural_group_02,2,57532011.0,signed_difference_e0_minus_e1,balanced_magnitude,-6.215890146538484e-06,3.196276383051893e-07,6.535517784843673e-06,1.051421056481055,true,1e-06,false,win,true
ieee57_structural_group_02_realization_02_seed_57202_8x8_held_out_seed57532011_signed_difference_e0_minus_e1,ieee57_structural_group_02_realization_02_seed_57202_8x8,ieee57,ieee57_structural_group_02,2,57532011.0,signed_difference_e0_minus_e1,sensitivity_initial_mean,-6.215890146538484e-06,-6.215890146538484e-06,0.0,0.0,false,1e-06,false,win,true
ieee57_structural_group_02_realization_02_seed_57202_8x8_held_out_seed57532012_aggregate_e0_to_e3,ieee57_structural_group_02_realization_02_seed_57202_8x8,ieee57,ieee57_structural_group_02,2,57532012.0,aggregate_e0_to_e3,balanced_magnitude,0.0022850228010933,0.0021655072687982,0.0001195155322951,0.0523038685819346,false,1e-06,false,win,true
ieee57_structural_group_02_realization_02_seed_57202_8x8_held_out_seed57532012_aggregate_e0_to_e3,ieee57_structural_group_02_realization_02_seed_57202_8x8,ieee57,ieee57_structural_group_02,2,57532012.0,aggregate_e0_to_e3,sensitivity_initial_mean,0.0022850228010933,0.0022455422381866,3.9480562906747414e-05,0.0172779732823043,false,1e-06,false,win,true
ieee57_structural_group_02_realization_02_seed_57202_8x8_held_out_seed57532012_coordinate_e0,ieee57_structural_group_02_realization_02_seed_57202_8x8,ieee57,ieee57_structural_group_02,2,57532012.0,coordinate_e0,balanced_magnitude,-0.00064133113777,-0.000769051505971,0.0001277203682009,0.1991488650387965,true,1e-06,false,win,true
ieee57_structural_group_02_realization_02_seed_57202_8x8_held_out_seed57532012_coordinate_e0,ieee57_structural_group_02_realization_02_seed_57202_8x8,ieee57,ieee57_structural_group_02,2,57532012.0,coordinate_e0,sensitivity_initial_mean,-0.00064133113777,-0.00064133113777,0.0,0.0,false,1e-06,false,win,true
ieee57_structural_group_02_realization_02_seed_57202_8x8_held_out_seed57532012_signed_difference_e0_minus_e1,ieee57_structural_group_02_realization_02_seed_57202_8x8,ieee57,ieee57_structural_group_02,2,57532012.0,signed_difference_e0_minus_e1,balanced_magnitude,3.368671441760304e-05,1.959696683348413e-05,1.4089747584118911e-05,0.4182582904777526,true,1e-06,false,win,true
ieee57_structural_group_02_realization_02_seed_57202_8x8_held_out_seed57532012_signed_difference_e0_minus_e1,ieee57_structural_group_02_realization_02_seed_57202_8x8,ieee57,ieee57_structural_group_02,2,57532012.0,signed_difference_e0_minus_e1,sensitivity_initial_mean,3.368671441760304e-05,3.368671441760304e-05,0.0,0.0,false,1e-06,false,win,true
ieee57_structural_group_02_realization_02_seed_57202_8x8_held_out_seed57532013_aggregate_e0_to_e3,ieee57_structural_group_02_realization_02_seed_57202_8x8,ieee57,ieee57_structural_group_02,2,57532013.0,aggregate_e0_to_e3,balanced_magnitude,-0.0042759442014608,-0.0038546490051152,0.0004212951963455,0.0985268227311435,false,1e-06,false,win,true
ieee57_structural_group_02_realization_02_seed_57202_8x8_held_out_seed57532013_aggregate_e0_to_e3,ieee57_structural_group_02_realization_02_seed_57202_8x8,ieee57,ieee57_structural_group_02,2,57532013.0,aggregate_e0_to_e3,sensitivity_initial_mean,-0.0042759442014608,-0.0044533810859891,0.0001774368845283,0.041496538815379,false,1e-06,false,win,true
ieee57_structural_group_02_realization_02_seed_57202_8x8_held_out_seed57532013_coordinate_e0,ieee57_structural_group_02_realization_02_seed_57202_8x8,ieee57,ieee57_structural_group_02,2,57532013.0,coordinate_e0,balanced_magnitude,0.0004720978634451,0.0008384881370828,0.0003663902736376,0.7760896670107422,true,1e-06,false,win,true
ieee57_structural_group_02_realization_02_seed_57202_8x8_held_out_seed57532013_coordinate_e0,ieee57_structural_group_02_realization_02_seed_57202_8x8,ieee57,ieee57_structural_group_02,2,57532013.0,coordinate_e0,sensitivity_initial_mean,0.0004720978634451,0.0004720978634451,0.0,0.0,false,1e-06,false,win,true
ieee57_structural_group_02_realization_02_seed_57202_8x8_held_out_seed57532013_signed_difference_e0_minus_e1,ieee57_structural_group_02_realization_02_seed_57202_8x8,ieee57,ieee57_structural_group_02,2,57532013.0,signed_difference_e0_minus_e1,balanced_magnitude,-6.141855193935315e-05,-2.1366350738675284e-05,4.0052201200677865e-05,0.6521189434786223,true,1e-06,false,win,true
ieee57_structural_group_02_realization_02_seed_57202_8x8_held_out_seed57532013_signed_difference_e0_minus_e1,ieee57_structural_group_02_realization_02_seed_57202_8x8,ieee57,ieee57_structural_group_02,2,57532013.0,signed_difference_e0_minus_e1,sensitivity_initial_mean,-6.141855193935315e-05,-6.141855193935315e-05,0.0,0.0,false,1e-06,false,win,true
ieee57_structural_group_02_realization_02_seed_57202_8x8_held_out_seed57532014_aggregate_e0_to_e3,ieee57_structural_group_02_realization_02_seed_57202_8x8,ieee57,ieee57_structural_group_02,2,57532014.0,aggregate_e0_to_e3,balanced_magnitude,0.0028272862787628,0.0034101282470734,0.0005828419683105,0.2061489042296798,true,1e-06,false,win,true
ieee57_structural_group_02_realization_02_seed_57202_8x8_held_out_seed57532014_aggregate_e0_to_e3,ieee57_structural_group_02_realization_02_seed_57202_8x8,ieee57,ieee57_structural_group_02,2,57532014.0,aggregate_e0_to_e3,sensitivity_initial_mean,0.0028272862787628,0.0024802627030345,0.0003470235757283,0.1227408693399827,true,1e-06,false,win,true
ieee57_structural_group_02_realization_02_seed_57202_8x8_held_out_seed57532014_coordinate_e0,ieee57_structural_group_02_realization_02_seed_57202_8x8,ieee57,ieee57_structural_group_02,2,57532014.0,coordinate_e0,balanced_magnitude,-0.0006080411024016,-4.747626674916827e-05,0.0005605648356524,0.9219193134121209,true,1e-06,false,win,true
ieee57_structural_group_02_realization_02_seed_57202_8x8_held_out_seed57532014_coordinate_e0,ieee57_structural_group_02_realization_02_seed_57202_8x8,ieee57,ieee57_structural_group_02,2,57532014.0,coordinate_e0,sensitivity_initial_mean,-0.0006080411024016,-0.0006080411024016,0.0,0.0,false,1e-06,false,win,true
ieee57_structural_group_02_realization_02_seed_57202_8x8_held_out_seed57532014_signed_difference_e0_minus_e1,ieee57_structural_group_02_realization_02_seed_57202_8x8,ieee57,ieee57_structural_group_02,2,57532014.0,signed_difference_e0_minus_e1,balanced_magnitude,-5.9711823879328744e-05,1.209790004489189e-06,6.092161388381793e-05,1.020260476500166,true,1e-06,false,win,true
ieee57_structural_group_02_realization_02_seed_57202_8x8_held_out_seed57532014_signed_difference_e0_minus_e1,ieee57_structural_group_02_realization_02_seed_57202_8x8,ieee57,ieee57_structural_group_02,2,57532014.0,signed_difference_e0_minus_e1,sensitivity_initial_mean,-5.9711823879328744e-05,-5.9711823879328744e-05,0.0,0.0,false,1e-06,false,win,true
ieee57_structural_group_02_realization_02_seed_57202_8x8_held_out_seed57532015_aggregate_e0_to_e3,ieee57_structural_group_02_realization_02_seed_57202_8x8,ieee57,ieee57_structural_group_02,2,57532015.0,aggregate_e0_to_e3,balanced_magnitude,-0.0010007313489226,-0.0012099042459444,0.0002091728970218,0.2090200304477567,true,1e-06,false,win,true
ieee57_structural_group_02_realization_02_seed_57202_8x8_held_out_seed57532015_aggregate_e0_to_e3,ieee57_structural_group_02_realization_02_seed_57202_8x8,ieee57,ieee57_structural_group_02,2,57532015.0,aggregate_e0_to_e3,sensitivity_initial_mean,-0.0010007313489226,-0.0011837481228202,0.0001830167738976,0.182883022596077,true,1e-06,false,win,true
ieee57_structural_group_02_realization_02_seed_57202_8x8_held_out_seed57532015_coordinate_e0,ieee57_structural_group_02_realization_02_seed_57202_8x8,ieee57,ieee57_structural_group_02,2,57532015.0,coordinate_e0,balanced_magnitude,0.0001464960771185,-2.077131237162975e-05,0.0001672673894902,1.141787498888547,true,1e-06,false,win,true
ieee57_structural_group_02_realization_02_seed_57202_8x8_held_out_seed57532015_coordinate_e0,ieee57_structural_group_02_realization_02_seed_57202_8x8,ieee57,ieee57_structural_group_02,2,57532015.0,coordinate_e0,sensitivity_initial_mean,0.0001464960771185,0.0001464960771185,0.0,0.0,false,1e-06,false,win,true
ieee57_structural_group_02_realization_02_seed_57202_8x8_held_out_seed57532015_signed_difference_e0_minus_e1,ieee57_structural_group_02_realization_02_seed_57202_8x8,ieee57,ieee57_structural_group_02,2,57532015.0,signed_difference_e0_minus_e1,balanced_magnitude,1.8717116904373095e-05,5.292944834960409e-07,1.8187822420877057e-05,0.9717213668002268,true,1e-06,false,win,true
ieee57_structural_group_02_realization_02_seed_57202_8x8_held_out_seed57532015_signed_difference_e0_minus_e1,ieee57_structural_group_02_realization_02_seed_57202_8x8,ieee57,ieee57_structural_group_02,2,57532015.0,signed_difference_e0_minus_e1,sensitivity_initial_mean,1.8717116904373095e-05,1.8717116904373095e-05,0.0,0.0,false,1e-06,false,win,true
ieee57_structural_group_02_realization_02_seed_57202_8x8_held_out_seed57532016_aggregate_e0_to_e3,ieee57_structural_group_02_realization_02_seed_57202_8x8,ieee57,ieee57_structural_group_02,2,57532016.0,aggregate_e0_to_e3,balanced_magnitude,-0.0035688616254712,-0.003680344743078,0.0001114831176068,0.0312377248843645,false,1e-06,false,loss,true
ieee57_structural_group_02_realization_02_seed_57202_8x8_held_out_seed57532016_aggregate_e0_to_e3,ieee57_structural_group_02_realization_02_seed_57202_8x8,ieee57,ieee57_structural_group_02,2,57532016.0,aggregate_e0_to_e3,sensitivity_initial_mean,-0.0035688616254712,-0.0039144792025451,0.0003456175770738,0.0968425266497233,false,1e-06,false,loss,true
ieee57_structural_group_02_realization_02_seed_57202_8x8_held_out_seed57532016_coordinate_e0,ieee57_structural_group_02_realization_02_seed_57202_8x8,ieee57,ieee57_structural_group_02,2,57532016.0,coordinate_e0,balanced_magnitude,0.0009890104845531,0.0006946627633584,0.0002943477211947,0.2976184032343347,true,1e-06,false,win,true
ieee57_structural_group_02_realization_02_seed_57202_8x8_held_out_seed57532016_coordinate_e0,ieee57_structural_group_02_realization_02_seed_57202_8x8,ieee57,ieee57_structural_group_02,2,57532016.0,coordinate_e0,sensitivity_initial_mean,0.0009890104845531,0.0009890104845531,0.0,0.0,false,1e-06,false,win,true
ieee57_structural_group_02_realization_02_seed_57202_8x8_held_out_seed57532016_signed_difference_e0_minus_e1,ieee57_structural_group_02_realization_02_seed_57202_8x8,ieee57,ieee57_structural_group_02,2,57532016.0,signed_difference_e0_minus_e1,balanced_magnitude,1.4108335921834492e-05,-1.7701393246482102e-05,3.1809729168316594e-05,2.254676196013088,true,1e-06,false,win,true
ieee57_structural_group_02_realization_02_seed_57202_8x8_held_out_seed57532016_signed_difference_e0_minus_e1,ieee57_structural_group_02_realization_02_seed_57202_8x8,ieee57,ieee57_structural_group_02,2,57532016.0,signed_difference_e0_minus_e1,sensitivity_initial_mean,1.4108335921834492e-05,1.4108335921834492e-05,0.0,0.0,false,1e-06,false,win,true
ieee57_structural_group_02_realization_02_seed_57202_8x8_held_out_seed57532017_aggregate_e0_to_e3,ieee57_structural_group_02_realization_02_seed_57202_8x8,ieee57,ieee57_structural_group_02,2,57532017.0,aggregate_e0_to_e3,balanced_magnitude,0.0006205699919179,0.0005672195007049,5.3350491213022375e-05,0.0859701434291683,false,1e-06,false,loss,true
ieee57_structural_group_02_realization_02_seed_57202_8x8_held_out_seed57532017_aggregate_e0_to_e3,ieee57_structural_group_02_realization_02_seed_57202_8x8,ieee57,ieee57_structural_group_02,2,57532017.0,aggregate_e0_to_e3,sensitivity_initial_mean,0.0006205699919179,0.0007559711278563,0.0001354011359383,0.2181883392716276,true,1e-06,false,loss,true
ieee57_structural_group_02_realization_02_seed_57202_8x8_held_out_seed57532017_coordinate_e0,ieee57_structural_group_02_realization_02_seed_57202_8x8,ieee57,ieee57_structural_group_02,2,57532017.0,coordinate_e0,balanced_magnitude,-5.980848004090034e-05,-6.106683270247363e-05,1.2583526615732844e-06,0.0210397030774357,false,1e-06,false,win,true
ieee57_structural_group_02_realization_02_seed_57202_8x8_held_out_seed57532017_coordinate_e0,ieee57_structural_group_02_realization_02_seed_57202_8x8,ieee57,ieee57_structural_group_02,2,57532017.0,coordinate_e0,sensitivity_initial_mean,-5.980848004090034e-05,-5.980848004090034e-05,0.0,0.0,false,1e-06,false,win,true
ieee57_structural_group_02_realization_02_seed_57202_8x8_held_out_seed57532017_signed_difference_e0_minus_e1,ieee57_structural_group_02_realization_02_seed_57202_8x8,ieee57,ieee57_structural_group_02,2,57532017.0,signed_difference_e0_minus_e1,balanced_magnitude,1.7092732372731055e-06,1.556104741756294e-06,1.531684955168115e-07,0.0896103046468856,false,1e-06,false,win,true
ieee57_structural_group_02_realization_02_seed_57202_8x8_held_out_seed57532017_signed_difference_e0_minus_e1,ieee57_structural_group_02_realization_02_seed_57202_8x8,ieee57,ieee57_structural_group_02,2,57532017.0,signed_difference_e0_minus_e1,sensitivity_initial_mean,1.7092732372731055e-06,1.7092732372731055e-06,0.0,0.0,false,1e-06,false,win,true
ieee57_structural_group_02_realization_02_seed_57202_8x8_held_out_seed57532018_aggregate_e0_to_e3,ieee57_structural_group_02_realization_02_seed_57202_8x8,ieee57,ieee57_structural_group_02,2,57532018.0,aggregate_e0_to_e3,balanced_magnitude,0.0002375058790021,-0.0004687802904409,0.000706286169443,2.9737628913039504,true,1e-06,false,win,true
ieee57_structural_group_02_realization_02_seed_57202_8x8_held_out_seed57532018_aggregate_e0_to_e3,ieee57_structural_group_02_realization_02_seed_57202_8x8,ieee57,ieee57_structural_group_02,2,57532018.0,aggregate_e0_to_e3,sensitivity_initial_mean,0.0002375058790021,0.000831436155153,0.0005939302761508,2.5006971559871127,true,1e-06,false,win,true
ieee57_structural_group_02_realization_02_seed_57202_8x8_held_out_seed57532018_coordinate_e0,ieee57_structural_group_02_realization_02_seed_57202_8x8,ieee57,ieee57_structural_group_02,2,57532018.0,coordinate_e0,balanced_magnitude,0.0008865955046913,0.0002529311506415,0.0006336643540497,0.7147164075351036,true,1e-06,false,win,true
ieee57_structural_group_02_realization_02_seed_57202_8x8_held_out_seed57532018_coordinate_e0,ieee57_structural_group_02_realization_02_seed_57202_8x8,ieee57,ieee57_structural_group_02,2,57532018.0,coordinate_e0,sensitivity_initial_mean,0.0008865955046913,0.0008865955046913,0.0,0.0,false,1e-06,false,win,true
ieee57_structural_group_02_realization_02_seed_57202_8x8_held_out_seed57532018_signed_difference_e0_minus_e1,ieee57_structural_group_02_realization_02_seed_57202_8x8,ieee57,ieee57_structural_group_02,2,57532018.0,signed_difference_e0_minus_e1,balanced_magnitude,6.236734467158025e-05,-6.445190382950395e-06,6.881253505453065e-05,1.1033423888236715,true,1e-06,false,win,true
ieee57_structural_group_02_realization_02_seed_57202_8x8_held_out_seed57532018_signed_difference_e0_minus_e1,ieee57_structural_group_02_realization_02_seed_57202_8x8,ieee57,ieee57_structural_group_02,2,57532018.0,signed_difference_e0_minus_e1,sensitivity_initial_mean,6.236734467158025e-05,6.236734467158025e-05,0.0,0.0,false,1e-06,false,win,true
ieee57_structural_group_02_realization_02_seed_57202_8x8_held_out_seed57532019_aggregate_e0_to_e3,ieee57_structural_group_02_realization_02_seed_57202_8x8,ieee57,ieee57_structural_group_02,2,57532019.0,aggregate_e0_to_e3,balanced_magnitude,0.0023238541065034,0.0024989763621623,0.0001751222556588,0.0753585412994747,false,1e-06,false,win,true
ieee57_structural_group_02_realization_02_seed_57202_8x8_held_out_seed57532019_aggregate_e0_to_e3,ieee57_structural_group_02_realization_02_seed_57202_8x8,ieee57,ieee57_structural_group_02,2,57532019.0,aggregate_e0_to_e3,sensitivity_initial_mean,0.0023238541065034,0.0024964220005604,0.0001725678940569,0.0742593494032285,false,1e-06,false,win,true
ieee57_structural_group_02_realization_02_seed_57202_8x8_held_out_seed57532019_coordinate_e0,ieee57_structural_group_02_realization_02_seed_57202_8x8,ieee57,ieee57_structural_group_02,2,57532019.0,coordinate_e0,balanced_magnitude,-0.0008655742431816,-0.0007214159926363,0.0001441582505452,0.1665463727471902,true,1e-06,false,win,true
ieee57_structural_group_02_realization_02_seed_57202_8x8_held_out_seed57532019_coordinate_e0,ieee57_structural_group_02_realization_02_seed_57202_8x8,ieee57,ieee57_structural_group_02,2,57532019.0,coordinate_e0,sensitivity_initial_mean,-0.0008655742431816,-0.0008655742431816,0.0,0.0,false,1e-06,false,win,true
ieee57_structural_group_02_realization_02_seed_57202_8x8_held_out_seed57532019_signed_difference_e0_minus_e1,ieee57_structural_group_02_realization_02_seed_57202_8x8,ieee57,ieee57_structural_group_02,2,57532019.0,signed_difference_e0_minus_e1,balanced_magnitude,2.906418202815262e-06,1.8383118908256685e-05,1.5476700705441423e-05,5.325008180326606,true,1e-06,false,win,true
ieee57_structural_group_02_realization_02_seed_57202_8x8_held_out_seed57532019_signed_difference_e0_minus_e1,ieee57_structural_group_02_realization_02_seed_57202_8x8,ieee57,ieee57_structural_group_02,2,57532019.0,signed_difference_e0_minus_e1,sensitivity_initial_mean,2.906418202815262e-06,2.906418202815262e-06,0.0,0.0,false,1e-06,false,win,true
ieee57_structural_group_03_realization_01_seed_57201_8x8_held_out_seed57542000_aggregate_e0_to_e3,ieee57_structural_group_03_realization_01_seed_57201_8x8,ieee57,ieee57_structural_group_03,1,57542000.0,aggregate_e0_to_e3,balanced_magnitude,0.0022048138638371,0.0024288604155547,0.0002240465517175,0.1016169915258367,true,1e-06,false,win,true
ieee57_structural_group_03_realization_01_seed_57201_8x8_held_out_seed57542000_aggregate_e0_to_e3,ieee57_structural_group_03_realization_01_seed_57201_8x8,ieee57,ieee57_structural_group_03,1,57542000.0,aggregate_e0_to_e3,sensitivity_initial_mean,0.0022048138638371,0.0020800958161098,0.0001247180477273,0.0565662479599481,false,1e-06,false,win,true
ieee57_structural_group_03_realization_01_seed_57201_8x8_held_out_seed57542000_coordinate_e0,ieee57_structural_group_03_realization_01_seed_57201_8x8,ieee57,ieee57_structural_group_03,1,57542000.0,coordinate_e0,balanced_magnitude,0.0013857299670844,0.0011171606915113,0.0002685692755731,0.1938106860301205,true,1e-06,false,win,true
ieee57_structural_group_03_realization_01_seed_57201_8x8_held_out_seed57542000_coordinate_e0,ieee57_structural_group_03_realization_01_seed_57201_8x8,ieee57,ieee57_structural_group_03,1,57542000.0,coordinate_e0,sensitivity_initial_mean,0.0013857299670844,0.0013857299670844,0.0,0.0,false,1e-06,false,win,true
ieee57_structural_group_03_realization_01_seed_57201_8x8_held_out_seed57542000_signed_difference_e0_minus_e1,ieee57_structural_group_03_realization_01_seed_57201_8x8,ieee57,ieee57_structural_group_03,1,57542000.0,signed_difference_e0_minus_e1,balanced_magnitude,-0.0006557587231395,-0.0010940307898948,0.0004382720667553,0.6683434795302396,true,1e-06,false,win,true
ieee57_structural_group_03_realization_01_seed_57201_8x8_held_out_seed57542000_signed_difference_e0_minus_e1,ieee57_structural_group_03_realization_01_seed_57201_8x8,ieee57,ieee57_structural_group_03,1,57542000.0,signed_difference_e0_minus_e1,sensitivity_initial_mean,-0.0006557587231395,-0.000718576721402,6.281799826248998e-05,0.0957943768734669,false,1e-06,false,win,true
ieee57_structural_group_03_realization_01_seed_57201_8x8_held_out_seed57542001_aggregate_e0_to_e3,ieee57_structural_group_03_realization_01_seed_57201_8x8,ieee57,ieee57_structural_group_03,1,57542001.0,aggregate_e0_to_e3,balanced_magnitude,0.0018849084307779,0.0013659353023604,0.0005189731284175,0.2753306844743426,true,1e-06,false,win,true
ieee57_structural_group_03_realization_01_seed_57201_8x8_held_out_seed57542001_aggregate_e0_to_e3,ieee57_structural_group_03_realization_01_seed_57201_8x8,ieee57,ieee57_structural_group_03,1,57542001.0,aggregate_e0_to_e3,sensitivity_initial_mean,0.0018849084307779,0.0022272451437179,0.0003423367129399,0.1816198109945446,true,1e-06,false,win,true
ieee57_structural_group_03_realization_01_seed_57201_8x8_held_out_seed57542001_coordinate_e0,ieee57_structural_group_03_realization_01_seed_57201_8x8,ieee57,ieee57_structural_group_03,1,57542001.0,coordinate_e0,balanced_magnitude,0.0020019788691623,0.0022271163417779,0.0002251374726156,0.1124574670010481,true,1e-06,false,win,true
ieee57_structural_group_03_realization_01_seed_57201_8x8_held_out_seed57542001_coordinate_e0,ieee57_structural_group_03_realization_01_seed_57201_8x8,ieee57,ieee57_structural_group_03,1,57542001.0,coordinate_e0,sensitivity_initial_mean,0.0020019788691623,0.0020019788691623,0.0,0.0,false,1e-06,false,win,true
ieee57_structural_group_03_realization_01_seed_57201_8x8_held_out_seed57542001_signed_difference_e0_minus_e1,ieee57_structural_group_03_realization_01_seed_57201_8x8,ieee57,ieee57_structural_group_03,1,57542001.0,signed_difference_e0_minus_e1,balanced_magnitude,-0.0031677307431409,-0.0035773166882174,0.0004095859450764,0.1292994822755453,true,1e-06,false,loss,true
ieee57_structural_group_03_realization_01_seed_57201_8x8_held_out_seed57542001_signed_difference_e0_minus_e1,ieee57_structural_group_03_realization_01_seed_57201_8x8,ieee57,ieee57_structural_group_03,1,57542001.0,signed_difference_e0_minus_e1,sensitivity_initial_mean,-0.0031677307431409,-0.0045651652388666,0.0013974344957256,0.4411468679121469,true,1e-06,false,loss,true
ieee57_structural_group_03_realization_01_seed_57201_8x8_held_out_seed57542002_aggregate_e0_to_e3,ieee57_structural_group_03_realization_01_seed_57201_8x8,ieee57,ieee57_structural_group_03,1,57542002.0,aggregate_e0_to_e3,balanced_magnitude,0.0009942645599712,0.000484965695865,0.0005092988641062,0.5122367673659588,true,1e-06,false,win,true
ieee57_structural_group_03_realization_01_seed_57201_8x8_held_out_seed57542002_aggregate_e0_to_e3,ieee57_structural_group_03_realization_01_seed_57201_8x8,ieee57,ieee57_structural_group_03,1,57542002.0,aggregate_e0_to_e3,sensitivity_initial_mean,0.0009942645599712,0.0006638509795872,0.000330413580384,0.332319579402059,true,1e-06,false,win,true
ieee57_structural_group_03_realization_01_seed_57201_8x8_held_out_seed57542002_coordinate_e0,ieee57_structural_group_03_realization_01_seed_57201_8x8,ieee57,ieee57_structural_group_03,1,57542002.0,coordinate_e0,balanced_magnitude,-0.0013585098752226,-0.0020515066412967,0.000692996766074,0.510115368841549,true,1e-06,false,win,true
ieee57_structural_group_03_realization_01_seed_57201_8x8_held_out_seed57542002_coordinate_e0,ieee57_structural_group_03_realization_01_seed_57201_8x8,ieee57,ieee57_structural_group_03,1,57542002.0,coordinate_e0,sensitivity_initial_mean,-0.0013585098752226,-0.0013585098752226,0.0,0.0,false,1e-06,false,win,true
ieee57_structural_group_03_realization_01_seed_57201_8x8_held_out_seed57542002_signed_difference_e0_minus_e1,ieee57_structural_group_03_realization_01_seed_57201_8x8,ieee57,ieee57_structural_group_03,1,57542002.0,signed_difference_e0_minus_e1,balanced_magnitude,-0.0011987284942882,-0.0012214987737565,2.2770279468302098e-05,0.0189953601476896,false,1e-06,false,loss,true
ieee57_structural_group_03_realization_01_seed_57201_8x8_held_out_seed57542002_signed_difference_e0_minus_e1,ieee57_structural_group_03_realization_01_seed_57201_8x8,ieee57,ieee57_structural_group_03,1,57542002.0,signed_difference_e0_minus_e1,sensitivity_initial_mean,-0.0011987284942882,-0.0006591684124105,0.0005395600818776,0.4501103331142733,true,1e-06,false,loss,true
ieee57_structural_group_03_realization_01_seed_57201_8x8_held_out_seed57542003_aggregate_e0_to_e3,ieee57_structural_group_03_realization_01_seed_57201_8x8,ieee57,ieee57_structural_group_03,1,57542003.0,aggregate_e0_to_e3,balanced_magnitude,0.002644244265502,0.002950605158948,0.0003063608934459,0.1158595283510149,true,1e-06,false,loss,true
ieee57_structural_group_03_realization_01_seed_57201_8x8_held_out_seed57542003_aggregate_e0_to_e3,ieee57_structural_group_03_realization_01_seed_57201_8x8,ieee57,ieee57_structural_group_03,1,57542003.0,aggregate_e0_to_e3,sensitivity_initial_mean,0.002644244265502,0.0017648968205668,0.0008793474449352,0.3325515181814238,true,1e-06,false,loss,true
ieee57_structural_group_03_realization_01_seed_57201_8x8_held_out_seed57542003_coordinate_e0,ieee57_structural_group_03_realization_01_seed_57201_8x8,ieee57,ieee57_structural_group_03,1,57542003.0,coordinate_e0,balanced_magnitude,0.0021976909467767,0.0028882306185299,0.0006905396717531,0.3142114557854185,true,1e-06,false,win,true
ieee57_structural_group_03_realization_01_seed_57201_8x8_held_out_seed57542003_coordinate_e0,ieee57_structural_group_03_realization_01_seed_57201_8x8,ieee57,ieee57_structural_group_03,1,57542003.0,coordinate_e0,sensitivity_initial_mean,0.0021976909467767,0.0021976909467767,0.0,0.0,false,1e-06,false,win,true
ieee57_structural_group_03_realization_01_seed_57201_8x8_held_out_seed57542003_signed_difference_e0_minus_e1,ieee57_structural_group_03_realization_01_seed_57201_8x8,ieee57,ieee57_structural_group_03,1,57542003.0,signed_difference_e0_minus_e1,balanced_magnitude,0.001991279246151,0.0030443359485277,0.0010530567023766,0.5288342679270714,true,1e-06,false,loss,true
ieee57_structural_group_03_realization_01_seed_57201_8x8_held_out_seed57542003_signed_difference_e0_minus_e1,ieee57_structural_group_03_realization_01_seed_57201_8x8,ieee57,ieee57_structural_group_03,1,57542003.0,signed_difference_e0_minus_e1,sensitivity_initial_mean,0.001991279246151,0.0036128100004409,0.0016215307542898,0.8143161022865608,true,1e-06,false,loss,true
ieee57_structural_group_03_realization_01_seed_57201_8x8_held_out_seed57542004_aggregate_e0_to_e3,ieee57_structural_group_03_realization_01_seed_57201_8x8,ieee57,ieee57_structural_group_03,1,57542004.0,aggregate_e0_to_e3,balanced_magnitude,-0.0039115643520586,-0.0038681230898354,4.344126222318107e-05,0.0111058539022418,false,1e-06,false,win,true
ieee57_structural_group_03_realization_01_seed_57201_8x8_held_out_seed57542004_aggregate_e0_to_e3,ieee57_structural_group_03_realization_01_seed_57201_8x8,ieee57,ieee57_structural_group_03,1,57542004.0,aggregate_e0_to_e3,sensitivity_initial_mean,-0.0039115643520586,-0.0038915344989859,2.0029853072694916e-05,0.0051206758396172,false,1e-06,false,win,true
ieee57_structural_group_03_realization_01_seed_57201_8x8_held_out_seed57542004_coordinate_e0,ieee57_structural_group_03_realization_01_seed_57201_8x8,ieee57,ieee57_structural_group_03,1,57542004.0,coordinate_e0,balanced_magnitude,-9.027391832584338e-05,0.0003292114811688,0.0004194853994946,4.64680615701789,true,1e-06,false,win,true
ieee57_structural_group_03_realization_01_seed_57201_8x8_held_out_seed57542004_coordinate_e0,ieee57_structural_group_03_realization_01_seed_57201_8x8,ieee57,ieee57_structural_group_03,1,57542004.0,coordinate_e0,sensitivity_initial_mean,-9.027391832584338e-05,-9.027391832584338e-05,0.0,0.0,false,1e-06,false,win,true
ieee57_structural_group_03_realization_01_seed_57201_8x8_held_out_seed57542004_signed_difference_e0_minus_e1,ieee57_structural_group_03_realization_01_seed_57201_8x8,ieee57,ieee57_structural_group_03,1,57542004.0,signed_difference_e0_minus_e1,balanced_magnitude,0.0020824446784507,0.0025774704896279,0.0004950258111771,0.2377137872135039,true,1e-06,false,win,true
ieee57_structural_group_03_realization_01_seed_57201_8x8_held_out_seed57542004_signed_difference_e0_minus_e1,ieee57_structural_group_03_realization_01_seed_57201_8x8,ieee57,ieee57_structural_group_03,1,57542004.0,signed_difference_e0_minus_e1,sensitivity_initial_mean,0.0020824446784507,0.0024181529112095,0.0003357082327587,0.1612087160022412,true,1e-06,false,win,true
ieee57_structural_group_03_realization_01_seed_57201_8x8_held_out_seed57542005_aggregate_e0_to_e3,ieee57_structural_group_03_realization_01_seed_57201_8x8,ieee57,ieee57_structural_group_03,1,57542005.0,aggregate_e0_to_e3,balanced_magnitude,-0.0006625504655247,-0.0007152705123289,5.272004680423087e-05,0.0795713678390929,false,1e-06,false,loss,true
ieee57_structural_group_03_realization_01_seed_57201_8x8_held_out_seed57542005_aggregate_e0_to_e3,ieee57_structural_group_03_realization_01_seed_57201_8x8,ieee57,ieee57_structural_group_03,1,57542005.0,aggregate_e0_to_e3,sensitivity_initial_mean,-0.0006625504655247,-0.0003145224841084,0.0003480279814163,0.5252852416920333,true,1e-06,false,loss,true
ieee57_structural_group_03_realization_01_seed_57201_8x8_held_out_seed57542005_coordinate_e0,ieee57_structural_group_03_realization_01_seed_57201_8x8,ieee57,ieee57_structural_group_03,1,57542005.0,coordinate_e0,balanced_magnitude,0.0002334556754131,7.513778315369085e-05,0.0001583178922594,0.6781496829292829,true,1e-06,false,win,true
ieee57_structural_group_03_realization_01_seed_57201_8x8_held_out_seed57542005_coordinate_e0,ieee57_structural_group_03_realization_01_seed_57201_8x8,ieee57,ieee57_structural_group_03,1,57542005.0,coordinate_e0,sensitivity_initial_mean,0.0002334556754131,0.0002334556754131,0.0,0.0,false,1e-06,false,win,true
ieee57_structural_group_03_realization_01_seed_57201_8x8_held_out_seed57542005_signed_difference_e0_minus_e1,ieee57_structural_group_03_realization_01_seed_57201_8x8,ieee57,ieee57_structural_group_03,1,57542005.0,signed_difference_e0_minus_e1,balanced_magnitude,0.0008652854544285,0.0005987220839404,0.0002665633704881,0.3080640835042677,true,1e-06,false,loss,true
ieee57_structural_group_03_realization_01_seed_57201_8x8_held_out_seed57542005_signed_difference_e0_minus_e1,ieee57_structural_group_03_realization_01_seed_57201_8x8,ieee57,ieee57_structural_group_03,1,57542005.0,signed_difference_e0_minus_e1,sensitivity_initial_mean,0.0008652854544285,0.0003746974203141,0.0004905880341144,0.5669666947520943,true,1e-06,false,loss,true
ieee57_structural_group_03_realization_01_seed_57201_8x8_held_out_seed57542006_aggregate_e0_to_e3,ieee57_structural_group_03_realization_01_seed_57201_8x8,ieee57,ieee57_structural_group_03,1,57542006.0,aggregate_e0_to_e3,balanced_magnitude,-0.0060163748752636,-0.0048394131021012,0.0011769617731623,0.1956264025370889,true,1e-06,false,win,true
ieee57_structural_group_03_realization_01_seed_57201_8x8_held_out_seed57542006_aggregate_e0_to_e3,ieee57_structural_group_03_realization_01_seed_57201_8x8,ieee57,ieee57_structural_group_03,1,57542006.0,aggregate_e0_to_e3,sensitivity_initial_mean,-0.0060163748752636,-0.0057243643700513,0.0002920105052123,0.0485359558316275,false,1e-06,false,win,true
ieee57_structural_group_03_realization_01_seed_57201_8x8_held_out_seed57542006_coordinate_e0,ieee57_structural_group_03_realization_01_seed_57201_8x8,ieee57,ieee57_structural_group_03,1,57542006.0,coordinate_e0,balanced_magnitude,-0.001312700224251,-0.0007304334658472,0.0005822667584038,0.4435641494127427,true,1e-06,false,win,true
ieee57_structural_group_03_realization_01_seed_57201_8x8_held_out_seed57542006_coordinate_e0,ieee57_structural_group_03_realization_01_seed_57201_8x8,ieee57,ieee57_structural_group_03,1,57542006.0,coordinate_e0,sensitivity_initial_mean,-0.001312700224251,-0.001312700224251,0.0,0.0,false,1e-06,false,win,true
ieee57_structural_group_03_realization_01_seed_57201_8x8_held_out_seed57542006_signed_difference_e0_minus_e1,ieee57_structural_group_03_realization_01_seed_57201_8x8,ieee57,ieee57_structural_group_03,1,57542006.0,signed_difference_e0_minus_e1,balanced_magnitude,0.0026888370222893,0.0033098101994852,0.0006209731771958,0.2309448925495413,true,1e-06,false,win,true
ieee57_structural_group_03_realization_01_seed_57201_8x8_held_out_seed57542006_signed_difference_e0_minus_e1,ieee57_structural_group_03_realization_01_seed_57201_8x8,ieee57,ieee57_structural_group_03,1,57542006.0,signed_difference_e0_minus_e1,sensitivity_initial_mean,0.0026888370222893,0.0028048687504361,0.0001160317281467,0.0431531279824253,false,1e-06,false,win,true
ieee57_structural_group_03_realization_01_seed_57201_8x8_held_out_seed57542007_aggregate_e0_to_e3,ieee57_structural_group_03_realization_01_seed_57201_8x8,ieee57,ieee57_structural_group_03,1,57542007.0,aggregate_e0_to_e3,balanced_magnitude,-0.0011753015239157,-0.0011490273488071,2.6274175108609863e-05,0.0223552633719667,false,1e-06,false,loss,true
ieee57_structural_group_03_realization_01_seed_57201_8x8_held_out_seed57542007_aggregate_e0_to_e3,ieee57_structural_group_03_realization_01_seed_57201_8x8,ieee57,ieee57_structural_group_03,1,57542007.0,aggregate_e0_to_e3,sensitivity_initial_mean,-0.0011753015239157,-0.0005044313309734,0.0006708701929422,0.5708068774616388,true,1e-06,false,loss,true
ieee57_structural_group_03_realization_01_seed_57201_8x8_held_out_seed57542007_coordinate_e0,ieee57_structural_group_03_realization_01_seed_57201_8x8,ieee57,ieee57_structural_group_03,1,57542007.0,coordinate_e0,balanced_magnitude,0.0003124821817811,-0.0001314543556696,0.0004439365374508,1.4206779244830268,true,1e-06,false,win,true
ieee57_structural_group_03_realization_01_seed_57201_8x8_held_out_seed57542007_coordinate_e0,ieee57_structural_group_03_realization_01_seed_57201_8x8,ieee57,ieee57_structural_group_03,1,57542007.0,coordinate_e0,sensitivity_initial_mean,0.0003124821817811,0.0003124821817811,0.0,0.0,false,1e-06,false,win,true
ieee57_structural_group_03_realization_01_seed_57201_8x8_held_out_seed57542007_signed_difference_e0_minus_e1,ieee57_structural_group_03_realization_01_seed_57201_8x8,ieee57,ieee57_structural_group_03,1,57542007.0,signed_difference_e0_minus_e1,balanced_magnitude,0.0019199288609216,0.001168971266171,0.0007509575947506,0.3911382395648337,true,1e-06,false,loss,true
ieee57_structural_group_03_realization_01_seed_57201_8x8_held_out_seed57542007_signed_difference_e0_minus_e1,ieee57_structural_group_03_realization_01_seed_57201_8x8,ieee57,ieee57_structural_group_03,1,57542007.0,signed_difference_e0_minus_e1,sensitivity_initial_mean,0.0019199288609216,0.0010351500068634,0.0008847788540581,0.4608393946604076,true,1e-06,false,loss,true
ieee57_structural_group_03_realization_01_seed_57201_8x8_held_out_seed57542008_aggregate_e0_to_e3,ieee57_structural_group_03_realization_01_seed_57201_8x8,ieee57,ieee57_structural_group_03,1,57542008.0,aggregate_e0_to_e3,balanced_magnitude,-0.0043206063507601,-0.0051165629974207,0.0007959566466605,0.1842233663616406,true,1e-06,false,win,true
ieee57_structural_group_03_realization_01_seed_57201_8x8_held_out_seed57542008_aggregate_e0_to_e3,ieee57_structural_group_03_realization_01_seed_57201_8x8,ieee57,ieee57_structural_group_03,1,57542008.0,aggregate_e0_to_e3,sensitivity_initial_mean,-0.0043206063507601,-0.0050481831913659,0.0007275768406057,0.1683969289351672,true,1e-06,false,win,true
ieee57_structural_group_03_realization_01_seed_57201_8x8_held_out_seed57542008_coordinate_e0,ieee57_structural_group_03_realization_01_seed_57201_8x8,ieee57,ieee57_structural_group_03,1,57542008.0,coordinate_e0,balanced_magnitude,-0.004794228304292,-0.0052032714552716,0.0004090431509795,0.0853199149096408,false,1e-06,false,win,true
ieee57_structural_group_03_realization_01_seed_57201_8x8_held_out_seed57542008_coordinate_e0,ieee57_structural_group_03_realization_01_seed_57201_8x8,ieee57,ieee57_structural_group_03,1,57542008.0,coordinate_e0,sensitivity_initial_mean,-0.004794228304292,-0.004794228304292,0.0,0.0,false,1e-06,false,win,true
ieee57_structural_group_03_realization_01_seed_57201_8x8_held_out_seed57542008_signed_difference_e0_minus_e1,ieee57_structural_group_03_realization_01_seed_57201_8x8,ieee57,ieee57_structural_group_03,1,57542008.0,signed_difference_e0_minus_e1,balanced_magnitude,-0.0030885884692002,-0.0025424519877287,0.0005461364814715,0.1768239721535257,true,1e-06,false,loss,true
ieee57_structural_group_03_realization_01_seed_57201_8x8_held_out_seed57542008_signed_difference_e0_minus_e1,ieee57_structural_group_03_realization_01_seed_57201_8x8,ieee57,ieee57_structural_group_03,1,57542008.0,signed_difference_e0_minus_e1,sensitivity_initial_mean,-0.0030885884692002,-0.0017588155865166,0.0013297728826836,0.4305438862911945,true,1e-06,false,loss,true
ieee57_structural_group_03_realization_01_seed_57201_8x8_held_out_seed57542009_aggregate_e0_to_e3,ieee57_structural_group_03_realization_01_seed_57201_8x8,ieee57,ieee57_structural_group_03,1,57542009.0,aggregate_e0_to_e3,balanced_magnitude,-0.0009634897065204,-0.0020835133698489,0.0011200236633285,1.1624656244366998,true,1e-06,false,loss,true
ieee57_structural_group_03_realization_01_seed_57201_8x8_held_out_seed57542009_aggregate_e0_to_e3,ieee57_structural_group_03_realization_01_seed_57201_8x8,ieee57,ieee57_structural_group_03,1,57542009.0,aggregate_e0_to_e3,sensitivity_initial_mean,-0.0009634897065204,-0.0024591886517769,0.0014956989452565,1.552376673185413,true,1e-06,false,loss,true
ieee57_structural_group_03_realization_01_seed_57201_8x8_held_out_seed57542009_coordinate_e0,ieee57_structural_group_03_realization_01_seed_57201_8x8,ieee57,ieee57_structural_group_03,1,57542009.0,coordinate_e0,balanced_magnitude,0.0016021319202339,0.0010615601844514,0.0005405717357824,0.3374077558503942,true,1e-06,false,win,true
ieee57_structural_group_03_realization_01_seed_57201_8x8_held_out_seed57542009_coordinate_e0,ieee57_structural_group_03_realization_01_seed_57201_8x8,ieee57,ieee57_structural_group_03,1,57542009.0,coordinate_e0,sensitivity_initial_mean,0.0016021319202339,0.0016021319202339,0.0,0.0,false,1e-06,false,win,true
ieee57_structural_group_03_realization_01_seed_57201_8x8_held_out_seed57542009_signed_difference_e0_minus_e1,ieee57_structural_group_03_realization_01_seed_57201_8x8,ieee57,ieee57_structural_group_03,1,57542009.0,signed_difference_e0_minus_e1,balanced_magnitude,-0.0013198422296965,-0.0005271467497673,0.0007926954799291,0.6005986640626245,true,1e-06,false,loss,true
ieee57_structural_group_03_realization_01_seed_57201_8x8_held_out_seed57542009_signed_difference_e0_minus_e1,ieee57_structural_group_03_realization_01_seed_57201_8x8,ieee57,ieee57_structural_group_03,1,57542009.0,signed_difference_e0_minus_e1,sensitivity_initial_mean,-0.0013198422296965,0.000882908506962,0.0022027507366586,1.6689500359183815,true,1e-06,false,loss,true
ieee57_structural_group_03_realization_01_seed_57201_8x8_held_out_seed57542010_aggregate_e0_to_e3,ieee57_structural_group_03_realization_01_seed_57201_8x8,ieee57,ieee57_structural_group_03,1,57542010.0,aggregate_e0_to_e3,balanced_magnitude,-0.0008981259226836,-0.0017934301966245,0.0008953042739409,0.996858292727712,true,1e-06,false,loss,true
ieee57_structural_group_03_realization_01_seed_57201_8x8_held_out_seed57542010_aggregate_e0_to_e3,ieee57_structural_group_03_realization_01_seed_57201_8x8,ieee57,ieee57_structural_group_03,1,57542010.0,aggregate_e0_to_e3,sensitivity_initial_mean,-0.0008981259226836,-0.0027266886605584,0.0018285627378748,2.03597590459365,true,1e-06,false,loss,true
ieee57_structural_group_03_realization_01_seed_57201_8x8_held_out_seed57542010_coordinate_e0,ieee57_structural_group_03_realization_01_seed_57201_8x8,ieee57,ieee57_structural_group_03,1,57542010.0,coordinate_e0,balanced_magnitude,0.0015624462993095,0.0007421262991498,0.0008203200001597,0.5250228443193423,true,1e-06,false,win,true
ieee57_structural_group_03_realization_01_seed_57201_8x8_held_out_seed57542010_coordinate_e0,ieee57_structural_group_03_realization_01_seed_57201_8x8,ieee57,ieee57_structural_group_03,1,57542010.0,coordinate_e0,sensitivity_initial_mean,0.0015624462993095,0.0015624462993095,0.0,0.0,false,1e-06,false,win,true
ieee57_structural_group_03_realization_01_seed_57201_8x8_held_out_seed57542010_signed_difference_e0_minus_e1,ieee57_structural_group_03_realization_01_seed_57201_8x8,ieee57,ieee57_structural_group_03,1,57542010.0,signed_difference_e0_minus_e1,balanced_magnitude,0.0004997963361711,0.0016393262880055,0.0011395299518343,2.2799886060873154,true,1e-06,false,loss,true
ieee57_structural_group_03_realization_01_seed_57201_8x8_held_out_seed57542010_signed_difference_e0_minus_e1,ieee57_structural_group_03_realization_01_seed_57201_8x8,ieee57,ieee57_structural_group_03,1,57542010.0,signed_difference_e0_minus_e1,sensitivity_initial_mean,0.0004997963361711,0.003609201124628,0.0031094047884568,6.22134370227188,true,1e-06,false,loss,true
ieee57_structural_group_03_realization_01_seed_57201_8x8_held_out_seed57542011_aggregate_e0_to_e3,ieee57_structural_group_03_realization_01_seed_57201_8x8,ieee57,ieee57_structural_group_03,1,57542011.0,aggregate_e0_to_e3,balanced_magnitude,-0.0018536006984309,-0.0011242610811298,0.000729339617301,0.3934718075572913,true,1e-06,false,loss,true
ieee57_structural_group_03_realization_01_seed_57201_8x8_held_out_seed57542011_aggregate_e0_to_e3,ieee57_structural_group_03_realization_01_seed_57201_8x8,ieee57,ieee57_structural_group_03,1,57542011.0,aggregate_e0_to_e3,sensitivity_initial_mean,-0.0018536006984309,-0.0026260081116759,0.0007724074132449,0.4167064750778423,true,1e-06,false,loss,true
ieee57_structural_group_03_realization_01_seed_57201_8x8_held_out_seed57542011_coordinate_e0,ieee57_structural_group_03_realization_01_seed_57201_8x8,ieee57,ieee57_structural_group_03,1,57542011.0,coordinate_e0,balanced_magnitude,0.0002190589421322,0.0014561205654076,0.0012370616232754,5.647163321589872,true,1e-06,false,win,true
ieee57_structural_group_03_realization_01_seed_57201_8x8_held_out_seed57542011_coordinate_e0,ieee57_structural_group_03_realization_01_seed_57201_8x8,ieee57,ieee57_structural_group_03,1,57542011.0,coordinate_e0,sensitivity_initial_mean,0.0002190589421322,0.0002190589421322,0.0,0.0,false,1e-06,false,win,true
ieee57_structural_group_03_realization_01_seed_57201_8x8_held_out_seed57542011_signed_difference_e0_minus_e1,ieee57_structural_group_03_realization_01_seed_57201_8x8,ieee57,ieee57_structural_group_03,1,57542011.0,signed_difference_e0_minus_e1,balanced_magnitude,0.0005781990376267,0.0020712231617191,0.0014930241240923,2.582197525302894,true,1e-06,false,win,true
ieee57_structural_group_03_realization_01_seed_57201_8x8_held_out_seed57542011_signed_difference_e0_minus_e1,ieee57_structural_group_03_realization_01_seed_57201_8x8,ieee57,ieee57_structural_group_03,1,57542011.0,signed_difference_e0_minus_e1,sensitivity_initial_mean,0.0005781990376267,0.0020100381226977,0.0014318390850709,2.4763774961438747,true,1e-06,false,win,true
ieee57_structural_group_03_realization_01_seed_57201_8x8_held_out_seed57542012_aggregate_e0_to_e3,ieee57_structural_group_03_realization_01_seed_57201_8x8,ieee57,ieee57_structural_group_03,1,57542012.0,aggregate_e0_to_e3,balanced_magnitude,-0.0014942565945164,-0.0013953038942937,9.895270022263793e-05,0.0662220267829317,false,1e-06,false,loss,true
ieee57_structural_group_03_realization_01_seed_57201_8x8_held_out_seed57542012_aggregate_e0_to_e3,ieee57_structural_group_03_realization_01_seed_57201_8x8,ieee57,ieee57_structural_group_03,1,57542012.0,aggregate_e0_to_e3,sensitivity_initial_mean,-0.0014942565945164,-0.0011137038444832,0.0003805527500331,0.2546769754470083,true,1e-06,false,loss,true
ieee57_structural_group_03_realization_01_seed_57201_8x8_held_out_seed57542012_coordinate_e0,ieee57_structural_group_03_realization_01_seed_57201_8x8,ieee57,ieee57_structural_group_03,1,57542012.0,coordinate_e0,balanced_magnitude,0.0035896343172512,0.0036238650066342,3.423068938304295e-05,0.0095359823195737,false,1e-06,false,win,true
ieee57_structural_group_03_realization_01_seed_57201_8x8_held_out_seed57542012_coordinate_e0,ieee57_structural_group_03_realization_01_seed_57201_8x8,ieee57,ieee57_structural_group_03,1,57542012.0,coordinate_e0,sensitivity_initial_mean,0.0035896343172512,0.0035896343172512,0.0,0.0,false,1e-06,false,win,true
ieee57_structural_group_03_realization_01_seed_57201_8x8_held_out_seed57542012_signed_difference_e0_minus_e1,ieee57_structural_group_03_realization_01_seed_57201_8x8,ieee57,ieee57_structural_group_03,1,57542012.0,signed_difference_e0_minus_e1,balanced_magnitude,0.0028601112542616,0.0027138686299159,0.0001462426243456,0.051131795704728,false,1e-06,false,loss,true
ieee57_structural_group_03_realization_01_seed_57201_8x8_held_out_seed57542012_signed_difference_e0_minus_e1,ieee57_structural_group_03_realization_01_seed_57201_8x8,ieee57,ieee57_structural_group_03,1,57542012.0,signed_difference_e0_minus_e1,sensitivity_initial_mean,0.0028601112542616,0.0022471152504169,0.0006129960038446,0.2143259297802772,true,1e-06,false,loss,true
ieee57_structural_group_03_realization_01_seed_57201_8x8_held_out_seed57542013_aggregate_e0_to_e3,ieee57_structural_group_03_realization_01_seed_57201_8x8,ieee57,ieee57_structural_group_03,1,57542013.0,aggregate_e0_to_e3,balanced_magnitude,-0.0041575381497668,-0.0045509642929974,0.0003934261432305,0.0946295930568049,false,1e-06,false,loss,true
ieee57_structural_group_03_realization_01_seed_57201_8x8_held_out_seed57542013_aggregate_e0_to_e3,ieee57_structural_group_03_realization_01_seed_57201_8x8,ieee57,ieee57_structural_group_03,1,57542013.0,aggregate_e0_to_e3,sensitivity_initial_mean,-0.0041575381497668,-0.0050082983932837,0.0008507602435168,0.2046307725557632,true,1e-06,false,loss,true
ieee57_structural_group_03_realization_01_seed_57201_8x8_held_out_seed57542013_coordinate_e0,ieee57_structural_group_03_realization_01_seed_57201_8x8,ieee57,ieee57_structural_group_03,1,57542013.0,coordinate_e0,balanced_magnitude,-0.0025058804691716,-0.0028840340212628,0.0003781535520911,0.1509064605209137,true,1e-06,false,win,true
ieee57_structural_group_03_realization_01_seed_57201_8x8_held_out_seed57542013_coordinate_e0,ieee57_structural_group_03_realization_01_seed_57201_8x8,ieee57,ieee57_structural_group_03,1,57542013.0,coordinate_e0,sensitivity_initial_mean,-0.0025058804691716,-0.0025058804691716,0.0,0.0,false,1e-06,false,win,true
ieee57_structural_group_03_realization_01_seed_57201_8x8_held_out_seed57542013_signed_difference_e0_minus_e1,ieee57_structural_group_03_realization_01_seed_57201_8x8,ieee57,ieee57_structural_group_03,1,57542013.0,signed_difference_e0_minus_e1,balanced_magnitude,-0.0021957818568015,-0.0016243969103966,0.0005713849464049,0.2602193586011619,true,1e-06,false,loss,true
ieee57_structural_group_03_realization_01_seed_57201_8x8_held_out_seed57542013_signed_difference_e0_minus_e1,ieee57_structural_group_03_realization_01_seed_57201_8x8,ieee57,ieee57_structural_group_03,1,57542013.0,signed_difference_e0_minus_e1,sensitivity_initial_mean,-0.0021957818568015,-0.0007735755473779,0.0014222063094236,0.6476992716823355,true,1e-06,false,loss,true
ieee57_structural_group_03_realization_01_seed_57201_8x8_held_out_seed57542014_aggregate_e0_to_e3,ieee57_structural_group_03_realization_01_seed_57201_8x8,ieee57,ieee57_structural_group_03,1,57542014.0,aggregate_e0_to_e3,balanced_magnitude,-0.0008019003780495,-0.0014768698649086,0.0006749694868591,0.8417123938772678,true,1e-06,false,loss,true
ieee57_structural_group_03_realization_01_seed_57201_8x8_held_out_seed57542014_aggregate_e0_to_e3,ieee57_structural_group_03_realization_01_seed_57201_8x8,ieee57,ieee57_structural_group_03,1,57542014.0,aggregate_e0_to_e3,sensitivity_initial_mean,-0.0008019003780495,-0.0023243039409739,0.0015224035629244,1.8984946317489355,true,1e-06,false,loss,true
ieee57_structural_group_03_realization_01_seed_57201_8x8_held_out_seed57542014_coordinate_e0,ieee57_structural_group_03_realization_01_seed_57201_8x8,ieee57,ieee57_structural_group_03,1,57542014.0,coordinate_e0,balanced_magnitude,-0.0044192390436657,-0.0046187389256991,0.0001994998820334,0.0451434919139244,false,1e-06,false,win,true
ieee57_structural_group_03_realization_01_seed_57201_8x8_held_out_seed57542014_coordinate_e0,ieee57_structural_group_03_realization_01_seed_57201_8x8,ieee57,ieee57_structural_group_03,1,57542014.0,coordinate_e0,sensitivity_initial_mean,-0.0044192390436657,-0.0044192390436657,0.0,0.0,false,1e-06,false,win,true
ieee57_structural_group_03_realization_01_seed_57201_8x8_held_out_seed57542014_signed_difference_e0_minus_e1,ieee57_structural_group_03_realization_01_seed_57201_8x8,ieee57,ieee57_structural_group_03,1,57542014.0,signed_difference_e0_minus_e1,balanced_magnitude,-0.0029829513400894,-0.0017315877072871,0.0012513636328022,0.4195052114945775,true,1e-06,false,loss,true
ieee57_structural_group_03_realization_01_seed_57201_8x8_held_out_seed57542014_signed_difference_e0_minus_e1,ieee57_structural_group_03_realization_01_seed_57201_8x8,ieee57,ieee57_structural_group_03,1,57542014.0,signed_difference_e0_minus_e1,sensitivity_initial_mean,-0.0029829513400894,-0.0002831872523702,0.0026997640877192,0.9050647429060168,true,1e-06,false,loss,true
ieee57_structural_group_03_realization_01_seed_57201_8x8_held_out_seed57542015_aggregate_e0_to_e3,ieee57_structural_group_03_realization_01_seed_57201_8x8,ieee57,ieee57_structural_group_03,1,57542015.0,aggregate_e0_to_e3,balanced_magnitude,-0.0006152768901363,0.000248133701579,0.0008634105917153,1.4032878620291815,true,1e-06,false,loss,true
ieee57_structural_group_03_realization_01_seed_57201_8x8_held_out_seed57542015_aggregate_e0_to_e3,ieee57_structural_group_03_realization_01_seed_57201_8x8,ieee57,ieee57_structural_group_03,1,57542015.0,aggregate_e0_to_e3,sensitivity_initial_mean,-0.0006152768901363,0.0004069031327442,0.0010221800228806,1.661333359447519,true,1e-06,false,loss,true
ieee57_structural_group_03_realization_01_seed_57201_8x8_held_out_seed57542015_coordinate_e0,ieee57_structural_group_03_realization_01_seed_57201_8x8,ieee57,ieee57_structural_group_03,1,57542015.0,coordinate_e0,balanced_magnitude,0.0020488799410277,0.0025864301063929,0.0005375501653651,0.2623629401611125,true,1e-06,false,win,true
ieee57_structural_group_03_realization_01_seed_57201_8x8_held_out_seed57542015_coordinate_e0,ieee57_structural_group_03_realization_01_seed_57201_8x8,ieee57,ieee57_structural_group_03,1,57542015.0,coordinate_e0,sensitivity_initial_mean,0.0020488799410277,0.0020488799410277,0.0,0.0,false,1e-06,false,win,true
ieee57_structural_group_03_realization_01_seed_57201_8x8_held_out_seed57542015_signed_difference_e0_minus_e1,ieee57_structural_group_03_realization_01_seed_57201_8x8,ieee57,ieee57_structural_group_03,1,57542015.0,signed_difference_e0_minus_e1,balanced_magnitude,0.0033026849548627,0.0031234196513966,0.0001792653034661,0.0542786568855822,false,1e-06,false,loss,true
ieee57_structural_group_03_realization_01_seed_57201_8x8_held_out_seed57542015_signed_difference_e0_minus_e1,ieee57_structural_group_03_realization_01_seed_57201_8x8,ieee57,ieee57_structural_group_03,1,57542015.0,signed_difference_e0_minus_e1,sensitivity_initial_mean,0.0033026849548627,0.0018284711213628,0.0014742138334999,0.4463682893305792,true,1e-06,false,loss,true
ieee57_structural_group_03_realization_01_seed_57201_8x8_held_out_seed57542016_aggregate_e0_to_e3,ieee57_structural_group_03_realization_01_seed_57201_8x8,ieee57,ieee57_structural_group_03,1,57542016.0,aggregate_e0_to_e3,balanced_magnitude,0.0032263346303062,0.0025392744643189,0.0006870601659872,0.2129537833842258,true,1e-06,false,loss,true
ieee57_structural_group_03_realization_01_seed_57201_8x8_held_out_seed57542016_aggregate_e0_to_e3,ieee57_structural_group_03_realization_01_seed_57201_8x8,ieee57,ieee57_structural_group_03,1,57542016.0,aggregate_e0_to_e3,sensitivity_initial_mean,0.0032263346303062,0.0022750030870713,0.0009513315432348,0.2948644986476694,true,1e-06,false,loss,true
ieee57_structural_group_03_realization_01_seed_57201_8x8_held_out_seed57542016_coordinate_e0,ieee57_structural_group_03_realization_01_seed_57201_8x8,ieee57,ieee57_structural_group_03,1,57542016.0,coordinate_e0,balanced_magnitude,0.0013532295841005,0.0009373685723352,0.0004158610117652,0.3073100208947042,true,1e-06,false,win,true
ieee57_structural_group_03_realization_01_seed_57201_8x8_held_out_seed57542016_coordinate_e0,ieee57_structural_group_03_realization_01_seed_57201_8x8,ieee57,ieee57_structural_group_03,1,57542016.0,coordinate_e0,sensitivity_initial_mean,0.0013532295841005,0.0013532295841005,0.0,0.0,false,1e-06,false,win,true
ieee57_structural_group_03_realization_01_seed_57201_8x8_held_out_seed57542016_signed_difference_e0_minus_e1,ieee57_structural_group_03_realization_01_seed_57201_8x8,ieee57,ieee57_structural_group_03,1,57542016.0,signed_difference_e0_minus_e1,balanced_magnitude,0.0008755582989495,0.0012889577372988,0.0004133994383492,0.4721552395142778,true,1e-06,false,loss,true
ieee57_structural_group_03_realization_01_seed_57201_8x8_held_out_seed57542016_signed_difference_e0_minus_e1,ieee57_structural_group_03_realization_01_seed_57201_8x8,ieee57,ieee57_structural_group_03,1,57542016.0,signed_difference_e0_minus_e1,sensitivity_initial_mean,0.0008755582989495,0.0025325060553605,0.001656947756411,1.892447091643029,true,1e-06,false,loss,true
ieee57_structural_group_03_realization_01_seed_57201_8x8_held_out_seed57542017_aggregate_e0_to_e3,ieee57_structural_group_03_realization_01_seed_57201_8x8,ieee57,ieee57_structural_group_03,1,57542017.0,aggregate_e0_to_e3,balanced_magnitude,-0.0014825333301477,-0.0013598446661815,0.0001226886639662,0.0827560915301492,false,1e-06,false,win,true
ieee57_structural_group_03_realization_01_seed_57201_8x8_held_out_seed57542017_aggregate_e0_to_e3,ieee57_structural_group_03_realization_01_seed_57201_8x8,ieee57,ieee57_structural_group_03,1,57542017.0,aggregate_e0_to_e3,sensitivity_initial_mean,-0.0014825333301477,-0.0015732010810725,9.066775092478372e-05,0.0611573103154084,false,1e-06,false,win,true
ieee57_structural_group_03_realization_01_seed_57201_8x8_held_out_seed57542017_coordinate_e0,ieee57_structural_group_03_realization_01_seed_57201_8x8,ieee57,ieee57_structural_group_03,1,57542017.0,coordinate_e0,balanced_magnitude,0.0025118871437062,0.0027297633350368,0.0002178761913306,0.086738049468714,false,1e-06,false,win,true
ieee57_structural_group_03_realization_01_seed_57201_8x8_held_out_seed57542017_coordinate_e0,ieee57_structural_group_03_realization_01_seed_57201_8x8,ieee57,ieee57_structural_group_03,1,57542017.0,coordinate_e0,sensitivity_initial_mean,0.0025118871437062,0.0025118871437062,0.0,0.0,false,1e-06,false,win,true
ieee57_structural_group_03_realization_01_seed_57201_8x8_held_out_seed57542017_signed_difference_e0_minus_e1,ieee57_structural_group_03_realization_01_seed_57201_8x8,ieee57,ieee57_structural_group_03,1,57542017.0,signed_difference_e0_minus_e1,balanced_magnitude,0.0048797148098411,0.0053728301939803,0.0004931153841391,0.101054140119966,true,1e-06,false,loss,true
ieee57_structural_group_03_realization_01_seed_57201_8x8_held_out_seed57542017_signed_difference_e0_minus_e1,ieee57_structural_group_03_realization_01_seed_57201_8x8,ieee57,ieee57_structural_group_03,1,57542017.0,signed_difference_e0_minus_e1,sensitivity_initial_mean,0.0048797148098411,0.0055763752288444,0.0006966604190032,0.1427666259508173,true,1e-06,false,loss,true
ieee57_structural_group_03_realization_01_seed_57201_8x8_held_out_seed57542018_aggregate_e0_to_e3,ieee57_structural_group_03_realization_01_seed_57201_8x8,ieee57,ieee57_structural_group_03,1,57542018.0,aggregate_e0_to_e3,balanced_magnitude,-0.0027288908132114,-0.0039115980544132,0.0011827072412018,0.4334021850474762,true,1e-06,false,loss,true
ieee57_structural_group_03_realization_01_seed_57201_8x8_held_out_seed57542018_aggregate_e0_to_e3,ieee57_structural_group_03_realization_01_seed_57201_8x8,ieee57,ieee57_structural_group_03,1,57542018.0,aggregate_e0_to_e3,sensitivity_initial_mean,-0.0027288908132114,-0.0041214418519377,0.0013925510387263,0.5102992878954764,true,1e-06,false,loss,true
ieee57_structural_group_03_realization_01_seed_57201_8x8_held_out_seed57542018_coordinate_e0,ieee57_structural_group_03_realization_01_seed_57201_8x8,ieee57,ieee57_structural_group_03,1,57542018.0,coordinate_e0,balanced_magnitude,-0.0055817069995447,-0.0053830828211651,0.0001986241783795,0.0355848449937958,false,1e-06,false,win,true
ieee57_structural_group_03_realization_01_seed_57201_8x8_held_out_seed57542018_coordinate_e0,ieee57_structural_group_03_realization_01_seed_57201_8x8,ieee57,ieee57_structural_group_03,1,57542018.0,coordinate_e0,sensitivity_initial_mean,-0.0055817069995447,-0.0055817069995447,0.0,0.0,false,1e-06,false,win,true
ieee57_structural_group_03_realization_01_seed_57201_8x8_held_out_seed57542018_signed_difference_e0_minus_e1,ieee57_structural_group_03_realization_01_seed_57201_8x8,ieee57,ieee57_structural_group_03,1,57542018.0,signed_difference_e0_minus_e1,balanced_magnitude,-0.0079373494253766,-0.0066271301566342,0.0013102192687423,0.1650701258726815,true,1e-06,false,loss,true
ieee57_structural_group_03_realization_01_seed_57201_8x8_held_out_seed57542018_signed_difference_e0_minus_e1,ieee57_structural_group_03_realization_01_seed_57201_8x8,ieee57,ieee57_structural_group_03,1,57542018.0,signed_difference_e0_minus_e1,sensitivity_initial_mean,-0.0079373494253766,-0.0061833844425045,0.0017539649828721,0.220976158270734,true,1e-06,false,loss,true
ieee57_structural_group_03_realization_01_seed_57201_8x8_held_out_seed57542019_aggregate_e0_to_e3,ieee57_structural_group_03_realization_01_seed_57201_8x8,ieee57,ieee57_structural_group_03,1,57542019.0,aggregate_e0_to_e3,balanced_magnitude,-0.0017429179880784,-0.0008993224479133,0.000843595540165,0.4840133304810099,true,1e-06,false,loss,true
ieee57_structural_group_03_realization_01_seed_57201_8x8_held_out_seed57542019_aggregate_e0_to_e3,ieee57_structural_group_03_realization_01_seed_57201_8x8,ieee57,ieee57_structural_group_03,1,57542019.0,aggregate_e0_to_e3,sensitivity_initial_mean,-0.0017429179880784,0.0003839187028594,0.0021268366909378,1.2202735329404348,true,1e-06,false,loss,true
ieee57_structural_group_03_realization_01_seed_57201_8x8_held_out_seed57542019_coordinate_e0,ieee57_structural_group_03_realization_01_seed_57201_8x8,ieee57,ieee57_structural_group_03,1,57542019.0,coordinate_e0,balanced_magnitude,0.0030261879189315,0.0022911078161122,0.0007350801028192,0.2429062974644348,true,1e-06,false,win,true
ieee57_structural_group_03_realization_01_seed_57201_8x8_held_out_seed57542019_coordinate_e0,ieee57_structural_group_03_realization_01_seed_57201_8x8,ieee57,ieee57_structural_group_03,1,57542019.0,coordinate_e0,sensitivity_initial_mean,0.0030261879189315,0.0030261879189315,0.0,0.0,false,1e-06,false,win,true
ieee57_structural_group_03_realization_01_seed_57201_8x8_held_out_seed57542019_signed_difference_e0_minus_e1,ieee57_structural_group_03_realization_01_seed_57201_8x8,ieee57,ieee57_structural_group_03,1,57542019.0,signed_difference_e0_minus_e1,balanced_magnitude,0.0074044848813503,0.0052370748537415,0.0021674100276088,0.2927158421334476,true,1e-06,false,loss,true
ieee57_structural_group_03_realization_01_seed_57201_8x8_held_out_seed57542019_signed_difference_e0_minus_e1,ieee57_structural_group_03_realization_01_seed_57201_8x8,ieee57,ieee57_structural_group_03,1,57542019.0,signed_difference_e0_minus_e1,sensitivity_initial_mean,0.0074044848813503,0.0045796088259593,0.002824876055391,0.3815087883434064,true,1e-06,false,loss,true
ieee57_structural_group_03_realization_02_seed_57202_8x8_held_out_seed57552000_aggregate_e0_to_e3,ieee57_structural_group_03_realization_02_seed_57202_8x8,ieee57,ieee57_structural_group_03,2,57552000.0,aggregate_e0_to_e3,balanced_magnitude,0.0002179059866976,0.0021270870845038,0.0019091810978061,8.761489882582982,true,1e-06,false,loss,true
ieee57_structural_group_03_realization_02_seed_57202_8x8_held_out_seed57552000_aggregate_e0_to_e3,ieee57_structural_group_03_realization_02_seed_57202_8x8,ieee57,ieee57_structural_group_03,2,57552000.0,aggregate_e0_to_e3,sensitivity_initial_mean,0.0002179059866976,0.0070158581764917,0.006797952189794,31.19672062624357,true,1e-06,false,loss,true
ieee57_structural_group_03_realization_02_seed_57202_8x8_held_out_seed57552000_coordinate_e0,ieee57_structural_group_03_realization_02_seed_57202_8x8,ieee57,ieee57_structural_group_03,2,57552000.0,coordinate_e0,balanced_magnitude,-0.0012180706687496,-0.0009781074057102,0.0002399632630393,0.1970027431049527,true,1e-06,false,win,true
ieee57_structural_group_03_realization_02_seed_57202_8x8_held_out_seed57552000_coordinate_e0,ieee57_structural_group_03_realization_02_seed_57202_8x8,ieee57,ieee57_structural_group_03,2,57552000.0,coordinate_e0,sensitivity_initial_mean,-0.0012180706687496,-0.0012180706687496,0.0,0.0,false,1e-06,false,win,true
ieee57_structural_group_03_realization_02_seed_57202_8x8_held_out_seed57552000_signed_difference_e0_minus_e1,ieee57_structural_group_03_realization_02_seed_57202_8x8,ieee57,ieee57_structural_group_03,2,57552000.0,signed_difference_e0_minus_e1,balanced_magnitude,-0.0015704782725359,-0.0037634819619329,0.002193003689397,1.3963922505313595,true,1e-06,false,loss,true
ieee57_structural_group_03_realization_02_seed_57202_8x8_held_out_seed57552000_signed_difference_e0_minus_e1,ieee57_structural_group_03_realization_02_seed_57202_8x8,ieee57,ieee57_structural_group_03,2,57552000.0,signed_difference_e0_minus_e1,sensitivity_initial_mean,-0.0015704782725359,-0.0068971254630576,0.0053266471905217,3.391735679297602,true,1e-06,false,loss,true
ieee57_structural_group_03_realization_02_seed_57202_8x8_held_out_seed57552001_aggregate_e0_to_e3,ieee57_structural_group_03_realization_02_seed_57202_8x8,ieee57,ieee57_structural_group_03,2,57552001.0,aggregate_e0_to_e3,balanced_magnitude,0.0022794306861338,0.0013466216860047,0.000932809000129,0.4092289385255397,true,1e-06,false,loss,true
ieee57_structural_group_03_realization_02_seed_57202_8x8_held_out_seed57552001_aggregate_e0_to_e3,ieee57_structural_group_03_realization_02_seed_57202_8x8,ieee57,ieee57_structural_group_03,2,57552001.0,aggregate_e0_to_e3,sensitivity_initial_mean,0.0022794306861338,-0.0008173275981044,0.0030967582842382,1.3585665504445297,true,1e-06,false,loss,true
ieee57_structural_group_03_realization_02_seed_57202_8x8_held_out_seed57552001_coordinate_e0,ieee57_structural_group_03_realization_02_seed_57202_8x8,ieee57,ieee57_structural_group_03,2,57552001.0,coordinate_e0,balanced_magnitude,0.0021051208775844,0.0021752325677385,7.011169015409564e-05,0.0333053037004436,false,1e-06,false,win,true
ieee57_structural_group_03_realization_02_seed_57202_8x8_held_out_seed57552001_coordinate_e0,ieee57_structural_group_03_realization_02_seed_57202_8x8,ieee57,ieee57_structural_group_03,2,57552001.0,coordinate_e0,sensitivity_initial_mean,0.0021051208775844,0.0021051208775844,0.0,0.0,false,1e-06,false,win,true
ieee57_structural_group_03_realization_02_seed_57202_8x8_held_out_seed57552001_signed_difference_e0_minus_e1,ieee57_structural_group_03_realization_02_seed_57202_8x8,ieee57,ieee57_structural_group_03,2,57552001.0,signed_difference_e0_minus_e1,balanced_magnitude,-0.0001808079118717,0.0008875888906231,0.0010683968024949,5.909015769468584,true,1e-06,false,loss,true
ieee57_structural_group_03_realization_02_seed_57202_8x8_held_out_seed57552001_signed_difference_e0_minus_e1,ieee57_structural_group_03_realization_02_seed_57202_8x8,ieee57,ieee57_structural_group_03,2,57552001.0,signed_difference_e0_minus_e1,sensitivity_initial_mean,-0.0001808079118717,0.0021750598934885,0.0023558678053603,13.029672103238024,true,1e-06,false,loss,true
ieee57_structural_group_03_realization_02_seed_57202_8x8_held_out_seed57552002_aggregate_e0_to_e3,ieee57_structural_group_03_realization_02_seed_57202_8x8,ieee57,ieee57_structural_group_03,2,57552002.0,aggregate_e0_to_e3,balanced_magnitude,-0.004667875230874,-0.0040822317090223,0.0005856435218517,0.1254625483513761,true,1e-06,false,loss,true
ieee57_structural_group_03_realization_02_seed_57202_8x8_held_out_seed57552002_aggregate_e0_to_e3,ieee57_structural_group_03_realization_02_seed_57202_8x8,ieee57,ieee57_structural_group_03,2,57552002.0,aggregate_e0_to_e3,sensitivity_initial_mean,-0.004667875230874,-0.0009281898711886,0.0037396853596854,0.8011536672939674,true,1e-06,false,loss,true
ieee57_structural_group_03_realization_02_seed_57202_8x8_held_out_seed57552002_coordinate_e0,ieee57_structural_group_03_realization_02_seed_57202_8x8,ieee57,ieee57_structural_group_03,2,57552002.0,coordinate_e0,balanced_magnitude,-0.0011614671072535,-0.0012623256883144,0.0001008585810609,0.086837225463413,false,1e-06,false,win,true
ieee57_structural_group_03_realization_02_seed_57202_8x8_held_out_seed57552002_coordinate_e0,ieee57_structural_group_03_realization_02_seed_57202_8x8,ieee57,ieee57_structural_group_03,2,57552002.0,coordinate_e0,sensitivity_initial_mean,-0.0011614671072535,-0.0011614671072535,0.0,0.0,false,1e-06,false,win,true
ieee57_structural_group_03_realization_02_seed_57202_8x8_held_out_seed57552002_signed_difference_e0_minus_e1,ieee57_structural_group_03_realization_02_seed_57202_8x8,ieee57,ieee57_structural_group_03,2,57552002.0,signed_difference_e0_minus_e1,balanced_magnitude,0.0018740374430539,0.0008747793327526,0.0009992581103013,0.5332113902019441,true,1e-06,false,loss,true
ieee57_structural_group_03_realization_02_seed_57202_8x8_held_out_seed57552002_signed_difference_e0_minus_e1,ieee57_structural_group_03_realization_02_seed_57202_8x8,ieee57,ieee57_structural_group_03,2,57552002.0,signed_difference_e0_minus_e1,sensitivity_initial_mean,0.0018740374430539,-0.0006273816596543,0.0025014191027083,1.3347754133620702,true,1e-06,false,loss,true
ieee57_structural_group_03_realization_02_seed_57202_8x8_held_out_seed57552003_aggregate_e0_to_e3,ieee57_structural_group_03_realization_02_seed_57202_8x8,ieee57,ieee57_structural_group_03,2,57552003.0,aggregate_e0_to_e3,balanced_magnitude,0.0009270471180788,0.0002895957324141,0.0006374513856646,0.687614872246949,true,1e-06,false,loss,true
ieee57_structural_group_03_realization_02_seed_57202_8x8_held_out_seed57552003_aggregate_e0_to_e3,ieee57_structural_group_03_realization_02_seed_57202_8x8,ieee57,ieee57_structural_group_03,2,57552003.0,aggregate_e0_to_e3,sensitivity_initial_mean,0.0009270471180788,-0.0009979288798226,0.0019249759979015,2.076459718564016,true,1e-06,false,loss,true
ieee57_structural_group_03_realization_02_seed_57202_8x8_held_out_seed57552003_coordinate_e0,ieee57_structural_group_03_realization_02_seed_57202_8x8,ieee57,ieee57_structural_group_03,2,57552003.0,coordinate_e0,balanced_magnitude,0.0035582207406099,0.0037075833428828,0.0001493626022728,0.0419767668060017,false,1e-06,false,win,true
ieee57_structural_group_03_realization_02_seed_57202_8x8_held_out_seed57552003_coordinate_e0,ieee57_structural_group_03_realization_02_seed_57202_8x8,ieee57,ieee57_structural_group_03,2,57552003.0,coordinate_e0,sensitivity_initial_mean,0.0035582207406099,0.0035582207406099,0.0,0.0,false,1e-06,false,win,true
ieee57_structural_group_03_realization_02_seed_57202_8x8_held_out_seed57552003_signed_difference_e0_minus_e1,ieee57_structural_group_03_realization_02_seed_57202_8x8,ieee57,ieee57_structural_group_03,2,57552003.0,signed_difference_e0_minus_e1,balanced_magnitude,0.0021206791572557,0.0029129260926991,0.0007922469354434,0.3735817050556013,true,1e-06,false,loss,true
ieee57_structural_group_03_realization_02_seed_57202_8x8_held_out_seed57552003_signed_difference_e0_minus_e1,ieee57_structural_group_03_realization_02_seed_57202_8x8,ieee57,ieee57_structural_group_03,2,57552003.0,signed_difference_e0_minus_e1,sensitivity_initial_mean,0.0021206791572557,0.0036462366147696,0.0015255574575139,0.7193721182642786,true,1e-06,false,loss,true
ieee57_structural_group_03_realization_02_seed_57202_8x8_held_out_seed57552004_aggregate_e0_to_e3,ieee57_structural_group_03_realization_02_seed_57202_8x8,ieee57,ieee57_structural_group_03,2,57552004.0,aggregate_e0_to_e3,balanced_magnitude,0.0025606817004528,0.0019182564160993,0.0006424252843535,0.2508805699044569,true,1e-06,false,loss,true
ieee57_structural_group_03_realization_02_seed_57202_8x8_held_out_seed57552004_aggregate_e0_to_e3,ieee57_structural_group_03_realization_02_seed_57202_8x8,ieee57,ieee57_structural_group_03,2,57552004.0,aggregate_e0_to_e3,sensitivity_initial_mean,0.0025606817004528,-0.0002797918108573,0.0028404735113102,1.1092645801342254,true,1e-06,false,loss,true
ieee57_structural_group_03_realization_02_seed_57202_8x8_held_out_seed57552004_coordinate_e0,ieee57_structural_group_03_realization_02_seed_57202_8x8,ieee57,ieee57_structural_group_03,2,57552004.0,coordinate_e0,balanced_magnitude,-0.0072254044786529,-0.0070639227166388,0.0001614817620141,0.0223491657098564,false,1e-06,false,win,true
ieee57_structural_group_03_realization_02_seed_57202_8x8_held_out_seed57552004_coordinate_e0,ieee57_structural_group_03_realization_02_seed_57202_8x8,ieee57,ieee57_structural_group_03,2,57552004.0,coordinate_e0,sensitivity_initial_mean,-0.0072254044786529,-0.0072254044786529,0.0,0.0,false,1e-06,false,win,true
ieee57_structural_group_03_realization_02_seed_57202_8x8_held_out_seed57552004_signed_difference_e0_minus_e1,ieee57_structural_group_03_realization_02_seed_57202_8x8,ieee57,ieee57_structural_group_03,2,57552004.0,signed_difference_e0_minus_e1,balanced_magnitude,-0.0062821595480694,-0.0052652551662029,0.0010169043818664,0.1618717853447371,true,1e-06,false,loss,true
ieee57_structural_group_03_realization_02_seed_57202_8x8_held_out_seed57552004_signed_difference_e0_minus_e1,ieee57_structural_group_03_realization_02_seed_57202_8x8,ieee57,ieee57_structural_group_03,2,57552004.0,signed_difference_e0_minus_e1,sensitivity_initial_mean,-0.0062821595480694,-0.0041555976394756,0.0021265619085937,0.3385081025596189,true,1e-06,false,loss,true
ieee57_structural_group_03_realization_02_seed_57202_8x8_held_out_seed57552005_aggregate_e0_to_e3,ieee57_structural_group_03_realization_02_seed_57202_8x8,ieee57,ieee57_structural_group_03,2,57552005.0,aggregate_e0_to_e3,balanced_magnitude,0.0032047192344466,0.0046653346974508,0.0014606154630042,0.4557701802093886,true,1e-06,false,loss,true
ieee57_structural_group_03_realization_02_seed_57202_8x8_held_out_seed57552005_aggregate_e0_to_e3,ieee57_structural_group_03_realization_02_seed_57202_8x8,ieee57,ieee57_structural_group_03,2,57552005.0,aggregate_e0_to_e3,sensitivity_initial_mean,0.0032047192344466,0.0071556295910469,0.0039509103566003,1.232841340399863,true,1e-06,false,loss,true
ieee57_structural_group_03_realization_02_seed_57202_8x8_held_out_seed57552005_coordinate_e0,ieee57_structural_group_03_realization_02_seed_57202_8x8,ieee57,ieee57_structural_group_03,2,57552005.0,coordinate_e0,balanced_magnitude,0.002493274065122,0.0026741931731713,0.0001809191080493,0.0725628644601108,false,1e-06,false,win,true
ieee57_structural_group_03_realization_02_seed_57202_8x8_held_out_seed57552005_coordinate_e0,ieee57_structural_group_03_realization_02_seed_57202_8x8,ieee57,ieee57_structural_group_03,2,57552005.0,coordinate_e0,sensitivity_initial_mean,0.002493274065122,0.002493274065122,0.0,0.0,false,1e-06,false,win,true
ieee57_structural_group_03_realization_02_seed_57202_8x8_held_out_seed57552005_signed_difference_e0_minus_e1,ieee57_structural_group_03_realization_02_seed_57202_8x8,ieee57,ieee57_structural_group_03,2,57552005.0,signed_difference_e0_minus_e1,balanced_magnitude,0.004631919910578,0.0034777426175703,0.0011541772930077,0.2491790262547334,true,1e-06,false,loss,true
ieee57_structural_group_03_realization_02_seed_57202_8x8_held_out_seed57552005_signed_difference_e0_minus_e1,ieee57_structural_group_03_realization_02_seed_57202_8x8,ieee57,ieee57_structural_group_03,2,57552005.0,signed_difference_e0_minus_e1,sensitivity_initial_mean,0.004631919910578,0.0016491685919404,0.0029827513186375,0.6439557194902648,true,1e-06,false,loss,true
ieee57_structural_group_03_realization_02_seed_57202_8x8_held_out_seed57552006_aggregate_e0_to_e3,ieee57_structural_group_03_realization_02_seed_57202_8x8,ieee57,ieee57_structural_group_03,2,57552006.0,aggregate_e0_to_e3,balanced_magnitude,0.0009138939341627,0.0015561621504599,0.0006422682162971,0.7027820103495156,true,1e-06,false,loss,true
ieee57_structural_group_03_realization_02_seed_57202_8x8_held_out_seed57552006_aggregate_e0_to_e3,ieee57_structural_group_03_realization_02_seed_57202_8x8,ieee57,ieee57_structural_group_03,2,57552006.0,aggregate_e0_to_e3,sensitivity_initial_mean,0.0009138939341627,0.001973758340234,0.0010598644060713,1.1597236467514938,true,1e-06,false,loss,true
ieee57_structural_group_03_realization_02_seed_57202_8x8_held_out_seed57552006_coordinate_e0,ieee57_structural_group_03_realization_02_seed_57202_8x8,ieee57,ieee57_structural_group_03,2,57552006.0,coordinate_e0,balanced_magnitude,-0.0030444031928005,-0.0021997120126919,0.0008446911801085,0.2774570668254828,true,1e-06,false,win,true
ieee57_structural_group_03_realization_02_seed_57202_8x8_held_out_seed57552006_coordinate_e0,ieee57_structural_group_03_realization_02_seed_57202_8x8,ieee57,ieee57_structural_group_03,2,57552006.0,coordinate_e0,sensitivity_initial_mean,-0.0030444031928005,-0.0030444031928005,0.0,0.0,false,1e-06,false,win,true
ieee57_structural_group_03_realization_02_seed_57202_8x8_held_out_seed57552006_signed_difference_e0_minus_e1,ieee57_structural_group_03_realization_02_seed_57202_8x8,ieee57,ieee57_structural_group_03,2,57552006.0,signed_difference_e0_minus_e1,balanced_magnitude,-0.0032698153080084,-0.0031913219075121,7.849340049638411e-05,0.0240054538567168,false,1e-06,false,loss,true
ieee57_structural_group_03_realization_02_seed_57202_8x8_held_out_seed57552006_signed_difference_e0_minus_e1,ieee57_structural_group_03_realization_02_seed_57202_8x8,ieee57,ieee57_structural_group_03,2,57552006.0,signed_difference_e0_minus_e1,sensitivity_initial_mean,-0.0032698153080084,-0.0042756319389383,0.0010058166309298,0.3076065576139275,true,1e-06,false,loss,true
ieee57_structural_group_03_realization_02_seed_57202_8x8_held_out_seed57552007_aggregate_e0_to_e3,ieee57_structural_group_03_realization_02_seed_57202_8x8,ieee57,ieee57_structural_group_03,2,57552007.0,aggregate_e0_to_e3,balanced_magnitude,-0.002673635947276,-0.001743781121123,0.000929854826153,0.3477866263357228,true,1e-06,false,loss,true
ieee57_structural_group_03_realization_02_seed_57202_8x8_held_out_seed57552007_aggregate_e0_to_e3,ieee57_structural_group_03_realization_02_seed_57202_8x8,ieee57,ieee57_structural_group_03,2,57552007.0,aggregate_e0_to_e3,sensitivity_initial_mean,-0.002673635947276,-0.0016698612046796,0.0010037747425964,0.3754343382535277,true,1e-06,false,loss,true
ieee57_structural_group_03_realization_02_seed_57202_8x8_held_out_seed57552007_coordinate_e0,ieee57_structural_group_03_realization_02_seed_57202_8x8,ieee57,ieee57_structural_group_03,2,57552007.0,coordinate_e0,balanced_magnitude,-0.0010306146617716,-0.0001178966320217,0.0009127180297498,0.8856055164020912,true,1e-06,false,win,true
ieee57_structural_group_03_realization_02_seed_57202_8x8_held_out_seed57552007_coordinate_e0,ieee57_structural_group_03_realization_02_seed_57202_8x8,ieee57,ieee57_structural_group_03,2,57552007.0,coordinate_e0,sensitivity_initial_mean,-0.0010306146617716,-0.0010306146617716,0.0,0.0,false,1e-06,false,win,true
ieee57_structural_group_03_realization_02_seed_57202_8x8_held_out_seed57552007_signed_difference_e0_minus_e1,ieee57_structural_group_03_realization_02_seed_57202_8x8,ieee57,ieee57_structural_group_03,2,57552007.0,signed_difference_e0_minus_e1,balanced_magnitude,0.0016664526178837,0.0022003409244915,0.0005338883066077,0.3203741293801291,true,1e-06,false,win,true
ieee57_structural_group_03_realization_02_seed_57202_8x8_held_out_seed57552007_signed_difference_e0_minus_e1,ieee57_structural_group_03_realization_02_seed_57202_8x8,ieee57,ieee57_structural_group_03,2,57552007.0,signed_difference_e0_minus_e1,sensitivity_initial_mean,0.0016664526178837,0.0011591349262819,0.0005073176916017,0.3044297126467543,true,1e-06,false,win,true
ieee57_structural_group_03_realization_02_seed_57202_8x8_held_out_seed57552008_aggregate_e0_to_e3,ieee57_structural_group_03_realization_02_seed_57202_8x8,ieee57,ieee57_structural_group_03,2,57552008.0,aggregate_e0_to_e3,balanced_magnitude,-0.0006601080658601,-0.0008844500486267,0.0002243419827666,0.3398564483139831,true,1e-06,false,loss,true
ieee57_structural_group_03_realization_02_seed_57202_8x8_held_out_seed57552008_aggregate_e0_to_e3,ieee57_structural_group_03_realization_02_seed_57202_8x8,ieee57,ieee57_structural_group_03,2,57552008.0,aggregate_e0_to_e3,sensitivity_initial_mean,-0.0006601080658601,0.0013248815931071,0.0019849896589672,3.007067723647353,true,1e-06,false,loss,true
ieee57_structural_group_03_realization_02_seed_57202_8x8_held_out_seed57552008_coordinate_e0,ieee57_structural_group_03_realization_02_seed_57202_8x8,ieee57,ieee57_structural_group_03,2,57552008.0,coordinate_e0,balanced_magnitude,-0.000175965676331,-0.0003246452655256,0.0001486795891945,0.8449351731238227,true,1e-06,false,win,true
ieee57_structural_group_03_realization_02_seed_57202_8x8_held_out_seed57552008_coordinate_e0,ieee57_structural_group_03_realization_02_seed_57202_8x8,ieee57,ieee57_structural_group_03,2,57552008.0,coordinate_e0,sensitivity_initial_mean,-0.000175965676331,-0.000175965676331,0.0,0.0,false,1e-06,false,win,true
ieee57_structural_group_03_realization_02_seed_57202_8x8_held_out_seed57552008_signed_difference_e0_minus_e1,ieee57_structural_group_03_realization_02_seed_57202_8x8,ieee57,ieee57_structural_group_03,2,57552008.0,signed_difference_e0_minus_e1,balanced_magnitude,0.0005341703940312,-0.0001683849470954,0.0007025553411267,1.3152270305074618,true,1e-06,false,loss,true
ieee57_structural_group_03_realization_02_seed_57202_8x8_held_out_seed57552008_signed_difference_e0_minus_e1,ieee57_structural_group_03_realization_02_seed_57202_8x8,ieee57,ieee57_structural_group_03,2,57552008.0,signed_difference_e0_minus_e1,sensitivity_initial_mean,0.0005341703940312,-0.0009207455827014,0.0014549159767327,2.7236926512396837,true,1e-06,false,loss,true
ieee57_structural_group_03_realization_02_seed_57202_8x8_held_out_seed57552009_aggregate_e0_to_e3,ieee57_structural_group_03_realization_02_seed_57202_8x8,ieee57,ieee57_structural_group_03,2,57552009.0,aggregate_e0_to_e3,balanced_magnitude,0.0025454509637242,0.0028447022417146,0.0002992512779903,0.1175631674917611,true,1e-06,false,loss,true
ieee57_structural_group_03_realization_02_seed_57202_8x8_held_out_seed57552009_aggregate_e0_to_e3,ieee57_structural_group_03_realization_02_seed_57202_8x8,ieee57,ieee57_structural_group_03,2,57552009.0,aggregate_e0_to_e3,sensitivity_initial_mean,0.0025454509637242,0.0013136755596947,0.0012317754040295,0.4839124467859666,true,1e-06,false,loss,true
ieee57_structural_group_03_realization_02_seed_57202_8x8_held_out_seed57552009_coordinate_e0,ieee57_structural_group_03_realization_02_seed_57202_8x8,ieee57,ieee57_structural_group_03,2,57552009.0,coordinate_e0,balanced_magnitude,-0.0014816113067973,-9.364509692229245e-05,0.001387966209875,0.93679509835497,true,1e-06,false,win,true
ieee57_structural_group_03_realization_02_seed_57202_8x8_held_out_seed57552009_coordinate_e0,ieee57_structural_group_03_realization_02_seed_57202_8x8,ieee57,ieee57_structural_group_03,2,57552009.0,coordinate_e0,sensitivity_initial_mean,-0.0014816113067973,-0.0014816113067973,0.0,0.0,false,1e-06,false,win,true
ieee57_structural_group_03_realization_02_seed_57202_8x8_held_out_seed57552009_signed_difference_e0_minus_e1,ieee57_structural_group_03_realization_02_seed_57202_8x8,ieee57,ieee57_structural_group_03,2,57552009.0,signed_difference_e0_minus_e1,balanced_magnitude,-0.0029243100008505,-0.0019061663361837,0.0010181436646667,0.3481654353918182,true,1e-06,false,win,true
ieee57_structural_group_03_realization_02_seed_57202_8x8_held_out_seed57552009_signed_difference_e0_minus_e1,ieee57_structural_group_03_realization_02_seed_57202_8x8,ieee57,ieee57_structural_group_03,2,57552009.0,signed_difference_e0_minus_e1,sensitivity_initial_mean,-0.0029243100008505,-0.0024136133856687,0.0005106966151817,0.1746383300789823,true,1e-06,false,win,true
ieee57_structural_group_03_realization_02_seed_57202_8x8_held_out_seed57552010_aggregate_e0_to_e3,ieee57_structural_group_03_realization_02_seed_57202_8x8,ieee57,ieee57_structural_group_03,2,57552010.0,aggregate_e0_to_e3,balanced_magnitude,-0.0035255336673757,-0.0032305712700766,0.000294962397299,0.0836646094259663,false,1e-06,false,win,true
ieee57_structural_group_03_realization_02_seed_57202_8x8_held_out_seed57552010_aggregate_e0_to_e3,ieee57_structural_group_03_realization_02_seed_57202_8x8,ieee57,ieee57_structural_group_03,2,57552010.0,aggregate_e0_to_e3,sensitivity_initial_mean,-0.0035255336673757,-0.003398849273082,0.0001266843942936,0.0359333951242574,false,1e-06,false,win,true
ieee57_structural_group_03_realization_02_seed_57202_8x8_held_out_seed57552010_coordinate_e0,ieee57_structural_group_03_realization_02_seed_57202_8x8,ieee57,ieee57_structural_group_03,2,57552010.0,coordinate_e0,balanced_magnitude,-0.0035129715926003,-0.0026185076877433,0.000894463904857,0.2546174602553321,true,1e-06,false,win,true
ieee57_structural_group_03_realization_02_seed_57202_8x8_held_out_seed57552010_coordinate_e0,ieee57_structural_group_03_realization_02_seed_57202_8x8,ieee57,ieee57_structural_group_03,2,57552010.0,coordinate_e0,sensitivity_initial_mean,-0.0035129715926003,-0.0035129715926003,0.0,0.0,false,1e-06,false,win,true
ieee57_structural_group_03_realization_02_seed_57202_8x8_held_out_seed57552010_signed_difference_e0_minus_e1,ieee57_structural_group_03_realization_02_seed_57202_8x8,ieee57,ieee57_structural_group_03,2,57552010.0,signed_difference_e0_minus_e1,balanced_magnitude,-0.0009552898582338,-3.274437689036649e-05,0.0009225454813434,0.9657230979601256,true,1e-06,false,win,true
ieee57_structural_group_03_realization_02_seed_57202_8x8_held_out_seed57552010_signed_difference_e0_minus_e1,ieee57_structural_group_03_realization_02_seed_57202_8x8,ieee57,ieee57_structural_group_03,2,57552010.0,signed_difference_e0_minus_e1,sensitivity_initial_mean,-0.0009552898582338,-0.0006695251241202,0.0002857647341136,0.2991392943728693,true,1e-06,false,win,true
ieee57_structural_group_03_realization_02_seed_57202_8x8_held_out_seed57552011_aggregate_e0_to_e3,ieee57_structural_group_03_realization_02_seed_57202_8x8,ieee57,ieee57_structural_group_03,2,57552011.0,aggregate_e0_to_e3,balanced_magnitude,-0.0017832937374315,-0.0033300698872029,0.0015467761497714,0.8673703705140761,true,1e-06,false,loss,true
ieee57_structural_group_03_realization_02_seed_57202_8x8_held_out_seed57552011_aggregate_e0_to_e3,ieee57_structural_group_03_realization_02_seed_57202_8x8,ieee57,ieee57_structural_group_03,2,57552011.0,aggregate_e0_to_e3,sensitivity_initial_mean,-0.0017832937374315,-0.0043903239908317,0.0026070302534001,1.461918582832613,true,1e-06,false,loss,true
ieee57_structural_group_03_realization_02_seed_57202_8x8_held_out_seed57552011_coordinate_e0,ieee57_structural_group_03_realization_02_seed_57202_8x8,ieee57,ieee57_structural_group_03,2,57552011.0,coordinate_e0,balanced_magnitude,0.0021238408870846,0.000729400787165,0.0013944400999195,0.6565652391378994,true,1e-06,false,win,true
ieee57_structural_group_03_realization_02_seed_57202_8x8_held_out_seed57552011_coordinate_e0,ieee57_structural_group_03_realization_02_seed_57202_8x8,ieee57,ieee57_structural_group_03,2,57552011.0,coordinate_e0,sensitivity_initial_mean,0.0021238408870846,0.0021238408870846,0.0,0.0,false,1e-06,false,win,true
ieee57_structural_group_03_realization_02_seed_57202_8x8_held_out_seed57552011_signed_difference_e0_minus_e1,ieee57_structural_group_03_realization_02_seed_57202_8x8,ieee57,ieee57_structural_group_03,2,57552011.0,signed_difference_e0_minus_e1,balanced_magnitude,-0.0003136352742584,-0.0002643486695139,4.9286604744461704e-05,0.1571462421151188,true,1e-06,false,loss,true
ieee57_structural_group_03_realization_02_seed_57202_8x8_held_out_seed57552011_signed_difference_e0_minus_e1,ieee57_structural_group_03_realization_02_seed_57202_8x8,ieee57,ieee57_structural_group_03,2,57552011.0,signed_difference_e0_minus_e1,sensitivity_initial_mean,-0.0003136352742584,0.0018733349000911,0.0021869701743495,6.972972601759483,true,1e-06,false,loss,true
ieee57_structural_group_03_realization_02_seed_57202_8x8_held_out_seed57552012_aggregate_e0_to_e3,ieee57_structural_group_03_realization_02_seed_57202_8x8,ieee57,ieee57_structural_group_03,2,57552012.0,aggregate_e0_to_e3,balanced_magnitude,0.0012580829170411,0.0018154226529741,0.000557339735933,0.4430071566696307,true,1e-06,false,loss,true
ieee57_structural_group_03_realization_02_seed_57202_8x8_held_out_seed57552012_aggregate_e0_to_e3,ieee57_structural_group_03_realization_02_seed_57202_8x8,ieee57,ieee57_structural_group_03,2,57552012.0,aggregate_e0_to_e3,sensitivity_initial_mean,0.0012580829170411,0.0004932254675523,0.0007648574494888,0.6079547215279483,true,1e-06,false,loss,true
ieee57_structural_group_03_realization_02_seed_57202_8x8_held_out_seed57552012_coordinate_e0,ieee57_structural_group_03_realization_02_seed_57202_8x8,ieee57,ieee57_structural_group_03,2,57552012.0,coordinate_e0,balanced_magnitude,0.0035106887827615,0.0027422997581936,0.0007683890245678,0.2188713019339188,true,1e-06,false,win,true
ieee57_structural_group_03_realization_02_seed_57202_8x8_held_out_seed57552012_coordinate_e0,ieee57_structural_group_03_realization_02_seed_57202_8x8,ieee57,ieee57_structural_group_03,2,57552012.0,coordinate_e0,sensitivity_initial_mean,0.0035106887827615,0.0035106887827615,0.0,0.0,false,1e-06,false,win,true
ieee57_structural_group_03_realization_02_seed_57202_8x8_held_out_seed57552012_signed_difference_e0_minus_e1,ieee57_structural_group_03_realization_02_seed_57202_8x8,ieee57,ieee57_structural_group_03,2,57552012.0,signed_difference_e0_minus_e1,balanced_magnitude,0.0061767637186043,0.0058314746677989,0.0003452890508054,0.0559012885283948,false,1e-06,false,loss,true
ieee57_structural_group_03_realization_02_seed_57202_8x8_held_out_seed57552012_signed_difference_e0_minus_e1,ieee57_structural_group_03_realization_02_seed_57202_8x8,ieee57,ieee57_structural_group_03,2,57552012.0,signed_difference_e0_minus_e1,sensitivity_initial_mean,0.0061767637186043,0.0067153880680394,0.000538624349435,0.0872017085278437,false,1e-06,false,loss,true
ieee57_structural_group_03_realization_02_seed_57202_8x8_held_out_seed57552013_aggregate_e0_to_e3,ieee57_structural_group_03_realization_02_seed_57202_8x8,ieee57,ieee57_structural_group_03,2,57552013.0,aggregate_e0_to_e3,balanced_magnitude,0.0010215736871113,0.0008861365333257,0.0001354371537855,0.132576979511425,true,1e-06,false,loss,true
ieee57_structural_group_03_realization_02_seed_57202_8x8_held_out_seed57552013_aggregate_e0_to_e3,ieee57_structural_group_03_realization_02_seed_57202_8x8,ieee57,ieee57_structural_group_03,2,57552013.0,aggregate_e0_to_e3,sensitivity_initial_mean,0.0010215736871113,0.0025422156059485,0.0015206419188372,1.4885288628930011,true,1e-06,false,loss,true
ieee57_structural_group_03_realization_02_seed_57202_8x8_held_out_seed57552013_coordinate_e0,ieee57_structural_group_03_realization_02_seed_57202_8x8,ieee57,ieee57_structural_group_03,2,57552013.0,coordinate_e0,balanced_magnitude,-0.001476589662098,-0.0019939363149948,0.0005173466528967,0.3503658911993793,true,1e-06,false,win,true
ieee57_structural_group_03_realization_02_seed_57202_8x8_held_out_seed57552013_coordinate_e0,ieee57_structural_group_03_realization_02_seed_57202_8x8,ieee57,ieee57_structural_group_03,2,57552013.0,coordinate_e0,sensitivity_initial_mean,-0.001476589662098,-0.001476589662098,0.0,0.0,false,1e-06,false,win,true
ieee57_structural_group_03_realization_02_seed_57202_8x8_held_out_seed57552013_signed_difference_e0_minus_e1,ieee57_structural_group_03_realization_02_seed_57202_8x8,ieee57,ieee57_structural_group_03,2,57552013.0,signed_difference_e0_minus_e1,balanced_magnitude,-0.003707973348499,-0.004721570390263,0.0010135970417639,0.2733560752733679,true,1e-06,false,loss,true
ieee57_structural_group_03_realization_02_seed_57202_8x8_held_out_seed57552013_signed_difference_e0_minus_e1,ieee57_structural_group_03_realization_02_seed_57202_8x8,ieee57,ieee57_structural_group_03,2,57552013.0,signed_difference_e0_minus_e1,sensitivity_initial_mean,-0.003707973348499,-0.0050433819128346,0.0013354085643355,0.3601451355835966,true,1e-06,false,loss,true
ieee57_structural_group_03_realization_02_seed_57202_8x8_held_out_seed57552014_aggregate_e0_to_e3,ieee57_structural_group_03_realization_02_seed_57202_8x8,ieee57,ieee57_structural_group_03,2,57552014.0,aggregate_e0_to_e3,balanced_magnitude,0.0046703512449468,0.0047555004292179,8.514918427111363e-05,0.0182318587629232,false,1e-06,false,loss,true
ieee57_structural_group_03_realization_02_seed_57202_8x8_held_out_seed57552014_aggregate_e0_to_e3,ieee57_structural_group_03_realization_02_seed_57202_8x8,ieee57,ieee57_structural_group_03,2,57552014.0,aggregate_e0_to_e3,sensitivity_initial_mean,0.0046703512449468,0.0069524698683635,0.0022821186234166,0.4886396126813426,true,1e-06,false,loss,true
ieee57_structural_group_03_realization_02_seed_57202_8x8_held_out_seed57552014_coordinate_e0,ieee57_structural_group_03_realization_02_seed_57202_8x8,ieee57,ieee57_structural_group_03,2,57552014.0,coordinate_e0,balanced_magnitude,0.0041957158584776,0.0034949317919977,0.0007007840664799,0.167023718983249,true,1e-06,false,win,true
ieee57_structural_group_03_realization_02_seed_57202_8x8_held_out_seed57552014_coordinate_e0,ieee57_structural_group_03_realization_02_seed_57202_8x8,ieee57,ieee57_structural_group_03,2,57552014.0,coordinate_e0,sensitivity_initial_mean,0.0041957158584776,0.0041957158584776,0.0,0.0,false,1e-06,false,win,true
ieee57_structural_group_03_realization_02_seed_57202_8x8_held_out_seed57552014_signed_difference_e0_minus_e1,ieee57_structural_group_03_realization_02_seed_57202_8x8,ieee57,ieee57_structural_group_03,2,57552014.0,signed_difference_e0_minus_e1,balanced_magnitude,0.002374998201712,0.0010714130532774,0.0013035851484346,0.5488783728319943,true,1e-06,false,loss,true
ieee57_structural_group_03_realization_02_seed_57202_8x8_held_out_seed57552014_signed_difference_e0_minus_e1,ieee57_structural_group_03_realization_02_seed_57202_8x8,ieee57,ieee57_structural_group_03,2,57552014.0,signed_difference_e0_minus_e1,sensitivity_initial_mean,0.002374998201712,0.0005673751704151,0.0018076230312969,0.7611050105191193,true,1e-06,false,loss,true
ieee57_structural_group_03_realization_02_seed_57202_8x8_held_out_seed57552015_aggregate_e0_to_e3,ieee57_structural_group_03_realization_02_seed_57202_8x8,ieee57,ieee57_structural_group_03,2,57552015.0,aggregate_e0_to_e3,balanced_magnitude,-0.0014762344911561,-0.0014691604256054,7.0740655507624435e-06,0.004791966041399,false,1e-06,false,loss,true
ieee57_structural_group_03_realization_02_seed_57202_8x8_held_out_seed57552015_aggregate_e0_to_e3,ieee57_structural_group_03_realization_02_seed_57202_8x8,ieee57,ieee57_structural_group_03,2,57552015.0,aggregate_e0_to_e3,sensitivity_initial_mean,-0.0014762344911561,-0.0026858122274952,0.001209577736339,0.8193669390502735,true,1e-06,false,loss,true
ieee57_structural_group_03_realization_02_seed_57202_8x8_held_out_seed57552015_coordinate_e0,ieee57_structural_group_03_realization_02_seed_57202_8x8,ieee57,ieee57_structural_group_03,2,57552015.0,coordinate_e0,balanced_magnitude,-0.0043944864442971,-0.0044979840121285,0.0001034975678313,0.0235516866744923,false,1e-06,false,win,true
ieee57_structural_group_03_realization_02_seed_57202_8x8_held_out_seed57552015_coordinate_e0,ieee57_structural_group_03_realization_02_seed_57202_8x8,ieee57,ieee57_structural_group_03,2,57552015.0,coordinate_e0,sensitivity_initial_mean,-0.0043944864442971,-0.0043944864442971,0.0,0.0,false,1e-06,false,win,true
ieee57_structural_group_03_realization_02_seed_57202_8x8_held_out_seed57552015_signed_difference_e0_minus_e1,ieee57_structural_group_03_realization_02_seed_57202_8x8,ieee57,ieee57_structural_group_03,2,57552015.0,signed_difference_e0_minus_e1,balanced_magnitude,-0.0034491580618924,-0.003283818428356,0.0001653396335364,0.0479362298188615,false,1e-06,false,loss,true
ieee57_structural_group_03_realization_02_seed_57202_8x8_held_out_seed57552015_signed_difference_e0_minus_e1,ieee57_structural_group_03_realization_02_seed_57202_8x8,ieee57,ieee57_structural_group_03,2,57552015.0,signed_difference_e0_minus_e1,sensitivity_initial_mean,-0.0034491580618924,-0.0027074693116492,0.0007416887502432,0.2150347235279474,true,1e-06,false,loss,true
ieee57_structural_group_03_realization_02_seed_57202_8x8_held_out_seed57552016_aggregate_e0_to_e3,ieee57_structural_group_03_realization_02_seed_57202_8x8,ieee57,ieee57_structural_group_03,2,57552016.0,aggregate_e0_to_e3,balanced_magnitude,-0.0021358991207753,-0.0018069645070404,0.0003289346137349,0.1540028789447288,true,1e-06,false,loss,true
ieee57_structural_group_03_realization_02_seed_57202_8x8_held_out_seed57552016_aggregate_e0_to_e3,ieee57_structural_group_03_realization_02_seed_57202_8x8,ieee57,ieee57_structural_group_03,2,57552016.0,aggregate_e0_to_e3,sensitivity_initial_mean,-0.0021358991207753,-0.0007787787645593,0.0013571203562159,0.6353859800847466,true,1e-06,false,loss,true
ieee57_structural_group_03_realization_02_seed_57202_8x8_held_out_seed57552016_coordinate_e0,ieee57_structural_group_03_realization_02_seed_57202_8x8,ieee57,ieee57_structural_group_03,2,57552016.0,coordinate_e0,balanced_magnitude,-0.0039974987548845,-0.0036164011687897,0.0003810975860947,0.0953340099553782,false,1e-06,false,win,true
ieee57_structural_group_03_realization_02_seed_57202_8x8_held_out_seed57552016_coordinate_e0,ieee57_structural_group_03_realization_02_seed_57202_8x8,ieee57,ieee57_structural_group_03,2,57552016.0,coordinate_e0,sensitivity_initial_mean,-0.0039974987548845,-0.0039974987548845,0.0,0.0,false,1e-06,false,win,true
ieee57_structural_group_03_realization_02_seed_57202_8x8_held_out_seed57552016_signed_difference_e0_minus_e1,ieee57_structural_group_03_realization_02_seed_57202_8x8,ieee57,ieee57_structural_group_03,2,57552016.0,signed_difference_e0_minus_e1,balanced_magnitude,-0.0031961297634238,-0.0034745163908814,0.0002783866274576,0.0871011654919099,false,1e-06,false,loss,true
ieee57_structural_group_03_realization_02_seed_57202_8x8_held_out_seed57552016_signed_difference_e0_minus_e1,ieee57_structural_group_03_realization_02_seed_57202_8x8,ieee57,ieee57_structural_group_03,2,57552016.0,signed_difference_e0_minus_e1,sensitivity_initial_mean,-0.0031961297634238,-0.0043499816946629,0.001153851931239,0.3610153581508609,true,1e-06,false,loss,true
ieee57_structural_group_03_realization_02_seed_57202_8x8_held_out_seed57552017_aggregate_e0_to_e3,ieee57_structural_group_03_realization_02_seed_57202_8x8,ieee57,ieee57_structural_group_03,2,57552017.0,aggregate_e0_to_e3,balanced_magnitude,0.0001541929527115,0.0001352281199412,1.8964832770336417e-05,0.1229941604777068,true,1e-06,false,loss,true
ieee57_structural_group_03_realization_02_seed_57202_8x8_held_out_seed57552017_aggregate_e0_to_e3,ieee57_structural_group_03_realization_02_seed_57202_8x8,ieee57,ieee57_structural_group_03,2,57552017.0,aggregate_e0_to_e3,sensitivity_initial_mean,0.0001541929527115,0.0006081806340125,0.0004539876813009,2.944282947549572,true,1e-06,false,loss,true
ieee57_structural_group_03_realization_02_seed_57202_8x8_held_out_seed57552017_coordinate_e0,ieee57_structural_group_03_realization_02_seed_57202_8x8,ieee57,ieee57_structural_group_03,2,57552017.0,coordinate_e0,balanced_magnitude,0.0035783494891256,0.0037751001083488,0.0001967506192231,0.0549836229862502,false,1e-06,false,win,true
ieee57_structural_group_03_realization_02_seed_57202_8x8_held_out_seed57552017_coordinate_e0,ieee57_structural_group_03_realization_02_seed_57202_8x8,ieee57,ieee57_structural_group_03,2,57552017.0,coordinate_e0,sensitivity_initial_mean,0.0035783494891256,0.0035783494891256,0.0,0.0,false,1e-06,false,win,true
ieee57_structural_group_03_realization_02_seed_57202_8x8_held_out_seed57552017_signed_difference_e0_minus_e1,ieee57_structural_group_03_realization_02_seed_57202_8x8,ieee57,ieee57_structural_group_03,2,57552017.0,signed_difference_e0_minus_e1,balanced_magnitude,0.0015995456992463,0.0015647760273401,3.476967190621581e-05,0.0217372169626646,false,1e-06,false,loss,true
ieee57_structural_group_03_realization_02_seed_57202_8x8_held_out_seed57552017_signed_difference_e0_minus_e1,ieee57_structural_group_03_realization_02_seed_57202_8x8,ieee57,ieee57_structural_group_03,2,57552017.0,signed_difference_e0_minus_e1,sensitivity_initial_mean,0.0015995456992463,0.0012214673272335,0.0003780783720128,0.2363660958177051,true,1e-06,false,loss,true
ieee57_structural_group_03_realization_02_seed_57202_8x8_held_out_seed57552018_aggregate_e0_to_e3,ieee57_structural_group_03_realization_02_seed_57202_8x8,ieee57,ieee57_structural_group_03,2,57552018.0,aggregate_e0_to_e3,balanced_magnitude,-0.0030273679280004,-0.0029703367823364,5.70311456640207e-05,0.0188385247582672,false,1e-06,false,loss,true
ieee57_structural_group_03_realization_02_seed_57202_8x8_held_out_seed57552018_aggregate_e0_to_e3,ieee57_structural_group_03_realization_02_seed_57202_8x8,ieee57,ieee57_structural_group_03,2,57552018.0,aggregate_e0_to_e3,sensitivity_initial_mean,-0.0030273679280004,-0.0053570077181913,0.0023296397901908,0.7695264816158646,true,1e-06,false,loss,true
ieee57_structural_group_03_realization_02_seed_57202_8x8_held_out_seed57552018_coordinate_e0,ieee57_structural_group_03_realization_02_seed_57202_8x8,ieee57,ieee57_structural_group_03,2,57552018.0,coordinate_e0,balanced_magnitude,-0.0061519429430176,-0.0053475025400336,0.000804440402984,0.1307620064807445,true,1e-06,false,win,true
ieee57_structural_group_03_realization_02_seed_57202_8x8_held_out_seed57552018_coordinate_e0,ieee57_structural_group_03_realization_02_seed_57202_8x8,ieee57,ieee57_structural_group_03,2,57552018.0,coordinate_e0,sensitivity_initial_mean,-0.0061519429430176,-0.0061519429430176,0.0,0.0,false,1e-06,false,win,true
ieee57_structural_group_03_realization_02_seed_57202_8x8_held_out_seed57552018_signed_difference_e0_minus_e1,ieee57_structural_group_03_realization_02_seed_57202_8x8,ieee57,ieee57_structural_group_03,2,57552018.0,signed_difference_e0_minus_e1,balanced_magnitude,-0.0064969634281475,-0.0051943263378965,0.001302637090251,0.2004993724618305,true,1e-06,false,loss,true
ieee57_structural_group_03_realization_02_seed_57202_8x8_held_out_seed57552018_signed_difference_e0_minus_e1,ieee57_structural_group_03_realization_02_seed_57202_8x8,ieee57,ieee57_structural_group_03,2,57552018.0,signed_difference_e0_minus_e1,sensitivity_initial_mean,-0.0064969634281475,-0.0047593637262812,0.0017375997018663,0.2674479733621936,true,1e-06,false,loss,true
ieee57_structural_group_03_realization_02_seed_57202_8x8_held_out_seed57552019_aggregate_e0_to_e3,ieee57_structural_group_03_realization_02_seed_57202_8x8,ieee57,ieee57_structural_group_03,2,57552019.0,aggregate_e0_to_e3,balanced_magnitude,-0.0001836649783767,-0.0017264861018434,0.0015428211234667,8.400192225555273,true,1e-06,false,loss,true
ieee57_structural_group_03_realization_02_seed_57202_8x8_held_out_seed57552019_aggregate_e0_to_e3,ieee57_structural_group_03_realization_02_seed_57202_8x8,ieee57,ieee57_structural_group_03,2,57552019.0,aggregate_e0_to_e3,sensitivity_initial_mean,-0.0001836649783767,-0.0033193395647379,0.0031356745863612,17.072795336789074,true,1e-06,false,loss,true
ieee57_structural_group_03_realization_02_seed_57202_8x8_held_out_seed57552019_coordinate_e0,ieee57_structural_group_03_realization_02_seed_57202_8x8,ieee57,ieee57_structural_group_03,2,57552019.0,coordinate_e0,balanced_magnitude,0.0026123444548561,0.0017664934928016,0.0008458509620545,0.3237899812492859,true,1e-06,false,win,true
ieee57_structural_group_03_realization_02_seed_57202_8x8_held_out_seed57552019_coordinate_e0,ieee57_structural_group_03_realization_02_seed_57202_8x8,ieee57,ieee57_structural_group_03,2,57552019.0,coordinate_e0,sensitivity_initial_mean,0.0026123444548561,0.0026123444548561,0.0,0.0,false,1e-06,false,win,true
ieee57_structural_group_03_realization_02_seed_57202_8x8_held_out_seed57552019_signed_difference_e0_minus_e1,ieee57_structural_group_03_realization_02_seed_57202_8x8,ieee57,ieee57_structural_group_03,2,57552019.0,signed_difference_e0_minus_e1,balanced_magnitude,-0.0007472678644023,-0.0002246283165049,0.0005226395478973,0.6994005400130638,true,1e-06,false,loss,true
ieee57_structural_group_03_realization_02_seed_57202_8x8_held_out_seed57552019_signed_difference_e0_minus_e1,ieee57_structural_group_03_realization_02_seed_57202_8x8,ieee57,ieee57_structural_group_03,2,57552019.0,signed_difference_e0_minus_e1,sensitivity_initial_mean,-0.0007472678644023,0.0017381097122843,0.0024853775766866,3.325952707299379,true,1e-06,false,loss,true
ieee57_structural_group_04_realization_01_seed_57201_8x8_held_out_seed57562000_aggregate_e0_to_e3,ieee57_structural_group_04_realization_01_seed_57201_8x8,ieee57,ieee57_structural_group_04,1,57562000.0,aggregate_e0_to_e3,balanced_magnitude,-6.1011397138901005e-05,-6.1011397138901005e-05,0.0,0.0,false,1e-06,false,tie,true
ieee57_structural_group_04_realization_01_seed_57201_8x8_held_out_seed57562000_aggregate_e0_to_e3,ieee57_structural_group_04_realization_01_seed_57201_8x8,ieee57,ieee57_structural_group_04,1,57562000.0,aggregate_e0_to_e3,sensitivity_initial_mean,-6.1011397138901005e-05,-6.1011397138901005e-05,0.0,0.0,false,1e-06,false,tie,true
ieee57_structural_group_04_realization_01_seed_57201_8x8_held_out_seed57562000_coordinate_e0,ieee57_structural_group_04_realization_01_seed_57201_8x8,ieee57,ieee57_structural_group_04,1,57562000.0,coordinate_e0,balanced_magnitude,-7.122903411572459e-05,-7.122903411572459e-05,0.0,0.0,false,1e-06,false,tie,true
ieee57_structural_group_04_realization_01_seed_57201_8x8_held_out_seed57562000_coordinate_e0,ieee57_structural_group_04_realization_01_seed_57201_8x8,ieee57,ieee57_structural_group_04,1,57562000.0,coordinate_e0,sensitivity_initial_mean,-7.122903411572459e-05,-7.122903411572459e-05,0.0,0.0,false,1e-06,false,tie,true
ieee57_structural_group_04_realization_01_seed_57201_8x8_held_out_seed57562000_signed_difference_e0_minus_e1,ieee57_structural_group_04_realization_01_seed_57201_8x8,ieee57,ieee57_structural_group_04,1,57562000.0,signed_difference_e0_minus_e1,balanced_magnitude,-8.689096959939467e-05,-8.689096959939467e-05,0.0,0.0,false,1e-06,false,tie,true
ieee57_structural_group_04_realization_01_seed_57201_8x8_held_out_seed57562000_signed_difference_e0_minus_e1,ieee57_structural_group_04_realization_01_seed_57201_8x8,ieee57,ieee57_structural_group_04,1,57562000.0,signed_difference_e0_minus_e1,sensitivity_initial_mean,-8.689096959939467e-05,-8.689096959939467e-05,0.0,0.0,false,1e-06,false,tie,true
ieee57_structural_group_04_realization_01_seed_57201_8x8_held_out_seed57562001_aggregate_e0_to_e3,ieee57_structural_group_04_realization_01_seed_57201_8x8,ieee57,ieee57_structural_group_04,1,57562001.0,aggregate_e0_to_e3,balanced_magnitude,-3.375358378736688e-05,-3.375358378736688e-05,0.0,0.0,false,1e-06,false,tie,true
ieee57_structural_group_04_realization_01_seed_57201_8x8_held_out_seed57562001_aggregate_e0_to_e3,ieee57_structural_group_04_realization_01_seed_57201_8x8,ieee57,ieee57_structural_group_04,1,57562001.0,aggregate_e0_to_e3,sensitivity_initial_mean,-3.375358378736688e-05,-3.375358378736688e-05,0.0,0.0,false,1e-06,false,tie,true
ieee57_structural_group_04_realization_01_seed_57201_8x8_held_out_seed57562001_coordinate_e0,ieee57_structural_group_04_realization_01_seed_57201_8x8,ieee57,ieee57_structural_group_04,1,57562001.0,coordinate_e0,balanced_magnitude,4.993012158218742e-05,4.993012158218742e-05,0.0,0.0,false,1e-06,false,tie,true
ieee57_structural_group_04_realization_01_seed_57201_8x8_held_out_seed57562001_coordinate_e0,ieee57_structural_group_04_realization_01_seed_57201_8x8,ieee57,ieee57_structural_group_04,1,57562001.0,coordinate_e0,sensitivity_initial_mean,4.993012158218742e-05,4.993012158218742e-05,0.0,0.0,false,1e-06,false,tie,true
ieee57_structural_group_04_realization_01_seed_57201_8x8_held_out_seed57562001_signed_difference_e0_minus_e1,ieee57_structural_group_04_realization_01_seed_57201_8x8,ieee57,ieee57_structural_group_04,1,57562001.0,signed_difference_e0_minus_e1,balanced_magnitude,5.605055718173761e-05,5.605055718173761e-05,0.0,0.0,false,1e-06,false,tie,true
ieee57_structural_group_04_realization_01_seed_57201_8x8_held_out_seed57562001_signed_difference_e0_minus_e1,ieee57_structural_group_04_realization_01_seed_57201_8x8,ieee57,ieee57_structural_group_04,1,57562001.0,signed_difference_e0_minus_e1,sensitivity_initial_mean,5.605055718173761e-05,5.605055718173761e-05,0.0,0.0,false,1e-06,false,tie,true
ieee57_structural_group_04_realization_01_seed_57201_8x8_held_out_seed57562002_aggregate_e0_to_e3,ieee57_structural_group_04_realization_01_seed_57201_8x8,ieee57,ieee57_structural_group_04,1,57562002.0,aggregate_e0_to_e3,balanced_magnitude,5.126542619080227e-05,5.126542619080227e-05,0.0,0.0,false,1e-06,false,tie,true
ieee57_structural_group_04_realization_01_seed_57201_8x8_held_out_seed57562002_aggregate_e0_to_e3,ieee57_structural_group_04_realization_01_seed_57201_8x8,ieee57,ieee57_structural_group_04,1,57562002.0,aggregate_e0_to_e3,sensitivity_initial_mean,5.126542619080227e-05,5.126542619080227e-05,0.0,0.0,false,1e-06,false,tie,true
ieee57_structural_group_04_realization_01_seed_57201_8x8_held_out_seed57562002_coordinate_e0,ieee57_structural_group_04_realization_01_seed_57201_8x8,ieee57,ieee57_structural_group_04,1,57562002.0,coordinate_e0,balanced_magnitude,-4.181230492079867e-05,-4.181230492079867e-05,0.0,0.0,false,1e-06,false,tie,true
ieee57_structural_group_04_realization_01_seed_57201_8x8_held_out_seed57562002_coordinate_e0,ieee57_structural_group_04_realization_01_seed_57201_8x8,ieee57,ieee57_structural_group_04,1,57562002.0,coordinate_e0,sensitivity_initial_mean,-4.181230492079867e-05,-4.181230492079867e-05,0.0,0.0,false,1e-06,false,tie,true
ieee57_structural_group_04_realization_01_seed_57201_8x8_held_out_seed57562002_signed_difference_e0_minus_e1,ieee57_structural_group_04_realization_01_seed_57201_8x8,ieee57,ieee57_structural_group_04,1,57562002.0,signed_difference_e0_minus_e1,balanced_magnitude,-8.651689640195868e-05,-8.651689640195868e-05,0.0,0.0,false,1e-06,false,tie,true
ieee57_structural_group_04_realization_01_seed_57201_8x8_held_out_seed57562002_signed_difference_e0_minus_e1,ieee57_structural_group_04_realization_01_seed_57201_8x8,ieee57,ieee57_structural_group_04,1,57562002.0,signed_difference_e0_minus_e1,sensitivity_initial_mean,-8.651689640195868e-05,-8.651689640195868e-05,0.0,0.0,false,1e-06,false,tie,true
ieee57_structural_group_04_realization_01_seed_57201_8x8_held_out_seed57562003_aggregate_e0_to_e3,ieee57_structural_group_04_realization_01_seed_57201_8x8,ieee57,ieee57_structural_group_04,1,57562003.0,aggregate_e0_to_e3,balanced_magnitude,-6.926669804875293e-05,-6.926669804875293e-05,0.0,0.0,false,1e-06,false,tie,true
ieee57_structural_group_04_realization_01_seed_57201_8x8_held_out_seed57562003_aggregate_e0_to_e3,ieee57_structural_group_04_realization_01_seed_57201_8x8,ieee57,ieee57_structural_group_04,1,57562003.0,aggregate_e0_to_e3,sensitivity_initial_mean,-6.926669804875293e-05,-6.926669804875293e-05,0.0,0.0,false,1e-06,false,tie,true
ieee57_structural_group_04_realization_01_seed_57201_8x8_held_out_seed57562003_coordinate_e0,ieee57_structural_group_04_realization_01_seed_57201_8x8,ieee57,ieee57_structural_group_04,1,57562003.0,coordinate_e0,balanced_magnitude,-4.327983816394135e-05,-4.327983816394135e-05,0.0,0.0,false,1e-06,false,tie,true
ieee57_structural_group_04_realization_01_seed_57201_8x8_held_out_seed57562003_coordinate_e0,ieee57_structural_group_04_realization_01_seed_57201_8x8,ieee57,ieee57_structural_group_04,1,57562003.0,coordinate_e0,sensitivity_initial_mean,-4.327983816394135e-05,-4.327983816394135e-05,0.0,0.0,false,1e-06,false,tie,true
ieee57_structural_group_04_realization_01_seed_57201_8x8_held_out_seed57562003_signed_difference_e0_minus_e1,ieee57_structural_group_04_realization_01_seed_57201_8x8,ieee57,ieee57_structural_group_04,1,57562003.0,signed_difference_e0_minus_e1,balanced_magnitude,4.703935596768135e-05,4.703935596768135e-05,0.0,0.0,false,1e-06,false,tie,true
ieee57_structural_group_04_realization_01_seed_57201_8x8_held_out_seed57562003_signed_difference_e0_minus_e1,ieee57_structural_group_04_realization_01_seed_57201_8x8,ieee57,ieee57_structural_group_04,1,57562003.0,signed_difference_e0_minus_e1,sensitivity_initial_mean,4.703935596768135e-05,4.703935596768135e-05,0.0,0.0,false,1e-06,false,tie,true
ieee57_structural_group_04_realization_01_seed_57201_8x8_held_out_seed57562004_aggregate_e0_to_e3,ieee57_structural_group_04_realization_01_seed_57201_8x8,ieee57,ieee57_structural_group_04,1,57562004.0,aggregate_e0_to_e3,balanced_magnitude,9.477075331757371e-05,9.477075331757371e-05,0.0,0.0,false,1e-06,false,tie,true
ieee57_structural_group_04_realization_01_seed_57201_8x8_held_out_seed57562004_aggregate_e0_to_e3,ieee57_structural_group_04_realization_01_seed_57201_8x8,ieee57,ieee57_structural_group_04,1,57562004.0,aggregate_e0_to_e3,sensitivity_initial_mean,9.477075331757371e-05,9.477075331757371e-05,0.0,0.0,false,1e-06,false,tie,true
ieee57_structural_group_04_realization_01_seed_57201_8x8_held_out_seed57562004_coordinate_e0,ieee57_structural_group_04_realization_01_seed_57201_8x8,ieee57,ieee57_structural_group_04,1,57562004.0,coordinate_e0,balanced_magnitude,5.484087887369742e-05,5.484087887369742e-05,0.0,0.0,false,1e-06,false,tie,true
ieee57_structural_group_04_realization_01_seed_57201_8x8_held_out_seed57562004_coordinate_e0,ieee57_structural_group_04_realization_01_seed_57201_8x8,ieee57,ieee57_structural_group_04,1,57562004.0,coordinate_e0,sensitivity_initial_mean,5.484087887369742e-05,5.484087887369742e-05,0.0,0.0,false,1e-06,false,tie,true
ieee57_structural_group_04_realization_01_seed_57201_8x8_held_out_seed57562004_signed_difference_e0_minus_e1,ieee57_structural_group_04_realization_01_seed_57201_8x8,ieee57,ieee57_structural_group_04,1,57562004.0,signed_difference_e0_minus_e1,balanced_magnitude,1.975248726911553e-05,1.975248726911553e-05,0.0,0.0,false,1e-06,false,tie,true
ieee57_structural_group_04_realization_01_seed_57201_8x8_held_out_seed57562004_signed_difference_e0_minus_e1,ieee57_structural_group_04_realization_01_seed_57201_8x8,ieee57,ieee57_structural_group_04,1,57562004.0,signed_difference_e0_minus_e1,sensitivity_initial_mean,1.975248726911553e-05,1.975248726911553e-05,0.0,0.0,false,1e-06,false,tie,true
ieee57_structural_group_04_realization_01_seed_57201_8x8_held_out_seed57562005_aggregate_e0_to_e3,ieee57_structural_group_04_realization_01_seed_57201_8x8,ieee57,ieee57_structural_group_04,1,57562005.0,aggregate_e0_to_e3,balanced_magnitude,3.5106356073331863e-06,3.5106356073331863e-06,0.0,0.0,false,1e-06,false,tie,true
ieee57_structural_group_04_realization_01_seed_57201_8x8_held_out_seed57562005_aggregate_e0_to_e3,ieee57_structural_group_04_realization_01_seed_57201_8x8,ieee57,ieee57_structural_group_04,1,57562005.0,aggregate_e0_to_e3,sensitivity_initial_mean,3.5106356073331863e-06,3.5106356073331863e-06,0.0,0.0,false,1e-06,false,tie,true
ieee57_structural_group_04_realization_01_seed_57201_8x8_held_out_seed57562005_coordinate_e0,ieee57_structural_group_04_realization_01_seed_57201_8x8,ieee57,ieee57_structural_group_04,1,57562005.0,coordinate_e0,balanced_magnitude,-5.654964374055886e-05,-5.654964374055886e-05,0.0,0.0,false,1e-06,false,tie,true
ieee57_structural_group_04_realization_01_seed_57201_8x8_held_out_seed57562005_coordinate_e0,ieee57_structural_group_04_realization_01_seed_57201_8x8,ieee57,ieee57_structural_group_04,1,57562005.0,coordinate_e0,sensitivity_initial_mean,-5.654964374055886e-05,-5.654964374055886e-05,0.0,0.0,false,1e-06,false,tie,true
ieee57_structural_group_04_realization_01_seed_57201_8x8_held_out_seed57562005_signed_difference_e0_minus_e1,ieee57_structural_group_04_realization_01_seed_57201_8x8,ieee57,ieee57_structural_group_04,1,57562005.0,signed_difference_e0_minus_e1,balanced_magnitude,-7.889713570829984e-05,-7.889713570829984e-05,0.0,0.0,false,1e-06,false,tie,true
ieee57_structural_group_04_realization_01_seed_57201_8x8_held_out_seed57562005_signed_difference_e0_minus_e1,ieee57_structural_group_04_realization_01_seed_57201_8x8,ieee57,ieee57_structural_group_04,1,57562005.0,signed_difference_e0_minus_e1,sensitivity_initial_mean,-7.889713570829984e-05,-7.889713570829984e-05,0.0,0.0,false,1e-06,false,tie,true
ieee57_structural_group_04_realization_01_seed_57201_8x8_held_out_seed57562006_aggregate_e0_to_e3,ieee57_structural_group_04_realization_01_seed_57201_8x8,ieee57,ieee57_structural_group_04,1,57562006.0,aggregate_e0_to_e3,balanced_magnitude,1.527081018061876e-05,1.527081018061876e-05,0.0,0.0,false,1e-06,false,tie,true
ieee57_structural_group_04_realization_01_seed_57201_8x8_held_out_seed57562006_aggregate_e0_to_e3,ieee57_structural_group_04_realization_01_seed_57201_8x8,ieee57,ieee57_structural_group_04,1,57562006.0,aggregate_e0_to_e3,sensitivity_initial_mean,1.527081018061876e-05,1.527081018061876e-05,0.0,0.0,false,1e-06,false,tie,true
ieee57_structural_group_04_realization_01_seed_57201_8x8_held_out_seed57562006_coordinate_e0,ieee57_structural_group_04_realization_01_seed_57201_8x8,ieee57,ieee57_structural_group_04,1,57562006.0,coordinate_e0,balanced_magnitude,5.115026483323372e-05,5.115026483323372e-05,0.0,0.0,false,1e-06,false,tie,true
ieee57_structural_group_04_realization_01_seed_57201_8x8_held_out_seed57562006_coordinate_e0,ieee57_structural_group_04_realization_01_seed_57201_8x8,ieee57,ieee57_structural_group_04,1,57562006.0,coordinate_e0,sensitivity_initial_mean,5.115026483323372e-05,5.115026483323372e-05,0.0,0.0,false,1e-06,false,tie,true
ieee57_structural_group_04_realization_01_seed_57201_8x8_held_out_seed57562006_signed_difference_e0_minus_e1,ieee57_structural_group_04_realization_01_seed_57201_8x8,ieee57,ieee57_structural_group_04,1,57562006.0,signed_difference_e0_minus_e1,balanced_magnitude,7.391233436408245e-05,7.391233436408245e-05,0.0,0.0,false,1e-06,false,tie,true
ieee57_structural_group_04_realization_01_seed_57201_8x8_held_out_seed57562006_signed_difference_e0_minus_e1,ieee57_structural_group_04_realization_01_seed_57201_8x8,ieee57,ieee57_structural_group_04,1,57562006.0,signed_difference_e0_minus_e1,sensitivity_initial_mean,7.391233436408245e-05,7.391233436408245e-05,0.0,0.0,false,1e-06,false,tie,true
ieee57_structural_group_04_realization_01_seed_57201_8x8_held_out_seed57562007_aggregate_e0_to_e3,ieee57_structural_group_04_realization_01_seed_57201_8x8,ieee57,ieee57_structural_group_04,1,57562007.0,aggregate_e0_to_e3,balanced_magnitude,-0.000121388129818,-0.000121388129818,0.0,0.0,false,1e-06,false,tie,true
ieee57_structural_group_04_realization_01_seed_57201_8x8_held_out_seed57562007_aggregate_e0_to_e3,ieee57_structural_group_04_realization_01_seed_57201_8x8,ieee57,ieee57_structural_group_04,1,57562007.0,aggregate_e0_to_e3,sensitivity_initial_mean,-0.000121388129818,-0.000121388129818,0.0,0.0,false,1e-06,false,tie,true
ieee57_structural_group_04_realization_01_seed_57201_8x8_held_out_seed57562007_coordinate_e0,ieee57_structural_group_04_realization_01_seed_57201_8x8,ieee57,ieee57_structural_group_04,1,57562007.0,coordinate_e0,balanced_magnitude,1.626464858377867e-05,1.626464858377867e-05,0.0,0.0,false,1e-06,false,tie,true
ieee57_structural_group_04_realization_01_seed_57201_8x8_held_out_seed57562007_coordinate_e0,ieee57_structural_group_04_realization_01_seed_57201_8x8,ieee57,ieee57_structural_group_04,1,57562007.0,coordinate_e0,sensitivity_initial_mean,1.626464858377867e-05,1.626464858377867e-05,0.0,0.0,false,1e-06,false,tie,true
ieee57_structural_group_04_realization_01_seed_57201_8x8_held_out_seed57562007_signed_difference_e0_minus_e1,ieee57_structural_group_04_realization_01_seed_57201_8x8,ieee57,ieee57_structural_group_04,1,57562007.0,signed_difference_e0_minus_e1,balanced_magnitude,0.00011292012306,0.00011292012306,0.0,0.0,false,1e-06,false,tie,true
ieee57_structural_group_04_realization_01_seed_57201_8x8_held_out_seed57562007_signed_difference_e0_minus_e1,ieee57_structural_group_04_realization_01_seed_57201_8x8,ieee57,ieee57_structural_group_04,1,57562007.0,signed_difference_e0_minus_e1,sensitivity_initial_mean,0.00011292012306,0.00011292012306,0.0,0.0,false,1e-06,false,tie,true
ieee57_structural_group_04_realization_01_seed_57201_8x8_held_out_seed57562008_aggregate_e0_to_e3,ieee57_structural_group_04_realization_01_seed_57201_8x8,ieee57,ieee57_structural_group_04,1,57562008.0,aggregate_e0_to_e3,balanced_magnitude,0.0001008411603664,0.0001008411603664,0.0,0.0,false,1e-06,false,tie,true
ieee57_structural_group_04_realization_01_seed_57201_8x8_held_out_seed57562008_aggregate_e0_to_e3,ieee57_structural_group_04_realization_01_seed_57201_8x8,ieee57,ieee57_structural_group_04,1,57562008.0,aggregate_e0_to_e3,sensitivity_initial_mean,0.0001008411603664,0.0001008411603664,0.0,0.0,false,1e-06,false,tie,true
ieee57_structural_group_04_realization_01_seed_57201_8x8_held_out_seed57562008_coordinate_e0,ieee57_structural_group_04_realization_01_seed_57201_8x8,ieee57,ieee57_structural_group_04,1,57562008.0,coordinate_e0,balanced_magnitude,5.531666194709366e-05,5.531666194709366e-05,0.0,0.0,false,1e-06,false,tie,true
ieee57_structural_group_04_realization_01_seed_57201_8x8_held_out_seed57562008_coordinate_e0,ieee57_structural_group_04_realization_01_seed_57201_8x8,ieee57,ieee57_structural_group_04,1,57562008.0,coordinate_e0,sensitivity_initial_mean,5.531666194709366e-05,5.531666194709366e-05,0.0,0.0,false,1e-06,false,tie,true
ieee57_structural_group_04_realization_01_seed_57201_8x8_held_out_seed57562008_signed_difference_e0_minus_e1,ieee57_structural_group_04_realization_01_seed_57201_8x8,ieee57,ieee57_structural_group_04,1,57562008.0,signed_difference_e0_minus_e1,balanced_magnitude,4.189257860984668e-05,4.189257860984668e-05,0.0,0.0,false,1e-06,false,tie,true
ieee57_structural_group_04_realization_01_seed_57201_8x8_held_out_seed57562008_signed_difference_e0_minus_e1,ieee57_structural_group_04_realization_01_seed_57201_8x8,ieee57,ieee57_structural_group_04,1,57562008.0,signed_difference_e0_minus_e1,sensitivity_initial_mean,4.189257860984668e-05,4.189257860984668e-05,0.0,0.0,false,1e-06,false,tie,true
ieee57_structural_group_04_realization_01_seed_57201_8x8_held_out_seed57562009_aggregate_e0_to_e3,ieee57_structural_group_04_realization_01_seed_57201_8x8,ieee57,ieee57_structural_group_04,1,57562009.0,aggregate_e0_to_e3,balanced_magnitude,3.2638351475765953e-05,3.2638351475765953e-05,0.0,0.0,false,1e-06,false,tie,true
ieee57_structural_group_04_realization_01_seed_57201_8x8_held_out_seed57562009_aggregate_e0_to_e3,ieee57_structural_group_04_realization_01_seed_57201_8x8,ieee57,ieee57_structural_group_04,1,57562009.0,aggregate_e0_to_e3,sensitivity_initial_mean,3.2638351475765953e-05,3.2638351475765953e-05,0.0,0.0,false,1e-06,false,tie,true
ieee57_structural_group_04_realization_01_seed_57201_8x8_held_out_seed57562009_coordinate_e0,ieee57_structural_group_04_realization_01_seed_57201_8x8,ieee57,ieee57_structural_group_04,1,57562009.0,coordinate_e0,balanced_magnitude,-1.6599576028957113e-05,-1.6599576028957113e-05,0.0,0.0,false,1e-06,false,tie,true
ieee57_structural_group_04_realization_01_seed_57201_8x8_held_out_seed57562009_coordinate_e0,ieee57_structural_group_04_realization_01_seed_57201_8x8,ieee57,ieee57_structural_group_04,1,57562009.0,coordinate_e0,sensitivity_initial_mean,-1.6599576028957113e-05,-1.6599576028957113e-05,0.0,0.0,false,1e-06,false,tie,true
ieee57_structural_group_04_realization_01_seed_57201_8x8_held_out_seed57562009_signed_difference_e0_minus_e1,ieee57_structural_group_04_realization_01_seed_57201_8x8,ieee57,ieee57_structural_group_04,1,57562009.0,signed_difference_e0_minus_e1,balanced_magnitude,1.1273586798256025e-05,1.1273586798256025e-05,0.0,0.0,false,1e-06,false,tie,true
ieee57_structural_group_04_realization_01_seed_57201_8x8_held_out_seed57562009_signed_difference_e0_minus_e1,ieee57_structural_group_04_realization_01_seed_57201_8x8,ieee57,ieee57_structural_group_04,1,57562009.0,signed_difference_e0_minus_e1,sensitivity_initial_mean,1.1273586798256025e-05,1.1273586798256025e-05,0.0,0.0,false,1e-06,false,tie,true
ieee57_structural_group_04_realization_01_seed_57201_8x8_held_out_seed57562010_aggregate_e0_to_e3,ieee57_structural_group_04_realization_01_seed_57201_8x8,ieee57,ieee57_structural_group_04,1,57562010.0,aggregate_e0_to_e3,balanced_magnitude,-8.10412417167991e-05,-8.10412417167991e-05,0.0,0.0,false,1e-06,false,tie,true
ieee57_structural_group_04_realization_01_seed_57201_8x8_held_out_seed57562010_aggregate_e0_to_e3,ieee57_structural_group_04_realization_01_seed_57201_8x8,ieee57,ieee57_structural_group_04,1,57562010.0,aggregate_e0_to_e3,sensitivity_initial_mean,-8.10412417167991e-05,-8.10412417167991e-05,0.0,0.0,false,1e-06,false,tie,true
ieee57_structural_group_04_realization_01_seed_57201_8x8_held_out_seed57562010_coordinate_e0,ieee57_structural_group_04_realization_01_seed_57201_8x8,ieee57,ieee57_structural_group_04,1,57562010.0,coordinate_e0,balanced_magnitude,-3.959709329906336e-05,-3.959709329906336e-05,0.0,0.0,false,1e-06,false,tie,true
ieee57_structural_group_04_realization_01_seed_57201_8x8_held_out_seed57562010_coordinate_e0,ieee57_structural_group_04_realization_01_seed_57201_8x8,ieee57,ieee57_structural_group_04,1,57562010.0,coordinate_e0,sensitivity_initial_mean,-3.959709329906336e-05,-3.959709329906336e-05,0.0,0.0,false,1e-06,false,tie,true
ieee57_structural_group_04_realization_01_seed_57201_8x8_held_out_seed57562010_signed_difference_e0_minus_e1,ieee57_structural_group_04_realization_01_seed_57201_8x8,ieee57,ieee57_structural_group_04,1,57562010.0,signed_difference_e0_minus_e1,balanced_magnitude,-3.3726669947398585e-05,-3.3726669947398585e-05,0.0,0.0,false,1e-06,false,tie,true
ieee57_structural_group_04_realization_01_seed_57201_8x8_held_out_seed57562010_signed_difference_e0_minus_e1,ieee57_structural_group_04_realization_01_seed_57201_8x8,ieee57,ieee57_structural_group_04,1,57562010.0,signed_difference_e0_minus_e1,sensitivity_initial_mean,-3.3726669947398585e-05,-3.3726669947398585e-05,0.0,0.0,false,1e-06,false,tie,true
ieee57_structural_group_04_realization_01_seed_57201_8x8_held_out_seed57562011_aggregate_e0_to_e3,ieee57_structural_group_04_realization_01_seed_57201_8x8,ieee57,ieee57_structural_group_04,1,57562011.0,aggregate_e0_to_e3,balanced_magnitude,5.7638603472794054e-05,5.7638603472794054e-05,0.0,0.0,false,1e-06,false,tie,true
ieee57_structural_group_04_realization_01_seed_57201_8x8_held_out_seed57562011_aggregate_e0_to_e3,ieee57_structural_group_04_realization_01_seed_57201_8x8,ieee57,ieee57_structural_group_04,1,57562011.0,aggregate_e0_to_e3,sensitivity_initial_mean,5.7638603472794054e-05,5.7638603472794054e-05,0.0,0.0,false,1e-06,false,tie,true
ieee57_structural_group_04_realization_01_seed_57201_8x8_held_out_seed57562011_coordinate_e0,ieee57_structural_group_04_realization_01_seed_57201_8x8,ieee57,ieee57_structural_group_04,1,57562011.0,coordinate_e0,balanced_magnitude,7.250279558918282e-05,7.250279558918282e-05,0.0,0.0,false,1e-06,false,tie,true
ieee57_structural_group_04_realization_01_seed_57201_8x8_held_out_seed57562011_coordinate_e0,ieee57_structural_group_04_realization_01_seed_57201_8x8,ieee57,ieee57_structural_group_04,1,57562011.0,coordinate_e0,sensitivity_initial_mean,7.250279558918282e-05,7.250279558918282e-05,0.0,0.0,false,1e-06,false,tie,true
ieee57_structural_group_04_realization_01_seed_57201_8x8_held_out_seed57562011_signed_difference_e0_minus_e1,ieee57_structural_group_04_realization_01_seed_57201_8x8,ieee57,ieee57_structural_group_04,1,57562011.0,signed_difference_e0_minus_e1,balanced_magnitude,1.6896451810665563e-05,1.6896451810665563e-05,0.0,0.0,false,1e-06,false,tie,true
ieee57_structural_group_04_realization_01_seed_57201_8x8_held_out_seed57562011_signed_difference_e0_minus_e1,ieee57_structural_group_04_realization_01_seed_57201_8x8,ieee57,ieee57_structural_group_04,1,57562011.0,signed_difference_e0_minus_e1,sensitivity_initial_mean,1.6896451810665563e-05,1.6896451810665563e-05,0.0,0.0,false,1e-06,false,tie,true
ieee57_structural_group_04_realization_01_seed_57201_8x8_held_out_seed57562012_aggregate_e0_to_e3,ieee57_structural_group_04_realization_01_seed_57201_8x8,ieee57,ieee57_structural_group_04,1,57562012.0,aggregate_e0_to_e3,balanced_magnitude,1.6320912495973096e-05,1.6320912495973096e-05,0.0,0.0,false,1e-06,false,tie,true
ieee57_structural_group_04_realization_01_seed_57201_8x8_held_out_seed57562012_aggregate_e0_to_e3,ieee57_structural_group_04_realization_01_seed_57201_8x8,ieee57,ieee57_structural_group_04,1,57562012.0,aggregate_e0_to_e3,sensitivity_initial_mean,1.6320912495973096e-05,1.6320912495973096e-05,0.0,0.0,false,1e-06,false,tie,true
ieee57_structural_group_04_realization_01_seed_57201_8x8_held_out_seed57562012_coordinate_e0,ieee57_structural_group_04_realization_01_seed_57201_8x8,ieee57,ieee57_structural_group_04,1,57562012.0,coordinate_e0,balanced_magnitude,2.4364069847557952e-06,2.4364069847557952e-06,0.0,0.0,false,1e-06,false,tie,true
ieee57_structural_group_04_realization_01_seed_57201_8x8_held_out_seed57562012_coordinate_e0,ieee57_structural_group_04_realization_01_seed_57201_8x8,ieee57,ieee57_structural_group_04,1,57562012.0,coordinate_e0,sensitivity_initial_mean,2.4364069847557952e-06,2.4364069847557952e-06,0.0,0.0,false,1e-06,false,tie,true
ieee57_structural_group_04_realization_01_seed_57201_8x8_held_out_seed57562012_signed_difference_e0_minus_e1,ieee57_structural_group_04_realization_01_seed_57201_8x8,ieee57,ieee57_structural_group_04,1,57562012.0,signed_difference_e0_minus_e1,balanced_magnitude,-4.4345315684838144e-05,-4.4345315684838144e-05,0.0,0.0,false,1e-06,false,tie,true
ieee57_structural_group_04_realization_01_seed_57201_8x8_held_out_seed57562012_signed_difference_e0_minus_e1,ieee57_structural_group_04_realization_01_seed_57201_8x8,ieee57,ieee57_structural_group_04,1,57562012.0,signed_difference_e0_minus_e1,sensitivity_initial_mean,-4.4345315684838144e-05,-4.4345315684838144e-05,0.0,0.0,false,1e-06,false,tie,true
ieee57_structural_group_04_realization_01_seed_57201_8x8_held_out_seed57562013_aggregate_e0_to_e3,ieee57_structural_group_04_realization_01_seed_57201_8x8,ieee57,ieee57_structural_group_04,1,57562013.0,aggregate_e0_to_e3,balanced_magnitude,-0.0001562548933983,-0.0001562548933983,0.0,0.0,false,1e-06,false,tie,true
ieee57_structural_group_04_realization_01_seed_57201_8x8_held_out_seed57562013_aggregate_e0_to_e3,ieee57_structural_group_04_realization_01_seed_57201_8x8,ieee57,ieee57_structural_group_04,1,57562013.0,aggregate_e0_to_e3,sensitivity_initial_mean,-0.0001562548933983,-0.0001562548933983,0.0,0.0,false,1e-06,false,tie,true
ieee57_structural_group_04_realization_01_seed_57201_8x8_held_out_seed57562013_coordinate_e0,ieee57_structural_group_04_realization_01_seed_57201_8x8,ieee57,ieee57_structural_group_04,1,57562013.0,coordinate_e0,balanced_magnitude,-8.875233138408057e-05,-8.875233138408057e-05,0.0,0.0,false,1e-06,false,tie,true
ieee57_structural_group_04_realization_01_seed_57201_8x8_held_out_seed57562013_coordinate_e0,ieee57_structural_group_04_realization_01_seed_57201_8x8,ieee57,ieee57_structural_group_04,1,57562013.0,coordinate_e0,sensitivity_initial_mean,-8.875233138408057e-05,-8.875233138408057e-05,0.0,0.0,false,1e-06,false,tie,true
ieee57_structural_group_04_realization_01_seed_57201_8x8_held_out_seed57562013_signed_difference_e0_minus_e1,ieee57_structural_group_04_realization_01_seed_57201_8x8,ieee57,ieee57_structural_group_04,1,57562013.0,signed_difference_e0_minus_e1,balanced_magnitude,3.15368700955329e-05,3.15368700955329e-05,0.0,0.0,false,1e-06,false,tie,true
ieee57_structural_group_04_realization_01_seed_57201_8x8_held_out_seed57562013_signed_difference_e0_minus_e1,ieee57_structural_group_04_realization_01_seed_57201_8x8,ieee57,ieee57_structural_group_04,1,57562013.0,signed_difference_e0_minus_e1,sensitivity_initial_mean,3.15368700955329e-05,3.15368700955329e-05,0.0,0.0,false,1e-06,false,tie,true
ieee57_structural_group_04_realization_01_seed_57201_8x8_held_out_seed57562014_aggregate_e0_to_e3,ieee57_structural_group_04_realization_01_seed_57201_8x8,ieee57,ieee57_structural_group_04,1,57562014.0,aggregate_e0_to_e3,balanced_magnitude,4.190799867798935e-05,4.190799867798935e-05,0.0,0.0,false,1e-06,false,tie,true
ieee57_structural_group_04_realization_01_seed_57201_8x8_held_out_seed57562014_aggregate_e0_to_e3,ieee57_structural_group_04_realization_01_seed_57201_8x8,ieee57,ieee57_structural_group_04,1,57562014.0,aggregate_e0_to_e3,sensitivity_initial_mean,4.190799867798935e-05,4.190799867798935e-05,0.0,0.0,false,1e-06,false,tie,true
ieee57_structural_group_04_realization_01_seed_57201_8x8_held_out_seed57562014_coordinate_e0,ieee57_structural_group_04_realization_01_seed_57201_8x8,ieee57,ieee57_structural_group_04,1,57562014.0,coordinate_e0,balanced_magnitude,1.0726587409957866e-05,1.0726587409957866e-05,0.0,0.0,false,1e-06,false,tie,true
ieee57_structural_group_04_realization_01_seed_57201_8x8_held_out_seed57562014_coordinate_e0,ieee57_structural_group_04_realization_01_seed_57201_8x8,ieee57,ieee57_structural_group_04,1,57562014.0,coordinate_e0,sensitivity_initial_mean,1.0726587409957866e-05,1.0726587409957866e-05,0.0,0.0,false,1e-06,false,tie,true
ieee57_structural_group_04_realization_01_seed_57201_8x8_held_out_seed57562014_signed_difference_e0_minus_e1,ieee57_structural_group_04_realization_01_seed_57201_8x8,ieee57,ieee57_structural_group_04,1,57562014.0,signed_difference_e0_minus_e1,balanced_magnitude,2.2868615562789684e-05,2.2868615562789684e-05,0.0,0.0,false,1e-06,false,tie,true
ieee57_structural_group_04_realization_01_seed_57201_8x8_held_out_seed57562014_signed_difference_e0_minus_e1,ieee57_structural_group_04_realization_01_seed_57201_8x8,ieee57,ieee57_structural_group_04,1,57562014.0,signed_difference_e0_minus_e1,sensitivity_initial_mean,2.2868615562789684e-05,2.2868615562789684e-05,0.0,0.0,false,1e-06,false,tie,true
ieee57_structural_group_04_realization_01_seed_57201_8x8_held_out_seed57562015_aggregate_e0_to_e3,ieee57_structural_group_04_realization_01_seed_57201_8x8,ieee57,ieee57_structural_group_04,1,57562015.0,aggregate_e0_to_e3,balanced_magnitude,-3.683386743885396e-05,-3.683386743885396e-05,0.0,0.0,false,1e-06,false,tie,true
ieee57_structural_group_04_realization_01_seed_57201_8x8_held_out_seed57562015_aggregate_e0_to_e3,ieee57_structural_group_04_realization_01_seed_57201_8x8,ieee57,ieee57_structural_group_04,1,57562015.0,aggregate_e0_to_e3,sensitivity_initial_mean,-3.683386743885396e-05,-3.683386743885396e-05,0.0,0.0,false,1e-06,false,tie,true
ieee57_structural_group_04_realization_01_seed_57201_8x8_held_out_seed57562015_coordinate_e0,ieee57_structural_group_04_realization_01_seed_57201_8x8,ieee57,ieee57_structural_group_04,1,57562015.0,coordinate_e0,balanced_magnitude,-6.22162324964144e-05,-6.22162324964144e-05,0.0,0.0,false,1e-06,false,tie,true
ieee57_structural_group_04_realization_01_seed_57201_8x8_held_out_seed57562015_coordinate_e0,ieee57_structural_group_04_realization_01_seed_57201_8x8,ieee57,ieee57_structural_group_04,1,57562015.0,coordinate_e0,sensitivity_initial_mean,-6.22162324964144e-05,-6.22162324964144e-05,0.0,0.0,false,1e-06,false,tie,true
ieee57_structural_group_04_realization_01_seed_57201_8x8_held_out_seed57562015_signed_difference_e0_minus_e1,ieee57_structural_group_04_realization_01_seed_57201_8x8,ieee57,ieee57_structural_group_04,1,57562015.0,signed_difference_e0_minus_e1,balanced_magnitude,-8.823311464934637e-05,-8.823311464934637e-05,0.0,0.0,false,1e-06,false,tie,true
ieee57_structural_group_04_realization_01_seed_57201_8x8_held_out_seed57562015_signed_difference_e0_minus_e1,ieee57_structural_group_04_realization_01_seed_57201_8x8,ieee57,ieee57_structural_group_04,1,57562015.0,signed_difference_e0_minus_e1,sensitivity_initial_mean,-8.823311464934637e-05,-8.823311464934637e-05,0.0,0.0,false,1e-06,false,tie,true
ieee57_structural_group_04_realization_01_seed_57201_8x8_held_out_seed57562016_aggregate_e0_to_e3,ieee57_structural_group_04_realization_01_seed_57201_8x8,ieee57,ieee57_structural_group_04,1,57562016.0,aggregate_e0_to_e3,balanced_magnitude,9.05357013513384e-05,9.05357013513384e-05,0.0,0.0,false,1e-06,false,tie,true
ieee57_structural_group_04_realization_01_seed_57201_8x8_held_out_seed57562016_aggregate_e0_to_e3,ieee57_structural_group_04_realization_01_seed_57201_8x8,ieee57,ieee57_structural_group_04,1,57562016.0,aggregate_e0_to_e3,sensitivity_initial_mean,9.05357013513384e-05,9.05357013513384e-05,0.0,0.0,false,1e-06,false,tie,true
ieee57_structural_group_04_realization_01_seed_57201_8x8_held_out_seed57562016_coordinate_e0,ieee57_structural_group_04_realization_01_seed_57201_8x8,ieee57,ieee57_structural_group_04,1,57562016.0,coordinate_e0,balanced_magnitude,7.269703805163886e-05,7.269703805163886e-05,0.0,0.0,false,1e-06,false,tie,true
ieee57_structural_group_04_realization_01_seed_57201_8x8_held_out_seed57562016_coordinate_e0,ieee57_structural_group_04_realization_01_seed_57201_8x8,ieee57,ieee57_structural_group_04,1,57562016.0,coordinate_e0,sensitivity_initial_mean,7.269703805163886e-05,7.269703805163886e-05,0.0,0.0,false,1e-06,false,tie,true
ieee57_structural_group_04_realization_01_seed_57201_8x8_held_out_seed57562016_signed_difference_e0_minus_e1,ieee57_structural_group_04_realization_01_seed_57201_8x8,ieee57,ieee57_structural_group_04,1,57562016.0,signed_difference_e0_minus_e1,balanced_magnitude,4.502419732070926e-05,4.502419732070926e-05,0.0,0.0,false,1e-06,false,tie,true
ieee57_structural_group_04_realization_01_seed_57201_8x8_held_out_seed57562016_signed_difference_e0_minus_e1,ieee57_structural_group_04_realization_01_seed_57201_8x8,ieee57,ieee57_structural_group_04,1,57562016.0,signed_difference_e0_minus_e1,sensitivity_initial_mean,4.502419732070926e-05,4.502419732070926e-05,0.0,0.0,false,1e-06,false,tie,true
ieee57_structural_group_04_realization_01_seed_57201_8x8_held_out_seed57562017_aggregate_e0_to_e3,ieee57_structural_group_04_realization_01_seed_57201_8x8,ieee57,ieee57_structural_group_04,1,57562017.0,aggregate_e0_to_e3,balanced_magnitude,1.3385813596758812e-05,1.3385813596758812e-05,0.0,0.0,false,1e-06,false,tie,true
ieee57_structural_group_04_realization_01_seed_57201_8x8_held_out_seed57562017_aggregate_e0_to_e3,ieee57_structural_group_04_realization_01_seed_57201_8x8,ieee57,ieee57_structural_group_04,1,57562017.0,aggregate_e0_to_e3,sensitivity_initial_mean,1.3385813596758812e-05,1.3385813596758812e-05,0.0,0.0,false,1e-06,false,tie,true
ieee57_structural_group_04_realization_01_seed_57201_8x8_held_out_seed57562017_coordinate_e0,ieee57_structural_group_04_realization_01_seed_57201_8x8,ieee57,ieee57_structural_group_04,1,57562017.0,coordinate_e0,balanced_magnitude,6.448630184971422e-05,6.448630184971422e-05,0.0,0.0,false,1e-06,false,tie,true
ieee57_structural_group_04_realization_01_seed_57201_8x8_held_out_seed57562017_coordinate_e0,ieee57_structural_group_04_realization_01_seed_57201_8x8,ieee57,ieee57_structural_group_04,1,57562017.0,coordinate_e0,sensitivity_initial_mean,6.448630184971422e-05,6.448630184971422e-05,0.0,0.0,false,1e-06,false,tie,true
ieee57_structural_group_04_realization_01_seed_57201_8x8_held_out_seed57562017_signed_difference_e0_minus_e1,ieee57_structural_group_04_realization_01_seed_57201_8x8,ieee57,ieee57_structural_group_04,1,57562017.0,signed_difference_e0_minus_e1,balanced_magnitude,7.10940571314384e-05,7.10940571314384e-05,0.0,0.0,false,1e-06,false,tie,true
ieee57_structural_group_04_realization_01_seed_57201_8x8_held_out_seed57562017_signed_difference_e0_minus_e1,ieee57_structural_group_04_realization_01_seed_57201_8x8,ieee57,ieee57_structural_group_04,1,57562017.0,signed_difference_e0_minus_e1,sensitivity_initial_mean,7.10940571314384e-05,7.10940571314384e-05,0.0,0.0,false,1e-06,false,tie,true
ieee57_structural_group_04_realization_01_seed_57201_8x8_held_out_seed57562018_aggregate_e0_to_e3,ieee57_structural_group_04_realization_01_seed_57201_8x8,ieee57,ieee57_structural_group_04,1,57562018.0,aggregate_e0_to_e3,balanced_magnitude,6.770082516343105e-05,6.770082516343105e-05,0.0,0.0,false,1e-06,false,tie,true
ieee57_structural_group_04_realization_01_seed_57201_8x8_held_out_seed57562018_aggregate_e0_to_e3,ieee57_structural_group_04_realization_01_seed_57201_8x8,ieee57,ieee57_structural_group_04,1,57562018.0,aggregate_e0_to_e3,sensitivity_initial_mean,6.770082516343105e-05,6.770082516343105e-05,0.0,0.0,false,1e-06,false,tie,true
ieee57_structural_group_04_realization_01_seed_57201_8x8_held_out_seed57562018_coordinate_e0,ieee57_structural_group_04_realization_01_seed_57201_8x8,ieee57,ieee57_structural_group_04,1,57562018.0,coordinate_e0,balanced_magnitude,9.620224417721164e-05,9.620224417721164e-05,0.0,0.0,false,1e-06,false,tie,true
ieee57_structural_group_04_realization_01_seed_57201_8x8_held_out_seed57562018_coordinate_e0,ieee57_structural_group_04_realization_01_seed_57201_8x8,ieee57,ieee57_structural_group_04,1,57562018.0,coordinate_e0,sensitivity_initial_mean,9.620224417721164e-05,9.620224417721164e-05,0.0,0.0,false,1e-06,false,tie,true
ieee57_structural_group_04_realization_01_seed_57201_8x8_held_out_seed57562018_signed_difference_e0_minus_e1,ieee57_structural_group_04_realization_01_seed_57201_8x8,ieee57,ieee57_structural_group_04,1,57562018.0,signed_difference_e0_minus_e1,balanced_magnitude,0.0001082570549182,0.0001082570549182,0.0,0.0,false,1e-06,false,tie,true
ieee57_structural_group_04_realization_01_seed_57201_8x8_held_out_seed57562018_signed_difference_e0_minus_e1,ieee57_structural_group_04_realization_01_seed_57201_8x8,ieee57,ieee57_structural_group_04,1,57562018.0,signed_difference_e0_minus_e1,sensitivity_initial_mean,0.0001082570549182,0.0001082570549182,0.0,0.0,false,1e-06,false,tie,true
ieee57_structural_group_04_realization_01_seed_57201_8x8_held_out_seed57562019_aggregate_e0_to_e3,ieee57_structural_group_04_realization_01_seed_57201_8x8,ieee57,ieee57_structural_group_04,1,57562019.0,aggregate_e0_to_e3,balanced_magnitude,-0.0001036858340051,-0.0001036858340051,0.0,0.0,false,1e-06,false,tie,true
ieee57_structural_group_04_realization_01_seed_57201_8x8_held_out_seed57562019_aggregate_e0_to_e3,ieee57_structural_group_04_realization_01_seed_57201_8x8,ieee57,ieee57_structural_group_04,1,57562019.0,aggregate_e0_to_e3,sensitivity_initial_mean,-0.0001036858340051,-0.0001036858340051,0.0,0.0,false,1e-06,false,tie,true
ieee57_structural_group_04_realization_01_seed_57201_8x8_held_out_seed57562019_coordinate_e0,ieee57_structural_group_04_realization_01_seed_57201_8x8,ieee57,ieee57_structural_group_04,1,57562019.0,coordinate_e0,balanced_magnitude,-1.0079749476390074e-05,-1.0079749476390074e-05,0.0,0.0,false,1e-06,false,tie,true
ieee57_structural_group_04_realization_01_seed_57201_8x8_held_out_seed57562019_coordinate_e0,ieee57_structural_group_04_realization_01_seed_57201_8x8,ieee57,ieee57_structural_group_04,1,57562019.0,coordinate_e0,sensitivity_initial_mean,-1.0079749476390074e-05,-1.0079749476390074e-05,0.0,0.0,false,1e-06,false,tie,true
ieee57_structural_group_04_realization_01_seed_57201_8x8_held_out_seed57562019_signed_difference_e0_minus_e1,ieee57_structural_group_04_realization_01_seed_57201_8x8,ieee57,ieee57_structural_group_04,1,57562019.0,signed_difference_e0_minus_e1,balanced_magnitude,7.534021714410231e-05,7.534021714410231e-05,0.0,0.0,false,1e-06,false,tie,true
ieee57_structural_group_04_realization_01_seed_57201_8x8_held_out_seed57562019_signed_difference_e0_minus_e1,ieee57_structural_group_04_realization_01_seed_57201_8x8,ieee57,ieee57_structural_group_04,1,57562019.0,signed_difference_e0_minus_e1,sensitivity_initial_mean,7.534021714410231e-05,7.534021714410231e-05,0.0,0.0,false,1e-06,false,tie,true
ieee57_structural_group_04_realization_02_seed_57202_8x8_held_out_seed57572000_aggregate_e0_to_e3,ieee57_structural_group_04_realization_02_seed_57202_8x8,ieee57,ieee57_structural_group_04,2,57572000.0,aggregate_e0_to_e3,balanced_magnitude,-6.976576592660955e-06,-6.976576592660955e-06,0.0,0.0,false,1e-06,false,tie,true
ieee57_structural_group_04_realization_02_seed_57202_8x8_held_out_seed57572000_aggregate_e0_to_e3,ieee57_structural_group_04_realization_02_seed_57202_8x8,ieee57,ieee57_structural_group_04,2,57572000.0,aggregate_e0_to_e3,sensitivity_initial_mean,-6.976576592660955e-06,-6.976576592660955e-06,0.0,0.0,false,1e-06,false,tie,true
ieee57_structural_group_04_realization_02_seed_57202_8x8_held_out_seed57572000_coordinate_e0,ieee57_structural_group_04_realization_02_seed_57202_8x8,ieee57,ieee57_structural_group_04,2,57572000.0,coordinate_e0,balanced_magnitude,5.098773977421974e-05,5.098773977421974e-05,0.0,0.0,false,1e-06,false,tie,true
ieee57_structural_group_04_realization_02_seed_57202_8x8_held_out_seed57572000_coordinate_e0,ieee57_structural_group_04_realization_02_seed_57202_8x8,ieee57,ieee57_structural_group_04,2,57572000.0,coordinate_e0,sensitivity_initial_mean,5.098773977421974e-05,5.098773977421974e-05,0.0,0.0,false,1e-06,false,tie,true
ieee57_structural_group_04_realization_02_seed_57202_8x8_held_out_seed57572000_signed_difference_e0_minus_e1,ieee57_structural_group_04_realization_02_seed_57202_8x8,ieee57,ieee57_structural_group_04,2,57572000.0,signed_difference_e0_minus_e1,balanced_magnitude,1.5400719327693949e-06,1.5400719327693949e-06,0.0,0.0,false,1e-06,false,tie,true
ieee57_structural_group_04_realization_02_seed_57202_8x8_held_out_seed57572000_signed_difference_e0_minus_e1,ieee57_structural_group_04_realization_02_seed_57202_8x8,ieee57,ieee57_structural_group_04,2,57572000.0,signed_difference_e0_minus_e1,sensitivity_initial_mean,1.5400719327693949e-06,1.5400719327693949e-06,0.0,0.0,false,1e-06,false,tie,true
ieee57_structural_group_04_realization_02_seed_57202_8x8_held_out_seed57572001_aggregate_e0_to_e3,ieee57_structural_group_04_realization_02_seed_57202_8x8,ieee57,ieee57_structural_group_04,2,57572001.0,aggregate_e0_to_e3,balanced_magnitude,-0.0001171312622553,-0.0001171312622553,0.0,0.0,false,1e-06,false,tie,true
ieee57_structural_group_04_realization_02_seed_57202_8x8_held_out_seed57572001_aggregate_e0_to_e3,ieee57_structural_group_04_realization_02_seed_57202_8x8,ieee57,ieee57_structural_group_04,2,57572001.0,aggregate_e0_to_e3,sensitivity_initial_mean,-0.0001171312622553,-0.0001171312622553,0.0,0.0,false,1e-06,false,tie,true
ieee57_structural_group_04_realization_02_seed_57202_8x8_held_out_seed57572001_coordinate_e0,ieee57_structural_group_04_realization_02_seed_57202_8x8,ieee57,ieee57_structural_group_04,2,57572001.0,coordinate_e0,balanced_magnitude,-4.134255208317685e-05,-4.134255208317685e-05,0.0,0.0,false,1e-06,false,tie,true
ieee57_structural_group_04_realization_02_seed_57202_8x8_held_out_seed57572001_coordinate_e0,ieee57_structural_group_04_realization_02_seed_57202_8x8,ieee57,ieee57_structural_group_04,2,57572001.0,coordinate_e0,sensitivity_initial_mean,-4.134255208317685e-05,-4.134255208317685e-05,0.0,0.0,false,1e-06,false,tie,true
ieee57_structural_group_04_realization_02_seed_57202_8x8_held_out_seed57572001_signed_difference_e0_minus_e1,ieee57_structural_group_04_realization_02_seed_57202_8x8,ieee57,ieee57_structural_group_04,2,57572001.0,signed_difference_e0_minus_e1,balanced_magnitude,-4.774858572887135e-06,-4.774858572887135e-06,0.0,0.0,false,1e-06,false,tie,true
ieee57_structural_group_04_realization_02_seed_57202_8x8_held_out_seed57572001_signed_difference_e0_minus_e1,ieee57_structural_group_04_realization_02_seed_57202_8x8,ieee57,ieee57_structural_group_04,2,57572001.0,signed_difference_e0_minus_e1,sensitivity_initial_mean,-4.774858572887135e-06,-4.774858572887135e-06,0.0,0.0,false,1e-06,false,tie,true
ieee57_structural_group_04_realization_02_seed_57202_8x8_held_out_seed57572002_aggregate_e0_to_e3,ieee57_structural_group_04_realization_02_seed_57202_8x8,ieee57,ieee57_structural_group_04,2,57572002.0,aggregate_e0_to_e3,balanced_magnitude,-6.007790809945547e-05,-6.007790809945547e-05,0.0,0.0,false,1e-06,false,tie,true
ieee57_structural_group_04_realization_02_seed_57202_8x8_held_out_seed57572002_aggregate_e0_to_e3,ieee57_structural_group_04_realization_02_seed_57202_8x8,ieee57,ieee57_structural_group_04,2,57572002.0,aggregate_e0_to_e3,sensitivity_initial_mean,-6.007790809945547e-05,-6.007790809945547e-05,0.0,0.0,false,1e-06,false,tie,true
ieee57_structural_group_04_realization_02_seed_57202_8x8_held_out_seed57572002_coordinate_e0,ieee57_structural_group_04_realization_02_seed_57202_8x8,ieee57,ieee57_structural_group_04,2,57572002.0,coordinate_e0,balanced_magnitude,-0.000103327049761,-0.000103327049761,0.0,0.0,false,1e-06,false,tie,true
ieee57_structural_group_04_realization_02_seed_57202_8x8_held_out_seed57572002_coordinate_e0,ieee57_structural_group_04_realization_02_seed_57202_8x8,ieee57,ieee57_structural_group_04,2,57572002.0,coordinate_e0,sensitivity_initial_mean,-0.000103327049761,-0.000103327049761,0.0,0.0,false,1e-06,false,tie,true
ieee57_structural_group_04_realization_02_seed_57202_8x8_held_out_seed57572002_signed_difference_e0_minus_e1,ieee57_structural_group_04_realization_02_seed_57202_8x8,ieee57,ieee57_structural_group_04,2,57572002.0,signed_difference_e0_minus_e1,balanced_magnitude,-1.675576978239356e-05,-1.675576978239356e-05,0.0,0.0,false,1e-06,false,tie,true
ieee57_structural_group_04_realization_02_seed_57202_8x8_held_out_seed57572002_signed_difference_e0_minus_e1,ieee57_structural_group_04_realization_02_seed_57202_8x8,ieee57,ieee57_structural_group_04,2,57572002.0,signed_difference_e0_minus_e1,sensitivity_initial_mean,-1.675576978239356e-05,-1.675576978239356e-05,0.0,0.0,false,1e-06,false,tie,true
ieee57_structural_group_04_realization_02_seed_57202_8x8_held_out_seed57572003_aggregate_e0_to_e3,ieee57_structural_group_04_realization_02_seed_57202_8x8,ieee57,ieee57_structural_group_04,2,57572003.0,aggregate_e0_to_e3,balanced_magnitude,-9.55684126462356e-05,-9.55684126462356e-05,0.0,0.0,false,1e-06,false,tie,true
ieee57_structural_group_04_realization_02_seed_57202_8x8_held_out_seed57572003_aggregate_e0_to_e3,ieee57_structural_group_04_realization_02_seed_57202_8x8,ieee57,ieee57_structural_group_04,2,57572003.0,aggregate_e0_to_e3,sensitivity_initial_mean,-9.55684126462356e-05,-9.55684126462356e-05,0.0,0.0,false,1e-06,false,tie,true
ieee57_structural_group_04_realization_02_seed_57202_8x8_held_out_seed57572003_coordinate_e0,ieee57_structural_group_04_realization_02_seed_57202_8x8,ieee57,ieee57_structural_group_04,2,57572003.0,coordinate_e0,balanced_magnitude,-6.608981528088308e-05,-6.608981528088308e-05,0.0,0.0,false,1e-06,false,tie,true
ieee57_structural_group_04_realization_02_seed_57202_8x8_held_out_seed57572003_coordinate_e0,ieee57_structural_group_04_realization_02_seed_57202_8x8,ieee57,ieee57_structural_group_04,2,57572003.0,coordinate_e0,sensitivity_initial_mean,-6.608981528088308e-05,-6.608981528088308e-05,0.0,0.0,false,1e-06,false,tie,true
ieee57_structural_group_04_realization_02_seed_57202_8x8_held_out_seed57572003_signed_difference_e0_minus_e1,ieee57_structural_group_04_realization_02_seed_57202_8x8,ieee57,ieee57_structural_group_04,2,57572003.0,signed_difference_e0_minus_e1,balanced_magnitude,-5.998656880991353e-05,-5.998656880991353e-05,0.0,0.0,false,1e-06,false,tie,true
ieee57_structural_group_04_realization_02_seed_57202_8x8_held_out_seed57572003_signed_difference_e0_minus_e1,ieee57_structural_group_04_realization_02_seed_57202_8x8,ieee57,ieee57_structural_group_04,2,57572003.0,signed_difference_e0_minus_e1,sensitivity_initial_mean,-5.998656880991353e-05,-5.998656880991353e-05,0.0,0.0,false,1e-06,false,tie,true
ieee57_structural_group_04_realization_02_seed_57202_8x8_held_out_seed57572004_aggregate_e0_to_e3,ieee57_structural_group_04_realization_02_seed_57202_8x8,ieee57,ieee57_structural_group_04,2,57572004.0,aggregate_e0_to_e3,balanced_magnitude,-9.214997605137316e-05,-9.214997605137316e-05,0.0,0.0,false,1e-06,false,tie,true
ieee57_structural_group_04_realization_02_seed_57202_8x8_held_out_seed57572004_aggregate_e0_to_e3,ieee57_structural_group_04_realization_02_seed_57202_8x8,ieee57,ieee57_structural_group_04,2,57572004.0,aggregate_e0_to_e3,sensitivity_initial_mean,-9.214997605137316e-05,-9.214997605137316e-05,0.0,0.0,false,1e-06,false,tie,true
ieee57_structural_group_04_realization_02_seed_57202_8x8_held_out_seed57572004_coordinate_e0,ieee57_structural_group_04_realization_02_seed_57202_8x8,ieee57,ieee57_structural_group_04,2,57572004.0,coordinate_e0,balanced_magnitude,-5.5889256599220265e-05,-5.5889256599220265e-05,0.0,0.0,false,1e-06,false,tie,true
ieee57_structural_group_04_realization_02_seed_57202_8x8_held_out_seed57572004_coordinate_e0,ieee57_structural_group_04_realization_02_seed_57202_8x8,ieee57,ieee57_structural_group_04,2,57572004.0,coordinate_e0,sensitivity_initial_mean,-5.5889256599220265e-05,-5.5889256599220265e-05,0.0,0.0,false,1e-06,false,tie,true
ieee57_structural_group_04_realization_02_seed_57202_8x8_held_out_seed57572004_signed_difference_e0_minus_e1,ieee57_structural_group_04_realization_02_seed_57202_8x8,ieee57,ieee57_structural_group_04,2,57572004.0,signed_difference_e0_minus_e1,balanced_magnitude,-6.828266245274985e-05,-6.828266245274985e-05,0.0,0.0,false,1e-06,false,tie,true
ieee57_structural_group_04_realization_02_seed_57202_8x8_held_out_seed57572004_signed_difference_e0_minus_e1,ieee57_structural_group_04_realization_02_seed_57202_8x8,ieee57,ieee57_structural_group_04,2,57572004.0,signed_difference_e0_minus_e1,sensitivity_initial_mean,-6.828266245274985e-05,-6.828266245274985e-05,0.0,0.0,false,1e-06,false,tie,true
ieee57_structural_group_04_realization_02_seed_57202_8x8_held_out_seed57572005_aggregate_e0_to_e3,ieee57_structural_group_04_realization_02_seed_57202_8x8,ieee57,ieee57_structural_group_04,2,57572005.0,aggregate_e0_to_e3,balanced_magnitude,-1.344750159395762e-07,-1.344750159395762e-07,0.0,0.0,false,1e-06,true,tie,true
ieee57_structural_group_04_realization_02_seed_57202_8x8_held_out_seed57572005_aggregate_e0_to_e3,ieee57_structural_group_04_realization_02_seed_57202_8x8,ieee57,ieee57_structural_group_04,2,57572005.0,aggregate_e0_to_e3,sensitivity_initial_mean,-1.344750159395762e-07,-1.344750159395762e-07,0.0,0.0,false,1e-06,true,tie,true
ieee57_structural_group_04_realization_02_seed_57202_8x8_held_out_seed57572005_coordinate_e0,ieee57_structural_group_04_realization_02_seed_57202_8x8,ieee57,ieee57_structural_group_04,2,57572005.0,coordinate_e0,balanced_magnitude,3.020109620891381e-05,3.020109620891381e-05,0.0,0.0,false,1e-06,false,tie,true
ieee57_structural_group_04_realization_02_seed_57202_8x8_held_out_seed57572005_coordinate_e0,ieee57_structural_group_04_realization_02_seed_57202_8x8,ieee57,ieee57_structural_group_04,2,57572005.0,coordinate_e0,sensitivity_initial_mean,3.020109620891381e-05,3.020109620891381e-05,0.0,0.0,false,1e-06,false,tie,true
ieee57_structural_group_04_realization_02_seed_57202_8x8_held_out_seed57572005_signed_difference_e0_minus_e1,ieee57_structural_group_04_realization_02_seed_57202_8x8,ieee57,ieee57_structural_group_04,2,57572005.0,signed_difference_e0_minus_e1,balanced_magnitude,0.000110474197121,0.000110474197121,0.0,0.0,false,1e-06,false,tie,true
ieee57_structural_group_04_realization_02_seed_57202_8x8_held_out_seed57572005_signed_difference_e0_minus_e1,ieee57_structural_group_04_realization_02_seed_57202_8x8,ieee57,ieee57_structural_group_04,2,57572005.0,signed_difference_e0_minus_e1,sensitivity_initial_mean,0.000110474197121,0.000110474197121,0.0,0.0,false,1e-06,false,tie,true
ieee57_structural_group_04_realization_02_seed_57202_8x8_held_out_seed57572006_aggregate_e0_to_e3,ieee57_structural_group_04_realization_02_seed_57202_8x8,ieee57,ieee57_structural_group_04,2,57572006.0,aggregate_e0_to_e3,balanced_magnitude,-0.0001003138679568,-0.0001003138679568,0.0,0.0,false,1e-06,false,tie,true
ieee57_structural_group_04_realization_02_seed_57202_8x8_held_out_seed57572006_aggregate_e0_to_e3,ieee57_structural_group_04_realization_02_seed_57202_8x8,ieee57,ieee57_structural_group_04,2,57572006.0,aggregate_e0_to_e3,sensitivity_initial_mean,-0.0001003138679568,-0.0001003138679568,0.0,0.0,false,1e-06,false,tie,true
ieee57_structural_group_04_realization_02_seed_57202_8x8_held_out_seed57572006_coordinate_e0,ieee57_structural_group_04_realization_02_seed_57202_8x8,ieee57,ieee57_structural_group_04,2,57572006.0,coordinate_e0,balanced_magnitude,-7.121533794069416e-05,-7.121533794069416e-05,0.0,0.0,false,1e-06,false,tie,true
ieee57_structural_group_04_realization_02_seed_57202_8x8_held_out_seed57572006_coordinate_e0,ieee57_structural_group_04_realization_02_seed_57202_8x8,ieee57,ieee57_structural_group_04,2,57572006.0,coordinate_e0,sensitivity_initial_mean,-7.121533794069416e-05,-7.121533794069416e-05,0.0,0.0,false,1e-06,false,tie,true
ieee57_structural_group_04_realization_02_seed_57202_8x8_held_out_seed57572006_signed_difference_e0_minus_e1,ieee57_structural_group_04_realization_02_seed_57202_8x8,ieee57,ieee57_structural_group_04,2,57572006.0,signed_difference_e0_minus_e1,balanced_magnitude,-7.725380370081852e-05,-7.725380370081852e-05,0.0,0.0,false,1e-06,false,tie,true
ieee57_structural_group_04_realization_02_seed_57202_8x8_held_out_seed57572006_signed_difference_e0_minus_e1,ieee57_structural_group_04_realization_02_seed_57202_8x8,ieee57,ieee57_structural_group_04,2,57572006.0,signed_difference_e0_minus_e1,sensitivity_initial_mean,-7.725380370081852e-05,-7.725380370081852e-05,0.0,0.0,false,1e-06,false,tie,true
ieee57_structural_group_04_realization_02_seed_57202_8x8_held_out_seed57572007_aggregate_e0_to_e3,ieee57_structural_group_04_realization_02_seed_57202_8x8,ieee57,ieee57_structural_group_04,2,57572007.0,aggregate_e0_to_e3,balanced_magnitude,6.975749007017459e-05,6.975749007017459e-05,0.0,0.0,false,1e-06,false,tie,true
ieee57_structural_group_04_realization_02_seed_57202_8x8_held_out_seed57572007_aggregate_e0_to_e3,ieee57_structural_group_04_realization_02_seed_57202_8x8,ieee57,ieee57_structural_group_04,2,57572007.0,aggregate_e0_to_e3,sensitivity_initial_mean,6.975749007017459e-05,6.975749007017459e-05,0.0,0.0,false,1e-06,false,tie,true
ieee57_structural_group_04_realization_02_seed_57202_8x8_held_out_seed57572007_coordinate_e0,ieee57_structural_group_04_realization_02_seed_57202_8x8,ieee57,ieee57_structural_group_04,2,57572007.0,coordinate_e0,balanced_magnitude,3.538699347188036e-05,3.538699347188036e-05,0.0,0.0,false,1e-06,false,tie,true
ieee57_structural_group_04_realization_02_seed_57202_8x8_held_out_seed57572007_coordinate_e0,ieee57_structural_group_04_realization_02_seed_57202_8x8,ieee57,ieee57_structural_group_04,2,57572007.0,coordinate_e0,sensitivity_initial_mean,3.538699347188036e-05,3.538699347188036e-05,0.0,0.0,false,1e-06,false,tie,true
ieee57_structural_group_04_realization_02_seed_57202_8x8_held_out_seed57572007_signed_difference_e0_minus_e1,ieee57_structural_group_04_realization_02_seed_57202_8x8,ieee57,ieee57_structural_group_04,2,57572007.0,signed_difference_e0_minus_e1,balanced_magnitude,-2.117279828336853e-05,-2.117279828336853e-05,0.0,0.0,false,1e-06,false,tie,true
ieee57_structural_group_04_realization_02_seed_57202_8x8_held_out_seed57572007_signed_difference_e0_minus_e1,ieee57_structural_group_04_realization_02_seed_57202_8x8,ieee57,ieee57_structural_group_04,2,57572007.0,signed_difference_e0_minus_e1,sensitivity_initial_mean,-2.117279828336853e-05,-2.117279828336853e-05,0.0,0.0,false,1e-06,false,tie,true
ieee57_structural_group_04_realization_02_seed_57202_8x8_held_out_seed57572008_aggregate_e0_to_e3,ieee57_structural_group_04_realization_02_seed_57202_8x8,ieee57,ieee57_structural_group_04,2,57572008.0,aggregate_e0_to_e3,balanced_magnitude,-9.552745690479125e-05,-9.552745690479125e-05,0.0,0.0,false,1e-06,false,tie,true
ieee57_structural_group_04_realization_02_seed_57202_8x8_held_out_seed57572008_aggregate_e0_to_e3,ieee57_structural_group_04_realization_02_seed_57202_8x8,ieee57,ieee57_structural_group_04,2,57572008.0,aggregate_e0_to_e3,sensitivity_initial_mean,-9.552745690479125e-05,-9.552745690479125e-05,0.0,0.0,false,1e-06,false,tie,true
ieee57_structural_group_04_realization_02_seed_57202_8x8_held_out_seed57572008_coordinate_e0,ieee57_structural_group_04_realization_02_seed_57202_8x8,ieee57,ieee57_structural_group_04,2,57572008.0,coordinate_e0,balanced_magnitude,3.368226460378741e-05,3.368226460378741e-05,0.0,0.0,false,1e-06,false,tie,true
ieee57_structural_group_04_realization_02_seed_57202_8x8_held_out_seed57572008_coordinate_e0,ieee57_structural_group_04_realization_02_seed_57202_8x8,ieee57,ieee57_structural_group_04,2,57572008.0,coordinate_e0,sensitivity_initial_mean,3.368226460378741e-05,3.368226460378741e-05,0.0,0.0,false,1e-06,false,tie,true
ieee57_structural_group_04_realization_02_seed_57202_8x8_held_out_seed57572008_signed_difference_e0_minus_e1,ieee57_structural_group_04_realization_02_seed_57202_8x8,ieee57,ieee57_structural_group_04,2,57572008.0,signed_difference_e0_minus_e1,balanced_magnitude,0.0001315148547161,0.0001315148547161,0.0,0.0,false,1e-06,false,tie,true
ieee57_structural_group_04_realization_02_seed_57202_8x8_held_out_seed57572008_signed_difference_e0_minus_e1,ieee57_structural_group_04_realization_02_seed_57202_8x8,ieee57,ieee57_structural_group_04,2,57572008.0,signed_difference_e0_minus_e1,sensitivity_initial_mean,0.0001315148547161,0.0001315148547161,0.0,0.0,false,1e-06,false,tie,true
ieee57_structural_group_04_realization_02_seed_57202_8x8_held_out_seed57572009_aggregate_e0_to_e3,ieee57_structural_group_04_realization_02_seed_57202_8x8,ieee57,ieee57_structural_group_04,2,57572009.0,aggregate_e0_to_e3,balanced_magnitude,0.0001113208772699,0.0001113208772699,0.0,0.0,false,1e-06,false,tie,true
ieee57_structural_group_04_realization_02_seed_57202_8x8_held_out_seed57572009_aggregate_e0_to_e3,ieee57_structural_group_04_realization_02_seed_57202_8x8,ieee57,ieee57_structural_group_04,2,57572009.0,aggregate_e0_to_e3,sensitivity_initial_mean,0.0001113208772699,0.0001113208772699,0.0,0.0,false,1e-06,false,tie,true
ieee57_structural_group_04_realization_02_seed_57202_8x8_held_out_seed57572009_coordinate_e0,ieee57_structural_group_04_realization_02_seed_57202_8x8,ieee57,ieee57_structural_group_04,2,57572009.0,coordinate_e0,balanced_magnitude,6.15160459800172e-05,6.15160459800172e-05,0.0,0.0,false,1e-06,false,tie,true
ieee57_structural_group_04_realization_02_seed_57202_8x8_held_out_seed57572009_coordinate_e0,ieee57_structural_group_04_realization_02_seed_57202_8x8,ieee57,ieee57_structural_group_04,2,57572009.0,coordinate_e0,sensitivity_initial_mean,6.15160459800172e-05,6.15160459800172e-05,0.0,0.0,false,1e-06,false,tie,true
ieee57_structural_group_04_realization_02_seed_57202_8x8_held_out_seed57572009_signed_difference_e0_minus_e1,ieee57_structural_group_04_realization_02_seed_57202_8x8,ieee57,ieee57_structural_group_04,2,57572009.0,signed_difference_e0_minus_e1,balanced_magnitude,9.916457210595304e-06,9.916457210595304e-06,0.0,0.0,false,1e-06,false,tie,true
ieee57_structural_group_04_realization_02_seed_57202_8x8_held_out_seed57572009_signed_difference_e0_minus_e1,ieee57_structural_group_04_realization_02_seed_57202_8x8,ieee57,ieee57_structural_group_04,2,57572009.0,signed_difference_e0_minus_e1,sensitivity_initial_mean,9.916457210595304e-06,9.916457210595304e-06,0.0,0.0,false,1e-06,false,tie,true
ieee57_structural_group_04_realization_02_seed_57202_8x8_held_out_seed57572010_aggregate_e0_to_e3,ieee57_structural_group_04_realization_02_seed_57202_8x8,ieee57,ieee57_structural_group_04,2,57572010.0,aggregate_e0_to_e3,balanced_magnitude,-3.5145732652382315e-06,-3.5145732652382315e-06,0.0,0.0,false,1e-06,false,tie,true
ieee57_structural_group_04_realization_02_seed_57202_8x8_held_out_seed57572010_aggregate_e0_to_e3,ieee57_structural_group_04_realization_02_seed_57202_8x8,ieee57,ieee57_structural_group_04,2,57572010.0,aggregate_e0_to_e3,sensitivity_initial_mean,-3.5145732652382315e-06,-3.5145732652382315e-06,0.0,0.0,false,1e-06,false,tie,true
ieee57_structural_group_04_realization_02_seed_57202_8x8_held_out_seed57572010_coordinate_e0,ieee57_structural_group_04_realization_02_seed_57202_8x8,ieee57,ieee57_structural_group_04,2,57572010.0,coordinate_e0,balanced_magnitude,2.0874695293928774e-06,2.0874695293928774e-06,0.0,0.0,false,1e-06,false,tie,true
ieee57_structural_group_04_realization_02_seed_57202_8x8_held_out_seed57572010_coordinate_e0,ieee57_structural_group_04_realization_02_seed_57202_8x8,ieee57,ieee57_structural_group_04,2,57572010.0,coordinate_e0,sensitivity_initial_mean,2.0874695293928774e-06,2.0874695293928774e-06,0.0,0.0,false,1e-06,false,tie,true
ieee57_structural_group_04_realization_02_seed_57202_8x8_held_out_seed57572010_signed_difference_e0_minus_e1,ieee57_structural_group_04_realization_02_seed_57202_8x8,ieee57,ieee57_structural_group_04,2,57572010.0,signed_difference_e0_minus_e1,balanced_magnitude,1.8551794452315812e-05,1.8551794452315812e-05,0.0,0.0,false,1e-06,false,tie,true
ieee57_structural_group_04_realization_02_seed_57202_8x8_held_out_seed57572010_signed_difference_e0_minus_e1,ieee57_structural_group_04_realization_02_seed_57202_8x8,ieee57,ieee57_structural_group_04,2,57572010.0,signed_difference_e0_minus_e1,sensitivity_initial_mean,1.8551794452315812e-05,1.8551794452315812e-05,0.0,0.0,false,1e-06,false,tie,true
ieee57_structural_group_04_realization_02_seed_57202_8x8_held_out_seed57572011_aggregate_e0_to_e3,ieee57_structural_group_04_realization_02_seed_57202_8x8,ieee57,ieee57_structural_group_04,2,57572011.0,aggregate_e0_to_e3,balanced_magnitude,-5.543403617564692e-05,-5.543403617564692e-05,0.0,0.0,false,1e-06,false,tie,true
ieee57_structural_group_04_realization_02_seed_57202_8x8_held_out_seed57572011_aggregate_e0_to_e3,ieee57_structural_group_04_realization_02_seed_57202_8x8,ieee57,ieee57_structural_group_04,2,57572011.0,aggregate_e0_to_e3,sensitivity_initial_mean,-5.543403617564692e-05,-5.543403617564692e-05,0.0,0.0,false,1e-06,false,tie,true
ieee57_structural_group_04_realization_02_seed_57202_8x8_held_out_seed57572011_coordinate_e0,ieee57_structural_group_04_realization_02_seed_57202_8x8,ieee57,ieee57_structural_group_04,2,57572011.0,coordinate_e0,balanced_magnitude,7.221491101507071e-05,7.221491101507071e-05,0.0,0.0,false,1e-06,false,tie,true
ieee57_structural_group_04_realization_02_seed_57202_8x8_held_out_seed57572011_coordinate_e0,ieee57_structural_group_04_realization_02_seed_57202_8x8,ieee57,ieee57_structural_group_04,2,57572011.0,coordinate_e0,sensitivity_initial_mean,7.221491101507071e-05,7.221491101507071e-05,0.0,0.0,false,1e-06,false,tie,true
ieee57_structural_group_04_realization_02_seed_57202_8x8_held_out_seed57572011_signed_difference_e0_minus_e1,ieee57_structural_group_04_realization_02_seed_57202_8x8,ieee57,ieee57_structural_group_04,2,57572011.0,signed_difference_e0_minus_e1,balanced_magnitude,0.0001469245756346,0.0001469245756346,0.0,0.0,false,1e-06,false,tie,true
ieee57_structural_group_04_realization_02_seed_57202_8x8_held_out_seed57572011_signed_difference_e0_minus_e1,ieee57_structural_group_04_realization_02_seed_57202_8x8,ieee57,ieee57_structural_group_04,2,57572011.0,signed_difference_e0_minus_e1,sensitivity_initial_mean,0.0001469245756346,0.0001469245756346,0.0,0.0,false,1e-06,false,tie,true
ieee57_structural_group_04_realization_02_seed_57202_8x8_held_out_seed57572012_aggregate_e0_to_e3,ieee57_structural_group_04_realization_02_seed_57202_8x8,ieee57,ieee57_structural_group_04,2,57572012.0,aggregate_e0_to_e3,balanced_magnitude,-0.000110391108796,-0.000110391108796,0.0,0.0,false,1e-06,false,tie,true
ieee57_structural_group_04_realization_02_seed_57202_8x8_held_out_seed57572012_aggregate_e0_to_e3,ieee57_structural_group_04_realization_02_seed_57202_8x8,ieee57,ieee57_structural_group_04,2,57572012.0,aggregate_e0_to_e3,sensitivity_initial_mean,-0.000110391108796,-0.000110391108796,0.0,0.0,false,1e-06,false,tie,true
ieee57_structural_group_04_realization_02_seed_57202_8x8_held_out_seed57572012_coordinate_e0,ieee57_structural_group_04_realization_02_seed_57202_8x8,ieee57,ieee57_structural_group_04,2,57572012.0,coordinate_e0,balanced_magnitude,-0.0001245025166551,-0.0001245025166551,0.0,0.0,false,1e-06,false,tie,true
ieee57_structural_group_04_realization_02_seed_57202_8x8_held_out_seed57572012_coordinate_e0,ieee57_structural_group_04_realization_02_seed_57202_8x8,ieee57,ieee57_structural_group_04,2,57572012.0,coordinate_e0,sensitivity_initial_mean,-0.0001245025166551,-0.0001245025166551,0.0,0.0,false,1e-06,false,tie,true
ieee57_structural_group_04_realization_02_seed_57202_8x8_held_out_seed57572012_signed_difference_e0_minus_e1,ieee57_structural_group_04_realization_02_seed_57202_8x8,ieee57,ieee57_structural_group_04,2,57572012.0,signed_difference_e0_minus_e1,balanced_magnitude,-6.504658447849085e-05,-6.504658447849085e-05,0.0,0.0,false,1e-06,false,tie,true
ieee57_structural_group_04_realization_02_seed_57202_8x8_held_out_seed57572012_signed_difference_e0_minus_e1,ieee57_structural_group_04_realization_02_seed_57202_8x8,ieee57,ieee57_structural_group_04,2,57572012.0,signed_difference_e0_minus_e1,sensitivity_initial_mean,-6.504658447849085e-05,-6.504658447849085e-05,0.0,0.0,false,1e-06,false,tie,true
ieee57_structural_group_04_realization_02_seed_57202_8x8_held_out_seed57572013_aggregate_e0_to_e3,ieee57_structural_group_04_realization_02_seed_57202_8x8,ieee57,ieee57_structural_group_04,2,57572013.0,aggregate_e0_to_e3,balanced_magnitude,1.3267970364150774e-05,1.3267970364150774e-05,0.0,0.0,false,1e-06,false,tie,true
ieee57_structural_group_04_realization_02_seed_57202_8x8_held_out_seed57572013_aggregate_e0_to_e3,ieee57_structural_group_04_realization_02_seed_57202_8x8,ieee57,ieee57_structural_group_04,2,57572013.0,aggregate_e0_to_e3,sensitivity_initial_mean,1.3267970364150774e-05,1.3267970364150774e-05,0.0,0.0,false,1e-06,false,tie,true
ieee57_structural_group_04_realization_02_seed_57202_8x8_held_out_seed57572013_coordinate_e0,ieee57_structural_group_04_realization_02_seed_57202_8x8,ieee57,ieee57_structural_group_04,2,57572013.0,coordinate_e0,balanced_magnitude,-0.0002003516774085,-0.0002003516774085,0.0,0.0,false,1e-06,false,tie,true
ieee57_structural_group_04_realization_02_seed_57202_8x8_held_out_seed57572013_coordinate_e0,ieee57_structural_group_04_realization_02_seed_57202_8x8,ieee57,ieee57_structural_group_04,2,57572013.0,coordinate_e0,sensitivity_initial_mean,-0.0002003516774085,-0.0002003516774085,0.0,0.0,false,1e-06,false,tie,true
ieee57_structural_group_04_realization_02_seed_57202_8x8_held_out_seed57572013_signed_difference_e0_minus_e1,ieee57_structural_group_04_realization_02_seed_57202_8x8,ieee57,ieee57_structural_group_04,2,57572013.0,signed_difference_e0_minus_e1,balanced_magnitude,-0.0002361453188162,-0.0002361453188162,0.0,0.0,false,1e-06,false,tie,true
ieee57_structural_group_04_realization_02_seed_57202_8x8_held_out_seed57572013_signed_difference_e0_minus_e1,ieee57_structural_group_04_realization_02_seed_57202_8x8,ieee57,ieee57_structural_group_04,2,57572013.0,signed_difference_e0_minus_e1,sensitivity_initial_mean,-0.0002361453188162,-0.0002361453188162,0.0,0.0,false,1e-06,false,tie,true
ieee57_structural_group_04_realization_02_seed_57202_8x8_held_out_seed57572014_aggregate_e0_to_e3,ieee57_structural_group_04_realization_02_seed_57202_8x8,ieee57,ieee57_structural_group_04,2,57572014.0,aggregate_e0_to_e3,balanced_magnitude,-1.9280545667584995e-05,-1.9280545667584995e-05,0.0,0.0,false,1e-06,false,tie,true
ieee57_structural_group_04_realization_02_seed_57202_8x8_held_out_seed57572014_aggregate_e0_to_e3,ieee57_structural_group_04_realization_02_seed_57202_8x8,ieee57,ieee57_structural_group_04,2,57572014.0,aggregate_e0_to_e3,sensitivity_initial_mean,-1.9280545667584995e-05,-1.9280545667584995e-05,0.0,0.0,false,1e-06,false,tie,true
ieee57_structural_group_04_realization_02_seed_57202_8x8_held_out_seed57572014_coordinate_e0,ieee57_structural_group_04_realization_02_seed_57202_8x8,ieee57,ieee57_structural_group_04,2,57572014.0,coordinate_e0,balanced_magnitude,3.024713839888516e-05,3.024713839888516e-05,0.0,0.0,false,1e-06,false,tie,true
ieee57_structural_group_04_realization_02_seed_57202_8x8_held_out_seed57572014_coordinate_e0,ieee57_structural_group_04_realization_02_seed_57202_8x8,ieee57,ieee57_structural_group_04,2,57572014.0,coordinate_e0,sensitivity_initial_mean,3.024713839888516e-05,3.024713839888516e-05,0.0,0.0,false,1e-06,false,tie,true
ieee57_structural_group_04_realization_02_seed_57202_8x8_held_out_seed57572014_signed_difference_e0_minus_e1,ieee57_structural_group_04_realization_02_seed_57202_8x8,ieee57,ieee57_structural_group_04,2,57572014.0,signed_difference_e0_minus_e1,balanced_magnitude,4.7489835408204574e-05,4.7489835408204574e-05,0.0,0.0,false,1e-06,false,tie,true
ieee57_structural_group_04_realization_02_seed_57202_8x8_held_out_seed57572014_signed_difference_e0_minus_e1,ieee57_structural_group_04_realization_02_seed_57202_8x8,ieee57,ieee57_structural_group_04,2,57572014.0,signed_difference_e0_minus_e1,sensitivity_initial_mean,4.7489835408204574e-05,4.7489835408204574e-05,0.0,0.0,false,1e-06,false,tie,true
ieee57_structural_group_04_realization_02_seed_57202_8x8_held_out_seed57572015_aggregate_e0_to_e3,ieee57_structural_group_04_realization_02_seed_57202_8x8,ieee57,ieee57_structural_group_04,2,57572015.0,aggregate_e0_to_e3,balanced_magnitude,7.973455154936456e-05,7.973455154936456e-05,0.0,0.0,false,1e-06,false,tie,true
ieee57_structural_group_04_realization_02_seed_57202_8x8_held_out_seed57572015_aggregate_e0_to_e3,ieee57_structural_group_04_realization_02_seed_57202_8x8,ieee57,ieee57_structural_group_04,2,57572015.0,aggregate_e0_to_e3,sensitivity_initial_mean,7.973455154936456e-05,7.973455154936456e-05,0.0,0.0,false,1e-06,false,tie,true
ieee57_structural_group_04_realization_02_seed_57202_8x8_held_out_seed57572015_coordinate_e0,ieee57_structural_group_04_realization_02_seed_57202_8x8,ieee57,ieee57_structural_group_04,2,57572015.0,coordinate_e0,balanced_magnitude,1.4558592000131476e-05,1.4558592000131476e-05,0.0,0.0,false,1e-06,false,tie,true
ieee57_structural_group_04_realization_02_seed_57202_8x8_held_out_seed57572015_coordinate_e0,ieee57_structural_group_04_realization_02_seed_57202_8x8,ieee57,ieee57_structural_group_04,2,57572015.0,coordinate_e0,sensitivity_initial_mean,1.4558592000131476e-05,1.4558592000131476e-05,0.0,0.0,false,1e-06,false,tie,true
ieee57_structural_group_04_realization_02_seed_57202_8x8_held_out_seed57572015_signed_difference_e0_minus_e1,ieee57_structural_group_04_realization_02_seed_57202_8x8,ieee57,ieee57_structural_group_04,2,57572015.0,signed_difference_e0_minus_e1,balanced_magnitude,-8.079881434363454e-06,-8.079881434363454e-06,0.0,0.0,false,1e-06,false,tie,true
ieee57_structural_group_04_realization_02_seed_57202_8x8_held_out_seed57572015_signed_difference_e0_minus_e1,ieee57_structural_group_04_realization_02_seed_57202_8x8,ieee57,ieee57_structural_group_04,2,57572015.0,signed_difference_e0_minus_e1,sensitivity_initial_mean,-8.079881434363454e-06,-8.079881434363454e-06,0.0,0.0,false,1e-06,false,tie,true
ieee57_structural_group_04_realization_02_seed_57202_8x8_held_out_seed57572016_aggregate_e0_to_e3,ieee57_structural_group_04_realization_02_seed_57202_8x8,ieee57,ieee57_structural_group_04,2,57572016.0,aggregate_e0_to_e3,balanced_magnitude,0.000115865700336,0.000115865700336,0.0,0.0,false,1e-06,false,tie,true
ieee57_structural_group_04_realization_02_seed_57202_8x8_held_out_seed57572016_aggregate_e0_to_e3,ieee57_structural_group_04_realization_02_seed_57202_8x8,ieee57,ieee57_structural_group_04,2,57572016.0,aggregate_e0_to_e3,sensitivity_initial_mean,0.000115865700336,0.000115865700336,0.0,0.0,false,1e-06,false,tie,true
ieee57_structural_group_04_realization_02_seed_57202_8x8_held_out_seed57572016_coordinate_e0,ieee57_structural_group_04_realization_02_seed_57202_8x8,ieee57,ieee57_structural_group_04,2,57572016.0,coordinate_e0,balanced_magnitude,8.442312143088794e-05,8.442312143088794e-05,0.0,0.0,false,1e-06,false,tie,true
ieee57_structural_group_04_realization_02_seed_57202_8x8_held_out_seed57572016_coordinate_e0,ieee57_structural_group_04_realization_02_seed_57202_8x8,ieee57,ieee57_structural_group_04,2,57572016.0,coordinate_e0,sensitivity_initial_mean,8.442312143088794e-05,8.442312143088794e-05,0.0,0.0,false,1e-06,false,tie,true
ieee57_structural_group_04_realization_02_seed_57202_8x8_held_out_seed57572016_signed_difference_e0_minus_e1,ieee57_structural_group_04_realization_02_seed_57202_8x8,ieee57,ieee57_structural_group_04,2,57572016.0,signed_difference_e0_minus_e1,balanced_magnitude,-1.7271914622739834e-05,-1.7271914622739834e-05,0.0,0.0,false,1e-06,false,tie,true
ieee57_structural_group_04_realization_02_seed_57202_8x8_held_out_seed57572016_signed_difference_e0_minus_e1,ieee57_structural_group_04_realization_02_seed_57202_8x8,ieee57,ieee57_structural_group_04,2,57572016.0,signed_difference_e0_minus_e1,sensitivity_initial_mean,-1.7271914622739834e-05,-1.7271914622739834e-05,0.0,0.0,false,1e-06,false,tie,true
ieee57_structural_group_04_realization_02_seed_57202_8x8_held_out_seed57572017_aggregate_e0_to_e3,ieee57_structural_group_04_realization_02_seed_57202_8x8,ieee57,ieee57_structural_group_04,2,57572017.0,aggregate_e0_to_e3,balanced_magnitude,7.342021032743511e-06,7.342021032743511e-06,0.0,0.0,false,1e-06,false,tie,true
ieee57_structural_group_04_realization_02_seed_57202_8x8_held_out_seed57572017_aggregate_e0_to_e3,ieee57_structural_group_04_realization_02_seed_57202_8x8,ieee57,ieee57_structural_group_04,2,57572017.0,aggregate_e0_to_e3,sensitivity_initial_mean,7.342021032743511e-06,7.342021032743511e-06,0.0,0.0,false,1e-06,false,tie,true
ieee57_structural_group_04_realization_02_seed_57202_8x8_held_out_seed57572017_coordinate_e0,ieee57_structural_group_04_realization_02_seed_57202_8x8,ieee57,ieee57_structural_group_04,2,57572017.0,coordinate_e0,balanced_magnitude,-2.685428412717094e-05,-2.685428412717094e-05,0.0,0.0,false,1e-06,false,tie,true
ieee57_structural_group_04_realization_02_seed_57202_8x8_held_out_seed57572017_coordinate_e0,ieee57_structural_group_04_realization_02_seed_57202_8x8,ieee57,ieee57_structural_group_04,2,57572017.0,coordinate_e0,sensitivity_initial_mean,-2.685428412717094e-05,-2.685428412717094e-05,0.0,0.0,false,1e-06,false,tie,true
ieee57_structural_group_04_realization_02_seed_57202_8x8_held_out_seed57572017_signed_difference_e0_minus_e1,ieee57_structural_group_04_realization_02_seed_57202_8x8,ieee57,ieee57_structural_group_04,2,57572017.0,signed_difference_e0_minus_e1,balanced_magnitude,3.505497551816521e-05,3.505497551816521e-05,0.0,0.0,false,1e-06,false,tie,true
ieee57_structural_group_04_realization_02_seed_57202_8x8_held_out_seed57572017_signed_difference_e0_minus_e1,ieee57_structural_group_04_realization_02_seed_57202_8x8,ieee57,ieee57_structural_group_04,2,57572017.0,signed_difference_e0_minus_e1,sensitivity_initial_mean,3.505497551816521e-05,3.505497551816521e-05,0.0,0.0,false,1e-06,false,tie,true
ieee57_structural_group_04_realization_02_seed_57202_8x8_held_out_seed57572018_aggregate_e0_to_e3,ieee57_structural_group_04_realization_02_seed_57202_8x8,ieee57,ieee57_structural_group_04,2,57572018.0,aggregate_e0_to_e3,balanced_magnitude,-0.0001030831705966,-0.0001030831705966,0.0,0.0,false,1e-06,false,tie,true
ieee57_structural_group_04_realization_02_seed_57202_8x8_held_out_seed57572018_aggregate_e0_to_e3,ieee57_structural_group_04_realization_02_seed_57202_8x8,ieee57,ieee57_structural_group_04,2,57572018.0,aggregate_e0_to_e3,sensitivity_initial_mean,-0.0001030831705966,-0.0001030831705966,0.0,0.0,false,1e-06,false,tie,true
ieee57_structural_group_04_realization_02_seed_57202_8x8_held_out_seed57572018_coordinate_e0,ieee57_structural_group_04_realization_02_seed_57202_8x8,ieee57,ieee57_structural_group_04,2,57572018.0,coordinate_e0,balanced_magnitude,-3.3184466526954535e-06,-3.3184466526954535e-06,0.0,0.0,false,1e-06,false,tie,true
ieee57_structural_group_04_realization_02_seed_57202_8x8_held_out_seed57572018_coordinate_e0,ieee57_structural_group_04_realization_02_seed_57202_8x8,ieee57,ieee57_structural_group_04,2,57572018.0,coordinate_e0,sensitivity_initial_mean,-3.3184466526954535e-06,-3.3184466526954535e-06,0.0,0.0,false,1e-06,false,tie,true
ieee57_structural_group_04_realization_02_seed_57202_8x8_held_out_seed57572018_signed_difference_e0_minus_e1,ieee57_structural_group_04_realization_02_seed_57202_8x8,ieee57,ieee57_structural_group_04,2,57572018.0,signed_difference_e0_minus_e1,balanced_magnitude,7.3331301047169084e-06,7.3331301047169084e-06,0.0,0.0,false,1e-06,false,tie,true
ieee57_structural_group_04_realization_02_seed_57202_8x8_held_out_seed57572018_signed_difference_e0_minus_e1,ieee57_structural_group_04_realization_02_seed_57202_8x8,ieee57,ieee57_structural_group_04,2,57572018.0,signed_difference_e0_minus_e1,sensitivity_initial_mean,7.3331301047169084e-06,7.3331301047169084e-06,0.0,0.0,false,1e-06,false,tie,true
ieee57_structural_group_04_realization_02_seed_57202_8x8_held_out_seed57572019_aggregate_e0_to_e3,ieee57_structural_group_04_realization_02_seed_57202_8x8,ieee57,ieee57_structural_group_04,2,57572019.0,aggregate_e0_to_e3,balanced_magnitude,6.00088957904193e-05,6.00088957904193e-05,0.0,0.0,false,1e-06,false,tie,true
ieee57_structural_group_04_realization_02_seed_57202_8x8_held_out_seed57572019_aggregate_e0_to_e3,ieee57_structural_group_04_realization_02_seed_57202_8x8,ieee57,ieee57_structural_group_04,2,57572019.0,aggregate_e0_to_e3,sensitivity_initial_mean,6.00088957904193e-05,6.00088957904193e-05,0.0,0.0,false,1e-06,false,tie,true
ieee57_structural_group_04_realization_02_seed_57202_8x8_held_out_seed57572019_coordinate_e0,ieee57_structural_group_04_realization_02_seed_57202_8x8,ieee57,ieee57_structural_group_04,2,57572019.0,coordinate_e0,balanced_magnitude,5.7036902196236814e-05,5.7036902196236814e-05,0.0,0.0,false,1e-06,false,tie,true
ieee57_structural_group_04_realization_02_seed_57202_8x8_held_out_seed57572019_coordinate_e0,ieee57_structural_group_04_realization_02_seed_57202_8x8,ieee57,ieee57_structural_group_04,2,57572019.0,coordinate_e0,sensitivity_initial_mean,5.7036902196236814e-05,5.7036902196236814e-05,0.0,0.0,false,1e-06,false,tie,true
ieee57_structural_group_04_realization_02_seed_57202_8x8_held_out_seed57572019_signed_difference_e0_minus_e1,ieee57_structural_group_04_realization_02_seed_57202_8x8,ieee57,ieee57_structural_group_04,2,57572019.0,signed_difference_e0_minus_e1,balanced_magnitude,5.907220004491948e-05,5.907220004491948e-05,0.0,0.0,false,1e-06,false,tie,true
ieee57_structural_group_04_realization_02_seed_57202_8x8_held_out_seed57572019_signed_difference_e0_minus_e1,ieee57_structural_group_04_realization_02_seed_57202_8x8,ieee57,ieee57_structural_group_04,2,57572019.0,signed_difference_e0_minus_e1,sensitivity_initial_mean,5.907220004491948e-05,5.907220004491948e-05,0.0,0.0,false,1e-06,false,tie,true
