instance_id,ieee_case,row,column,matrix_value,absolute_matrix_value,sensitivity_mean,sensitivity_worst_case,candidate_status,selection_data_split
ieee14_eval_seed_14101_block_8x8,ieee14,0,0,-576.892563357665,576.892563357665,0.04101653435154345,0.13484262790556972,candidate,training_only
ieee14_eval_seed_14101_block_8x8,ieee14,0,1,0.0,0.0,0.0,0.0,zero,training_only
ieee14_eval_seed_14101_block_8x8,ieee14,0,2,0.0,0.0,0.0,0.0,zero,training_only
ieee14_eval_seed_14101_block_8x8,ieee14,0,3,-157.80056002543148,157.80056002543148,0.02026375012747901,0.05552396456546607,candidate,training_only
ieee14_eval_seed_14101_block_8x8,ieee14,0,4,284.1818819116155,284.1818819116155,0.021144953513144337,0.04563923068105295,candidate,training_only
ieee14_eval_seed_14101_block_8x8,ieee14,0,5,-133.13856310167012,133.13856310167012,0.011419793749762423,0.029023001327724177,candidate,training_only
ieee14_eval_seed_14101_block_8x8,ieee14,0,6,0.0,0.0,0.0,0.0,zero,training_only
ieee14_eval_seed_14101_block_8x8,ieee14,0,7,-13.163436682576261,13.163436682576261,0.0012345564996632283,0.00455291328592102,candidate,training_only
ieee14_eval_seed_14101_block_8x8,ieee14,1,0,1094.9507952096546,1094.9507952096546,0.10463045416286619,0.4299406339105949,candidate,training_only
ieee14_eval_seed_14101_block_8x8,ieee14,1,1,-173.04751006639248,173.04751006639248,0.02671087377772742,0.13477015730370526,candidate,training_only
ieee14_eval_seed_14101_block_8x8,ieee14,1,2,-185.9621289786086,185.9621289786086,0.04264169840523006,0.09244742670848587,candidate,training_only
ieee14_eval_seed_14101_block_8x8,ieee14,1,3,-188.76801147031753,188.76801147031753,0.038777532086269814,0.13479443729714213,candidate,training_only
ieee14_eval_seed_14101_block_8x8,ieee14,1,4,-215.70386321364018,215.70386321364018,0.02421474530025619,0.05956360212748058,candidate,training_only
ieee14_eval_seed_14101_block_8x8,ieee14,1,5,339.6103666612776,339.6103666612776,0.04472747321211649,0.13649990832378686,candidate,training_only
ieee14_eval_seed_14101_block_8x8,ieee14,1,6,-41.66421029084607,41.66421029084607,0.0065911310471127894,0.030366135141337576,candidate,training_only
ieee14_eval_seed_14101_block_8x8,ieee14,1,7,-45.98373972871217,45.98373972871217,0.0067368678016896605,0.026945751149445297,candidate,training_only
ieee14_eval_seed_14101_block_8x8,ieee14,2,0,-174.78249230415875,174.78249230415875,0.020241318188503554,0.0499486412753193,candidate,training_only
ieee14_eval_seed_14101_block_8x8,ieee14,2,1,-178.42622908190665,178.42622908190665,0.022792471001410453,0.09432462083898846,candidate,training_only
ieee14_eval_seed_14101_block_8x8,ieee14,2,2,1342.142784299504,1342.142784299504,0.061104968544631134,0.17231783770862694,candidate,training_only
ieee14_eval_seed_14101_block_8x8,ieee14,2,3,-746.4090819465537,746.4090819465537,0.0508476271972826,0.18086177029857223,candidate,training_only
ieee14_eval_seed_14101_block_8x8,ieee14,2,4,0.0,0.0,0.0,0.0,zero,training_only
ieee14_eval_seed_14101_block_8x8,ieee14,2,5,-73.33523445450969,73.33523445450969,0.0019067833152019557,0.007828550096428232,candidate,training_only
ieee14_eval_seed_14101_block_8x8,ieee14,2,6,345.4862382192397,345.4862382192397,0.010457355122448253,0.04556252843488275,candidate,training_only
ieee14_eval_seed_14101_block_8x8,ieee14,2,7,-248.55751816544137,248.55751816544137,0.006946785213015964,0.02627285174026439,candidate,training_only
ieee14_eval_seed_14101_block_8x8,ieee14,3,0,-180.07713666624497,180.07713666624497,0.021511695529172956,0.09477237217696766,candidate,training_only
ieee14_eval_seed_14101_block_8x8,ieee14,3,1,0.0,0.0,0.0,0.0,zero,training_only
ieee14_eval_seed_14101_block_8x8,ieee14,3,2,-756.86682503061,756.86682503061,0.0478790269208459,0.279259096692455,candidate,training_only
ieee14_eval_seed_14101_block_8x8,ieee14,3,3,1238.0403794604208,1238.0403794604208,0.054011197612886974,0.24964558306321616,candidate,training_only
ieee14_eval_seed_14101_block_8x8,ieee14,3,4,-56.609286064255436,56.609286064255436,0.0012731724813361547,0.004715916326125166,candidate,training_only
ieee14_eval_seed_14101_block_8x8,ieee14,3,5,-70.70926368494241,70.70926368494241,0.001639228211974496,0.007317934255961379,candidate,training_only
ieee14_eval_seed_14101_block_8x8,ieee14,3,6,-217.512764149506,217.512764149506,0.005813361607955859,0.028502100852053954,candidate,training_only
ieee14_eval_seed_14101_block_8x8,ieee14,3,7,321.6105887451982,321.6105887451982,0.008025531271814873,0.034217372083625686,candidate,training_only
ieee14_eval_seed_14101_block_8x8,ieee14,4,0,138.7142091513668,138.7142091513668,0.017297884475590785,0.055944661305564046,candidate,training_only
ieee14_eval_seed_14101_block_8x8,ieee14,4,1,-0.0,0.0,0.0,0.0,zero,training_only
ieee14_eval_seed_14101_block_8x8,ieee14,4,2,-0.0,0.0,0.0,0.0,zero,training_only
ieee14_eval_seed_14101_block_8x8,ieee14,4,3,13.493126953637653,13.493126953637653,0.0008939122313744425,0.003562256518590832,candidate,training_only
ieee14_eval_seed_14101_block_8x8,ieee14,4,4,688.4309592266865,688.4309592266865,0.009256906761484496,0.025526855788469284,candidate,training_only
ieee14_eval_seed_14101_block_8x8,ieee14,4,5,-553.7042486084915,553.7042486084915,0.015991398878584202,0.03987286601718518,candidate,training_only
ieee14_eval_seed_14101_block_8x8,ieee14,4,6,0.0,0.0,0.0,0.0,zero,training_only
ieee14_eval_seed_14101_block_8x8,ieee14,4,7,-153.94487041492218,153.94487041492218,0.004388912074796237,0.016557313180542068,candidate,training_only
ieee14_eval_seed_14101_block_8x8,ieee14,5,0,-335.20059367613186,335.20059367613186,0.03532952062374543,0.10961736872415069,candidate,training_only
ieee14_eval_seed_14101_block_8x8,ieee14,5,1,16.12852463911205,16.12852463911205,0.002299242807367175,0.010609820829364024,candidate,training_only
ieee14_eval_seed_14101_block_8x8,ieee14,5,2,42.484644461218835,42.484644461218835,0.004218926984787054,0.014361989000765248,candidate,training_only
ieee14_eval_seed_14101_block_8x8,ieee14,5,3,47.13544440744873,47.13544440744873,0.004203660680282851,0.015990396513687766,candidate,training_only
ieee14_eval_seed_14101_block_8x8,ieee14,5,4,-514.3880696550362,514.3880696550362,0.015391476538440653,0.04210699831275436,candidate,training_only
ieee14_eval_seed_14101_block_8x8,ieee14,5,5,1051.7187633052015,1051.7187633052015,0.047380959745212524,0.13675979223859083,candidate,training_only
ieee14_eval_seed_14101_block_8x8,ieee14,5,6,-182.3709565222029,182.3709565222029,0.009264476991176739,0.0434753537206092,candidate,training_only
ieee14_eval_seed_14101_block_8x8,ieee14,5,7,-184.1556649710066,184.1556649710066,0.008646538567887245,0.03535402158315519,candidate,training_only
ieee14_eval_seed_14101_block_8x8,ieee14,6,0,76.40640557701627,76.40640557701627,0.008331395982030858,0.03820185615960556,candidate,training_only
ieee14_eval_seed_14101_block_8x8,ieee14,6,1,60.530797140840576,60.530797140840576,0.008452943789202508,0.053234816066869806,candidate,training_only
ieee14_eval_seed_14101_block_8x8,ieee14,6,2,-376.45064423993335,376.45064423993335,0.018054139680496704,0.11537963834645994,candidate,training_only
ieee14_eval_seed_14101_block_8x8,ieee14,6,3,254.78286778457084,254.78286778457084,0.013302832901533081,0.07818744360643848,candidate,training_only
ieee14_eval_seed_14101_block_8x8,ieee14,6,4,-0.0,0.0,0.0,0.0,zero,training_only
ieee14_eval_seed_14101_block_8x8,ieee14,6,5,-167.75707422526236,167.75707422526236,0.0011887633305818963,0.0036967709632597097,candidate,training_only
ieee14_eval_seed_14101_block_8x8,ieee14,6,6,1311.4646153604624,1311.4646153604624,0.009853271191561324,0.044446255294498596,candidate,training_only
ieee14_eval_seed_14101_block_8x8,ieee14,6,7,-728.1713663010114,728.1713663010114,0.00449512723210418,0.012722851258172132,candidate,training_only
ieee14_eval_seed_14101_block_8x8,ieee14,7,0,73.67046303663473,73.67046303663473,0.009510993246724423,0.02456363739309076,candidate,training_only
ieee14_eval_seed_14101_block_8x8,ieee14,7,1,-0.0,0.0,0.0,0.0,zero,training_only
ieee14_eval_seed_14101_block_8x8,ieee14,7,2,221.79593435613523,221.79593435613523,0.012295823403807008,0.05896495359740473,candidate,training_only
ieee14_eval_seed_14101_block_8x8,ieee14,7,3,-340.5543297917759,340.5543297917759,0.02069678523520297,0.08385202135216309,candidate,training_only
ieee14_eval_seed_14101_block_8x8,ieee14,7,4,-137.7051366710197,137.7051366710197,0.0017734436542384277,0.0036211057798791516,candidate,training_only
ieee14_eval_seed_14101_block_8x8,ieee14,7,5,-172.83889927271153,172.83889927271153,0.0010370190608790495,0.0036024247133315665,candidate,training_only
ieee14_eval_seed_14101_block_8x8,ieee14,7,6,-742.2507345924876,742.2507345924876,0.004383640739678052,0.021238232311666928,candidate,training_only
ieee14_eval_seed_14101_block_8x8,ieee14,7,7,1220.4506162506823,1220.4506162506823,0.0074991169376337685,0.03625377851787885,candidate,training_only
ieee14_eval_seed_14102_block_8x8,ieee14,0,0,-571.7776980403686,571.7776980403686,0.05510124065142806,0.12533608887416364,candidate,training_only
ieee14_eval_seed_14102_block_8x8,ieee14,0,1,0.0,0.0,0.0,0.0,zero,training_only
ieee14_eval_seed_14102_block_8x8,ieee14,0,2,0.0,0.0,0.0,0.0,zero,training_only
ieee14_eval_seed_14102_block_8x8,ieee14,0,3,-156.44757411448694,156.44757411448694,0.014882518380422994,0.03322758967697897,candidate,training_only
ieee14_eval_seed_14102_block_8x8,ieee14,0,4,288.16311451690643,288.16311451690643,0.021925318855934288,0.05959175732638696,candidate,training_only
ieee14_eval_seed_14102_block_8x8,ieee14,0,5,-128.21817464510707,128.21817464510707,0.011790630292338082,0.02817658321002583,candidate,training_only
ieee14_eval_seed_14102_block_8x8,ieee14,0,6,0.0,0.0,0.0,0.0,zero,training_only
ieee14_eval_seed_14102_block_8x8,ieee14,0,7,-13.297302580224018,13.297302580224018,0.0012949224800901874,0.003192295912948677,candidate,training_only
ieee14_eval_seed_14102_block_8x8,ieee14,1,0,1080.0260313545589,1080.0260313545589,0.07484680494738329,0.33553102503867027,candidate,training_only
ieee14_eval_seed_14102_block_8x8,ieee14,1,1,-170.64203445604767,170.64203445604767,0.022506071346128968,0.10402922207098848,candidate,training_only
ieee14_eval_seed_14102_block_8x8,ieee14,1,2,-184.11620682487538,184.11620682487538,0.03405145387701815,0.10488536831281395,candidate,training_only
ieee14_eval_seed_14102_block_8x8,ieee14,1,3,-185.8603581575341,185.8603581575341,0.03080153182277798,0.06713406233980736,candidate,training_only
ieee14_eval_seed_14102_block_8x8,ieee14,1,4,-218.19943269129433,218.19943269129433,0.025289490610907274,0.07722207166746806,candidate,training_only
ieee14_eval_seed_14102_block_8x8,ieee14,1,5,328.2375916787767,328.2375916787767,0.04704274246004147,0.14037083049290042,candidate,training_only
ieee14_eval_seed_14102_block_8x8,ieee14,1,6,-40.83638497703603,40.83638497703603,0.006912386340810334,0.0342360481794955,candidate,training_only
ieee14_eval_seed_14102_block_8x8,ieee14,1,7,-47.32638276119203,47.32638276119203,0.007359762492232055,0.024593608444676236,candidate,training_only
ieee14_eval_seed_14102_block_8x8,ieee14,2,0,-172.72535004963723,172.72535004963723,0.025222613652160275,0.0764957327375634,candidate,training_only
ieee14_eval_seed_14102_block_8x8,ieee14,2,1,-176.11353598518753,176.11353598518753,0.032414886393135015,0.14680908178218485,candidate,training_only
ieee14_eval_seed_14102_block_8x8,ieee14,2,2,1327.002476237386,1327.002476237386,0.0733495793598848,0.21338018586843152,candidate,training_only
ieee14_eval_seed_14102_block_8x8,ieee14,2,3,-737.1350430434914,737.1350430434914,0.05071824914100354,0.19123230603949798,candidate,training_only
ieee14_eval_seed_14102_block_8x8,ieee14,2,4,0.0,0.0,0.0,0.0,zero,training_only
ieee14_eval_seed_14102_block_8x8,ieee14,2,5,-73.59271822768156,73.59271822768156,0.002148028691687789,0.007440469705570123,candidate,training_only
ieee14_eval_seed_14102_block_8x8,ieee14,2,6,332.5002556063472,332.5002556063472,0.010593880029848938,0.03788187746282386,candidate,training_only
ieee14_eval_seed_14102_block_8x8,ieee14,2,7,-256.6093135336604,256.6093135336604,0.0074184311743574725,0.02132357863024676,candidate,training_only
ieee14_eval_seed_14102_block_8x8,ieee14,3,0,-178.39198822900713,178.39198822900713,0.019872246005087593,0.057143696702775706,candidate,training_only
ieee14_eval_seed_14102_block_8x8,ieee14,3,1,0.0,0.0,0.0,0.0,zero,training_only
ieee14_eval_seed_14102_block_8x8,ieee14,3,2,-753.223090056497,753.223090056497,0.03882242486897165,0.18209181343891848,candidate,training_only
ieee14_eval_seed_14102_block_8x8,ieee14,3,3,1230.1131208165468,1230.1131208165468,0.056390332981104414,0.20982929887629473,candidate,training_only
ieee14_eval_seed_14102_block_8x8,ieee14,3,4,-56.14759773208074,56.14759773208074,0.0013622987475886792,0.0046717432196156355,candidate,training_only
ieee14_eval_seed_14102_block_8x8,ieee14,3,5,-68.72582546270183,68.72582546270183,0.0016894435468775557,0.007119264165808315,candidate,training_only
ieee14_eval_seed_14102_block_8x8,ieee14,3,6,-207.39141224210576,207.39141224210576,0.005687227940855822,0.023563075061019432,candidate,training_only
ieee14_eval_seed_14102_block_8x8,ieee14,3,7,329.38085056202476,329.38085056202476,0.008224268739823666,0.027215111450727546,candidate,training_only
ieee14_eval_seed_14102_block_8x8,ieee14,4,0,132.55810159995636,132.55810159995636,0.016079299573904526,0.050141445413690075,candidate,training_only
ieee14_eval_seed_14102_block_8x8,ieee14,4,1,-0.0,0.0,0.0,0.0,zero,training_only
ieee14_eval_seed_14102_block_8x8,ieee14,4,2,-0.0,0.0,0.0,0.0,zero,training_only
ieee14_eval_seed_14102_block_8x8,ieee14,4,3,13.55669771325595,13.55669771325595,0.000896686228052,0.003981690268130754,candidate,training_only
ieee14_eval_seed_14102_block_8x8,ieee14,4,4,688.1270359776825,688.1270359776825,0.00995698375924548,0.027562215827589696,candidate,training_only
ieee14_eval_seed_14102_block_8x8,ieee14,4,5,-553.0578052993286,553.0578052993286,0.01692300408725931,0.04064034709742293,candidate,training_only
ieee14_eval_seed_14102_block_8x8,ieee14,4,6,0.0,0.0,0.0,0.0,zero,training_only
ieee14_eval_seed_14102_block_8x8,ieee14,4,7,-153.45409147156656,153.45409147156656,0.004501149960689109,0.011413771446518806,candidate,training_only
ieee14_eval_seed_14102_block_8x8,ieee14,5,0,-339.1047144528229,339.1047144528229,0.04163700080477395,0.12785243051559803,candidate,training_only
ieee14_eval_seed_14102_block_8x8,ieee14,5,1,17.9447894990666,17.9447894990666,0.0030717867987058644,0.011959585299155015,candidate,training_only
ieee14_eval_seed_14102_block_8x8,ieee14,5,2,41.521028775030366,41.521028775030366,0.003963751157696064,0.011268005811361302,candidate,training_only
ieee14_eval_seed_14102_block_8x8,ieee14,5,3,48.24959506520599,48.24959506520599,0.003807803498966372,0.014169674400263895,candidate,training_only
ieee14_eval_seed_14102_block_8x8,ieee14,5,4,-508.65962716149244,508.65962716149244,0.016512597528102836,0.05328027956542991,candidate,training_only
ieee14_eval_seed_14102_block_8x8,ieee14,5,5,1041.7848502455663,1041.7848502455663,0.052954500378237374,0.1393428890950499,candidate,training_only
ieee14_eval_seed_14102_block_8x8,ieee14,5,6,-181.08029892876135,181.08029892876135,0.00990715739732825,0.04418159412236622,candidate,training_only
ieee14_eval_seed_14102_block_8x8,ieee14,5,7,-182.30408852982868,182.30408852982868,0.009123393810333833,0.027577897122065487,candidate,training_only
ieee14_eval_seed_14102_block_8x8,ieee14,6,0,76.08368350932722,76.08368350932722,0.009837185174943718,0.03552347809987284,candidate,training_only
ieee14_eval_seed_14102_block_8x8,ieee14,6,1,62.63580957684927,62.63580957684927,0.010621958081808412,0.06504685475235936,candidate,training_only
ieee14_eval_seed_14102_block_8x8,ieee14,6,2,-386.48895415145194,386.48895415145194,0.021045112827968726,0.10488232049679694,candidate,training_only
ieee14_eval_seed_14102_block_8x8,ieee14,6,3,261.61508117861797,261.61508117861797,0.015637366244740096,0.06917426681970314,candidate,training_only
ieee14_eval_seed_14102_block_8x8,ieee14,6,4,-0.0,0.0,0.0,0.0,zero,training_only
ieee14_eval_seed_14102_block_8x8,ieee14,6,5,-167.07035504428902,167.07035504428902,0.0013861127707942426,0.0033961706087263163,candidate,training_only
ieee14_eval_seed_14102_block_8x8,ieee14,6,6,1315.0271829686076,1315.0271829686076,0.010803425700950223,0.04043857942128674,candidate,training_only
ieee14_eval_seed_14102_block_8x8,ieee14,6,7,-723.0306315859874,723.0306315859874,0.004745005127003548,0.011362362862327028,candidate,training_only
ieee14_eval_seed_14102_block_8x8,ieee14,7,0,71.05205622714229,71.05205622714229,0.007805173356151046,0.020619806698874348,candidate,training_only
ieee14_eval_seed_14102_block_8x8,ieee14,7,1,-0.0,0.0,0.0,0.0,zero,training_only
ieee14_eval_seed_14102_block_8x8,ieee14,7,2,210.8684400012644,210.8684400012644,0.009793944196565442,0.058090476672235596,candidate,training_only
ieee14_eval_seed_14102_block_8x8,ieee14,7,3,-327.1906089854753,327.1906089854753,0.016536705492347203,0.07990860509127806,candidate,training_only
ieee14_eval_seed_14102_block_8x8,ieee14,7,4,-137.0250343428009,137.0250343428009,0.0016245877819387178,0.005600876443764781,candidate,training_only
ieee14_eval_seed_14102_block_8x8,ieee14,7,5,-172.55146857083727,172.55146857083727,0.0011556932781381585,0.004828271101352888,candidate,training_only
ieee14_eval_seed_14102_block_8x8,ieee14,7,6,-740.8031300428033,740.8031300428033,0.004482658848012089,0.019947705843609723,candidate,training_only
ieee14_eval_seed_14102_block_8x8,ieee14,7,7,1208.5444190985907,1208.5444190985907,0.007471170305147508,0.022879896667878416,candidate,training_only
ieee14_eval_seed_14103_block_8x8,ieee14,0,0,-576.1079300603311,576.1079300603311,0.05330098956792712,0.20783565259753692,candidate,training_only
ieee14_eval_seed_14103_block_8x8,ieee14,0,1,0.0,0.0,0.0,0.0,zero,training_only
ieee14_eval_seed_14103_block_8x8,ieee14,0,2,0.0,0.0,0.0,0.0,zero,training_only
ieee14_eval_seed_14103_block_8x8,ieee14,0,3,-158.31001196423972,158.31001196423972,0.017887177097388025,0.05148347403885868,candidate,training_only
ieee14_eval_seed_14103_block_8x8,ieee14,0,4,282.6770094606451,282.6770094606451,0.019950659809405046,0.05758457114978914,candidate,training_only
ieee14_eval_seed_14103_block_8x8,ieee14,0,5,-131.74751281731164,131.74751281731164,0.008626901310129515,0.02828727634148505,candidate,training_only
ieee14_eval_seed_14103_block_8x8,ieee14,0,6,0.0,0.0,0.0,0.0,zero,training_only
ieee14_eval_seed_14103_block_8x8,ieee14,0,7,-13.98919298691419,13.98919298691419,0.0015681547642538351,0.006440782107952881,candidate,training_only
ieee14_eval_seed_14103_block_8x8,ieee14,1,0,1094.0535117703782,1094.0535117703782,0.11496016874450926,0.34980707047956505,candidate,training_only
ieee14_eval_seed_14103_block_8x8,ieee14,1,1,-172.7049144741709,172.7049144741709,0.03657850146943711,0.13286359914700427,candidate,training_only
ieee14_eval_seed_14103_block_8x8,ieee14,1,2,-185.57677817857592,185.57677817857592,0.04147281233042448,0.10437317189067125,candidate,training_only
ieee14_eval_seed_14103_block_8x8,ieee14,1,3,-189.9766471819899,189.9766471819899,0.039068841830504346,0.09082353812931512,candidate,training_only
ieee14_eval_seed_14103_block_8x8,ieee14,1,4,-216.90696431270152,216.90696431270152,0.023238033957539025,0.07873000562825581,candidate,training_only
ieee14_eval_seed_14103_block_8x8,ieee14,1,5,339.03508649747766,339.03508649747766,0.034990626471094605,0.1350238608577654,candidate,training_only
ieee14_eval_seed_14103_block_8x8,ieee14,1,6,-41.389940432704975,41.389940432704975,0.007741495973237295,0.024937376364281297,candidate,training_only
ieee14_eval_seed_14103_block_8x8,ieee14,1,7,-47.4126839965711,47.4126839965711,0.008466512280801105,0.046315929201405176,candidate,training_only
ieee14_eval_seed_14103_block_8x8,ieee14,2,0,-174.2095408325031,174.2095408325031,0.02366593249107327,0.0821047542111934,candidate,training_only
ieee14_eval_seed_14103_block_8x8,ieee14,2,1,-176.99751061539445,176.99751061539445,0.02598269938979898,0.14722830213537924,candidate,training_only
ieee14_eval_seed_14103_block_8x8,ieee14,2,2,1340.5111812496186,1340.5111812496186,0.06335021796874529,0.2478748410479617,candidate,training_only
ieee14_eval_seed_14103_block_8x8,ieee14,2,3,-746.2746778330652,746.2746778330652,0.048093034850770856,0.24727802140685623,candidate,training_only
ieee14_eval_seed_14103_block_8x8,ieee14,2,4,0.0,0.0,0.0,0.0,zero,training_only
ieee14_eval_seed_14103_block_8x8,ieee14,2,5,-73.35564010240319,73.35564010240319,0.0015249900814127385,0.008012164064549864,candidate,training_only
ieee14_eval_seed_14103_block_8x8,ieee14,2,6,334.49829038973195,334.49829038973195,0.011634512632810106,0.03376208891369991,candidate,training_only
ieee14_eval_seed_14103_block_8x8,ieee14,2,7,-254.28131261145847,254.28131261145847,0.008533083621649154,0.04145400538445483,candidate,training_only
ieee14_eval_seed_14103_block_8x8,ieee14,3,0,-182.11670237370285,182.11670237370285,0.018416235563894195,0.07091921525819837,candidate,training_only
ieee14_eval_seed_14103_block_8x8,ieee14,3,1,0.0,0.0,0.0,0.0,zero,training_only
ieee14_eval_seed_14103_block_8x8,ieee14,3,2,-761.1746137000587,761.1746137000587,0.040335247977024834,0.23531281647624006,candidate,training_only
ieee14_eval_seed_14103_block_8x8,ieee14,3,3,1245.9758713461877,1245.9758713461877,0.047719357051390514,0.17519036870876883,candidate,training_only
ieee14_eval_seed_14103_block_8x8,ieee14,3,4,-56.21556821902438,56.21556821902438,0.0011307623282363194,0.005344627047755544,candidate,training_only
ieee14_eval_seed_14103_block_8x8,ieee14,3,5,-69.90586243729351,69.90586243729351,0.00127964807033484,0.007243365537580744,candidate,training_only
ieee14_eval_seed_14103_block_8x8,ieee14,3,6,-212.1092711357981,212.1092711357981,0.0064901416369372526,0.021291936487699233,candidate,training_only
ieee14_eval_seed_14103_block_8x8,ieee14,3,7,336.1207706925418,336.1207706925418,0.00972327342026171,0.05479308431787197,candidate,training_only
ieee14_eval_seed_14103_block_8x8,ieee14,4,0,137.45427258995437,137.45427258995437,0.014198316549123843,0.05039146607821745,candidate,training_only
ieee14_eval_seed_14103_block_8x8,ieee14,4,1,-0.0,0.0,0.0,0.0,zero,training_only
ieee14_eval_seed_14103_block_8x8,ieee14,4,2,-0.0,0.0,0.0,0.0,zero,training_only
ieee14_eval_seed_14103_block_8x8,ieee14,4,3,14.438613724716443,14.438613724716443,0.0008096027511247598,0.00415017998907579,candidate,training_only
ieee14_eval_seed_14103_block_8x8,ieee14,4,4,682.1515719867208,682.1515719867208,0.008907016697980047,0.028078800863315417,candidate,training_only
ieee14_eval_seed_14103_block_8x8,ieee14,4,5,-552.1893606479676,552.1893606479676,0.0126654063529279,0.040693070372462406,candidate,training_only
ieee14_eval_seed_14103_block_8x8,ieee14,4,6,0.0,0.0,0.0,0.0,zero,training_only
ieee14_eval_seed_14103_block_8x8,ieee14,4,7,-153.3824057733033,153.3824057733033,0.005248079435986883,0.021999574118313384,candidate,training_only
ieee14_eval_seed_14103_block_8x8,ieee14,5,0,-337.21512364395926,337.21512364395926,0.03175598410904805,0.10002835924782938,candidate,training_only
ieee14_eval_seed_14103_block_8x8,ieee14,5,1,16.233533124928744,16.233533124928744,0.0017788858799731866,0.008908533734927952,candidate,training_only
ieee14_eval_seed_14103_block_8x8,ieee14,5,2,42.04211679290734,42.04211679290734,0.003401586302307998,0.011695567290470572,candidate,training_only
ieee14_eval_seed_14103_block_8x8,ieee14,5,3,48.93587718168594,48.93587718168594,0.0034727475826625,0.011755997739086465,candidate,training_only
ieee14_eval_seed_14103_block_8x8,ieee14,5,4,-514.7170551231636,514.7170551231636,0.014852653036685518,0.047063982582483864,candidate,training_only
ieee14_eval_seed_14103_block_8x8,ieee14,5,5,1056.9274568801316,1056.9274568801316,0.037034889664340244,0.1355734638625979,candidate,training_only
ieee14_eval_seed_14103_block_8x8,ieee14,5,6,-182.69802713169705,182.69802713169705,0.010982110842108856,0.03181585133886391,candidate,training_only
ieee14_eval_seed_14103_block_8x8,ieee14,5,7,-184.06337555013144,184.06337555013144,0.01049913069739085,0.05205761582596934,candidate,training_only
ieee14_eval_seed_14103_block_8x8,ieee14,6,0,76.53310438298764,76.53310438298764,0.008193363562544584,0.02691727176715079,candidate,training_only
ieee14_eval_seed_14103_block_8x8,ieee14,6,1,60.56015918830942,60.56015918830942,0.008247121646859347,0.03974299111603673,candidate,training_only
ieee14_eval_seed_14103_block_8x8,ieee14,6,2,-383.3579616620645,383.3579616620645,0.018295639613082827,0.11529814143374201,candidate,training_only
ieee14_eval_seed_14103_block_8x8,ieee14,6,3,262.4504253851593,262.4504253851593,0.012972414442837464,0.07874436935129535,candidate,training_only
ieee14_eval_seed_14103_block_8x8,ieee14,6,4,-0.0,0.0,0.0,0.0,zero,training_only
ieee14_eval_seed_14103_block_8x8,ieee14,6,5,-166.97679367302234,166.97679367302234,0.000991772709814189,0.00459742133539364,candidate,training_only
ieee14_eval_seed_14103_block_8x8,ieee14,6,6,1297.832793965359,1297.832793965359,0.011201447493316124,0.02577876413170847,candidate,training_only
ieee14_eval_seed_14103_block_8x8,ieee14,6,7,-723.0459023626928,723.0459023626928,0.005492744871144963,0.023325273300679822,candidate,training_only
ieee14_eval_seed_14103_block_8x8,ieee14,7,0,72.93389655420489,72.93389655420489,0.010641469830493482,0.057142702951076874,candidate,training_only
ieee14_eval_seed_14103_block_8x8,ieee14,7,1,-0.0,0.0,0.0,0.0,zero,training_only
ieee14_eval_seed_14103_block_8x8,ieee14,7,2,215.45145165039526,215.45145165039526,0.013270950541102089,0.12120775007213852,candidate,training_only
ieee14_eval_seed_14103_block_8x8,ieee14,7,3,-332.5917565349825,332.5917565349825,0.022505218364555653,0.17405227125468503,candidate,training_only
ieee14_eval_seed_14103_block_8x8,ieee14,7,4,-138.97632555667965,138.97632555667965,0.00202138106052366,0.010096829197547225,candidate,training_only
ieee14_eval_seed_14103_block_8x8,ieee14,7,5,-174.55566951928617,174.55566951928617,0.0009970702767054995,0.005656285443652822,candidate,training_only
ieee14_eval_seed_14103_block_8x8,ieee14,7,6,-749.3669282905291,749.3669282905291,0.005004734594297597,0.020512538660910948,candidate,training_only
ieee14_eval_seed_14103_block_8x8,ieee14,7,7,1237.8202989939928,1237.8202989939928,0.008828248399761087,0.05229054914875476,candidate,training_only
ieee14_eval_seed_14104_block_8x8,ieee14,0,0,-576.4776587315185,576.4776587315185,0.03957706033663382,0.12494777517194541,candidate,training_only
ieee14_eval_seed_14104_block_8x8,ieee14,0,1,0.0,0.0,0.0,0.0,zero,training_only
ieee14_eval_seed_14104_block_8x8,ieee14,0,2,0.0,0.0,0.0,0.0,zero,training_only
ieee14_eval_seed_14104_block_8x8,ieee14,0,3,-155.99392053750148,155.99392053750148,0.016701044468081752,0.04135598862733807,candidate,training_only
ieee14_eval_seed_14104_block_8x8,ieee14,0,4,283.15142508524116,283.15142508524116,0.025390992532944093,0.05636024438621445,candidate,training_only
ieee14_eval_seed_14104_block_8x8,ieee14,0,5,-128.33066519088084,128.33066519088084,0.011858254433302079,0.029665796529027746,candidate,training_only
ieee14_eval_seed_14104_block_8x8,ieee14,0,6,0.0,0.0,0.0,0.0,zero,training_only
ieee14_eval_seed_14104_block_8x8,ieee14,0,7,-14.353361242134238,14.353361242134238,0.0016084587135722277,0.006558960225150197,candidate,training_only
ieee14_eval_seed_14104_block_8x8,ieee14,1,0,1090.6636686265058,1090.6636686265058,0.08625742575763158,0.26916645133361733,candidate,training_only
ieee14_eval_seed_14104_block_8x8,ieee14,1,1,-171.45000016424441,171.45000016424441,0.026695137271229446,0.11364955497848825,candidate,training_only
ieee14_eval_seed_14104_block_8x8,ieee14,1,2,-186.7282594442123,186.7282594442123,0.0318093065522755,0.09851729936170303,candidate,training_only
ieee14_eval_seed_14104_block_8x8,ieee14,1,3,-188.2329004199712,188.2329004199712,0.03498576538384522,0.09869108168633599,candidate,training_only
ieee14_eval_seed_14104_block_8x8,ieee14,1,4,-220.35397002692852,220.35397002692852,0.029521320774863954,0.08161021310432534,candidate,training_only
ieee14_eval_seed_14104_block_8x8,ieee14,1,5,338.0841808045579,338.0841808045579,0.04835936375787575,0.15938778613068946,candidate,training_only
ieee14_eval_seed_14104_block_8x8,ieee14,1,6,-40.33305568195312,40.33305568195312,0.007077353069784359,0.027827026260085968,candidate,training_only
ieee14_eval_seed_14104_block_8x8,ieee14,1,7,-49.05023199013871,49.05023199013871,0.008645446063106474,0.04031447225285195,candidate,training_only
ieee14_eval_seed_14104_block_8x8,ieee14,2,0,-174.52999604824132,174.52999604824132,0.020253745795201453,0.07321925761413667,candidate,training_only
ieee14_eval_seed_14104_block_8x8,ieee14,2,1,-174.5120053066129,174.5120053066129,0.025047712990346072,0.14541081712049053,candidate,training_only
ieee14_eval_seed_14104_block_8x8,ieee14,2,2,1326.8893587406335,1326.8893587406335,0.06441320099020563,0.24829876001525153,candidate,training_only
ieee14_eval_seed_14104_block_8x8,ieee14,2,3,-735.6164840481921,735.6164840481921,0.04824958178981805,0.2333011995667359,candidate,training_only
ieee14_eval_seed_14104_block_8x8,ieee14,2,4,0.0,0.0,0.0,0.0,zero,training_only
ieee14_eval_seed_14104_block_8x8,ieee14,2,5,-74.54413734084466,74.54413734084466,0.0021962548241788744,0.00933494288114541,candidate,training_only
ieee14_eval_seed_14104_block_8x8,ieee14,2,6,319.92959272675074,319.92959272675074,0.010617123510398657,0.03937067238258311,candidate,training_only
ieee14_eval_seed_14104_block_8x8,ieee14,2,7,-265.1180583420522,265.1180583420522,0.009008939551153432,0.03413804322350401,candidate,training_only
ieee14_eval_seed_14104_block_8x8,ieee14,3,0,-181.39772280948478,181.39772280948478,0.01718915421661713,0.07054990859305246,candidate,training_only
ieee14_eval_seed_14104_block_8x8,ieee14,3,1,0.0,0.0,0.0,0.0,zero,training_only
ieee14_eval_seed_14104_block_8x8,ieee14,3,2,-757.2598285569898,757.2598285569898,0.038387149824331585,0.1992857273067744,candidate,training_only
ieee14_eval_seed_14104_block_8x8,ieee14,3,3,1238.8157591534102,1238.8157591534102,0.046614845453243556,0.18584841359361512,candidate,training_only
ieee14_eval_seed_14104_block_8x8,ieee14,3,4,-55.25003177675295,55.25003177675295,0.0013545668058899697,0.004855502344395555,candidate,training_only
ieee14_eval_seed_14104_block_8x8,ieee14,3,5,-67.7903011012678,67.7903011012678,0.0017348446678208708,0.008723665080025821,candidate,training_only
ieee14_eval_seed_14104_block_8x8,ieee14,3,6,-199.0958260648188,199.0958260648188,0.005783987799363433,0.024251232902077837,candidate,training_only
ieee14_eval_seed_14104_block_8x8,ieee14,3,7,341.426864348351,341.426864348351,0.00997829307148262,0.04362754713620899,candidate,training_only
ieee14_eval_seed_14104_block_8x8,ieee14,4,0,134.3427789379168,134.3427789379168,0.01966262961243358,0.05435984105694204,candidate,training_only
ieee14_eval_seed_14104_block_8x8,ieee14,4,1,-0.0,0.0,0.0,0.0,zero,training_only
ieee14_eval_seed_14104_block_8x8,ieee14,4,2,-0.0,0.0,0.0,0.0,zero,training_only
ieee14_eval_seed_14104_block_8x8,ieee14,4,3,14.659668788378516,14.659668788378516,0.001129500379753777,0.004958271100064552,candidate,training_only
ieee14_eval_seed_14104_block_8x8,ieee14,4,4,675.7744330361189,675.7744330361189,0.009373398538347255,0.02261407087702164,candidate,training_only
ieee14_eval_seed_14104_block_8x8,ieee14,4,5,-550.6791060715314,550.6791060715314,0.016313545627072396,0.04453162374489158,candidate,training_only
ieee14_eval_seed_14104_block_8x8,ieee14,4,6,0.0,0.0,0.0,0.0,zero,training_only
ieee14_eval_seed_14104_block_8x8,ieee14,4,7,-152.73449389433293,152.73449389433293,0.005116528686772679,0.021144002056001247,candidate,training_only
ieee14_eval_seed_14104_block_8x8,ieee14,5,0,-341.6998815809735,341.6998815809735,0.04257863677721386,0.09878034577818437,candidate,training_only
ieee14_eval_seed_14104_block_8x8,ieee14,5,1,17.848074155964678,17.848074155964678,0.0027735783335984115,0.011745372118265004,candidate,training_only
ieee14_eval_seed_14104_block_8x8,ieee14,5,2,41.02390227105903,41.02390227105903,0.0035681024164300247,0.013021380286138355,candidate,training_only
ieee14_eval_seed_14104_block_8x8,ieee14,5,3,50.096987237927486,50.096987237927486,0.003976918848466153,0.012761097360223694,candidate,training_only
ieee14_eval_seed_14104_block_8x8,ieee14,5,4,-515.3084172940696,515.3084172940696,0.019782006266518565,0.049680517890193406,candidate,training_only
ieee14_eval_seed_14104_block_8x8,ieee14,5,5,1070.8338939174994,1070.8338939174994,0.054255268095215546,0.14928012890987638,candidate,training_only
ieee14_eval_seed_14104_block_8x8,ieee14,5,6,-183.58373700764926,183.58373700764926,0.010351882723517223,0.03683816379302648,candidate,training_only
ieee14_eval_seed_14104_block_8x8,ieee14,5,7,-184.29985399972787,184.29985399972787,0.010463521504500766,0.04714930619477054,candidate,training_only
ieee14_eval_seed_14104_block_8x8,ieee14,6,0,78.03642682754854,78.03642682754854,0.009270891811629245,0.03303288357225135,candidate,training_only
ieee14_eval_seed_14104_block_8x8,ieee14,6,1,62.95110880061684,62.95110880061684,0.009748610195118218,0.052238222691169206,candidate,training_only
ieee14_eval_seed_14104_block_8x8,ieee14,6,2,-399.67170135196574,399.67170135196574,0.02078528222324017,0.11395079625329542,candidate,training_only
ieee14_eval_seed_14104_block_8x8,ieee14,6,3,270.77580362873937,270.77580362873937,0.015200839135525755,0.07271531843282016,candidate,training_only
ieee14_eval_seed_14104_block_8x8,ieee14,6,4,-0.0,0.0,0.0,0.0,zero,training_only
ieee14_eval_seed_14104_block_8x8,ieee14,6,5,-166.71942225479117,166.71942225479117,0.0014052702067442822,0.00489755360977578,candidate,training_only
ieee14_eval_seed_14104_block_8x8,ieee14,6,6,1316.5396530058708,1316.5396530058708,0.011284342233332051,0.032692291224197985,candidate,training_only
ieee14_eval_seed_14104_block_8x8,ieee14,6,7,-720.2460903879837,720.2460903879837,0.005629888987639318,0.0211051617103494,candidate,training_only
ieee14_eval_seed_14104_block_8x8,ieee14,7,0,70.96618272364094,70.96618272364094,0.009622025295796355,0.044516771423483245,candidate,training_only
ieee14_eval_seed_14104_block_8x8,ieee14,7,1,-0.0,0.0,0.0,0.0,zero,training_only
ieee14_eval_seed_14104_block_8x8,ieee14,7,2,202.50604802832964,202.50604802832964,0.01181548644595159,0.07007480544115956,candidate,training_only
ieee14_eval_seed_14104_block_8x8,ieee14,7,3,-316.67007744479616,316.67007744479616,0.019836165494379516,0.10614476192755079,candidate,training_only
ieee14_eval_seed_14104_block_8x8,ieee14,7,4,-137.67633933971092,137.67633933971092,0.001986401448266663,0.007758637255093224,candidate,training_only
ieee14_eval_seed_14104_block_8x8,ieee14,7,5,-173.27980421642138,173.27980421642138,0.001256461800694476,0.004714443907520314,candidate,training_only
ieee14_eval_seed_14104_block_8x8,ieee14,7,6,-744.5074978262641,744.5074978262641,0.0047410548048922255,0.01819110133556653,candidate,training_only
ieee14_eval_seed_14104_block_8x8,ieee14,7,7,1206.53171602369,1206.53171602369,0.00875543170152741,0.046426597161880585,candidate,training_only
ieee14_eval_seed_14105_block_8x8,ieee14,0,0,-570.9177246324687,570.9177246324687,0.05267287498153223,0.21625498010601044,candidate,training_only
ieee14_eval_seed_14105_block_8x8,ieee14,0,1,0.0,0.0,0.0,0.0,zero,training_only
ieee14_eval_seed_14105_block_8x8,ieee14,0,2,0.0,0.0,0.0,0.0,zero,training_only
ieee14_eval_seed_14105_block_8x8,ieee14,0,3,-156.14621916426321,156.14621916426321,0.013652337652040923,0.038526153971763365,candidate,training_only
ieee14_eval_seed_14105_block_8x8,ieee14,0,4,289.9026000388914,289.9026000388914,0.01843892157004025,0.05480460134615713,candidate,training_only
ieee14_eval_seed_14105_block_8x8,ieee14,0,5,-124.80785319788325,124.80785319788325,0.00928874115886678,0.027389905140424248,candidate,training_only
ieee14_eval_seed_14105_block_8x8,ieee14,0,6,0.0,0.0,0.0,0.0,zero,training_only
ieee14_eval_seed_14105_block_8x8,ieee14,0,7,-11.868159734923934,11.868159734923934,0.0011863809139809993,0.0031099510994110615,candidate,training_only
ieee14_eval_seed_14105_block_8x8,ieee14,1,0,1077.7692193030168,1077.7692193030168,0.11326092100717312,0.3560577259026745,candidate,training_only
ieee14_eval_seed_14105_block_8x8,ieee14,1,1,-170.74099058036785,170.74099058036785,0.03289603310230838,0.11603434706284238,candidate,training_only
ieee14_eval_seed_14105_block_8x8,ieee14,1,2,-183.40011495879816,183.40011495879816,0.042065584775372054,0.09969510037972033,candidate,training_only
ieee14_eval_seed_14105_block_8x8,ieee14,1,3,-186.83769096488913,186.83769096488913,0.03371777222762114,0.09718256781099069,candidate,training_only
ieee14_eval_seed_14105_block_8x8,ieee14,1,4,-221.2493469207226,221.2493469207226,0.01998080340114528,0.07278666253641326,candidate,training_only
ieee14_eval_seed_14105_block_8x8,ieee14,1,5,327.66637880877215,327.66637880877215,0.038294699509202036,0.12897379777887524,candidate,training_only
ieee14_eval_seed_14105_block_8x8,ieee14,1,6,-42.255525490027615,42.255525490027615,0.006341307387284879,0.020746061675701408,candidate,training_only
ieee14_eval_seed_14105_block_8x8,ieee14,1,7,-46.72158414717871,46.72158414717871,0.007435968106586421,0.022482713722281868,candidate,training_only
ieee14_eval_seed_14105_block_8x8,ieee14,2,0,-172.8970368892901,172.8970368892901,0.026130546288541827,0.0749304676934788,candidate,training_only
ieee14_eval_seed_14105_block_8x8,ieee14,2,1,-175.56147148217372,175.56147148217372,0.02930177610942345,0.14569624120906088,candidate,training_only
ieee14_eval_seed_14105_block_8x8,ieee14,2,2,1324.5637369855565,1324.5637369855565,0.07018715423868514,0.22562626971229305,candidate,training_only
ieee14_eval_seed_14105_block_8x8,ieee14,2,3,-738.3911297257265,738.3911297257265,0.051034246159232674,0.2263513859597713,candidate,training_only
ieee14_eval_seed_14105_block_8x8,ieee14,2,4,0.0,0.0,0.0,0.0,zero,training_only
ieee14_eval_seed_14105_block_8x8,ieee14,2,5,-72.05011817484647,72.05011817484647,0.001677371448166975,0.00703711562432565,candidate,training_only
ieee14_eval_seed_14105_block_8x8,ieee14,2,6,338.69972507949285,338.69972507949285,0.009454511198618998,0.03146565025628879,candidate,training_only
ieee14_eval_seed_14105_block_8x8,ieee14,2,7,-247.4155819598785,247.4155819598785,0.00729605495381114,0.02060359349334081,candidate,training_only
ieee14_eval_seed_14105_block_8x8,ieee14,3,0,-178.87523359414993,178.87523359414993,0.020816158777543097,0.08612259278279832,candidate,training_only
ieee14_eval_seed_14105_block_8x8,ieee14,3,1,0.0,0.0,0.0,0.0,zero,training_only
ieee14_eval_seed_14105_block_8x8,ieee14,3,2,-749.1591790962156,749.1591790962156,0.043471691280996885,0.21325562556706096,candidate,training_only
ieee14_eval_seed_14105_block_8x8,ieee14,3,3,1227.0483246282256,1227.0483246282256,0.056977271646160337,0.19923751160729788,candidate,training_only
ieee14_eval_seed_14105_block_8x8,ieee14,3,4,-57.49237985989139,57.49237985989139,0.0012174954188648023,0.004379429360907243,candidate,training_only
ieee14_eval_seed_14105_block_8x8,ieee14,3,5,-69.53904259907793,69.53904259907793,0.0014022161516269948,0.006244534343206672,candidate,training_only
ieee14_eval_seed_14105_block_8x8,ieee14,3,6,-216.1403559036508,216.1403559036508,0.005343525174173258,0.01986353353234916,candidate,training_only
ieee14_eval_seed_14105_block_8x8,ieee14,3,7,320.67563230934155,320.67563230934155,0.008209337954340463,0.02625426302210016,candidate,training_only
ieee14_eval_seed_14105_block_8x8,ieee14,4,0,129.3064474333475,129.3064474333475,0.012548523785018834,0.0529643146122833,candidate,training_only
ieee14_eval_seed_14105_block_8x8,ieee14,4,1,-0.0,0.0,0.0,0.0,zero,training_only
ieee14_eval_seed_14105_block_8x8,ieee14,4,2,-0.0,0.0,0.0,0.0,zero,training_only
ieee14_eval_seed_14105_block_8x8,ieee14,4,3,12.125461359778772,12.125461359778772,0.0007068837383934421,0.0032625391542489084,candidate,training_only
ieee14_eval_seed_14105_block_8x8,ieee14,4,4,679.3579373291241,679.3579373291241,0.006633648036351799,0.021379982816234606,candidate,training_only
ieee14_eval_seed_14105_block_8x8,ieee14,4,5,-551.0553957545534,551.0553957545534,0.013250942664807083,0.03844021121721061,candidate,training_only
ieee14_eval_seed_14105_block_8x8,ieee14,4,6,0.0,0.0,0.0,0.0,zero,training_only
ieee14_eval_seed_14105_block_8x8,ieee14,4,7,-152.8328049597387,152.8328049597387,0.004526318001068602,0.012075112187999204,candidate,training_only
ieee14_eval_seed_14105_block_8x8,ieee14,5,0,-341.86114593740746,341.86114593740746,0.030019713385601048,0.11076113647704765,candidate,training_only
ieee14_eval_seed_14105_block_8x8,ieee14,5,1,17.846314009935195,17.846314009935195,0.0023744533265725384,0.014119844359266907,candidate,training_only
ieee14_eval_seed_14105_block_8x8,ieee14,5,2,42.77818788237827,42.77818788237827,0.003683396774739264,0.016672366124979476,candidate,training_only
ieee14_eval_seed_14105_block_8x8,ieee14,5,3,47.73450778364492,47.73450778364492,0.0038137989568568743,0.016022006695813728,candidate,training_only
ieee14_eval_seed_14105_block_8x8,ieee14,5,4,-508.62288619316877,508.62288619316877,0.014012603958494185,0.0530304887705769,candidate,training_only
ieee14_eval_seed_14105_block_8x8,ieee14,5,5,1050.6097876916076,1050.6097876916076,0.04367569667022583,0.13890512709523956,candidate,training_only
ieee14_eval_seed_14105_block_8x8,ieee14,5,6,-181.159338815935,181.159338815935,0.008779912891631804,0.02994520545083797,candidate,training_only
ieee14_eval_seed_14105_block_8x8,ieee14,5,7,-182.87300541248152,182.87300541248152,0.009411884051728051,0.027073147423520842,candidate,training_only
ieee14_eval_seed_14105_block_8x8,ieee14,6,0,74.6471041655596,74.6471041655596,0.00985303501364007,0.034140978336873636,candidate,training_only
ieee14_eval_seed_14105_block_8x8,ieee14,6,1,60.86583376549021,60.86583376549021,0.010191258062848959,0.05855178722348152,candidate,training_only
ieee14_eval_seed_14105_block_8x8,ieee14,6,2,-375.4222125699463,375.4222125699463,0.021135775384814853,0.12540361112144877,candidate,training_only
ieee14_eval_seed_14105_block_8x8,ieee14,6,3,252.77955014656806,252.77955014656806,0.01527653826022215,0.07958453534177544,candidate,training_only
ieee14_eval_seed_14105_block_8x8,ieee14,6,4,-0.0,0.0,0.0,0.0,zero,training_only
ieee14_eval_seed_14105_block_8x8,ieee14,6,5,-166.8819183169549,166.8819183169549,0.0012858272719365146,0.004175232238624131,candidate,training_only
ieee14_eval_seed_14105_block_8x8,ieee14,6,6,1300.4389444301723,1300.4389444301723,0.009641980042841052,0.030194507324193046,candidate,training_only
ieee14_eval_seed_14105_block_8x8,ieee14,6,7,-722.7225104608926,722.7225104608926,0.005064796969570525,0.012121018728009211,candidate,training_only
ieee14_eval_seed_14105_block_8x8,ieee14,7,0,72.04551897985445,72.04551897985445,0.00849201853645143,0.024476215109608665,candidate,training_only
ieee14_eval_seed_14105_block_8x8,ieee14,7,1,-0.0,0.0,0.0,0.0,zero,training_only
ieee14_eval_seed_14105_block_8x8,ieee14,7,2,218.813815390666,218.813815390666,0.010762527203959617,0.054402649193091256,candidate,training_only
ieee14_eval_seed_14105_block_8x8,ieee14,7,3,-338.1977279962989,338.1977279962989,0.01779880078278777,0.07913378920291715,candidate,training_only
ieee14_eval_seed_14105_block_8x8,ieee14,7,4,-136.80862789717432,136.80862789717432,0.0017676404708535124,0.005606292656748729,candidate,training_only
ieee14_eval_seed_14105_block_8x8,ieee14,7,5,-172.65213249836924,172.65213249836924,0.0011227866150022446,0.004012612736857022,candidate,training_only
ieee14_eval_seed_14105_block_8x8,ieee14,7,6,-740.0059786410093,740.0059786410093,0.004249395180853895,0.017989403340123406,candidate,training_only
ieee14_eval_seed_14105_block_8x8,ieee14,7,7,1219.2568085264115,1219.2568085264115,0.008168141369148976,0.02491378953651047,candidate,training_only
ieee30_eval_seed_30101_block_8x8,ieee30,0,0,1439.9791433849866,1439.9791433849866,0.0838283539818697,0.22060094744882935,candidate,training_only
ieee30_eval_seed_30101_block_8x8,ieee30,0,1,-362.45871176540624,362.45871176540624,0.043967883114840546,0.2087048410835492,candidate,training_only
ieee30_eval_seed_30101_block_8x8,ieee30,0,2,-403.37399983084487,403.37399983084487,0.061039539302345784,0.19954917618183277,candidate,training_only
ieee30_eval_seed_30101_block_8x8,ieee30,0,3,-181.2920998382214,181.2920998382214,0.032493109401236474,0.07720860919943487,candidate,training_only
ieee30_eval_seed_30101_block_8x8,ieee30,0,4,447.6614889682789,447.6614889682789,0.039002994337746705,0.14461796949671862,candidate,training_only
ieee30_eval_seed_30101_block_8x8,ieee30,0,5,-134.3370683786299,134.3370683786299,0.0028940691215805633,0.010900004900690404,candidate,training_only
ieee30_eval_seed_30101_block_8x8,ieee30,0,6,-170.52514645104642,170.52514645104642,0.015733528782993264,0.0547058463895008,candidate,training_only
ieee30_eval_seed_30101_block_8x8,ieee30,0,7,-84.35138119587883,84.35138119587883,0.006805881487877934,0.022806013564581937,candidate,training_only
ieee30_eval_seed_30101_block_8x8,ieee30,1,0,-402.7815330393581,402.7815330393581,0.017018086915016897,0.05830602637471428,candidate,training_only
ieee30_eval_seed_30101_block_8x8,ieee30,1,1,0.0,0.0,0.0,0.0,zero,training_only
ieee30_eval_seed_30101_block_8x8,ieee30,1,2,1747.6108795673083,1747.6108795673083,0.06172838030895636,0.15223233220372803,candidate,training_only
ieee30_eval_seed_30101_block_8x8,ieee30,1,3,-1344.82934652795,1344.82934652795,0.04296788015139532,0.12825833455859922,candidate,training_only
ieee30_eval_seed_30101_block_8x8,ieee30,1,4,-174.6578225560547,174.6578225560547,0.0024504163122347896,0.010045873709174894,candidate,training_only
ieee30_eval_seed_30101_block_8x8,ieee30,1,5,0.0,0.0,0.0,0.0,zero,training_only
ieee30_eval_seed_30101_block_8x8,ieee30,1,6,853.9998357690433,853.9998357690433,0.0127045411620372,0.04602118130656748,candidate,training_only
ieee30_eval_seed_30101_block_8x8,ieee30,1,7,-673.3833691798959,673.3833691798959,0.008507147974809314,0.030501782644416747,candidate,training_only
ieee30_eval_seed_30101_block_8x8,ieee30,2,0,-181.09391032076675,181.09391032076675,0.010544457303696957,0.043777623498469025,candidate,training_only
ieee30_eval_seed_30101_block_8x8,ieee30,2,1,0.0,0.0,0.0,0.0,zero,training_only
ieee30_eval_seed_30101_block_8x8,ieee30,2,2,-1345.5596529429877,1345.5596529429877,0.0401223739118928,0.16181845193240663,candidate,training_only
ieee30_eval_seed_30101_block_8x8,ieee30,2,3,1653.9610423263662,1653.9610423263662,0.06201682180903493,0.1712452283859469,candidate,training_only
ieee30_eval_seed_30101_block_8x8,ieee30,2,4,-85.36487246828635,85.36487246828635,0.0010475215306601107,0.0036503752271480226,candidate,training_only
ieee30_eval_seed_30101_block_8x8,ieee30,2,5,0.0,0.0,0.0,0.0,zero,training_only
ieee30_eval_seed_30101_block_8x8,ieee30,2,6,-665.8875053587805,665.8875053587805,0.008296913191149141,0.02645414176489441,candidate,training_only
ieee30_eval_seed_30101_block_8x8,ieee30,2,7,833.6725243765991,833.6725243765991,0.009638681581230595,0.028808779741118843,candidate,training_only
ieee30_eval_seed_30101_block_8x8,ieee30,3,0,-446.9464733263897,446.9464733263897,0.05057105770867306,0.16786708461108454,candidate,training_only
ieee30_eval_seed_30101_block_8x8,ieee30,3,1,133.997325307931,133.997325307931,0.016346758823944787,0.06994958001339582,candidate,training_only
ieee30_eval_seed_30101_block_8x8,ieee30,3,2,172.0564029297375,172.0564029297375,0.01468873501947052,0.07646303161984595,candidate,training_only
ieee30_eval_seed_30101_block_8x8,ieee30,3,3,84.34438979220536,84.34438979220536,0.007149853781174755,0.036492288974387756,candidate,training_only
ieee30_eval_seed_30101_block_8x8,ieee30,3,4,1423.1679108756107,1423.1679108756107,0.03756812202833283,0.15309037065846134,candidate,training_only
ieee30_eval_seed_30101_block_8x8,ieee30,3,5,-363.3777064949934,363.3777064949934,0.0020015914104483242,0.008198831206011038,candidate,training_only
ieee30_eval_seed_30101_block_8x8,ieee30,3,6,-399.78407792117474,399.78407792117474,0.010599451416148703,0.039964621790419014,candidate,training_only
ieee30_eval_seed_30101_block_8x8,ieee30,3,7,-181.30712734930898,181.30712734930898,0.00457704427137771,0.016494550250458498,candidate,training_only
ieee30_eval_seed_30101_block_8x8,ieee30,4,0,173.43882544320658,173.43882544320658,0.007783467381871401,0.02806224516389073,candidate,training_only
ieee30_eval_seed_30101_block_8x8,ieee30,4,1,-0.0,0.0,0.0,0.0,zero,training_only
ieee30_eval_seed_30101_block_8x8,ieee30,4,2,-846.7663817259787,846.7663817259787,0.023042993074664602,0.07504901522297386,candidate,training_only
ieee30_eval_seed_30101_block_8x8,ieee30,4,3,673.3275562827721,673.3275562827721,0.0155508595887766,0.06056499999611086,candidate,training_only
ieee30_eval_seed_30101_block_8x8,ieee30,4,4,-405.6124420046884,405.6124420046884,0.002664742253363927,0.010848370627560737,candidate,training_only
ieee30_eval_seed_30101_block_8x8,ieee30,4,5,0.0,0.0,0.0,0.0,zero,training_only
ieee30_eval_seed_30101_block_8x8,ieee30,4,6,1770.377509000916,1770.377509000916,0.01089605263633021,0.042991768833581544,candidate,training_only
ieee30_eval_seed_30101_block_8x8,ieee30,4,7,-1344.9408209823468,1344.9408209823468,0.007926573148984083,0.02950224436668158,candidate,training_only
ieee30_eval_seed_30101_block_8x8,ieee30,5,0,84.76908161532245,84.76908161532245,0.004147738379603233,0.011261338936362587,candidate,training_only
ieee30_eval_seed_30101_block_8x8,ieee30,5,1,-0.0,0.0,0.0,0.0,zero,training_only
ieee30_eval_seed_30101_block_8x8,ieee30,5,2,671.8669434526969,671.8669434526969,0.01544822740586805,0.07181959671539241,candidate,training_only
ieee30_eval_seed_30101_block_8x8,ieee30,5,3,-840.7087971051342,840.7087971051342,0.020473892416411434,0.07350739451158643,candidate,training_only
ieee30_eval_seed_30101_block_8x8,ieee30,5,4,-182.3667104176959,182.3667104176959,0.0010892144419056035,0.003717777698698298,candidate,training_only
ieee30_eval_seed_30101_block_8x8,ieee30,5,5,0.0,0.0,0.0,0.0,zero,training_only
ieee30_eval_seed_30101_block_8x8,ieee30,5,6,-1333.5845279203195,1333.5845279203195,0.008475158046490192,0.028131873333221938,candidate,training_only
ieee30_eval_seed_30101_block_8x8,ieee30,5,7,1633.6697587930266,1633.6697587930266,0.008309768080418303,0.0231442462314296,candidate,training_only
ieee30_eval_seed_30101_block_8x8,ieee30,6,0,0.0,0.0,0.0,0.0,zero,training_only
ieee30_eval_seed_30101_block_8x8,ieee30,6,1,0.0,0.0,0.0,0.0,zero,training_only
ieee30_eval_seed_30101_block_8x8,ieee30,6,2,2017.2440197919254,2017.2440197919254,0.042014050709638345,0.16435050053186825,candidate,training_only
ieee30_eval_seed_30101_block_8x8,ieee30,6,3,-2017.2440197919254,2017.2440197919254,0.06837551458400119,0.17994136262553243,candidate,training_only
ieee30_eval_seed_30101_block_8x8,ieee30,6,4,0.0,0.0,0.0,0.0,zero,training_only
ieee30_eval_seed_30101_block_8x8,ieee30,6,5,0.0,0.0,0.0,0.0,zero,training_only
ieee30_eval_seed_30101_block_8x8,ieee30,6,6,1016.9566253925451,1016.9566253925451,0.006101247876691606,0.01957341644295896,candidate,training_only
ieee30_eval_seed_30101_block_8x8,ieee30,6,7,-1010.075053769844,1010.075053769844,0.006004878747666184,0.01736962705850798,candidate,training_only
ieee30_eval_seed_30101_block_8x8,ieee30,7,0,0.0,0.0,0.0,0.0,zero,training_only
ieee30_eval_seed_30101_block_8x8,ieee30,7,1,0.0,0.0,0.0,0.0,zero,training_only
ieee30_eval_seed_30101_block_8x8,ieee30,7,2,-1009.9913344241584,1009.9913344241584,0.015338167644129154,0.0986072107999499,candidate,training_only
ieee30_eval_seed_30101_block_8x8,ieee30,7,3,1009.9913344241584,1009.9913344241584,0.018610523137971964,0.10315680700916306,candidate,training_only
ieee30_eval_seed_30101_block_8x8,ieee30,7,4,0.0,0.0,0.0,0.0,zero,training_only
ieee30_eval_seed_30101_block_8x8,ieee30,7,5,0.0,0.0,0.0,0.0,zero,training_only
ieee30_eval_seed_30101_block_8x8,ieee30,7,6,2036.6275265892277,2036.6275265892277,0.007024797680852804,0.022149714609489647,candidate,training_only
ieee30_eval_seed_30101_block_8x8,ieee30,7,7,-2017.41123147352,2017.41123147352,0.00441093662192904,0.013139910430249303,candidate,training_only
ieee30_eval_seed_30102_block_8x8,ieee30,0,0,1439.2924573589837,1439.2924573589837,0.06059725181217002,0.19844849676556875,candidate,training_only
ieee30_eval_seed_30102_block_8x8,ieee30,0,1,-365.30392876688904,365.30392876688904,0.02975015304308334,0.13145664831356182,candidate,training_only
ieee30_eval_seed_30102_block_8x8,ieee30,0,2,-398.7771550731473,398.7771550731473,0.05140323571999785,0.19281610417796152,candidate,training_only
ieee30_eval_seed_30102_block_8x8,ieee30,0,3,-182.4096267828834,182.4096267828834,0.02294377040805902,0.0808352292060798,candidate,training_only
ieee30_eval_seed_30102_block_8x8,ieee30,0,4,463.5728094805813,463.5728094805813,0.042231558690352805,0.16007144832625966,candidate,training_only
ieee30_eval_seed_30102_block_8x8,ieee30,0,5,-133.49171953270002,133.49171953270002,0.002771327535119494,0.010898477432512479,candidate,training_only
ieee30_eval_seed_30102_block_8x8,ieee30,0,6,-168.67920593707012,168.67920593707012,0.024325513607966472,0.06597823106534953,candidate,training_only
ieee30_eval_seed_30102_block_8x8,ieee30,0,7,-82.33033079859682,82.33033079859682,0.010965259609777825,0.030290706503302182,candidate,training_only
ieee30_eval_seed_30102_block_8x8,ieee30,1,0,-396.1688261998645,396.1688261998645,0.016091060066591476,0.0430833428690658,candidate,training_only
ieee30_eval_seed_30102_block_8x8,ieee30,1,1,0.0,0.0,0.0,0.0,zero,training_only
ieee30_eval_seed_30102_block_8x8,ieee30,1,2,1718.8435037373702,1718.8435037373702,0.05521369484494483,0.1531937821194488,candidate,training_only
ieee30_eval_seed_30102_block_8x8,ieee30,1,3,-1322.6746775375057,1322.6746775375057,0.03454799501240569,0.11861419860906118,candidate,training_only
ieee30_eval_seed_30102_block_8x8,ieee30,1,4,-174.0563825393591,174.0563825393591,0.0024715073760218625,0.010500930792565739,candidate,training_only
ieee30_eval_seed_30102_block_8x8,ieee30,1,5,0.0,0.0,0.0,0.0,zero,training_only
ieee30_eval_seed_30102_block_8x8,ieee30,1,6,832.9403837417472,832.9403837417472,0.01886059631035864,0.05327219751730504,candidate,training_only
ieee30_eval_seed_30102_block_8x8,ieee30,1,7,-653.2000312116186,653.2000312116186,0.013449450119291474,0.03876347940713852,candidate,training_only
ieee30_eval_seed_30102_block_8x8,ieee30,2,0,-180.0892967148614,180.0892967148614,0.008364466294999925,0.024878590776478023,candidate,training_only
ieee30_eval_seed_30102_block_8x8,ieee30,2,1,-0.0,0.0,0.0,0.0,zero,training_only
ieee30_eval_seed_30102_block_8x8,ieee30,2,2,-1314.683944481605,1314.683944481605,0.03458818569965993,0.14807415928000645,candidate,training_only
ieee30_eval_seed_30102_block_8x8,ieee30,2,3,1622.4061931754748,1622.4061931754748,0.047231157625244734,0.12171613334242536,candidate,training_only
ieee30_eval_seed_30102_block_8x8,ieee30,2,4,-87.40447607644246,87.40447607644246,0.0010855356821179558,0.003960715334522861,candidate,training_only
ieee30_eval_seed_30102_block_8x8,ieee30,2,5,0.0,0.0,0.0,0.0,zero,training_only
ieee30_eval_seed_30102_block_8x8,ieee30,2,6,-672.8216766600085,672.8216766600085,0.013146390940772319,0.03112803680087555,candidate,training_only
ieee30_eval_seed_30102_block_8x8,ieee30,2,7,826.9884783273925,826.9884783273925,0.01497530112722924,0.03757379785990069,candidate,training_only
ieee30_eval_seed_30102_block_8x8,ieee30,3,0,-435.34118825546614,435.34118825546614,0.045623279946279724,0.15192669112279253,candidate,training_only
ieee30_eval_seed_30102_block_8x8,ieee30,3,1,133.6047195107326,133.6047195107326,0.01497185996952113,0.06475825367724573,candidate,training_only
ieee30_eval_seed_30102_block_8x8,ieee30,3,2,167.30251706348207,167.30251706348207,0.01292475677458177,0.04932252345917149,candidate,training_only
ieee30_eval_seed_30102_block_8x8,ieee30,3,3,82.09701421945029,82.09701421945029,0.005619441636088526,0.02352519191529338,candidate,training_only
ieee30_eval_seed_30102_block_8x8,ieee30,3,4,1437.5259972991528,1437.5259972991528,0.038734817336861675,0.1613112840560538,candidate,training_only
ieee30_eval_seed_30102_block_8x8,ieee30,3,5,-364.9949626160148,364.9949626160148,0.0019448023614518052,0.008393501721432396,candidate,training_only
ieee30_eval_seed_30102_block_8x8,ieee30,3,6,-402.05858850323716,402.05858850323716,0.017278683400177634,0.05018177534266409,candidate,training_only
ieee30_eval_seed_30102_block_8x8,ieee30,3,7,-182.9280279760208,182.9280279760208,0.0074094033134178726,0.022127708391505206,candidate,training_only
ieee30_eval_seed_30102_block_8x8,ieee30,4,0,173.38861776780863,173.38861776780863,0.010793804960615206,0.030990569501932057,candidate,training_only
ieee30_eval_seed_30102_block_8x8,ieee30,4,1,-0.0,0.0,0.0,0.0,zero,training_only
ieee30_eval_seed_30102_block_8x8,ieee30,4,2,-824.7375402166855,824.7375402166855,0.028809028357898354,0.13789751037632667,candidate,training_only
ieee30_eval_seed_30102_block_8x8,ieee30,4,3,651.3489224488769,651.3489224488769,0.01976653672163891,0.11164988279447985,candidate,training_only
ieee30_eval_seed_30102_block_8x8,ieee30,4,4,-397.6945756356033,397.6945756356033,0.002765425183717478,0.011298244070528866,candidate,training_only
ieee30_eval_seed_30102_block_8x8,ieee30,4,5,0.0,0.0,0.0,0.0,zero,training_only
ieee30_eval_seed_30102_block_8x8,ieee30,4,6,1709.9459455414817,1709.9459455414817,0.016457358556443712,0.05079021709296042,candidate,training_only
ieee30_eval_seed_30102_block_8x8,ieee30,4,7,-1326.4336684584407,1326.4336684584407,0.013311101118848272,0.040463854518875395,candidate,training_only
ieee30_eval_seed_30102_block_8x8,ieee30,5,0,87.06915007949732,87.06915007949732,0.004789534190493857,0.016638013262449892,candidate,training_only
ieee30_eval_seed_30102_block_8x8,ieee30,5,1,-0.0,0.0,0.0,0.0,zero,training_only
ieee30_eval_seed_30102_block_8x8,ieee30,5,2,667.3303885606784,667.3303885606784,0.01896940057236963,0.10090344279034688,candidate,training_only
ieee30_eval_seed_30102_block_8x8,ieee30,5,3,-840.4671188271951,840.4671188271951,0.023543505418745926,0.11538147251002627,candidate,training_only
ieee30_eval_seed_30102_block_8x8,ieee30,5,4,-180.7828675479857,180.7828675479857,0.0011461125287887963,0.003918159742121683,candidate,training_only
ieee30_eval_seed_30102_block_8x8,ieee30,5,5,-0.0,0.0,0.0,0.0,zero,training_only
ieee30_eval_seed_30102_block_8x8,ieee30,5,6,-1325.5021365233058,1325.5021365233058,0.013562452151118133,0.033978551337697796,candidate,training_only
ieee30_eval_seed_30102_block_8x8,ieee30,5,7,1651.705413197357,1651.705413197357,0.01420783236607243,0.03437577729376661,candidate,training_only
ieee30_eval_seed_30102_block_8x8,ieee30,6,0,0.0,0.0,0.0,0.0,zero,training_only
ieee30_eval_seed_30102_block_8x8,ieee30,6,1,0.0,0.0,0.0,0.0,zero,training_only
ieee30_eval_seed_30102_block_8x8,ieee30,6,2,1984.0120163062581,1984.0120163062581,0.03709202745085807,0.16587498549034216,candidate,training_only
ieee30_eval_seed_30102_block_8x8,ieee30,6,3,-1984.0120163062581,1984.0120163062581,0.05339833157463271,0.18639460511114914,candidate,training_only
ieee30_eval_seed_30102_block_8x8,ieee30,6,4,0.0,0.0,0.0,0.0,zero,training_only
ieee30_eval_seed_30102_block_8x8,ieee30,6,5,0.0,0.0,0.0,0.0,zero,training_only
ieee30_eval_seed_30102_block_8x8,ieee30,6,6,998.6137846918135,998.6137846918135,0.009308143080004197,0.022487000243432118,candidate,training_only
ieee30_eval_seed_30102_block_8x8,ieee30,6,7,-979.8000468174278,979.8000468174278,0.008752461890255244,0.02334084973167245,candidate,training_only
ieee30_eval_seed_30102_block_8x8,ieee30,7,0,0.0,0.0,0.0,0.0,zero,training_only
ieee30_eval_seed_30102_block_8x8,ieee30,7,1,0.0,0.0,0.0,0.0,zero,training_only
ieee30_eval_seed_30102_block_8x8,ieee30,7,2,-977.0233836733152,977.0233836733152,0.027529550114067665,0.13531074956756442,candidate,training_only
ieee30_eval_seed_30102_block_8x8,ieee30,7,3,977.0233836733152,977.0233836733152,0.028696725116056754,0.13666326487412034,candidate,training_only
ieee30_eval_seed_30102_block_8x8,ieee30,7,4,0.0,0.0,0.0,0.0,zero,training_only
ieee30_eval_seed_30102_block_8x8,ieee30,7,5,0.0,0.0,0.0,0.0,zero,training_only
ieee30_eval_seed_30102_block_8x8,ieee30,7,6,1967.0157441885597,1967.0157441885597,0.010953851926798418,0.02441425494267562,candidate,training_only
ieee30_eval_seed_30102_block_8x8,ieee30,7,7,-1989.650502687661,1989.650502687661,0.006626360455819135,0.016842352463858387,candidate,training_only
ieee30_eval_seed_30103_block_8x8,ieee30,0,0,1453.1838252211437,1453.1838252211437,0.07152514418394344,0.239295713081059,candidate,training_only
ieee30_eval_seed_30103_block_8x8,ieee30,0,1,-367.29309909527,367.29309909527,0.0387318759736648,0.193947046308238,candidate,training_only
ieee30_eval_seed_30103_block_8x8,ieee30,0,2,-405.0584656061233,405.0584656061233,0.05118507023646742,0.17213654368600853,candidate,training_only
ieee30_eval_seed_30103_block_8x8,ieee30,0,3,-183.49630151740888,183.49630151740888,0.0286988477540659,0.08482088604323258,candidate,training_only
ieee30_eval_seed_30103_block_8x8,ieee30,0,4,465.717378175812,465.717378175812,0.03516376159108314,0.12286444039533503,candidate,training_only
ieee30_eval_seed_30103_block_8x8,ieee30,0,5,-135.17749773411907,135.17749773411907,0.002352793502967558,0.007693770649545054,candidate,training_only
ieee30_eval_seed_30103_block_8x8,ieee30,0,6,-171.14609312819067,171.14609312819067,0.022208710266633392,0.06951975485031281,candidate,training_only
ieee30_eval_seed_30103_block_8x8,ieee30,0,7,-85.05563645997951,85.05563645997951,0.011960258161520633,0.03597012589842979,candidate,training_only
ieee30_eval_seed_30103_block_8x8,ieee30,1,0,-403.24619771566,403.24619771566,0.013154858530752971,0.0456004199573856,candidate,training_only
ieee30_eval_seed_30103_block_8x8,ieee30,1,1,0.0,0.0,0.0,0.0,zero,training_only
ieee30_eval_seed_30103_block_8x8,ieee30,1,2,1733.6543024067087,1733.6543024067087,0.046428833430383995,0.14649038013628438,candidate,training_only
ieee30_eval_seed_30103_block_8x8,ieee30,1,3,-1330.4081046910485,1330.4081046910485,0.03436831851062318,0.10309330265870605,candidate,training_only
ieee30_eval_seed_30103_block_8x8,ieee30,1,4,-174.46272850025187,174.46272850025187,0.002061079243617802,0.008558656439003567,candidate,training_only
ieee30_eval_seed_30103_block_8x8,ieee30,1,5,0.0,0.0,0.0,0.0,zero,training_only
ieee30_eval_seed_30103_block_8x8,ieee30,1,6,832.8914548155052,832.8914548155052,0.01697959664723063,0.05056085275195084,candidate,training_only
ieee30_eval_seed_30103_block_8x8,ieee30,1,7,-669.6414146189726,669.6414146189726,0.014568253734656625,0.04155206172105122,candidate,training_only
ieee30_eval_seed_30103_block_8x8,ieee30,2,0,-183.00961269291767,183.00961269291767,0.009587327249021982,0.03071158765139953,candidate,training_only
ieee30_eval_seed_30103_block_8x8,ieee30,2,1,0.0,0.0,0.0,0.0,zero,training_only
ieee30_eval_seed_30103_block_8x8,ieee30,2,2,-1333.5861244979574,1333.5861244979574,0.03747270634965419,0.1684955264585158,candidate,training_only
ieee30_eval_seed_30103_block_8x8,ieee30,2,3,1644.8372880941256,1644.8372880941256,0.05643723967761284,0.15982883587218397,candidate,training_only
ieee30_eval_seed_30103_block_8x8,ieee30,2,4,-85.61758831746565,85.61758831746565,0.0008869128752456648,0.003122588841852788,candidate,training_only
ieee30_eval_seed_30103_block_8x8,ieee30,2,5,0.0,0.0,0.0,0.0,zero,training_only
ieee30_eval_seed_30103_block_8x8,ieee30,2,6,-663.0230073218233,663.0230073218233,0.011441306077136578,0.02942714653981158,candidate,training_only
ieee30_eval_seed_30103_block_8x8,ieee30,2,7,839.0276559973327,839.0276559973327,0.016290989067092924,0.0395470336579091,candidate,training_only
ieee30_eval_seed_30103_block_8x8,ieee30,3,0,-444.97874438123335,444.97874438123335,0.03767994608930976,0.13142217319405491,candidate,training_only
ieee30_eval_seed_30103_block_8x8,ieee30,3,1,134.9109339418304,134.9109339418304,0.012768906488684367,0.060913054243963316,candidate,training_only
ieee30_eval_seed_30103_block_8x8,ieee30,3,2,171.09382960150828,171.09382960150828,0.010217963154365201,0.04656368736441628,candidate,training_only
ieee30_eval_seed_30103_block_8x8,ieee30,3,3,84.99659433712135,84.99659433712135,0.006314215256038141,0.023010081075999902,candidate,training_only
ieee30_eval_seed_30103_block_8x8,ieee30,3,4,1461.662950585234,1461.662950585234,0.032950825366148837,0.12662502246079513,candidate,training_only
ieee30_eval_seed_30103_block_8x8,ieee30,3,5,-368.01881522898606,368.01881522898606,0.0016508894002852906,0.00580548132453842,candidate,training_only
ieee30_eval_seed_30103_block_8x8,ieee30,3,6,-405.18219761898695,405.18219761898695,0.01629440733146111,0.05424280547772785,candidate,training_only
ieee30_eval_seed_30103_block_8x8,ieee30,3,7,-183.62376557950103,183.62376557950103,0.0077994366988826756,0.02465900497843368,candidate,training_only
ieee30_eval_seed_30103_block_8x8,ieee30,4,0,175.32245467925594,175.32245467925594,0.009854240316208003,0.0324444640050039,candidate,training_only
ieee30_eval_seed_30103_block_8x8,ieee30,4,1,-0.0,0.0,0.0,0.0,zero,training_only
ieee30_eval_seed_30103_block_8x8,ieee30,4,2,-844.4990317834161,844.4990317834161,0.02672726979331501,0.1327399477201479,candidate,training_only
ieee30_eval_seed_30103_block_8x8,ieee30,4,3,669.1765771041602,669.1765771041602,0.02015905214262069,0.10759817241876553,candidate,training_only
ieee30_eval_seed_30103_block_8x8,ieee30,4,4,-401.26880518260293,401.26880518260293,0.002300738531002719,0.009232448048546301,candidate,training_only
ieee30_eval_seed_30103_block_8x8,ieee30,4,5,0.0,0.0,0.0,0.0,zero,training_only
ieee30_eval_seed_30103_block_8x8,ieee30,4,6,1736.020458084748,1736.020458084748,0.01511828996044341,0.044615518829740373,candidate,training_only
ieee30_eval_seed_30103_block_8x8,ieee30,4,7,-1331.3322607631978,1331.3322607631978,0.013903583558543662,0.04326344805610645,candidate,training_only
ieee30_eval_seed_30103_block_8x8,ieee30,5,0,86.03949896103107,86.03949896103107,0.00462662157730614,0.01802752546778517,candidate,training_only
ieee30_eval_seed_30103_block_8x8,ieee30,5,1,-0.0,0.0,0.0,0.0,zero,training_only
ieee30_eval_seed_30103_block_8x8,ieee30,5,2,662.8205374903429,662.8205374903429,0.01811513096032402,0.11357500271004521,candidate,training_only
ieee30_eval_seed_30103_block_8x8,ieee30,5,3,-833.8205126942829,833.8205126942829,0.023789459617838342,0.13090717035752825,candidate,training_only
ieee30_eval_seed_30103_block_8x8,ieee30,5,4,-182.1121911086184,182.1121911086184,0.0009898103273482675,0.003081488458796916,candidate,training_only
ieee30_eval_seed_30103_block_8x8,ieee30,5,5,0.0,0.0,0.0,0.0,zero,training_only
ieee30_eval_seed_30103_block_8x8,ieee30,5,6,-1333.9934911117234,1333.9934911117234,0.01231824934189522,0.030201716115696386,candidate,training_only
ieee30_eval_seed_30103_block_8x8,ieee30,5,7,1639.7781447807206,1639.7781447807206,0.014534619350496235,0.03539066974132064,candidate,training_only
ieee30_eval_seed_30103_block_8x8,ieee30,6,0,0.0,0.0,0.0,0.0,zero,training_only
ieee30_eval_seed_30103_block_8x8,ieee30,6,1,0.0,0.0,0.0,0.0,zero,training_only
ieee30_eval_seed_30103_block_8x8,ieee30,6,2,1995.6121570365726,1995.6121570365726,0.037651052364915304,0.17075032114387573,candidate,training_only
ieee30_eval_seed_30103_block_8x8,ieee30,6,3,-1995.6121570365726,1995.6121570365726,0.057923851285436756,0.19155551419444125,candidate,training_only
ieee30_eval_seed_30103_block_8x8,ieee30,6,4,0.0,0.0,0.0,0.0,zero,training_only
ieee30_eval_seed_30103_block_8x8,ieee30,6,5,0.0,0.0,0.0,0.0,zero,training_only
ieee30_eval_seed_30103_block_8x8,ieee30,6,6,995.3177697272233,995.3177697272233,0.008302956205676762,0.021629488575242564,candidate,training_only
ieee30_eval_seed_30103_block_8x8,ieee30,6,7,-1004.4621219284589,1004.4621219284589,0.00973656401734249,0.023765751294416788,candidate,training_only
ieee30_eval_seed_30103_block_8x8,ieee30,7,0,0.0,0.0,0.0,0.0,zero,training_only
ieee30_eval_seed_30103_block_8x8,ieee30,7,1,0.0,0.0,0.0,0.0,zero,training_only
ieee30_eval_seed_30103_block_8x8,ieee30,7,2,-1003.7648656562403,1003.7648656562403,0.029187016238339056,0.11633778966961675,candidate,training_only
ieee30_eval_seed_30103_block_8x8,ieee30,7,3,1003.7648656562403,1003.7648656562403,0.02980364760668759,0.12050829949904487,candidate,training_only
ieee30_eval_seed_30103_block_8x8,ieee30,7,4,0.0,0.0,0.0,0.0,zero,training_only
ieee30_eval_seed_30103_block_8x8,ieee30,7,5,0.0,0.0,0.0,0.0,zero,training_only
ieee30_eval_seed_30103_block_8x8,ieee30,7,6,2002.5567541565613,2002.5567541565613,0.01068939357107274,0.025131899262994657,candidate,training_only
ieee30_eval_seed_30103_block_8x8,ieee30,7,7,-1996.9983911447969,1996.9983911447969,0.00708798038439638,0.016897379373141626,candidate,training_only
ieee30_eval_seed_30104_block_8x8,ieee30,0,0,1444.5974959010778,1444.5974959010778,0.08511141663034055,0.1988887237827292,candidate,training_only
ieee30_eval_seed_30104_block_8x8,ieee30,0,1,-362.72619699222884,362.72619699222884,0.04493704482532848,0.18344555859441408,candidate,training_only
ieee30_eval_seed_30104_block_8x8,ieee30,0,2,-401.1516814977953,401.1516814977953,0.05536607155254413,0.13118713127481216,candidate,training_only
ieee30_eval_seed_30104_block_8x8,ieee30,0,3,-185.04662804121568,185.04662804121568,0.027128097105964637,0.07240231749592481,candidate,training_only
ieee30_eval_seed_30104_block_8x8,ieee30,0,4,448.8700623994723,448.8700623994723,0.04467458975214506,0.1417868988426323,candidate,training_only
ieee30_eval_seed_30104_block_8x8,ieee30,0,5,-137.15484121865876,137.15484121865876,0.003228218553784365,0.010221902875340555,candidate,training_only
ieee30_eval_seed_30104_block_8x8,ieee30,0,6,-171.88391504074426,171.88391504074426,0.018095096734712084,0.06168877684278181,candidate,training_only
ieee30_eval_seed_30104_block_8x8,ieee30,0,7,-82.7681940048534,82.7681940048534,0.008510442194991691,0.027218659084787246,candidate,training_only
ieee30_eval_seed_30104_block_8x8,ieee30,1,0,-401.4149915683169,401.4149915683169,0.015918201605937026,0.05587296849330118,candidate,training_only
ieee30_eval_seed_30104_block_8x8,ieee30,1,1,-0.0,0.0,0.0,0.0,zero,training_only
ieee30_eval_seed_30104_block_8x8,ieee30,1,2,1764.2532335663836,1764.2532335663836,0.051043560880229856,0.17397377856729174,candidate,training_only
ieee30_eval_seed_30104_block_8x8,ieee30,1,3,-1362.8382419980665,1362.8382419980665,0.037844695978470504,0.1483234097487212,candidate,training_only
ieee30_eval_seed_30104_block_8x8,ieee30,1,4,-172.50814170632017,172.50814170632017,0.002728159630537806,0.009495358216137725,candidate,training_only
ieee30_eval_seed_30104_block_8x8,ieee30,1,5,0.0,0.0,0.0,0.0,zero,training_only
ieee30_eval_seed_30104_block_8x8,ieee30,1,6,850.6269021927938,850.6269021927938,0.014339225127264415,0.04667605170201248,candidate,training_only
ieee30_eval_seed_30104_block_8x8,ieee30,1,7,-652.6450587679644,652.6450587679644,0.010623596224069656,0.03459801701874413,candidate,training_only
ieee30_eval_seed_30104_block_8x8,ieee30,2,0,-183.18057420682035,183.18057420682035,0.010370251946443998,0.03387707360465658,candidate,training_only
ieee30_eval_seed_30104_block_8x8,ieee30,2,1,-0.0,0.0,0.0,0.0,zero,training_only
ieee30_eval_seed_30104_block_8x8,ieee30,2,2,-1347.086909818693,1347.086909818693,0.03597103095835672,0.1662394204504121,candidate,training_only
ieee30_eval_seed_30104_block_8x8,ieee30,2,3,1660.4132007320793,1660.4132007320793,0.05589857986095541,0.16765922755113538,candidate,training_only
ieee30_eval_seed_30104_block_8x8,ieee30,2,4,-88.34756054541089,88.34756054541089,0.001215079361883503,0.003609191799279816,candidate,training_only
ieee30_eval_seed_30104_block_8x8,ieee30,2,5,0.0,0.0,0.0,0.0,zero,training_only
ieee30_eval_seed_30104_block_8x8,ieee30,2,6,-691.6156699839097,691.6156699839097,0.009943667986771288,0.027148388906307712,candidate,training_only
ieee30_eval_seed_30104_block_8x8,ieee30,2,7,841.1445075982834,841.1445075982834,0.012134277629256986,0.03484234494875905,candidate,training_only
ieee30_eval_seed_30104_block_8x8,ieee30,3,0,-448.6170910829149,448.6170910829149,0.05549584214282299,0.14090670238603345,candidate,training_only
ieee30_eval_seed_30104_block_8x8,ieee30,3,1,136.97160592779034,136.97160592779034,0.018054243950031714,0.05877540780991909,candidate,training_only
ieee30_eval_seed_30104_block_8x8,ieee30,3,2,172.2857678821563,172.2857678821563,0.012641467219676853,0.038135764245535095,candidate,training_only
ieee30_eval_seed_30104_block_8x8,ieee30,3,3,83.92033713054674,83.92033713054674,0.006815693273342494,0.018414643075426184,candidate,training_only
ieee30_eval_seed_30104_block_8x8,ieee30,3,4,1427.7885287027668,1427.7885287027668,0.0433863590944581,0.15112633287072952,candidate,training_only
ieee30_eval_seed_30104_block_8x8,ieee30,3,5,-363.21143800083985,363.21143800083985,0.0021471931323366862,0.007441324380383802,candidate,training_only
ieee30_eval_seed_30104_block_8x8,ieee30,3,6,-400.2160038441578,400.2160038441578,0.012637041864837285,0.045618034881635315,candidate,training_only
ieee30_eval_seed_30104_block_8x8,ieee30,3,7,-182.50612108282772,182.50612108282772,0.005664406617042884,0.01941219302540531,candidate,training_only
ieee30_eval_seed_30104_block_8x8,ieee30,4,0,171.671377717606,171.671377717606,0.00790830993792154,0.023946049997976178,candidate,training_only
ieee30_eval_seed_30104_block_8x8,ieee30,4,1,-0.0,0.0,0.0,0.0,zero,training_only
ieee30_eval_seed_30104_block_8x8,ieee30,4,2,-833.4013334924225,833.4013334924225,0.020342054496482524,0.07485727130034878,candidate,training_only
ieee30_eval_seed_30104_block_8x8,ieee30,4,3,661.7299557748165,661.7299557748165,0.014972183750001462,0.06003683882441447,candidate,training_only
ieee30_eval_seed_30104_block_8x8,ieee30,4,4,-403.3715763755229,403.3715763755229,0.003017911741680268,0.010279317924464165,candidate,training_only
ieee30_eval_seed_30104_block_8x8,ieee30,4,5,-0.0,0.0,0.0,0.0,zero,training_only
ieee30_eval_seed_30104_block_8x8,ieee30,4,6,1719.241795659901,1719.241795659901,0.01184310388708978,0.04122759895442322,candidate,training_only
ieee30_eval_seed_30104_block_8x8,ieee30,4,7,-1344.1278225021642,1344.1278225021642,0.010133996663322523,0.03482944958024244,candidate,training_only
ieee30_eval_seed_30104_block_8x8,ieee30,5,0,87.91902391853678,87.91902391853678,0.004576668972324837,0.01378443976320303,candidate,training_only
ieee30_eval_seed_30104_block_8x8,ieee30,5,1,-0.0,0.0,0.0,0.0,zero,training_only
ieee30_eval_seed_30104_block_8x8,ieee30,5,2,693.2326201335632,693.2326201335632,0.018727770612815876,0.06732393379931319,candidate,training_only
ieee30_eval_seed_30104_block_8x8,ieee30,5,3,-868.6819307587682,868.6819307587682,0.022138115087939524,0.07630175086081106,candidate,training_only
ieee30_eval_seed_30104_block_8x8,ieee30,5,4,-184.07343654628616,184.07343654628616,0.0012868106149792535,0.0036021545009610498,candidate,training_only
ieee30_eval_seed_30104_block_8x8,ieee30,5,5,-0.0,0.0,0.0,0.0,zero,training_only
ieee30_eval_seed_30104_block_8x8,ieee30,5,6,-1343.9448586266876,1343.9448586266876,0.009885739502170886,0.027520576025112646,candidate,training_only
ieee30_eval_seed_30104_block_8x8,ieee30,5,7,1696.1929696384277,1696.1929696384277,0.010872576104091194,0.03083842792301758,candidate,training_only
ieee30_eval_seed_30104_block_8x8,ieee30,6,0,0.0,0.0,0.0,0.0,zero,training_only
ieee30_eval_seed_30104_block_8x8,ieee30,6,1,0.0,0.0,0.0,0.0,zero,training_only
ieee30_eval_seed_30104_block_8x8,ieee30,6,2,2044.2573629970998,2044.2573629970998,0.03409650135209176,0.1364197586158252,candidate,training_only
ieee30_eval_seed_30104_block_8x8,ieee30,6,3,-2044.2573629970998,2044.2573629970998,0.05527949713758236,0.1492514547014033,candidate,training_only
ieee30_eval_seed_30104_block_8x8,ieee30,6,4,0.0,0.0,0.0,0.0,zero,training_only
ieee30_eval_seed_30104_block_8x8,ieee30,6,5,0.0,0.0,0.0,0.0,zero,training_only
ieee30_eval_seed_30104_block_8x8,ieee30,6,6,1014.3961358905855,1014.3961358905855,0.006948846975939054,0.019504313469607022,candidate,training_only
ieee30_eval_seed_30104_block_8x8,ieee30,6,7,-978.9675881519466,978.9675881519466,0.007105130209410725,0.020889622598934537,candidate,training_only
ieee30_eval_seed_30104_block_8x8,ieee30,7,0,0.0,0.0,0.0,0.0,zero,training_only
ieee30_eval_seed_30104_block_8x8,ieee30,7,1,0.0,0.0,0.0,0.0,zero,training_only
ieee30_eval_seed_30104_block_8x8,ieee30,7,2,-992.5949336622248,992.5949336622248,0.022245835867157556,0.0872633590520245,candidate,training_only
ieee30_eval_seed_30104_block_8x8,ieee30,7,3,992.5949336622248,992.5949336622248,0.023559075368905977,0.09107083388961701,candidate,training_only
ieee30_eval_seed_30104_block_8x8,ieee30,7,4,0.0,0.0,0.0,0.0,zero,training_only
ieee30_eval_seed_30104_block_8x8,ieee30,7,5,0.0,0.0,0.0,0.0,zero,training_only
ieee30_eval_seed_30104_block_8x8,ieee30,7,6,1969.8625497694732,1969.8625497694732,0.00785670629107871,0.02030494591432278,candidate,training_only
ieee30_eval_seed_30104_block_8x8,ieee30,7,7,-2016.1917337532461,2016.1917337532461,0.005279613592261723,0.014213198154321585,candidate,training_only
ieee30_eval_seed_30105_block_8x8,ieee30,0,0,1449.9539540479313,1449.9539540479313,0.08692164664904105,0.2127962080785928,candidate,training_only
ieee30_eval_seed_30105_block_8x8,ieee30,0,1,-363.99935971989055,363.99935971989055,0.04088267640924684,0.22708929872780562,candidate,training_only
ieee30_eval_seed_30105_block_8x8,ieee30,0,2,-403.3611433355692,403.3611433355692,0.04126391139297022,0.14473373272666532,candidate,training_only
ieee30_eval_seed_30105_block_8x8,ieee30,0,3,-184.5622024323599,184.5622024323599,0.02757671437043431,0.0629405272241387,candidate,training_only
ieee30_eval_seed_30105_block_8x8,ieee30,0,4,463.56829434032966,463.56829434032966,0.0479975687544101,0.14459408441530303,candidate,training_only
ieee30_eval_seed_30105_block_8x8,ieee30,0,5,-133.6093519050519,133.6093519050519,0.003375644236310272,0.009862265176700656,candidate,training_only
ieee30_eval_seed_30105_block_8x8,ieee30,0,6,-169.26065030767862,169.26065030767862,0.018523300465038365,0.061631053316768665,candidate,training_only
ieee30_eval_seed_30105_block_8x8,ieee30,0,7,-81.36854355273998,81.36854355273998,0.008966343191110311,0.029038271879976065,candidate,training_only
ieee30_eval_seed_30105_block_8x8,ieee30,1,0,-400.99394473952464,400.99394473952464,0.01899025175186766,0.07552354883003144,candidate,training_only
ieee30_eval_seed_30105_block_8x8,ieee30,1,1,0.0,0.0,0.0,0.0,zero,training_only
ieee30_eval_seed_30105_block_8x8,ieee30,1,2,1751.7399703785843,1751.7399703785843,0.05056516690838753,0.17433480316265654,candidate,training_only
ieee30_eval_seed_30105_block_8x8,ieee30,1,3,-1350.7460256390598,1350.7460256390598,0.03597892888509592,0.16954574167803146,candidate,training_only
ieee30_eval_seed_30105_block_8x8,ieee30,1,4,-175.52350495122653,175.52350495122653,0.0028702437770372164,0.009699324562302344,candidate,training_only
ieee30_eval_seed_30105_block_8x8,ieee30,1,5,0.0,0.0,0.0,0.0,zero,training_only
ieee30_eval_seed_30105_block_8x8,ieee30,1,6,854.1525978007734,854.1525978007734,0.015000810844702494,0.05250442965867097,candidate,training_only
ieee30_eval_seed_30105_block_8x8,ieee30,1,7,-650.8579577710802,650.8579577710802,0.010969538059458404,0.039426396054358555,candidate,training_only
ieee30_eval_seed_30105_block_8x8,ieee30,2,0,-181.20601423749667,181.20601423749667,0.008802612636945614,0.02136949570665976,candidate,training_only
ieee30_eval_seed_30105_block_8x8,ieee30,2,1,-0.0,0.0,0.0,0.0,zero,training_only
ieee30_eval_seed_30105_block_8x8,ieee30,2,2,-1333.574972179229,1333.574972179229,0.033161718504805336,0.1322193491989212,candidate,training_only
ieee30_eval_seed_30105_block_8x8,ieee30,2,3,1643.816641558288,1643.816641558288,0.04849672631471579,0.10134568922838559,candidate,training_only
ieee30_eval_seed_30105_block_8x8,ieee30,2,4,-89.14496944236845,89.14496944236845,0.0012649785030537867,0.003638533269958499,candidate,training_only
ieee30_eval_seed_30105_block_8x8,ieee30,2,5,0.0,0.0,0.0,0.0,zero,training_only
ieee30_eval_seed_30105_block_8x8,ieee30,2,6,-686.8738976338104,686.8738976338104,0.010343778319652507,0.031423340513381456,candidate,training_only
ieee30_eval_seed_30105_block_8x8,ieee30,2,7,823.1466810651439,823.1466810651439,0.01208557197193782,0.0375980345455122,candidate,training_only
ieee30_eval_seed_30105_block_8x8,ieee30,3,0,-437.43156896772723,437.43156896772723,0.05764957962025271,0.1580903023826884,candidate,training_only
ieee30_eval_seed_30105_block_8x8,ieee30,3,1,133.0247430431757,133.0247430431757,0.019361250631238187,0.06747925184232013,candidate,training_only
ieee30_eval_seed_30105_block_8x8,ieee30,3,2,169.60007289213468,169.60007289213468,0.01355866271349187,0.05271449760063436,candidate,training_only
ieee30_eval_seed_30105_block_8x8,ieee30,3,3,81.75000129989887,81.75000129989887,0.007268668374728725,0.024864752263669545,candidate,training_only
ieee30_eval_seed_30105_block_8x8,ieee30,3,4,1433.6033475532704,1433.6033475532704,0.04375315244361377,0.1447017423733126,candidate,training_only
ieee30_eval_seed_30105_block_8x8,ieee30,3,5,-365.5990414523367,365.5990414523367,0.0023815306822495496,0.007572458027207176,candidate,training_only
ieee30_eval_seed_30105_block_8x8,ieee30,3,6,-402.55389202131306,402.55389202131306,0.013420383346523578,0.04731564846916832,candidate,training_only
ieee30_eval_seed_30105_block_8x8,ieee30,3,7,-183.70100755980866,183.70100755980866,0.006158120215801358,0.02115689344811339,candidate,training_only
ieee30_eval_seed_30105_block_8x8,ieee30,4,0,175.1235362829054,175.1235362829054,0.008099898472639224,0.04470070241554146,candidate,training_only
ieee30_eval_seed_30105_block_8x8,ieee30,4,1,-0.0,0.0,0.0,0.0,zero,training_only
ieee30_eval_seed_30105_block_8x8,ieee30,4,2,-829.032732277647,829.032732277647,0.021552008774206474,0.09702210995089969,candidate,training_only
ieee30_eval_seed_30105_block_8x8,ieee30,4,3,653.9091959947417,653.9091959947417,0.01562161445613126,0.0768850446872232,candidate,training_only
ieee30_eval_seed_30105_block_8x8,ieee30,4,4,-401.9097840235327,401.9097840235327,0.0031201930039432457,0.010440524496382374,candidate,training_only
ieee30_eval_seed_30105_block_8x8,ieee30,4,5,0.0,0.0,0.0,0.0,zero,training_only
ieee30_eval_seed_30105_block_8x8,ieee30,4,6,1729.9911874908269,1729.9911874908269,0.013305862907639963,0.049162262820617135,candidate,training_only
ieee30_eval_seed_30105_block_8x8,ieee30,4,7,-1344.4432424252234,1344.4432424252234,0.011329717815606075,0.040613551801623085,candidate,training_only
ieee30_eval_seed_30105_block_8x8,ieee30,5,0,88.94183314603424,88.94183314603424,0.006162032999638705,0.01425298728562022,candidate,training_only
ieee30_eval_seed_30105_block_8x8,ieee30,5,1,-0.0,0.0,0.0,0.0,zero,training_only
ieee30_eval_seed_30105_block_8x8,ieee30,5,2,688.2513029144027,688.2513029144027,0.022823789173625462,0.08150897909746788,candidate,training_only
ieee30_eval_seed_30105_block_8x8,ieee30,5,3,-863.3220332704085,863.3220332704085,0.027675492391205068,0.0934463252598513,candidate,training_only
ieee30_eval_seed_30105_block_8x8,ieee30,5,4,-181.6198748169751,181.6198748169751,0.0013331814138644136,0.003662307941602126,candidate,training_only
ieee30_eval_seed_30105_block_8x8,ieee30,5,5,-0.0,0.0,0.0,0.0,zero,training_only
ieee30_eval_seed_30105_block_8x8,ieee30,5,6,-1330.9060731870045,1330.9060731870045,0.010792712932321551,0.03338638035747253,candidate,training_only
ieee30_eval_seed_30105_block_8x8,ieee30,5,7,1667.308494704273,1667.308494704273,0.011707290688115372,0.03392200781707086,candidate,training_only
ieee30_eval_seed_30105_block_8x8,ieee30,6,0,0.0,0.0,0.0,0.0,zero,training_only
ieee30_eval_seed_30105_block_8x8,ieee30,6,1,0.0,0.0,0.0,0.0,zero,training_only
ieee30_eval_seed_30105_block_8x8,ieee30,6,2,2026.119038458589,2026.119038458589,0.0356579983820294,0.16027445767650936,candidate,training_only
ieee30_eval_seed_30105_block_8x8,ieee30,6,3,-2026.119038458589,2026.119038458589,0.05167248246362419,0.17943771046032356,candidate,training_only
ieee30_eval_seed_30105_block_8x8,ieee30,6,4,0.0,0.0,0.0,0.0,zero,training_only
ieee30_eval_seed_30105_block_8x8,ieee30,6,5,0.0,0.0,0.0,0.0,zero,training_only
ieee30_eval_seed_30105_block_8x8,ieee30,6,6,1025.1098697019133,1025.1098697019133,0.0072418528999299864,0.022700778837403405,candidate,training_only
ieee30_eval_seed_30105_block_8x8,ieee30,6,7,-976.2869366566201,976.2869366566201,0.007438539516755641,0.022472859578995027,candidate,training_only
ieee30_eval_seed_30105_block_8x8,ieee30,7,0,0.0,0.0,0.0,0.0,zero,training_only
ieee30_eval_seed_30105_block_8x8,ieee30,7,1,0.0,0.0,0.0,0.0,zero,training_only
ieee30_eval_seed_30105_block_8x8,ieee30,7,2,-980.8637939921123,980.8637939921123,0.020756909856108764,0.08226480896560605,candidate,training_only
ieee30_eval_seed_30105_block_8x8,ieee30,7,3,980.8637939921123,980.8637939921123,0.022235573424274093,0.08172815664972696,candidate,training_only
ieee30_eval_seed_30105_block_8x8,ieee30,7,4,0.0,0.0,0.0,0.0,zero,training_only
ieee30_eval_seed_30105_block_8x8,ieee30,7,5,0.0,0.0,0.0,0.0,zero,training_only
ieee30_eval_seed_30105_block_8x8,ieee30,7,6,1985.9571562829024,1985.9571562829024,0.008079255009271268,0.024067754541565307,candidate,training_only
ieee30_eval_seed_30105_block_8x8,ieee30,7,7,-2016.6648636378347,2016.6648636378347,0.0058041134446742545,0.016084093206063542,candidate,training_only
ieee57_eval_seed_57101_block_8x8,ieee57,0,0,2607.519906621109,2607.519906621109,0.07460313871248235,0.17825132339974706,candidate,training_only
ieee57_eval_seed_57101_block_8x8,ieee57,0,1,-1589.1450129275256,1589.1450129275256,0.068179113432657,0.2090071476745062,candidate,training_only
ieee57_eval_seed_57101_block_8x8,ieee57,0,2,-809.4339147020197,809.4339147020197,0.027432326653942147,0.08156788750638133,candidate,training_only
ieee57_eval_seed_57101_block_8x8,ieee57,0,3,-0.0,0.0,0.0,0.0,zero,training_only
ieee57_eval_seed_57101_block_8x8,ieee57,0,4,1666.8408535840936,1666.8408535840936,0.033071773802973214,0.10837654896955803,candidate,training_only
ieee57_eval_seed_57101_block_8x8,ieee57,0,5,-1005.9257473547166,1005.9257473547166,0.017330705761626077,0.05515277928007745,candidate,training_only
ieee57_eval_seed_57101_block_8x8,ieee57,0,6,-525.074728940312,525.074728940312,0.01234530717853737,0.0626683194936711,candidate,training_only
ieee57_eval_seed_57101_block_8x8,ieee57,0,7,0.0,0.0,0.0,0.0,zero,training_only
ieee57_eval_seed_57101_block_8x8,ieee57,1,0,-1578.5211350136442,1578.5211350136442,0.03369031492096995,0.08355298948182667,candidate,training_only
ieee57_eval_seed_57101_block_8x8,ieee57,1,1,1671.2299529041368,1671.2299529041368,0.03140435136719893,0.07291267919801153,candidate,training_only
ieee57_eval_seed_57101_block_8x8,ieee57,1,2,-0.0,0.0,0.0,0.0,zero,training_only
ieee57_eval_seed_57101_block_8x8,ieee57,1,3,-0.0,0.0,0.0,0.0,zero,training_only
ieee57_eval_seed_57101_block_8x8,ieee57,1,4,-1028.3814406026288,1028.3814406026288,0.010316421356220327,0.050308689273791556,candidate,training_only
ieee57_eval_seed_57101_block_8x8,ieee57,1,5,1080.1997169260974,1080.1997169260974,0.009593456570293904,0.04476740155124256,candidate,training_only
ieee57_eval_seed_57101_block_8x8,ieee57,1,6,0.0,0.0,0.0,0.0,zero,training_only
ieee57_eval_seed_57101_block_8x8,ieee57,1,7,0.0,0.0,0.0,0.0,zero,training_only
ieee57_eval_seed_57101_block_8x8,ieee57,2,0,-813.0988934794748,813.0988934794748,0.03449519045909255,0.1522376296034888,candidate,training_only
ieee57_eval_seed_57101_block_8x8,ieee57,2,1,0.0,0.0,0.0,0.0,zero,training_only
ieee57_eval_seed_57101_block_8x8,ieee57,2,2,2155.620056562719,2155.620056562719,0.042465364031899905,0.22040537774772026,candidate,training_only
ieee57_eval_seed_57101_block_8x8,ieee57,2,3,-504.7142908862245,504.7142908862245,0.01107385780724079,0.08576829603404786,candidate,training_only
ieee57_eval_seed_57101_block_8x8,ieee57,2,4,-519.4620791982583,519.4620791982583,0.0033764745903632305,0.017367831956080784,candidate,training_only
ieee57_eval_seed_57101_block_8x8,ieee57,2,5,0.0,0.0,0.0,0.0,zero,training_only
ieee57_eval_seed_57101_block_8x8,ieee57,2,6,1298.5328689736407,1298.5328689736407,0.009078115470197793,0.04111522371029503,candidate,training_only
ieee57_eval_seed_57101_block_8x8,ieee57,2,7,-319.2808163430429,319.2808163430429,0.0005245067191815918,0.002747426376641997,candidate,training_only
ieee57_eval_seed_57101_block_8x8,ieee57,3,0,-1683.6826753581502,1683.6826753581502,0.05323802630387198,0.13801146545833493,candidate,training_only
ieee57_eval_seed_57101_block_8x8,ieee57,3,1,1023.4197847105627,1023.4197847105627,0.02900533963919517,0.09466045030211788,candidate,training_only
ieee57_eval_seed_57101_block_8x8,ieee57,3,2,530.8262201528128,530.8262201528128,0.01423213523926365,0.03661187878426232,candidate,training_only
ieee57_eval_seed_57101_block_8x8,ieee57,3,3,-0.0,0.0,0.0,0.0,zero,training_only
ieee57_eval_seed_57101_block_8x8,ieee57,3,4,2552.2217605993114,2552.2217605993114,0.03223645171642941,0.10670984337912308,candidate,training_only
ieee57_eval_seed_57101_block_8x8,ieee57,3,5,-1561.980634599748,1561.980634599748,0.017416781703129106,0.05563609428848324,candidate,training_only
ieee57_eval_seed_57101_block_8x8,ieee57,3,6,-800.6637148310175,800.6637148310175,0.012180431720892988,0.06237876637873593,candidate,training_only
ieee57_eval_seed_57101_block_8x8,ieee57,3,7,-0.0,0.0,0.0,0.0,zero,training_only
ieee57_eval_seed_57101_block_8x8,ieee57,4,0,1039.7311932248049,1039.7311932248049,0.01969296974849695,0.0439819613506287,candidate,training_only
ieee57_eval_seed_57101_block_8x8,ieee57,4,1,-1100.2097634415097,1100.2097634415097,0.018713156989839202,0.04363953116962479,candidate,training_only
ieee57_eval_seed_57101_block_8x8,ieee57,4,2,-0.0,0.0,0.0,0.0,zero,training_only
ieee57_eval_seed_57101_block_8x8,ieee57,4,3,-0.0,0.0,0.0,0.0,zero,training_only
ieee57_eval_seed_57101_block_8x8,ieee57,4,4,-1561.2899270744897,1561.2899270744897,0.010325592069560302,0.04992176459738167,candidate,training_only
ieee57_eval_seed_57101_block_8x8,ieee57,4,5,1676.701485379377,1676.701485379377,0.009844821408707467,0.045990182423540964,candidate,training_only
ieee57_eval_seed_57101_block_8x8,ieee57,4,6,-0.0,0.0,0.0,0.0,zero,training_only
ieee57_eval_seed_57101_block_8x8,ieee57,4,7,-0.0,0.0,0.0,0.0,zero,training_only
ieee57_eval_seed_57101_block_8x8,ieee57,5,0,525.1951329687022,525.1951329687022,0.019329031843963288,0.05803745604001444,candidate,training_only
ieee57_eval_seed_57101_block_8x8,ieee57,5,1,-0.0,0.0,0.0,0.0,zero,training_only
ieee57_eval_seed_57101_block_8x8,ieee57,5,2,-1334.0192956028882,1334.0192956028882,0.027069451616874022,0.09956437060668177,candidate,training_only
ieee57_eval_seed_57101_block_8x8,ieee57,5,3,327.2214293863298,327.2214293863298,0.006340356309104912,0.038641560782371985,candidate,training_only
ieee57_eval_seed_57101_block_8x8,ieee57,5,4,-804.2230692678972,804.2230692678972,0.0031486023727982974,0.015415984520757616,candidate,training_only
ieee57_eval_seed_57101_block_8x8,ieee57,5,5,0.0,0.0,0.0,0.0,zero,training_only
ieee57_eval_seed_57101_block_8x8,ieee57,5,6,2123.177053422057,2123.177053422057,0.008766173941428769,0.03664437305760149,candidate,training_only
ieee57_eval_seed_57101_block_8x8,ieee57,5,7,-492.4664962082885,492.4664962082885,0.00044712057186259516,0.0021444666774522348,candidate,training_only
ieee57_eval_seed_57101_block_8x8,ieee57,6,0,2383.7175193912885,2383.7175193912885,0.06841201105637466,0.18382285220960048,candidate,training_only
ieee57_eval_seed_57101_block_8x8,ieee57,6,1,-2383.7175193912885,2383.7175193912885,0.07254877604895565,0.14763960752435987,candidate,training_only
ieee57_eval_seed_57101_block_8x8,ieee57,6,2,0.0,0.0,0.0,0.0,zero,training_only
ieee57_eval_seed_57101_block_8x8,ieee57,6,3,0.0,0.0,0.0,0.0,zero,training_only
ieee57_eval_seed_57101_block_8x8,ieee57,6,4,1523.4943168552825,1523.4943168552825,0.021844189217936318,0.1079362288070626,candidate,training_only
ieee57_eval_seed_57101_block_8x8,ieee57,6,5,-1508.8886210320748,1508.8886210320748,0.019161416264973342,0.09053789528969863,candidate,training_only
ieee57_eval_seed_57101_block_8x8,ieee57,6,6,0.0,0.0,0.0,0.0,zero,training_only
ieee57_eval_seed_57101_block_8x8,ieee57,6,7,0.0,0.0,0.0,0.0,zero,training_only
ieee57_eval_seed_57101_block_8x8,ieee57,7,0,-1535.1296770658437,1535.1296770658437,0.038076910912808765,0.12260971412379508,candidate,training_only
ieee57_eval_seed_57101_block_8x8,ieee57,7,1,1535.1296770658437,1535.1296770658437,0.038318489964485794,0.11966397731457598,candidate,training_only
ieee57_eval_seed_57101_block_8x8,ieee57,7,2,0.0,0.0,0.0,0.0,zero,training_only
ieee57_eval_seed_57101_block_8x8,ieee57,7,3,0.0,0.0,0.0,0.0,zero,training_only
ieee57_eval_seed_57101_block_8x8,ieee57,7,4,2312.6436553047006,2312.6436553047006,0.021308321880528357,0.10488678021590318,candidate,training_only
ieee57_eval_seed_57101_block_8x8,ieee57,7,5,-2342.970951899622,2342.970951899622,0.01936302262347166,0.09123614686580753,candidate,training_only
ieee57_eval_seed_57101_block_8x8,ieee57,7,6,0.0,0.0,0.0,0.0,zero,training_only
ieee57_eval_seed_57101_block_8x8,ieee57,7,7,0.0,0.0,0.0,0.0,zero,training_only
ieee57_eval_seed_57102_block_8x8,ieee57,0,0,2584.1266740323026,2584.1266740323026,0.0876220280123941,0.21064545167485396,candidate,training_only
ieee57_eval_seed_57102_block_8x8,ieee57,0,1,-1560.353382384099,1560.353382384099,0.06395261627828339,0.16329900451088236,candidate,training_only
ieee57_eval_seed_57102_block_8x8,ieee57,0,2,-815.5360688925393,815.5360688925393,0.02036902798198763,0.07212287468288427,candidate,training_only
ieee57_eval_seed_57102_block_8x8,ieee57,0,3,-0.0,0.0,0.0,0.0,zero,training_only
ieee57_eval_seed_57102_block_8x8,ieee57,0,4,1657.70522541176,1657.70522541176,0.03425063775902743,0.10411845155477188,candidate,training_only
ieee57_eval_seed_57102_block_8x8,ieee57,0,5,-1038.9132525475745,1038.9132525475745,0.019020008823764714,0.05160296666085956,candidate,training_only
ieee57_eval_seed_57102_block_8x8,ieee57,0,6,-528.2274153500606,528.2274153500606,0.013233577373290617,0.06208311562556971,candidate,training_only
ieee57_eval_seed_57102_block_8x8,ieee57,0,7,0.0,0.0,0.0,0.0,zero,training_only
ieee57_eval_seed_57102_block_8x8,ieee57,1,0,-1587.5541099923873,1587.5541099923873,0.038265418046494866,0.09816376418989511,candidate,training_only
ieee57_eval_seed_57102_block_8x8,ieee57,1,1,1679.684081571898,1679.684081571898,0.03525090466499174,0.07587559314331643,candidate,training_only
ieee57_eval_seed_57102_block_8x8,ieee57,1,2,0.0,0.0,0.0,0.0,zero,training_only
ieee57_eval_seed_57102_block_8x8,ieee57,1,3,0.0,0.0,0.0,0.0,zero,training_only
ieee57_eval_seed_57102_block_8x8,ieee57,1,4,-989.0947237167962,989.0947237167962,0.01082229895378639,0.04889516596606167,candidate,training_only
ieee57_eval_seed_57102_block_8x8,ieee57,1,5,1084.239632288564,1084.239632288564,0.010416200410066597,0.053217535097986594,candidate,training_only
ieee57_eval_seed_57102_block_8x8,ieee57,1,6,0.0,0.0,0.0,0.0,zero,training_only
ieee57_eval_seed_57102_block_8x8,ieee57,1,7,0.0,0.0,0.0,0.0,zero,training_only
ieee57_eval_seed_57102_block_8x8,ieee57,2,0,-820.4526631769232,820.4526631769232,0.026078092821789117,0.0918328212044277,candidate,training_only
ieee57_eval_seed_57102_block_8x8,ieee57,2,1,-0.0,0.0,0.0,0.0,zero,training_only
ieee57_eval_seed_57102_block_8x8,ieee57,2,2,2168.7654588468513,2168.7654588468513,0.03401067621924049,0.15320497081394518,candidate,training_only
ieee57_eval_seed_57102_block_8x8,ieee57,2,3,-503.4354697035142,503.4354697035142,0.008306799700180877,0.052194049144180917,candidate,training_only
ieee57_eval_seed_57102_block_8x8,ieee57,2,4,-520.6301617032179,520.6301617032179,0.003507438324324995,0.014994937929353644,candidate,training_only
ieee57_eval_seed_57102_block_8x8,ieee57,2,5,0.0,0.0,0.0,0.0,zero,training_only
ieee57_eval_seed_57102_block_8x8,ieee57,2,6,1314.4841615438152,1314.4841615438152,0.009709380656450533,0.04430917485584679,candidate,training_only
ieee57_eval_seed_57102_block_8x8,ieee57,2,7,-319.80220950852015,319.80220950852015,0.0005611982601463947,0.002669973996945985,candidate,training_only
ieee57_eval_seed_57102_block_8x8,ieee57,3,0,-1714.4858016966186,1714.4858016966186,0.04291854390982711,0.12588325347154405,candidate,training_only
ieee57_eval_seed_57102_block_8x8,ieee57,3,1,1046.0222934424453,1046.0222934424453,0.03457516661836992,0.11578325678608897,candidate,training_only
ieee57_eval_seed_57102_block_8x8,ieee57,3,2,536.1666246169418,536.1666246169418,0.011913662611491857,0.040339200667105515,candidate,training_only
ieee57_eval_seed_57102_block_8x8,ieee57,3,3,-0.0,0.0,0.0,0.0,zero,training_only
ieee57_eval_seed_57102_block_8x8,ieee57,3,4,2607.9737130531307,2607.9737130531307,0.0349946895328029,0.10468855819517817,candidate,training_only
ieee57_eval_seed_57102_block_8x8,ieee57,3,5,-1549.7488129830845,1549.7488129830845,0.017630226589024932,0.05093571559677091,candidate,training_only
ieee57_eval_seed_57102_block_8x8,ieee57,3,6,-803.4601372355598,803.4601372355598,0.012756922285236751,0.06008143811705495,candidate,training_only
ieee57_eval_seed_57102_block_8x8,ieee57,3,7,-0.0,0.0,0.0,0.0,zero,training_only
ieee57_eval_seed_57102_block_8x8,ieee57,4,0,1004.2595601448714,1004.2595601448714,0.018766999211407134,0.05322275327170864,candidate,training_only
ieee57_eval_seed_57102_block_8x8,ieee57,4,1,-1062.1706755622174,1062.1706755622174,0.01770891591607009,0.04744838986860609,candidate,training_only
ieee57_eval_seed_57102_block_8x8,ieee57,4,2,-0.0,0.0,0.0,0.0,zero,training_only
ieee57_eval_seed_57102_block_8x8,ieee57,4,3,-0.0,0.0,0.0,0.0,zero,training_only
ieee57_eval_seed_57102_block_8x8,ieee57,4,4,-1563.5812255368185,1563.5812255368185,0.011004021330870974,0.04999843743700465,candidate,training_only
ieee57_eval_seed_57102_block_8x8,ieee57,4,5,1616.6805544755398,1616.6805544755398,0.009572445848981568,0.047073780945734583,candidate,training_only
ieee57_eval_seed_57102_block_8x8,ieee57,4,6,0.0,0.0,0.0,0.0,zero,training_only
ieee57_eval_seed_57102_block_8x8,ieee57,4,7,0.0,0.0,0.0,0.0,zero,training_only
ieee57_eval_seed_57102_block_8x8,ieee57,5,0,528.612482357081,528.612482357081,0.019447502941310337,0.09739963310632349,candidate,training_only
ieee57_eval_seed_57102_block_8x8,ieee57,5,1,-0.0,0.0,0.0,0.0,zero,training_only
ieee57_eval_seed_57102_block_8x8,ieee57,5,2,-1333.9221691059538,1333.9221691059538,0.02870126843477656,0.1839591984343433,candidate,training_only
ieee57_eval_seed_57102_block_8x8,ieee57,5,3,325.2862950233705,325.2862950233705,0.006274043550277119,0.06736227682504045,candidate,training_only
ieee57_eval_seed_57102_block_8x8,ieee57,5,4,-808.0634055309598,808.0634055309598,0.0033722742361266544,0.013345939193686814,candidate,training_only
ieee57_eval_seed_57102_block_8x8,ieee57,5,5,-0.0,0.0,0.0,0.0,zero,training_only
ieee57_eval_seed_57102_block_8x8,ieee57,5,6,2135.947506985596,2135.947506985596,0.009671179603226145,0.03881844078305502,candidate,training_only
ieee57_eval_seed_57102_block_8x8,ieee57,5,7,-494.9479213213589,494.9479213213589,0.0004980009462560712,0.0020728381245112932,candidate,training_only
ieee57_eval_seed_57102_block_8x8,ieee57,6,0,2340.530073576148,2340.530073576148,0.06813294482877154,0.17209477888623453,candidate,training_only
ieee57_eval_seed_57102_block_8x8,ieee57,6,1,-2340.530073576148,2340.530073576148,0.06954675962948835,0.17921277915950568,candidate,training_only
ieee57_eval_seed_57102_block_8x8,ieee57,6,2,0.0,0.0,0.0,0.0,zero,training_only
ieee57_eval_seed_57102_block_8x8,ieee57,6,3,0.0,0.0,0.0,0.0,zero,training_only
ieee57_eval_seed_57102_block_8x8,ieee57,6,4,1509.449975216043,1509.449975216043,0.023120618543107055,0.10576469948776147,candidate,training_only
ieee57_eval_seed_57102_block_8x8,ieee57,6,5,-1558.369878821362,1558.369878821362,0.021027606317230215,0.10742830856372794,candidate,training_only
ieee57_eval_seed_57102_block_8x8,ieee57,6,6,0.0,0.0,0.0,0.0,zero,training_only
ieee57_eval_seed_57102_block_8x8,ieee57,6,7,0.0,0.0,0.0,0.0,zero,training_only
ieee57_eval_seed_57102_block_8x8,ieee57,7,0,-1569.0334401636678,1569.0334401636678,0.03916232396607208,0.11426838056053555,candidate,training_only
ieee57_eval_seed_57102_block_8x8,ieee57,7,1,1569.0334401636678,1569.0334401636678,0.03865138087489752,0.11559040194552167,candidate,training_only
ieee57_eval_seed_57102_block_8x8,ieee57,7,2,0.0,0.0,0.0,0.0,zero,training_only
ieee57_eval_seed_57102_block_8x8,ieee57,7,3,0.0,0.0,0.0,0.0,zero,training_only
ieee57_eval_seed_57102_block_8x8,ieee57,7,4,2384.9960729053187,2384.9960729053187,0.02479755767468098,0.11491236475151861,candidate,training_only
ieee57_eval_seed_57102_block_8x8,ieee57,7,5,-2324.623219474627,2324.623219474627,0.020378640313314284,0.10266091120421689,candidate,training_only
ieee57_eval_seed_57102_block_8x8,ieee57,7,6,0.0,0.0,0.0,0.0,zero,training_only
ieee57_eval_seed_57102_block_8x8,ieee57,7,7,0.0,0.0,0.0,0.0,zero,training_only
ieee57_eval_seed_57103_block_8x8,ieee57,0,0,2583.9113330047794,2583.9113330047794,0.07275483257764961,0.1785309059793817,candidate,training_only
ieee57_eval_seed_57103_block_8x8,ieee57,0,1,-1565.0869905380343,1565.0869905380343,0.05205934648473048,0.15521825029161568,candidate,training_only
ieee57_eval_seed_57103_block_8x8,ieee57,0,2,-810.7642199733556,810.7642199733556,0.029193382320068798,0.0854550802680788,candidate,training_only
ieee57_eval_seed_57103_block_8x8,ieee57,0,3,-0.0,0.0,0.0,0.0,zero,training_only
ieee57_eval_seed_57103_block_8x8,ieee57,0,4,1654.3561442504367,1654.3561442504367,0.03444516957145551,0.10552957628995434,candidate,training_only
ieee57_eval_seed_57103_block_8x8,ieee57,0,5,-1034.4793027433618,1034.4793027433618,0.017488999774411148,0.05254006504137566,candidate,training_only
ieee57_eval_seed_57103_block_8x8,ieee57,0,6,-525.3058368199746,525.3058368199746,0.012564529544161457,0.03861038421439031,candidate,training_only
ieee57_eval_seed_57103_block_8x8,ieee57,0,7,0.0,0.0,0.0,0.0,zero,training_only
ieee57_eval_seed_57103_block_8x8,ieee57,1,0,-1588.8408990090372,1588.8408990090372,0.03672461218286893,0.08870850954691084,candidate,training_only
ieee57_eval_seed_57103_block_8x8,ieee57,1,1,1681.4743269308951,1681.4743269308951,0.03366856739083961,0.09408456586496096,candidate,training_only
ieee57_eval_seed_57103_block_8x8,ieee57,1,2,0.0,0.0,0.0,0.0,zero,training_only
ieee57_eval_seed_57103_block_8x8,ieee57,1,3,-0.0,0.0,0.0,0.0,zero,training_only
ieee57_eval_seed_57103_block_8x8,ieee57,1,4,-995.3542142162188,995.3542142162188,0.010716076137667046,0.03975012471699021,candidate,training_only
ieee57_eval_seed_57103_block_8x8,ieee57,1,5,1089.480916792654,1089.480916792654,0.009723847822397963,0.054482465521379315,candidate,training_only
ieee57_eval_seed_57103_block_8x8,ieee57,1,6,0.0,0.0,0.0,0.0,zero,training_only
ieee57_eval_seed_57103_block_8x8,ieee57,1,7,0.0,0.0,0.0,0.0,zero,training_only
ieee57_eval_seed_57103_block_8x8,ieee57,2,0,-813.0010920416978,813.0010920416978,0.03592382815551821,0.15525557205335264,candidate,training_only
ieee57_eval_seed_57103_block_8x8,ieee57,2,1,-0.0,0.0,0.0,0.0,zero,training_only
ieee57_eval_seed_57103_block_8x8,ieee57,2,2,2142.0874648312893,2142.0874648312893,0.044102584549702194,0.2388497366870821,candidate,training_only
ieee57_eval_seed_57103_block_8x8,ieee57,2,3,-496.39167294918684,496.39167294918684,0.011803679216031994,0.09737185313888337,candidate,training_only
ieee57_eval_seed_57103_block_8x8,ieee57,2,4,-519.6392063072202,519.6392063072202,0.0035459983040668996,0.018105224464633664,candidate,training_only
ieee57_eval_seed_57103_block_8x8,ieee57,2,5,0.0,0.0,0.0,0.0,zero,training_only
ieee57_eval_seed_57103_block_8x8,ieee57,2,6,1277.0658227284025,1277.0658227284025,0.00913993889303617,0.03802999935913593,candidate,training_only
ieee57_eval_seed_57103_block_8x8,ieee57,2,7,-326.5203133037883,326.5203133037883,0.0005046352446189579,0.0021694050295587726,candidate,training_only
ieee57_eval_seed_57103_block_8x8,ieee57,3,0,-1709.0442511426763,1709.0442511426763,0.04093208147388205,0.13890763876314433,candidate,training_only
ieee57_eval_seed_57103_block_8x8,ieee57,3,1,1045.3368403364202,1045.3368403364202,0.03230113391418084,0.09656125811829912,candidate,training_only
ieee57_eval_seed_57103_block_8x8,ieee57,3,2,530.1301929190537,530.1301929190537,0.015830555093069697,0.045847747550445385,candidate,training_only
ieee57_eval_seed_57103_block_8x8,ieee57,3,3,-0.0,0.0,0.0,0.0,zero,training_only
ieee57_eval_seed_57103_block_8x8,ieee57,3,4,2594.8571399938737,2594.8571399938737,0.03470923839729789,0.1071123094811582,candidate,training_only
ieee57_eval_seed_57103_block_8x8,ieee57,3,5,-1548.8309951684416,1548.8309951684416,0.01672743874875237,0.05096020131498463,candidate,training_only
ieee57_eval_seed_57103_block_8x8,ieee57,3,6,-803.3860035242863,803.3860035242863,0.012222419428341003,0.03784955264975314,candidate,training_only
ieee57_eval_seed_57103_block_8x8,ieee57,3,7,-0.0,0.0,0.0,0.0,zero,training_only
ieee57_eval_seed_57103_block_8x8,ieee57,4,0,1008.8661929870018,1008.8661929870018,0.022124488405619817,0.06721563434666494,candidate,training_only
ieee57_eval_seed_57103_block_8x8,ieee57,4,1,-1068.5705794250446,1068.5705794250446,0.021193786784667618,0.0707722547889663,candidate,training_only
ieee57_eval_seed_57103_block_8x8,ieee57,4,2,-0.0,0.0,0.0,0.0,zero,training_only
ieee57_eval_seed_57103_block_8x8,ieee57,4,3,-0.0,0.0,0.0,0.0,zero,training_only
ieee57_eval_seed_57103_block_8x8,ieee57,4,4,-1567.5611845664316,1567.5611845664316,0.010937946078353737,0.03992175671561636,candidate,training_only
ieee57_eval_seed_57103_block_8x8,ieee57,4,5,1632.8576052523688,1632.8576052523688,0.008909482107493117,0.05000842304626642,candidate,training_only
ieee57_eval_seed_57103_block_8x8,ieee57,4,6,0.0,0.0,0.0,0.0,zero,training_only
ieee57_eval_seed_57103_block_8x8,ieee57,4,7,-0.0,0.0,0.0,0.0,zero,training_only
ieee57_eval_seed_57103_block_8x8,ieee57,5,0,526.6933321890488,526.6933321890488,0.022022583377286954,0.0693551295421785,candidate,training_only
ieee57_eval_seed_57103_block_8x8,ieee57,5,1,-0.0,0.0,0.0,0.0,zero,training_only
ieee57_eval_seed_57103_block_8x8,ieee57,5,2,-1348.7228752127924,1348.7228752127924,0.03139030570477213,0.11949528554081096,candidate,training_only
ieee57_eval_seed_57103_block_8x8,ieee57,5,3,333.18685390614905,333.18685390614905,0.007454533184167788,0.04538330157508648,candidate,training_only
ieee57_eval_seed_57103_block_8x8,ieee57,5,4,-802.112379968032,802.112379968032,0.003220279946311355,0.015934631914865327,candidate,training_only
ieee57_eval_seed_57103_block_8x8,ieee57,5,5,-0.0,0.0,0.0,0.0,zero,training_only
ieee57_eval_seed_57103_block_8x8,ieee57,5,6,2125.3977137566044,2125.3977137566044,0.009362921229089915,0.03555913719257195,candidate,training_only
ieee57_eval_seed_57103_block_8x8,ieee57,5,7,-486.45966271650923,486.45966271650923,0.00040799484168658323,0.00158274327144909,candidate,training_only
ieee57_eval_seed_57103_block_8x8,ieee57,6,0,2347.630485807051,2347.630485807051,0.06858311644819944,0.1706913322247855,candidate,training_only
ieee57_eval_seed_57103_block_8x8,ieee57,6,1,-2347.630485807051,2347.630485807051,0.06416060730307234,0.14831338048520165,candidate,training_only
ieee57_eval_seed_57103_block_8x8,ieee57,6,2,0.0,0.0,0.0,0.0,zero,training_only
ieee57_eval_seed_57103_block_8x8,ieee57,6,3,0.0,0.0,0.0,0.0,zero,training_only
ieee57_eval_seed_57103_block_8x8,ieee57,6,4,1502.499409160178,1502.499409160178,0.02267280297623301,0.08549801565098775,candidate,training_only
ieee57_eval_seed_57103_block_8x8,ieee57,6,5,-1551.7189541150426,1551.7189541150426,0.019376212913415947,0.10985295325776526,candidate,training_only
ieee57_eval_seed_57103_block_8x8,ieee57,6,6,0.0,0.0,0.0,0.0,zero,training_only
ieee57_eval_seed_57103_block_8x8,ieee57,6,7,0.0,0.0,0.0,0.0,zero,training_only
ieee57_eval_seed_57103_block_8x8,ieee57,7,0,-1568.00526050463,1568.00526050463,0.04084797872494984,0.10390254714440389,candidate,training_only
ieee57_eval_seed_57103_block_8x8,ieee57,7,1,1568.00526050463,1568.00526050463,0.037290590104500095,0.09726102121593515,candidate,training_only
ieee57_eval_seed_57103_block_8x8,ieee57,7,2,0.0,0.0,0.0,0.0,zero,training_only
ieee57_eval_seed_57103_block_8x8,ieee57,7,3,0.0,0.0,0.0,0.0,zero,training_only
ieee57_eval_seed_57103_block_8x8,ieee57,7,4,2365.878638981457,2365.878638981457,0.02418574614177103,0.08913787911746701,candidate,training_only
ieee57_eval_seed_57103_block_8x8,ieee57,7,5,-2323.2464927526626,2323.2464927526626,0.018775728503491303,0.10564713847239082,candidate,training_only
ieee57_eval_seed_57103_block_8x8,ieee57,7,6,0.0,0.0,0.0,0.0,zero,training_only
ieee57_eval_seed_57103_block_8x8,ieee57,7,7,0.0,0.0,0.0,0.0,zero,training_only
ieee57_eval_seed_57104_block_8x8,ieee57,0,0,2573.8603705575156,2573.8603705575156,0.07291691795788477,0.19000826982109165,candidate,training_only
ieee57_eval_seed_57104_block_8x8,ieee57,0,1,-1561.5873813590524,1561.5873813590524,0.05756678443472093,0.1940398192636897,candidate,training_only
ieee57_eval_seed_57104_block_8x8,ieee57,0,2,-805.4400204759478,805.4400204759478,0.021064693688455913,0.06436513178976262,candidate,training_only
ieee57_eval_seed_57104_block_8x8,ieee57,0,3,-0.0,0.0,0.0,0.0,zero,training_only
ieee57_eval_seed_57104_block_8x8,ieee57,0,4,1633.380586467827,1633.380586467827,0.04006172505031816,0.1119712334769471,candidate,training_only
ieee57_eval_seed_57104_block_8x8,ieee57,0,5,-1013.1166127583384,1013.1166127583384,0.02244638528843546,0.05450556284238124,candidate,training_only
ieee57_eval_seed_57104_block_8x8,ieee57,0,6,-529.693275436304,529.693275436304,0.010553881754177203,0.06018397479708246,candidate,training_only
ieee57_eval_seed_57104_block_8x8,ieee57,0,7,0.0,0.0,0.0,0.0,zero,training_only
ieee57_eval_seed_57104_block_8x8,ieee57,1,0,-1567.0042682850624,1567.0042682850624,0.033668824714042124,0.10161658580199297,candidate,training_only
ieee57_eval_seed_57104_block_8x8,ieee57,1,1,1659.9819347892806,1659.9819347892806,0.03233755855241977,0.08033845243264372,candidate,training_only
ieee57_eval_seed_57104_block_8x8,ieee57,1,2,-0.0,0.0,0.0,0.0,zero,training_only
ieee57_eval_seed_57104_block_8x8,ieee57,1,3,-0.0,0.0,0.0,0.0,zero,training_only
ieee57_eval_seed_57104_block_8x8,ieee57,1,4,-1008.5427957161921,1008.5427957161921,0.012879626457103135,0.05379008030742099,candidate,training_only
ieee57_eval_seed_57104_block_8x8,ieee57,1,5,1081.54036493145,1081.54036493145,0.012296284047554062,0.044605647597623595,candidate,training_only
ieee57_eval_seed_57104_block_8x8,ieee57,1,6,0.0,0.0,0.0,0.0,zero,training_only
ieee57_eval_seed_57104_block_8x8,ieee57,1,7,0.0,0.0,0.0,0.0,zero,training_only
ieee57_eval_seed_57104_block_8x8,ieee57,2,0,-818.6683006225351,818.6683006225351,0.025383921955895453,0.08194309628245808,candidate,training_only
ieee57_eval_seed_57104_block_8x8,ieee57,2,1,0.0,0.0,0.0,0.0,zero,training_only
ieee57_eval_seed_57104_block_8x8,ieee57,2,2,2172.5571888426725,2172.5571888426725,0.03233043203160355,0.14577259799860343,candidate,training_only
ieee57_eval_seed_57104_block_8x8,ieee57,2,3,-507.6726393287243,507.6726393287243,0.008774425888543626,0.06505589196604604,candidate,training_only
ieee57_eval_seed_57104_block_8x8,ieee57,2,4,-515.2196029940035,515.2196029940035,0.004076482579427582,0.017737939618363032,candidate,training_only
ieee57_eval_seed_57104_block_8x8,ieee57,2,5,0.0,0.0,0.0,0.0,zero,training_only
ieee57_eval_seed_57104_block_8x8,ieee57,2,6,1340.07309947754,1340.07309947754,0.008297671146669666,0.04175628169105534,candidate,training_only
ieee57_eval_seed_57104_block_8x8,ieee57,2,7,-318.090586507506,318.090586507506,0.0004212513351146936,0.002155836739136787,candidate,training_only
ieee57_eval_seed_57104_block_8x8,ieee57,3,0,-1692.743709293321,1692.743709293321,0.03994787193545192,0.14766104586197146,candidate,training_only
ieee57_eval_seed_57104_block_8x8,ieee57,3,1,1023.0089883605964,1023.0089883605964,0.03270131470749195,0.09805352148447337,candidate,training_only
ieee57_eval_seed_57104_block_8x8,ieee57,3,2,538.6857364824436,538.6857364824436,0.013860764196806628,0.04700347031783769,candidate,training_only
ieee57_eval_seed_57104_block_8x8,ieee57,3,3,-0.0,0.0,0.0,0.0,zero,training_only
ieee57_eval_seed_57104_block_8x8,ieee57,3,4,2547.9478915541195,2547.9478915541195,0.04033638237508053,0.1138462200082077,candidate,training_only
ieee57_eval_seed_57104_block_8x8,ieee57,3,5,-1546.4870165646964,1546.4870165646964,0.021826306546596643,0.05373726766947435,candidate,training_only
ieee57_eval_seed_57104_block_8x8,ieee57,3,6,-791.9945410087782,791.9945410087782,0.010143817905189534,0.05785198737345996,candidate,training_only
ieee57_eval_seed_57104_block_8x8,ieee57,3,7,-0.0,0.0,0.0,0.0,zero,training_only
ieee57_eval_seed_57104_block_8x8,ieee57,4,0,1014.6921518681365,1014.6921518681365,0.020671817124751406,0.07541227319241918,candidate,training_only
ieee57_eval_seed_57104_block_8x8,ieee57,4,1,-1074.2462340781528,1074.2462340781528,0.020203188698705635,0.0710826844504194,candidate,training_only
ieee57_eval_seed_57104_block_8x8,ieee57,4,2,-0.0,0.0,0.0,0.0,zero,training_only
ieee57_eval_seed_57104_block_8x8,ieee57,4,3,-0.0,0.0,0.0,0.0,zero,training_only
ieee57_eval_seed_57104_block_8x8,ieee57,4,4,-1557.5077255951826,1557.5077255951826,0.012899739161632262,0.05399155859965672,candidate,training_only
ieee57_eval_seed_57104_block_8x8,ieee57,4,5,1650.550825227498,1650.550825227498,0.012008309921813823,0.04383379640031554,candidate,training_only
ieee57_eval_seed_57104_block_8x8,ieee57,4,6,-0.0,0.0,0.0,0.0,zero,training_only
ieee57_eval_seed_57104_block_8x8,ieee57,4,7,-0.0,0.0,0.0,0.0,zero,training_only
ieee57_eval_seed_57104_block_8x8,ieee57,5,0,518.3610352155519,518.3610352155519,0.017651293650874977,0.06917833705772909,candidate,training_only
ieee57_eval_seed_57104_block_8x8,ieee57,5,1,-0.0,0.0,0.0,0.0,zero,training_only
ieee57_eval_seed_57104_block_8x8,ieee57,5,2,-1315.5846193392563,1315.5846193392563,0.025334595633519245,0.1289585798008316,candidate,training_only
ieee57_eval_seed_57104_block_8x8,ieee57,5,3,324.6653668565872,324.6653668565872,0.00625197392645342,0.04491875584507514,candidate,training_only
ieee57_eval_seed_57104_block_8x8,ieee57,5,4,-813.7069111591728,813.7069111591728,0.0038580179240190545,0.015934569215900245,candidate,training_only
ieee57_eval_seed_57104_block_8x8,ieee57,5,5,0.0,0.0,0.0,0.0,zero,training_only
ieee57_eval_seed_57104_block_8x8,ieee57,5,6,2144.504156272043,2144.504156272043,0.007780746052532798,0.035936556253242616,candidate,training_only
ieee57_eval_seed_57104_block_8x8,ieee57,5,7,-497.3917888483,497.3917888483,0.00036957196138093045,0.0016988374683684759,candidate,training_only
ieee57_eval_seed_57104_block_8x8,ieee57,6,0,2342.381072038578,2342.381072038578,0.06584509195949094,0.18699455373265056,candidate,training_only
ieee57_eval_seed_57104_block_8x8,ieee57,6,1,-2342.381072038578,2342.381072038578,0.06758155571494454,0.1770983221049153,candidate,training_only
ieee57_eval_seed_57104_block_8x8,ieee57,6,2,0.0,0.0,0.0,0.0,zero,training_only
ieee57_eval_seed_57104_block_8x8,ieee57,6,3,0.0,0.0,0.0,0.0,zero,training_only
ieee57_eval_seed_57104_block_8x8,ieee57,6,4,1501.7920689179678,1501.7920689179678,0.027072467268904464,0.1148644905051573,candidate,training_only
ieee57_eval_seed_57104_block_8x8,ieee57,6,5,-1519.6749191375077,1519.6749191375077,0.024389968287448948,0.09001733089193298,candidate,training_only
ieee57_eval_seed_57104_block_8x8,ieee57,6,6,0.0,0.0,0.0,0.0,zero,training_only
ieee57_eval_seed_57104_block_8x8,ieee57,6,7,0.0,0.0,0.0,0.0,zero,training_only
ieee57_eval_seed_57104_block_8x8,ieee57,7,0,-1534.5134825408943,1534.5134825408943,0.04163270953953271,0.11975926585917801,candidate,training_only
ieee57_eval_seed_57104_block_8x8,ieee57,7,1,1534.5134825408943,1534.5134825408943,0.04106905178099752,0.11526170550301203,candidate,training_only
ieee57_eval_seed_57104_block_8x8,ieee57,7,2,0.0,0.0,0.0,0.0,zero,training_only
ieee57_eval_seed_57104_block_8x8,ieee57,7,3,0.0,0.0,0.0,0.0,zero,training_only
ieee57_eval_seed_57104_block_8x8,ieee57,7,4,2319.3387303345844,2319.3387303345844,0.027436932967109574,0.11651825884065978,candidate,training_only
ieee57_eval_seed_57104_block_8x8,ieee57,7,5,-2319.7305248470448,2319.7305248470448,0.024049643876768487,0.0890143788556412,candidate,training_only
ieee57_eval_seed_57104_block_8x8,ieee57,7,6,0.0,0.0,0.0,0.0,zero,training_only
ieee57_eval_seed_57104_block_8x8,ieee57,7,7,0.0,0.0,0.0,0.0,zero,training_only
ieee57_eval_seed_57105_block_8x8,ieee57,0,0,2539.9456587670775,2539.9456587670775,0.06246701825233892,0.1647821892982098,candidate,training_only
ieee57_eval_seed_57105_block_8x8,ieee57,0,1,-1537.9588939353655,1537.9588939353655,0.05544429887702818,0.17729716957928396,candidate,training_only
ieee57_eval_seed_57105_block_8x8,ieee57,0,2,-795.6487776189615,795.6487776189615,0.015080377583452565,0.05116050239190448,candidate,training_only
ieee57_eval_seed_57105_block_8x8,ieee57,0,3,-0.0,0.0,0.0,0.0,zero,training_only
ieee57_eval_seed_57105_block_8x8,ieee57,0,4,1635.2873171060073,1635.2873171060073,0.04216141428582982,0.10511501791683273,candidate,training_only
ieee57_eval_seed_57105_block_8x8,ieee57,0,5,-1008.3738134343621,1008.3738134343621,0.016844746563694942,0.051487669583588025,candidate,training_only
ieee57_eval_seed_57105_block_8x8,ieee57,0,6,-521.3809908488237,521.3809908488237,0.012231631408015803,0.0466520410153084,candidate,training_only
ieee57_eval_seed_57105_block_8x8,ieee57,0,7,0.0,0.0,0.0,0.0,zero,training_only
ieee57_eval_seed_57105_block_8x8,ieee57,1,0,-1544.637127775749,1544.637127775749,0.0367046213609925,0.09882683649356029,candidate,training_only
ieee57_eval_seed_57105_block_8x8,ieee57,1,1,1635.8235117384274,1635.8235117384274,0.03520304896181053,0.0773089291842875,candidate,training_only
ieee57_eval_seed_57105_block_8x8,ieee57,1,2,-0.0,0.0,0.0,0.0,zero,training_only
ieee57_eval_seed_57105_block_8x8,ieee57,1,3,-0.0,0.0,0.0,0.0,zero,training_only
ieee57_eval_seed_57105_block_8x8,ieee57,1,4,-998.3779506341476,998.3779506341476,0.013454219287499772,0.053301536877569625,candidate,training_only
ieee57_eval_seed_57105_block_8x8,ieee57,1,5,1069.2896093571203,1069.2896093571203,0.009304451865537923,0.049923817647994626,candidate,training_only
ieee57_eval_seed_57105_block_8x8,ieee57,1,6,0.0,0.0,0.0,0.0,zero,training_only
ieee57_eval_seed_57105_block_8x8,ieee57,1,7,0.0,0.0,0.0,0.0,zero,training_only
ieee57_eval_seed_57105_block_8x8,ieee57,2,0,-801.6826348778053,801.6826348778053,0.025978142397253372,0.07622102555684278,candidate,training_only
ieee57_eval_seed_57105_block_8x8,ieee57,2,1,0.0,0.0,0.0,0.0,zero,training_only
ieee57_eval_seed_57105_block_8x8,ieee57,2,2,2130.629446196623,2130.629446196623,0.03542641453252961,0.1160892184931474,candidate,training_only
ieee57_eval_seed_57105_block_8x8,ieee57,2,3,-494.4898081098307,494.4898081098307,0.009428956102804389,0.05238454674327365,candidate,training_only
ieee57_eval_seed_57105_block_8x8,ieee57,2,4,-514.9848243283402,514.9848243283402,0.004286581996823386,0.017740060780251747,candidate,training_only
ieee57_eval_seed_57105_block_8x8,ieee57,2,5,0.0,0.0,0.0,0.0,zero,training_only
ieee57_eval_seed_57105_block_8x8,ieee57,2,6,1292.6501037443418,1292.6501037443418,0.009492168037392704,0.04134387023815415,candidate,training_only
ieee57_eval_seed_57105_block_8x8,ieee57,2,7,-324.46593031248676,324.46593031248676,0.0005258565083033994,0.001987781009314952,candidate,training_only
ieee57_eval_seed_57105_block_8x8,ieee57,3,0,-1662.3058370555289,1662.3058370555289,0.05225328035544304,0.1570954888530667,candidate,training_only
ieee57_eval_seed_57105_block_8x8,ieee57,3,1,1008.9984557229816,1008.9984557229816,0.030819556919892223,0.11068158779265957,candidate,training_only
ieee57_eval_seed_57105_block_8x8,ieee57,3,2,524.4449295394747,524.4449295394747,0.011528084631014696,0.0443363447880558,candidate,training_only
ieee57_eval_seed_57105_block_8x8,ieee57,3,3,-0.0,0.0,0.0,0.0,zero,training_only
ieee57_eval_seed_57105_block_8x8,ieee57,3,4,2538.118343092127,2538.118343092127,0.042180659515021236,0.10583400790118498,candidate,training_only
ieee57_eval_seed_57105_block_8x8,ieee57,3,5,-1537.0067872618006,1537.0067872618006,0.01634726102402979,0.05036748223630254,candidate,training_only
ieee57_eval_seed_57105_block_8x8,ieee57,3,6,-791.0003980911879,791.0003980911879,0.011896560731058721,0.04547247673090645,candidate,training_only
ieee57_eval_seed_57105_block_8x8,ieee57,3,7,-0.0,0.0,0.0,0.0,zero,training_only
ieee57_eval_seed_57105_block_8x8,ieee57,4,0,998.7450057862316,998.7450057862316,0.02192391287814102,0.059832601633811405,candidate,training_only
ieee57_eval_seed_57105_block_8x8,ieee57,4,1,-1057.3340969445997,1057.3340969445997,0.0218321472512778,0.056124944283022615,candidate,training_only
ieee57_eval_seed_57105_block_8x8,ieee57,4,2,-0.0,0.0,0.0,0.0,zero,training_only
ieee57_eval_seed_57105_block_8x8,ieee57,4,3,-0.0,0.0,0.0,0.0,zero,training_only
ieee57_eval_seed_57105_block_8x8,ieee57,4,4,-1544.0694483254733,1544.0694483254733,0.013447454006545682,0.053021592370593944,candidate,training_only
ieee57_eval_seed_57105_block_8x8,ieee57,4,5,1629.8339206166231,1629.8339206166231,0.009097902853500628,0.04882397863393678,candidate,training_only
ieee57_eval_seed_57105_block_8x8,ieee57,4,6,-0.0,0.0,0.0,0.0,zero,training_only
ieee57_eval_seed_57105_block_8x8,ieee57,4,7,-0.0,0.0,0.0,0.0,zero,training_only
ieee57_eval_seed_57105_block_8x8,ieee57,5,0,515.1741592719802,515.1741592719802,0.017304328452969822,0.06488946722486515,candidate,training_only
ieee57_eval_seed_57105_block_8x8,ieee57,5,1,-0.0,0.0,0.0,0.0,zero,training_only
ieee57_eval_seed_57105_block_8x8,ieee57,5,2,-1320.0115578354341,1320.0115578354341,0.025165804946784907,0.11563360386052271,candidate,training_only
ieee57_eval_seed_57105_block_8x8,ieee57,5,3,330.4571483193959,330.4571483193959,0.00606618972469067,0.04289041173210769,candidate,training_only
ieee57_eval_seed_57105_block_8x8,ieee57,5,4,-801.3880033755066,801.3880033755066,0.003924109417129912,0.015615857550806574,candidate,training_only
ieee57_eval_seed_57105_block_8x8,ieee57,5,5,0.0,0.0,0.0,0.0,zero,training_only
ieee57_eval_seed_57105_block_8x8,ieee57,5,6,2115.8881169226092,2115.8881169226092,0.009152876576821515,0.03665545707458883,candidate,training_only
ieee57_eval_seed_57105_block_8x8,ieee57,5,7,-485.5246631352174,485.5246631352174,0.000415592841823744,0.0013912517499585309,candidate,training_only
ieee57_eval_seed_57105_block_8x8,ieee57,6,0,2306.9383409030484,2306.9383409030484,0.07076296489738443,0.18387287104181263,candidate,training_only
ieee57_eval_seed_57105_block_8x8,ieee57,6,1,-2306.9383409030484,2306.9383409030484,0.07672482521533706,0.17226062954470628,candidate,training_only
ieee57_eval_seed_57105_block_8x8,ieee57,6,2,0.0,0.0,0.0,0.0,zero,training_only
ieee57_eval_seed_57105_block_8x8,ieee57,6,3,0.0,0.0,0.0,0.0,zero,training_only
ieee57_eval_seed_57105_block_8x8,ieee57,6,4,1496.8259881270244,1496.8259881270244,0.02847069743180724,0.11437990150853543,candidate,training_only
ieee57_eval_seed_57105_block_8x8,ieee57,6,5,-1512.560720151543,1512.560720151543,0.018536284540966296,0.1011298055141153,candidate,training_only
ieee57_eval_seed_57105_block_8x8,ieee57,6,6,0.0,0.0,0.0,0.0,zero,training_only
ieee57_eval_seed_57105_block_8x8,ieee57,6,7,0.0,0.0,0.0,0.0,zero,training_only
ieee57_eval_seed_57105_block_8x8,ieee57,7,0,-1513.497683584472,1513.497683584472,0.03961424237693949,0.09933222394189638,candidate,training_only
ieee57_eval_seed_57105_block_8x8,ieee57,7,1,1513.497683584472,1513.497683584472,0.04128030618648959,0.10200259890151052,candidate,training_only
ieee57_eval_seed_57105_block_8x8,ieee57,7,2,0.0,0.0,0.0,0.0,zero,training_only
ieee57_eval_seed_57105_block_8x8,ieee57,7,3,0.0,0.0,0.0,0.0,zero,training_only
ieee57_eval_seed_57105_block_8x8,ieee57,7,4,2314.9665709803517,2314.9665709803517,0.028887224638110404,0.11562527134192971,candidate,training_only
ieee57_eval_seed_57105_block_8x8,ieee57,7,5,-2305.510180892701,2305.510180892701,0.018333784565372095,0.10011745340749267,candidate,training_only
ieee57_eval_seed_57105_block_8x8,ieee57,7,6,0.0,0.0,0.0,0.0,zero,training_only
ieee57_eval_seed_57105_block_8x8,ieee57,7,7,0.0,0.0,0.0,0.0,zero,training_only
