instance_id,ieee_case,residual_seed,split,residual_fingerprint,residual_norm,residual_file,generation_source,generation_status,failure_reason
ieee14_eval_seed_14101_block_8x8,ieee14,1402000,held_out,435184d77755126e00b125dc4dcd11f85802eb3876a5c4dee1222b92fea0332d,16.575134405017515,residual_banks/ieee14_eval_seed_14101_block_8x8/held_out_seed_1402000.npy,ieee14_pypower_ac_weighted_jacobian,completed,
ieee14_eval_seed_14101_block_8x8,ieee14,1402001,held_out,e77c1ffb5ce7481c24524a07b3be17d244e499ab780ffe046bb46dc617a0e43d,15.976189033241825,residual_banks/ieee14_eval_seed_14101_block_8x8/held_out_seed_1402001.npy,ieee14_pypower_ac_weighted_jacobian,completed,
ieee14_eval_seed_14101_block_8x8,ieee14,1402002,held_out,8c16ad654646b2c30867fb9087a78b0c4605a375ad1b5a5d6ce6dfbb1264f306,18.966932596671576,residual_banks/ieee14_eval_seed_14101_block_8x8/held_out_seed_1402002.npy,ieee14_pypower_ac_weighted_jacobian,completed,
ieee14_eval_seed_14101_block_8x8,ieee14,1402003,held_out,200b51edf93d2f69c3bf7866213990637c2b74f22b09fb5f9cf815da4f79a278,17.67956775893316,residual_banks/ieee14_eval_seed_14101_block_8x8/held_out_seed_1402003.npy,ieee14_pypower_ac_weighted_jacobian,completed,
ieee14_eval_seed_14101_block_8x8,ieee14,1402004,held_out,5d4d289b323a46dab8151877432da8f6c4c531a612d0e4d4bdc0f268b5671ba4,11.078924244605703,residual_banks/ieee14_eval_seed_14101_block_8x8/held_out_seed_1402004.npy,ieee14_pypower_ac_weighted_jacobian,completed,
ieee14_eval_seed_14101_block_8x8,ieee14,1402005,held_out,cec89c8f9ae3f0da96aea3995066be11ea04e47fcbcfc19f2a56a8bf888ef509,28.72207375251553,residual_banks/ieee14_eval_seed_14101_block_8x8/held_out_seed_1402005.npy,ieee14_pypower_ac_weighted_jacobian,completed,
ieee14_eval_seed_14101_block_8x8,ieee14,1402006,held_out,81bfd9137a0a7fc6c29a2fa79ed70d58bae03bcf3f20ae2e9b6ef19dc3befbdf,16.18569848661908,residual_banks/ieee14_eval_seed_14101_block_8x8/held_out_seed_1402006.npy,ieee14_pypower_ac_weighted_jacobian,completed,
ieee14_eval_seed_14101_block_8x8,ieee14,1402007,held_out,d4714f92887f1d3654de6df82fa1ddbb8f412f8a11b45df56feaa1ed37f6e970,25.0256985063443,residual_banks/ieee14_eval_seed_14101_block_8x8/held_out_seed_1402007.npy,ieee14_pypower_ac_weighted_jacobian,completed,
ieee14_eval_seed_14101_block_8x8,ieee14,1402008,held_out,eb57edfea502111d71cfd45e0d4eb1141a244f12abc9954e038e22e5bbef4ae3,19.58441314154927,residual_banks/ieee14_eval_seed_14101_block_8x8/held_out_seed_1402008.npy,ieee14_pypower_ac_weighted_jacobian,completed,
ieee14_eval_seed_14101_block_8x8,ieee14,1402009,held_out,921d976e7f212eb015a50c55d340e3cfacea0eb42c31f6f7841449977bbe2ec9,12.774224298976549,residual_banks/ieee14_eval_seed_14101_block_8x8/held_out_seed_1402009.npy,ieee14_pypower_ac_weighted_jacobian,completed,
ieee14_eval_seed_14101_block_8x8,ieee14,1402010,held_out,70da7f79a7c6f7a88c9ad44caebfa8059a1a78798c9d905e0d41b419dbafdc3e,19.640293375797032,residual_banks/ieee14_eval_seed_14101_block_8x8/held_out_seed_1402010.npy,ieee14_pypower_ac_weighted_jacobian,completed,
ieee14_eval_seed_14101_block_8x8,ieee14,1402011,held_out,b42eb7681ac5ef50fad8408071731abd0d5cd3f2f757ccadfc9309ff1002c21a,32.419253991904924,residual_banks/ieee14_eval_seed_14101_block_8x8/held_out_seed_1402011.npy,ieee14_pypower_ac_weighted_jacobian,completed,
ieee14_eval_seed_14101_block_8x8,ieee14,1402012,held_out,b871a3a0f9f0631464886f3cae2d47d0d9ec295d0ecbb4633b1160248c16126b,21.830179399952478,residual_banks/ieee14_eval_seed_14101_block_8x8/held_out_seed_1402012.npy,ieee14_pypower_ac_weighted_jacobian,completed,
ieee14_eval_seed_14101_block_8x8,ieee14,1402013,held_out,60e72c863db5581f797f7895de7fc715fc7ba50fd72a7ae2578c62f07954fbd8,10.514097278864007,residual_banks/ieee14_eval_seed_14101_block_8x8/held_out_seed_1402013.npy,ieee14_pypower_ac_weighted_jacobian,completed,
ieee14_eval_seed_14101_block_8x8,ieee14,1402014,held_out,2848649f4df53ad4efc491f0bc18337e948856f80e03cc73ecc6923ba2981048,9.501730406355795,residual_banks/ieee14_eval_seed_14101_block_8x8/held_out_seed_1402014.npy,ieee14_pypower_ac_weighted_jacobian,completed,
ieee14_eval_seed_14101_block_8x8,ieee14,1402015,held_out,0f0dba36efb72f3bdc03b2fc3929f909086e633301a2efe506ef18d0659a909e,14.226863698556317,residual_banks/ieee14_eval_seed_14101_block_8x8/held_out_seed_1402015.npy,ieee14_pypower_ac_weighted_jacobian,completed,
ieee14_eval_seed_14101_block_8x8,ieee14,1402016,held_out,c0ad49a40d136e87a41fb53801748293a9291c2a55547daf6a567d18c01ddd7d,12.302158262100875,residual_banks/ieee14_eval_seed_14101_block_8x8/held_out_seed_1402016.npy,ieee14_pypower_ac_weighted_jacobian,completed,
ieee14_eval_seed_14101_block_8x8,ieee14,1402017,held_out,81d58ee18cdc17e59b1defb49467a435aa2050db0fd10b3396055486c01e1b52,10.747352317924385,residual_banks/ieee14_eval_seed_14101_block_8x8/held_out_seed_1402017.npy,ieee14_pypower_ac_weighted_jacobian,completed,
ieee14_eval_seed_14101_block_8x8,ieee14,1402018,held_out,6aeaded3eb5c2f6db0564819142b6a8a574be89fe0e560f4f0a48e1b8cbeb651,12.062130772496598,residual_banks/ieee14_eval_seed_14101_block_8x8/held_out_seed_1402018.npy,ieee14_pypower_ac_weighted_jacobian,completed,
ieee14_eval_seed_14101_block_8x8,ieee14,1402019,held_out,4b181db63b9b18aea58be680c03a3174943242048662c4869f7e48be6267477f,17.485536893399892,residual_banks/ieee14_eval_seed_14101_block_8x8/held_out_seed_1402019.npy,ieee14_pypower_ac_weighted_jacobian,completed,
ieee14_eval_seed_14101_block_8x8,ieee14,1401000,training,82e2bad6b24e041ab0e59c743e7a36966a44a318d006f0964e423271ad66f31e,20.775078864747744,residual_banks/ieee14_eval_seed_14101_block_8x8/training_seed_1401000.npy,ieee14_pypower_ac_weighted_jacobian,completed,
ieee14_eval_seed_14101_block_8x8,ieee14,1401001,training,cb64930c839501fda1b924a5cd658e3b0d1a2c97357d69fd5ed8d2a4f332ffeb,13.311497648498207,residual_banks/ieee14_eval_seed_14101_block_8x8/training_seed_1401001.npy,ieee14_pypower_ac_weighted_jacobian,completed,
ieee14_eval_seed_14101_block_8x8,ieee14,1401002,training,b28dc62210f753a2c7c5796e55f8702d501f40ebb7a204e4e5f2c1d9dd2dd050,12.337851551071077,residual_banks/ieee14_eval_seed_14101_block_8x8/training_seed_1401002.npy,ieee14_pypower_ac_weighted_jacobian,completed,
ieee14_eval_seed_14101_block_8x8,ieee14,1401003,training,04fe4319cbb2822ab143e23be52785f4cccba9a33a7c163d6d47b7b8a928d131,17.66311620431952,residual_banks/ieee14_eval_seed_14101_block_8x8/training_seed_1401003.npy,ieee14_pypower_ac_weighted_jacobian,completed,
ieee14_eval_seed_14101_block_8x8,ieee14,1401004,training,270025e80b25abb96c34b62e716e8d445d3a27acebb3895cc371637045b9405d,17.84171188880973,residual_banks/ieee14_eval_seed_14101_block_8x8/training_seed_1401004.npy,ieee14_pypower_ac_weighted_jacobian,completed,
ieee14_eval_seed_14101_block_8x8,ieee14,1401005,training,1efb5d70c3f96bb427475f7ca0d9332cae67a6721c804a3034cacf7591ac7fa7,11.948712367155535,residual_banks/ieee14_eval_seed_14101_block_8x8/training_seed_1401005.npy,ieee14_pypower_ac_weighted_jacobian,completed,
ieee14_eval_seed_14101_block_8x8,ieee14,1401006,training,308042b3458b17ec630fa759c5f99359da35e865ef9b7f94f24f42d35aa69c5b,14.113567471575575,residual_banks/ieee14_eval_seed_14101_block_8x8/training_seed_1401006.npy,ieee14_pypower_ac_weighted_jacobian,completed,
ieee14_eval_seed_14101_block_8x8,ieee14,1401007,training,c055c8d40504254869c368dd6bc2f8ebaca9e0084f4e48e81e1fe55d07535dfc,18.831302697851587,residual_banks/ieee14_eval_seed_14101_block_8x8/training_seed_1401007.npy,ieee14_pypower_ac_weighted_jacobian,completed,
ieee14_eval_seed_14101_block_8x8,ieee14,1401008,training,bcbede21acb3b1179d72deade032d4723bfca7333c50f2a069a5991cc12520ad,14.890100147937476,residual_banks/ieee14_eval_seed_14101_block_8x8/training_seed_1401008.npy,ieee14_pypower_ac_weighted_jacobian,completed,
ieee14_eval_seed_14101_block_8x8,ieee14,1401009,training,1c0ec038bc55e6159ad54ecefe7a99410187c1246a8a016d8fba7ec1d9d76721,9.642001311565252,residual_banks/ieee14_eval_seed_14101_block_8x8/training_seed_1401009.npy,ieee14_pypower_ac_weighted_jacobian,completed,
ieee14_eval_seed_14101_block_8x8,ieee14,1401010,training,08f43927d94bb1305ff8887626120c7f98161456baf0f2a9e440a1d8f2cf2c35,15.16177333172867,residual_banks/ieee14_eval_seed_14101_block_8x8/training_seed_1401010.npy,ieee14_pypower_ac_weighted_jacobian,completed,
ieee14_eval_seed_14101_block_8x8,ieee14,1401011,training,4594b76af0c7e048f7b15ec7f7f93725a9931205ee9288f2854c0242fe9b3c74,27.896347435447044,residual_banks/ieee14_eval_seed_14101_block_8x8/training_seed_1401011.npy,ieee14_pypower_ac_weighted_jacobian,completed,
ieee14_eval_seed_14101_block_8x8,ieee14,1401012,training,2126f83b322be60013fe2765d691ba8269e00a5d45f7f972d9b6d5de09f25d73,23.956995656873154,residual_banks/ieee14_eval_seed_14101_block_8x8/training_seed_1401012.npy,ieee14_pypower_ac_weighted_jacobian,completed,
ieee14_eval_seed_14101_block_8x8,ieee14,1401013,training,ca529ac9dba38806612071829a4e4d33a383fdfd89c4b5ed9a61d1b4b348344c,17.9724050365082,residual_banks/ieee14_eval_seed_14101_block_8x8/training_seed_1401013.npy,ieee14_pypower_ac_weighted_jacobian,completed,
ieee14_eval_seed_14101_block_8x8,ieee14,1401014,training,8d31bf9ba28c0f2d12a1abed059dbb37e9fdc774951edba6ca36e92eb34bf6f6,9.48027939636812,residual_banks/ieee14_eval_seed_14101_block_8x8/training_seed_1401014.npy,ieee14_pypower_ac_weighted_jacobian,completed,
ieee14_eval_seed_14101_block_8x8,ieee14,1401015,training,93f452cbb0b767035d2ef0a6abdb29a344e2a2505ca79e4c3f02a953ecca0740,30.01217610809127,residual_banks/ieee14_eval_seed_14101_block_8x8/training_seed_1401015.npy,ieee14_pypower_ac_weighted_jacobian,completed,
ieee14_eval_seed_14101_block_8x8,ieee14,1401016,training,82b35e058ab3311cd41429f8635952d77a92ba4f06ee27664577f7015b4aa656,17.40417532204508,residual_banks/ieee14_eval_seed_14101_block_8x8/training_seed_1401016.npy,ieee14_pypower_ac_weighted_jacobian,completed,
ieee14_eval_seed_14101_block_8x8,ieee14,1401017,training,a56291086127b2c9e5ece9a26eb18707d2164e8cbefe91c187d7151cb81115c1,19.84398466465962,residual_banks/ieee14_eval_seed_14101_block_8x8/training_seed_1401017.npy,ieee14_pypower_ac_weighted_jacobian,completed,
ieee14_eval_seed_14101_block_8x8,ieee14,1401018,training,7575b0aa99e26b93ad61a7c8d118204f3611ad4c541509a456b8991faf489818,23.014119122812385,residual_banks/ieee14_eval_seed_14101_block_8x8/training_seed_1401018.npy,ieee14_pypower_ac_weighted_jacobian,completed,
ieee14_eval_seed_14101_block_8x8,ieee14,1401019,training,8fd5eb9292b86ece5345e861fd6b1e43f1a115c5df2671d09886921caf33c53f,35.53797151377153,residual_banks/ieee14_eval_seed_14101_block_8x8/training_seed_1401019.npy,ieee14_pypower_ac_weighted_jacobian,completed,
ieee14_eval_seed_14102_block_8x8,ieee14,1412000,held_out,58fcadff4ad985376b0475c5599ef6533599d786291d0fd76cd6fbcd378182af,16.975024892883503,residual_banks/ieee14_eval_seed_14102_block_8x8/held_out_seed_1412000.npy,ieee14_pypower_ac_weighted_jacobian,completed,
ieee14_eval_seed_14102_block_8x8,ieee14,1412001,held_out,37e1a31a6f4bf80a66d4d625e2539db54e7ba97821829f854fd3c1ad4fdab1b0,13.95582106159279,residual_banks/ieee14_eval_seed_14102_block_8x8/held_out_seed_1412001.npy,ieee14_pypower_ac_weighted_jacobian,completed,
ieee14_eval_seed_14102_block_8x8,ieee14,1412002,held_out,3e22e19fc0f38122f3656edf1dd39d5d2a96693c24fcc116545e415b7dc37998,18.26704080357529,residual_banks/ieee14_eval_seed_14102_block_8x8/held_out_seed_1412002.npy,ieee14_pypower_ac_weighted_jacobian,completed,
ieee14_eval_seed_14102_block_8x8,ieee14,1412003,held_out,73d726c6ffd8112a4726999920054c6fe60cd04e262fa1542e8c73b6160c7b96,13.933256893255228,residual_banks/ieee14_eval_seed_14102_block_8x8/held_out_seed_1412003.npy,ieee14_pypower_ac_weighted_jacobian,completed,
ieee14_eval_seed_14102_block_8x8,ieee14,1412004,held_out,82936244971daa75c0da0f2d3f72887fa3518871a708634ca587e70c5e275798,17.241349112176334,residual_banks/ieee14_eval_seed_14102_block_8x8/held_out_seed_1412004.npy,ieee14_pypower_ac_weighted_jacobian,completed,
ieee14_eval_seed_14102_block_8x8,ieee14,1412005,held_out,70d15c605be3ae8737dc3e0f7120c2049debc079f47e1a02b866ccd6c09fc170,9.133305248701571,residual_banks/ieee14_eval_seed_14102_block_8x8/held_out_seed_1412005.npy,ieee14_pypower_ac_weighted_jacobian,completed,
ieee14_eval_seed_14102_block_8x8,ieee14,1412006,held_out,60c1763de049800841b42e2e9b7e1da46b3ecd178da51fcdefd49df1c4c7d024,10.662888972049254,residual_banks/ieee14_eval_seed_14102_block_8x8/held_out_seed_1412006.npy,ieee14_pypower_ac_weighted_jacobian,completed,
ieee14_eval_seed_14102_block_8x8,ieee14,1412007,held_out,b62b31894c9977cef9b50be14cc0cab57ea80204cc00c219e25f059f0debfc1d,19.352673384790197,residual_banks/ieee14_eval_seed_14102_block_8x8/held_out_seed_1412007.npy,ieee14_pypower_ac_weighted_jacobian,completed,
ieee14_eval_seed_14102_block_8x8,ieee14,1412008,held_out,66d417217d38cd65c01fe94aed29a4e03a15a07161be2d50ea4dc3161603f217,23.90725762001223,residual_banks/ieee14_eval_seed_14102_block_8x8/held_out_seed_1412008.npy,ieee14_pypower_ac_weighted_jacobian,completed,
ieee14_eval_seed_14102_block_8x8,ieee14,1412009,held_out,01c3e08322c1619be08a930776b1d8354c9761c3bddb108a45b9eef4a4723f0b,23.34446326009311,residual_banks/ieee14_eval_seed_14102_block_8x8/held_out_seed_1412009.npy,ieee14_pypower_ac_weighted_jacobian,completed,
ieee14_eval_seed_14102_block_8x8,ieee14,1412010,held_out,49c65dc64d998186a2f4e8f956db76d4683d06d9750df553b290dd624f757ba6,13.415914925964401,residual_banks/ieee14_eval_seed_14102_block_8x8/held_out_seed_1412010.npy,ieee14_pypower_ac_weighted_jacobian,completed,
ieee14_eval_seed_14102_block_8x8,ieee14,1412011,held_out,f4c8cee09163d073beb0d64fae008a6f1d4748754828c1006716d4b42de276f8,17.31478045378846,residual_banks/ieee14_eval_seed_14102_block_8x8/held_out_seed_1412011.npy,ieee14_pypower_ac_weighted_jacobian,completed,
ieee14_eval_seed_14102_block_8x8,ieee14,1412012,held_out,93e6a6530f6b87a0fa799085659a21bf7f5993e85a897efd9c27a2def10f0a96,19.08259625133397,residual_banks/ieee14_eval_seed_14102_block_8x8/held_out_seed_1412012.npy,ieee14_pypower_ac_weighted_jacobian,completed,
ieee14_eval_seed_14102_block_8x8,ieee14,1412013,held_out,c61cb393470dea73711bafb0891f95b853d4f8acc893762ab585322f602c5243,14.381087146653977,residual_banks/ieee14_eval_seed_14102_block_8x8/held_out_seed_1412013.npy,ieee14_pypower_ac_weighted_jacobian,completed,
ieee14_eval_seed_14102_block_8x8,ieee14,1412014,held_out,495b59fe22f45d299a2667f485e935fd34bf90f4f599c88b4a3de2af654b7336,21.479972598812626,residual_banks/ieee14_eval_seed_14102_block_8x8/held_out_seed_1412014.npy,ieee14_pypower_ac_weighted_jacobian,completed,
ieee14_eval_seed_14102_block_8x8,ieee14,1412015,held_out,5306eb56bb024e452ae19f87af30b93ed8c956b70180d8c1d57bd3dd2f4e6043,12.666469613721342,residual_banks/ieee14_eval_seed_14102_block_8x8/held_out_seed_1412015.npy,ieee14_pypower_ac_weighted_jacobian,completed,
ieee14_eval_seed_14102_block_8x8,ieee14,1412016,held_out,584e6f210f9c340dd13c919dc1864e5d33824367b77ce2d80d3fd1b7f2ad20b9,26.099310873412872,residual_banks/ieee14_eval_seed_14102_block_8x8/held_out_seed_1412016.npy,ieee14_pypower_ac_weighted_jacobian,completed,
ieee14_eval_seed_14102_block_8x8,ieee14,1412017,held_out,c3341e10f737e30bfd8bc567228b8330228e5d8f5d6a57daf257f55d0c1dfafb,19.37101195112438,residual_banks/ieee14_eval_seed_14102_block_8x8/held_out_seed_1412017.npy,ieee14_pypower_ac_weighted_jacobian,completed,
ieee14_eval_seed_14102_block_8x8,ieee14,1412018,held_out,7e9bac1b9ad6135dcfc1d63ef44c882515039d118aab7bed0e287acf7a879e13,16.5048879356608,residual_banks/ieee14_eval_seed_14102_block_8x8/held_out_seed_1412018.npy,ieee14_pypower_ac_weighted_jacobian,completed,
ieee14_eval_seed_14102_block_8x8,ieee14,1412019,held_out,da8290ff32dc725fc335a7de0fa7b878436a1636a06fbaadec4b798ee0d9fea5,19.357148808605746,residual_banks/ieee14_eval_seed_14102_block_8x8/held_out_seed_1412019.npy,ieee14_pypower_ac_weighted_jacobian,completed,
ieee14_eval_seed_14102_block_8x8,ieee14,1411000,training,464cbd8fff6bb744a307fb7e1b6b56069f4c117beb8c23720a9d975398ed698a,12.050854699637515,residual_banks/ieee14_eval_seed_14102_block_8x8/training_seed_1411000.npy,ieee14_pypower_ac_weighted_jacobian,completed,
ieee14_eval_seed_14102_block_8x8,ieee14,1411001,training,62379312c3b05f469585cfd364678fecf2a341505b048b92d6cdfe59dd64e82a,19.21212767410216,residual_banks/ieee14_eval_seed_14102_block_8x8/training_seed_1411001.npy,ieee14_pypower_ac_weighted_jacobian,completed,
ieee14_eval_seed_14102_block_8x8,ieee14,1411002,training,8d8b7ac5b23a7ecb4ce2f08ab65301c690492a446745559f1d33457c344b16a9,13.339874126105995,residual_banks/ieee14_eval_seed_14102_block_8x8/training_seed_1411002.npy,ieee14_pypower_ac_weighted_jacobian,completed,
ieee14_eval_seed_14102_block_8x8,ieee14,1411003,training,22d8e1b934a7ec84f2ad36fe61c32e58e520255862d408541246323e31986348,6.773315179629304,residual_banks/ieee14_eval_seed_14102_block_8x8/training_seed_1411003.npy,ieee14_pypower_ac_weighted_jacobian,completed,
ieee14_eval_seed_14102_block_8x8,ieee14,1411004,training,4c19eda0b3802dbbb26372c6fdafd8530a0f0dbf97e9bc5f5a30148f5463f5ca,10.87466126176696,residual_banks/ieee14_eval_seed_14102_block_8x8/training_seed_1411004.npy,ieee14_pypower_ac_weighted_jacobian,completed,
ieee14_eval_seed_14102_block_8x8,ieee14,1411005,training,1ba39611a86a8b0e7d9759ec8f244742d2a0aaee7caa62e4e00fcdc10197c120,13.603263100709247,residual_banks/ieee14_eval_seed_14102_block_8x8/training_seed_1411005.npy,ieee14_pypower_ac_weighted_jacobian,completed,
ieee14_eval_seed_14102_block_8x8,ieee14,1411006,training,dab9a10cc50f7d7900e27cd2fe0326815424a4aa26447e2f6197723df608302d,26.729101340880526,residual_banks/ieee14_eval_seed_14102_block_8x8/training_seed_1411006.npy,ieee14_pypower_ac_weighted_jacobian,completed,
ieee14_eval_seed_14102_block_8x8,ieee14,1411007,training,8c54dd99c416cdb2f6f0d1a308236f346d7165ac142cbe77444f92c4f83c6184,5.895328299725031,residual_banks/ieee14_eval_seed_14102_block_8x8/training_seed_1411007.npy,ieee14_pypower_ac_weighted_jacobian,completed,
ieee14_eval_seed_14102_block_8x8,ieee14,1411008,training,c0125408649d7afa2ee1408d5572a1588610cef6fd69ec5c73139b05d473a668,13.450853559672707,residual_banks/ieee14_eval_seed_14102_block_8x8/training_seed_1411008.npy,ieee14_pypower_ac_weighted_jacobian,completed,
ieee14_eval_seed_14102_block_8x8,ieee14,1411009,training,43098e851868970c7ad72b6e275216947dc691bc4e3c228c39077788b25eff62,20.46200511034085,residual_banks/ieee14_eval_seed_14102_block_8x8/training_seed_1411009.npy,ieee14_pypower_ac_weighted_jacobian,completed,
ieee14_eval_seed_14102_block_8x8,ieee14,1411010,training,5c8029a7b0ce810f3cb0069aeb207d5e1d02b55f5177f21037d79e2b7b4613a0,11.32669936992747,residual_banks/ieee14_eval_seed_14102_block_8x8/training_seed_1411010.npy,ieee14_pypower_ac_weighted_jacobian,completed,
ieee14_eval_seed_14102_block_8x8,ieee14,1411011,training,fe6c8b88f17729d999d73228d48661c9e1c8979e77baf55d8bdd9f3f2eb99783,10.847431448286125,residual_banks/ieee14_eval_seed_14102_block_8x8/training_seed_1411011.npy,ieee14_pypower_ac_weighted_jacobian,completed,
ieee14_eval_seed_14102_block_8x8,ieee14,1411012,training,231a57dabe83393600044386b0875eeb7120b6794574104c048e6fc6e3854475,30.436466272261143,residual_banks/ieee14_eval_seed_14102_block_8x8/training_seed_1411012.npy,ieee14_pypower_ac_weighted_jacobian,completed,
ieee14_eval_seed_14102_block_8x8,ieee14,1411013,training,e94f3456a424fada60b3511e6d375c31099f7ce5fb509a06876980ead31ab4a7,16.574325370207944,residual_banks/ieee14_eval_seed_14102_block_8x8/training_seed_1411013.npy,ieee14_pypower_ac_weighted_jacobian,completed,
ieee14_eval_seed_14102_block_8x8,ieee14,1411014,training,361f76a3c0b037e63368a364d4f6dc5a913f881e54544fa7664b97d90a53442c,16.619203414024557,residual_banks/ieee14_eval_seed_14102_block_8x8/training_seed_1411014.npy,ieee14_pypower_ac_weighted_jacobian,completed,
ieee14_eval_seed_14102_block_8x8,ieee14,1411015,training,513362a4d962a814a9d0b6b26185f7400296eab40fbb4bf4d2388d1e1ba878e6,8.925378972632256,residual_banks/ieee14_eval_seed_14102_block_8x8/training_seed_1411015.npy,ieee14_pypower_ac_weighted_jacobian,completed,
ieee14_eval_seed_14102_block_8x8,ieee14,1411016,training,0d3c9f3a18627e972dae3f1f1eeff1875c8d1800961ecb10de86c99eba9db32d,15.652882420729595,residual_banks/ieee14_eval_seed_14102_block_8x8/training_seed_1411016.npy,ieee14_pypower_ac_weighted_jacobian,completed,
ieee14_eval_seed_14102_block_8x8,ieee14,1411017,training,b77cbe3458f00946b953cee1eb294e6941ddfa4f23ed9f25c390421179d8a967,17.685291968122062,residual_banks/ieee14_eval_seed_14102_block_8x8/training_seed_1411017.npy,ieee14_pypower_ac_weighted_jacobian,completed,
ieee14_eval_seed_14102_block_8x8,ieee14,1411018,training,9a116a789bb97995b295238a4757db9e069556f26a12f5605c3baa7283783f5a,9.825537905134869,residual_banks/ieee14_eval_seed_14102_block_8x8/training_seed_1411018.npy,ieee14_pypower_ac_weighted_jacobian,completed,
ieee14_eval_seed_14102_block_8x8,ieee14,1411019,training,90bf9b3505123987ed80b5fa1c3f1b43b7d8e05b61de3360ef07efb545325b86,15.250298694997191,residual_banks/ieee14_eval_seed_14102_block_8x8/training_seed_1411019.npy,ieee14_pypower_ac_weighted_jacobian,completed,
ieee14_eval_seed_14103_block_8x8,ieee14,1422000,held_out,4189bf4ec8e63391c3251f2b07e4266c713df71b16245c4354d3501981837790,17.528694086055662,residual_banks/ieee14_eval_seed_14103_block_8x8/held_out_seed_1422000.npy,ieee14_pypower_ac_weighted_jacobian,completed,
ieee14_eval_seed_14103_block_8x8,ieee14,1422001,held_out,59a8507c6a0eeaf7431f10f04baea66ecfb19fb483cb28eca7cc36e9e1e9169a,14.24082634753252,residual_banks/ieee14_eval_seed_14103_block_8x8/held_out_seed_1422001.npy,ieee14_pypower_ac_weighted_jacobian,completed,
ieee14_eval_seed_14103_block_8x8,ieee14,1422002,held_out,2d74e1f8178c609db99dd5bbd36127959344f0e3900c510bfcbc3544e5f7f8af,9.809167366335455,residual_banks/ieee14_eval_seed_14103_block_8x8/held_out_seed_1422002.npy,ieee14_pypower_ac_weighted_jacobian,completed,
ieee14_eval_seed_14103_block_8x8,ieee14,1422003,held_out,eeedee0d7e25501d2cc430e481994cd603db1d6d4752227209ec068bfc2e3948,15.758117193109337,residual_banks/ieee14_eval_seed_14103_block_8x8/held_out_seed_1422003.npy,ieee14_pypower_ac_weighted_jacobian,completed,
ieee14_eval_seed_14103_block_8x8,ieee14,1422004,held_out,77688f1aae5931cc6f66f12cc9fdd15ac09f80e571e80d6a9cd144ca58287c0a,21.463303663706387,residual_banks/ieee14_eval_seed_14103_block_8x8/held_out_seed_1422004.npy,ieee14_pypower_ac_weighted_jacobian,completed,
ieee14_eval_seed_14103_block_8x8,ieee14,1422005,held_out,b67c02d8a76578f1d227941181de436719faaec0e4953780a2457c437485e16d,11.390098644927948,residual_banks/ieee14_eval_seed_14103_block_8x8/held_out_seed_1422005.npy,ieee14_pypower_ac_weighted_jacobian,completed,
ieee14_eval_seed_14103_block_8x8,ieee14,1422006,held_out,e4091c82e88ff0796448e24c94fcc3422132e3e17fe37bf6e1b5eb5fe65b5bc7,19.887332585463597,residual_banks/ieee14_eval_seed_14103_block_8x8/held_out_seed_1422006.npy,ieee14_pypower_ac_weighted_jacobian,completed,
ieee14_eval_seed_14103_block_8x8,ieee14,1422007,held_out,8873d17330b942eee69f6442f763c067a314fbdf0bc04bd3f043b310a00f3482,20.20801370418903,residual_banks/ieee14_eval_seed_14103_block_8x8/held_out_seed_1422007.npy,ieee14_pypower_ac_weighted_jacobian,completed,
ieee14_eval_seed_14103_block_8x8,ieee14,1422008,held_out,641dce483e61f7e9e30e5d6f9e3692e252dfe64b9239b5e56cd9fbd92dc5d4d5,25.115084946723854,residual_banks/ieee14_eval_seed_14103_block_8x8/held_out_seed_1422008.npy,ieee14_pypower_ac_weighted_jacobian,completed,
ieee14_eval_seed_14103_block_8x8,ieee14,1422009,held_out,b3fe6a5f40dc8cad3bcac8817a9d1ea458a0466d7a2c1e2a53e9174281ec722d,18.418900140608233,residual_banks/ieee14_eval_seed_14103_block_8x8/held_out_seed_1422009.npy,ieee14_pypower_ac_weighted_jacobian,completed,
ieee14_eval_seed_14103_block_8x8,ieee14,1422010,held_out,ee707986aa8cb1280feea607fe26a47365288a1598af5cc6cd96835a8a407d14,14.991022893697073,residual_banks/ieee14_eval_seed_14103_block_8x8/held_out_seed_1422010.npy,ieee14_pypower_ac_weighted_jacobian,completed,
ieee14_eval_seed_14103_block_8x8,ieee14,1422011,held_out,2d8a3b69958db3656a0894c365c15a1cf1e7da9885982f637c593f70633952d2,18.309448520428564,residual_banks/ieee14_eval_seed_14103_block_8x8/held_out_seed_1422011.npy,ieee14_pypower_ac_weighted_jacobian,completed,
ieee14_eval_seed_14103_block_8x8,ieee14,1422012,held_out,47edd331560d1b7f8d7d2d38dabb2e7a0755863fd778c18e56ebf0df12490a64,3.51904763828714,residual_banks/ieee14_eval_seed_14103_block_8x8/held_out_seed_1422012.npy,ieee14_pypower_ac_weighted_jacobian,completed,
ieee14_eval_seed_14103_block_8x8,ieee14,1422013,held_out,5871b7a2bfa0cff4fbabcd2ce6b2ce526c8afdc36c71e5d56638a8fa268f5c90,21.433297973415346,residual_banks/ieee14_eval_seed_14103_block_8x8/held_out_seed_1422013.npy,ieee14_pypower_ac_weighted_jacobian,completed,
ieee14_eval_seed_14103_block_8x8,ieee14,1422014,held_out,dbbf864af09bb84aa6d03fa371397eb7dcbe103fa571f2aea4105c44086248e3,19.44628400185655,residual_banks/ieee14_eval_seed_14103_block_8x8/held_out_seed_1422014.npy,ieee14_pypower_ac_weighted_jacobian,completed,
ieee14_eval_seed_14103_block_8x8,ieee14,1422015,held_out,53a186123719558d45fc788069eaabaf407cb4a11b3f9953307780fccd841395,15.303971912384629,residual_banks/ieee14_eval_seed_14103_block_8x8/held_out_seed_1422015.npy,ieee14_pypower_ac_weighted_jacobian,completed,
ieee14_eval_seed_14103_block_8x8,ieee14,1422016,held_out,e3c51747bda0cb58c8143fb613c1a996ec3254226e01353a00b94d4206654d3a,17.49787132579091,residual_banks/ieee14_eval_seed_14103_block_8x8/held_out_seed_1422016.npy,ieee14_pypower_ac_weighted_jacobian,completed,
ieee14_eval_seed_14103_block_8x8,ieee14,1422017,held_out,3e241d347a4187ce10d50f88b037f6bdce3da1b9e9a800cd5500d24121b5369a,15.198078942296476,residual_banks/ieee14_eval_seed_14103_block_8x8/held_out_seed_1422017.npy,ieee14_pypower_ac_weighted_jacobian,completed,
ieee14_eval_seed_14103_block_8x8,ieee14,1422018,held_out,994e3c3e5a5832c7b3633c70d2cbcbb0e5115963f0b4627b1d7a503690d14a97,15.692176163878505,residual_banks/ieee14_eval_seed_14103_block_8x8/held_out_seed_1422018.npy,ieee14_pypower_ac_weighted_jacobian,completed,
ieee14_eval_seed_14103_block_8x8,ieee14,1422019,held_out,610b21eb49b3d9c8da6135003fbd00ac2fdf00a3ccb66cb549171e7019b0de22,12.358420285858628,residual_banks/ieee14_eval_seed_14103_block_8x8/held_out_seed_1422019.npy,ieee14_pypower_ac_weighted_jacobian,completed,
ieee14_eval_seed_14103_block_8x8,ieee14,1421000,training,833f3f0f91909dd95203654b5723f8babc5ddf1b1b4ebae8fc17e86e5dca0395,12.650712888685211,residual_banks/ieee14_eval_seed_14103_block_8x8/training_seed_1421000.npy,ieee14_pypower_ac_weighted_jacobian,completed,
ieee14_eval_seed_14103_block_8x8,ieee14,1421001,training,aadae07129d72d6b79ee7d9885a3c1d1cb5ae6d34e088a27aa187dbda726ef85,33.84247166738256,residual_banks/ieee14_eval_seed_14103_block_8x8/training_seed_1421001.npy,ieee14_pypower_ac_weighted_jacobian,completed,
ieee14_eval_seed_14103_block_8x8,ieee14,1421002,training,079ecbbb36c49c483fe24915c49d5bd2a972bc2049bc7037164db01ae5d429f3,10.66942343241603,residual_banks/ieee14_eval_seed_14103_block_8x8/training_seed_1421002.npy,ieee14_pypower_ac_weighted_jacobian,completed,
ieee14_eval_seed_14103_block_8x8,ieee14,1421003,training,270be16cd3e83437925f5a292892e4555f13c7635be98c8868a534d410802698,20.656605830401894,residual_banks/ieee14_eval_seed_14103_block_8x8/training_seed_1421003.npy,ieee14_pypower_ac_weighted_jacobian,completed,
ieee14_eval_seed_14103_block_8x8,ieee14,1421004,training,bacd0f90e43dbd09cbaf2323927e1ef81627e2da1e433a8a5cba8a5407af1717,9.84204798816836,residual_banks/ieee14_eval_seed_14103_block_8x8/training_seed_1421004.npy,ieee14_pypower_ac_weighted_jacobian,completed,
ieee14_eval_seed_14103_block_8x8,ieee14,1421005,training,06d95824340caf77a8d5598034b1a8d9a5c2994c8c42d2482932d64b184e3618,15.46940815187098,residual_banks/ieee14_eval_seed_14103_block_8x8/training_seed_1421005.npy,ieee14_pypower_ac_weighted_jacobian,completed,
ieee14_eval_seed_14103_block_8x8,ieee14,1421006,training,43506c7e5725a2da6c2f31f707284e71fc4dc3d4792887166dfaf30f2a5f2cf8,10.032721101276092,residual_banks/ieee14_eval_seed_14103_block_8x8/training_seed_1421006.npy,ieee14_pypower_ac_weighted_jacobian,completed,
ieee14_eval_seed_14103_block_8x8,ieee14,1421007,training,227c41c74ffb5187cc082d035134828f350d7d03b888267064da296d0a7662b6,11.051138230760339,residual_banks/ieee14_eval_seed_14103_block_8x8/training_seed_1421007.npy,ieee14_pypower_ac_weighted_jacobian,completed,
ieee14_eval_seed_14103_block_8x8,ieee14,1421008,training,ffd90b265ec2889835ffd40b99d3b79271ec732c0d9ba6d8d7b2d3b7095d99a5,14.717357949010799,residual_banks/ieee14_eval_seed_14103_block_8x8/training_seed_1421008.npy,ieee14_pypower_ac_weighted_jacobian,completed,
ieee14_eval_seed_14103_block_8x8,ieee14,1421009,training,f32fb30ec42d70997242d5e55e1442befd35cd2a900c853beb1065939fdee7e6,17.90967135316902,residual_banks/ieee14_eval_seed_14103_block_8x8/training_seed_1421009.npy,ieee14_pypower_ac_weighted_jacobian,completed,
ieee14_eval_seed_14103_block_8x8,ieee14,1421010,training,02ca337d14c48582341492b05f2d8c498244d4724a80707457d26ac1ab9fdca2,11.56925778162732,residual_banks/ieee14_eval_seed_14103_block_8x8/training_seed_1421010.npy,ieee14_pypower_ac_weighted_jacobian,completed,
ieee14_eval_seed_14103_block_8x8,ieee14,1421011,training,75c5962b276c52e6436e7c20dd65357a337a9f16335dcea5a5e4e6d72e074f59,19.6053291338759,residual_banks/ieee14_eval_seed_14103_block_8x8/training_seed_1421011.npy,ieee14_pypower_ac_weighted_jacobian,completed,
ieee14_eval_seed_14103_block_8x8,ieee14,1421012,training,d5e6bd9892c99e50cfd3e8ec82ea97158c3b938bc702d520159a4cf3ee8f50b9,19.730009836881024,residual_banks/ieee14_eval_seed_14103_block_8x8/training_seed_1421012.npy,ieee14_pypower_ac_weighted_jacobian,completed,
ieee14_eval_seed_14103_block_8x8,ieee14,1421013,training,83b0d5c7735f5c1733267960cbd1219d246ade883812bac95e277f2f5d5f3f4a,9.158695426396509,residual_banks/ieee14_eval_seed_14103_block_8x8/training_seed_1421013.npy,ieee14_pypower_ac_weighted_jacobian,completed,
ieee14_eval_seed_14103_block_8x8,ieee14,1421014,training,f7006ded1d8f66db4e22fb338a8df2a47bb8591ff2759591427f96949f47bee7,26.978419255418533,residual_banks/ieee14_eval_seed_14103_block_8x8/training_seed_1421014.npy,ieee14_pypower_ac_weighted_jacobian,completed,
ieee14_eval_seed_14103_block_8x8,ieee14,1421015,training,e18b6c7060a1ea96f19d6990fec2a2186b11489a3cd765e9f9181b353f7cd76c,12.267999013968407,residual_banks/ieee14_eval_seed_14103_block_8x8/training_seed_1421015.npy,ieee14_pypower_ac_weighted_jacobian,completed,
ieee14_eval_seed_14103_block_8x8,ieee14,1421016,training,9a38f68b6b2fd7b898fd449da5e421eb23c18a0cb319f5035b1287f11aadf881,15.715272665307772,residual_banks/ieee14_eval_seed_14103_block_8x8/training_seed_1421016.npy,ieee14_pypower_ac_weighted_jacobian,completed,
ieee14_eval_seed_14103_block_8x8,ieee14,1421017,training,15c4f7fb474458fd4dcce111989584fcbdb2976e5d9d4b6408dcdfd74f171ddf,21.73069228024263,residual_banks/ieee14_eval_seed_14103_block_8x8/training_seed_1421017.npy,ieee14_pypower_ac_weighted_jacobian,completed,
ieee14_eval_seed_14103_block_8x8,ieee14,1421018,training,94a1efe488f2f7ad85dccca9d740659be937099f8b066ef9e28efbaadd88f85a,17.050283340677154,residual_banks/ieee14_eval_seed_14103_block_8x8/training_seed_1421018.npy,ieee14_pypower_ac_weighted_jacobian,completed,
ieee14_eval_seed_14103_block_8x8,ieee14,1421019,training,50ee65a7bb536f27146ad4e893e255232588b66ee22e3d8a9e1804d9670450b1,13.925152698678737,residual_banks/ieee14_eval_seed_14103_block_8x8/training_seed_1421019.npy,ieee14_pypower_ac_weighted_jacobian,completed,
ieee14_eval_seed_14104_block_8x8,ieee14,1432000,held_out,917a1d2c55998beb7effe02a1b4aa5bc5fbec151180672051dc14b07949a60b1,23.167916407868145,residual_banks/ieee14_eval_seed_14104_block_8x8/held_out_seed_1432000.npy,ieee14_pypower_ac_weighted_jacobian,completed,
ieee14_eval_seed_14104_block_8x8,ieee14,1432001,held_out,dc75c9d747244bf53afe918e08fe4dfa084ef8a5c36ea771c8819a04ac1f6845,15.68742815892958,residual_banks/ieee14_eval_seed_14104_block_8x8/held_out_seed_1432001.npy,ieee14_pypower_ac_weighted_jacobian,completed,
ieee14_eval_seed_14104_block_8x8,ieee14,1432002,held_out,c83a255a2340db9905cdaf44743dba4a7938bac60480c66e5b758608b4b249b4,23.022321189760127,residual_banks/ieee14_eval_seed_14104_block_8x8/held_out_seed_1432002.npy,ieee14_pypower_ac_weighted_jacobian,completed,
ieee14_eval_seed_14104_block_8x8,ieee14,1432003,held_out,a0fb784653214b1386e1e20f187c3121087dd5ef270ab3bbe66e9ce57245b5b6,18.628373909664276,residual_banks/ieee14_eval_seed_14104_block_8x8/held_out_seed_1432003.npy,ieee14_pypower_ac_weighted_jacobian,completed,
ieee14_eval_seed_14104_block_8x8,ieee14,1432004,held_out,df13400e79d01fd1d8b2d44d86f4f45cb24313576d7bdc3f7b7afb7e5291874d,25.40282995810411,residual_banks/ieee14_eval_seed_14104_block_8x8/held_out_seed_1432004.npy,ieee14_pypower_ac_weighted_jacobian,completed,
ieee14_eval_seed_14104_block_8x8,ieee14,1432005,held_out,f86cce6037a2c62801acbdcf03f9af84948b81f074ebc67867e3c43c0aa91f06,15.547280244135154,residual_banks/ieee14_eval_seed_14104_block_8x8/held_out_seed_1432005.npy,ieee14_pypower_ac_weighted_jacobian,completed,
ieee14_eval_seed_14104_block_8x8,ieee14,1432006,held_out,c2906d2c5ef0a01dedac6443531eaf1a39227f5fa30064b8092568723eed6a3d,17.31676690769707,residual_banks/ieee14_eval_seed_14104_block_8x8/held_out_seed_1432006.npy,ieee14_pypower_ac_weighted_jacobian,completed,
ieee14_eval_seed_14104_block_8x8,ieee14,1432007,held_out,3b078020dd0619b51713e1aed9df22daa7513fe22ccfc952acdab983b485492c,17.990463063379014,residual_banks/ieee14_eval_seed_14104_block_8x8/held_out_seed_1432007.npy,ieee14_pypower_ac_weighted_jacobian,completed,
ieee14_eval_seed_14104_block_8x8,ieee14,1432008,held_out,80125a230b745d644ad49a84f7802e9525493704e44f5b95b8caf7604b1a9c0b,21.728039891657776,residual_banks/ieee14_eval_seed_14104_block_8x8/held_out_seed_1432008.npy,ieee14_pypower_ac_weighted_jacobian,completed,
ieee14_eval_seed_14104_block_8x8,ieee14,1432009,held_out,f1205ee0b0e45e83e74633b869f4c1bc7ad0ea4bbab71412c92fb278aab3a3d2,13.247078415671057,residual_banks/ieee14_eval_seed_14104_block_8x8/held_out_seed_1432009.npy,ieee14_pypower_ac_weighted_jacobian,completed,
ieee14_eval_seed_14104_block_8x8,ieee14,1432010,held_out,17aaa3693e8833a24f53f874171e5bcb9cb30fee7970e269553e909ddd7cff8d,13.033471869199614,residual_banks/ieee14_eval_seed_14104_block_8x8/held_out_seed_1432010.npy,ieee14_pypower_ac_weighted_jacobian,completed,
ieee14_eval_seed_14104_block_8x8,ieee14,1432011,held_out,257aa3f1e042976d754ebb0393e3d3481f0be21ffc455e59e2385288b64e7d05,20.547897372748604,residual_banks/ieee14_eval_seed_14104_block_8x8/held_out_seed_1432011.npy,ieee14_pypower_ac_weighted_jacobian,completed,
ieee14_eval_seed_14104_block_8x8,ieee14,1432012,held_out,335dd5bfc4c50846c9e7fda7e115ff14a4dafe701b666a94660acab0b3353220,13.311407998234818,residual_banks/ieee14_eval_seed_14104_block_8x8/held_out_seed_1432012.npy,ieee14_pypower_ac_weighted_jacobian,completed,
ieee14_eval_seed_14104_block_8x8,ieee14,1432013,held_out,538cbbf8c99eae8424249f6435b0daaddbf55c875edc0fda96fb28e4d6756351,18.30345588495383,residual_banks/ieee14_eval_seed_14104_block_8x8/held_out_seed_1432013.npy,ieee14_pypower_ac_weighted_jacobian,completed,
ieee14_eval_seed_14104_block_8x8,ieee14,1432014,held_out,0c66de16f3e4831d8d7217c016fba8c399a40ede5bfc154f1e1f31f91c0006c3,15.65007240342663,residual_banks/ieee14_eval_seed_14104_block_8x8/held_out_seed_1432014.npy,ieee14_pypower_ac_weighted_jacobian,completed,
ieee14_eval_seed_14104_block_8x8,ieee14,1432015,held_out,b4103809767aca9804c5bf61e60cff21e4a357c4a9281d3bfbff38335698b45e,17.852078501013576,residual_banks/ieee14_eval_seed_14104_block_8x8/held_out_seed_1432015.npy,ieee14_pypower_ac_weighted_jacobian,completed,
ieee14_eval_seed_14104_block_8x8,ieee14,1432016,held_out,ddad05cd58ae88ef40d6241a62f08a2d71d4dcfd7b950c5e79f6e2001787da74,24.263016207999748,residual_banks/ieee14_eval_seed_14104_block_8x8/held_out_seed_1432016.npy,ieee14_pypower_ac_weighted_jacobian,completed,
ieee14_eval_seed_14104_block_8x8,ieee14,1432017,held_out,f2f57fbc45695b059e2a20007b08d9bc5589ab7cf6be84dfbc02a620191c3902,10.086257685984599,residual_banks/ieee14_eval_seed_14104_block_8x8/held_out_seed_1432017.npy,ieee14_pypower_ac_weighted_jacobian,completed,
ieee14_eval_seed_14104_block_8x8,ieee14,1432018,held_out,16dbee64a7dc3062f745c21d2a4e0c77539af872b34efcde1e42d12f9d850792,25.205133907692442,residual_banks/ieee14_eval_seed_14104_block_8x8/held_out_seed_1432018.npy,ieee14_pypower_ac_weighted_jacobian,completed,
ieee14_eval_seed_14104_block_8x8,ieee14,1432019,held_out,438dd653c15e636d9afb54e078885722a7702459cf0dae98a6275cbdad17739d,30.744026687435827,residual_banks/ieee14_eval_seed_14104_block_8x8/held_out_seed_1432019.npy,ieee14_pypower_ac_weighted_jacobian,completed,
ieee14_eval_seed_14104_block_8x8,ieee14,1431000,training,4f738c6da9d7ccdbd39f57a1f9052b67741a5979b080606b8cede0703defdbd8,18.08806898904611,residual_banks/ieee14_eval_seed_14104_block_8x8/training_seed_1431000.npy,ieee14_pypower_ac_weighted_jacobian,completed,
ieee14_eval_seed_14104_block_8x8,ieee14,1431001,training,d9b846e91f086b472c57d23dc198948280f3fc224778d6db3fdc02eabe2fe248,21.659991667168025,residual_banks/ieee14_eval_seed_14104_block_8x8/training_seed_1431001.npy,ieee14_pypower_ac_weighted_jacobian,completed,
ieee14_eval_seed_14104_block_8x8,ieee14,1431002,training,c9ab7588527db182c5520333edd18d82f582daf968726c5e1d78bae03563db3a,9.455486202009991,residual_banks/ieee14_eval_seed_14104_block_8x8/training_seed_1431002.npy,ieee14_pypower_ac_weighted_jacobian,completed,
ieee14_eval_seed_14104_block_8x8,ieee14,1431003,training,748d9f22fa39dca21626179bb5cb2a8ef044e4df809c5ebaeb6c8ffc3fde4a45,27.573257032552505,residual_banks/ieee14_eval_seed_14104_block_8x8/training_seed_1431003.npy,ieee14_pypower_ac_weighted_jacobian,completed,
ieee14_eval_seed_14104_block_8x8,ieee14,1431004,training,183b6709cf9e5b122dbdc25980c486353709fbbb11a7593a68c6ba0254dce7f0,9.744336723480112,residual_banks/ieee14_eval_seed_14104_block_8x8/training_seed_1431004.npy,ieee14_pypower_ac_weighted_jacobian,completed,
ieee14_eval_seed_14104_block_8x8,ieee14,1431005,training,ba46675f86016e485c774341a1226b63fb110729e1586ae2396bba64581f5332,21.65956680590005,residual_banks/ieee14_eval_seed_14104_block_8x8/training_seed_1431005.npy,ieee14_pypower_ac_weighted_jacobian,completed,
ieee14_eval_seed_14104_block_8x8,ieee14,1431006,training,9285ca95e6c3fee44f887eb9a3f7e83156a373638d119b2de3fb4cac008a8b43,29.848640887826974,residual_banks/ieee14_eval_seed_14104_block_8x8/training_seed_1431006.npy,ieee14_pypower_ac_weighted_jacobian,completed,
ieee14_eval_seed_14104_block_8x8,ieee14,1431007,training,3bc544d8aa3691b8f2a0abf351dec795392816d918ba0121f0808cb10e99a3dc,31.616423312432893,residual_banks/ieee14_eval_seed_14104_block_8x8/training_seed_1431007.npy,ieee14_pypower_ac_weighted_jacobian,completed,
ieee14_eval_seed_14104_block_8x8,ieee14,1431008,training,221a211aebdc3dbec883cb9fe194e029047628d6709058c4ffcc410b376abe98,15.068709002014069,residual_banks/ieee14_eval_seed_14104_block_8x8/training_seed_1431008.npy,ieee14_pypower_ac_weighted_jacobian,completed,
ieee14_eval_seed_14104_block_8x8,ieee14,1431009,training,b004677f03f305655700d8aad64c9ad9d0108f123cbe38734bef98eba190d1a5,24.957901276153244,residual_banks/ieee14_eval_seed_14104_block_8x8/training_seed_1431009.npy,ieee14_pypower_ac_weighted_jacobian,completed,
ieee14_eval_seed_14104_block_8x8,ieee14,1431010,training,a8c6a6cedcdde66c13269a3cc54b9e9c1d427abb6241c29089d0a41468fa3be3,15.825356626155974,residual_banks/ieee14_eval_seed_14104_block_8x8/training_seed_1431010.npy,ieee14_pypower_ac_weighted_jacobian,completed,
ieee14_eval_seed_14104_block_8x8,ieee14,1431011,training,7f51641690e58d4ed7b9bfe4f167af4fd2fde43d6408cc11bccca271d28dff75,30.341440059229317,residual_banks/ieee14_eval_seed_14104_block_8x8/training_seed_1431011.npy,ieee14_pypower_ac_weighted_jacobian,completed,
ieee14_eval_seed_14104_block_8x8,ieee14,1431012,training,85174a4fded81e21a632c2b1a7a88f7c0d63772ae2facedef9dfb034e230cb1a,12.632100026414394,residual_banks/ieee14_eval_seed_14104_block_8x8/training_seed_1431012.npy,ieee14_pypower_ac_weighted_jacobian,completed,
ieee14_eval_seed_14104_block_8x8,ieee14,1431013,training,545aaeed1112c47311790196647987c7b9d3691f02ac8127a216504a2f352052,16.831979812868582,residual_banks/ieee14_eval_seed_14104_block_8x8/training_seed_1431013.npy,ieee14_pypower_ac_weighted_jacobian,completed,
ieee14_eval_seed_14104_block_8x8,ieee14,1431014,training,bb2fe4107463e97b387234f3234faa3c1dd867eec6fc70f73051fc2aec9de7f0,20.340608605526594,residual_banks/ieee14_eval_seed_14104_block_8x8/training_seed_1431014.npy,ieee14_pypower_ac_weighted_jacobian,completed,
ieee14_eval_seed_14104_block_8x8,ieee14,1431015,training,ba22f9444dc04e51afe9b0692f1d2015bb92586e547b98d2d730539ac3c57b64,16.43496924998027,residual_banks/ieee14_eval_seed_14104_block_8x8/training_seed_1431015.npy,ieee14_pypower_ac_weighted_jacobian,completed,
ieee14_eval_seed_14104_block_8x8,ieee14,1431016,training,25f6ac947f9c5b1b4675071652a16fb5af1646b58f7b3494d95f54171ef4765a,15.72434117847937,residual_banks/ieee14_eval_seed_14104_block_8x8/training_seed_1431016.npy,ieee14_pypower_ac_weighted_jacobian,completed,
ieee14_eval_seed_14104_block_8x8,ieee14,1431017,training,10e455e84c82a1a6197d8e97697fa130207bb5379ef245be40b72a49ce7cf9a5,31.396906532653862,residual_banks/ieee14_eval_seed_14104_block_8x8/training_seed_1431017.npy,ieee14_pypower_ac_weighted_jacobian,completed,
ieee14_eval_seed_14104_block_8x8,ieee14,1431018,training,f7aa2004ce8671ace38809cfab58eed85eb10247de78039e281be7e9534bf26c,22.80982785746276,residual_banks/ieee14_eval_seed_14104_block_8x8/training_seed_1431018.npy,ieee14_pypower_ac_weighted_jacobian,completed,
ieee14_eval_seed_14104_block_8x8,ieee14,1431019,training,0672f6b074f129b6f0fb1dbce1a6c7a2990bc642c97c557a6ea875175afe2701,25.16626921066179,residual_banks/ieee14_eval_seed_14104_block_8x8/training_seed_1431019.npy,ieee14_pypower_ac_weighted_jacobian,completed,
ieee14_eval_seed_14105_block_8x8,ieee14,1442000,held_out,b589ed081f8d55f6817a6397e73b18668ab0218bf5116516a515cfbfd5c06d68,15.431618276361354,residual_banks/ieee14_eval_seed_14105_block_8x8/held_out_seed_1442000.npy,ieee14_pypower_ac_weighted_jacobian,completed,
ieee14_eval_seed_14105_block_8x8,ieee14,1442001,held_out,6ae8cc534f994eb6c2e7cabb8ca5cd2d4c80afdd52aa8afc171b6928674d748f,13.463163952258702,residual_banks/ieee14_eval_seed_14105_block_8x8/held_out_seed_1442001.npy,ieee14_pypower_ac_weighted_jacobian,completed,
ieee14_eval_seed_14105_block_8x8,ieee14,1442002,held_out,ebfefdb87aa5dee4364ac8a2f0006bd96c2040136d0288d24c26960a031d13d6,22.91975589498578,residual_banks/ieee14_eval_seed_14105_block_8x8/held_out_seed_1442002.npy,ieee14_pypower_ac_weighted_jacobian,completed,
ieee14_eval_seed_14105_block_8x8,ieee14,1442003,held_out,e8900c794c28eb2d4d063e638d3c491a2d8f6ae0984ff955d40887bb1fc3e2f9,24.937673977967204,residual_banks/ieee14_eval_seed_14105_block_8x8/held_out_seed_1442003.npy,ieee14_pypower_ac_weighted_jacobian,completed,
ieee14_eval_seed_14105_block_8x8,ieee14,1442004,held_out,71e8d299013b9e463c59ca9cd956956bebbab1088beac26ca1d25d932773a0b4,16.454211947683888,residual_banks/ieee14_eval_seed_14105_block_8x8/held_out_seed_1442004.npy,ieee14_pypower_ac_weighted_jacobian,completed,
ieee14_eval_seed_14105_block_8x8,ieee14,1442005,held_out,72821d202c07f7c65682fc57c8ecfad2add06112dcfa41f2cd9a3fbc9635d096,27.23779407572414,residual_banks/ieee14_eval_seed_14105_block_8x8/held_out_seed_1442005.npy,ieee14_pypower_ac_weighted_jacobian,completed,
ieee14_eval_seed_14105_block_8x8,ieee14,1442006,held_out,435b3701b98cd7b7fc47e10ebf415765f70c53a1e560c8170ca00b3b28c1c758,16.754918845171616,residual_banks/ieee14_eval_seed_14105_block_8x8/held_out_seed_1442006.npy,ieee14_pypower_ac_weighted_jacobian,completed,
ieee14_eval_seed_14105_block_8x8,ieee14,1442007,held_out,579c07a778ec46ad5efcd7e74ba2432786d293c0f19691918b669cf46f071609,7.9672731045051,residual_banks/ieee14_eval_seed_14105_block_8x8/held_out_seed_1442007.npy,ieee14_pypower_ac_weighted_jacobian,completed,
ieee14_eval_seed_14105_block_8x8,ieee14,1442008,held_out,ff03837c69491924d5237888a863552c3775698bb134626ddc1a67f682fafb18,17.80704909010731,residual_banks/ieee14_eval_seed_14105_block_8x8/held_out_seed_1442008.npy,ieee14_pypower_ac_weighted_jacobian,completed,
ieee14_eval_seed_14105_block_8x8,ieee14,1442009,held_out,9db152d7001623d51ffb8bc1c5308356cdd821cee58af837853fd99cf766b72c,31.224185214524603,residual_banks/ieee14_eval_seed_14105_block_8x8/held_out_seed_1442009.npy,ieee14_pypower_ac_weighted_jacobian,completed,
ieee14_eval_seed_14105_block_8x8,ieee14,1442010,held_out,e8f387e738fd4d7aac723408cef84f8ac9f647f2ff2ad131bf543cc53c2151bc,8.802085290373755,residual_banks/ieee14_eval_seed_14105_block_8x8/held_out_seed_1442010.npy,ieee14_pypower_ac_weighted_jacobian,completed,
ieee14_eval_seed_14105_block_8x8,ieee14,1442011,held_out,43cd47468e6843732a5578fb9909a30ec5624a967c717c469c94bc84a8b5f37c,17.042595487669058,residual_banks/ieee14_eval_seed_14105_block_8x8/held_out_seed_1442011.npy,ieee14_pypower_ac_weighted_jacobian,completed,
ieee14_eval_seed_14105_block_8x8,ieee14,1442012,held_out,26438cde95bd99d1b04f3bd1d449eccb3ea289f0dc21c6cc0ecd152d0962ceee,27.587754379794205,residual_banks/ieee14_eval_seed_14105_block_8x8/held_out_seed_1442012.npy,ieee14_pypower_ac_weighted_jacobian,completed,
ieee14_eval_seed_14105_block_8x8,ieee14,1442013,held_out,d0c7011946e4084db6c5f0cd78f6a0daf2a3b7a06d83c17261715cd6ec427c8e,30.033464189018822,residual_banks/ieee14_eval_seed_14105_block_8x8/held_out_seed_1442013.npy,ieee14_pypower_ac_weighted_jacobian,completed,
ieee14_eval_seed_14105_block_8x8,ieee14,1442014,held_out,57302879fadf76d1080a89c0e0d745b7c1c673e74aaa2d62ac3d6b2772c5b121,19.322460739895376,residual_banks/ieee14_eval_seed_14105_block_8x8/held_out_seed_1442014.npy,ieee14_pypower_ac_weighted_jacobian,completed,
ieee14_eval_seed_14105_block_8x8,ieee14,1442015,held_out,b3634096c56fc667370e2e7bdecdef516e8daf75508b52c19654a69057915d94,16.03056671566378,residual_banks/ieee14_eval_seed_14105_block_8x8/held_out_seed_1442015.npy,ieee14_pypower_ac_weighted_jacobian,completed,
ieee14_eval_seed_14105_block_8x8,ieee14,1442016,held_out,2ea147677c0cec04e03a2af7b1503e71362e808bd8acda0ee8c60dfac876297c,9.620137993411893,residual_banks/ieee14_eval_seed_14105_block_8x8/held_out_seed_1442016.npy,ieee14_pypower_ac_weighted_jacobian,completed,
ieee14_eval_seed_14105_block_8x8,ieee14,1442017,held_out,ba973ef707a895f0fe72957219ca966b18d2c4f10aec22e4508eed9dab27fe96,23.671383781720753,residual_banks/ieee14_eval_seed_14105_block_8x8/held_out_seed_1442017.npy,ieee14_pypower_ac_weighted_jacobian,completed,
ieee14_eval_seed_14105_block_8x8,ieee14,1442018,held_out,c2ea0b3e98ca83ad26977f8b70926be28b7f4897aea48500d7d556c72be6782b,7.797390880869398,residual_banks/ieee14_eval_seed_14105_block_8x8/held_out_seed_1442018.npy,ieee14_pypower_ac_weighted_jacobian,completed,
ieee14_eval_seed_14105_block_8x8,ieee14,1442019,held_out,e3c14b76b13950d8cec1c3b812985e81e232f3f39c55073170fb60ba04167def,15.302312355872399,residual_banks/ieee14_eval_seed_14105_block_8x8/held_out_seed_1442019.npy,ieee14_pypower_ac_weighted_jacobian,completed,
ieee14_eval_seed_14105_block_8x8,ieee14,1441000,training,f0ce7c74c304e7f4c991ab2059655def0b4eac7baa75a2440611f7ed21c8428b,10.889168537387796,residual_banks/ieee14_eval_seed_14105_block_8x8/training_seed_1441000.npy,ieee14_pypower_ac_weighted_jacobian,completed,
ieee14_eval_seed_14105_block_8x8,ieee14,1441001,training,23f9c93a05ff5872b5496f3333b3f96fae30637bde6c0fcef55268a130051fb7,17.941622790206175,residual_banks/ieee14_eval_seed_14105_block_8x8/training_seed_1441001.npy,ieee14_pypower_ac_weighted_jacobian,completed,
ieee14_eval_seed_14105_block_8x8,ieee14,1441002,training,beaed30a6b95a6ce92f4dacc42aa9d6514accb8fd51c6709f1fe47ff48ff99b2,24.520219270847626,residual_banks/ieee14_eval_seed_14105_block_8x8/training_seed_1441002.npy,ieee14_pypower_ac_weighted_jacobian,completed,
ieee14_eval_seed_14105_block_8x8,ieee14,1441003,training,23626a4443ef768428036ba571d6521fece9568e031c205de06f6a6955ccb340,30.712501135996803,residual_banks/ieee14_eval_seed_14105_block_8x8/training_seed_1441003.npy,ieee14_pypower_ac_weighted_jacobian,completed,
ieee14_eval_seed_14105_block_8x8,ieee14,1441004,training,91ad36c9eac8e411b9fae89bd2fc996248f2358dd1bc46af2b58a957c49b5528,17.97415670763759,residual_banks/ieee14_eval_seed_14105_block_8x8/training_seed_1441004.npy,ieee14_pypower_ac_weighted_jacobian,completed,
ieee14_eval_seed_14105_block_8x8,ieee14,1441005,training,07a8a1a87ceddfa42344293a060526288459d099eeaf721f6431f556d86e96c4,9.148521045525039,residual_banks/ieee14_eval_seed_14105_block_8x8/training_seed_1441005.npy,ieee14_pypower_ac_weighted_jacobian,completed,
ieee14_eval_seed_14105_block_8x8,ieee14,1441006,training,2ba57f9db2cca6f7f7257b2215932850ef6730db75d1cf89e33695cb03a62d5b,18.67604096988072,residual_banks/ieee14_eval_seed_14105_block_8x8/training_seed_1441006.npy,ieee14_pypower_ac_weighted_jacobian,completed,
ieee14_eval_seed_14105_block_8x8,ieee14,1441007,training,f6913ee1ab86da3ec10e368fa46c8a6e3e0e6d3c4f12ea477cbd971ccc881975,14.049645610712544,residual_banks/ieee14_eval_seed_14105_block_8x8/training_seed_1441007.npy,ieee14_pypower_ac_weighted_jacobian,completed,
ieee14_eval_seed_14105_block_8x8,ieee14,1441008,training,e130ff307e07ec3f78130c9cfafe77e08310fbc68a43178bb8a75762e4eaf8f6,20.23686567570338,residual_banks/ieee14_eval_seed_14105_block_8x8/training_seed_1441008.npy,ieee14_pypower_ac_weighted_jacobian,completed,
ieee14_eval_seed_14105_block_8x8,ieee14,1441009,training,82941102dc65fa9cd16aef88ce6edcb4ce8420481ea671ace0e2f6d6325dfa55,21.584437962628638,residual_banks/ieee14_eval_seed_14105_block_8x8/training_seed_1441009.npy,ieee14_pypower_ac_weighted_jacobian,completed,
ieee14_eval_seed_14105_block_8x8,ieee14,1441010,training,9716c7b246aecffe249c7b48d437f887880be850291223901279463da5f07007,17.749384935795533,residual_banks/ieee14_eval_seed_14105_block_8x8/training_seed_1441010.npy,ieee14_pypower_ac_weighted_jacobian,completed,
ieee14_eval_seed_14105_block_8x8,ieee14,1441011,training,6719f0d287108ca81ca33fc75eb9e00a0146b0d901314ccd335ccf71fe7c1861,15.455967211332894,residual_banks/ieee14_eval_seed_14105_block_8x8/training_seed_1441011.npy,ieee14_pypower_ac_weighted_jacobian,completed,
ieee14_eval_seed_14105_block_8x8,ieee14,1441012,training,aa3908e2e64b520df8031bf72d4619f94dd0a85cb53572f9ddb207871ef45bd2,15.506358507661654,residual_banks/ieee14_eval_seed_14105_block_8x8/training_seed_1441012.npy,ieee14_pypower_ac_weighted_jacobian,completed,
ieee14_eval_seed_14105_block_8x8,ieee14,1441013,training,3b446a67e183ebab85b883fed28aed0eaf1445287b96f5d5fd4b4eba3f10b4fd,16.01432916773121,residual_banks/ieee14_eval_seed_14105_block_8x8/training_seed_1441013.npy,ieee14_pypower_ac_weighted_jacobian,completed,
ieee14_eval_seed_14105_block_8x8,ieee14,1441014,training,a01cc5ee40c12b765c14c176b9116916a9014be215b755cdb56046c501d6210d,21.17798434437942,residual_banks/ieee14_eval_seed_14105_block_8x8/training_seed_1441014.npy,ieee14_pypower_ac_weighted_jacobian,completed,
ieee14_eval_seed_14105_block_8x8,ieee14,1441015,training,8741d333cdd227c9800a8f370ba9fb4fb908a2f5fb12b3411f5bf95e4440ba37,6.5879556935129475,residual_banks/ieee14_eval_seed_14105_block_8x8/training_seed_1441015.npy,ieee14_pypower_ac_weighted_jacobian,completed,
ieee14_eval_seed_14105_block_8x8,ieee14,1441016,training,9dcf3e8ce1d7e19922511cdfeb27f601eea4ea8c71369372a432e22d436497e8,14.203713477389343,residual_banks/ieee14_eval_seed_14105_block_8x8/training_seed_1441016.npy,ieee14_pypower_ac_weighted_jacobian,completed,
ieee14_eval_seed_14105_block_8x8,ieee14,1441017,training,aee759de0d3388513f78a410c6261a1c260093d57a339585a8171dd1c18cc7c2,17.36118864096977,residual_banks/ieee14_eval_seed_14105_block_8x8/training_seed_1441017.npy,ieee14_pypower_ac_weighted_jacobian,completed,
ieee14_eval_seed_14105_block_8x8,ieee14,1441018,training,4d6587ac16b068c71e58302bc9f10b3faf248aa55c2def1a04405b000326387d,33.58043239434536,residual_banks/ieee14_eval_seed_14105_block_8x8/training_seed_1441018.npy,ieee14_pypower_ac_weighted_jacobian,completed,
ieee14_eval_seed_14105_block_8x8,ieee14,1441019,training,ba6da3544f04f4fcd91ad01df1db9285b71bea3ddf8135aa00ef959934681e2f,30.99885570474548,residual_banks/ieee14_eval_seed_14105_block_8x8/training_seed_1441019.npy,ieee14_pypower_ac_weighted_jacobian,completed,
ieee30_eval_seed_30101_block_8x8,ieee30,3002000,held_out,5787c363e9cef7ec3bebc35e8a711a7a4cbb3c0c8d1aa529d0e7fd23c9d086a1,21.324409498018795,residual_banks/ieee30_eval_seed_30101_block_8x8/held_out_seed_3002000.npy,ieee30_pypower_ac_weighted_jacobian,completed,
ieee30_eval_seed_30101_block_8x8,ieee30,3002001,held_out,5ab95b3bb9c0ca7f661b16790f606c0df8a7f93395b1e3a36e34c3dd8b738bdc,40.608333639624526,residual_banks/ieee30_eval_seed_30101_block_8x8/held_out_seed_3002001.npy,ieee30_pypower_ac_weighted_jacobian,completed,
ieee30_eval_seed_30101_block_8x8,ieee30,3002002,held_out,f0c54975429b977aa5f21630f130d5cc2a90c239dd9c67035eef209e58b8b4e9,37.50791949951782,residual_banks/ieee30_eval_seed_30101_block_8x8/held_out_seed_3002002.npy,ieee30_pypower_ac_weighted_jacobian,completed,
ieee30_eval_seed_30101_block_8x8,ieee30,3002003,held_out,40e33108194a103786ff2be33e77e8bb3d5542af87906995866e032ae3bfbe01,51.2678742423806,residual_banks/ieee30_eval_seed_30101_block_8x8/held_out_seed_3002003.npy,ieee30_pypower_ac_weighted_jacobian,completed,
ieee30_eval_seed_30101_block_8x8,ieee30,3002004,held_out,d168ef569e92dba43993198b3a78f18f822863fa4685cb909f761b15bdeb95b9,45.50964527925741,residual_banks/ieee30_eval_seed_30101_block_8x8/held_out_seed_3002004.npy,ieee30_pypower_ac_weighted_jacobian,completed,
ieee30_eval_seed_30101_block_8x8,ieee30,3002005,held_out,1a1d06559e57984ed8bd0dedd9f8241ed80a13d3de8088f5eaf2d8ce9dff4861,25.638467045638382,residual_banks/ieee30_eval_seed_30101_block_8x8/held_out_seed_3002005.npy,ieee30_pypower_ac_weighted_jacobian,completed,
ieee30_eval_seed_30101_block_8x8,ieee30,3002006,held_out,74c5358c407fd6535a6f0e4a053c3c29c893422b57ee706165068e3f7f40cdf7,49.33753017821671,residual_banks/ieee30_eval_seed_30101_block_8x8/held_out_seed_3002006.npy,ieee30_pypower_ac_weighted_jacobian,completed,
ieee30_eval_seed_30101_block_8x8,ieee30,3002007,held_out,83e42b9b4eb835b6fcd0da707180d07618687624c89572c2c6ccc9d8f03f4456,36.626005606090594,residual_banks/ieee30_eval_seed_30101_block_8x8/held_out_seed_3002007.npy,ieee30_pypower_ac_weighted_jacobian,completed,
ieee30_eval_seed_30101_block_8x8,ieee30,3002008,held_out,ca12fcd8ed098790a874e5ec774a16cda671047e973d0ff924b3458836fff359,20.517746931516417,residual_banks/ieee30_eval_seed_30101_block_8x8/held_out_seed_3002008.npy,ieee30_pypower_ac_weighted_jacobian,completed,
ieee30_eval_seed_30101_block_8x8,ieee30,3002009,held_out,2f567f5cdf6507e5209f7655f2d979446a4931b11a667eeb993acdfa635edc59,7.1122570637529385,residual_banks/ieee30_eval_seed_30101_block_8x8/held_out_seed_3002009.npy,ieee30_pypower_ac_weighted_jacobian,completed,
ieee30_eval_seed_30101_block_8x8,ieee30,3002010,held_out,e87e591a39660bee6fd16a6666a221b3c284fcb762cbde8d34063e9fea2e93e8,43.85013789510419,residual_banks/ieee30_eval_seed_30101_block_8x8/held_out_seed_3002010.npy,ieee30_pypower_ac_weighted_jacobian,completed,
ieee30_eval_seed_30101_block_8x8,ieee30,3002011,held_out,ca38a77d034167bab7a6830265e736b6f6ec0f371fca5b0f767d715c6e795e06,35.46834611920141,residual_banks/ieee30_eval_seed_30101_block_8x8/held_out_seed_3002011.npy,ieee30_pypower_ac_weighted_jacobian,completed,
ieee30_eval_seed_30101_block_8x8,ieee30,3002012,held_out,c8089f8631c9549217a8060d58d79eb1be55f5628cd1002bd9416efe5bd8eb50,22.257211050573524,residual_banks/ieee30_eval_seed_30101_block_8x8/held_out_seed_3002012.npy,ieee30_pypower_ac_weighted_jacobian,completed,
ieee30_eval_seed_30101_block_8x8,ieee30,3002013,held_out,5b9651ac07838f0efa1c6d2d9885c2a28287a42efcb2f7dda38633092fb5362c,63.123415759704805,residual_banks/ieee30_eval_seed_30101_block_8x8/held_out_seed_3002013.npy,ieee30_pypower_ac_weighted_jacobian,completed,
ieee30_eval_seed_30101_block_8x8,ieee30,3002014,held_out,2d4bcd461c052891fa223eac059178ad4a743ad503f1d54fb3ebcac86d74a2a4,29.607442428881157,residual_banks/ieee30_eval_seed_30101_block_8x8/held_out_seed_3002014.npy,ieee30_pypower_ac_weighted_jacobian,completed,
ieee30_eval_seed_30101_block_8x8,ieee30,3002015,held_out,f55e67d6b512d02bbd632d4e7785c60dad284069255e27756bea188b7443823c,21.87237278771193,residual_banks/ieee30_eval_seed_30101_block_8x8/held_out_seed_3002015.npy,ieee30_pypower_ac_weighted_jacobian,completed,
ieee30_eval_seed_30101_block_8x8,ieee30,3002016,held_out,e9cf9eadc1e52ce383ac4764143d806e102e131a969a82aa2e76e4e6680e2962,12.347174489501727,residual_banks/ieee30_eval_seed_30101_block_8x8/held_out_seed_3002016.npy,ieee30_pypower_ac_weighted_jacobian,completed,
ieee30_eval_seed_30101_block_8x8,ieee30,3002017,held_out,c34b6a82048f0b74fadbcfdffc6603d8969a49f9322ec5af2384fc74fa256af1,20.511156439313893,residual_banks/ieee30_eval_seed_30101_block_8x8/held_out_seed_3002017.npy,ieee30_pypower_ac_weighted_jacobian,completed,
ieee30_eval_seed_30101_block_8x8,ieee30,3002018,held_out,0394914a04ec07f4bf57b51fae08d59c035c42337df72b48262a3826ac3ff73f,26.552644620084923,residual_banks/ieee30_eval_seed_30101_block_8x8/held_out_seed_3002018.npy,ieee30_pypower_ac_weighted_jacobian,completed,
ieee30_eval_seed_30101_block_8x8,ieee30,3002019,held_out,6755ebddf206926cad0896922a811891bd0b6469496af0c7ccd9df8efa65bed3,19.896711527515194,residual_banks/ieee30_eval_seed_30101_block_8x8/held_out_seed_3002019.npy,ieee30_pypower_ac_weighted_jacobian,completed,
ieee30_eval_seed_30101_block_8x8,ieee30,3001000,training,b4ee1919403fd153985003f097d4bd7396a1b6b14138d239dff04870066ea310,49.855499541339775,residual_banks/ieee30_eval_seed_30101_block_8x8/training_seed_3001000.npy,ieee30_pypower_ac_weighted_jacobian,completed,
ieee30_eval_seed_30101_block_8x8,ieee30,3001001,training,63520eb2a6686e9f2b843f96e5486bac742c01cb342f049526f5a915f29d6208,34.43958884278421,residual_banks/ieee30_eval_seed_30101_block_8x8/training_seed_3001001.npy,ieee30_pypower_ac_weighted_jacobian,completed,
ieee30_eval_seed_30101_block_8x8,ieee30,3001002,training,89f27393a6ac28e28a0524255520121ac694fc617b1178b3113dff22acf9c33f,58.19288658941319,residual_banks/ieee30_eval_seed_30101_block_8x8/training_seed_3001002.npy,ieee30_pypower_ac_weighted_jacobian,completed,
ieee30_eval_seed_30101_block_8x8,ieee30,3001003,training,73d0537322cb93555adf8d9758419dddbc999b6d2180319b3945ba68a3150d81,27.559188410162815,residual_banks/ieee30_eval_seed_30101_block_8x8/training_seed_3001003.npy,ieee30_pypower_ac_weighted_jacobian,completed,
ieee30_eval_seed_30101_block_8x8,ieee30,3001004,training,c987f4a47af179e44815e3d2558f142d6f2eb81556a307c0a7860860f120492b,26.178295856900075,residual_banks/ieee30_eval_seed_30101_block_8x8/training_seed_3001004.npy,ieee30_pypower_ac_weighted_jacobian,completed,
ieee30_eval_seed_30101_block_8x8,ieee30,3001005,training,0a9604326b7579dd5d7486a13b73745773a1a6de46f7f33602c3861163405042,31.098312395179306,residual_banks/ieee30_eval_seed_30101_block_8x8/training_seed_3001005.npy,ieee30_pypower_ac_weighted_jacobian,completed,
ieee30_eval_seed_30101_block_8x8,ieee30,3001006,training,fcf71f619044f8bd0a9b4e20fef6580542e8136b85423b0c515cdf9e65d231b8,27.372384060082616,residual_banks/ieee30_eval_seed_30101_block_8x8/training_seed_3001006.npy,ieee30_pypower_ac_weighted_jacobian,completed,
ieee30_eval_seed_30101_block_8x8,ieee30,3001007,training,f3aec60d7516f8c0d460ba28d70ca9e8a4b2732179f43cdfb22031f2b8222e54,18.548886598109874,residual_banks/ieee30_eval_seed_30101_block_8x8/training_seed_3001007.npy,ieee30_pypower_ac_weighted_jacobian,completed,
ieee30_eval_seed_30101_block_8x8,ieee30,3001008,training,4d9991c17f5a37d74027c717940066c4704a45a2bb619c13b407b2c8e10ba3e2,54.637382609276976,residual_banks/ieee30_eval_seed_30101_block_8x8/training_seed_3001008.npy,ieee30_pypower_ac_weighted_jacobian,completed,
ieee30_eval_seed_30101_block_8x8,ieee30,3001009,training,74f9cbd2b85f69afacc119733aa0a1a0e727f8d440f3a0976085747836e59507,33.99275699707333,residual_banks/ieee30_eval_seed_30101_block_8x8/training_seed_3001009.npy,ieee30_pypower_ac_weighted_jacobian,completed,
ieee30_eval_seed_30101_block_8x8,ieee30,3001010,training,d94b8c847e36d772956a9da15519a7a7acfe81154659ae52f1691e765cfd7e65,21.9067063150362,residual_banks/ieee30_eval_seed_30101_block_8x8/training_seed_3001010.npy,ieee30_pypower_ac_weighted_jacobian,completed,
ieee30_eval_seed_30101_block_8x8,ieee30,3001011,training,9ed364888bb2945a932055d46fe651926fb41097582310e306d9ff1e97e3b28d,29.77305768858744,residual_banks/ieee30_eval_seed_30101_block_8x8/training_seed_3001011.npy,ieee30_pypower_ac_weighted_jacobian,completed,
ieee30_eval_seed_30101_block_8x8,ieee30,3001012,training,0b0fe7174298334d05c23839d38126a8331e4025290b22b0cfcf8842babcd368,20.821406987035214,residual_banks/ieee30_eval_seed_30101_block_8x8/training_seed_3001012.npy,ieee30_pypower_ac_weighted_jacobian,completed,
ieee30_eval_seed_30101_block_8x8,ieee30,3001013,training,0914ae41151a2eabd936042b0e2c1c9177222051a4c2c53c2fe50c08754a0c90,25.288531091800245,residual_banks/ieee30_eval_seed_30101_block_8x8/training_seed_3001013.npy,ieee30_pypower_ac_weighted_jacobian,completed,
ieee30_eval_seed_30101_block_8x8,ieee30,3001014,training,25e9862644ebf3d2934511aecff474da6281f35e5320ed99b14dc6d367832cc1,8.497316255366007,residual_banks/ieee30_eval_seed_30101_block_8x8/training_seed_3001014.npy,ieee30_pypower_ac_weighted_jacobian,completed,
ieee30_eval_seed_30101_block_8x8,ieee30,3001015,training,7e2d82e12c406b07edb04dd4ffc98054ca562e089d10b6903bbe75c5bb05e53b,41.100086243621476,residual_banks/ieee30_eval_seed_30101_block_8x8/training_seed_3001015.npy,ieee30_pypower_ac_weighted_jacobian,completed,
ieee30_eval_seed_30101_block_8x8,ieee30,3001016,training,8004d18659d12a01c20e626846abd79516a03d3dccc40286ba24fc0471104c84,47.09998367045591,residual_banks/ieee30_eval_seed_30101_block_8x8/training_seed_3001016.npy,ieee30_pypower_ac_weighted_jacobian,completed,
ieee30_eval_seed_30101_block_8x8,ieee30,3001017,training,86561542b439b26dfbd17ab341d1fe52c9650ec30d91f9816b88e2faa26ffeb2,15.454342660427033,residual_banks/ieee30_eval_seed_30101_block_8x8/training_seed_3001017.npy,ieee30_pypower_ac_weighted_jacobian,completed,
ieee30_eval_seed_30101_block_8x8,ieee30,3001018,training,3206ef111c3ee899bef7b1498346eb352a03389b35981091d8bf497bb11bbdf5,43.125736013278164,residual_banks/ieee30_eval_seed_30101_block_8x8/training_seed_3001018.npy,ieee30_pypower_ac_weighted_jacobian,completed,
ieee30_eval_seed_30101_block_8x8,ieee30,3001019,training,1eb91a0dee46f8adf628c93b5860a3f7656add6093d9f9459b2ee77e4539b556,27.48049333521338,residual_banks/ieee30_eval_seed_30101_block_8x8/training_seed_3001019.npy,ieee30_pypower_ac_weighted_jacobian,completed,
ieee30_eval_seed_30102_block_8x8,ieee30,3012000,held_out,43286b4b5021566fe72baf23584a4164ccf31f820998ec335c94c02729fb9c85,41.873212301851616,residual_banks/ieee30_eval_seed_30102_block_8x8/held_out_seed_3012000.npy,ieee30_pypower_ac_weighted_jacobian,completed,
ieee30_eval_seed_30102_block_8x8,ieee30,3012001,held_out,cb9331c64c18177fc41f0e56fd30a032768526647a488c0768274c5025cd92f0,15.487103047639867,residual_banks/ieee30_eval_seed_30102_block_8x8/held_out_seed_3012001.npy,ieee30_pypower_ac_weighted_jacobian,completed,
ieee30_eval_seed_30102_block_8x8,ieee30,3012002,held_out,c621f2067001d7f48f4ff0f0f306e055f4485f3b42e300f3b4c626851bd4f13d,41.46092283306193,residual_banks/ieee30_eval_seed_30102_block_8x8/held_out_seed_3012002.npy,ieee30_pypower_ac_weighted_jacobian,completed,
ieee30_eval_seed_30102_block_8x8,ieee30,3012003,held_out,1cbaa2f473d73b6494f856e1ba19b9cf5f37448daa6044afb6f76fa5c64bcaf8,15.866694445256522,residual_banks/ieee30_eval_seed_30102_block_8x8/held_out_seed_3012003.npy,ieee30_pypower_ac_weighted_jacobian,completed,
ieee30_eval_seed_30102_block_8x8,ieee30,3012004,held_out,d3493d5990617b81c49acdcd08e7d5fd18d4ca901c9a13d1323a28b76eeb5a53,36.91596401660989,residual_banks/ieee30_eval_seed_30102_block_8x8/held_out_seed_3012004.npy,ieee30_pypower_ac_weighted_jacobian,completed,
ieee30_eval_seed_30102_block_8x8,ieee30,3012005,held_out,d924a08247c1c08f0eac69cbc66dd2f91a3d641239aa64d5ac20592915eefc85,28.3760685308121,residual_banks/ieee30_eval_seed_30102_block_8x8/held_out_seed_3012005.npy,ieee30_pypower_ac_weighted_jacobian,completed,
ieee30_eval_seed_30102_block_8x8,ieee30,3012006,held_out,59f3744e99a247992967fd5df576e17ae833f94c241595e9960fdfba25a4f5fe,39.25389429571343,residual_banks/ieee30_eval_seed_30102_block_8x8/held_out_seed_3012006.npy,ieee30_pypower_ac_weighted_jacobian,completed,
ieee30_eval_seed_30102_block_8x8,ieee30,3012007,held_out,5653be956908d3756271dec3fb2d455bf1b058167804cc12ea7e2429b08bd372,19.667056766164553,residual_banks/ieee30_eval_seed_30102_block_8x8/held_out_seed_3012007.npy,ieee30_pypower_ac_weighted_jacobian,completed,
ieee30_eval_seed_30102_block_8x8,ieee30,3012008,held_out,4e105f31464cd21b326985c63597013bd12e1024ca66adfcd4c1ee878194e027,27.332278662144823,residual_banks/ieee30_eval_seed_30102_block_8x8/held_out_seed_3012008.npy,ieee30_pypower_ac_weighted_jacobian,completed,
ieee30_eval_seed_30102_block_8x8,ieee30,3012009,held_out,ad1ebe815002d075f9a26b39ff3aaa9c10503a42d1388f14eeeb4c3c4e886978,15.17180593351775,residual_banks/ieee30_eval_seed_30102_block_8x8/held_out_seed_3012009.npy,ieee30_pypower_ac_weighted_jacobian,completed,
ieee30_eval_seed_30102_block_8x8,ieee30,3012010,held_out,1c64c3fdf53af301741038f2bb23266564838f9ccb8ff7cab6cdbf174a39ed50,23.193390027487126,residual_banks/ieee30_eval_seed_30102_block_8x8/held_out_seed_3012010.npy,ieee30_pypower_ac_weighted_jacobian,completed,
ieee30_eval_seed_30102_block_8x8,ieee30,3012011,held_out,ed2427c379cbf62c93f2d189cc3120176e3932491694ef0d2799ffcd7b6ca6dd,25.771126193316842,residual_banks/ieee30_eval_seed_30102_block_8x8/held_out_seed_3012011.npy,ieee30_pypower_ac_weighted_jacobian,completed,
ieee30_eval_seed_30102_block_8x8,ieee30,3012012,held_out,3e62d83948b03d3cf46ed917a4d01aedec9fcfa154dc871ef5245f149f1106e0,20.265582726366425,residual_banks/ieee30_eval_seed_30102_block_8x8/held_out_seed_3012012.npy,ieee30_pypower_ac_weighted_jacobian,completed,
ieee30_eval_seed_30102_block_8x8,ieee30,3012013,held_out,958a2dbc99c470105b15be580083c0b417e4e49282dad6ccbad382b4e8e6fdd7,38.6617724542868,residual_banks/ieee30_eval_seed_30102_block_8x8/held_out_seed_3012013.npy,ieee30_pypower_ac_weighted_jacobian,completed,
ieee30_eval_seed_30102_block_8x8,ieee30,3012014,held_out,d18f91b82d82d8e050dadf67ba0c44395bd9d9edd98b98621fc59e64794d6f11,49.321363690119036,residual_banks/ieee30_eval_seed_30102_block_8x8/held_out_seed_3012014.npy,ieee30_pypower_ac_weighted_jacobian,completed,
ieee30_eval_seed_30102_block_8x8,ieee30,3012015,held_out,a8f5fc150497d224612779c1f29c1989acff58a97f39425500a8120ffacd5839,17.60837201068117,residual_banks/ieee30_eval_seed_30102_block_8x8/held_out_seed_3012015.npy,ieee30_pypower_ac_weighted_jacobian,completed,
ieee30_eval_seed_30102_block_8x8,ieee30,3012016,held_out,16cb086c8e0d49414f0900d18301a679ab1a7c36f5067213536539fb0998c208,29.759586505312814,residual_banks/ieee30_eval_seed_30102_block_8x8/held_out_seed_3012016.npy,ieee30_pypower_ac_weighted_jacobian,completed,
ieee30_eval_seed_30102_block_8x8,ieee30,3012017,held_out,ce8d01a3d82d196ae724c3ae8a948557ae74e8e68a66afb3abbe8561d0d7dac5,27.35671612993205,residual_banks/ieee30_eval_seed_30102_block_8x8/held_out_seed_3012017.npy,ieee30_pypower_ac_weighted_jacobian,completed,
ieee30_eval_seed_30102_block_8x8,ieee30,3012018,held_out,8d112f32c254188a5b0bae97f83a617c0c98875d2161259cc9a432e2c714f509,43.47697320478979,residual_banks/ieee30_eval_seed_30102_block_8x8/held_out_seed_3012018.npy,ieee30_pypower_ac_weighted_jacobian,completed,
ieee30_eval_seed_30102_block_8x8,ieee30,3012019,held_out,880d638bbfd33d3053568303fb64ee31a1735598cc54fa22d5aca11c2b40879f,27.487505656899256,residual_banks/ieee30_eval_seed_30102_block_8x8/held_out_seed_3012019.npy,ieee30_pypower_ac_weighted_jacobian,completed,
ieee30_eval_seed_30102_block_8x8,ieee30,3011000,training,37578ea5b7396124bc7e08ca7fc697898f94eba7ad9b807d0ed221fb5ee9e2f3,19.15734487770833,residual_banks/ieee30_eval_seed_30102_block_8x8/training_seed_3011000.npy,ieee30_pypower_ac_weighted_jacobian,completed,
ieee30_eval_seed_30102_block_8x8,ieee30,3011001,training,f107ec906395b6baf2ab2d0dd5a82f6f5c9d051c519fdc13ffb4fe5ac05d14fd,30.827424848748212,residual_banks/ieee30_eval_seed_30102_block_8x8/training_seed_3011001.npy,ieee30_pypower_ac_weighted_jacobian,completed,
ieee30_eval_seed_30102_block_8x8,ieee30,3011002,training,c4bf7a5706235cb8fb3146cabea872e818a8e285cc7af57b8cc7bc10a73b71cf,56.76484797051531,residual_banks/ieee30_eval_seed_30102_block_8x8/training_seed_3011002.npy,ieee30_pypower_ac_weighted_jacobian,completed,
ieee30_eval_seed_30102_block_8x8,ieee30,3011003,training,6993dfbffe32859924d6ab2f46c74fe836aec459a65e3d0c75fffb1d2524f0b4,30.638607903527728,residual_banks/ieee30_eval_seed_30102_block_8x8/training_seed_3011003.npy,ieee30_pypower_ac_weighted_jacobian,completed,
ieee30_eval_seed_30102_block_8x8,ieee30,3011004,training,75b8386ddb66c41819a7299d201ec12b3882a38433d3e8cfef5a44b43bd1a76f,34.78283807795109,residual_banks/ieee30_eval_seed_30102_block_8x8/training_seed_3011004.npy,ieee30_pypower_ac_weighted_jacobian,completed,
ieee30_eval_seed_30102_block_8x8,ieee30,3011005,training,59315babc59d858a1d28209ac93735b6f7bfc1f9d3be99d4ba5226ac14e01bda,55.836620374552446,residual_banks/ieee30_eval_seed_30102_block_8x8/training_seed_3011005.npy,ieee30_pypower_ac_weighted_jacobian,completed,
ieee30_eval_seed_30102_block_8x8,ieee30,3011006,training,486897bd66ead281b085ebe9857b9d08f3144ccbe4c65616e3d4e8eb4dbdf9a9,45.98800059332091,residual_banks/ieee30_eval_seed_30102_block_8x8/training_seed_3011006.npy,ieee30_pypower_ac_weighted_jacobian,completed,
ieee30_eval_seed_30102_block_8x8,ieee30,3011007,training,91f89eb90e6ed2292a08f26d5ee2cc51199154c3e7ef5713229f52a1847638ad,34.10568694604638,residual_banks/ieee30_eval_seed_30102_block_8x8/training_seed_3011007.npy,ieee30_pypower_ac_weighted_jacobian,completed,
ieee30_eval_seed_30102_block_8x8,ieee30,3011008,training,e6bace191f355755d2a551ad55eb3dc01151e06aedbe8a6f4d7ae201874f4e64,49.096559331298295,residual_banks/ieee30_eval_seed_30102_block_8x8/training_seed_3011008.npy,ieee30_pypower_ac_weighted_jacobian,completed,
ieee30_eval_seed_30102_block_8x8,ieee30,3011009,training,79b2a9d6c90cc2e14a00846d9a7bd1b0c0137524031d3d741399943d58fe6bcc,54.360853346535315,residual_banks/ieee30_eval_seed_30102_block_8x8/training_seed_3011009.npy,ieee30_pypower_ac_weighted_jacobian,completed,
ieee30_eval_seed_30102_block_8x8,ieee30,3011010,training,50a9808c604f72fe5fbc5c2cdd3281b059dfa8fa758f6584ade2d6e3b035c882,49.653254171064276,residual_banks/ieee30_eval_seed_30102_block_8x8/training_seed_3011010.npy,ieee30_pypower_ac_weighted_jacobian,completed,
ieee30_eval_seed_30102_block_8x8,ieee30,3011011,training,1e7a1731a97f970055b3629b19983d64bca9af2a66f17ce2b398c927e86e3e97,16.479959261535022,residual_banks/ieee30_eval_seed_30102_block_8x8/training_seed_3011011.npy,ieee30_pypower_ac_weighted_jacobian,completed,
ieee30_eval_seed_30102_block_8x8,ieee30,3011012,training,1d19e958f165641f9291bc2a67148bf9a60c142f01c7cc7dd3f1b1e3173a5612,18.33939133188209,residual_banks/ieee30_eval_seed_30102_block_8x8/training_seed_3011012.npy,ieee30_pypower_ac_weighted_jacobian,completed,
ieee30_eval_seed_30102_block_8x8,ieee30,3011013,training,e8acbf70293e04165e879d0e6aec0af5de445d4f86aa47e9e1bb738cfc906c8e,57.30695473911872,residual_banks/ieee30_eval_seed_30102_block_8x8/training_seed_3011013.npy,ieee30_pypower_ac_weighted_jacobian,completed,
ieee30_eval_seed_30102_block_8x8,ieee30,3011014,training,57fc850ff83fcdb362f4730df6e72b6bd164c6c40e72f3f56915e1b9cb383c51,22.14591859942983,residual_banks/ieee30_eval_seed_30102_block_8x8/training_seed_3011014.npy,ieee30_pypower_ac_weighted_jacobian,completed,
ieee30_eval_seed_30102_block_8x8,ieee30,3011015,training,b850acbee6826eb665656d4211611038b20780f2949d68d4ff46124cd6944fb0,18.405384745709625,residual_banks/ieee30_eval_seed_30102_block_8x8/training_seed_3011015.npy,ieee30_pypower_ac_weighted_jacobian,completed,
ieee30_eval_seed_30102_block_8x8,ieee30,3011016,training,a65aa5b6581f543f92e3b21a75c01d48375256d3a3b002475d51b94c5f4a40aa,34.40849154883978,residual_banks/ieee30_eval_seed_30102_block_8x8/training_seed_3011016.npy,ieee30_pypower_ac_weighted_jacobian,completed,
ieee30_eval_seed_30102_block_8x8,ieee30,3011017,training,11de85f413fc669b7d726e2b0416abc7fb8101b3e9e67776c4b7fe360d713708,73.80743644771498,residual_banks/ieee30_eval_seed_30102_block_8x8/training_seed_3011017.npy,ieee30_pypower_ac_weighted_jacobian,completed,
ieee30_eval_seed_30102_block_8x8,ieee30,3011018,training,f256a424a9157ae9302cfbb4f96b84daa231552135d3a95f08359dcdc45a0804,36.767270742801124,residual_banks/ieee30_eval_seed_30102_block_8x8/training_seed_3011018.npy,ieee30_pypower_ac_weighted_jacobian,completed,
ieee30_eval_seed_30102_block_8x8,ieee30,3011019,training,de7c2e6f2bf00f379f9a1a228c349e51c2d899f4d7f2c165bfdfe19ca843ebe3,50.38550440807671,residual_banks/ieee30_eval_seed_30102_block_8x8/training_seed_3011019.npy,ieee30_pypower_ac_weighted_jacobian,completed,
ieee30_eval_seed_30103_block_8x8,ieee30,3022000,held_out,bab9ec64907d425ceab3fa77394a3bb76855b1b959b014d605f346a2a2ae19a7,36.443809858172116,residual_banks/ieee30_eval_seed_30103_block_8x8/held_out_seed_3022000.npy,ieee30_pypower_ac_weighted_jacobian,completed,
ieee30_eval_seed_30103_block_8x8,ieee30,3022001,held_out,2809fb62f400cdb640fb6afb60be160a666cb68d19049b248eb0e8b892f55380,38.39181900388072,residual_banks/ieee30_eval_seed_30103_block_8x8/held_out_seed_3022001.npy,ieee30_pypower_ac_weighted_jacobian,completed,
ieee30_eval_seed_30103_block_8x8,ieee30,3022002,held_out,25a1cdd80c2076e15e5da4f74a93c3009cffb96395b3238a2fd7200e03a2de48,45.47759101638539,residual_banks/ieee30_eval_seed_30103_block_8x8/held_out_seed_3022002.npy,ieee30_pypower_ac_weighted_jacobian,completed,
ieee30_eval_seed_30103_block_8x8,ieee30,3022003,held_out,859c9f6e49d7e3bb56fa2c7e619d0868f7ef00920336773e3710d12db9535f8c,29.79434332182576,residual_banks/ieee30_eval_seed_30103_block_8x8/held_out_seed_3022003.npy,ieee30_pypower_ac_weighted_jacobian,completed,
ieee30_eval_seed_30103_block_8x8,ieee30,3022004,held_out,ef67a2682c16c695708a4b6f619102e499f3a823456e96e0e2d495beb929b309,31.344381192816446,residual_banks/ieee30_eval_seed_30103_block_8x8/held_out_seed_3022004.npy,ieee30_pypower_ac_weighted_jacobian,completed,
ieee30_eval_seed_30103_block_8x8,ieee30,3022005,held_out,972ed3a67434269ffa1549251e79724fcb45f45c62a9c91d7dc704590097cdc4,39.180090312108604,residual_banks/ieee30_eval_seed_30103_block_8x8/held_out_seed_3022005.npy,ieee30_pypower_ac_weighted_jacobian,completed,
ieee30_eval_seed_30103_block_8x8,ieee30,3022006,held_out,00e48739f05a681288666066358006ab3a98d1ed5c8c62edb92018232d583f3b,47.30496433016443,residual_banks/ieee30_eval_seed_30103_block_8x8/held_out_seed_3022006.npy,ieee30_pypower_ac_weighted_jacobian,completed,
ieee30_eval_seed_30103_block_8x8,ieee30,3022007,held_out,f71896bafb42fe484366a231b1974e27a3da7865a61607b0e4be6df7bcd049a5,28.48674831763548,residual_banks/ieee30_eval_seed_30103_block_8x8/held_out_seed_3022007.npy,ieee30_pypower_ac_weighted_jacobian,completed,
ieee30_eval_seed_30103_block_8x8,ieee30,3022008,held_out,71f3f2fa73eaa05cabae83b9454db3a837ff221d2a52ea1e3e98b1e6ce485e5d,13.96476340941448,residual_banks/ieee30_eval_seed_30103_block_8x8/held_out_seed_3022008.npy,ieee30_pypower_ac_weighted_jacobian,completed,
ieee30_eval_seed_30103_block_8x8,ieee30,3022009,held_out,e6c9a5dae5dcfb78be4538169e570f00ec2debae77e45cc8365436bb1e558f73,22.65389181493236,residual_banks/ieee30_eval_seed_30103_block_8x8/held_out_seed_3022009.npy,ieee30_pypower_ac_weighted_jacobian,completed,
ieee30_eval_seed_30103_block_8x8,ieee30,3022010,held_out,ecee1c8af63f66c9d00d29688df0753105fbdd13628bf1439e21206272c2da86,57.47084709761706,residual_banks/ieee30_eval_seed_30103_block_8x8/held_out_seed_3022010.npy,ieee30_pypower_ac_weighted_jacobian,completed,
ieee30_eval_seed_30103_block_8x8,ieee30,3022011,held_out,b4b1c7e1c95f3634476c7354722fde2daadf7f033dff61cf617a60b93f91179a,53.98961210551594,residual_banks/ieee30_eval_seed_30103_block_8x8/held_out_seed_3022011.npy,ieee30_pypower_ac_weighted_jacobian,completed,
ieee30_eval_seed_30103_block_8x8,ieee30,3022012,held_out,1e067a5a02d630946f075ed24e36d1f9b9ba44927fcdf7d2ddc1dc8fee3b088a,20.84734067098466,residual_banks/ieee30_eval_seed_30103_block_8x8/held_out_seed_3022012.npy,ieee30_pypower_ac_weighted_jacobian,completed,
ieee30_eval_seed_30103_block_8x8,ieee30,3022013,held_out,e2b259176b8d6c652070a3c8bb4b8f6f9f14fc9947bb77a68344ea00e8c45d39,17.741980709070308,residual_banks/ieee30_eval_seed_30103_block_8x8/held_out_seed_3022013.npy,ieee30_pypower_ac_weighted_jacobian,completed,
ieee30_eval_seed_30103_block_8x8,ieee30,3022014,held_out,154a585cc6d35dfc8340bb25ea17818527d1b1f7d2bd5d985337995aab52cee1,15.753613579020703,residual_banks/ieee30_eval_seed_30103_block_8x8/held_out_seed_3022014.npy,ieee30_pypower_ac_weighted_jacobian,completed,
ieee30_eval_seed_30103_block_8x8,ieee30,3022015,held_out,12dfb2dca256afce2497e725d67cda10e719a3255cfdfca64be93a13f1eb075f,17.367842795966006,residual_banks/ieee30_eval_seed_30103_block_8x8/held_out_seed_3022015.npy,ieee30_pypower_ac_weighted_jacobian,completed,
ieee30_eval_seed_30103_block_8x8,ieee30,3022016,held_out,a72481d5a4857e46f5dfd434f32d9dae0ee232e78d60131ee79925f7a7c64c25,26.09663223564751,residual_banks/ieee30_eval_seed_30103_block_8x8/held_out_seed_3022016.npy,ieee30_pypower_ac_weighted_jacobian,completed,
ieee30_eval_seed_30103_block_8x8,ieee30,3022017,held_out,03b8fe86042c7e8453dfc4b1856cc518a52f572329c940901a40e35bc7fbac11,36.36350889629946,residual_banks/ieee30_eval_seed_30103_block_8x8/held_out_seed_3022017.npy,ieee30_pypower_ac_weighted_jacobian,completed,
ieee30_eval_seed_30103_block_8x8,ieee30,3022018,held_out,321c8279a856612ea1129cc7da582f48115593ccaa801f48c66c8aa75c50d53a,53.02621754191484,residual_banks/ieee30_eval_seed_30103_block_8x8/held_out_seed_3022018.npy,ieee30_pypower_ac_weighted_jacobian,completed,
ieee30_eval_seed_30103_block_8x8,ieee30,3022019,held_out,2ab10918041c324bf9048195474035a6d041118023c5fe894b0d02294a7eabbd,36.786465158696856,residual_banks/ieee30_eval_seed_30103_block_8x8/held_out_seed_3022019.npy,ieee30_pypower_ac_weighted_jacobian,completed,
ieee30_eval_seed_30103_block_8x8,ieee30,3021000,training,829f4df284f255ec7207e536447ede1213ed0b1ef97692d502101a5838e224f3,55.173073586348615,residual_banks/ieee30_eval_seed_30103_block_8x8/training_seed_3021000.npy,ieee30_pypower_ac_weighted_jacobian,completed,
ieee30_eval_seed_30103_block_8x8,ieee30,3021001,training,af5c2ff5461b70808f9c7f29368f37ce02b7de2ff58102b0fe2277a2112f000e,23.847785395680052,residual_banks/ieee30_eval_seed_30103_block_8x8/training_seed_3021001.npy,ieee30_pypower_ac_weighted_jacobian,completed,
ieee30_eval_seed_30103_block_8x8,ieee30,3021002,training,e83f82258bff2281faf048cb9e18966986ff7adf50455a905b442c2f407ed03e,49.13005487048339,residual_banks/ieee30_eval_seed_30103_block_8x8/training_seed_3021002.npy,ieee30_pypower_ac_weighted_jacobian,completed,
ieee30_eval_seed_30103_block_8x8,ieee30,3021003,training,8b6e5a6ef6f755584ebee4b2f7225c0a8d7d7d7910b872629ea11e740d820990,31.489689516677863,residual_banks/ieee30_eval_seed_30103_block_8x8/training_seed_3021003.npy,ieee30_pypower_ac_weighted_jacobian,completed,
ieee30_eval_seed_30103_block_8x8,ieee30,3021004,training,2861500d31fd35f77e94fe7d3a8aed842856a1b65f498ff28b87e814fdfcc65a,47.39613261829596,residual_banks/ieee30_eval_seed_30103_block_8x8/training_seed_3021004.npy,ieee30_pypower_ac_weighted_jacobian,completed,
ieee30_eval_seed_30103_block_8x8,ieee30,3021005,training,c652870adc0434d10aa258d88ff8f8fcc39cdc8d5e7ce1bf392e892b0a74ddfb,52.96027244331202,residual_banks/ieee30_eval_seed_30103_block_8x8/training_seed_3021005.npy,ieee30_pypower_ac_weighted_jacobian,completed,
ieee30_eval_seed_30103_block_8x8,ieee30,3021006,training,e95012b8b9c30d02b0bd6091916b70a1dc04b11456471ce075cb69cc41edd79f,15.609754958566619,residual_banks/ieee30_eval_seed_30103_block_8x8/training_seed_3021006.npy,ieee30_pypower_ac_weighted_jacobian,completed,
ieee30_eval_seed_30103_block_8x8,ieee30,3021007,training,e1b7ac3027e39f97f3731ea943cac347daf99ffa2803c8e6b51f7fb6e176c8e1,14.570285519827777,residual_banks/ieee30_eval_seed_30103_block_8x8/training_seed_3021007.npy,ieee30_pypower_ac_weighted_jacobian,completed,
ieee30_eval_seed_30103_block_8x8,ieee30,3021008,training,26d9905cd8cf6389b976d585a1c69386d87e9e5d59ca0689e772130ef859bb3c,55.36602983284288,residual_banks/ieee30_eval_seed_30103_block_8x8/training_seed_3021008.npy,ieee30_pypower_ac_weighted_jacobian,completed,
ieee30_eval_seed_30103_block_8x8,ieee30,3021009,training,639d0c14c3eac3b3fb61f89fc3d8f8065fce4b3fd4019292e0500219d1761468,52.024319156130254,residual_banks/ieee30_eval_seed_30103_block_8x8/training_seed_3021009.npy,ieee30_pypower_ac_weighted_jacobian,completed,
ieee30_eval_seed_30103_block_8x8,ieee30,3021010,training,15b0a861b33cadb470e08eed2b92e74835f9cb477884b129ca76b84695aa08a9,12.048884845498899,residual_banks/ieee30_eval_seed_30103_block_8x8/training_seed_3021010.npy,ieee30_pypower_ac_weighted_jacobian,completed,
ieee30_eval_seed_30103_block_8x8,ieee30,3021011,training,59b936231111110e3cdb05fc1236fd6e633297f6f48edea7686a77df264fdd8f,29.06237647793548,residual_banks/ieee30_eval_seed_30103_block_8x8/training_seed_3021011.npy,ieee30_pypower_ac_weighted_jacobian,completed,
ieee30_eval_seed_30103_block_8x8,ieee30,3021012,training,692dbbb1de06840fdf9c3f339feea6aa53e61691f8f8a5c39a7b5aba327d1772,64.97099118407068,residual_banks/ieee30_eval_seed_30103_block_8x8/training_seed_3021012.npy,ieee30_pypower_ac_weighted_jacobian,completed,
ieee30_eval_seed_30103_block_8x8,ieee30,3021013,training,cf795d599e6f7c7f4deb42d468ec0a2f5fbb481d08b9787d8ad6ea936acb28a1,37.36019677736196,residual_banks/ieee30_eval_seed_30103_block_8x8/training_seed_3021013.npy,ieee30_pypower_ac_weighted_jacobian,completed,
ieee30_eval_seed_30103_block_8x8,ieee30,3021014,training,d97f18c94d2e30512b57ff1c3befb5bccfb4a6600c821cb7ed431b4681a151bb,45.671092876773535,residual_banks/ieee30_eval_seed_30103_block_8x8/training_seed_3021014.npy,ieee30_pypower_ac_weighted_jacobian,completed,
ieee30_eval_seed_30103_block_8x8,ieee30,3021015,training,43b473bed878770dcc438e54f011482709e9cac8a07c5696499bec183295bc66,21.62366589379843,residual_banks/ieee30_eval_seed_30103_block_8x8/training_seed_3021015.npy,ieee30_pypower_ac_weighted_jacobian,completed,
ieee30_eval_seed_30103_block_8x8,ieee30,3021016,training,0952d45689014b75308508e19d7fd4b455cd2a38d24bb1b06962a65fd114ad49,34.031227814151464,residual_banks/ieee30_eval_seed_30103_block_8x8/training_seed_3021016.npy,ieee30_pypower_ac_weighted_jacobian,completed,
ieee30_eval_seed_30103_block_8x8,ieee30,3021017,training,03355ff07933fa1f2a774cd05a8a64b92f5134c36ebbe37e3f3e015228df539c,22.6303434243301,residual_banks/ieee30_eval_seed_30103_block_8x8/training_seed_3021017.npy,ieee30_pypower_ac_weighted_jacobian,completed,
ieee30_eval_seed_30103_block_8x8,ieee30,3021018,training,268333fd58b46ce1ac3e3bf2e1eacf4d21c949794fb68db7cda70c57f6c0773e,39.20247488498087,residual_banks/ieee30_eval_seed_30103_block_8x8/training_seed_3021018.npy,ieee30_pypower_ac_weighted_jacobian,completed,
ieee30_eval_seed_30103_block_8x8,ieee30,3021019,training,4f895709df4f3d3e8e68b1cfefc6178dee4352ef8090f19374ff16c3d949f7c3,27.5764421714152,residual_banks/ieee30_eval_seed_30103_block_8x8/training_seed_3021019.npy,ieee30_pypower_ac_weighted_jacobian,completed,
ieee30_eval_seed_30104_block_8x8,ieee30,3032000,held_out,cce74d22fbc1a98efb8366f6184337ec11a16b177c9c97038d486a96ffdd21d6,38.079842673761796,residual_banks/ieee30_eval_seed_30104_block_8x8/held_out_seed_3032000.npy,ieee30_pypower_ac_weighted_jacobian,completed,
ieee30_eval_seed_30104_block_8x8,ieee30,3032001,held_out,8648e9d6b78d82fed1c41948d0eb55784e59f8cb7754756f776c836acf981240,32.36911160216697,residual_banks/ieee30_eval_seed_30104_block_8x8/held_out_seed_3032001.npy,ieee30_pypower_ac_weighted_jacobian,completed,
ieee30_eval_seed_30104_block_8x8,ieee30,3032002,held_out,18751b2e4b2472f5b91a362185213ece59ce28aac5dff5f33112cedeb939b2b8,35.19733574939345,residual_banks/ieee30_eval_seed_30104_block_8x8/held_out_seed_3032002.npy,ieee30_pypower_ac_weighted_jacobian,completed,
ieee30_eval_seed_30104_block_8x8,ieee30,3032003,held_out,284bf118eca6c7467bdc51b18f7515130c294cffc4c6706aed60486a8f2b1cd0,16.96037572452343,residual_banks/ieee30_eval_seed_30104_block_8x8/held_out_seed_3032003.npy,ieee30_pypower_ac_weighted_jacobian,completed,
ieee30_eval_seed_30104_block_8x8,ieee30,3032004,held_out,94f3f69a629199c5ad464fe79d6296afeb51e80c0bff9b8af7222df9b0533953,40.527424761197935,residual_banks/ieee30_eval_seed_30104_block_8x8/held_out_seed_3032004.npy,ieee30_pypower_ac_weighted_jacobian,completed,
ieee30_eval_seed_30104_block_8x8,ieee30,3032005,held_out,8f56d4580a7fadc6811f07a2d17785807d0727ea5994f78cc7b1f9eb67cf69cc,43.91279399026832,residual_banks/ieee30_eval_seed_30104_block_8x8/held_out_seed_3032005.npy,ieee30_pypower_ac_weighted_jacobian,completed,
ieee30_eval_seed_30104_block_8x8,ieee30,3032006,held_out,9ac745e8baa3473ee30d75a2861574f021ed9b1f0fa16332541dcdb3f50933d4,27.687073576481655,residual_banks/ieee30_eval_seed_30104_block_8x8/held_out_seed_3032006.npy,ieee30_pypower_ac_weighted_jacobian,completed,
ieee30_eval_seed_30104_block_8x8,ieee30,3032007,held_out,5ec7f44cad63725798870dac5b7b338ca20f66173fccc48b7b965e0a3d931b3b,43.38029457606569,residual_banks/ieee30_eval_seed_30104_block_8x8/held_out_seed_3032007.npy,ieee30_pypower_ac_weighted_jacobian,completed,
ieee30_eval_seed_30104_block_8x8,ieee30,3032008,held_out,d4f9c9c7c01b3bd139b9a4a439dd76a2bca49d198fd4ba68fd342c813676be85,47.812955385110584,residual_banks/ieee30_eval_seed_30104_block_8x8/held_out_seed_3032008.npy,ieee30_pypower_ac_weighted_jacobian,completed,
ieee30_eval_seed_30104_block_8x8,ieee30,3032009,held_out,18184fc7de910945791468da76fad461584a77f8a1f8808965de512c83a42c6b,26.49142571330605,residual_banks/ieee30_eval_seed_30104_block_8x8/held_out_seed_3032009.npy,ieee30_pypower_ac_weighted_jacobian,completed,
ieee30_eval_seed_30104_block_8x8,ieee30,3032010,held_out,47f9fa92e1c9401bb8c7774a053126ced19e2135fcd976e9b34697134377e1f4,54.435793363185695,residual_banks/ieee30_eval_seed_30104_block_8x8/held_out_seed_3032010.npy,ieee30_pypower_ac_weighted_jacobian,completed,
ieee30_eval_seed_30104_block_8x8,ieee30,3032011,held_out,dc73dd29f97b830b387adeaec08d09a181c186fa9a035b79c9e07908a3ae1810,19.481207931541476,residual_banks/ieee30_eval_seed_30104_block_8x8/held_out_seed_3032011.npy,ieee30_pypower_ac_weighted_jacobian,completed,
ieee30_eval_seed_30104_block_8x8,ieee30,3032012,held_out,d08726e05d37da7ba9fa1e93269971278598f6530a8823676af214d6259566ce,43.34293853623623,residual_banks/ieee30_eval_seed_30104_block_8x8/held_out_seed_3032012.npy,ieee30_pypower_ac_weighted_jacobian,completed,
ieee30_eval_seed_30104_block_8x8,ieee30,3032013,held_out,a4c2cc420020c376c6fbdeae1013cb599745d0b6e8ef95888cb17df03bf47595,49.29239158867846,residual_banks/ieee30_eval_seed_30104_block_8x8/held_out_seed_3032013.npy,ieee30_pypower_ac_weighted_jacobian,completed,
ieee30_eval_seed_30104_block_8x8,ieee30,3032014,held_out,6cc25495da1d9754f4b6f9101aa71891ce1f0591e44e63ee942845bf4fbed89b,41.0863830451677,residual_banks/ieee30_eval_seed_30104_block_8x8/held_out_seed_3032014.npy,ieee30_pypower_ac_weighted_jacobian,completed,
ieee30_eval_seed_30104_block_8x8,ieee30,3032015,held_out,549b94942363d77e0fc395a92da87adce61728564dfee9bea77812c1baf51ba3,46.16236784028775,residual_banks/ieee30_eval_seed_30104_block_8x8/held_out_seed_3032015.npy,ieee30_pypower_ac_weighted_jacobian,completed,
ieee30_eval_seed_30104_block_8x8,ieee30,3032016,held_out,195a373a48107a8e788c99d3cdc61f22364bfd25451cffef0e26e1bbe65cf5c2,27.30884669955546,residual_banks/ieee30_eval_seed_30104_block_8x8/held_out_seed_3032016.npy,ieee30_pypower_ac_weighted_jacobian,completed,
ieee30_eval_seed_30104_block_8x8,ieee30,3032017,held_out,12a18557c9724ef93c6122d5e55071ce15a1189aac81cc7f2ca82cb6455a0489,30.616510530414494,residual_banks/ieee30_eval_seed_30104_block_8x8/held_out_seed_3032017.npy,ieee30_pypower_ac_weighted_jacobian,completed,
ieee30_eval_seed_30104_block_8x8,ieee30,3032018,held_out,0d6637b44786d4d06c9d4d073d4ad0f344d15392518094deb97999b447af4ccf,36.37814907311335,residual_banks/ieee30_eval_seed_30104_block_8x8/held_out_seed_3032018.npy,ieee30_pypower_ac_weighted_jacobian,completed,
ieee30_eval_seed_30104_block_8x8,ieee30,3032019,held_out,cb07965cba3427b4f50ca30155ecffbc7d3389307f8ac0902ccc42ba0060102f,63.526038607078526,residual_banks/ieee30_eval_seed_30104_block_8x8/held_out_seed_3032019.npy,ieee30_pypower_ac_weighted_jacobian,completed,
ieee30_eval_seed_30104_block_8x8,ieee30,3031000,training,d1ce2273284e35ffe2e12d39090191fd9967036bcefd87484b1a385a062955f1,38.86581141751892,residual_banks/ieee30_eval_seed_30104_block_8x8/training_seed_3031000.npy,ieee30_pypower_ac_weighted_jacobian,completed,
ieee30_eval_seed_30104_block_8x8,ieee30,3031001,training,b51acb0e5400fcf679cc9c17bd0d8e9a7801944c3022f508ce31cbab254b22e2,59.85733692542744,residual_banks/ieee30_eval_seed_30104_block_8x8/training_seed_3031001.npy,ieee30_pypower_ac_weighted_jacobian,completed,
ieee30_eval_seed_30104_block_8x8,ieee30,3031002,training,73d1e514c679e48eab39dd4330cbfe284876d827a1baeeb5fe9c9792af742542,59.83178735560106,residual_banks/ieee30_eval_seed_30104_block_8x8/training_seed_3031002.npy,ieee30_pypower_ac_weighted_jacobian,completed,
ieee30_eval_seed_30104_block_8x8,ieee30,3031003,training,5c9c8b1c79e79250ef2c5965729a5b1b608c32bdd59a8a288f5f0212cfcb6a96,17.344350025065044,residual_banks/ieee30_eval_seed_30104_block_8x8/training_seed_3031003.npy,ieee30_pypower_ac_weighted_jacobian,completed,
ieee30_eval_seed_30104_block_8x8,ieee30,3031004,training,bc03e2ad6d914d1ff51d1933be9ab00319e682628040d2b2d274511052ee2c50,32.09409142838547,residual_banks/ieee30_eval_seed_30104_block_8x8/training_seed_3031004.npy,ieee30_pypower_ac_weighted_jacobian,completed,
ieee30_eval_seed_30104_block_8x8,ieee30,3031005,training,3a5d6436aea75893355298c466e5270b7df39f4757b4f3217052d5ecdc4dfc15,37.60865314258766,residual_banks/ieee30_eval_seed_30104_block_8x8/training_seed_3031005.npy,ieee30_pypower_ac_weighted_jacobian,completed,
ieee30_eval_seed_30104_block_8x8,ieee30,3031006,training,0e61302eeeed4e2c14dddad521123ac365a795ae94905a6f891e0de3b2fbdd06,37.120506337909546,residual_banks/ieee30_eval_seed_30104_block_8x8/training_seed_3031006.npy,ieee30_pypower_ac_weighted_jacobian,completed,
ieee30_eval_seed_30104_block_8x8,ieee30,3031007,training,14a3ed24a135806552996fff3086ab72647f219d664db3d0b7ec96666c17a9e7,46.81906171605677,residual_banks/ieee30_eval_seed_30104_block_8x8/training_seed_3031007.npy,ieee30_pypower_ac_weighted_jacobian,completed,
ieee30_eval_seed_30104_block_8x8,ieee30,3031008,training,0c49c64e7fd626115a83b5cfccd99ae93316c1b5a97ef612569b0db6eb6b8d49,16.398677875603216,residual_banks/ieee30_eval_seed_30104_block_8x8/training_seed_3031008.npy,ieee30_pypower_ac_weighted_jacobian,completed,
ieee30_eval_seed_30104_block_8x8,ieee30,3031009,training,08d079355a596efba56b788ea9dff4be146154b56acd431d92d266208bb42c53,36.932531656678286,residual_banks/ieee30_eval_seed_30104_block_8x8/training_seed_3031009.npy,ieee30_pypower_ac_weighted_jacobian,completed,
ieee30_eval_seed_30104_block_8x8,ieee30,3031010,training,8ef3de193691b35be4fd973d029d1815f0ee2bce7964cf6af03d15ef40ad0099,31.46388261494453,residual_banks/ieee30_eval_seed_30104_block_8x8/training_seed_3031010.npy,ieee30_pypower_ac_weighted_jacobian,completed,
ieee30_eval_seed_30104_block_8x8,ieee30,3031011,training,936caf48efeba777d7d362d619ddc59ea31a9b3814207c30c4e49581f8ff32a5,43.62757006053451,residual_banks/ieee30_eval_seed_30104_block_8x8/training_seed_3031011.npy,ieee30_pypower_ac_weighted_jacobian,completed,
ieee30_eval_seed_30104_block_8x8,ieee30,3031012,training,a1627ddaee8223be35686b7f0dc12a0746426863f83afb7439321d2ba8c78cc2,31.780845259517175,residual_banks/ieee30_eval_seed_30104_block_8x8/training_seed_3031012.npy,ieee30_pypower_ac_weighted_jacobian,completed,
ieee30_eval_seed_30104_block_8x8,ieee30,3031013,training,17ed6aae2989ea13137341a0d393b64d45e24a53d22a5be536b0549189a363f3,51.5976499458538,residual_banks/ieee30_eval_seed_30104_block_8x8/training_seed_3031013.npy,ieee30_pypower_ac_weighted_jacobian,completed,
ieee30_eval_seed_30104_block_8x8,ieee30,3031014,training,d0ac502734adf1c1838502229fbfd66f686ca619d016d683cd5905dbb6a42712,11.372835383958547,residual_banks/ieee30_eval_seed_30104_block_8x8/training_seed_3031014.npy,ieee30_pypower_ac_weighted_jacobian,completed,
ieee30_eval_seed_30104_block_8x8,ieee30,3031015,training,19204898e41d1f343154566e0cf0baec8fd3ae87bf3b13ad823b579b5c65a3b0,32.96892273213719,residual_banks/ieee30_eval_seed_30104_block_8x8/training_seed_3031015.npy,ieee30_pypower_ac_weighted_jacobian,completed,
ieee30_eval_seed_30104_block_8x8,ieee30,3031016,training,08cc195a86a20957658f316ff6086087e6429a301c2ab3dc07c758a0f621d169,23.924830172040405,residual_banks/ieee30_eval_seed_30104_block_8x8/training_seed_3031016.npy,ieee30_pypower_ac_weighted_jacobian,completed,
ieee30_eval_seed_30104_block_8x8,ieee30,3031017,training,07a467320445d77a76002d0fe095b0239f79594088987eba31fe23c951d30c61,17.222527888274104,residual_banks/ieee30_eval_seed_30104_block_8x8/training_seed_3031017.npy,ieee30_pypower_ac_weighted_jacobian,completed,
ieee30_eval_seed_30104_block_8x8,ieee30,3031018,training,d3cf0c7f5ccc0a19776a6bdddbe3cd808aca965eae0ff58804faf9471abd6259,35.19256218554767,residual_banks/ieee30_eval_seed_30104_block_8x8/training_seed_3031018.npy,ieee30_pypower_ac_weighted_jacobian,completed,
ieee30_eval_seed_30104_block_8x8,ieee30,3031019,training,080883c0532f6e09da6692d46c96c473039c4b4223406485b4d1eb7a15aee758,43.28154361532276,residual_banks/ieee30_eval_seed_30104_block_8x8/training_seed_3031019.npy,ieee30_pypower_ac_weighted_jacobian,completed,
ieee30_eval_seed_30105_block_8x8,ieee30,3042000,held_out,4875c56a91cece30214897b19ac9a1938ffcd64b660d70114dd13d6727c7fd28,29.503532904104986,residual_banks/ieee30_eval_seed_30105_block_8x8/held_out_seed_3042000.npy,ieee30_pypower_ac_weighted_jacobian,completed,
ieee30_eval_seed_30105_block_8x8,ieee30,3042001,held_out,b2d23401c56449d532a4a28516fd1007c0899d832eceb5754105b07245dd3bc1,37.00558427060815,residual_banks/ieee30_eval_seed_30105_block_8x8/held_out_seed_3042001.npy,ieee30_pypower_ac_weighted_jacobian,completed,
ieee30_eval_seed_30105_block_8x8,ieee30,3042002,held_out,8bf30b99a428540edd1826c3c9fef09b130c215f430bddb4367290c98e910664,16.36428847374319,residual_banks/ieee30_eval_seed_30105_block_8x8/held_out_seed_3042002.npy,ieee30_pypower_ac_weighted_jacobian,completed,
ieee30_eval_seed_30105_block_8x8,ieee30,3042003,held_out,82364601e915e7d4acd51a45384ee9d1ef178cbbe718dfdf835df5d4d7ecd1c3,41.59409385711073,residual_banks/ieee30_eval_seed_30105_block_8x8/held_out_seed_3042003.npy,ieee30_pypower_ac_weighted_jacobian,completed,
ieee30_eval_seed_30105_block_8x8,ieee30,3042004,held_out,4eb163ce4404ba2b9324e6e4dace5a83c317473dc18d016a3522c3a5aa763172,40.36536133757408,residual_banks/ieee30_eval_seed_30105_block_8x8/held_out_seed_3042004.npy,ieee30_pypower_ac_weighted_jacobian,completed,
ieee30_eval_seed_30105_block_8x8,ieee30,3042005,held_out,39d279368deb67c796f3c7303c58cbe86518a97f9e947f548556c92b11ec666d,30.553717231514387,residual_banks/ieee30_eval_seed_30105_block_8x8/held_out_seed_3042005.npy,ieee30_pypower_ac_weighted_jacobian,completed,
ieee30_eval_seed_30105_block_8x8,ieee30,3042006,held_out,a3b44fbbbd5f4422995914fe3f93554fffe55b3b19524322eda5bf4e3e05150f,15.53191908080799,residual_banks/ieee30_eval_seed_30105_block_8x8/held_out_seed_3042006.npy,ieee30_pypower_ac_weighted_jacobian,completed,
ieee30_eval_seed_30105_block_8x8,ieee30,3042007,held_out,905198c58badf7c32b4e61bd97b0c0ad7c9de4b594e6f69465a2a9ee0bb89637,30.224106400789825,residual_banks/ieee30_eval_seed_30105_block_8x8/held_out_seed_3042007.npy,ieee30_pypower_ac_weighted_jacobian,completed,
ieee30_eval_seed_30105_block_8x8,ieee30,3042008,held_out,b7df9493ea18a4544f3933973893d6532b40d4f9b93de3ba879e91783642b0d0,34.013850307934995,residual_banks/ieee30_eval_seed_30105_block_8x8/held_out_seed_3042008.npy,ieee30_pypower_ac_weighted_jacobian,completed,
ieee30_eval_seed_30105_block_8x8,ieee30,3042009,held_out,61c4690088b710443b540210fe854e659d33b60a3f70e327af47196cd03a869e,37.526906937146194,residual_banks/ieee30_eval_seed_30105_block_8x8/held_out_seed_3042009.npy,ieee30_pypower_ac_weighted_jacobian,completed,
ieee30_eval_seed_30105_block_8x8,ieee30,3042010,held_out,7ecefbbb0ae1938e01f0f393457689e4280e60d7c70a7fb1e7c2a1882942dcc4,12.633797112054966,residual_banks/ieee30_eval_seed_30105_block_8x8/held_out_seed_3042010.npy,ieee30_pypower_ac_weighted_jacobian,completed,
ieee30_eval_seed_30105_block_8x8,ieee30,3042011,held_out,67a40fb12c55596b14e37bf5525e64da412e587750a0b9eb710c15755296e882,48.71004610531836,residual_banks/ieee30_eval_seed_30105_block_8x8/held_out_seed_3042011.npy,ieee30_pypower_ac_weighted_jacobian,completed,
ieee30_eval_seed_30105_block_8x8,ieee30,3042012,held_out,23108ecb6b2df53811a2ab6441b72ad7c6db79ec0fff6e4273fadf16b91c8dd5,35.08297421534792,residual_banks/ieee30_eval_seed_30105_block_8x8/held_out_seed_3042012.npy,ieee30_pypower_ac_weighted_jacobian,completed,
ieee30_eval_seed_30105_block_8x8,ieee30,3042013,held_out,606fcc83c533835d93bceb7a75de1fef95097c84aa47a97af135ca981b1dcbda,21.773917650424366,residual_banks/ieee30_eval_seed_30105_block_8x8/held_out_seed_3042013.npy,ieee30_pypower_ac_weighted_jacobian,completed,
ieee30_eval_seed_30105_block_8x8,ieee30,3042014,held_out,2e62bae95db0136f0956487a96a9ac8d45aa5b4035592f858ba03147f1cd0e72,39.04057933346052,residual_banks/ieee30_eval_seed_30105_block_8x8/held_out_seed_3042014.npy,ieee30_pypower_ac_weighted_jacobian,completed,
ieee30_eval_seed_30105_block_8x8,ieee30,3042015,held_out,8d65987d32dbccdd7d6b67e422ee7f269c0bfc6859b25552f315f3a8db86b217,42.25528838904186,residual_banks/ieee30_eval_seed_30105_block_8x8/held_out_seed_3042015.npy,ieee30_pypower_ac_weighted_jacobian,completed,
ieee30_eval_seed_30105_block_8x8,ieee30,3042016,held_out,a1d96432bce9f878025df6630632c449a2955b1e198529db60f5153e8fa90627,7.300566423791235,residual_banks/ieee30_eval_seed_30105_block_8x8/held_out_seed_3042016.npy,ieee30_pypower_ac_weighted_jacobian,completed,
ieee30_eval_seed_30105_block_8x8,ieee30,3042017,held_out,69070bb3f11db9f5025b7a2a8b7d646e44e07fb5be846c8d50ae95d54c002403,59.73459428521975,residual_banks/ieee30_eval_seed_30105_block_8x8/held_out_seed_3042017.npy,ieee30_pypower_ac_weighted_jacobian,completed,
ieee30_eval_seed_30105_block_8x8,ieee30,3042018,held_out,7cc7d297edaa26f7372a658ad6b92e2be8577230b8b1596e21777242a4913caf,22.0341807694154,residual_banks/ieee30_eval_seed_30105_block_8x8/held_out_seed_3042018.npy,ieee30_pypower_ac_weighted_jacobian,completed,
ieee30_eval_seed_30105_block_8x8,ieee30,3042019,held_out,8953f0d79210559987ca81e5f15d5f04ad1764e2de9fdd63d47e9682b15b164b,30.23289964102324,residual_banks/ieee30_eval_seed_30105_block_8x8/held_out_seed_3042019.npy,ieee30_pypower_ac_weighted_jacobian,completed,
ieee30_eval_seed_30105_block_8x8,ieee30,3041000,training,e9c394822ceac52206e69d3041b0df281cf6e5d6dea81e459dbdb0e3eb9e6aad,56.98879489733613,residual_banks/ieee30_eval_seed_30105_block_8x8/training_seed_3041000.npy,ieee30_pypower_ac_weighted_jacobian,completed,
ieee30_eval_seed_30105_block_8x8,ieee30,3041001,training,dd1ea148e80f12df6445822d989147049d16b16c5e1f09a5d0af5cd6dd7448ca,40.04658207675212,residual_banks/ieee30_eval_seed_30105_block_8x8/training_seed_3041001.npy,ieee30_pypower_ac_weighted_jacobian,completed,
ieee30_eval_seed_30105_block_8x8,ieee30,3041002,training,6869e744d1e5ee6ef510f833d5c78ca1cc86ff409efe3204bd63768ad77d161a,20.005536624053136,residual_banks/ieee30_eval_seed_30105_block_8x8/training_seed_3041002.npy,ieee30_pypower_ac_weighted_jacobian,completed,
ieee30_eval_seed_30105_block_8x8,ieee30,3041003,training,eb02881056cb519a07905404f259046cbf89860b2068722a3787615e355a4a9d,54.83616315193231,residual_banks/ieee30_eval_seed_30105_block_8x8/training_seed_3041003.npy,ieee30_pypower_ac_weighted_jacobian,completed,
ieee30_eval_seed_30105_block_8x8,ieee30,3041004,training,1e1cf3762df67d97a660e7c85c7b5b7334e74a082f17daf495de25fc5d9bac63,43.842859218382195,residual_banks/ieee30_eval_seed_30105_block_8x8/training_seed_3041004.npy,ieee30_pypower_ac_weighted_jacobian,completed,
ieee30_eval_seed_30105_block_8x8,ieee30,3041005,training,6d9066c5eb7e6c02982ca1ebb8de17b80ab4f166def2a3c758f3e1e3ac5c4d58,46.02922754483644,residual_banks/ieee30_eval_seed_30105_block_8x8/training_seed_3041005.npy,ieee30_pypower_ac_weighted_jacobian,completed,
ieee30_eval_seed_30105_block_8x8,ieee30,3041006,training,8c0ce0654e6956fcd438ee09437acad4adfc4b51a60ef2d59c598d4e01254aae,25.231810977674467,residual_banks/ieee30_eval_seed_30105_block_8x8/training_seed_3041006.npy,ieee30_pypower_ac_weighted_jacobian,completed,
ieee30_eval_seed_30105_block_8x8,ieee30,3041007,training,93228942581223d8e6ceb36e0590e9ceccd4f271fcc3035fe2561ea47ffefe15,21.15469493684815,residual_banks/ieee30_eval_seed_30105_block_8x8/training_seed_3041007.npy,ieee30_pypower_ac_weighted_jacobian,completed,
ieee30_eval_seed_30105_block_8x8,ieee30,3041008,training,484a9dcfa69a6c15b95befaa412e1a14b108f16c0531f9bb73ca42279a6e7edc,13.289066252558767,residual_banks/ieee30_eval_seed_30105_block_8x8/training_seed_3041008.npy,ieee30_pypower_ac_weighted_jacobian,completed,
ieee30_eval_seed_30105_block_8x8,ieee30,3041009,training,b189b056c30c72101d40d1a753043cf7bb08ecd50caa9e4aa0c4d7f5d89e4baf,20.103562746920343,residual_banks/ieee30_eval_seed_30105_block_8x8/training_seed_3041009.npy,ieee30_pypower_ac_weighted_jacobian,completed,
ieee30_eval_seed_30105_block_8x8,ieee30,3041010,training,623d9d3b93d1bc43416b03a45fb1c41df488aa37c4f78927f31553d0142f1b67,25.28903490631539,residual_banks/ieee30_eval_seed_30105_block_8x8/training_seed_3041010.npy,ieee30_pypower_ac_weighted_jacobian,completed,
ieee30_eval_seed_30105_block_8x8,ieee30,3041011,training,9088b868dfb0417f6adcbe793a1147a2acd9aacb4735b073b38a7b9d3e80c5bf,5.20527970220755,residual_banks/ieee30_eval_seed_30105_block_8x8/training_seed_3041011.npy,ieee30_pypower_ac_weighted_jacobian,completed,
ieee30_eval_seed_30105_block_8x8,ieee30,3041012,training,59b0ed854eb9467621f2f5a5fb19272ecae38f2611c956756125e6af557053b9,11.34733429559684,residual_banks/ieee30_eval_seed_30105_block_8x8/training_seed_3041012.npy,ieee30_pypower_ac_weighted_jacobian,completed,
ieee30_eval_seed_30105_block_8x8,ieee30,3041013,training,458e67402487816d1adbbfd034ce41ae79f21aa5de3c83911b78dd7dd105ec7d,23.955394859287132,residual_banks/ieee30_eval_seed_30105_block_8x8/training_seed_3041013.npy,ieee30_pypower_ac_weighted_jacobian,completed,
ieee30_eval_seed_30105_block_8x8,ieee30,3041014,training,a5f5243a6358b06ad345f2ebdd5616376b5deba7d0bec279218d019a19c31667,43.374389319223624,residual_banks/ieee30_eval_seed_30105_block_8x8/training_seed_3041014.npy,ieee30_pypower_ac_weighted_jacobian,completed,
ieee30_eval_seed_30105_block_8x8,ieee30,3041015,training,12a5564052316325174662e2e9cdad8d2633f345c0195245e6e928c40a0e0b7b,26.938131195165283,residual_banks/ieee30_eval_seed_30105_block_8x8/training_seed_3041015.npy,ieee30_pypower_ac_weighted_jacobian,completed,
ieee30_eval_seed_30105_block_8x8,ieee30,3041016,training,cda07f8a648234f828b63f499b090daedb5060c05f9d53b6a646890725f2ca7a,41.61893665768248,residual_banks/ieee30_eval_seed_30105_block_8x8/training_seed_3041016.npy,ieee30_pypower_ac_weighted_jacobian,completed,
ieee30_eval_seed_30105_block_8x8,ieee30,3041017,training,1ce2cd2312814a672cbf7a6aa80542954ca382fcd24cb7a85720841ae3f8ccbc,23.415915773231408,residual_banks/ieee30_eval_seed_30105_block_8x8/training_seed_3041017.npy,ieee30_pypower_ac_weighted_jacobian,completed,
ieee30_eval_seed_30105_block_8x8,ieee30,3041018,training,36aac72eda5fbcbd21a85f4de6b7081fb47f7d3c6df405430cb3b8fc7512140a,50.8274165614243,residual_banks/ieee30_eval_seed_30105_block_8x8/training_seed_3041018.npy,ieee30_pypower_ac_weighted_jacobian,completed,
ieee30_eval_seed_30105_block_8x8,ieee30,3041019,training,8577e007317599274af3319ea9eedf26759c703891e09f51bd550e75fcca7aab,20.808270767035598,residual_banks/ieee30_eval_seed_30105_block_8x8/training_seed_3041019.npy,ieee30_pypower_ac_weighted_jacobian,completed,
ieee57_eval_seed_57101_block_8x8,ieee57,5702000,held_out,1834fa8c62b8d6e03949676617f170de5028bc0bc12db5850a9c73fcdaec2309,50.77264309068323,residual_banks/ieee57_eval_seed_57101_block_8x8/held_out_seed_5702000.npy,ieee57_pypower_ac_weighted_jacobian,completed,
ieee57_eval_seed_57101_block_8x8,ieee57,5702001,held_out,7708ec4cdda7a13c290a5e8280838a73f6aad6392b29467e78a610885ae4c04f,17.133822577371287,residual_banks/ieee57_eval_seed_57101_block_8x8/held_out_seed_5702001.npy,ieee57_pypower_ac_weighted_jacobian,completed,
ieee57_eval_seed_57101_block_8x8,ieee57,5702002,held_out,3dde80c29238d6bba1a62c4cb0f04b38e71f4180fa70be9fd41f3be7624d60e5,24.96437679781788,residual_banks/ieee57_eval_seed_57101_block_8x8/held_out_seed_5702002.npy,ieee57_pypower_ac_weighted_jacobian,completed,
ieee57_eval_seed_57101_block_8x8,ieee57,5702003,held_out,9971aa2fbdbb5bf553b13a24025ecf6af29b93d41ebe73844d321aa727243278,42.02990193990207,residual_banks/ieee57_eval_seed_57101_block_8x8/held_out_seed_5702003.npy,ieee57_pypower_ac_weighted_jacobian,completed,
ieee57_eval_seed_57101_block_8x8,ieee57,5702004,held_out,38d812e3ae384ed6e3f1486deecad2a26b1e2fc2f4e501514e9522d0bd8f0098,27.698014371616107,residual_banks/ieee57_eval_seed_57101_block_8x8/held_out_seed_5702004.npy,ieee57_pypower_ac_weighted_jacobian,completed,
ieee57_eval_seed_57101_block_8x8,ieee57,5702005,held_out,2180e6317a291b4e9ad06f45e0b63121cb7d15aca5ae3ab4a2349e865c7a9d12,77.3490947665096,residual_banks/ieee57_eval_seed_57101_block_8x8/held_out_seed_5702005.npy,ieee57_pypower_ac_weighted_jacobian,completed,
ieee57_eval_seed_57101_block_8x8,ieee57,5702006,held_out,b78b88749037fe4a4eb21cd94e3a9976f47566bbe9cf47febfcb17cee82249c1,32.43952406760682,residual_banks/ieee57_eval_seed_57101_block_8x8/held_out_seed_5702006.npy,ieee57_pypower_ac_weighted_jacobian,completed,
ieee57_eval_seed_57101_block_8x8,ieee57,5702007,held_out,f954ba30db14b1da65cc8897ee031a0c788ba789f76f892c4292586aeb76a37d,53.847747833143174,residual_banks/ieee57_eval_seed_57101_block_8x8/held_out_seed_5702007.npy,ieee57_pypower_ac_weighted_jacobian,completed,
ieee57_eval_seed_57101_block_8x8,ieee57,5702008,held_out,b491ffb675c98ec42c2bf25ce100564ce90b360512c2261fe131a7bc52239f64,53.429144910124506,residual_banks/ieee57_eval_seed_57101_block_8x8/held_out_seed_5702008.npy,ieee57_pypower_ac_weighted_jacobian,completed,
ieee57_eval_seed_57101_block_8x8,ieee57,5702009,held_out,c75c00ac72c5328c89f180b98304d1c95152156c1b83277293c5a9fa7c1ea4ed,140.5508998615643,residual_banks/ieee57_eval_seed_57101_block_8x8/held_out_seed_5702009.npy,ieee57_pypower_ac_weighted_jacobian,completed,
ieee57_eval_seed_57101_block_8x8,ieee57,5702010,held_out,394ffee2a6cb44916766951460779eb5af381a5f0e16339902ada53aa556b899,58.81574314651883,residual_banks/ieee57_eval_seed_57101_block_8x8/held_out_seed_5702010.npy,ieee57_pypower_ac_weighted_jacobian,completed,
ieee57_eval_seed_57101_block_8x8,ieee57,5702011,held_out,3cef3165e8b709f79c1777a00d4b26448a3ca52ad40027b18c3873bcff0ee2db,57.171221469898235,residual_banks/ieee57_eval_seed_57101_block_8x8/held_out_seed_5702011.npy,ieee57_pypower_ac_weighted_jacobian,completed,
ieee57_eval_seed_57101_block_8x8,ieee57,5702012,held_out,a660a8fe0d421cd1ae9219901b7694b2c3a5b91a91b1953531182b8683c6bf77,15.94790156075099,residual_banks/ieee57_eval_seed_57101_block_8x8/held_out_seed_5702012.npy,ieee57_pypower_ac_weighted_jacobian,completed,
ieee57_eval_seed_57101_block_8x8,ieee57,5702013,held_out,328b1226d155413f0a0dfdc1c84b6b482fbd2c010f339735ad9fb7a4996a5355,55.13217778415363,residual_banks/ieee57_eval_seed_57101_block_8x8/held_out_seed_5702013.npy,ieee57_pypower_ac_weighted_jacobian,completed,
ieee57_eval_seed_57101_block_8x8,ieee57,5702014,held_out,3242cad9142e3ad63d3eb72417353b1bce0a2a05365e4666b63f32f37d17be70,48.18298401512002,residual_banks/ieee57_eval_seed_57101_block_8x8/held_out_seed_5702014.npy,ieee57_pypower_ac_weighted_jacobian,completed,
ieee57_eval_seed_57101_block_8x8,ieee57,5702015,held_out,b3a95b6b15983b88cec0d051896896382cb64fd973d3d35d0f2eb59a090ea245,57.49784846412285,residual_banks/ieee57_eval_seed_57101_block_8x8/held_out_seed_5702015.npy,ieee57_pypower_ac_weighted_jacobian,completed,
ieee57_eval_seed_57101_block_8x8,ieee57,5702016,held_out,ef9f2ad25441ee2f48df5ad3e36bdb26a47a0473e9b42882f57fb302f244f770,56.086681676342224,residual_banks/ieee57_eval_seed_57101_block_8x8/held_out_seed_5702016.npy,ieee57_pypower_ac_weighted_jacobian,completed,
ieee57_eval_seed_57101_block_8x8,ieee57,5702017,held_out,d0de428b4075a6fed6e7ccaaa50d36b85d57356d710c1f5b1e7bcd071edbf112,52.63440020482757,residual_banks/ieee57_eval_seed_57101_block_8x8/held_out_seed_5702017.npy,ieee57_pypower_ac_weighted_jacobian,completed,
ieee57_eval_seed_57101_block_8x8,ieee57,5702018,held_out,b3656a6dd0bba6205be722097741157e0668587149530529d2a0b739a3ce4059,36.8813145126907,residual_banks/ieee57_eval_seed_57101_block_8x8/held_out_seed_5702018.npy,ieee57_pypower_ac_weighted_jacobian,completed,
ieee57_eval_seed_57101_block_8x8,ieee57,5702019,held_out,8e6d417177d6283d02b2da9666438be3a72691d14ca2e35911e6dd5fb99f7f93,22.916179245988648,residual_banks/ieee57_eval_seed_57101_block_8x8/held_out_seed_5702019.npy,ieee57_pypower_ac_weighted_jacobian,completed,
ieee57_eval_seed_57101_block_8x8,ieee57,5701000,training,d4ec487036cc697993036d2f785b739ff8caa81b6265d54300a76b792c35c16c,41.069097490268646,residual_banks/ieee57_eval_seed_57101_block_8x8/training_seed_5701000.npy,ieee57_pypower_ac_weighted_jacobian,completed,
ieee57_eval_seed_57101_block_8x8,ieee57,5701001,training,1227f8481ef49cfe249165f4010c54497597fd08a57fe0ee295f8f25d5b7c8f1,64.9701709061125,residual_banks/ieee57_eval_seed_57101_block_8x8/training_seed_5701001.npy,ieee57_pypower_ac_weighted_jacobian,completed,
ieee57_eval_seed_57101_block_8x8,ieee57,5701002,training,bb03f51e99cbb010e7eb5d15195f9f52923cf4f7abc1b5710815a5373b4e02a4,53.03677105966878,residual_banks/ieee57_eval_seed_57101_block_8x8/training_seed_5701002.npy,ieee57_pypower_ac_weighted_jacobian,completed,
ieee57_eval_seed_57101_block_8x8,ieee57,5701003,training,3ca75e3017aa85716e7a2e3d860ab9d49f892ec7852f59d716dcf4e29425a4eb,46.67924447294965,residual_banks/ieee57_eval_seed_57101_block_8x8/training_seed_5701003.npy,ieee57_pypower_ac_weighted_jacobian,completed,
ieee57_eval_seed_57101_block_8x8,ieee57,5701004,training,3ad57c1d4e4f47760cf5c048f5914872914873b2bba810b2d9013a4b8646f887,32.567276574001745,residual_banks/ieee57_eval_seed_57101_block_8x8/training_seed_5701004.npy,ieee57_pypower_ac_weighted_jacobian,completed,
ieee57_eval_seed_57101_block_8x8,ieee57,5701005,training,d32506f2f179a6b6ccef3e93bd7b1ed1915553b2c0c081c73b53a77ce44ef299,60.817397282979826,residual_banks/ieee57_eval_seed_57101_block_8x8/training_seed_5701005.npy,ieee57_pypower_ac_weighted_jacobian,completed,
ieee57_eval_seed_57101_block_8x8,ieee57,5701006,training,0fac53776466296ec2255053dbead8ebb500a35e691722d2b671d6453eb6ee64,65.79286535119428,residual_banks/ieee57_eval_seed_57101_block_8x8/training_seed_5701006.npy,ieee57_pypower_ac_weighted_jacobian,completed,
ieee57_eval_seed_57101_block_8x8,ieee57,5701007,training,b04a1a34ad4095c13b173da5d0de0c19053cf3812aacf78f56a622d3a6657ac2,22.539340103794604,residual_banks/ieee57_eval_seed_57101_block_8x8/training_seed_5701007.npy,ieee57_pypower_ac_weighted_jacobian,completed,
ieee57_eval_seed_57101_block_8x8,ieee57,5701008,training,9f956ca4b4474024bbbad8519c51e4bb39614401a2292ff9772a8757e460d6c1,36.730181449464034,residual_banks/ieee57_eval_seed_57101_block_8x8/training_seed_5701008.npy,ieee57_pypower_ac_weighted_jacobian,completed,
ieee57_eval_seed_57101_block_8x8,ieee57,5701009,training,51824bed515452b5a92f22ca2131dbd4157f3f6b935291a55b7d057c3edd26f3,31.91853750583993,residual_banks/ieee57_eval_seed_57101_block_8x8/training_seed_5701009.npy,ieee57_pypower_ac_weighted_jacobian,completed,
ieee57_eval_seed_57101_block_8x8,ieee57,5701010,training,213a6d7729ccb4b2ec68aec2789d3521d24d1828339bd273f17226ef6826c6f5,13.706779175095752,residual_banks/ieee57_eval_seed_57101_block_8x8/training_seed_5701010.npy,ieee57_pypower_ac_weighted_jacobian,completed,
ieee57_eval_seed_57101_block_8x8,ieee57,5701011,training,14b08beda3a8d860e6acc5fc6a50ccf89ffda44eff61dc6483316f04dc2f4254,19.434657820811342,residual_banks/ieee57_eval_seed_57101_block_8x8/training_seed_5701011.npy,ieee57_pypower_ac_weighted_jacobian,completed,
ieee57_eval_seed_57101_block_8x8,ieee57,5701012,training,830631fa3f0102e79a0db8c601ae3563d2e799b6567569728cacfd8480b47351,14.764012972095548,residual_banks/ieee57_eval_seed_57101_block_8x8/training_seed_5701012.npy,ieee57_pypower_ac_weighted_jacobian,completed,
ieee57_eval_seed_57101_block_8x8,ieee57,5701013,training,b135839d670294d770466ef507c42d5bc92e78cb684ffe98f729505313f8b72e,61.200577922273034,residual_banks/ieee57_eval_seed_57101_block_8x8/training_seed_5701013.npy,ieee57_pypower_ac_weighted_jacobian,completed,
ieee57_eval_seed_57101_block_8x8,ieee57,5701014,training,65ab32159c5e8381c8d29f74a691fd135a64d435ee5107538998595bf8953096,45.094857968735354,residual_banks/ieee57_eval_seed_57101_block_8x8/training_seed_5701014.npy,ieee57_pypower_ac_weighted_jacobian,completed,
ieee57_eval_seed_57101_block_8x8,ieee57,5701015,training,d8d1637f1a0495462b596b58346a6b30284e3864a741ea1de17249454e9e21fc,22.55315264084876,residual_banks/ieee57_eval_seed_57101_block_8x8/training_seed_5701015.npy,ieee57_pypower_ac_weighted_jacobian,completed,
ieee57_eval_seed_57101_block_8x8,ieee57,5701016,training,0395edee194a74a014e0399886c1f29846ed6f5c34e9a4af7c7ce1f6589345a8,59.02661887153136,residual_banks/ieee57_eval_seed_57101_block_8x8/training_seed_5701016.npy,ieee57_pypower_ac_weighted_jacobian,completed,
ieee57_eval_seed_57101_block_8x8,ieee57,5701017,training,2f6e47294855870d98cfe63dcb9c87fc7d40178888b94bcd639388992673dd5e,40.75488704560552,residual_banks/ieee57_eval_seed_57101_block_8x8/training_seed_5701017.npy,ieee57_pypower_ac_weighted_jacobian,completed,
ieee57_eval_seed_57101_block_8x8,ieee57,5701018,training,37b4a2760f3a5ec758b9ce2804818cd537c7b1ba7d7de1c0f8cedaef1a99f889,28.39070977026056,residual_banks/ieee57_eval_seed_57101_block_8x8/training_seed_5701018.npy,ieee57_pypower_ac_weighted_jacobian,completed,
ieee57_eval_seed_57101_block_8x8,ieee57,5701019,training,12fcf40985f23fe83ebe252297d00bee93b1899fb17be6f253e26f666e371f58,85.70157435395457,residual_banks/ieee57_eval_seed_57101_block_8x8/training_seed_5701019.npy,ieee57_pypower_ac_weighted_jacobian,completed,
ieee57_eval_seed_57102_block_8x8,ieee57,5712000,held_out,d2a03d4183f945325593f4c515f7e2e4a2f8e6d41214ca0b60d71cdd1d25dee1,22.700005856986376,residual_banks/ieee57_eval_seed_57102_block_8x8/held_out_seed_5712000.npy,ieee57_pypower_ac_weighted_jacobian,completed,
ieee57_eval_seed_57102_block_8x8,ieee57,5712001,held_out,3138e5926a8fb38e252be5545cbe143e8afb552ee9927ceb8ef3f15a16137225,23.246659083509776,residual_banks/ieee57_eval_seed_57102_block_8x8/held_out_seed_5712001.npy,ieee57_pypower_ac_weighted_jacobian,completed,
ieee57_eval_seed_57102_block_8x8,ieee57,5712002,held_out,5ffa83a401f13de8ad143053de5896c5ee57dedae50955de7f6a9d5640b02937,51.805433803281744,residual_banks/ieee57_eval_seed_57102_block_8x8/held_out_seed_5712002.npy,ieee57_pypower_ac_weighted_jacobian,completed,
ieee57_eval_seed_57102_block_8x8,ieee57,5712003,held_out,02ff53a0c7f648004255843ac5a84a0e29e004b624d94cfe53d0051233851765,20.660632285045693,residual_banks/ieee57_eval_seed_57102_block_8x8/held_out_seed_5712003.npy,ieee57_pypower_ac_weighted_jacobian,completed,
ieee57_eval_seed_57102_block_8x8,ieee57,5712004,held_out,94beb1b79c7e4454f3508feb81431f9e56ba93af0bd9144c0bb1d4f85cc04706,41.91440704910072,residual_banks/ieee57_eval_seed_57102_block_8x8/held_out_seed_5712004.npy,ieee57_pypower_ac_weighted_jacobian,completed,
ieee57_eval_seed_57102_block_8x8,ieee57,5712005,held_out,9c1fbb6ebeb87724c161e8b40c03ee59f6fcbe5bafa8cd06fc57cf1a32791909,28.08454676279351,residual_banks/ieee57_eval_seed_57102_block_8x8/held_out_seed_5712005.npy,ieee57_pypower_ac_weighted_jacobian,completed,
ieee57_eval_seed_57102_block_8x8,ieee57,5712006,held_out,0c0701ca71ca8fa1e1bd66f57be775067cbf8fcb4d7b464ec8af64132c1058c7,39.70492436809777,residual_banks/ieee57_eval_seed_57102_block_8x8/held_out_seed_5712006.npy,ieee57_pypower_ac_weighted_jacobian,completed,
ieee57_eval_seed_57102_block_8x8,ieee57,5712007,held_out,14623dda219506bb0a04a472e8f40b1c5007366ac4db06c05885accdc0fb5929,39.72636854346567,residual_banks/ieee57_eval_seed_57102_block_8x8/held_out_seed_5712007.npy,ieee57_pypower_ac_weighted_jacobian,completed,
ieee57_eval_seed_57102_block_8x8,ieee57,5712008,held_out,b83c0a8e96402755244adef72b49b067c970b2f8836a136fbf9c78ab2885db33,48.83669057785241,residual_banks/ieee57_eval_seed_57102_block_8x8/held_out_seed_5712008.npy,ieee57_pypower_ac_weighted_jacobian,completed,
ieee57_eval_seed_57102_block_8x8,ieee57,5712009,held_out,45bef56aaff21f47ba6df07f160864cc65884c7debb901acdf67cbcdf49f24e0,66.3295876833026,residual_banks/ieee57_eval_seed_57102_block_8x8/held_out_seed_5712009.npy,ieee57_pypower_ac_weighted_jacobian,completed,
ieee57_eval_seed_57102_block_8x8,ieee57,5712010,held_out,0ee5c92ef130ca466c22d131160972a40eb7a16e0a69b9f660e8f8fb2b00cf23,63.932768754204425,residual_banks/ieee57_eval_seed_57102_block_8x8/held_out_seed_5712010.npy,ieee57_pypower_ac_weighted_jacobian,completed,
ieee57_eval_seed_57102_block_8x8,ieee57,5712011,held_out,f6e59fc3a7efe0c9031d97934a19d2fc4dafd41dbb24ca6eae605a9a3a51e56f,20.65070642697825,residual_banks/ieee57_eval_seed_57102_block_8x8/held_out_seed_5712011.npy,ieee57_pypower_ac_weighted_jacobian,completed,
ieee57_eval_seed_57102_block_8x8,ieee57,5712012,held_out,9c6f54820b02e3e906aae7bfbd4f74a3b68402a435b36827a9fa98f92f9a0eda,42.532991956138375,residual_banks/ieee57_eval_seed_57102_block_8x8/held_out_seed_5712012.npy,ieee57_pypower_ac_weighted_jacobian,completed,
ieee57_eval_seed_57102_block_8x8,ieee57,5712013,held_out,b3f2291cdb24bc1dba3348a2b39e92a5c64585392ed8fe42209efe3aa56bfb97,53.54762526760787,residual_banks/ieee57_eval_seed_57102_block_8x8/held_out_seed_5712013.npy,ieee57_pypower_ac_weighted_jacobian,completed,
ieee57_eval_seed_57102_block_8x8,ieee57,5712014,held_out,eff8ea1676b0dbffc4518095fb45ed9c003d9851f8c31fe4b0fdf78b5f719fb0,13.183303734559784,residual_banks/ieee57_eval_seed_57102_block_8x8/held_out_seed_5712014.npy,ieee57_pypower_ac_weighted_jacobian,completed,
ieee57_eval_seed_57102_block_8x8,ieee57,5712015,held_out,2f0ef1daee05d42bce82b3eee466bdec1c516dbd958a98081d302dbf713bd1a0,35.48313401051305,residual_banks/ieee57_eval_seed_57102_block_8x8/held_out_seed_5712015.npy,ieee57_pypower_ac_weighted_jacobian,completed,
ieee57_eval_seed_57102_block_8x8,ieee57,5712016,held_out,681349edf244e0533a5cadcd7edea17aae84f647053225362eaae58a797c99e2,41.45814922810418,residual_banks/ieee57_eval_seed_57102_block_8x8/held_out_seed_5712016.npy,ieee57_pypower_ac_weighted_jacobian,completed,
ieee57_eval_seed_57102_block_8x8,ieee57,5712017,held_out,230f09d9fd90f453f2caf20ee3ca8680240f9c1b6c4db91f48a55f16527fac44,62.191799350043574,residual_banks/ieee57_eval_seed_57102_block_8x8/held_out_seed_5712017.npy,ieee57_pypower_ac_weighted_jacobian,completed,
ieee57_eval_seed_57102_block_8x8,ieee57,5712018,held_out,63e6ed974fc1859570fc40cdf663db46a49f709d5724ea9fe345f02bdbbb3330,52.10890591130205,residual_banks/ieee57_eval_seed_57102_block_8x8/held_out_seed_5712018.npy,ieee57_pypower_ac_weighted_jacobian,completed,
ieee57_eval_seed_57102_block_8x8,ieee57,5712019,held_out,49072869dbb2878051922b6bb7f54d01927cca25c755d6fd0177d70a359dbb18,70.00423620820578,residual_banks/ieee57_eval_seed_57102_block_8x8/held_out_seed_5712019.npy,ieee57_pypower_ac_weighted_jacobian,completed,
ieee57_eval_seed_57102_block_8x8,ieee57,5711000,training,59a1f07dcce21a8216d1e2bf637a834dd523e116faa6abe15e4f2da861841538,43.74254485696148,residual_banks/ieee57_eval_seed_57102_block_8x8/training_seed_5711000.npy,ieee57_pypower_ac_weighted_jacobian,completed,
ieee57_eval_seed_57102_block_8x8,ieee57,5711001,training,84093bb01ab1e569b45ea41d49118898137854013ff6c418078fc9c158121eff,59.70115570247079,residual_banks/ieee57_eval_seed_57102_block_8x8/training_seed_5711001.npy,ieee57_pypower_ac_weighted_jacobian,completed,
ieee57_eval_seed_57102_block_8x8,ieee57,5711002,training,b8ec480d1531a20b16109c69aadebfcbce5b278e3939f04ed7158bd2ce5a15cb,29.223749854195372,residual_banks/ieee57_eval_seed_57102_block_8x8/training_seed_5711002.npy,ieee57_pypower_ac_weighted_jacobian,completed,
ieee57_eval_seed_57102_block_8x8,ieee57,5711003,training,61d6ff41addddd58fc54ce8260028ada244422ec0af4e5c6bbbd411e014b7172,34.69409480423806,residual_banks/ieee57_eval_seed_57102_block_8x8/training_seed_5711003.npy,ieee57_pypower_ac_weighted_jacobian,completed,
ieee57_eval_seed_57102_block_8x8,ieee57,5711004,training,89e233c84f55df554981e9dd94b49f6313dc28709bb2a35c95d6e43e785bab9b,47.71250498214092,residual_banks/ieee57_eval_seed_57102_block_8x8/training_seed_5711004.npy,ieee57_pypower_ac_weighted_jacobian,completed,
ieee57_eval_seed_57102_block_8x8,ieee57,5711005,training,3167779a480bcba35d46d00ea12bbcbc63ece22e59bac428d10bda259c7b3248,13.15311243341625,residual_banks/ieee57_eval_seed_57102_block_8x8/training_seed_5711005.npy,ieee57_pypower_ac_weighted_jacobian,completed,
ieee57_eval_seed_57102_block_8x8,ieee57,5711006,training,ffca679e3b8c9a8743bcd0f11a72e178e6e36ebb192676fd530c436fbc589764,51.884456596339035,residual_banks/ieee57_eval_seed_57102_block_8x8/training_seed_5711006.npy,ieee57_pypower_ac_weighted_jacobian,completed,
ieee57_eval_seed_57102_block_8x8,ieee57,5711007,training,f0568519b8532c6c4a69e4db288fb50e8b809d8d080a01b2e72081d0fecb07e9,38.95441301565647,residual_banks/ieee57_eval_seed_57102_block_8x8/training_seed_5711007.npy,ieee57_pypower_ac_weighted_jacobian,completed,
ieee57_eval_seed_57102_block_8x8,ieee57,5711008,training,bb148befc370f58be0a5968fe2841b3c870744bb637d4bed2787e04289b9694c,38.925369735273634,residual_banks/ieee57_eval_seed_57102_block_8x8/training_seed_5711008.npy,ieee57_pypower_ac_weighted_jacobian,completed,
ieee57_eval_seed_57102_block_8x8,ieee57,5711009,training,f2c7ea6b256094ad597253553ffa4dc1a0b8fdd9db20aafd86c6c510a04c2985,106.85755064649024,residual_banks/ieee57_eval_seed_57102_block_8x8/training_seed_5711009.npy,ieee57_pypower_ac_weighted_jacobian,completed,
ieee57_eval_seed_57102_block_8x8,ieee57,5711010,training,1945e863f1913538d8fa1b0366ddf0431408a0a44e7ecd12e312a9ddd4c248ed,32.69415454980624,residual_banks/ieee57_eval_seed_57102_block_8x8/training_seed_5711010.npy,ieee57_pypower_ac_weighted_jacobian,completed,
ieee57_eval_seed_57102_block_8x8,ieee57,5711011,training,8ed0a03cd06527e92325c040f3581ad94326676394282f35931127022a9405d0,35.11275489172843,residual_banks/ieee57_eval_seed_57102_block_8x8/training_seed_5711011.npy,ieee57_pypower_ac_weighted_jacobian,completed,
ieee57_eval_seed_57102_block_8x8,ieee57,5711012,training,eea4eeaaf52cf80a87ae723106a32bd1e007f6051a43b4233d1f679ad93e8623,18.665767747642345,residual_banks/ieee57_eval_seed_57102_block_8x8/training_seed_5711012.npy,ieee57_pypower_ac_weighted_jacobian,completed,
ieee57_eval_seed_57102_block_8x8,ieee57,5711013,training,b24774f5d1e6c4bb382b422426fdc953a2fda621eb00687d6a99a765a46e5853,48.93168953332762,residual_banks/ieee57_eval_seed_57102_block_8x8/training_seed_5711013.npy,ieee57_pypower_ac_weighted_jacobian,completed,
ieee57_eval_seed_57102_block_8x8,ieee57,5711014,training,a547be78079a34ecc60884fe1e218c152fcfc3d4986afb9c68c914009bb2914e,36.50224302228132,residual_banks/ieee57_eval_seed_57102_block_8x8/training_seed_5711014.npy,ieee57_pypower_ac_weighted_jacobian,completed,
ieee57_eval_seed_57102_block_8x8,ieee57,5711015,training,e12a33e6fcb1f5626bd5a1b80eabfa0df5c603b4002e6aa3c396879d2978e820,24.5351163455872,residual_banks/ieee57_eval_seed_57102_block_8x8/training_seed_5711015.npy,ieee57_pypower_ac_weighted_jacobian,completed,
ieee57_eval_seed_57102_block_8x8,ieee57,5711016,training,2f059f557a87fdfbd9e52294ce113944d9dfd13dcddb1ad23482bbf4fe9d3197,73.34553049465475,residual_banks/ieee57_eval_seed_57102_block_8x8/training_seed_5711016.npy,ieee57_pypower_ac_weighted_jacobian,completed,
ieee57_eval_seed_57102_block_8x8,ieee57,5711017,training,259c292e5c25f35212112719fd36367d9e5f94175124927ca4848cbc1138c374,23.577936235504023,residual_banks/ieee57_eval_seed_57102_block_8x8/training_seed_5711017.npy,ieee57_pypower_ac_weighted_jacobian,completed,
ieee57_eval_seed_57102_block_8x8,ieee57,5711018,training,17719638897d756926ae999039217da2c20b93f7b5e0a771763b5ffd7876ec31,50.66608713480364,residual_banks/ieee57_eval_seed_57102_block_8x8/training_seed_5711018.npy,ieee57_pypower_ac_weighted_jacobian,completed,
ieee57_eval_seed_57102_block_8x8,ieee57,5711019,training,923b6d78606ee5904adc3fb6a4d04c822ee911f53982851a61bd2b7e8256b50d,47.6888880182949,residual_banks/ieee57_eval_seed_57102_block_8x8/training_seed_5711019.npy,ieee57_pypower_ac_weighted_jacobian,completed,
ieee57_eval_seed_57103_block_8x8,ieee57,5722000,held_out,372cd84e57a0f8d3516a4ddee446c965ee13a827e377c084bfa5be5e9c4aa4b4,54.90247956784362,residual_banks/ieee57_eval_seed_57103_block_8x8/held_out_seed_5722000.npy,ieee57_pypower_ac_weighted_jacobian,completed,
ieee57_eval_seed_57103_block_8x8,ieee57,5722001,held_out,ce3073caa7ed9bde75a8a59ae96583cb97da028cac164f54b386d539088def82,55.00894065200891,residual_banks/ieee57_eval_seed_57103_block_8x8/held_out_seed_5722001.npy,ieee57_pypower_ac_weighted_jacobian,completed,
ieee57_eval_seed_57103_block_8x8,ieee57,5722002,held_out,e564e3d5146352da53bdc21b62c93e9e914c622cd6b4307a58ac6c2cd8c52a0d,44.044416232110486,residual_banks/ieee57_eval_seed_57103_block_8x8/held_out_seed_5722002.npy,ieee57_pypower_ac_weighted_jacobian,completed,
ieee57_eval_seed_57103_block_8x8,ieee57,5722003,held_out,ef5cac72530481666e056624841190dc07d6d37f70c32297a9a9df105b26d845,20.17473492060843,residual_banks/ieee57_eval_seed_57103_block_8x8/held_out_seed_5722003.npy,ieee57_pypower_ac_weighted_jacobian,completed,
ieee57_eval_seed_57103_block_8x8,ieee57,5722004,held_out,6fa2b921ed608f7d5fbad388e7fc7eadbdb0c50cfbff75fa5e0e04b2431437d1,58.82894858679042,residual_banks/ieee57_eval_seed_57103_block_8x8/held_out_seed_5722004.npy,ieee57_pypower_ac_weighted_jacobian,completed,
ieee57_eval_seed_57103_block_8x8,ieee57,5722005,held_out,94e0c490045e7c05c12a9d8e3e6b72f08dfd481b3b1058769de4fb584f3e806e,33.18046097525063,residual_banks/ieee57_eval_seed_57103_block_8x8/held_out_seed_5722005.npy,ieee57_pypower_ac_weighted_jacobian,completed,
ieee57_eval_seed_57103_block_8x8,ieee57,5722006,held_out,5aaf53eeaae6f9fdfece3e0bf6fac2100ed2239066a9f2966aa3f5e167ca37c2,29.568786996640082,residual_banks/ieee57_eval_seed_57103_block_8x8/held_out_seed_5722006.npy,ieee57_pypower_ac_weighted_jacobian,completed,
ieee57_eval_seed_57103_block_8x8,ieee57,5722007,held_out,39fc85ca291a58a7f5d92c0b579c906d7c4bfe7d5cce1ca5ad2dee943503c0b6,33.256528803603956,residual_banks/ieee57_eval_seed_57103_block_8x8/held_out_seed_5722007.npy,ieee57_pypower_ac_weighted_jacobian,completed,
ieee57_eval_seed_57103_block_8x8,ieee57,5722008,held_out,b57d06e759e8ea2d3fefc554a74da7b063761c13f41523a564e986660b9179b7,71.86580651425179,residual_banks/ieee57_eval_seed_57103_block_8x8/held_out_seed_5722008.npy,ieee57_pypower_ac_weighted_jacobian,completed,
ieee57_eval_seed_57103_block_8x8,ieee57,5722009,held_out,06dcce747a22f7a89c70861e5d1bb63e19c6aee24e0f94d96f4c97981bf5f820,37.38358573163988,residual_banks/ieee57_eval_seed_57103_block_8x8/held_out_seed_5722009.npy,ieee57_pypower_ac_weighted_jacobian,completed,
ieee57_eval_seed_57103_block_8x8,ieee57,5722010,held_out,620fa681da4c4211094c354a8948027f2dc6b6bc9eb54f3ee8ea4bfe1703845c,46.877631608988644,residual_banks/ieee57_eval_seed_57103_block_8x8/held_out_seed_5722010.npy,ieee57_pypower_ac_weighted_jacobian,completed,
ieee57_eval_seed_57103_block_8x8,ieee57,5722011,held_out,c87bd797791377bdc2a2f38d4f29c9a50359aee515925818c8522eeb079e02dd,27.450227907633504,residual_banks/ieee57_eval_seed_57103_block_8x8/held_out_seed_5722011.npy,ieee57_pypower_ac_weighted_jacobian,completed,
ieee57_eval_seed_57103_block_8x8,ieee57,5722012,held_out,288dc8ad8408bb0ac5c1402b36ab4eb6fadd7857b5c82254008d594672f6dcea,70.0250871505074,residual_banks/ieee57_eval_seed_57103_block_8x8/held_out_seed_5722012.npy,ieee57_pypower_ac_weighted_jacobian,completed,
ieee57_eval_seed_57103_block_8x8,ieee57,5722013,held_out,d2ed4923ea6a5546dd5b9d2e6b9cd93a6c838d09df342ad9ea17cbaf8e1db4d8,34.75866240191117,residual_banks/ieee57_eval_seed_57103_block_8x8/held_out_seed_5722013.npy,ieee57_pypower_ac_weighted_jacobian,completed,
ieee57_eval_seed_57103_block_8x8,ieee57,5722014,held_out,fd8a644049cc39d6fd48a78414de904766ef3ae83c70008b79b012d050d3fc4e,24.24990721432053,residual_banks/ieee57_eval_seed_57103_block_8x8/held_out_seed_5722014.npy,ieee57_pypower_ac_weighted_jacobian,completed,
ieee57_eval_seed_57103_block_8x8,ieee57,5722015,held_out,f740ad88c99033c38bc480279cba122e3466d4f58cf2819f03613a67a444a135,52.08783848861645,residual_banks/ieee57_eval_seed_57103_block_8x8/held_out_seed_5722015.npy,ieee57_pypower_ac_weighted_jacobian,completed,
ieee57_eval_seed_57103_block_8x8,ieee57,5722016,held_out,70beb074f345b0d696ffe4eab40fa51dccaedfb810f7c2c404a47349bde64191,36.601410093603064,residual_banks/ieee57_eval_seed_57103_block_8x8/held_out_seed_5722016.npy,ieee57_pypower_ac_weighted_jacobian,completed,
ieee57_eval_seed_57103_block_8x8,ieee57,5722017,held_out,871aaddd30ffb1e491f176f1ca90250ae693e2c0a2e73f73390b21083d215921,59.920841493084275,residual_banks/ieee57_eval_seed_57103_block_8x8/held_out_seed_5722017.npy,ieee57_pypower_ac_weighted_jacobian,completed,
ieee57_eval_seed_57103_block_8x8,ieee57,5722018,held_out,f1cbfee237057eef48e0eb4691b99fc132a86feeb0a599486aae4f028b0ad08a,37.453164591177945,residual_banks/ieee57_eval_seed_57103_block_8x8/held_out_seed_5722018.npy,ieee57_pypower_ac_weighted_jacobian,completed,
ieee57_eval_seed_57103_block_8x8,ieee57,5722019,held_out,03679dd97532e7622c9d7a26c296adac2436de8618069fde187bc9b875ba6ec8,49.73522698783401,residual_banks/ieee57_eval_seed_57103_block_8x8/held_out_seed_5722019.npy,ieee57_pypower_ac_weighted_jacobian,completed,
ieee57_eval_seed_57103_block_8x8,ieee57,5721000,training,0442e43fd0c9c4d220d35b5514c4b8a99b88853c3bc94bfc253825c430dd6b26,21.720717338276856,residual_banks/ieee57_eval_seed_57103_block_8x8/training_seed_5721000.npy,ieee57_pypower_ac_weighted_jacobian,completed,
ieee57_eval_seed_57103_block_8x8,ieee57,5721001,training,affd49ab9719ffe6bb6417471819942a129f053a04014c5868fef30ce7db5b22,35.49451335279768,residual_banks/ieee57_eval_seed_57103_block_8x8/training_seed_5721001.npy,ieee57_pypower_ac_weighted_jacobian,completed,
ieee57_eval_seed_57103_block_8x8,ieee57,5721002,training,38b58caacdd2318858f480039cfc17711c3daa29c9c64050ee2d0aa0b304d888,32.5176948734842,residual_banks/ieee57_eval_seed_57103_block_8x8/training_seed_5721002.npy,ieee57_pypower_ac_weighted_jacobian,completed,
ieee57_eval_seed_57103_block_8x8,ieee57,5721003,training,fb4d21e04ad7798c743a70a71b6db8244bfa48c36639a4547c2d7922ab88abd9,50.622889508992614,residual_banks/ieee57_eval_seed_57103_block_8x8/training_seed_5721003.npy,ieee57_pypower_ac_weighted_jacobian,completed,
ieee57_eval_seed_57103_block_8x8,ieee57,5721004,training,57ac0eeae92ba8308de300b880f6f5d07b64dd83c6fd38669a5af76f62a53088,74.47899289849781,residual_banks/ieee57_eval_seed_57103_block_8x8/training_seed_5721004.npy,ieee57_pypower_ac_weighted_jacobian,completed,
ieee57_eval_seed_57103_block_8x8,ieee57,5721005,training,9b50629f6561dcc276a76d9b5f40a720d7379c832a085840c7a187302fee2dba,48.197136525388714,residual_banks/ieee57_eval_seed_57103_block_8x8/training_seed_5721005.npy,ieee57_pypower_ac_weighted_jacobian,completed,
ieee57_eval_seed_57103_block_8x8,ieee57,5721006,training,346e9ef994cb1bb38778f34f13271175b08a70a3b883efd75f4a8707e2aa8f9e,45.13188545102082,residual_banks/ieee57_eval_seed_57103_block_8x8/training_seed_5721006.npy,ieee57_pypower_ac_weighted_jacobian,completed,
ieee57_eval_seed_57103_block_8x8,ieee57,5721007,training,fedcdbcf803998b1ac5f51a537d20f2c1f0f7e31c674ff28f180e06cb111ce6c,45.222211424463794,residual_banks/ieee57_eval_seed_57103_block_8x8/training_seed_5721007.npy,ieee57_pypower_ac_weighted_jacobian,completed,
ieee57_eval_seed_57103_block_8x8,ieee57,5721008,training,881dc67b072e7a0b2dadb16ee3c456687794e2967fb84afc3ceed631a0fe93c0,93.93926021568893,residual_banks/ieee57_eval_seed_57103_block_8x8/training_seed_5721008.npy,ieee57_pypower_ac_weighted_jacobian,completed,
ieee57_eval_seed_57103_block_8x8,ieee57,5721009,training,4a8385d9e44dd27164da49bece27672ada8ec2a31c08b8fa224d7a1bcc66fc93,77.33187131894817,residual_banks/ieee57_eval_seed_57103_block_8x8/training_seed_5721009.npy,ieee57_pypower_ac_weighted_jacobian,completed,
ieee57_eval_seed_57103_block_8x8,ieee57,5721010,training,79e37f2537bea89af2805fccafd23fcbba08a3557431afc92fff956a10fcc2c1,49.17405895029157,residual_banks/ieee57_eval_seed_57103_block_8x8/training_seed_5721010.npy,ieee57_pypower_ac_weighted_jacobian,completed,
ieee57_eval_seed_57103_block_8x8,ieee57,5721011,training,a5811e4d78164ddedf30ce2a7e0a3b74bcadc25f186d150100907dacf4040c37,14.184546194579765,residual_banks/ieee57_eval_seed_57103_block_8x8/training_seed_5721011.npy,ieee57_pypower_ac_weighted_jacobian,completed,
ieee57_eval_seed_57103_block_8x8,ieee57,5721012,training,72eaa1d8972bf683954189cf7bb46ab15ade53406e9e494ab63fbc1fbf30f945,75.78664602415712,residual_banks/ieee57_eval_seed_57103_block_8x8/training_seed_5721012.npy,ieee57_pypower_ac_weighted_jacobian,completed,
ieee57_eval_seed_57103_block_8x8,ieee57,5721013,training,c7c7df317ea375ab84dceffc45d0b656df966033532c3d39355e8f47142f6f81,17.691671716269767,residual_banks/ieee57_eval_seed_57103_block_8x8/training_seed_5721013.npy,ieee57_pypower_ac_weighted_jacobian,completed,
ieee57_eval_seed_57103_block_8x8,ieee57,5721014,training,c85eb7cd22d67a07d1c1d4c1eadd87a155fad8cbe0a5d1410ccf8d7d96fd7162,47.73404154574308,residual_banks/ieee57_eval_seed_57103_block_8x8/training_seed_5721014.npy,ieee57_pypower_ac_weighted_jacobian,completed,
ieee57_eval_seed_57103_block_8x8,ieee57,5721015,training,3127cc7f608331ca3f30cb80d53b63ea6d5979d4038942acbc608f6de82f352f,40.34807450666255,residual_banks/ieee57_eval_seed_57103_block_8x8/training_seed_5721015.npy,ieee57_pypower_ac_weighted_jacobian,completed,
ieee57_eval_seed_57103_block_8x8,ieee57,5721016,training,3882b9d51e30b15f774ba388ed1098d61cd59f910a782152e671b40fb23f11a0,66.01323606188153,residual_banks/ieee57_eval_seed_57103_block_8x8/training_seed_5721016.npy,ieee57_pypower_ac_weighted_jacobian,completed,
ieee57_eval_seed_57103_block_8x8,ieee57,5721017,training,935f587b75f9e66554fb43351da270baa2481e96187062f086a4f105ebada1e9,59.431173640812915,residual_banks/ieee57_eval_seed_57103_block_8x8/training_seed_5721017.npy,ieee57_pypower_ac_weighted_jacobian,completed,
ieee57_eval_seed_57103_block_8x8,ieee57,5721018,training,daaa11fae14189ca5ee63976a2dd1759f3f20db6cc6e6b70c26e415dcb47d325,7.838595209045343,residual_banks/ieee57_eval_seed_57103_block_8x8/training_seed_5721018.npy,ieee57_pypower_ac_weighted_jacobian,completed,
ieee57_eval_seed_57103_block_8x8,ieee57,5721019,training,6ee443af576ef29c606403728c73249b90c0dc2257225911de475639b43a7450,28.40927657579064,residual_banks/ieee57_eval_seed_57103_block_8x8/training_seed_5721019.npy,ieee57_pypower_ac_weighted_jacobian,completed,
ieee57_eval_seed_57104_block_8x8,ieee57,5732000,held_out,e851ec3bcdb429c973ec073c9dee5a0eb870159523af43f9105057e416ba9806,53.037573493992895,residual_banks/ieee57_eval_seed_57104_block_8x8/held_out_seed_5732000.npy,ieee57_pypower_ac_weighted_jacobian,completed,
ieee57_eval_seed_57104_block_8x8,ieee57,5732001,held_out,cd7af938b95e9d858690121cdd05a9c99bd96b6369e289d4b5e0056c8c2f2109,56.51765898990547,residual_banks/ieee57_eval_seed_57104_block_8x8/held_out_seed_5732001.npy,ieee57_pypower_ac_weighted_jacobian,completed,
ieee57_eval_seed_57104_block_8x8,ieee57,5732002,held_out,2067b99cae4abe33918e899287e04fafac74e8287f7884d26e5c35404785fb09,31.53556533618872,residual_banks/ieee57_eval_seed_57104_block_8x8/held_out_seed_5732002.npy,ieee57_pypower_ac_weighted_jacobian,completed,
ieee57_eval_seed_57104_block_8x8,ieee57,5732003,held_out,1507874cfc57c4091c51bcefc283fd74feec26d55a8921e91f9d54d452784b65,58.004268159798094,residual_banks/ieee57_eval_seed_57104_block_8x8/held_out_seed_5732003.npy,ieee57_pypower_ac_weighted_jacobian,completed,
ieee57_eval_seed_57104_block_8x8,ieee57,5732004,held_out,81d4fd091a1908d8825c05e968c275467884272679d5240dd28ab39a283d2c9c,21.663610547057672,residual_banks/ieee57_eval_seed_57104_block_8x8/held_out_seed_5732004.npy,ieee57_pypower_ac_weighted_jacobian,completed,
ieee57_eval_seed_57104_block_8x8,ieee57,5732005,held_out,1e046419c7c71b43671b319b43e0122ef7d802d498e90b16028752323aae4b63,45.76990855631901,residual_banks/ieee57_eval_seed_57104_block_8x8/held_out_seed_5732005.npy,ieee57_pypower_ac_weighted_jacobian,completed,
ieee57_eval_seed_57104_block_8x8,ieee57,5732006,held_out,5772e221586e88afb478623be4c6ffd44d799dd4bb70ccc4b31a24ec60fab9f5,68.56147220605409,residual_banks/ieee57_eval_seed_57104_block_8x8/held_out_seed_5732006.npy,ieee57_pypower_ac_weighted_jacobian,completed,
ieee57_eval_seed_57104_block_8x8,ieee57,5732007,held_out,935ed4468dd85e32e58821d3cf7d91076acea48706b923f8241ef298f2e697ee,44.42711853159247,residual_banks/ieee57_eval_seed_57104_block_8x8/held_out_seed_5732007.npy,ieee57_pypower_ac_weighted_jacobian,completed,
ieee57_eval_seed_57104_block_8x8,ieee57,5732008,held_out,bddb85d2088b18c216259380cd5ebe2e593fc4b8dbfb152de24a124e02efdef1,33.41460726494923,residual_banks/ieee57_eval_seed_57104_block_8x8/held_out_seed_5732008.npy,ieee57_pypower_ac_weighted_jacobian,completed,
ieee57_eval_seed_57104_block_8x8,ieee57,5732009,held_out,3b09f656dd2012d29beb3f8500f3f1f3f0e6bde6c50133530875677564a6b049,38.11330644769163,residual_banks/ieee57_eval_seed_57104_block_8x8/held_out_seed_5732009.npy,ieee57_pypower_ac_weighted_jacobian,completed,
ieee57_eval_seed_57104_block_8x8,ieee57,5732010,held_out,070594889dac378dad4b2fb06d439ff4a7bbdc9aa391cc03621b489355b72267,30.189926587241494,residual_banks/ieee57_eval_seed_57104_block_8x8/held_out_seed_5732010.npy,ieee57_pypower_ac_weighted_jacobian,completed,
ieee57_eval_seed_57104_block_8x8,ieee57,5732011,held_out,35766be392caca59335034fba42976b82860175e72a0407d3b9208f6b57fe187,37.34516861116015,residual_banks/ieee57_eval_seed_57104_block_8x8/held_out_seed_5732011.npy,ieee57_pypower_ac_weighted_jacobian,completed,
ieee57_eval_seed_57104_block_8x8,ieee57,5732012,held_out,28cb51bd7a13c01537f4757e3d9be569a3477a9f67b6ef2a3e6ee7200059a794,40.604500268821006,residual_banks/ieee57_eval_seed_57104_block_8x8/held_out_seed_5732012.npy,ieee57_pypower_ac_weighted_jacobian,completed,
ieee57_eval_seed_57104_block_8x8,ieee57,5732013,held_out,61301eb3f647a0bf20cfb178afd5e30614857a91c4cf2544cf04e8492ecd2350,57.108951745107476,residual_banks/ieee57_eval_seed_57104_block_8x8/held_out_seed_5732013.npy,ieee57_pypower_ac_weighted_jacobian,completed,
ieee57_eval_seed_57104_block_8x8,ieee57,5732014,held_out,5c5c14e168b71b2564c3fafdd448da269dbc8bf117542969770fcc7307d9d61f,34.37276966576568,residual_banks/ieee57_eval_seed_57104_block_8x8/held_out_seed_5732014.npy,ieee57_pypower_ac_weighted_jacobian,completed,
ieee57_eval_seed_57104_block_8x8,ieee57,5732015,held_out,3171893e8e8f38baea536d258c8e93a6030427535d71dfe658f6129385b040dd,73.1390565828797,residual_banks/ieee57_eval_seed_57104_block_8x8/held_out_seed_5732015.npy,ieee57_pypower_ac_weighted_jacobian,completed,
ieee57_eval_seed_57104_block_8x8,ieee57,5732016,held_out,3a06df5a06c5f07b57dceada7aba41d11b467c3c7bbfe66e3ef17b89b64ac385,62.09122858604769,residual_banks/ieee57_eval_seed_57104_block_8x8/held_out_seed_5732016.npy,ieee57_pypower_ac_weighted_jacobian,completed,
ieee57_eval_seed_57104_block_8x8,ieee57,5732017,held_out,6fbfeee6925d61864f804756c0da5a8a78e59cdd174a24e1419f6c645cda15c4,27.76325637839661,residual_banks/ieee57_eval_seed_57104_block_8x8/held_out_seed_5732017.npy,ieee57_pypower_ac_weighted_jacobian,completed,
ieee57_eval_seed_57104_block_8x8,ieee57,5732018,held_out,66b4bb7bd07241672967f9d3e4a821f828a8accfc63a8c968e0c139e478cd937,33.14918992108722,residual_banks/ieee57_eval_seed_57104_block_8x8/held_out_seed_5732018.npy,ieee57_pypower_ac_weighted_jacobian,completed,
ieee57_eval_seed_57104_block_8x8,ieee57,5732019,held_out,14bd9ec0e17a3443614567b5d4b7b9b37306c0c631967ae4e661d6c7d2323c67,31.44983935038225,residual_banks/ieee57_eval_seed_57104_block_8x8/held_out_seed_5732019.npy,ieee57_pypower_ac_weighted_jacobian,completed,
ieee57_eval_seed_57104_block_8x8,ieee57,5731000,training,c0c74d64550e8662d2e8718fb40ac755b8e18d1231e4d39e1754654a544c0b46,35.46461767931221,residual_banks/ieee57_eval_seed_57104_block_8x8/training_seed_5731000.npy,ieee57_pypower_ac_weighted_jacobian,completed,
ieee57_eval_seed_57104_block_8x8,ieee57,5731001,training,8ac6efa169f441cb7a59441fbae09dfa02e7b5dbe6efd192d2475ac00601c920,52.92668694176002,residual_banks/ieee57_eval_seed_57104_block_8x8/training_seed_5731001.npy,ieee57_pypower_ac_weighted_jacobian,completed,
ieee57_eval_seed_57104_block_8x8,ieee57,5731002,training,27d68726aed0221106e2e8d7c855f6ce2d21d345b57c8ffd98895987616cd1aa,35.79620393408375,residual_banks/ieee57_eval_seed_57104_block_8x8/training_seed_5731002.npy,ieee57_pypower_ac_weighted_jacobian,completed,
ieee57_eval_seed_57104_block_8x8,ieee57,5731003,training,15dcb5de5b6ccb680d966e42ca15def93d19de69b9af7bc2bf1399a7ad5cc30b,56.877667558078144,residual_banks/ieee57_eval_seed_57104_block_8x8/training_seed_5731003.npy,ieee57_pypower_ac_weighted_jacobian,completed,
ieee57_eval_seed_57104_block_8x8,ieee57,5731004,training,62f6f28c435a8d9513280fa78ae79c34a0afb6b23b1cb488602f6430bd7f201c,83.5047732904537,residual_banks/ieee57_eval_seed_57104_block_8x8/training_seed_5731004.npy,ieee57_pypower_ac_weighted_jacobian,completed,
ieee57_eval_seed_57104_block_8x8,ieee57,5731005,training,a135d833222f13e30a9cddce19c0a62383ca8114f02b75f12b45aed5b86b1eb0,59.87277393296631,residual_banks/ieee57_eval_seed_57104_block_8x8/training_seed_5731005.npy,ieee57_pypower_ac_weighted_jacobian,completed,
ieee57_eval_seed_57104_block_8x8,ieee57,5731006,training,132c827d80d0a18c9ecdf8aa0a9c6660d5893ce4fe0a43629eca363df36f3d4f,90.51207070852317,residual_banks/ieee57_eval_seed_57104_block_8x8/training_seed_5731006.npy,ieee57_pypower_ac_weighted_jacobian,completed,
ieee57_eval_seed_57104_block_8x8,ieee57,5731007,training,e07099ebb4330b86e06a3c91fe67b1c88106e601016fe5bdd7d4cdd1af41e65b,57.132924917422045,residual_banks/ieee57_eval_seed_57104_block_8x8/training_seed_5731007.npy,ieee57_pypower_ac_weighted_jacobian,completed,
ieee57_eval_seed_57104_block_8x8,ieee57,5731008,training,9afa179f75b89fa45773b0d6605042de9a430a9ec74a8a8343bec2da4da910f5,57.9102952512237,residual_banks/ieee57_eval_seed_57104_block_8x8/training_seed_5731008.npy,ieee57_pypower_ac_weighted_jacobian,completed,
ieee57_eval_seed_57104_block_8x8,ieee57,5731009,training,77ad2d775eb36275964b7d244836db13beb4e6ce5fd9df7715fa449a76ac8c77,38.59225731857614,residual_banks/ieee57_eval_seed_57104_block_8x8/training_seed_5731009.npy,ieee57_pypower_ac_weighted_jacobian,completed,
ieee57_eval_seed_57104_block_8x8,ieee57,5731010,training,a573540e7c5c4690123b8d00cb82977a01def05c8f37deece0380304a0fca21f,27.046976004569615,residual_banks/ieee57_eval_seed_57104_block_8x8/training_seed_5731010.npy,ieee57_pypower_ac_weighted_jacobian,completed,
ieee57_eval_seed_57104_block_8x8,ieee57,5731011,training,9e61b424f8e5ac911996041d7264a24e8c446014eed77d3176fb846ab771f1a9,27.96352337908844,residual_banks/ieee57_eval_seed_57104_block_8x8/training_seed_5731011.npy,ieee57_pypower_ac_weighted_jacobian,completed,
ieee57_eval_seed_57104_block_8x8,ieee57,5731012,training,47e2666cc0d49a8bd4e0ad4d9e2b43a9b6c4ece4950b3b0baf4dea6c9055ff94,24.721259474440476,residual_banks/ieee57_eval_seed_57104_block_8x8/training_seed_5731012.npy,ieee57_pypower_ac_weighted_jacobian,completed,
ieee57_eval_seed_57104_block_8x8,ieee57,5731013,training,5a0995483170d7a8dfdc7ce2b6742b4026cafd458200f6786409782cfa5f14dc,38.1553049738898,residual_banks/ieee57_eval_seed_57104_block_8x8/training_seed_5731013.npy,ieee57_pypower_ac_weighted_jacobian,completed,
ieee57_eval_seed_57104_block_8x8,ieee57,5731014,training,0eee7b7ce3d36487309d36b4e95eb99bbde5c8009e57bf98aa0ac5472a6a4a2c,33.59810029096639,residual_banks/ieee57_eval_seed_57104_block_8x8/training_seed_5731014.npy,ieee57_pypower_ac_weighted_jacobian,completed,
ieee57_eval_seed_57104_block_8x8,ieee57,5731015,training,e8006b3c2fdc714b7fb2cd8e42f2a71501f757a6de9c32a455bac48ae2f8edb2,27.00807649011436,residual_banks/ieee57_eval_seed_57104_block_8x8/training_seed_5731015.npy,ieee57_pypower_ac_weighted_jacobian,completed,
ieee57_eval_seed_57104_block_8x8,ieee57,5731016,training,04b6458ecfb5f8bfea6e4639b78c98917dd60a5df40d8928bb131738a92a5232,35.51805790855839,residual_banks/ieee57_eval_seed_57104_block_8x8/training_seed_5731016.npy,ieee57_pypower_ac_weighted_jacobian,completed,
ieee57_eval_seed_57104_block_8x8,ieee57,5731017,training,8e71220d84d05239d4a5049c762a7fd79f7020f832c91a7b084a16c76cb785e4,39.580834793526556,residual_banks/ieee57_eval_seed_57104_block_8x8/training_seed_5731017.npy,ieee57_pypower_ac_weighted_jacobian,completed,
ieee57_eval_seed_57104_block_8x8,ieee57,5731018,training,f72a7315e697ca468d155c8f90c5f7c98bf84a1c79d4790fe8d30950dd5d66c3,28.989026984979247,residual_banks/ieee57_eval_seed_57104_block_8x8/training_seed_5731018.npy,ieee57_pypower_ac_weighted_jacobian,completed,
ieee57_eval_seed_57104_block_8x8,ieee57,5731019,training,da5b37576708a325ac3d4bba6698bac8d30f454c287b0a60c90c450efda87982,48.16377526471574,residual_banks/ieee57_eval_seed_57104_block_8x8/training_seed_5731019.npy,ieee57_pypower_ac_weighted_jacobian,completed,
ieee57_eval_seed_57105_block_8x8,ieee57,5742000,held_out,562808ec8d5942a86f23e09723506cb85b4554a035671ffdfe6e66914bbcd5f0,73.70548711649859,residual_banks/ieee57_eval_seed_57105_block_8x8/held_out_seed_5742000.npy,ieee57_pypower_ac_weighted_jacobian,completed,
ieee57_eval_seed_57105_block_8x8,ieee57,5742001,held_out,04d19383c31284175186b8d078628828e3737a97fe688b8cded50716affb31ec,65.5067702109486,residual_banks/ieee57_eval_seed_57105_block_8x8/held_out_seed_5742001.npy,ieee57_pypower_ac_weighted_jacobian,completed,
ieee57_eval_seed_57105_block_8x8,ieee57,5742002,held_out,60dc008ff1eeff2f0d08e34889676cd2ef7c3f3bab17c9ca4d590029cd286c6a,42.24081864464649,residual_banks/ieee57_eval_seed_57105_block_8x8/held_out_seed_5742002.npy,ieee57_pypower_ac_weighted_jacobian,completed,
ieee57_eval_seed_57105_block_8x8,ieee57,5742003,held_out,db1cc914007fb7469590131eb3b95c4a18cc96b694b8ba0e8180ef3d1a1ee9aa,42.34894443024276,residual_banks/ieee57_eval_seed_57105_block_8x8/held_out_seed_5742003.npy,ieee57_pypower_ac_weighted_jacobian,completed,
ieee57_eval_seed_57105_block_8x8,ieee57,5742004,held_out,22825e8c768bc0780079e3d569c82878c398c235c9ddb046bec247eb057305ba,40.127723317628956,residual_banks/ieee57_eval_seed_57105_block_8x8/held_out_seed_5742004.npy,ieee57_pypower_ac_weighted_jacobian,completed,
ieee57_eval_seed_57105_block_8x8,ieee57,5742005,held_out,14c9e052a31cd93bcfc5076e12a0692f509107861b94aaa3da47bb24791dbf88,11.268881420119405,residual_banks/ieee57_eval_seed_57105_block_8x8/held_out_seed_5742005.npy,ieee57_pypower_ac_weighted_jacobian,completed,
ieee57_eval_seed_57105_block_8x8,ieee57,5742006,held_out,f90864f4eed00fc1c7dcd3ff7df7c894ed280bf5d801960e63637a642f0415f3,29.92791415318447,residual_banks/ieee57_eval_seed_57105_block_8x8/held_out_seed_5742006.npy,ieee57_pypower_ac_weighted_jacobian,completed,
ieee57_eval_seed_57105_block_8x8,ieee57,5742007,held_out,1c4351530e169eb936ae5fcf201b13b6b06871f7be7a6a5310c4e97ae10f23ba,37.82326076589474,residual_banks/ieee57_eval_seed_57105_block_8x8/held_out_seed_5742007.npy,ieee57_pypower_ac_weighted_jacobian,completed,
ieee57_eval_seed_57105_block_8x8,ieee57,5742008,held_out,6297d4e00948dc2593a6c94ae46c60c9c8ad4b3f64a8ad6282cf5213e1376282,23.076770974747628,residual_banks/ieee57_eval_seed_57105_block_8x8/held_out_seed_5742008.npy,ieee57_pypower_ac_weighted_jacobian,completed,
ieee57_eval_seed_57105_block_8x8,ieee57,5742009,held_out,43a5ab7c39110dbd6e470eeff4c07a393d5076f348183a829d9bf57170a19706,30.12808212086889,residual_banks/ieee57_eval_seed_57105_block_8x8/held_out_seed_5742009.npy,ieee57_pypower_ac_weighted_jacobian,completed,
ieee57_eval_seed_57105_block_8x8,ieee57,5742010,held_out,35169977e3031a5fc219cc0605b0b25d741e9b8e4b4090165930d23228005738,43.72235643033576,residual_banks/ieee57_eval_seed_57105_block_8x8/held_out_seed_5742010.npy,ieee57_pypower_ac_weighted_jacobian,completed,
ieee57_eval_seed_57105_block_8x8,ieee57,5742011,held_out,641866f90c611d40215ff37107a0f47623b419cd97bdf58d9c0b980887ee77ca,29.073718399120974,residual_banks/ieee57_eval_seed_57105_block_8x8/held_out_seed_5742011.npy,ieee57_pypower_ac_weighted_jacobian,completed,
ieee57_eval_seed_57105_block_8x8,ieee57,5742012,held_out,0f090e37f19e3f056ead2f97d922ae2aa6aba4a65321075591766b14ec9e18e4,50.135253381270566,residual_banks/ieee57_eval_seed_57105_block_8x8/held_out_seed_5742012.npy,ieee57_pypower_ac_weighted_jacobian,completed,
ieee57_eval_seed_57105_block_8x8,ieee57,5742013,held_out,97147446781ca66c772fb00b8cdb17b0a99bf913f8cbf51a81f16f1e6de2d79c,35.27504410484088,residual_banks/ieee57_eval_seed_57105_block_8x8/held_out_seed_5742013.npy,ieee57_pypower_ac_weighted_jacobian,completed,
ieee57_eval_seed_57105_block_8x8,ieee57,5742014,held_out,3c071e395fa08926e8c75430f050f8bb3abfe186ac27b99c70f71dbf140e1564,43.8054499358031,residual_banks/ieee57_eval_seed_57105_block_8x8/held_out_seed_5742014.npy,ieee57_pypower_ac_weighted_jacobian,completed,
ieee57_eval_seed_57105_block_8x8,ieee57,5742015,held_out,dd5998bfd7e620cc30a0d4229592d506b81a4724025c66f1fb91e7180df14611,59.49716246193825,residual_banks/ieee57_eval_seed_57105_block_8x8/held_out_seed_5742015.npy,ieee57_pypower_ac_weighted_jacobian,completed,
ieee57_eval_seed_57105_block_8x8,ieee57,5742016,held_out,a02a4d0ea5814c6e097648584b2b6cc313783e72400b4db56bd7de78a0ef92fc,44.910270127145715,residual_banks/ieee57_eval_seed_57105_block_8x8/held_out_seed_5742016.npy,ieee57_pypower_ac_weighted_jacobian,completed,
ieee57_eval_seed_57105_block_8x8,ieee57,5742017,held_out,0950bb411b31e2eefd416a9ca03ef7cbe9d176454c18d3497f54ff230c40569a,42.0229639670008,residual_banks/ieee57_eval_seed_57105_block_8x8/held_out_seed_5742017.npy,ieee57_pypower_ac_weighted_jacobian,completed,
ieee57_eval_seed_57105_block_8x8,ieee57,5742018,held_out,84cea258d65a05b4246e4c72040478c25336bb590f228a45a17de2eaa3b514e1,17.832472560870514,residual_banks/ieee57_eval_seed_57105_block_8x8/held_out_seed_5742018.npy,ieee57_pypower_ac_weighted_jacobian,completed,
ieee57_eval_seed_57105_block_8x8,ieee57,5742019,held_out,534b73b720cdac24a9563eaa575bd2f304086ba2d5afe7a4fe3019be36e433f2,57.11551201904138,residual_banks/ieee57_eval_seed_57105_block_8x8/held_out_seed_5742019.npy,ieee57_pypower_ac_weighted_jacobian,completed,
ieee57_eval_seed_57105_block_8x8,ieee57,5741000,training,f5b7d81be031d0e1ff2269f3ac7f47fb4366bd96d844f13457d14b90532d98bb,41.712587072727366,residual_banks/ieee57_eval_seed_57105_block_8x8/training_seed_5741000.npy,ieee57_pypower_ac_weighted_jacobian,completed,
ieee57_eval_seed_57105_block_8x8,ieee57,5741001,training,1738e8d3cb3d6a2c7837bf644aa49ed8067dd42c4b7e16a6e970e691b22b69d0,45.17101436435035,residual_banks/ieee57_eval_seed_57105_block_8x8/training_seed_5741001.npy,ieee57_pypower_ac_weighted_jacobian,completed,
ieee57_eval_seed_57105_block_8x8,ieee57,5741002,training,f211527ee15f20525ae5aabb1fc2853294d535c621b9f8e9452ee7e86ac1ad39,41.50212004419365,residual_banks/ieee57_eval_seed_57105_block_8x8/training_seed_5741002.npy,ieee57_pypower_ac_weighted_jacobian,completed,
ieee57_eval_seed_57105_block_8x8,ieee57,5741003,training,a69d30a233f3542a9a41378f324c8fe002535981388542d2c6bb14fcd41c37da,60.04926619397555,residual_banks/ieee57_eval_seed_57105_block_8x8/training_seed_5741003.npy,ieee57_pypower_ac_weighted_jacobian,completed,
ieee57_eval_seed_57105_block_8x8,ieee57,5741004,training,be5faa3a69f31267cad22b2acceef85792f387f3bc6bc55861161831d6a2f9c4,60.713412347787504,residual_banks/ieee57_eval_seed_57105_block_8x8/training_seed_5741004.npy,ieee57_pypower_ac_weighted_jacobian,completed,
ieee57_eval_seed_57105_block_8x8,ieee57,5741005,training,3e28fbe1af2bec90385c4020df4cfd31afa5f2f4ea629811072691a0b47f5d80,86.10099416065518,residual_banks/ieee57_eval_seed_57105_block_8x8/training_seed_5741005.npy,ieee57_pypower_ac_weighted_jacobian,completed,
ieee57_eval_seed_57105_block_8x8,ieee57,5741006,training,e1613b6e132990f6722c0d2c50262ccc6a309da98bc5c05664d380c36c97bfb0,57.317255274870085,residual_banks/ieee57_eval_seed_57105_block_8x8/training_seed_5741006.npy,ieee57_pypower_ac_weighted_jacobian,completed,
ieee57_eval_seed_57105_block_8x8,ieee57,5741007,training,1f9bb7c42028c5dc415ed401b7d6e18e9ca517a590a1b0f23071d7807214a3b7,54.745009730237186,residual_banks/ieee57_eval_seed_57105_block_8x8/training_seed_5741007.npy,ieee57_pypower_ac_weighted_jacobian,completed,
ieee57_eval_seed_57105_block_8x8,ieee57,5741008,training,4d0b462ec58aab590f7271b012e2aad4ebc9da83b7277afdf5303a36d55a8b26,19.419787371992236,residual_banks/ieee57_eval_seed_57105_block_8x8/training_seed_5741008.npy,ieee57_pypower_ac_weighted_jacobian,completed,
ieee57_eval_seed_57105_block_8x8,ieee57,5741009,training,dfd61a53e959ee5251b1aac8091371881137eeffe6b2c9dc09376ecd528f9744,37.99274471223668,residual_banks/ieee57_eval_seed_57105_block_8x8/training_seed_5741009.npy,ieee57_pypower_ac_weighted_jacobian,completed,
ieee57_eval_seed_57105_block_8x8,ieee57,5741010,training,6811fbc7e7e7d060c116bc846b6fcbabcac0ab7ea06d3193429c77061c39fd1f,35.196699561159555,residual_banks/ieee57_eval_seed_57105_block_8x8/training_seed_5741010.npy,ieee57_pypower_ac_weighted_jacobian,completed,
ieee57_eval_seed_57105_block_8x8,ieee57,5741011,training,9345710fab72e83a3fb94f9504bac882d1456ded1d4c7e0db5462a29374c2bf5,26.44261508277059,residual_banks/ieee57_eval_seed_57105_block_8x8/training_seed_5741011.npy,ieee57_pypower_ac_weighted_jacobian,completed,
ieee57_eval_seed_57105_block_8x8,ieee57,5741012,training,cedd76c54851ff00b86dd8cf7199d1f360bdc8955d18d605987ff69281ed8757,28.839375582206895,residual_banks/ieee57_eval_seed_57105_block_8x8/training_seed_5741012.npy,ieee57_pypower_ac_weighted_jacobian,completed,
ieee57_eval_seed_57105_block_8x8,ieee57,5741013,training,8e984fdbd59efde06e7167301cfc219bfa74c1db12daf403f45abf93cd56e850,36.878727968164476,residual_banks/ieee57_eval_seed_57105_block_8x8/training_seed_5741013.npy,ieee57_pypower_ac_weighted_jacobian,completed,
ieee57_eval_seed_57105_block_8x8,ieee57,5741014,training,692e4c8d498d9d943262e96a639f562185452c5cd99cff95342056fa1049acf7,38.35565072195033,residual_banks/ieee57_eval_seed_57105_block_8x8/training_seed_5741014.npy,ieee57_pypower_ac_weighted_jacobian,completed,
ieee57_eval_seed_57105_block_8x8,ieee57,5741015,training,a8c7688f5fb4ceb64d2e831346ab9a17f417d509744ba6a5e787184fa53d8e4e,43.04920146922205,residual_banks/ieee57_eval_seed_57105_block_8x8/training_seed_5741015.npy,ieee57_pypower_ac_weighted_jacobian,completed,
ieee57_eval_seed_57105_block_8x8,ieee57,5741016,training,c43d5cc48f781b82a3beddcd383755b684f77093bad1b6cbc0099a43223ea6bf,39.67874369956287,residual_banks/ieee57_eval_seed_57105_block_8x8/training_seed_5741016.npy,ieee57_pypower_ac_weighted_jacobian,completed,
ieee57_eval_seed_57105_block_8x8,ieee57,5741017,training,69a4a6d59626d6ca73c5ae97f13e0907af441385b4621fc3cb6e4e775628c879,31.790538368886658,residual_banks/ieee57_eval_seed_57105_block_8x8/training_seed_5741017.npy,ieee57_pypower_ac_weighted_jacobian,completed,
ieee57_eval_seed_57105_block_8x8,ieee57,5741018,training,14d3c19ee483dbc789cda2dba8a7ee2a16ae92def062bd00024f56738fd0cb2e,44.722140693809344,residual_banks/ieee57_eval_seed_57105_block_8x8/training_seed_5741018.npy,ieee57_pypower_ac_weighted_jacobian,completed,
ieee57_eval_seed_57105_block_8x8,ieee57,5741019,training,eaec97481ce0c3e6611cf2b372cd0d9d1429838ec6389c3acb2495f9e5ed4049,44.313566140262864,residual_banks/ieee57_eval_seed_57105_block_8x8/training_seed_5741019.npy,ieee57_pypower_ac_weighted_jacobian,completed,
