bootstrap_sample,structural_group_count,median_paired_difference_sensitivity_minus_magnitude,mean_paired_difference_sensitivity_minus_magnitude,resampling_unit,bootstrap_mode,bootstrap_seed
0,12,-0.0006418734478566973,-0.06480738159976743,structural_group,unstratified,8675309
1,12,-0.00032093672392834866,-0.01481231884242147,structural_group,unstratified,8675309
2,12,-0.0031230166786271746,-0.021436099677920224,structural_group,unstratified,8675309
3,12,-0.03190181503291841,-0.12629529104027817,structural_group,unstratified,8675309
4,12,0.0,-0.005627897381664363,structural_group,unstratified,8675309
5,12,0.0,-0.05698846163740764,structural_group,unstratified,8675309
6,12,0.0,-0.05896183469501013,structural_group,unstratified,8675309
7,12,-0.0031230166786271746,-0.06609819465735815,structural_group,unstratified,8675309
8,12,-0.005658969592345277,-0.021912247950861292,structural_group,unstratified,8675309
9,12,0.0,-0.056788209027253005,structural_group,unstratified,8675309
10,12,-0.021288940384876134,-0.07453089110166765,structural_group,unstratified,8675309
11,12,-0.0031230166786271746,-0.0016362778246862876,structural_group,unstratified,8675309
12,12,-0.0006418734478566973,-0.05727042984230742,structural_group,unstratified,8675309
13,12,0.0,-0.06179100057190285,structural_group,unstratified,8675309
14,12,-0.008461049547044103,-0.11669267006658662,structural_group,unstratified,8675309
15,12,0.0,-0.06630637092043472,structural_group,unstratified,8675309
16,12,-0.021288940384876134,-0.12628216700629266,structural_group,unstratified,8675309
17,12,-0.00032093672392834866,-0.22240602359657435,structural_group,unstratified,8675309
18,12,-0.0031230166786271746,-0.01682397386474075,structural_group,unstratified,8675309
19,12,-0.00032093672392834866,-0.0653915867623787,structural_group,unstratified,8675309
20,12,0.0,-0.06422425441885024,structural_group,unstratified,8675309
21,12,-0.0006418734478566973,-0.11481310596556334,structural_group,unstratified,8675309
22,12,-0.0031230166786271746,-0.06077478530805985,structural_group,unstratified,8675309
23,12,-0.036226347372473364,-0.08163082021010748,structural_group,unstratified,8675309
24,12,-0.0031230166786271746,-0.06017352154536871,structural_group,unstratified,8675309
25,12,-0.008461049547044103,-0.021028648348238494,structural_group,unstratified,8675309
26,12,-0.036226347372473364,-0.13658389570349352,structural_group,unstratified,8675309
27,12,0.0,-0.02198854962776267,structural_group,unstratified,8675309
28,12,-0.0031230166786271746,-0.11622119743478491,structural_group,unstratified,8675309
29,12,-0.005658969592345277,-0.07140539318980797,structural_group,unstratified,8675309
30,12,-0.00032093672392834866,-0.012414522429860091,structural_group,unstratified,8675309
31,12,-0.006246033357254349,-0.11570972421967197,structural_group,unstratified,8675309
32,12,-0.010676065736833856,-0.12436809369225943,structural_group,unstratified,8675309
33,12,-0.0034439534025555232,-0.0670136360475525,structural_group,unstratified,8675309
34,12,0.0,-0.007991901043582538,structural_group,unstratified,8675309
35,12,0.0,-0.013693800311741717,structural_group,unstratified,8675309
36,12,-0.025613472724431083,-0.1755385422063738,structural_group,unstratified,8675309
37,12,-0.008461049547044103,-0.020452280263746434,structural_group,unstratified,8675309
38,12,0.0,-0.002048404795507375,structural_group,unstratified,8675309
39,12,-0.0006418734478566973,-0.11593724835875847,structural_group,unstratified,8675309
40,12,-0.006246033357254349,-0.020041026860184465,structural_group,unstratified,8675309
41,12,-0.005658969592345277,-0.12412264291607052,structural_group,unstratified,8675309
42,12,-0.005658969592345277,-0.06769848532349436,structural_group,unstratified,8675309
43,12,-0.020596376579942503,-0.02038241876399027,structural_group,unstratified,8675309
44,12,-0.0031230166786271746,-0.01149264086252052,structural_group,unstratified,8675309
45,12,-0.005338032868416928,-0.0635061072241344,structural_group,unstratified,8675309
46,12,-0.03190181503291841,-0.07666887290797299,structural_group,unstratified,8675309
47,12,-0.04055087971202831,-0.08721359548606383,structural_group,unstratified,8675309
48,12,-0.0006418734478566973,-0.009267825531181878,structural_group,unstratified,8675309
49,12,-0.008461049547044103,-0.06662315674314792,structural_group,unstratified,8675309
50,12,-0.005658969592345277,-0.019894369086517587,structural_group,unstratified,8675309
51,12,-0.025613472724431083,-0.12248407028521753,structural_group,unstratified,8675309
52,12,-0.0031230166786271746,-0.07392917865937854,structural_group,unstratified,8675309
53,12,-0.008461049547044103,-0.07787773522800079,structural_group,unstratified,8675309
54,12,0.0,-0.056745467756517655,structural_group,unstratified,8675309
55,12,0.0,-0.1154611000858174,structural_group,unstratified,8675309
56,12,-0.02339845653464133,-0.07802917402530672,structural_group,unstratified,8675309
57,12,0.0,-0.054607485950212316,structural_group,unstratified,8675309
58,12,-0.0006418734478566973,-0.015569591661058214,structural_group,unstratified,8675309
59,12,0.0,-0.057152702751078595,structural_group,unstratified,8675309
60,12,-0.0006418734478566973,-0.1245835836997403,structural_group,unstratified,8675309
61,12,-0.0006418734478566973,-0.011121858261460787,structural_group,unstratified,8675309
62,12,0.0,-0.014589912633623081,structural_group,unstratified,8675309
63,12,-0.00032093672392834866,-0.12014213917737704,structural_group,unstratified,8675309
64,12,-0.03190181503291841,-0.02932339766425944,structural_group,unstratified,8675309
65,12,-0.008461049547044103,-0.17468071184920922,structural_group,unstratified,8675309
66,12,-0.0006418734478566973,-0.06437679912789247,structural_group,unstratified,8675309
67,12,0.0,-0.012361032975872032,structural_group,unstratified,8675309
68,12,-0.010676065736833856,-0.021999081475894595,structural_group,unstratified,8675309
69,12,-0.005658969592345277,-0.020615124476443415,structural_group,unstratified,8675309
70,12,-0.008461049547044103,-0.023620519446341453,structural_group,unstratified,8675309
71,12,-0.0034439534025555232,-0.11466404301899023,structural_group,unstratified,8675309
72,12,-0.008461049547044103,-0.06963322735418531,structural_group,unstratified,8675309
73,12,-0.00032093672392834866,-0.22061231547703486,structural_group,unstratified,8675309
74,12,-0.008461049547044103,-0.12877735870007426,structural_group,unstratified,8675309
75,12,-0.00032093672392834866,-0.06467083137245286,structural_group,unstratified,8675309
76,12,-0.010676065736833856,-0.17485408791003812,structural_group,unstratified,8675309
77,12,0.0,-0.1076319671946056,structural_group,unstratified,8675309
78,12,-0.016271844240387554,-0.07210125290153471,structural_group,unstratified,8675309
79,12,-0.0006418734478566973,-0.11781303970807498,structural_group,unstratified,8675309
80,12,-0.010676065736833856,-0.07050135721500467,structural_group,unstratified,8675309
81,12,-0.008461049547044103,-0.027786679620645252,structural_group,unstratified,8675309
82,12,-0.005658969592345277,-0.06729509832022504,structural_group,unstratified,8675309
83,12,-0.0034439534025555232,-0.07210917655445666,structural_group,unstratified,8675309
84,12,-0.008461049547044103,-0.12262059119035866,structural_group,unstratified,8675309
85,12,-0.0031230166786271746,-0.06077478530805985,structural_group,unstratified,8675309
86,12,-0.0031230166786271746,-0.06669945842004928,structural_group,unstratified,8675309
87,12,-0.008461049547044103,-0.12381303554720698,structural_group,unstratified,8675309
88,12,-0.025613472724431083,-0.08399622077299962,structural_group,unstratified,8675309
89,12,-0.016271844240387554,-0.022383936917783797,structural_group,unstratified,8675309
90,12,-0.010676065736833856,-0.07107772529949671,structural_group,unstratified,8675309
91,12,-0.01907392419508638,-0.020280621429380776,structural_group,unstratified,8675309
92,12,-0.0006418734478566973,-0.11888775697369447,structural_group,unstratified,8675309
93,12,-0.005658969592345277,-0.07382895884782754,structural_group,unstratified,8675309
94,12,-0.0034439534025555232,-0.007812928464812552,structural_group,unstratified,8675309
95,12,-0.006246033357254349,-0.06857057412822642,structural_group,unstratified,8675309
96,12,-0.0031230166786271746,-0.11861616931701553,structural_group,unstratified,8675309
97,12,-0.016271844240387554,-0.07432694180013247,structural_group,unstratified,8675309
98,12,-0.008461049547044103,-0.1161674916456761,structural_group,unstratified,8675309
99,12,-0.0006418734478566973,-0.013308870215735605,structural_group,unstratified,8675309
100,12,-0.0006418734478566973,-0.010814626743330044,structural_group,unstratified,8675309
101,12,-0.036226347372473364,-0.1770771113607966,structural_group,unstratified,8675309
102,12,-0.0034439534025555232,-0.06137042520823561,structural_group,unstratified,8675309
103,12,-0.0034439534025555232,-0.12352930280630131,structural_group,unstratified,8675309
104,12,-0.008461049547044103,-0.12088037252480725,structural_group,unstratified,8675309
105,12,0.0,-0.05622258912601366,structural_group,unstratified,8675309
106,12,-0.021288940384876134,-0.12565468531854537,structural_group,unstratified,8675309
107,12,-0.010676065736833856,-0.12120072807692352,structural_group,unstratified,8675309
108,12,-0.021288940384876134,-0.07097304618192717,structural_group,unstratified,8675309
109,12,0.0,-0.018777615091843686,structural_group,unstratified,8675309
110,12,0.0,-0.05788888196539649,structural_group,unstratified,8675309
111,12,-0.0031230166786271746,-0.009457178658172721,structural_group,unstratified,8675309
112,12,-0.00032093672392834866,-0.06433405785715712,structural_group,unstratified,8675309
113,12,-0.0034439534025555232,-0.11485746047239347,structural_group,unstratified,8675309
114,12,-0.0006418734478566973,-0.0701340389608483,structural_group,unstratified,8675309
115,12,-0.0031230166786271746,-0.1688183442190859,structural_group,unstratified,8675309
116,12,-0.006246033357254349,-0.11839486901995344,structural_group,unstratified,8675309
117,12,-0.008461049547044103,-0.1720064665320915,structural_group,unstratified,8675309
118,12,-0.0034439534025555232,-0.015493289984156841,structural_group,unstratified,8675309
119,12,-0.008461049547044103,-0.014646732550169161,structural_group,unstratified,8675309
120,12,-0.00032093672392834866,-0.11777206297334548,structural_group,unstratified,8675309
121,12,-0.010676065736833856,-0.01514547671090277,structural_group,unstratified,8675309
122,12,-0.020596376579942503,-0.07519208449549207,structural_group,unstratified,8675309
123,12,-0.021288940384876134,-0.13144497823330875,structural_group,unstratified,8675309
124,12,-0.00032093672392834866,-0.11707620326161876,structural_group,unstratified,8675309
125,12,-0.005658969592345277,-0.01255996972961877,structural_group,unstratified,8675309
126,12,-0.010676065736833856,-0.22420928602069623,structural_group,unstratified,8675309
127,12,-0.010676065736833856,-0.014377379648687065,structural_group,unstratified,8675309
128,12,-0.0006418734478566973,-0.008195484116295188,structural_group,unstratified,8675309
129,12,-0.006246033357254349,-0.018137963981936078,structural_group,unstratified,8675309
130,12,0.0,-0.00318735969836764,structural_group,unstratified,8675309
131,12,-0.006246033357254349,-0.11936084284159097,structural_group,unstratified,8675309
132,12,-0.005658969592345277,-0.013082848360122771,structural_group,unstratified,8675309
133,12,-0.00032093672392834866,-0.06752956856868403,structural_group,unstratified,8675309
134,12,-0.00032093672392834866,-0.17026514195480383,structural_group,unstratified,8675309
135,12,-0.0034439534025555232,-0.01461206623226684,structural_group,unstratified,8675309
136,12,-0.005658969592345277,-0.16971715131097995,structural_group,unstratified,8675309
137,12,-0.00032093672392834866,-0.02157035011482823,structural_group,unstratified,8675309
138,12,-0.0034439534025555232,-0.01284325379092646,structural_group,unstratified,8675309
139,12,-0.00032093672392834866,-0.0643016620074879,structural_group,unstratified,8675309
140,12,-0.00032093672392834866,-0.06406956760976172,structural_group,unstratified,8675309
141,12,-0.006246033357254349,-0.12281934151703959,structural_group,unstratified,8675309
142,12,-0.00032093672392834866,-0.11635544787169294,structural_group,unstratified,8675309
143,12,-0.005658969592345277,-0.06515772782864665,structural_group,unstratified,8675309
144,12,0.0,-0.060847622638057854,structural_group,unstratified,8675309
145,12,0.0,-0.0010608886899530414,structural_group,unstratified,8675309
146,12,0.0,-0.05413579698328982,structural_group,unstratified,8675309
147,12,0.0,-0.008520852216199888,structural_group,unstratified,8675309
148,12,0.0,-0.012859993471726424,structural_group,unstratified,8675309
149,12,-0.005658969592345277,-0.01984087963252953,structural_group,unstratified,8675309
150,12,-0.0031230166786271746,-0.16789039010963291,structural_group,unstratified,8675309
151,12,-0.03190181503291841,-0.02971472062786816,structural_group,unstratified,8675309
152,12,-0.005658969592345277,-0.011443610714551041,structural_group,unstratified,8675309
153,12,-0.0034439534025555232,-0.007245271025698811,structural_group,unstratified,8675309
154,12,-0.021288940384876134,-0.07510725918615971,structural_group,unstratified,8675309
155,12,-0.02339845653464133,-0.0748824771266285,structural_group,unstratified,8675309
156,12,-0.0006418734478566973,-0.06249924324257012,structural_group,unstratified,8675309
157,12,-0.0031230166786271746,-0.17026046631366445,structural_group,unstratified,8675309
158,12,-0.00032093672392834866,-0.012160780365717406,structural_group,unstratified,8675309
159,12,-0.006246033357254349,-0.00808145371644691,structural_group,unstratified,8675309
160,12,0.0,-0.0005847404170119663,structural_group,unstratified,8675309
161,12,-0.00032093672392834866,-0.11753714404528853,structural_group,unstratified,8675309
162,12,-0.0034439534025555232,-0.060700859481891294,structural_group,unstratified,8675309
163,12,-0.008461049547044103,-0.06646031253045094,structural_group,unstratified,8675309
164,12,-0.00032093672392834866,-0.06433123332682635,structural_group,unstratified,8675309
165,12,0.0,-0.06794776808161847,structural_group,unstratified,8675309
166,12,-0.006246033357254349,-0.11676659589275523,structural_group,unstratified,8675309
167,12,-0.010676065736833856,-0.12428688402974149,structural_group,unstratified,8675309
168,12,-0.00032093672392834866,-0.012794439978077762,structural_group,unstratified,8675309
169,12,-0.05477133693621747,-0.18378165317921533,structural_group,unstratified,8675309
170,12,-0.005338032868416928,-0.16883592755908997,structural_group,unstratified,8675309
171,12,-0.0031230166786271746,-0.017177719405313634,structural_group,unstratified,8675309
172,12,-0.008461049547044103,-0.12212868218637644,structural_group,unstratified,8675309
173,12,-0.0031230166786271746,-0.00663299682722279,structural_group,unstratified,8675309
174,12,0.0,-0.005824085665406586,structural_group,unstratified,8675309
175,12,-0.00032093672392834866,-0.011584412281225346,structural_group,unstratified,8675309
176,12,-0.0031230166786271746,-0.06861265816682342,structural_group,unstratified,8675309
177,12,0.0,-0.0010073992359649834,structural_group,unstratified,8675309
178,12,-0.03190181503291841,-0.07848649916216206,structural_group,unstratified,8675309
179,12,-0.021288940384876134,-0.17635168032973145,structural_group,unstratified,8675309
180,12,0.015565481693014582,0.0003836551727697454,structural_group,unstratified,8675309
181,12,-0.006246033357254349,-0.06851470882350556,structural_group,unstratified,8675309
182,12,-0.0031230166786271746,-0.06550701406320096,structural_group,unstratified,8675309
183,12,-0.00032093672392834866,-0.06216368020118257,structural_group,unstratified,8675309
184,12,-0.008461049547044103,-0.02237926127664443,structural_group,unstratified,8675309
185,12,-0.0034439534025555232,-0.01733818776727781,structural_group,unstratified,8675309
186,12,0.0,-0.054498893806141424,structural_group,unstratified,8675309
187,12,-0.008461049547044103,-0.16940991979284922,structural_group,unstratified,8675309
188,12,-0.006246033357254349,-0.07415097355344998,structural_group,unstratified,8675309
189,12,-0.021288940384876134,-0.12487806462389868,structural_group,unstratified,8675309
190,12,0.0,-0.05523039737931997,structural_group,unstratified,8675309
191,12,-0.03190181503291841,-0.12777331924884075,structural_group,unstratified,8675309
192,12,0.0,-0.011298828429511102,structural_group,unstratified,8675309
193,12,-0.0034439534025555232,-0.0659120895421499,structural_group,unstratified,8675309
194,12,-0.03190181503291841,-0.17627091934681147,structural_group,unstratified,8675309
195,12,-0.021288940384876134,-0.17211048841752277,structural_group,unstratified,8675309
196,12,-0.006246033357254349,-0.11916059023143634,structural_group,unstratified,8675309
197,12,-0.0034439534025555232,-0.06852176031537772,structural_group,unstratified,8675309
198,12,-0.025613472724431083,-0.08115913124318498,structural_group,unstratified,8675309
199,12,-0.008461049547044103,-0.16985301498398275,structural_group,unstratified,8675309
200,12,0.0,-0.06938927886147012,structural_group,unstratified,8675309
201,12,-0.0006418734478566973,-0.06519600979336342,structural_group,unstratified,8675309
202,12,-0.005658969592345277,-0.17374906104837573,structural_group,unstratified,8675309
203,12,-0.008461049547044103,-0.11845443101605486,structural_group,unstratified,8675309
204,12,-0.021288940384876134,-0.07391949047045074,structural_group,unstratified,8675309
205,12,-0.010676065736833856,-0.07055484666899271,structural_group,unstratified,8675309
206,12,-0.008461049547044103,-0.018093609475105955,structural_group,unstratified,8675309
207,12,-0.008461049547044103,-0.12386890085192782,structural_group,unstratified,8675309
208,12,-0.008461049547044103,-0.1220681412405162,structural_group,unstratified,8675309
209,12,-0.00032093672392834866,-0.06255449723256402,structural_group,unstratified,8675309
210,12,-0.0034439534025555232,-0.011401131696347856,structural_group,unstratified,8675309
211,12,-0.010676065736833856,-0.026658472901037702,structural_group,unstratified,8675309
212,12,-0.008461049547044103,-0.06995683091808415,structural_group,unstratified,8675309
213,12,-0.0031230166786271746,-0.0654023349456314,structural_group,unstratified,8675309
214,12,0.0,-0.006799456686734214,structural_group,unstratified,8675309
215,12,-0.00032093672392834866,-0.06895410732325853,structural_group,unstratified,8675309
216,12,-0.021288940384876134,-0.030200557089737037,structural_group,unstratified,8675309
217,12,-0.03190181503291841,-0.07500258006859015,structural_group,unstratified,8675309
218,12,-0.008461049547044103,-0.07694370857643452,structural_group,unstratified,8675309
219,12,-0.0031230166786271746,-0.014790671176004971,structural_group,unstratified,8675309
220,12,-0.0034439534025555232,-0.06545582439961947,structural_group,unstratified,8675309
221,12,-0.020596376579942503,-0.07292898719943665,structural_group,unstratified,8675309
222,12,-0.0034439534025555232,-0.018916435787391363,structural_group,unstratified,8675309
223,12,-0.0006418734478566973,-0.013726853393549265,structural_group,unstratified,8675309
224,12,-0.010676065736833856,-0.07416618104272127,structural_group,unstratified,8675309
225,12,-0.0034439534025555232,-0.013444517553617608,structural_group,unstratified,8675309
226,12,-0.0031230166786271746,-0.12297922870719169,structural_group,unstratified,8675309
227,12,-0.0006418734478566973,-0.062354244622409405,structural_group,unstratified,8675309
228,12,-0.0006418734478566973,-0.01654002478871432,structural_group,unstratified,8675309
229,12,-0.008461049547044103,-0.12114662730820851,structural_group,unstratified,8675309
230,12,-0.010676065736833856,-0.01805770336112199,structural_group,unstratified,8675309
231,12,0.0,-0.017744981864821204,structural_group,unstratified,8675309
232,12,-0.0006418734478566973,-0.015073007015936626,structural_group,unstratified,8675309
233,12,-0.0006418734478566973,-0.07030472025166447,structural_group,unstratified,8675309
234,12,-0.016271844240387554,-0.1248719920817853,structural_group,unstratified,8675309
235,12,-0.0031230166786271746,-0.014086887811356285,structural_group,unstratified,8675309
236,12,-0.006246033357254349,-0.01761746120216488,structural_group,unstratified,8675309
237,12,-0.0034439534025555232,-0.11715361085025644,structural_group,unstratified,8675309
238,12,-0.008461049547044103,-0.06283178979632446,structural_group,unstratified,8675309
239,12,-0.04055087971202831,-0.1899028578720452,structural_group,unstratified,8675309
240,12,-0.0006418734478566973,-0.01226775927369352,structural_group,unstratified,8675309
241,12,-0.006246033357254349,-0.16948384561901775,structural_group,unstratified,8675309
242,12,-0.008461049547044103,-0.02165850588671861,structural_group,unstratified,8675309
243,12,-0.0006418734478566973,-0.007840462246276606,structural_group,unstratified,8675309
244,12,0.0,-0.009017436861321476,structural_group,unstratified,8675309
245,12,-0.008461049547044103,-0.022646021992272943,structural_group,unstratified,8675309
246,12,-0.021288940384876134,-0.0745867564063885,structural_group,unstratified,8675309
247,12,-0.0031230166786271746,-0.11538033910289745,structural_group,unstratified,8675309
248,12,-0.021288940384876134,-0.1272481408279302,structural_group,unstratified,8675309
249,12,-0.0034439534025555232,-0.06709202117973966,structural_group,unstratified,8675309
250,12,0.0,-0.06722701269169265,structural_group,unstratified,8675309
251,12,-0.006246033357254349,-0.06381344969488623,structural_group,unstratified,8675309
252,12,0.0,-0.05953759146477524,structural_group,unstratified,8675309
253,12,-0.00032093672392834866,-0.06562835680124424,structural_group,unstratified,8675309
254,12,-0.005658969592345277,-0.06645485130306454,structural_group,unstratified,8675309
255,12,-0.0006418734478566973,-0.06793464404763296,structural_group,unstratified,8675309
256,12,-0.006246033357254349,-0.013363756570697655,structural_group,unstratified,8675309
257,12,0.0,-0.0601139595492673,structural_group,unstratified,8675309
258,12,-0.0034439534025555232,-0.014416489263251571,structural_group,unstratified,8675309
259,12,-0.010676065736833856,-0.06806527883772652,structural_group,unstratified,8675309
260,12,0.0,-0.1167094097473866,structural_group,unstratified,8675309
261,12,-0.00032093672392834866,-0.0682333519333327,structural_group,unstratified,8675309
262,12,-0.010676065736833856,-0.11576471595713372,structural_group,unstratified,8675309
263,12,0.0,-0.10659703417717657,structural_group,unstratified,8675309
264,12,-0.0031230166786271746,-0.11517314038337036,structural_group,unstratified,8675309
265,12,-0.010676065736833856,-0.013223171339144133,structural_group,unstratified,8675309
266,12,-0.036226347372473364,-0.12923874816334202,structural_group,unstratified,8675309
267,12,-0.00032093672392834866,-0.011130306654306941,structural_group,unstratified,8675309
268,12,-0.008461049547044103,-0.12357019296622808,structural_group,unstratified,8675309
269,12,-0.00032093672392834866,-0.062428170448577965,structural_group,unstratified,8675309
270,12,-0.010676065736833856,-0.07333844674481932,structural_group,unstratified,8675309
271,12,0.0,-0.11234635035721045,structural_group,unstratified,8675309
272,12,-0.0034439534025555232,-0.006686486281210847,structural_group,unstratified,8675309
273,12,-0.03190181503291841,-0.07800251381110178,structural_group,unstratified,8675309
274,12,-0.010676065736833856,-0.016447275826460012,structural_group,unstratified,8675309
275,12,-0.04055087971202831,-0.12993796126935106,structural_group,unstratified,8675309
276,12,-0.0034439534025555232,-0.011823790515300872,structural_group,unstratified,8675309
277,12,-0.021288940384876134,-0.07438650379623389,structural_group,unstratified,8675309
278,12,-0.006246033357254349,-0.020187790016351036,structural_group,unstratified,8675309
279,12,-0.0034439534025555232,-0.06192920995272358,structural_group,unstratified,8675309
280,12,-0.0031230166786271746,-0.01097847287739484,structural_group,unstratified,8675309
281,12,-0.036226347372473364,-0.23234586676515956,structural_group,unstratified,8675309
282,12,-0.006246033357254349,-0.020508040185967604,structural_group,unstratified,8675309
283,12,0.0,-0.05575327600982396,structural_group,unstratified,8675309
284,12,-0.006246033357254349,-0.06348675934812444,structural_group,unstratified,8675309
285,12,-0.005338032868416928,-0.1694520038314462,structural_group,unstratified,8675309
286,12,-0.008461049547044103,-0.06900574566643801,structural_group,unstratified,8675309
287,12,-0.00032093672392834866,-0.11242375794584814,structural_group,unstratified,8675309
288,12,0.0,-0.0629680211043591,structural_group,unstratified,8675309
289,12,-0.006246033357254349,-0.008947207726533455,structural_group,unstratified,8675309
290,12,-0.05477133693621747,-0.23730781406729404,structural_group,unstratified,8675309
291,12,-0.010676065736833856,-0.0191882098711361,structural_group,unstratified,8675309
292,12,0.0,-0.06771284915356152,structural_group,unstratified,8675309
293,12,0.0,-0.06185417821481872,structural_group,unstratified,8675309
294,12,0.0,-0.0009454613891307697,structural_group,unstratified,8675309
295,12,-0.00032093672392834866,-0.0047008168394705565,structural_group,unstratified,8675309
296,12,-0.021288940384876134,-0.07078976559704968,structural_group,unstratified,8675309
297,12,-0.03190181503291841,-0.1298470634179053,structural_group,unstratified,8675309
298,12,-0.010676065736833856,-0.12481206245065203,structural_group,unstratified,8675309
299,12,-0.010676065736833856,-0.07050135721500465,structural_group,unstratified,8675309
300,12,-0.00032093672392834866,-0.05900457596574549,structural_group,unstratified,8675309
301,12,-0.00032093672392834866,-0.06146457247767325,structural_group,unstratified,8675309
302,12,0.0,-0.054091442476459695,structural_group,unstratified,8675309
303,12,0.0,-0.11831983728204858,structural_group,unstratified,8675309
304,12,-0.008461049547044103,-0.06767121379456247,structural_group,unstratified,8675309
305,12,-0.036226347372473364,-0.0820382715397892,structural_group,unstratified,8675309
306,12,-0.008461049547044103,-0.11492385762524626,structural_group,unstratified,8675309
307,12,-0.016271844240387554,-0.07432694180013245,structural_group,unstratified,8675309
308,12,-0.005658969592345277,-0.07255812935879208,structural_group,unstratified,8675309
309,12,-0.00032093672392834866,-0.012193176215386617,structural_group,unstratified,8675309
310,12,-0.005658969592345277,-0.17245193757395785,structural_group,unstratified,8675309
311,12,-0.010676065736833856,-0.06870527324473238,structural_group,unstratified,8675309
312,12,-0.021288940384876134,-0.12111996709400356,structural_group,unstratified,8675309
313,12,0.0,-0.012136862231067797,structural_group,unstratified,8675309
314,12,0.0,-0.06251360707263727,structural_group,unstratified,8675309
315,12,-0.03190181503291841,-0.18297044861744174,structural_group,unstratified,8675309
316,12,-0.00032093672392834866,-0.011953581646190306,structural_group,unstratified,8675309
317,12,-0.036226347372473364,-0.17702362190680854,structural_group,unstratified,8675309
318,12,-0.0031230166786271746,-0.07285622592976489,structural_group,unstratified,8675309
319,12,-0.008461049547044103,-0.11248777924796811,structural_group,unstratified,8675309
320,12,0.0,-0.06819683450462179,structural_group,unstratified,8675309
321,12,0.0,-0.054445404352153365,structural_group,unstratified,8675309
322,12,0.0,-0.06713648106906944,structural_group,unstratified,8675309
323,12,-0.006246033357254349,-0.0693448189721403,structural_group,unstratified,8675309
324,12,0.0,-0.00984754700995622,structural_group,unstratified,8675309
325,12,-0.00032093672392834866,-0.1128846987295179,structural_group,unstratified,8675309
326,12,-0.0006418734478566973,-0.06758305802267209,structural_group,unstratified,8675309
327,12,-0.021288940384876134,-0.07555146028902952,structural_group,unstratified,8675309
328,12,-0.0031230166786271746,-0.06550701406320097,structural_group,unstratified,8675309
329,12,-0.0006418734478566973,-0.013020910513288556,structural_group,unstratified,8675309
330,12,-0.005658969592345277,-0.06156661349197783,structural_group,unstratified,8675309
331,12,0.0,-0.11060613169165905,structural_group,unstratified,8675309
332,12,0.0,-0.009990956771840507,structural_group,unstratified,8675309
333,12,-0.008461049547044103,-0.06502347739173865,structural_group,unstratified,8675309
334,12,-0.021288940384876134,-0.1759442290000497,structural_group,unstratified,8675309
335,12,-0.0006418734478566973,-0.06033636575806569,structural_group,unstratified,8675309
336,12,-0.01907392419508638,-0.07299787115564334,structural_group,unstratified,8675309
337,12,-0.005658969592345277,-0.07021294883295964,structural_group,unstratified,8675309
338,12,0.0,-0.055806765463812025,structural_group,unstratified,8675309
339,12,-0.00032093672392834866,-0.005065310563296155,structural_group,unstratified,8675309
340,12,-0.008461049547044103,-0.06449592312009529,structural_group,unstratified,8675309
341,12,-0.036226347372473364,-0.23143945493962345,structural_group,unstratified,8675309
342,12,-0.0006418734478566973,-0.060585432181069016,structural_group,unstratified,8675309
343,12,-0.0006418734478566973,-0.06221716965517063,structural_group,unstratified,8675309
344,12,-0.021288940384876134,-0.17640754563445227,structural_group,unstratified,8675309
345,12,0.0,-0.05283867350887195,structural_group,unstratified,8675309
346,12,-0.00032093672392834866,-0.013018610722881999,structural_group,unstratified,8675309
347,12,0.0,-0.11038372548286064,structural_group,unstratified,8675309
348,12,-0.00032093672392834866,-0.1759502204975969,structural_group,unstratified,8675309
349,12,-0.0031230166786271746,-0.11468447939117073,structural_group,unstratified,8675309
350,12,0.0,-0.06533809730839063,structural_group,unstratified,8675309
351,12,-0.008461049547044103,-0.013781739748511315,structural_group,unstratified,8675309
352,12,-0.0031230166786271746,-0.07098273437085495,structural_group,unstratified,8675309
353,12,-0.021288940384876134,-0.12126435439943732,structural_group,unstratified,8675309
354,12,-0.010676065736833856,-0.17619567127378585,structural_group,unstratified,8675309
355,12,-0.008461049547044103,-0.1716218274253231,structural_group,unstratified,8675309
356,12,-0.01907392419508638,-0.022573290044774635,structural_group,unstratified,8675309
357,12,-0.0031230166786271746,-0.11278825166967373,structural_group,unstratified,8675309
358,12,-0.036226347372473364,-0.03127572303495449,structural_group,unstratified,8675309
359,12,0.0,-0.056214216793493754,structural_group,unstratified,8675309
360,12,-0.00032093672392834866,-0.06670413406118865,structural_group,unstratified,8675309
361,12,-0.008461049547044103,-0.020490957208069375,structural_group,unstratified,8675309
362,12,-0.0006418734478566973,-0.01616293177082741,structural_group,unstratified,8675309
363,12,-0.00032093672392834866,-0.0623054308095607,structural_group,unstratified,8675309
364,12,-0.0034439534025555232,-0.11506911849793912,structural_group,unstratified,8675309
365,12,-0.0006418734478566973,-0.0682378112393513,structural_group,unstratified,8675309
366,12,-0.010676065736833856,-0.12477554502194114,structural_group,unstratified,8675309
367,12,-0.0031230166786271746,-0.17202927875500484,structural_group,unstratified,8675309
368,12,-0.0034439534025555232,-0.060856868537836874,structural_group,unstratified,8675309
369,12,-0.0034439534025555232,-0.00938325283200415,structural_group,unstratified,8675309
370,12,-0.005658969592345277,-0.011890404003274449,structural_group,unstratified,8675309
371,12,-0.008461049547044103,-0.11840799305393895,structural_group,unstratified,8675309
372,12,-0.010676065736833856,-0.017168031216385837,structural_group,unstratified,8675309
373,12,0.0,-0.11018347287270604,structural_group,unstratified,8675309
374,12,-0.00032093672392834866,-0.06184449002589091,structural_group,unstratified,8675309
375,12,0.0,-0.010314560335739359,structural_group,unstratified,8675309
376,12,-0.005658969592345277,-0.021162898785146503,structural_group,unstratified,8675309
377,12,0.0,-0.2192509543653762,structural_group,unstratified,8675309
378,12,-0.025613472724431083,-0.1255988200138245,structural_group,unstratified,8675309
379,12,0.0,-0.006260130770877281,structural_group,unstratified,8675309
380,12,-0.036226347372473364,-0.1291943936565119,structural_group,unstratified,8675309
381,12,0.0,-0.11630195841770487,structural_group,unstratified,8675309
382,12,0.0,-0.059646946223484175,structural_group,unstratified,8675309
383,12,0.0,0.00034558954317375976,structural_group,unstratified,8675309
384,12,-0.006246033357254349,-0.06545114875848011,structural_group,unstratified,8675309
385,12,-0.010676065736833856,-0.06917466242124833,structural_group,unstratified,8675309
386,12,-0.006246033357254349,-0.11839486901995344,structural_group,unstratified,8675309
387,12,-0.00032093672392834866,-0.012322751011155266,structural_group,unstratified,8675309
388,12,-0.0034439534025555232,-0.006827071512764372,structural_group,unstratified,8675309
389,12,0.0,-0.003752979599606984,structural_group,unstratified,8675309
390,12,-0.0031230166786271746,-0.05877387846899329,structural_group,unstratified,8675309
391,12,-0.0006418734478566973,-0.06514697964539394,structural_group,unstratified,8675309
392,12,-0.0006418734478566973,-0.11733689143513391,structural_group,unstratified,8675309
393,12,-0.0034439534025555232,-0.015804510589115164,structural_group,unstratified,8675309
394,12,-0.021288940384876134,-0.12493392992861956,structural_group,unstratified,8675309
395,12,-0.00032093672392834866,-0.10852163933934177,structural_group,unstratified,8675309
396,12,-0.006246033357254349,-0.017551459028918262,structural_group,unstratified,8675309
397,12,-0.0006418734478566973,-0.006057502309989849,structural_group,unstratified,8675309
398,12,-0.0034439534025555232,-0.06329294691511504,structural_group,unstratified,8675309
399,12,-0.0034439534025555232,-0.026336720447947447,structural_group,unstratified,8675309
400,12,-0.0034439534025555232,-0.07166608136332313,structural_group,unstratified,8675309
401,12,-0.006246033357254349,-0.06308107255444857,structural_group,unstratified,8675309
402,12,-0.010676065736833856,-0.06792635275967915,structural_group,unstratified,8675309
403,12,-0.00032093672392834866,-0.004949883262473884,structural_group,unstratified,8675309
404,12,0.0,-0.010343154111528327,structural_group,unstratified,8675309
405,12,-0.006246033357254349,-0.11590084188266865,structural_group,unstratified,8675309
406,12,0.0,-0.0642163307659283,structural_group,unstratified,8675309
407,12,-0.006246033357254349,-0.02123584706776559,structural_group,unstratified,8675309
408,12,0.0,-0.05880608789159671,structural_group,unstratified,8675309
409,12,-0.01907392419508638,-0.12508526334342576,structural_group,unstratified,8675309
410,12,-0.010676065736833856,-0.1250123150608067,structural_group,unstratified,8675309
411,12,0.0,-0.0029080862634805692,structural_group,unstratified,8675309
412,12,-0.006246033357254349,-0.015381635435041363,structural_group,unstratified,8675309
413,12,0.0,-0.05882974377371416,structural_group,unstratified,8675309
414,12,0.0,-0.05277911151277052,structural_group,unstratified,8675309
415,12,-0.008461049547044103,-0.023674008900329512,structural_group,unstratified,8675309
416,12,-0.010676065736833856,-0.07025207445688056,structural_group,unstratified,8675309
417,12,0.0,-0.06058097287505045,structural_group,unstratified,8675309
418,12,-0.008461049547044103,-0.06888387818847051,structural_group,unstratified,8675309
419,12,-0.006246033357254349,-0.009256709712897309,structural_group,unstratified,8675309
420,12,-0.008461049547044103,-0.01354986168590591,structural_group,unstratified,8675309
421,12,-0.0034439534025555232,-0.010336102619656163,structural_group,unstratified,8675309
422,12,0.0,-0.001950560834689196,structural_group,unstratified,8675309
423,12,-0.0031230166786271746,-0.012685085219368843,structural_group,unstratified,8675309
424,12,0.0,-0.0010073992359649834,structural_group,unstratified,8675309
425,12,-0.00032093672392834866,-0.056732343722532136,structural_group,unstratified,8675309
426,12,-0.0031230166786271746,-0.019073947126810643,structural_group,unstratified,8675309
427,12,-0.0031230166786271746,-0.006263827462257831,structural_group,unstratified,8675309
428,12,0.0,-0.10680185704597085,structural_group,unstratified,8675309
429,12,-0.006246033357254349,-0.007765773805470007,structural_group,unstratified,8675309
430,12,-0.0031230166786271746,-0.010667206355025135,structural_group,unstratified,8675309
431,12,-0.008461049547044103,-0.0668659993241268,structural_group,unstratified,8675309
432,12,0.0,-0.056734719573264945,structural_group,unstratified,8675309
433,12,-0.0006418734478566973,-0.06319510295429685,structural_group,unstratified,8675309
434,12,-0.021288940384876134,-0.1235809411494808,structural_group,unstratified,8675309
435,12,-0.0006418734478566973,-0.06440864091546404,structural_group,unstratified,8675309
436,12,0.0,-0.06006047009527924,structural_group,unstratified,8675309
437,12,-0.00032093672392834866,-0.06446363265292578,structural_group,unstratified,8675309
438,12,0.0,-0.011119774806175015,structural_group,unstratified,8675309
439,12,-0.00032093672392834866,-0.16670262139392397,structural_group,unstratified,8675309
440,12,-0.0006418734478566973,-0.0630089978390886,structural_group,unstratified,8675309
441,12,-0.0034439534025555232,-0.07042014755248675,structural_group,unstratified,8675309
442,12,-0.0034439534025555232,-0.019000021300642076,structural_group,unstratified,8675309
443,12,-0.006246033357254349,-0.01460739059112748,structural_group,unstratified,8675309
444,12,-0.0006418734478566973,-0.06177787653791734,structural_group,unstratified,8675309
445,12,-0.036226347372473364,-0.13345839779163388,structural_group,unstratified,8675309
446,12,-0.021288940384876134,-0.17453405407554234,structural_group,unstratified,8675309
447,12,-0.015950907516459206,-0.019186126415850328,structural_group,unstratified,8675309
448,12,-0.008461049547044103,-0.019953319767892046,structural_group,unstratified,8675309
449,12,-0.008461049547044103,-0.17117873223418958,structural_group,unstratified,8675309
450,12,-0.010676065736833856,-0.020501705391322088,structural_group,unstratified,8675309
451,12,-0.00032093672392834866,-0.012450166291311895,structural_group,unstratified,8675309
452,12,0.0,-0.0023687603476236357,structural_group,unstratified,8675309
453,12,0.0,-0.06358470869144232,structural_group,unstratified,8675309
454,12,0.0,-0.0042495642447285716,structural_group,unstratified,8675309
455,12,-0.03190181503291841,-0.0772132938223938,structural_group,unstratified,8675309
456,12,-0.04055087971202831,-0.08804740232607912,structural_group,unstratified,8675309
457,12,-0.006246033357254349,-0.06555812766645622,structural_group,unstratified,8675309
458,12,-0.021288940384876134,-0.08038488639927109,structural_group,unstratified,8675309
459,12,0.0,-0.060837090789925934,structural_group,unstratified,8675309
460,12,-0.01907392419508638,-0.2258091817072263,structural_group,unstratified,8675309
461,12,-0.0034439534025555232,-0.11770138515895952,structural_group,unstratified,8675309
462,12,-0.006246033357254349,-0.07078248176070032,structural_group,unstratified,8675309
463,12,-0.03190181503291841,-0.07533980226348386,structural_group,unstratified,8675309
464,12,-0.025613472724431083,-0.12968867851122692,structural_group,unstratified,8675309
465,12,0.0,-0.0019329774946851032,structural_group,unstratified,8675309
466,12,0.0,-0.004907141991738538,structural_group,unstratified,8675309
467,12,-0.021288940384876134,-0.1272481408279302,structural_group,unstratified,8675309
468,12,0.0,-0.007392034181865383,structural_group,unstratified,8675309
469,12,-0.008461049547044103,-0.11783162496944692,structural_group,unstratified,8675309
470,12,-0.00032093672392834866,-0.012185676043916493,structural_group,unstratified,8675309
471,12,-0.008461049547044103,-0.07070855593453176,structural_group,unstratified,8675309
472,12,-0.00032093672392834866,-0.006253079279005118,structural_group,unstratified,8675309
473,12,0.0,-0.11759908189212276,structural_group,unstratified,8675309
474,12,-0.00032093672392834866,-0.05877855411013264,structural_group,unstratified,8675309
475,12,-0.0006418734478566973,-0.11868750436353982,structural_group,unstratified,8675309
476,12,-0.016271844240387554,-0.07438043125412053,structural_group,unstratified,8675309
477,12,-0.036226347372473364,-0.08050905366764513,structural_group,unstratified,8675309
478,12,-0.006246033357254349,-0.06732694010779659,structural_group,unstratified,8675309
479,12,-0.006246033357254349,-0.11248331994194954,structural_group,unstratified,8675309
480,12,-0.008461049547044103,-0.22414734817386198,structural_group,unstratified,8675309
481,12,-0.00032093672392834866,-0.12121509190699069,structural_group,unstratified,8675309
482,12,-0.00032093672392834866,-0.05996025028372826,structural_group,unstratified,8675309
483,12,0.0,-0.0037290614649573756,structural_group,unstratified,8675309
484,12,-0.008461049547044103,-0.06935794300612581,structural_group,unstratified,8675309
485,12,-0.0006418734478566973,-0.06935187046401246,structural_group,unstratified,8675309
486,12,-0.006246033357254349,-0.06969701631182812,structural_group,unstratified,8675309
487,12,-0.03190181503291841,-0.17754650053731255,structural_group,unstratified,8675309
488,12,-0.0034439534025555232,-0.059559745063418996,structural_group,unstratified,8675309
489,12,0.0,-0.006447108047135321,structural_group,unstratified,8675309
490,12,-0.0034439534025555232,-0.010680376306422032,structural_group,unstratified,8675309
491,12,-0.010676065736833856,-0.06740584997990795,structural_group,unstratified,8675309
492,12,-0.006246033357254349,-0.07008564450542411,structural_group,unstratified,8675309
493,12,-0.0034439534025555232,-0.014259868892579021,structural_group,unstratified,8675309
494,12,0.0,-0.060248209986175305,structural_group,unstratified,8675309
495,12,-0.00032093672392834866,-0.0651594923646525,structural_group,unstratified,8675309
496,12,-0.005658969592345277,-0.013933178545817245,structural_group,unstratified,8675309
497,12,-0.0006418734478566973,-0.009050489943129023,structural_group,unstratified,8675309
498,12,0.0,-0.054807738560366935,structural_group,unstratified,8675309
499,12,-0.006246033357254349,-0.06403585590368463,structural_group,unstratified,8675309
500,12,-0.00032093672392834866,-0.005659739169235922,structural_group,unstratified,8675309
501,12,-0.010676065736833856,-0.07190545959739866,structural_group,unstratified,8675309
502,12,-0.0006418734478566973,-0.012952608549635381,structural_group,unstratified,8675309
503,12,-0.02339845653464133,-0.12635609283246124,structural_group,unstratified,8675309
504,12,0.0,-0.011059233860314792,structural_group,unstratified,8675309
505,12,-0.0034439534025555232,-0.1226145186482453,structural_group,unstratified,8675309
506,12,0.0,-0.16404413680784743,structural_group,unstratified,8675309
507,12,0.0,-0.002399990820468241,structural_group,unstratified,8675309
508,12,-0.021288940384876134,-0.027554585222919065,structural_group,unstratified,8675309
509,12,0.0,-0.07175935506550164,structural_group,unstratified,8675309
510,12,-0.006246033357254349,-0.015799834947975804,structural_group,unstratified,8675309
511,12,-0.0031230166786271746,-0.0604056159430949,structural_group,unstratified,8675309
512,12,-0.006246033357254349,-0.06236031716452275,structural_group,unstratified,8675309
513,12,-0.00032093672392834866,-0.015413582605112617,structural_group,unstratified,8675309
514,12,-0.0031230166786271746,-0.11112195883029087,structural_group,unstratified,8675309
515,12,-0.05477133693621747,-0.23673144598280205,structural_group,unstratified,8675309
516,12,-0.00032093672392834866,-0.12063872382249861,structural_group,unstratified,8675309
517,12,-0.0031230166786271746,-0.0676274125295022,structural_group,unstratified,8675309
518,12,-0.0034439534025555232,-0.025653373455479273,structural_group,unstratified,8675309
519,12,-0.01907392419508638,-0.12089756088520516,structural_group,unstratified,8675309
520,12,-0.05477133693621747,-0.23605950440572487,structural_group,unstratified,8675309
521,12,0.0,-0.005090422576616028,structural_group,unstratified,8675309
522,12,-0.00032093672392834866,-0.06230075516842134,structural_group,unstratified,8675309
523,12,-0.00032093672392834866,-0.07073989178987605,structural_group,unstratified,8675309
524,12,-0.0031230166786271746,-0.014214303091512913,structural_group,unstratified,8675309
525,12,-0.006246033357254349,-0.06819902891252866,structural_group,unstratified,8675309
526,12,-0.00032093672392834866,-0.008280309425627545,structural_group,unstratified,8675309
527,12,-0.006246033357254349,-0.17028200859758125,structural_group,unstratified,8675309
528,12,-0.04055087971202831,-0.18054951965647778,structural_group,unstratified,8675309
529,12,-0.0034439534025555232,-0.013771207900379384,structural_group,unstratified,8675309
530,12,-0.006246033357254349,-0.11570058927251403,structural_group,unstratified,8675309
531,12,-0.006246033357254349,-0.05950157996829159,structural_group,unstratified,8675309
532,12,-0.006246033357254349,-0.018251994381784358,structural_group,unstratified,8675309
533,12,-0.008461049547044103,-0.017385366804438692,structural_group,unstratified,8675309
534,12,-0.008461049547044103,-0.06950233031155958,structural_group,unstratified,8675309
535,12,0.0,-0.11491570162784714,structural_group,unstratified,8675309
536,12,-0.00032093672392834866,-0.06016744900325536,structural_group,unstratified,8675309
537,12,0.0,-0.06251175596182867,structural_group,unstratified,8675309
538,12,-0.021288940384876134,-0.17814776430000367,structural_group,unstratified,8675309
539,12,0.0,-0.06327140463119822,structural_group,unstratified,8675309
540,12,-0.0006418734478566973,-0.010238258658837984,structural_group,unstratified,8675309
541,12,0.0,-0.11593278905273992,structural_group,unstratified,8675309
542,12,-0.00032093672392834866,-0.0623054308095607,structural_group,unstratified,8675309
543,12,0.0,-0.011548506167241382,structural_group,unstratified,8675309
544,12,0.0,-0.007167863437061145,structural_group,unstratified,8675309
545,12,-0.005338032868416928,-0.11788749027416778,structural_group,unstratified,8675309
546,12,-0.0034439534025555232,-0.016982142436298368,structural_group,unstratified,8675309
547,12,0.0,-0.05880608789159671,structural_group,unstratified,8675309
548,12,-0.01907392419508638,-0.12698832622167416,structural_group,unstratified,8675309
549,12,0.0,-0.010961389899496613,structural_group,unstratified,8675309
550,12,-0.005658969592345277,-0.11866173511808165,structural_group,unstratified,8675309
551,12,0.0,-0.06120388430415808,structural_group,unstratified,8675309
552,12,-0.00032093672392834866,-0.05944669361332954,structural_group,unstratified,8675309
553,12,-0.00032093672392834866,-0.11633055219349385,structural_group,unstratified,8675309
554,12,-0.021288940384876134,-0.1258212262226229,structural_group,unstratified,8675309
555,12,-0.00032093672392834866,-0.013602291145569054,structural_group,unstratified,8675309
556,12,-0.021288940384876134,-0.07605279663561672,structural_group,unstratified,8675309
557,12,-0.0031230166786271746,-0.11453948077101002,structural_group,unstratified,8675309
558,12,-0.005338032868416928,-0.01859494582169315,structural_group,unstratified,8675309
559,12,-0.0031230166786271746,-0.012540697913935077,structural_group,unstratified,8675309
560,12,-0.03190181503291841,-0.07094815050372806,structural_group,unstratified,8675309
561,12,-0.0031230166786271746,-0.062174428384435286,structural_group,unstratified,8675309
562,12,-0.0031230166786271746,-0.015279332168204608,structural_group,unstratified,8675309
563,12,-0.0034439534025555232,-0.12505059702552343,structural_group,unstratified,8675309
564,12,-0.01907392419508638,-0.122653860607287,structural_group,unstratified,8675309
565,12,-0.008461049547044103,-0.06684110364592773,structural_group,unstratified,8675309
566,12,0.0,-0.06274385035955486,structural_group,unstratified,8675309
567,12,-0.020596376579942503,-0.12661221074733672,structural_group,unstratified,8675309
568,12,-0.00032093672392834866,-0.004845204144904324,structural_group,unstratified,8675309
569,12,-0.010676065736833856,-0.12321860694126723,structural_group,unstratified,8675309
570,12,-0.036226347372473364,-0.1293837467835027,structural_group,unstratified,8675309
571,12,0.0,-0.05569133816298975,structural_group,unstratified,8675309
572,12,-0.0034439534025555232,-0.01614128410441091,structural_group,unstratified,8675309
573,12,-0.0006418734478566973,-0.01579376240586245,structural_group,unstratified,8675309
574,12,-0.036226347372473364,-0.17813746479634895,structural_group,unstratified,8675309
575,12,-0.00032093672392834866,-0.06683370885695729,structural_group,unstratified,8675309
576,12,-0.010676065736833856,-0.1781965781128524,structural_group,unstratified,8675309
577,12,0.0,-0.06331414590193357,structural_group,unstratified,8675309
578,12,-0.0006418734478566973,-0.0071474270648806335,structural_group,unstratified,8675309
579,12,0.0,-0.05927310121737984,structural_group,unstratified,8675309
580,12,0.0,-0.01010638407266278,structural_group,unstratified,8675309
581,12,-0.010676065736833856,-0.0728714334190362,structural_group,unstratified,8675309
582,12,-0.008461049547044103,-0.120306380291048,structural_group,unstratified,8675309
583,12,-0.00032093672392834866,-0.1141925703871885,structural_group,unstratified,8675309
584,12,-0.0006418734478566973,-0.012297330593031973,structural_group,unstratified,8675309
585,12,-0.016271844240387554,-0.1223312345869376,structural_group,unstratified,8675309
586,12,0.0,-0.054445404352153365,structural_group,unstratified,8675309
587,12,-0.006246033357254349,-0.06490337444977702,structural_group,unstratified,8675309
588,12,-0.03190181503291841,-0.07652387428781227,structural_group,unstratified,8675309
589,12,-0.006246033357254349,-0.06644801614631315,structural_group,unstratified,8675309
590,12,-0.0034439534025555232,-0.06675294787403734,structural_group,unstratified,8675309
591,12,-0.006246033357254349,-0.0693448189721403,structural_group,unstratified,8675309
592,12,0.0,-0.05148198803835263,structural_group,unstratified,8675309
593,12,-0.01907392419508638,-0.0741617217367027,structural_group,unstratified,8675309
594,12,-0.005658969592345277,-0.12232893479653106,structural_group,unstratified,8675309
595,12,-0.0034439534025555232,-0.06441938909871674,structural_group,unstratified,8675309
596,12,0.0,-0.0027715360361660027,structural_group,unstratified,8675309
597,12,-0.006246033357254349,-0.1165306994211488,structural_group,unstratified,8675309
598,12,-0.01907392419508638,-0.07055038736297414,structural_group,unstratified,8675309
599,12,-0.021288940384876134,-0.02018885001067595,structural_group,unstratified,8675309
600,12,-0.008461049547044103,-0.06567355496727849,structural_group,unstratified,8675309
601,12,-0.010676065736833856,-0.02273591792235083,structural_group,unstratified,8675309
602,12,0.0,-0.011840530196100837,structural_group,unstratified,8675309
603,12,-0.006246033357254349,-0.01952052408041327,structural_group,unstratified,8675309
604,12,-0.008461049547044103,-0.02041487186628878,structural_group,unstratified,8675309
605,12,-0.016271844240387554,-0.16997718225235678,structural_group,unstratified,8675309
606,12,-0.008461049547044103,-0.11820774044378435,structural_group,unstratified,8675309
607,12,-0.021288940384876134,-0.023962417282374516,structural_group,unstratified,8675309
608,12,-0.021288940384876134,-0.07697837489433684,structural_group,unstratified,8675309
609,12,-0.0034439534025555232,-0.12206674433954219,structural_group,unstratified,8675309
610,12,-0.0006418734478566973,-0.0045424319327921564,structural_group,unstratified,8675309
611,12,-0.02339845653464133,-0.13074642375156928,structural_group,unstratified,8675309
612,12,-0.006246033357254349,-0.22469066317654654,structural_group,unstratified,8675309
613,12,-0.00032093672392834866,-0.010893228210637975,structural_group,unstratified,8675309
614,12,0.0,-0.058926190833558344,structural_group,unstratified,8675309
615,12,-0.0006418734478566973,-0.06342719735202305,structural_group,unstratified,8675309
616,12,-0.036226347372473364,-0.1317003335335462,structural_group,unstratified,8675309
617,12,-0.0006418734478566973,-0.11676052335064185,structural_group,unstratified,8675309
618,12,-0.04055087971202831,-0.18411887537410898,structural_group,unstratified,8675309
619,12,-0.021288940384876134,-0.12622867755230463,structural_group,unstratified,8675309
620,12,0.0,-0.060090041414617684,structural_group,unstratified,8675309
621,12,-0.0034439534025555232,-0.0753867704957606,structural_group,unstratified,8675309
622,12,-0.0034439534025555232,-0.01479513048202355,structural_group,unstratified,8675309
623,12,-0.00032093672392834866,-0.1114958038363952,structural_group,unstratified,8675309
624,12,-0.0031230166786271746,-0.012051425607008484,structural_group,unstratified,8675309
625,12,-0.008461049547044103,-0.16987693311863236,structural_group,unstratified,8675309
626,12,-0.00032093672392834866,-0.01241452242986009,structural_group,unstratified,8675309
627,12,0.0,-0.010856710781927051,structural_group,unstratified,8675309
628,12,0.0,-0.002878514944142119,structural_group,unstratified,8675309
629,12,-0.021288940384876134,-0.07084325505103772,structural_group,unstratified,8675309
630,12,-0.016271844240387554,-0.07587543148796023,structural_group,unstratified,8675309
631,12,-0.005658969592345277,-0.1192629988807728,structural_group,unstratified,8675309
632,12,-0.0034439534025555232,-0.02391315478992786,structural_group,unstratified,8675309
633,12,-0.0006418734478566973,-0.059967196393100726,structural_group,unstratified,8675309
634,12,-0.008461049547044103,-0.12253983020743871,structural_group,unstratified,8675309
635,12,-0.0031230166786271746,-0.01825067213492728,structural_group,unstratified,8675309
636,12,0.0,-0.11013444272473656,structural_group,unstratified,8675309
637,12,-0.00032093672392834866,-0.010415466701602122,structural_group,unstratified,8675309
638,12,0.0,-0.0024666043084418145,structural_group,unstratified,8675309
639,12,0.0,-0.05936461038355251,structural_group,unstratified,8675309
640,12,-0.0006418734478566973,-0.06414795274194886,structural_group,unstratified,8675309
641,12,-0.0006418734478566973,-0.06526832238343722,structural_group,unstratified,8675309
642,12,-0.005658969592345277,-0.01633184852563774,structural_group,unstratified,8675309
643,12,0.0,-0.061421831206937894,structural_group,unstratified,8675309
644,12,-0.010676065736833856,-0.12321860694126723,structural_group,unstratified,8675309
645,12,-0.005658969592345277,-0.11680202482529556,structural_group,unstratified,8675309
646,12,0.0,-0.056327268243583216,structural_group,unstratified,8675309
647,12,-0.01907392419508638,-0.024094584263996754,structural_group,unstratified,8675309
648,12,0.0,-0.012476460276694306,structural_group,unstratified,8675309
649,12,0.0,-0.059836299350475,structural_group,unstratified,8675309
650,12,-0.010676065736833856,-0.12296248902639173,structural_group,unstratified,8675309
651,12,-0.00032093672392834866,-0.11028577613954278,structural_group,unstratified,8675309
652,12,-0.01907392419508638,-0.12641195813718212,structural_group,unstratified,8675309
653,12,-0.006246033357254349,-0.06085219289669753,structural_group,unstratified,8675309
654,12,0.0,-0.05455845580224283,structural_group,unstratified,8675309
655,12,0.0,-0.007045123798043877,structural_group,unstratified,8675309
656,12,-0.005658969592345277,-0.07090880854468638,structural_group,unstratified,8675309
657,12,-0.00032093672392834866,-0.012080996926346935,structural_group,unstratified,8675309
658,12,-0.006246033357254349,-0.022453187102813004,structural_group,unstratified,8675309
659,12,-0.0006418734478566973,-0.06753186835909059,structural_group,unstratified,8675309
660,12,-0.010676065736833856,-0.17201253907420488,structural_group,unstratified,8675309
661,12,-0.010676065736833856,-0.1705105927309927,structural_group,unstratified,8675309
662,12,-0.006246033357254349,-0.06904226309514892,structural_group,unstratified,8675309
663,12,-0.008461049547044103,-0.12207519273238839,structural_group,unstratified,8675309
664,12,-0.0034439534025555232,-0.06368701195827908,structural_group,unstratified,8675309
665,12,-0.00032093672392834866,-0.05507895858201403,structural_group,unstratified,8675309
666,12,-0.006246033357254349,-0.06355276152137108,structural_group,unstratified,8675309
667,12,-0.036226347372473364,-0.2296873821790831,structural_group,unstratified,8675309
668,12,-0.0006418734478566973,-0.12221350749570879,structural_group,unstratified,8675309
669,12,-0.00032093672392834866,-0.05600691269146696,structural_group,unstratified,8675309
670,12,-0.008461049547044103,-0.11798979354100453,structural_group,unstratified,8675309
671,12,-0.00032093672392834866,-0.16540549791950607,structural_group,unstratified,8675309
672,12,0.0,-0.007223728741782007,structural_group,unstratified,8675309
673,12,-0.0031230166786271746,-0.012540697913935077,structural_group,unstratified,8675309
674,12,-0.021288940384876134,-0.12678112750214707,structural_group,unstratified,8675309
675,12,-0.00032093672392834866,-0.054709789217049075,structural_group,unstratified,8675309
676,12,-0.008461049547044103,-0.17167531687931117,structural_group,unstratified,8675309
677,12,-0.00032093672392834866,-0.06600827434946191,structural_group,unstratified,8675309
678,12,-0.021288940384876134,-0.17527872760011776,structural_group,unstratified,8675309
679,12,0.0,-0.00664736065728995,structural_group,unstratified,8675309
680,12,0.0,-0.0006489780542527369,structural_group,unstratified,8675309
681,12,0.0,-0.05876334662086135,structural_group,unstratified,8675309
682,12,-0.0034439534025555232,-0.01217537654026174,structural_group,unstratified,8675309
683,12,-0.0034439534025555232,-0.06189330383873961,structural_group,unstratified,8675309
684,12,-0.006246033357254349,-0.06956514172565292,structural_group,unstratified,8675309
685,12,-0.005658969592345277,-0.0651042383746586,structural_group,unstratified,8675309
686,12,0.0,-0.0038614607910567866,structural_group,unstratified,8675309
687,12,-0.00032093672392834866,-0.06030777198227672,structural_group,unstratified,8675309
688,12,-0.005658969592345277,-0.1718755694894658,structural_group,unstratified,8675309
689,12,-0.008461049547044103,-0.014270617075831734,structural_group,unstratified,8675309
690,12,-0.006246033357254349,-0.1256245892592827,structural_group,unstratified,8675309
691,12,-0.008461049547044103,-0.020881885192071927,structural_group,unstratified,8675309
692,12,-0.036226347372473364,-0.1290339252945477,structural_group,unstratified,8675309
693,12,-0.0031230166786271746,-0.016559483617345352,structural_group,unstratified,8675309
694,12,-0.02339845653464133,-0.22890001330118367,structural_group,unstratified,8675309
695,12,-0.0031230166786271746,-0.016559483617345352,structural_group,unstratified,8675309
696,12,-0.00032093672392834866,-0.011584412281225346,structural_group,unstratified,8675309
697,12,0.0,-0.06689971103020391,structural_group,unstratified,8675309
698,12,-0.0034439534025555232,-0.018630851935677113,structural_group,unstratified,8675309
699,12,-0.0006418734478566973,-0.06318197892031134,structural_group,unstratified,8675309
700,12,-0.00032093672392834866,-0.16705420741888485,structural_group,unstratified,8675309
701,12,-0.006246033357254349,-0.12056469261383035,structural_group,unstratified,8675309
702,12,-0.00032093672392834866,-0.00984799568955418,structural_group,unstratified,8675309
703,12,-0.0006418734478566973,-0.1168140128046299,structural_group,unstratified,8675309
704,12,-0.0006418734478566973,-0.05762201586726829,structural_group,unstratified,8675309
705,12,-0.0034439534025555232,-0.1704334473948872,structural_group,unstratified,8675309
706,12,-0.006246033357254349,-0.015255308651055304,structural_group,unstratified,8675309
707,12,-0.00032093672392834866,-0.11834843105783756,structural_group,unstratified,8675309
708,12,-0.0031230166786271746,-0.06906953462408082,structural_group,unstratified,8675309
709,12,-0.0031230166786271746,-0.11904753878134688,structural_group,unstratified,8675309
710,12,-0.03190181503291841,-0.17995570236526495,structural_group,unstratified,8675309
711,12,-0.010676065736833856,-0.0707611718212607,structural_group,unstratified,8675309
712,12,-0.006246033357254349,-0.013466276172655195,structural_group,unstratified,8675309
713,12,-0.005658969592345277,-0.018543756158111647,structural_group,unstratified,8675309
714,12,-0.006246033357254349,-0.019925599559362194,structural_group,unstratified,8675309
715,12,0.0,-0.0017877166219922188,structural_group,unstratified,8675309
716,12,-0.0031230166786271746,-0.013485624048665138,structural_group,unstratified,8675309
717,12,-0.03190181503291841,-0.13001598017271565,structural_group,unstratified,8675309
718,12,-0.021288940384876134,-0.17475822482034656,structural_group,unstratified,8675309
719,12,0.0,-0.003232476819835788,structural_group,unstratified,8675309
720,12,-0.021288940384876134,-0.12417428125925001,structural_group,unstratified,8675309
721,12,-0.00032093672392834866,-0.0537757625654828,structural_group,unstratified,8675309
722,12,-0.00032093672392834866,-0.003663507971308714,structural_group,unstratified,8675309
723,12,-0.036226347372473364,-0.23057705432381917,structural_group,unstratified,8675309
724,12,0.0,-0.007477470805924694,structural_group,unstratified,8675309
725,12,-0.0034439534025555232,-0.07103622382484302,structural_group,unstratified,8675309
726,12,-0.03190181503291841,-0.0794998898956743,structural_group,unstratified,8675309
727,12,-0.0034439534025555232,-0.01461206623226684,structural_group,unstratified,8675309
728,12,-0.021288940384876134,-0.12580425419734576,structural_group,unstratified,8675309
729,12,0.0,-0.01028966465754027,structural_group,unstratified,8675309
730,12,-0.008461049547044103,-0.06632060086615653,structural_group,unstratified,8675309
731,12,-0.010676065736833856,-0.01852471668690513,structural_group,unstratified,8675309
732,12,0.0,-0.011379589412431052,structural_group,unstratified,8675309
733,12,-0.0034439534025555232,-0.06633474836110291,structural_group,unstratified,8675309
734,12,-0.0006418734478566973,-0.009061238126381736,structural_group,unstratified,8675309
735,12,-0.016271844240387554,-0.06941610810125325,structural_group,unstratified,8675309
736,12,-0.006246033357254349,-0.06547974253426907,structural_group,unstratified,8675309
737,12,-0.0006418734478566973,-0.008813719904263474,structural_group,unstratified,8675309
738,12,-0.036226347372473364,-0.029506910593614117,structural_group,unstratified,8675309
739,12,-0.0031230166786271746,-0.06303225874159989,structural_group,unstratified,8675309
740,12,-0.03190181503291841,-0.08119379756108729,structural_group,unstratified,8675309
741,12,-0.0034439534025555232,-0.11522662983735843,structural_group,unstratified,8675309
742,12,-0.006246033357254349,-0.0719863315329397,structural_group,unstratified,8675309
743,12,-0.008461049547044103,-0.019108397109592182,structural_group,unstratified,8675309
744,12,0.0,-0.0021890954095605936,structural_group,unstratified,8675309
745,12,-0.006246033357254349,-0.06733945282705515,structural_group,unstratified,8675309
746,12,-0.0034439534025555232,-0.058929887524938884,structural_group,unstratified,8675309
747,12,-0.008461049547044103,-0.02449559541653327,structural_group,unstratified,8675309
748,12,-0.0034439534025555232,-0.07290971538375296,structural_group,unstratified,8675309
749,12,-0.01907392419508638,-0.025221026447598455,structural_group,unstratified,8675309
750,12,-0.0006418734478566973,-0.007524782335299705,structural_group,unstratified,8675309
751,12,-0.0034439534025555232,-0.11294426072561932,structural_group,unstratified,8675309
752,12,-0.008461049547044103,-0.07219265668520768,structural_group,unstratified,8675309
753,12,0.0,-0.00502256929256081,structural_group,unstratified,8675309
754,12,-0.0006418734478566973,-0.060233846156108155,structural_group,unstratified,8675309
755,12,-0.0031230166786271746,-0.07227985784527284,structural_group,unstratified,8675309
756,12,-0.0034439534025555232,-0.0660570881623106,structural_group,unstratified,8675309
757,12,0.0,-0.007884922135606421,structural_group,unstratified,8675309
758,12,0.0,-0.006671278791939558,structural_group,unstratified,8675309
759,12,-0.0034439534025555232,-0.06698504227176354,structural_group,unstratified,8675309
760,12,0.0,-0.06580978627531313,structural_group,unstratified,8675309
761,12,-0.016271844240387554,-0.072010355050089,structural_group,unstratified,8675309
762,12,-0.0034439534025555232,-0.06554292017718492,structural_group,unstratified,8675309
763,12,-0.006246033357254349,-0.0659716515382513,structural_group,unstratified,8675309
764,12,-0.00032093672392834866,-0.007682293674718989,structural_group,unstratified,8675309
765,12,-0.021288940384876134,-0.02133921032892726,structural_group,unstratified,8675309
766,12,-0.005658969592345277,-0.020143435509520916,structural_group,unstratified,8675309
767,12,-0.025613472724431083,-0.025905264408813366,structural_group,unstratified,8675309
768,12,-0.04055087971202831,-0.07703743095821099,structural_group,unstratified,8675309
769,12,-0.0006418734478566973,-0.06165838491068266,structural_group,unstratified,8675309
770,12,-0.006246033357254349,-0.06478388282254234,structural_group,unstratified,8675309
771,12,0.0,-0.05846525004988854,structural_group,unstratified,8675309
772,12,-0.006246033357254349,-0.017096958422393685,structural_group,unstratified,8675309
773,12,0.0,-0.06109514086017611,structural_group,unstratified,8675309
774,12,-0.010676065736833856,-0.12478011528058082,structural_group,unstratified,8675309
775,12,-0.005338032868416928,-0.0664673640223231,structural_group,unstratified,8675309
776,12,-0.005658969592345277,-0.018846312035103032,structural_group,unstratified,8675309
777,12,-0.006246033357254349,-0.015799834947975804,structural_group,unstratified,8675309
778,12,0.0,-0.0069916343440558195,structural_group,unstratified,8675309
779,12,-0.0031230166786271746,-0.06026061732293419,structural_group,unstratified,8675309
780,12,-0.008461049547044103,-0.06644779981119238,structural_group,unstratified,8675309
781,12,-0.0034439534025555232,-0.017284698313289753,structural_group,unstratified,8675309
782,12,-0.006246033357254349,-0.11684637933212567,structural_group,unstratified,8675309
783,12,-0.00032093672392834866,-0.0606344623290385,structural_group,unstratified,8675309
784,12,-0.0006418734478566973,-0.006409088334950716,structural_group,unstratified,8675309
785,12,-0.03190181503291841,-0.02328612178177851,structural_group,unstratified,8675309
786,12,0.0,-0.005587007221737616,structural_group,unstratified,8675309
787,12,-0.016271844240387554,-0.1222242556789615,structural_group,unstratified,8675309
788,12,-0.01907392419508638,-0.12878203434121363,structural_group,unstratified,8675309
789,12,-0.0031230166786271746,-0.013510519726864227,structural_group,unstratified,8675309
790,12,-0.00032093672392834866,-0.014812318842421469,structural_group,unstratified,8675309
791,12,-0.0031230166786271746,-0.015279332168204608,structural_group,unstratified,8675309
792,12,-0.010676065736833856,-0.07050135721500465,structural_group,unstratified,8675309
793,12,-0.005658969592345277,-0.06775197477748242,structural_group,unstratified,8675309
794,12,0.0,-0.0645934237838152,structural_group,unstratified,8675309
795,12,-0.006246033357254349,-0.07051799151330493,structural_group,unstratified,8675309
796,12,-0.00032093672392834866,-0.11491332577711433,structural_group,unstratified,8675309
797,12,-0.008461049547044103,-0.12160112791473306,structural_group,unstratified,8675309
798,12,0.0,-0.009766786027036269,structural_group,unstratified,8675309
799,12,0.0,-0.009098646523839385,structural_group,unstratified,8675309
800,12,0.0,-0.01343398570548568,structural_group,unstratified,8675309
801,12,0.0,-0.007631180071463735,structural_group,unstratified,8675309
802,12,-0.016271844240387554,-0.07138049751160888,structural_group,unstratified,8675309
803,12,-0.0006418734478566973,-0.01816383860989398,structural_group,unstratified,8675309
804,12,0.0,-0.054852855681835094,structural_group,unstratified,8675309
805,12,0.0,-0.008701756950344575,structural_group,unstratified,8675309
806,12,-0.0006418734478566973,-0.05986467679114319,structural_group,unstratified,8675309
807,12,-0.025613472724431083,-0.07365819098220863,structural_group,unstratified,8675309
808,12,0.0,-0.05757090226401304,structural_group,unstratified,8675309
809,12,-0.0034439534025555232,-0.11958968922753459,structural_group,unstratified,8675309
810,12,-0.0006418734478566973,-0.011187860434707408,structural_group,unstratified,8675309
811,12,-0.00032093672392834866,-0.0616048954566946,structural_group,unstratified,8675309
812,12,-0.008461049547044103,-0.12215357786457552,structural_group,unstratified,8675309
813,12,-0.005338032868416928,-0.1695566829490158,structural_group,unstratified,8675309
814,12,-0.036226347372473364,-0.23007809382796482,structural_group,unstratified,8675309
815,12,-0.0031230166786271746,-0.16846675819412502,structural_group,unstratified,8675309
816,12,-0.006246033357254349,-0.1255176103513066,structural_group,unstratified,8675309
817,12,-0.021288940384876134,-0.07695445675968725,structural_group,unstratified,8675309
818,12,-0.0031230166786271746,-0.00470221374044455,structural_group,unstratified,8675309
819,12,0.0,-0.059836299350475,structural_group,unstratified,8675309
820,12,-0.021288940384876134,-0.12730163028191827,structural_group,unstratified,8675309
821,12,-0.025613472724431083,-0.08004528835364456,structural_group,unstratified,8675309
822,12,-0.008461049547044103,-0.1227959481223142,structural_group,unstratified,8675309
823,12,0.0,-0.009361099233360391,structural_group,unstratified,8675309
824,12,-0.021288940384876134,-0.01952334861074403,structural_group,unstratified,8675309
825,12,-0.006246033357254349,-0.06675057202330453,structural_group,unstratified,8675309
826,12,0.0,-0.010602968717784366,structural_group,unstratified,8675309
827,12,0.0,-0.004217722457157013,structural_group,unstratified,8675309
828,12,-0.0034439534025555232,-0.02007297403025572,structural_group,unstratified,8675309
829,12,-0.008461049547044103,-0.020356706771161366,structural_group,unstratified,8675309
830,12,-0.0006418734478566973,-0.011800745947910382,structural_group,unstratified,8675309
831,12,-0.00032093672392834866,-0.006257754920144478,structural_group,unstratified,8675309
832,12,-0.008461049547044103,-0.01616900431294076,structural_group,unstratified,8675309
833,12,0.0,-0.008723404616761075,structural_group,unstratified,8675309
834,12,-0.0006418734478566973,-0.056741478669690086,structural_group,unstratified,8675309
835,12,-0.008461049547044103,-0.07244877460008316,structural_group,unstratified,8675309
836,12,-0.0034439534025555232,-0.063139237649576,structural_group,unstratified,8675309
837,12,-0.03190181503291841,-0.12753047666786185,structural_group,unstratified,8675309
838,12,-0.00032093672392834866,-0.061579999778495514,structural_group,unstratified,8675309
839,12,-0.015950907516459206,-0.018609758331358268,structural_group,unstratified,8675309
840,12,-0.010676065736833856,-0.024105116112128688,structural_group,unstratified,8675309
841,12,-0.03983392994862024,-0.2339391059394236,structural_group,unstratified,8675309
842,12,-0.0006418734478566973,-0.07231476203788899,structural_group,unstratified,8675309
843,12,-0.006246033357254349,-0.011594944129357276,structural_group,unstratified,8675309
844,12,-0.0006418734478566973,-0.014496638931444572,structural_group,unstratified,8675309
845,12,0.0,-0.05450964198939414,structural_group,unstratified,8675309
846,12,-0.0006418734478566973,-0.012676636826522689,structural_group,unstratified,8675309
847,12,-0.005658969592345277,-0.01819155881842383,structural_group,unstratified,8675309
848,12,0.0,-0.002304522710382865,structural_group,unstratified,8675309
849,12,-0.008461049547044103,-0.024549084870521334,structural_group,unstratified,8675309
850,12,-0.03190181503291841,-0.0764855923230955,structural_group,unstratified,8675309
851,12,-0.0034439534025555232,-0.11211882621812393,structural_group,unstratified,8675309
852,12,-0.0031230166786271746,-0.057107585629610456,structural_group,unstratified,8675309
853,12,-0.006246033357254349,-0.01460739059112748,structural_group,unstratified,8675309
854,12,-0.00032093672392834866,-0.012179603501803143,structural_group,unstratified,8675309
855,12,-0.03190181503291841,-0.08577208470621218,structural_group,unstratified,8675309
856,12,0.0,-0.007641711919595663,structural_group,unstratified,8675309
857,12,-0.008461049547044103,-0.07357521678368488,structural_group,unstratified,8675309
858,12,0.0,-0.060234062491228924,structural_group,unstratified,8675309
859,12,-0.008461049547044103,-0.019059583296743485,structural_group,unstratified,8675309
860,12,-0.01907392419508638,-0.07432456594939967,structural_group,unstratified,8675309
861,12,-0.006246033357254349,-0.07389723148930728,structural_group,unstratified,8675309
862,12,-0.0034439534025555232,-0.11958968922753456,structural_group,unstratified,8675309
863,12,-0.0034439534025555232,-0.009881996992737759,structural_group,unstratified,8675309
864,12,-0.0006418734478566973,-0.01972545233170726,structural_group,unstratified,8675309
865,12,-0.008461049547044103,-0.11357324469684033,structural_group,unstratified,8675309
866,12,0.0,-0.001623475508321249,structural_group,unstratified,8675309
867,12,0.0,-0.0017816440798788663,structural_group,unstratified,8675309
868,12,0.0,-0.010839738756649913,structural_group,unstratified,8675309
869,12,-0.01907392419508638,-0.07242150307115128,structural_group,unstratified,8675309
870,12,-0.00032093672392834866,-0.05886564988769812,structural_group,unstratified,8675309
871,12,-0.021288940384876134,-0.026648173397382947,structural_group,unstratified,8675309
872,12,-0.005658969592345277,-0.06289233074218468,structural_group,unstratified,8675309
873,12,-0.0006418734478566973,-0.006795841039919768,structural_group,unstratified,8675309
874,12,-0.00032093672392834866,-0.0729904763666729,structural_group,unstratified,8675309
875,12,-0.01907392419508638,-0.021110731578015518,structural_group,unstratified,8675309
876,12,0.0,-0.11902362064669729,structural_group,unstratified,8675309
877,12,0.0,-0.06269503654670616,structural_group,unstratified,8675309
878,12,-0.03190181503291841,-0.22883683565826782,structural_group,unstratified,8675309
879,12,0.0,-0.004514054492123971,structural_group,unstratified,8675309
880,12,-0.00032093672392834866,-0.16456463958761863,structural_group,unstratified,8675309
881,12,-0.008461049547044103,-0.07417312715209373,structural_group,unstratified,8675309
882,12,0.0,0.005081514989695411,structural_group,unstratified,8675309
883,12,0.0,-0.0076356393774823115,structural_group,unstratified,8675309
884,12,-0.0031230166786271746,-0.06585860008816184,structural_group,unstratified,8675309
885,12,-0.006246033357254349,-0.0643656833096079,structural_group,unstratified,8675309
886,12,0.0,-0.05965301876559751,structural_group,unstratified,8675309
887,12,-0.0034439534025555232,-0.011031962331382898,structural_group,unstratified,8675309
888,12,-0.00032093672392834866,-0.11018793217872462,structural_group,unstratified,8675309
889,12,-0.0031230166786271746,-0.06503316558066645,structural_group,unstratified,8675309
890,12,-0.02339845653464133,-0.17353502717209723,structural_group,unstratified,8675309
891,12,-0.008461049547044103,-0.0175196172413467,structural_group,unstratified,8675309
892,12,-0.021288940384876134,-0.027002746587803567,structural_group,unstratified,8675309
893,12,-0.0034439534025555232,-0.06401370230504087,structural_group,unstratified,8675309
894,12,-0.00032093672392834866,-0.11834843105783756,structural_group,unstratified,8675309
895,12,-0.008461049547044103,-0.11864454675768372,structural_group,unstratified,8675309
896,12,0.0,-0.06511392656358639,structural_group,unstratified,8675309
897,12,0.0,-0.06227683703377173,structural_group,unstratified,8675309
898,12,0.0,-0.005980094721352182,structural_group,unstratified,8675309
899,12,-0.0006418734478566973,-0.06176090451264019,structural_group,unstratified,8675309
900,12,-0.006246033357254349,-0.0661300364449297,structural_group,unstratified,8675309
901,12,-0.008461049547044103,-0.01798663056712984,structural_group,unstratified,8675309
902,12,-0.00032093672392834866,-0.11728340198114585,structural_group,unstratified,8675309
903,12,0.0,-0.008928303545881616,structural_group,unstratified,8675309
904,12,0.0,-0.012620847582128072,structural_group,unstratified,8675309
905,12,-0.008461049547044103,-0.068114308985696,structural_group,unstratified,8675309
906,12,-0.008461049547044103,-0.01845048245593314,structural_group,unstratified,8675309
907,12,0.0,-0.011900092192202248,structural_group,unstratified,8675309
908,12,0.0,-0.010579050583134757,structural_group,unstratified,8675309
909,12,-0.0031230166786271746,-0.0703666580984987,structural_group,unstratified,8675309
910,12,-0.0034439534025555232,-0.01603660498684135,structural_group,unstratified,8675309
911,12,0.0,-0.002412898519332974,structural_group,unstratified,8675309
912,12,-0.005338032868416928,-0.06991039295596828,structural_group,unstratified,8675309
913,12,-0.0006418734478566973,-0.05742643889825303,structural_group,unstratified,8675309
914,12,-0.008461049547044103,-0.12409069574599925,structural_group,unstratified,8675309
915,12,-0.021288940384876134,-0.02186950668012595,structural_group,unstratified,8675309
916,12,0.0,0.00020262846088743222,structural_group,unstratified,8675309
917,12,-0.005658969592345277,-0.06792495585870516,structural_group,unstratified,8675309
918,12,-0.021288940384876134,-0.12565468531854537,structural_group,unstratified,8675309
919,12,0.0,-0.00845767457328403,structural_group,unstratified,8675309
920,12,0.0,-0.11494059730604622,structural_group,unstratified,8675309
921,12,-0.025613472724431083,-0.18068614594411858,structural_group,unstratified,8675309
922,12,0.0,-0.008568269128074594,structural_group,unstratified,8675309
923,12,-0.0034439534025555232,-0.06752719271795123,structural_group,unstratified,8675309
924,12,-0.006246033357254349,-0.017329052820119872,structural_group,unstratified,8675309
925,12,-0.036226347372473364,-0.1832958167173464,structural_group,unstratified,8675309
926,12,0.0,-0.009502295779640868,structural_group,unstratified,8675309
927,12,-0.010676065736833856,-0.023462745854390007,structural_group,unstratified,8675309
928,12,-0.00032093672392834866,-0.11491332577711433,structural_group,unstratified,8675309
929,12,-0.00032093672392834866,-0.00956653341688164,structural_group,unstratified,8675309
930,12,0.0,-0.11106239683418949,structural_group,unstratified,8675309
931,12,-0.005658969592345277,-0.07198176127430003,structural_group,unstratified,8675309
932,12,0.0,-0.060314212159421926,structural_group,unstratified,8675309
933,12,-0.00032093672392834866,-0.011000731858538294,structural_group,unstratified,8675309
934,12,-0.0034439534025555232,-0.07126039456964725,structural_group,unstratified,8675309
935,12,-0.0034439534025555232,-0.01698153112157141,structural_group,unstratified,8675309
936,12,-0.021288940384876134,-0.12723377699786306,structural_group,unstratified,8675309
937,12,-0.010676065736833856,-0.07303567453270715,structural_group,unstratified,8675309
938,12,0.0,-0.010368049789727418,structural_group,unstratified,8675309
939,12,0.0,-0.018176962643879493,structural_group,unstratified,8675309
940,12,0.0,-0.06817986247934466,structural_group,unstratified,8675309
941,12,-0.00032093672392834866,-0.0032896629652043956,structural_group,unstratified,8675309
942,12,-0.005658969592345277,-0.06654574915451024,structural_group,unstratified,8675309
943,12,-0.0034439534025555232,-0.06805237113886178,structural_group,unstratified,8675309
944,12,-0.006246033357254349,-0.06399651394464294,structural_group,unstratified,8675309
945,12,0.0,-0.11190325516607692,structural_group,unstratified,8675309
946,12,-0.015950907516459206,-0.022629155349495497,structural_group,unstratified,8675309
947,12,-0.00032093672392834866,-0.011816506678951533,structural_group,unstratified,8675309
948,12,0.0,-0.006404518076311049,structural_group,unstratified,8675309
949,12,-0.00032093672392834866,-0.015748196604796344,structural_group,unstratified,8675309
950,12,-0.0006418734478566973,-0.059397663465360066,structural_group,unstratified,8675309
951,12,-0.0034439534025555232,-0.020126463484243778,structural_group,unstratified,8675309
952,12,-0.008461049547044103,-0.07193730138497022,structural_group,unstratified,8675309
953,12,-0.0034439534025555232,-0.1132958467505802,structural_group,unstratified,8675309
954,12,0.0,-0.06144065434302363,structural_group,unstratified,8675309
955,12,0.0,-0.007364313973335531,structural_group,unstratified,8675309
956,12,-0.008461049547044103,-0.017466127787358645,structural_group,unstratified,8675309
957,12,-0.021288940384876134,-0.12658087489199243,structural_group,unstratified,8675309
958,12,-0.005658969592345277,-0.06724160886623698,structural_group,unstratified,8675309
959,12,-0.00032093672392834866,-0.0058885855551795195,structural_group,unstratified,8675309
960,12,-0.00032093672392834866,-0.012414522429860091,structural_group,unstratified,8675309
961,12,-0.010676065736833856,-0.06804038315952743,structural_group,unstratified,8675309
962,12,-0.0031230166786271746,-0.013493547701587089,structural_group,unstratified,8675309
963,12,-0.010676065736833856,-0.026880267795109134,structural_group,unstratified,8675309
964,12,-0.00032093672392834866,-0.06208126006475645,structural_group,unstratified,8675309
965,12,-0.0034439534025555232,-0.11397919374304834,structural_group,unstratified,8675309
966,12,0.0,-0.05834514710792693,structural_group,unstratified,8675309
967,12,-0.021288940384876134,-0.0771251380505034,structural_group,unstratified,8675309
968,12,-0.008461049547044103,-0.01988969344537823,structural_group,unstratified,8675309
969,12,-0.0034439534025555232,-0.018452246991938984,structural_group,unstratified,8675309
970,12,-0.0034439534025555232,-0.008318223755312456,structural_group,unstratified,8675309
971,12,-0.010676065736833856,-0.06834901157863217,structural_group,unstratified,8675309
972,12,-0.005338032868416928,-0.062208983749716514,structural_group,unstratified,8675309
973,12,-0.010676065736833856,-0.07021566798079072,structural_group,unstratified,8675309
974,12,-0.005658969592345277,-0.11854224349084698,structural_group,unstratified,8675309
975,12,-0.006246033357254349,-0.06256751588404985,structural_group,unstratified,8675309
976,12,-0.02339845653464133,-0.13126692653134048,structural_group,unstratified,8675309
977,12,-0.008461049547044103,-0.06587380757743312,structural_group,unstratified,8675309
978,12,-0.03190181503291841,-0.17932584482678485,structural_group,unstratified,8675309
979,12,-0.006246033357254349,-0.06699481291146676,structural_group,unstratified,8675309
980,12,-0.021288940384876134,-0.22405111744913864,structural_group,unstratified,8675309
981,12,-0.0006418734478566973,-0.06888248128749652,structural_group,unstratified,8675309
982,12,-0.00032093672392834866,-0.010790708608680434,structural_group,unstratified,8675309
983,12,-0.010676065736833856,-0.01836047557323416,structural_group,unstratified,8675309
984,12,-0.006246033357254349,-0.06885615797994067,structural_group,unstratified,8675309
985,12,-0.006246033357254349,-0.013570955290224755,structural_group,unstratified,8675309
986,12,-0.010676065736833856,-0.07156963430347894,structural_group,unstratified,8675309
987,12,-0.006246033357254349,-0.1191891840072253,structural_group,unstratified,8675309
988,12,0.0,-0.005502333212316333,structural_group,unstratified,8675309
989,12,-0.00032093672392834866,-0.001525526165003376,structural_group,unstratified,8675309
990,12,-0.0034439534025555232,-0.11964317868152263,structural_group,unstratified,8675309
991,12,0.0,-0.06378115922771671,structural_group,unstratified,8675309
992,12,0.0,-0.06138716488903558,structural_group,unstratified,8675309
993,12,-0.02339845653464133,-0.02657710060339079,structural_group,unstratified,8675309
994,12,-0.006246033357254349,-0.018374734020801625,structural_group,unstratified,8675309
995,12,-0.021288940384876134,-0.024316990472795143,structural_group,unstratified,8675309
996,12,-0.008461049547044103,-0.06932599583605457,structural_group,unstratified,8675309
997,12,0.0,-0.012908807284575122,structural_group,unstratified,8675309
998,12,-0.0031230166786271746,-0.013261453303860901,structural_group,unstratified,8675309
999,12,-0.006246033357254349,-0.06669708256931649,structural_group,unstratified,8675309
1000,12,-0.0031230166786271746,-0.06834816791942804,structural_group,unstratified,8675309
1001,12,0.0,-0.012132186589928436,structural_group,unstratified,8675309
1002,12,-0.0034439534025555232,-0.06389421067780618,structural_group,unstratified,8675309
1003,12,0.0,0.00014913900689937412,structural_group,unstratified,8675309
1004,12,-0.0034439534025555232,-0.06389421067780618,structural_group,unstratified,8675309
1005,12,-0.005658969592345277,-0.06522373000189328,structural_group,unstratified,8675309
1006,12,-0.010676065736833856,-0.17458286788839103,structural_group,unstratified,8675309
1007,12,-0.05477133693621747,-0.24349230178553957,structural_group,unstratified,8675309
1008,12,-0.00032093672392834866,-0.06113788213091146,structural_group,unstratified,8675309
1009,12,-0.00032093672392834866,-0.006262430561283838,structural_group,unstratified,8675309
1010,12,-0.03190181503291841,-0.07432271483859108,structural_group,unstratified,8675309
1011,12,-0.03190181503291841,-0.13007554216881706,structural_group,unstratified,8675309
1012,12,0.0,-0.11416397661139954,structural_group,unstratified,8675309
1013,12,-0.00032093672392834866,-0.05849648052273316,structural_group,unstratified,8675309
1014,12,0.0,-0.16237784396846458,structural_group,unstratified,8675309
1015,12,0.0,-0.006215013649409133,structural_group,unstratified,8675309
1016,12,0.0,-0.11638905419527035,structural_group,unstratified,8675309
1017,12,-0.01907392419508638,-0.12023029494926742,structural_group,unstratified,8675309
1018,12,-0.006246033357254349,-0.016725413206695922,structural_group,unstratified,8675309
1019,12,-0.0006418734478566973,-0.01416994858468279,structural_group,unstratified,8675309
1020,12,-0.021288940384876134,-0.0229663775443892,structural_group,unstratified,8675309
1021,12,-0.0031230166786271746,-0.012171528548970115,structural_group,unstratified,8675309
1022,12,0.0,0.0006635692445572175,structural_group,unstratified,8675309
1023,12,0.0,-0.008809260598244897,structural_group,unstratified,8675309
1024,12,-0.0031230166786271746,-0.01647177652505293,structural_group,unstratified,8675309
1025,12,0.0,-0.05320177033172354,structural_group,unstratified,8675309
1026,12,-0.0034439534025555232,-0.06805007134845524,structural_group,unstratified,8675309
1027,12,-0.0034439534025555232,-0.018386244818692363,structural_group,unstratified,8675309
1028,12,0.0,-0.005862367630123354,structural_group,unstratified,8675309
1029,12,-0.0006418734478566973,-0.01460599369015349,structural_group,unstratified,8675309
1030,12,-0.005338032868416928,-0.06527491966547479,structural_group,unstratified,8675309
1031,12,-0.01907392419508638,-0.12635846868319403,structural_group,unstratified,8675309
1032,12,0.0,-0.060557054740400816,structural_group,unstratified,8675309
1033,12,-0.005338032868416928,-0.061984813004912265,structural_group,unstratified,8675309
1034,12,-0.010676065736833856,-0.12059478867309299,structural_group,unstratified,8675309
1035,12,-0.015950907516459206,-0.12583796590342286,structural_group,unstratified,8675309
1036,12,-0.00032093672392834866,-0.02168984174206291,structural_group,unstratified,8675309
1037,12,-0.020596376579942503,-0.1744721162287081,structural_group,unstratified,8675309
1038,12,-0.021288940384876134,-0.07169380157185298,structural_group,unstratified,8675309
1039,12,-0.00032093672392834866,-0.06777708679080229,structural_group,unstratified,8675309
1040,12,-0.021288940384876134,-0.17629819087574336,structural_group,unstratified,8675309
1041,12,-0.016271844240387554,-0.07741777339408983,structural_group,unstratified,8675309
1042,12,-0.03190181503291841,-0.13126191398355205,structural_group,unstratified,8675309
1043,12,-0.021288940384876134,-0.0736827204315852,structural_group,unstratified,8675309
1044,12,-0.0034439534025555232,-0.016260775731645586,structural_group,unstratified,8675309
1045,12,-0.03190181503291841,-0.127997489993645,structural_group,unstratified,8675309
1046,12,0.0,-0.11558059171305209,structural_group,unstratified,8675309
1047,12,-0.00032093672392834866,-0.0078146930008184,structural_group,unstratified,8675309
1048,12,-0.006246033357254349,-0.07100427665477176,structural_group,unstratified,8675309
1049,12,-0.01907392419508638,-0.021110731578015518,structural_group,unstratified,8675309
1050,12,-0.0006418734478566973,-0.012847929432065822,structural_group,unstratified,8675309
1051,12,-0.0006418734478566973,-0.06522090547156251,structural_group,unstratified,8675309
1052,12,0.0,-0.009762110385896909,structural_group,unstratified,8675309
1053,12,-0.0034439534025555232,-0.06981888378979562,structural_group,unstratified,8675309
1054,12,-0.0006418734478566973,-0.06177787653791733,structural_group,unstratified,8675309
1055,12,0.0,-0.015567291870651657,structural_group,unstratified,8675309
1056,12,-0.0031230166786271746,-0.008609007988090266,structural_group,unstratified,8675309
1057,12,0.0,0.0011305825703403552,structural_group,unstratified,8675309
1058,12,-0.00032093672392834866,-0.16991294461511597,structural_group,unstratified,8675309
1059,12,-0.0031230166786271746,-0.12262703136750386,structural_group,unstratified,8675309
1060,12,-0.0034439534025555232,-0.01830416158891534,structural_group,unstratified,8675309
1061,12,0.0,-0.008367142950660848,structural_group,unstratified,8675309
1062,12,-0.0031230166786271746,-0.01526236014292747,structural_group,unstratified,8675309
1063,12,-0.021288940384876134,-0.07645787211456566,structural_group,unstratified,8675309
1064,12,-0.006246033357254349,-0.017449155762081503,structural_group,unstratified,8675309
1065,12,0.0,-0.05809140504378424,structural_group,unstratified,8675309
1066,12,-0.010676065736833856,-0.12732890181085016,structural_group,unstratified,8675309
1067,12,-0.00032093672392834866,-0.05860583528144208,structural_group,unstratified,8675309
1068,12,-0.016271844240387554,-0.12043054755942202,structural_group,unstratified,8675309
1069,12,0.0,-0.005166956597994578,structural_group,unstratified,8675309
1070,12,-0.00032093672392834866,-0.06135521771896432,structural_group,unstratified,8675309
1071,12,-0.00032093672392834866,-0.11065494550450776,structural_group,unstratified,8675309
1072,12,0.0,-0.011900092192202248,structural_group,unstratified,8675309
1073,12,-0.0006418734478566973,-0.060165073152522563,structural_group,unstratified,8675309
1074,12,-0.010676065736833856,-0.12393936233119303,structural_group,unstratified,8675309
1075,12,-0.008461049547044103,-0.07379938752848912,structural_group,unstratified,8675309
1076,12,-0.03190181503291841,-0.18449966648958582,structural_group,unstratified,8675309
1077,12,-0.04055087971202831,-0.08428869348145707,structural_group,unstratified,8675309
1078,12,-0.008461049547044103,-0.007104469459024505,structural_group,unstratified,8675309
1079,12,-0.00032093672392834866,-0.06611701779344388,structural_group,unstratified,8675309
1080,12,-0.010676065736833856,-0.12422133053609284,structural_group,unstratified,8675309
1081,12,-0.036226347372473364,-0.08394740696015095,structural_group,unstratified,8675309
1082,12,-0.0034439534025555232,-0.0673293159585294,structural_group,unstratified,8675309
1083,12,-0.0034439534025555232,-0.11434836310801333,structural_group,unstratified,8675309
1084,12,-0.00032093672392834866,-0.008275633784488185,structural_group,unstratified,8675309
1085,12,-0.010676065736833856,-0.17877057034661162,structural_group,unstratified,8675309
1086,12,0.0,-0.06089058024391399,structural_group,unstratified,8675309
1087,12,-0.03190181503291841,-0.02925784417061078,structural_group,unstratified,8675309
1088,12,-0.04055087971202831,-0.1327522385762524,structural_group,unstratified,8675309
1089,12,-0.021288940384876134,-0.12678112750214707,structural_group,unstratified,8675309
1090,12,-0.036226347372473364,-0.22974087163307103,structural_group,unstratified,8675309
1091,12,-0.021288940384876134,-0.018057919696242774,structural_group,unstratified,8675309
1092,12,-0.0031230166786271746,-0.11075278946532592,structural_group,unstratified,8675309
1093,12,-0.021288940384876134,-0.07641959014984888,structural_group,unstratified,8675309
1094,12,-0.0006418734478566973,-0.01489157754186774,structural_group,unstratified,8675309
1095,12,-0.006246033357254349,-0.07276295222758637,structural_group,unstratified,8675309
1096,12,0.0,-0.0010562130488136815,structural_group,unstratified,8675309
1097,12,-0.0006418734478566973,-0.06686230263274627,structural_group,unstratified,8675309
1098,12,-0.00032093672392834866,-0.01091020023591511,structural_group,unstratified,8675309
1099,12,0.0,-0.062484035753298826,structural_group,unstratified,8675309
1100,12,-0.010676065736833856,-0.06982941563792754,structural_group,unstratified,8675309
1101,12,-0.0034439534025555232,-0.061226037902801844,structural_group,unstratified,8675309
1102,12,-0.008461049547044103,-0.06704135625608236,structural_group,unstratified,8675309
1103,12,-0.006246033357254349,-0.06862406358221447,structural_group,unstratified,8675309
1104,12,0.0,-0.06295104907908196,structural_group,unstratified,8675309
1105,12,0.0,-0.12317948131734631,structural_group,unstratified,8675309
1106,12,-0.0031230166786271746,-0.11904753878134688,structural_group,unstratified,8675309
1107,12,-0.006246033357254349,-0.12162623992805292,structural_group,unstratified,8675309
1108,12,-0.008461049547044103,-0.07255575350805929,structural_group,unstratified,8675309
1109,12,-0.005658969592345277,-0.1738025505023638,structural_group,unstratified,8675309
1110,12,-0.005338032868416928,-0.025969053366456177,structural_group,unstratified,8675309
1111,12,0.0,-0.005368082775408324,structural_group,unstratified,8675309
1112,12,-0.025613472724431083,-0.1309129646556468,structural_group,unstratified,8675309
1113,12,-0.005338032868416928,-0.0701345637007725,structural_group,unstratified,8675309
1114,12,-0.0034439534025555232,-0.06677634126876275,structural_group,unstratified,8675309
1115,12,-0.0034439534025555232,-0.061946793292727675,structural_group,unstratified,8675309
1116,12,-0.00032093672392834866,-0.009585356552967378,structural_group,unstratified,8675309
1117,12,-0.010676065736833856,-0.06552222155247227,structural_group,unstratified,8675309
1118,12,-0.036226347372473364,-0.08440834774382072,structural_group,unstratified,8675309
1119,12,-0.0034439534025555232,-0.11822656357987005,structural_group,unstratified,8675309
1120,12,0.0,-0.059653018765597525,structural_group,unstratified,8675309
1121,12,0.0,-0.004151720283910393,structural_group,unstratified,8675309
1122,12,-0.0006418734478566973,-0.016817684987506614,structural_group,unstratified,8675309
1123,12,-0.0034439534025555232,-0.009632319255007477,structural_group,unstratified,8675309
1124,12,-0.0034439534025555232,-0.012581063333937617,structural_group,unstratified,8675309
1125,12,-0.008461049547044103,-0.018040120021117895,structural_group,unstratified,8675309
1126,12,0.0,-0.009415200002075403,structural_group,unstratified,8675309
1127,12,0.0,-0.014990923786159599,structural_group,unstratified,8675309
1128,12,-0.0006418734478566973,-0.01341117348257236,structural_group,unstratified,8675309
1129,12,-0.036226347372473364,-0.08435485828983265,structural_group,unstratified,8675309
1130,12,0.0,-0.1141686522525389,structural_group,unstratified,8675309
1131,12,0.0,-0.0076607513908021835,structural_group,unstratified,8675309
1132,12,-0.0031230166786271746,-0.06347155185885317,structural_group,unstratified,8675309
1133,12,-0.010676065736833856,-0.12606622831921382,structural_group,unstratified,8675309
1134,12,-0.036226347372473364,-0.07920118200997454,structural_group,unstratified,8675309
1135,12,-0.010676065736833856,-0.06853229216350966,structural_group,unstratified,8675309
1136,12,0.0,0.00013839082364666168,structural_group,unstratified,8675309
1137,12,-0.036226347372473364,-0.030125257334203487,structural_group,unstratified,8675309
1138,12,-0.021288940384876134,-0.028720153030441665,structural_group,unstratified,8675309
1139,12,0.0,-0.05745547496319078,structural_group,unstratified,8675309
1140,12,-0.021288940384876134,-0.17583117754996022,structural_group,unstratified,8675309
1141,12,-0.010676065736833856,-0.17400887565463177,structural_group,unstratified,8675309
1142,12,-0.021288940384876134,-0.07136613368154172,structural_group,unstratified,8675309
1143,12,0.0,-0.0044354530248160405,structural_group,unstratified,8675309
1144,12,-0.01907392419508638,-0.07092650283731157,structural_group,unstratified,8675309
1145,12,-0.0006418734478566973,-0.056798740875384945,structural_group,unstratified,8675309
1146,12,-0.006246033357254349,-0.018890666541933155,structural_group,unstratified,8675309
1147,12,-0.010676065736833856,-0.0679582999297504,structural_group,unstratified,8675309
1148,12,-0.006246033357254349,-0.07031079279377785,structural_group,unstratified,8675309
1149,12,-0.005338032868416928,-0.16955668294901574,structural_group,unstratified,8675309
1150,12,-0.0031230166786271746,-0.015486530887731706,structural_group,unstratified,8675309
1151,12,0.0,-0.00947837764499126,structural_group,unstratified,8675309
1152,12,-0.006246033357254349,-0.014042644257147253,structural_group,unstratified,8675309
1153,12,-0.010676065736833856,-0.07624599775389919,structural_group,unstratified,8675309
1154,12,-0.01907392419508638,-0.12105802924716934,structural_group,unstratified,8675309
1155,12,-0.0034439534025555232,-0.06308574819558795,structural_group,unstratified,8675309
1156,12,-0.005658969592345277,-0.008929147205085745,structural_group,unstratified,8675309
1157,12,-0.005338032868416928,-0.016945625007587447,structural_group,unstratified,8675309
1158,12,-0.00032093672392834866,-0.11670703389665378,structural_group,unstratified,8675309
1159,12,-0.010676065736833856,-0.014639786440796693,structural_group,unstratified,8675309
1160,12,-0.00032093672392834866,-0.11028577613954281,structural_group,unstratified,8675309
1161,12,-0.00032093672392834866,-0.10972699139505482,structural_group,unstratified,8675309
1162,12,0.0,-0.004907141991738538,structural_group,unstratified,8675309
1163,12,-0.01907392419508638,-0.17468776334108138,structural_group,unstratified,8675309
1164,12,-0.010676065736833856,-0.1241188109341353,structural_group,unstratified,8675309
1165,12,-0.0034439534025555232,-0.012055884913027061,structural_group,unstratified,8675309
1166,12,-0.021288940384876134,-0.02066676281962287,structural_group,unstratified,8675309
1167,12,0.0,-0.06072597149521116,structural_group,unstratified,8675309
1168,12,-0.00032093672392834866,-0.06695320048419197,structural_group,unstratified,8675309
1169,12,0.0,-0.010778325649739906,structural_group,unstratified,8675309
1170,12,-0.0006418734478566973,-0.004856609560295371,structural_group,unstratified,8675309
1171,12,-0.008461049547044103,-0.11641500986779435,structural_group,unstratified,8675309
1172,12,-0.0031230166786271746,-0.01704814460954499,structural_group,unstratified,8675309
1173,12,-0.00032093672392834866,-0.06551168970434033,structural_group,unstratified,8675309
1174,12,-0.008461049547044103,-0.11840799305393897,structural_group,unstratified,8675309
1175,12,-0.006246033357254349,-0.06680176168688605,structural_group,unstratified,8675309
1176,12,-0.006246033357254349,-0.00922486792532575,structural_group,unstratified,8675309
1177,12,-0.008461049547044103,-0.1200014485633238,structural_group,unstratified,8675309
1178,12,-0.008461049547044103,-0.06941143246011387,structural_group,unstratified,8675309
1179,12,-0.006246033357254349,-0.06418261905985119,structural_group,unstratified,8675309
1180,12,0.0,-0.003601646184800747,structural_group,unstratified,8675309
1181,12,-0.0034439534025555232,-0.01947171026756457,structural_group,unstratified,8675309
1182,12,-0.016271844240387554,-0.07487701589924212,structural_group,unstratified,8675309
1183,12,-0.008461049547044103,-0.020252027653591808,structural_group,unstratified,8675309
1184,12,-0.03190181503291841,-0.07973480882373125,structural_group,unstratified,8675309
1185,12,-0.010676065736833856,-0.026826778341121075,structural_group,unstratified,8675309
1186,12,-0.0034439534025555232,-0.11513573198591272,structural_group,unstratified,8675309
1187,12,-0.02339845653464133,-0.0781896423872709,structural_group,unstratified,8675309
1188,12,-0.00032093672392834866,-0.05590906873064878,structural_group,unstratified,8675309
1189,12,-0.008461049547044103,-0.07128254816829101,structural_group,unstratified,8675309
1190,12,-0.00032093672392834866,-0.0610332030133419,structural_group,unstratified,8675309
1191,12,-0.005658969592345277,-0.016803537492560236,structural_group,unstratified,8675309
1192,12,-0.006246033357254349,-0.06784981873830061,structural_group,unstratified,8675309
1193,12,-0.006246033357254349,-0.16509589055064253,structural_group,unstratified,8675309
1194,12,0.0,-0.009530015988170722,structural_group,unstratified,8675309
1195,12,-0.04055087971202831,-0.13686535797616606,structural_group,unstratified,8675309
1196,12,-0.03190181503291841,-0.027672312314147893,structural_group,unstratified,8675309
1197,12,-0.01907392419508638,-0.17107405311661997,structural_group,unstratified,8675309
1198,12,-0.00032093672392834866,-0.056370009514318566,structural_group,unstratified,8675309
1199,12,-0.036226347372473364,-0.08223490850312938,structural_group,unstratified,8675309
1200,12,0.0,-0.009246283247265072,structural_group,unstratified,8675309
1201,12,-0.010676065736833856,-0.014995831771776137,structural_group,unstratified,8675309
1202,12,-0.0006418734478566973,-0.06414795274194886,structural_group,unstratified,8675309
1203,12,-0.00032093672392834866,-0.002466387973321032,structural_group,unstratified,8675309
1204,12,-0.03190181503291841,-0.17684728743130354,structural_group,unstratified,8675309
1205,12,-0.025613472724431083,-0.07134160423216517,structural_group,unstratified,8675309
1206,12,-0.008461049547044103,-0.0681631227985447,structural_group,unstratified,8675309
1207,12,0.0,-0.06131931160498036,structural_group,unstratified,8675309
1208,12,-0.00032093672392834866,-0.06030169944016337,structural_group,unstratified,8675309
1209,12,-0.008461049547044103,-0.17473420130319728,structural_group,unstratified,8675309
1210,12,0.0,-0.019383554495674193,structural_group,unstratified,8675309
1211,12,0.0,-0.11153408580111196,structural_group,unstratified,8675309
1212,12,-0.006246033357254349,-0.018223400605995387,structural_group,unstratified,8675309
1213,12,-0.00032093672392834866,-0.0037681870888782738,structural_group,unstratified,8675309
1214,12,-0.03190181503291841,-0.13224475444796702,structural_group,unstratified,8675309
1215,12,-0.01907392419508638,-0.12202400306880685,structural_group,unstratified,8675309
1216,12,-0.036226347372473364,-0.13653954119666342,structural_group,unstratified,8675309
1217,12,-0.01907392419508638,-0.024201563171972872,structural_group,unstratified,8675309
1218,12,-0.006246033357254349,-0.012290803841084011,structural_group,unstratified,8675309
1219,12,-0.00032093672392834866,-0.010184769204849927,structural_group,unstratified,8675309
1220,12,-0.010676065736833856,-0.06616221595947812,structural_group,unstratified,8675309
1221,12,0.0,-0.00620426546615642,structural_group,unstratified,8675309
1222,12,-0.006246033357254349,-0.11699076663755946,structural_group,unstratified,8675309
1223,12,0.0,-0.019129812431531504,structural_group,unstratified,8675309
1224,12,-0.005658969592345277,-0.017351311801263324,structural_group,unstratified,8675309
1225,12,-0.0034439534025555232,-0.014640660008055808,structural_group,unstratified,8675309
1226,12,0.0,-0.019970670763418963,structural_group,unstratified,8675309
1227,12,-0.0034439534025555232,-0.06508665503465451,structural_group,unstratified,8675309
1228,12,-0.01907392419508638,-0.12323568991916545,structural_group,unstratified,8675309
1229,12,-0.0006418734478566973,-0.011339805164240596,structural_group,unstratified,8675309
1230,12,-0.03190181503291841,-0.17868717266663606,structural_group,unstratified,8675309
1231,12,-0.01907392419508638,-0.0820166238733727,structural_group,unstratified,8675309
1232,12,-0.0006418734478566973,-0.01789063771712026,structural_group,unstratified,8675309
1233,12,-0.006246033357254349,-0.011042710514635611,structural_group,unstratified,8675309
1234,12,-0.005658969592345277,-0.11819004615115918,structural_group,unstratified,8675309
1235,12,-0.0034439534025555232,-0.06117254844881379,structural_group,unstratified,8675309
1236,12,-0.021288940384876134,-0.02172274352395938,structural_group,unstratified,8675309
1237,12,-0.0034439534025555232,-0.12173559468676186,structural_group,unstratified,8675309
1238,12,0.0,-0.002671316224615021,structural_group,unstratified,8675309
1239,12,-0.00032093672392834866,-0.008395736726449816,structural_group,unstratified,8675309
1240,12,-0.0031230166786271746,-0.16659326663521504,structural_group,unstratified,8675309
1241,12,-0.0006418734478566973,-0.06183136599190541,structural_group,unstratified,8675309
1242,12,-0.005658969592345277,-0.07096229799867444,structural_group,unstratified,8675309
1243,12,-0.0031230166786271746,-0.16789039010963291,structural_group,unstratified,8675309
1244,12,-0.008461049547044103,-0.01602224115677419,structural_group,unstratified,8675309
1245,12,-0.021288940384876134,-0.12865831575243755,structural_group,unstratified,8675309
1246,12,-0.006246033357254349,-0.1663930140250604,structural_group,unstratified,8675309
1247,12,-0.005338032868416928,-0.12464552154657453,structural_group,unstratified,8675309
1248,12,-0.008461049547044103,-0.01685235130540894,structural_group,unstratified,8675309
1249,12,0.0,-0.010578073039585278,structural_group,unstratified,8675309
1250,12,-0.00032093672392834866,-0.007215280348935851,structural_group,unstratified,8675309
1251,12,-0.021288940384876134,-0.17533828959621914,structural_group,unstratified,8675309
1252,12,-0.04055087971202831,-0.18532422742982205,structural_group,unstratified,8675309
1253,12,0.0,-0.010961389899496613,structural_group,unstratified,8675309
1254,12,-0.006246033357254349,-0.06318805146242469,structural_group,unstratified,8675309
1255,12,-0.010676065736833856,-0.02326893342138059,structural_group,unstratified,8675309
1256,12,-0.0034439534025555232,-0.013231357244598244,structural_group,unstratified,8675309
1257,12,-0.005338032868416928,-0.017417313974509945,structural_group,unstratified,8675309
1258,12,-0.0031230166786271746,-0.024407439644642894,structural_group,unstratified,8675309
1259,12,-0.0034439534025555232,-0.00798360975562873,structural_group,unstratified,8675309
1260,12,-0.008461049547044103,-0.16857980964421446,structural_group,unstratified,8675309
1261,12,-0.006246033357254349,-0.01418235592144166,structural_group,unstratified,8675309
1262,12,0.0,-0.06284852947712442,structural_group,unstratified,8675309
1263,12,0.0,-0.0073990856737375455,structural_group,unstratified,8675309
1264,12,-0.00032093672392834866,-0.05638075769757128,structural_group,unstratified,8675309
1265,12,-0.008461049547044103,-0.06960700942912913,structural_group,unstratified,8675309
1266,12,-0.006246033357254349,-0.015381635435041362,structural_group,unstratified,8675309
1267,12,0.0,-0.060036551960629625,structural_group,unstratified,8675309
1268,12,-0.00032093672392834866,-0.0655116897043403,structural_group,unstratified,8675309
1269,12,0.0,-0.05456920398549555,structural_group,unstratified,8675309
1270,12,-0.0031230166786271746,-0.01289228393889594,structural_group,unstratified,8675309
1271,12,-0.021288940384876134,-0.0714400595077103,structural_group,unstratified,8675309
1272,12,0.0,-0.05917525725656166,structural_group,unstratified,8675309
1273,12,-0.00032093672392834866,-0.06467083137245287,structural_group,unstratified,8675309
1274,12,-0.0006418734478566973,-0.12172484650350913,structural_group,unstratified,8675309
1275,12,-0.00032093672392834866,-0.11028577613954278,structural_group,unstratified,8675309
1276,12,-0.0034439534025555232,-0.11508224253192467,structural_group,unstratified,8675309
1277,12,-0.0031230166786271746,-0.07036665809849868,structural_group,unstratified,8675309
1278,12,-0.021288940384876134,-0.07069538598313486,structural_group,unstratified,8675309
1279,12,-0.0006418734478566973,-0.11546339987622396,structural_group,unstratified,8675309
1280,12,0.0,-0.06196353297352763,structural_group,unstratified,8675309
1281,12,-0.0006418734478566973,-0.00429336550978883,structural_group,unstratified,8675309
1282,12,-0.005658969592345277,-0.17209974023427,structural_group,unstratified,8675309
1283,12,-0.03190181503291841,-0.1296824546692025,structural_group,unstratified,8675309
1284,12,-0.0006418734478566973,-0.010703875083647132,structural_group,unstratified,8675309
1285,12,-0.005658969592345277,-0.07564896095274944,structural_group,unstratified,8675309
1286,12,-0.0034439534025555232,-0.06187572049873553,structural_group,unstratified,8675309
1287,12,-0.0034439534025555232,-0.010705271984621123,structural_group,unstratified,8675309
1288,12,-0.0034439534025555232,-0.170785644734575,structural_group,unstratified,8675309
1289,12,0.0,-0.00437589102871463,structural_group,unstratified,8675309
1290,12,-0.005658969592345277,-0.22464630866971647,structural_group,unstratified,8675309
1291,12,0.0,-0.05496590713192456,structural_group,unstratified,8675309
1292,12,-0.021288940384876134,-0.020796553950512307,structural_group,unstratified,8675309
1293,12,0.0,-0.014523910460376462,structural_group,unstratified,8675309
1294,12,0.0,-0.11332779392065144,structural_group,unstratified,8675309
1295,12,-0.01907392419508638,-0.06997401927848208,structural_group,unstratified,8675309
1296,12,-0.006246033357254349,-0.019324947111398,structural_group,unstratified,8675309
1297,12,0.0,-0.06416107677593438,structural_group,unstratified,8675309
1298,12,-0.006246033357254349,-0.07444968143914972,structural_group,unstratified,8675309
1299,12,0.0,-0.05876334662086136,structural_group,unstratified,8675309
1300,12,-0.01907392419508638,-0.07247736837587214,structural_group,unstratified,8675309
1301,12,-0.03190181503291841,-0.1779737296149052,structural_group,unstratified,8675309
1302,12,-0.01907392419508638,-0.07325161321978603,structural_group,unstratified,8675309
1303,12,-0.006246033357254349,-0.06251165057932899,structural_group,unstratified,8675309
1304,12,-0.00032093672392834866,-0.010863656891299521,structural_group,unstratified,8675309
1305,12,0.0,-0.018056859701917862,structural_group,unstratified,8675309
1306,12,-0.0031230166786271746,-0.11739821796724119,structural_group,unstratified,8675309
1307,12,-0.0006418734478566973,-0.00878829948614018,structural_group,unstratified,8675309
1308,12,-0.006246033357254349,-0.17271808697485938,structural_group,unstratified,8675309
1309,12,-0.00032093672392834866,-0.06197406482165957,structural_group,unstratified,8675309
1310,12,-0.05044680459666252,-0.09111394955656434,structural_group,unstratified,8675309
1311,12,0.0,-0.004555555966777672,structural_group,unstratified,8675309
1312,12,-0.00032093672392834866,-0.0546119452562309,structural_group,unstratified,8675309
1313,12,-0.03190181503291841,-0.22540640601868392,structural_group,unstratified,8675309
1314,12,-0.0034439534025555232,-0.02007297403025572,structural_group,unstratified,8675309
1315,12,0.0,-0.005002715484323608,structural_group,unstratified,8675309
1316,12,-0.0034439534025555232,-0.007983609755628729,structural_group,unstratified,8675309
1317,12,0.0,-0.005502333212316333,structural_group,unstratified,8675309
1318,12,-0.021288940384876134,-0.0698091956008678,structural_group,unstratified,8675309
1319,12,-0.010676065736833856,-0.12281115561158547,structural_group,unstratified,8675309
1320,12,-0.005338032868416928,-0.06826107214186257,structural_group,unstratified,8675309
1321,12,-0.010676065736833856,-0.013743674118915328,structural_group,unstratified,8675309
1322,12,-0.008461049547044103,-0.02046836132027684,structural_group,unstratified,8675309
1323,12,-0.0006418734478566973,-0.009483285630607798,structural_group,unstratified,8675309
1324,12,-0.008461049547044103,-0.016849975454676133,structural_group,unstratified,8675309
1325,12,-0.04055087971202831,-0.08377849020534062,structural_group,unstratified,8675309
1326,12,-0.0034439534025555232,-0.1178208767861942,structural_group,unstratified,8675309
1327,12,-0.03190181503291841,-0.13275284989097932,structural_group,unstratified,8675309
1328,12,-0.010676065736833856,-0.12101744749204602,structural_group,unstratified,8675309
1329,12,-0.006246033357254349,-0.06298779885227007,structural_group,unstratified,8675309
1330,12,-0.0034439534025555232,-0.010336102619656163,structural_group,unstratified,8675309
1331,12,0.0,-0.12188235784292845,structural_group,unstratified,8675309
1332,12,-0.021288940384876134,-0.07455480923631726,structural_group,unstratified,8675309
1333,12,-0.010676065736833856,-0.0741126915887332,structural_group,unstratified,8675309
1334,12,-0.010676065736833856,-0.06922815187523639,structural_group,unstratified,8675309
1335,12,-0.0006418734478566973,-0.020380205548386463,structural_group,unstratified,8675309
1336,12,-0.006246033357254349,-0.06857057412822642,structural_group,unstratified,8675309
1337,12,-0.0034439534025555232,-0.013169944137688237,structural_group,unstratified,8675309
1338,12,-0.006246033357254349,-0.01400375097770353,structural_group,unstratified,8675309
1339,12,-0.03190181503291841,-0.1737884030074174,structural_group,unstratified,8675309
1340,12,0.0,-0.11376296545886304,structural_group,unstratified,8675309
1341,12,-0.005338032868416928,-0.07322539529472986,structural_group,unstratified,8675309
1342,12,-0.0034439534025555232,-0.015137244653177395,structural_group,unstratified,8675309
1343,12,-0.0031230166786271746,-0.0654023349456314,structural_group,unstratified,8675309
1344,12,0.0,-0.1067040130851527,structural_group,unstratified,8675309
1345,12,-0.00032093672392834866,-0.008171565981645581,structural_group,unstratified,8675309
1346,12,-0.03190181503291841,-0.22789367405954356,structural_group,unstratified,8675309
1347,12,-0.008461049547044103,-0.02443973011181241,structural_group,unstratified,8675309
1348,12,-0.010676065736833856,-0.06723754453982457,structural_group,unstratified,8675309
1349,12,-0.005658969592345277,-0.07126100588437422,structural_group,unstratified,8675309
1350,12,-0.021288940384876134,-0.12632018671847728,structural_group,unstratified,8675309
1351,12,-0.0006418734478566973,-0.060118418855285884,structural_group,unstratified,8675309
1352,12,0.0,-0.010314560335739359,structural_group,unstratified,8675309
1353,12,-0.008461049547044103,-0.06507229120458735,structural_group,unstratified,8675309
1354,12,-0.0006418734478566973,-0.009641670537286198,structural_group,unstratified,8675309
1355,12,-0.0031230166786271746,-0.06906953462408082,structural_group,unstratified,8675309
1356,12,-0.021288940384876134,-0.12380511189428504,structural_group,unstratified,8675309
1357,12,-0.01907392419508638,-0.22638317394098553,structural_group,unstratified,8675309
1358,12,0.0,-0.003836040372933492,structural_group,unstratified,8675309
1359,12,-0.03190181503291841,-0.030396350393873086,structural_group,unstratified,8675309
1360,12,-0.0031230166786271746,-0.013141350361899269,structural_group,unstratified,8675309
1361,12,-0.036226347372473364,-0.12921720587942523,structural_group,unstratified,8675309
1362,12,-0.0006418734478566973,-0.01206056055416642,structural_group,unstratified,8675309
1363,12,-0.008461049547044103,-0.1222730694918102,structural_group,unstratified,8675309
1364,12,-0.021288940384876134,-0.12760294636282798,structural_group,unstratified,8675309
1365,12,-0.021288940384876134,-0.0765113615685537,structural_group,unstratified,8675309
1366,12,-0.0034439534025555232,-0.015452313249427342,structural_group,unstratified,8675309
1367,12,-0.00032093672392834866,-0.011486568320407167,structural_group,unstratified,8675309
1368,12,0.0,-0.007142967758862056,structural_group,unstratified,8675309
1369,12,-0.01907392419508638,-0.22321493475839052,structural_group,unstratified,8675309
1370,12,0.0,-0.0593050483874511,structural_group,unstratified,8675309
1371,12,-0.008461049547044103,-0.06904672240116749,structural_group,unstratified,8675309
1372,12,-0.036226347372473364,-0.17956437940165623,structural_group,unstratified,8675309
1373,12,-0.0031230166786271746,-0.06468157955570558,structural_group,unstratified,8675309
1374,12,-0.0034439534025555232,-0.11678444148529148,structural_group,unstratified,8675309
1375,12,-0.036226347372473364,-0.08308210162966234,structural_group,unstratified,8675309
1376,12,-0.021288940384876134,-0.06840509321847381,structural_group,unstratified,8675309
1377,12,-0.008461049547044103,-0.06559516983509135,structural_group,unstratified,8675309
1378,12,0.0,-0.06150259218985784,structural_group,unstratified,8675309
1379,12,0.0,-0.06120388430415808,structural_group,unstratified,8675309
1380,12,-0.0006418734478566973,-0.008237351819771416,structural_group,unstratified,8675309
1381,12,-0.0006418734478566973,-0.06275932010135833,structural_group,unstratified,8675309
1382,12,0.0,-0.06250100777857596,structural_group,unstratified,8675309
1383,12,-0.006246033357254349,-0.06792374456446916,structural_group,unstratified,8675309
1384,12,-0.021288940384876134,-0.12121086494544926,structural_group,unstratified,8675309
1385,12,-0.005658969592345277,-0.012611159393200273,structural_group,unstratified,8675309
1386,12,0.0,-0.05965301876559751,structural_group,unstratified,8675309
1387,12,-0.006246033357254349,-0.07016870527875062,structural_group,unstratified,8675309
1388,12,-0.00032093672392834866,-0.006718695703814264,structural_group,unstratified,8675309
1389,12,-0.00032093672392834866,-0.01304350640108109,structural_group,unstratified,8675309
1390,12,-0.00032093672392834866,-0.015049088881287018,structural_group,unstratified,8675309
1391,12,-0.005338032868416928,-0.009372242396219276,structural_group,unstratified,8675309
1392,12,-0.0006418734478566973,-0.11735386346041106,structural_group,unstratified,8675309
1393,12,-0.025613472724431083,-0.13015569183701006,structural_group,unstratified,8675309
1394,12,-0.0006418734478566973,-0.015305101413662814,structural_group,unstratified,8675309
1395,12,-0.010676065736833856,-0.020677062323277626,structural_group,unstratified,8675309
1396,12,-0.03190181503291841,-0.029729084457935318,structural_group,unstratified,8675309
1397,12,-0.005338032868416928,-0.011836914549286391,structural_group,unstratified,8675309
1398,12,0.0,-0.11535642096824784,structural_group,unstratified,8675309
1399,12,-0.008461049547044103,-0.06878157492163375,structural_group,unstratified,8675309
1400,12,-0.008461049547044103,-0.06941143246011387,structural_group,unstratified,8675309
1401,12,-0.00032093672392834866,-0.05991370693911269,structural_group,unstratified,8675309
1402,12,-0.0006418734478566973,-0.05980273894430898,structural_group,unstratified,8675309
1403,12,-0.0034439534025555232,-0.06524482360621212,structural_group,unstratified,8675309
1404,12,-0.016271844240387554,-0.1258914553574109,structural_group,unstratified,8675309
1405,12,0.0,-0.011443827049671824,structural_group,unstratified,8675309
1406,12,-0.010676065736833856,-0.0667806680825672,structural_group,unstratified,8675309
1407,12,-0.008461049547044103,-0.02243275073063249,structural_group,unstratified,8675309
1408,12,0.0,-0.01129600389918034,structural_group,unstratified,8675309
1409,12,-0.01907392419508638,-0.02114813997547317,structural_group,unstratified,8675309
1410,12,-0.00032093672392834866,-0.06277244413534384,structural_group,unstratified,8675309
1411,12,-0.008461049547044103,-0.01829001409396896,structural_group,unstratified,8675309
1412,12,-0.00032093672392834866,-0.019671962877719204,structural_group,unstratified,8675309
1413,12,-0.0006418734478566973,-0.121257833177726,structural_group,unstratified,8675309
1414,12,-0.010676065736833856,-0.06671466590932057,structural_group,unstratified,8675309
1415,12,-0.0031230166786271746,-0.11635077223055358,structural_group,unstratified,8675309
1416,12,0.0,-0.013668904633542629,structural_group,unstratified,8675309
1417,12,-0.0034439534025555232,-0.06142391466222367,structural_group,unstratified,8675309
1418,12,-0.01907392419508638,-0.02114813997547317,structural_group,unstratified,8675309
1419,12,-0.005338032868416928,-0.06803690139705833,structural_group,unstratified,8675309
1420,12,-0.0034439534025555232,-0.007245271025698811,structural_group,unstratified,8675309
1421,12,-0.005658969592345277,-0.11378957836352536,structural_group,unstratified,8675309
1422,12,-0.006246033357254349,-0.17456766039911975,structural_group,unstratified,8675309
1423,12,-0.021288940384876134,-0.12261496732784327,structural_group,unstratified,8675309
1424,12,-0.0006418734478566973,-0.11390178615441067,structural_group,unstratified,8675309
1425,12,-0.0006418734478566973,-0.06297093220949261,structural_group,unstratified,8675309
1426,12,-0.03190181503291841,-0.07155955113494498,structural_group,unstratified,8675309
1427,12,0.0,-0.015462612753082097,structural_group,unstratified,8675309
1428,12,-0.00032093672392834866,-0.012881535755643228,structural_group,unstratified,8675309
1429,12,-0.025613472724431083,-0.12852134616769847,structural_group,unstratified,8675309
1430,12,0.0,-0.0036053428761812964,structural_group,unstratified,8675309
1431,12,-0.0034439534025555232,-0.015188434316758898,structural_group,unstratified,8675309
1432,12,-0.03190181503291841,-0.1822103512684742,structural_group,unstratified,8675309
1433,12,0.0,-0.0016746651719027502,structural_group,unstratified,8675309
1434,12,-0.036226347372473364,-0.08324362359550226,structural_group,unstratified,8675309
1435,12,-0.008461049547044103,-0.0706526906298109,structural_group,unstratified,8675309
1436,12,-0.0031230166786271746,-0.11904753878134687,structural_group,unstratified,8675309
1437,12,-0.006246033357254349,-0.012284579999059584,structural_group,unstratified,8675309
1438,12,-0.008461049547044103,-0.07091945134543941,structural_group,unstratified,8675309
1439,12,0.0,-0.12008864972338897,structural_group,unstratified,8675309
1440,12,-0.0034439534025555232,-0.010705271984621123,structural_group,unstratified,8675309
1441,12,-0.00032093672392834866,-0.0692983810100244,structural_group,unstratified,8675309
1442,12,-0.021288940384876134,-0.0787720830138763,structural_group,unstratified,8675309
1443,12,0.0,-0.057922488288973895,structural_group,unstratified,8675309
1444,12,-0.0034439534025555232,-0.009159082087199915,structural_group,unstratified,8675309
1445,12,-0.008461049547044103,-0.01674537239743282,structural_group,unstratified,8675309
1446,12,-0.010676065736833856,-0.015617165677825265,structural_group,unstratified,8675309
1447,12,-0.0034439534025555232,-0.013539113502653194,structural_group,unstratified,8675309
1448,12,-0.0031230166786271746,-0.07392917865937854,structural_group,unstratified,8675309
1449,12,-0.010676065736833856,-0.06740584997990796,structural_group,unstratified,8675309
1450,12,-0.005658969592345277,-0.07305471400391368,structural_group,unstratified,8675309
1451,12,-0.0006418734478566973,-0.00896972896020907,structural_group,unstratified,8675309
1452,12,-0.021288940384876134,-0.12632018671847725,structural_group,unstratified,8675309
1453,12,-0.008461049547044103,-0.009291481413299324,structural_group,unstratified,8675309
1454,12,-0.020596376579942503,-0.22843299997540054,structural_group,unstratified,8675309
1455,12,-0.0031230166786271746,-0.11445238499344455,structural_group,unstratified,8675309
1456,12,-0.00032093672392834866,-0.07001913639995024,structural_group,unstratified,8675309
1457,12,-0.01907392419508638,-0.07407082388525697,structural_group,unstratified,8675309
1458,12,-0.016271844240387554,-0.0683431553716396,structural_group,unstratified,8675309
1459,12,-0.03190181503291841,-0.12739216190454145,structural_group,unstratified,8675309
1460,12,-0.00032093672392834866,-0.11112663447143024,structural_group,unstratified,8675309
1461,12,-0.00032093672392834866,-0.011232826256264481,structural_group,unstratified,8675309
1462,12,-0.00032093672392834866,-0.002097218608356073,structural_group,unstratified,8675309
1463,12,-0.021288940384876134,-0.07949521425453493,structural_group,unstratified,8675309
1464,12,-0.008461049547044103,-0.0701321878500397,structural_group,unstratified,8675309
1465,12,-0.0034439534025555232,-0.05565295081577329,structural_group,unstratified,8675309
1466,12,0.0,-0.01678930754683843,structural_group,unstratified,8675309
1467,12,-0.021288940384876134,-0.12365834873811847,structural_group,unstratified,8675309
1468,12,-0.00032093672392834866,-0.07062040016264137,structural_group,unstratified,8675309
1469,12,0.0,-0.013922646697685314,structural_group,unstratified,8675309
1470,12,-0.036226347372473364,-0.17832074538122644,structural_group,unstratified,8675309
1471,12,-0.0031230166786271746,-0.11361152666155709,structural_group,unstratified,8675309
1472,12,-0.006246033357254349,-0.016661786884182104,structural_group,unstratified,8675309
1473,12,-0.00032093672392834866,-0.07548004419793912,structural_group,unstratified,8675309
1474,12,-0.00032093672392834866,-0.06233032648775979,structural_group,unstratified,8675309
1475,12,-0.00032093672392834866,-0.011584412281225346,structural_group,unstratified,8675309
1476,12,-0.008461049547044103,-0.12599375862424766,structural_group,unstratified,8675309
1477,12,-0.010676065736833856,-0.06414671294586723,structural_group,unstratified,8675309
1478,12,-0.006246033357254349,-0.06495686390376507,structural_group,unstratified,8675309
1479,12,-0.021288940384876134,-0.019721225370165858,structural_group,unstratified,8675309
1480,12,0.0,-0.010538731080543595,structural_group,unstratified,8675309
1481,12,-0.010676065736833856,-0.011373597914883802,structural_group,unstratified,8675309
1482,12,-0.0031230166786271746,-0.007560950936675713,structural_group,unstratified,8675309
1483,12,-0.01907392419508638,-0.07736190808936895,structural_group,unstratified,8675309
1484,12,0.0,-0.012481135917833666,structural_group,unstratified,8675309
1485,12,-0.006246033357254349,-0.017568647389316183,structural_group,unstratified,8675309
1486,12,-0.008461049547044103,-0.1283638348282792,structural_group,unstratified,8675309
1487,12,0.0,-0.11665354444266574,structural_group,unstratified,8675309
1488,12,-0.008461049547044103,-0.06195754147598038,structural_group,unstratified,8675309
1489,12,-0.00032093672392834866,-0.060399543400981553,structural_group,unstratified,8675309
1490,12,-0.005658969592345277,-0.0678714664047171,structural_group,unstratified,8675309
1491,12,-0.010676065736833856,-0.06746401507503537,structural_group,unstratified,8675309
1492,12,-0.008461049547044103,-0.22409385871987397,structural_group,unstratified,8675309
1493,12,-0.010676065736833856,-0.07385894952459053,structural_group,unstratified,8675309
1494,12,-0.006246033357254349,-0.060113854166767615,structural_group,unstratified,8675309
1495,12,0.0,-0.1122655893742905,structural_group,unstratified,8675309
1496,12,-0.0034439534025555232,-0.007472352875636559,structural_group,unstratified,8675309
1497,12,-0.006246033357254349,-0.1204623893469936,structural_group,unstratified,8675309
1498,12,-0.01907392419508638,-0.06938416093118199,structural_group,unstratified,8675309
1499,12,-0.006246033357254349,-0.11383393287035548,structural_group,unstratified,8675309
1500,12,-0.0034439534025555232,-0.01484416062999303,structural_group,unstratified,8675309
1501,12,-0.010676065736833856,-0.11742417363976519,structural_group,unstratified,8675309
1502,12,-0.010676065736833856,-0.018008278233546338,structural_group,unstratified,8675309
1503,12,-0.008461049547044103,-0.06722442050583906,structural_group,unstratified,8675309
1504,12,-0.0006418734478566973,-0.013775883541518744,structural_group,unstratified,8675309
1505,12,-0.0006418734478566973,-0.008214307252380924,structural_group,unstratified,8675309
1506,12,-0.0031230166786271746,-0.01647177652505293,structural_group,unstratified,8675309
1507,12,-0.0034439534025555232,-0.01091247070414822,structural_group,unstratified,8675309
1508,12,-0.03190181503291841,-0.07828624655200743,structural_group,unstratified,8675309
1509,12,-0.0006418734478566973,-0.0601291670385386,structural_group,unstratified,8675309
1510,12,-0.0034439534025555232,-0.06744880758576408,structural_group,unstratified,8675309
1511,12,0.0,-0.008574341670187948,structural_group,unstratified,8675309
1512,12,-0.005658969592345277,-0.06582499376458442,structural_group,unstratified,8675309
1513,12,-0.0006418734478566973,-0.12209401586847411,structural_group,unstratified,8675309
1514,12,-0.00032093672392834866,-0.11551458953980548,structural_group,unstratified,8675309
1515,12,-0.0031230166786271746,-0.0614706450197866,structural_group,unstratified,8675309
1516,12,-0.01907392419508638,-0.1252855159535804,structural_group,unstratified,8675309
1517,12,-0.00032093672392834866,-0.16289834674823578,structural_group,unstratified,8675309
1518,12,0.0,-0.061963532973527635,structural_group,unstratified,8675309
1519,12,-0.0034439534025555232,-0.06638377850907239,structural_group,unstratified,8675309
1520,12,-0.00032093672392834866,-0.1131491889769133,structural_group,unstratified,8675309
1521,12,-0.021288940384876134,-0.0756982234451961,structural_group,unstratified,8675309
1522,12,-0.0034439534025555232,-0.059862300940410396,structural_group,unstratified,8675309
1523,12,0.0,-0.012676712886848934,structural_group,unstratified,8675309
1524,12,-0.00032093672392834866,-0.014323657850221832,structural_group,unstratified,8675309
1525,12,-0.006246033357254349,-0.016254335554500378,structural_group,unstratified,8675309
1526,12,-0.0031230166786271746,-0.1666979457527846,structural_group,unstratified,8675309
1527,12,-0.006246033357254349,-0.0697095290310867,structural_group,unstratified,8675309
1528,12,0.0,-0.053722273111494745,structural_group,unstratified,8675309
1529,12,-0.0034439534025555232,-0.013592602956641255,structural_group,unstratified,8675309
1530,12,-0.006246033357254349,-0.07285385007903208,structural_group,unstratified,8675309
1531,12,-0.015950907516459206,-0.070606252667695,structural_group,unstratified,8675309
1532,12,-0.0034439534025555232,-0.017035631890286423,structural_group,unstratified,8675309
1533,12,-0.01907392419508638,-0.017742239785265873,structural_group,unstratified,8675309
1534,12,-0.005338032868416928,-0.07738917961830084,structural_group,unstratified,8675309
1535,12,-0.021288940384876134,-0.07547642855112466,structural_group,unstratified,8675309
1536,12,-0.008461049547044103,-0.11918223789785286,structural_group,unstratified,8675309
1537,12,0.0,-0.06997357059888414,structural_group,unstratified,8675309
1538,12,-0.010676065736833856,-0.11825428378839993,structural_group,unstratified,8675309
1539,12,-0.021288940384876134,-0.1249874193826076,structural_group,unstratified,8675309
1540,12,-0.008461049547044103,-0.11606281252810653,structural_group,unstratified,8675309
1541,12,-0.010676065736833856,-0.07515607299900841,structural_group,unstratified,8675309
1542,12,-0.00032093672392834866,-0.06205168874541802,structural_group,unstratified,8675309
1543,12,-0.0006418734478566973,-0.019004696941781436,structural_group,unstratified,8675309
1544,12,-0.00032093672392834866,-0.008747322751410684,structural_group,unstratified,8675309
1545,12,0.0,-0.06473683354569948,structural_group,unstratified,8675309
1546,12,0.0,-0.007212980558529294,structural_group,unstratified,8675309
1547,12,-0.0034439534025555232,-0.06865133511114636,structural_group,unstratified,8675309
1548,12,-0.006246033357254349,-0.06236261695492931,structural_group,unstratified,8675309
1549,12,0.0,-0.06066173385797039,structural_group,unstratified,8675309
1550,12,-0.0034439534025555232,-0.11614207122755278,structural_group,unstratified,8675309
1551,12,-0.00032093672392834866,-0.06467550701359222,structural_group,unstratified,8675309
1552,12,-0.005658969592345277,-0.017600378224266654,structural_group,unstratified,8675309
1553,12,0.0,-0.056211840942760945,structural_group,unstratified,8675309
1554,12,0.0,-0.0062042654661564195,structural_group,unstratified,8675309
1555,12,0.0,-0.06131931160498036,structural_group,unstratified,8675309
1556,12,-0.010676065736833856,-0.02185231831972802,structural_group,unstratified,8675309
1557,12,-0.010676065736833856,-0.12341241937427665,structural_group,unstratified,8675309
1558,12,-0.006246033357254349,-0.013466276172655195,structural_group,unstratified,8675309
1559,12,-0.02339845653464133,-0.17251556389647163,structural_group,unstratified,8675309
1560,12,-0.005338032868416928,-0.06706862778501425,structural_group,unstratified,8675309
1561,12,-0.008461049547044103,-0.11906274627061818,structural_group,unstratified,8675309
1562,12,0.0,-0.05528388683330802,structural_group,unstratified,8675309
1563,12,0.0,-0.04977741323425303,structural_group,unstratified,8675309
1564,12,-0.0006418734478566973,-0.16984694244186938,structural_group,unstratified,8675309
1565,12,-0.0031230166786271746,-0.06669945842004928,structural_group,unstratified,8675309
1566,12,-0.008461049547044103,-0.01843440139940273,structural_group,unstratified,8675309
1567,12,-0.03190181503291841,-0.028786155203688286,structural_group,unstratified,8675309
1568,12,-0.00032093672392834866,-0.06752956856868403,structural_group,unstratified,8675309
1569,12,0.0,0.0007614132053753962,structural_group,unstratified,8675309
1570,12,0.0,-0.05440028723068522,structural_group,unstratified,8675309
1571,12,-0.021288940384876134,-0.1776488038041493,structural_group,unstratified,8675309
1572,12,-0.010676065736833856,-0.07287143341903618,structural_group,unstratified,8675309
1573,12,-0.010676065736833856,-0.12192148346684933,structural_group,unstratified,8675309
1574,12,-0.0006418734478566973,-0.011535382133255867,structural_group,unstratified,8675309
1575,12,-0.0031230166786271746,-0.06600359870832255,structural_group,unstratified,8675309
1576,12,-0.0031230166786271746,-0.11325994063659622,structural_group,unstratified,8675309
1577,12,-0.00032093672392834866,-0.006257754920144479,structural_group,unstratified,8675309
1578,12,-0.0034439534025555232,-0.12375347355110555,structural_group,unstratified,8675309
1579,12,0.0,-0.010633938344306136,structural_group,unstratified,8675309
1580,12,-0.0034439534025555232,-0.01075876143860918,structural_group,unstratified,8675309
1581,12,-0.00032093672392834866,-0.008493580687267995,structural_group,unstratified,8675309
1582,12,-0.010676065736833856,-0.07342150751814584,structural_group,unstratified,8675309
1583,12,0.0,-0.1125705211020147,structural_group,unstratified,8675309
1584,12,-0.021288940384876134,-0.07290609973693851,structural_group,unstratified,8675309
1585,12,-0.0034439534025555232,-0.0661516841113462,structural_group,unstratified,8675309
1586,12,-0.04055087971202831,-0.18906667518129713,structural_group,unstratified,8675309
1587,12,-0.0031230166786271746,-0.12262703136750387,structural_group,unstratified,8675309
1588,12,-0.005338032868416928,-0.01669655858458412,structural_group,unstratified,8675309
1589,12,-0.0031230166786271746,-0.06476867533327105,structural_group,unstratified,8675309
1590,12,0.0,-0.00022003035806558482,structural_group,unstratified,8675309
1591,12,0.0,-0.00185794575678024,structural_group,unstratified,8675309
1592,12,-0.008461049547044103,-0.17262024301404125,structural_group,unstratified,8675309
1593,12,-0.01907392419508638,-0.07175661298594632,structural_group,unstratified,8675309
1594,12,-0.0031230166786271746,-0.16789039010963291,structural_group,unstratified,8675309
1595,12,-0.0006418734478566973,-0.05867007291868285,structural_group,unstratified,8675309
1596,12,-0.00032093672392834866,-0.0070878650687792215,structural_group,unstratified,8675309
1597,12,-0.00032093672392834866,-0.11967045021045453,structural_group,unstratified,8675309
1598,12,-0.0031230166786271746,-0.07048614972573337,structural_group,unstratified,8675309
1599,12,-0.00032093672392834866,-0.06813083233137518,structural_group,unstratified,8675309
1600,12,-0.008461049547044103,-0.07172096771828516,structural_group,unstratified,8675309
1601,12,-0.00032093672392834866,-0.005340548993944268,structural_group,unstratified,8675309
1602,12,0.0,-0.004909517842471341,structural_group,unstratified,8675309
1603,12,-0.05477133693621747,-0.23543669835911696,structural_group,unstratified,8675309
1604,12,0.0,-0.0035504565212192466,structural_group,unstratified,8675309
1605,12,-0.0034439534025555232,-0.06556050351718902,structural_group,unstratified,8675309
1606,12,-0.00032093672392834866,-0.1176525713461108,structural_group,unstratified,8675309
1607,12,-0.036226347372473364,-0.07808548800962554,structural_group,unstratified,8675309
1608,12,-0.0031230166786271746,-0.01149264086252052,structural_group,unstratified,8675309
1609,12,-0.008461049547044103,-0.0720567930122049,structural_group,unstratified,8675309
1610,12,-0.0031230166786271746,-0.017425237627431898,structural_group,unstratified,8675309
1611,12,-0.005338032868416928,-0.1197858775112768,structural_group,unstratified,8675309
1612,12,-0.04055087971202831,-0.08284023659223293,structural_group,unstratified,8675309
1613,12,-0.005338032868416928,-0.16930761652601245,structural_group,unstratified,8675309
1614,12,-0.006246033357254349,-0.07213309468910627,structural_group,unstratified,8675309
1615,12,-0.0034439534025555232,-0.11580299792185049,structural_group,unstratified,8675309
1616,12,-0.010676065736833856,-0.013276444458011407,structural_group,unstratified,8675309
1617,12,-0.005658969592345277,-0.11876871402605778,structural_group,unstratified,8675309
1618,12,-0.00032093672392834866,-0.06989964477271556,structural_group,unstratified,8675309
1619,12,-0.03190181503291841,-0.1803072883902258,structural_group,unstratified,8675309
1620,12,-0.0034439534025555232,-0.015540020341719763,structural_group,unstratified,8675309
1621,12,-0.005658969592345277,-0.1210318113221132,structural_group,unstratified,8675309
1622,12,0.0,-0.05632119570146987,structural_group,unstratified,8675309
1623,12,-0.006246033357254349,-0.018927183970644072,structural_group,unstratified,8675309
1624,12,-0.00032093672392834866,-0.06075456527100012,structural_group,unstratified,8675309
1625,12,-0.0034439534025555232,-0.07238683675324896,structural_group,unstratified,8675309
1626,12,0.0,-0.0686685234715443,structural_group,unstratified,8675309
1627,12,0.0,-0.0062042654661564195,structural_group,unstratified,8675309
1628,12,-0.005338032868416928,-0.12050663290120263,structural_group,unstratified,8675309
1629,12,0.0,-0.05880608789159671,structural_group,unstratified,8675309
1630,12,-0.006246033357254349,-0.12485034441536881,structural_group,unstratified,8675309
1631,12,-0.021288940384876134,-0.07458675640638851,structural_group,unstratified,8675309
1632,12,-0.0006418734478566973,-0.05862571841185273,structural_group,unstratified,8675309
1633,12,-0.00032093672392834866,-0.11624002057087067,structural_group,unstratified,8675309
1634,12,0.0,-0.05371620056938139,structural_group,unstratified,8675309
1635,12,-0.0034439534025555232,-0.06401370230504086,structural_group,unstratified,8675309
1636,12,-0.006246033357254349,-0.05903219079177565,structural_group,unstratified,8675309
1637,12,-0.0006418734478566973,-0.06512939630538984,structural_group,unstratified,8675309
1638,12,-0.00032093672392834866,-0.008395736726449816,structural_group,unstratified,8675309
1639,12,-0.00032093672392834866,-0.012911107074981679,structural_group,unstratified,8675309
1640,12,-0.0006418734478566973,-0.05912633806121328,structural_group,unstratified,8675309
1641,12,-0.01907392419508638,-0.1765030137445376,structural_group,unstratified,8675309
1642,12,0.0,-0.05809140504378424,structural_group,unstratified,8675309
1643,12,0.0,-0.005579083568815666,structural_group,unstratified,8675309
1644,12,-0.00032093672392834866,-0.016947476118396046,structural_group,unstratified,8675309
1645,12,-0.006246033357254349,-0.07067845987526912,structural_group,unstratified,8675309
1646,12,-0.005658969592345277,-0.06715071101479127,structural_group,unstratified,8675309
1647,12,-0.005658969592345277,-0.12310317964044493,structural_group,unstratified,8675309
1648,12,0.0,-0.008107328344404809,structural_group,unstratified,8675309
1649,12,-0.0034439534025555232,-0.06751022069267411,structural_group,unstratified,8675309
1650,12,-0.008461049547044103,-0.17369319574365485,structural_group,unstratified,8675309
1651,12,0.0,-0.005997066746629322,structural_group,unstratified,8675309
1652,12,-0.0006418734478566973,-0.011637901735213405,structural_group,unstratified,8675309
1653,12,-0.0006418734478566973,-0.11160278274437131,structural_group,unstratified,8675309
1654,12,-0.008461049547044103,-0.021578722447348143,structural_group,unstratified,8675309
1655,12,-0.0034439534025555232,-0.061809718325488906,structural_group,unstratified,8675309
1656,12,-0.00032093672392834866,-0.06576075612734365,structural_group,unstratified,8675309
1657,12,0.0,-0.06193538787733662,structural_group,unstratified,8675309
1658,12,-0.00032093672392834866,-0.11598627850672799,structural_group,unstratified,8675309
1659,12,-0.005338032868416928,-0.0610165393928682,structural_group,unstratified,8675309
1660,12,-0.010676065736833856,-0.11989892896136627,structural_group,unstratified,8675309
1661,12,-0.00032093672392834866,-0.060075677584550534,structural_group,unstratified,8675309
1662,12,-0.0031230166786271746,-0.006840195546749888,structural_group,unstratified,8675309
1663,12,-0.008461049547044103,-0.0743198903082603,structural_group,unstratified,8675309
1664,12,-0.0006418734478566973,-0.0056439784381947695,structural_group,unstratified,8675309
1665,12,-0.00032093672392834866,-0.008258661759211047,structural_group,unstratified,8675309
1666,12,-0.008461049547044103,-0.016664611414512868,structural_group,unstratified,8675309
1667,12,-0.0034439534025555232,-0.11780390476091705,structural_group,unstratified,8675309
1668,12,-0.00032093672392834866,-0.11728340198114585,structural_group,unstratified,8675309
1669,12,0.0,-0.0698461553187275,structural_group,unstratified,8675309
1670,12,-0.0031230166786271746,-0.11465958371297165,structural_group,unstratified,8675309
1671,12,-0.01907392419508638,-0.0675665346769929,structural_group,unstratified,8675309
1672,12,-0.006246033357254349,-0.012290803841084011,structural_group,unstratified,8675309
1673,12,-0.0006418734478566973,-0.010850532857314008,structural_group,unstratified,8675309
1674,12,-0.008461049547044103,-0.12201932742766751,structural_group,unstratified,8675309
1675,12,-0.0006418734478566973,-0.11414354023921902,structural_group,unstratified,8675309
1676,12,0.0,-0.05372227311149474,structural_group,unstratified,8675309
1677,12,-0.0034439534025555232,-0.06498413543269697,structural_group,unstratified,8675309
1678,12,-0.0034439534025555232,-0.0709453259733973,structural_group,unstratified,8675309
1679,12,0.0,-0.008000349436428694,structural_group,unstratified,8675309
1680,12,-0.0034439534025555232,-0.06925043935822549,structural_group,unstratified,8675309
1681,12,0.0,-0.11541228627296872,structural_group,unstratified,8675309
1682,12,-0.010676065736833856,-0.07596226501299352,structural_group,unstratified,8675309
1683,12,0.0,-0.013342214286780852,structural_group,unstratified,8675309
1684,12,-0.036226347372473364,-0.07785056908156861,structural_group,unstratified,8675309
1685,12,-0.0034439534025555232,-0.06266754868265349,structural_group,unstratified,8675309
1686,12,-0.008461049547044103,-0.06888625403920333,structural_group,unstratified,8675309
1687,12,-0.0006418734478566973,-0.012588114825809781,structural_group,unstratified,8675309
1688,12,-0.0034439534025555232,-0.06561399297117708,structural_group,unstratified,8675309
1689,12,-0.0006418734478566973,-0.013775883541518742,structural_group,unstratified,8675309
1690,12,0.0,-0.11364347383162833,structural_group,unstratified,8675309
1691,12,-0.006246033357254349,-0.07083597121468839,structural_group,unstratified,8675309
1692,12,-0.008461049547044103,-0.17297244035372905,structural_group,unstratified,8675309
1693,12,-0.0006418734478566973,-0.06937676614221157,structural_group,unstratified,8675309
1694,12,-0.0006418734478566973,-0.06549856567035481,structural_group,unstratified,8675309
1695,12,-0.0031230166786271746,-0.014086887811356285,structural_group,unstratified,8675309
1696,12,-0.01907392419508638,-0.020779581925235168,structural_group,unstratified,8675309
1697,12,-0.005658969592345277,-0.17143247429833228,structural_group,unstratified,8675309
1698,12,-0.00032093672392834866,-0.006257754920144478,structural_group,unstratified,8675309
1699,12,-0.008461049547044103,-0.11948094578355262,structural_group,unstratified,8675309
1700,12,-0.0006418734478566973,-0.11519890962882857,structural_group,unstratified,8675309
1701,12,-0.03190181503291841,-0.08122574473115854,structural_group,unstratified,8675309
1702,12,-0.008461049547044103,-0.07250226405407123,structural_group,unstratified,8675309
1703,12,-0.0006418734478566973,-0.012007071100178365,structural_group,unstratified,8675309
1704,12,-0.036226347372473364,-0.12773680182012984,structural_group,unstratified,8675309
1705,12,-0.0034439534025555232,-0.017333728461259232,structural_group,unstratified,8675309
1706,12,-0.0034439534025555232,-0.17031395576765251,structural_group,unstratified,8675309
1707,12,0.0,0.0009792491555341183,structural_group,unstratified,8675309
1708,12,0.0,-0.06319162119182775,structural_group,unstratified,8675309
1709,12,-0.04055087971202831,-0.08127862287041965,structural_group,unstratified,8675309
1710,12,-0.0006418734478566973,-0.07267479645569601,structural_group,unstratified,8675309
1711,12,-0.006246033357254349,-0.02282692672641763,structural_group,unstratified,8675309
1712,12,0.0,-0.058291657653938865,structural_group,unstratified,8675309
1713,12,-0.03190181503291841,-0.17534534108809133,structural_group,unstratified,8675309
1714,12,0.0,-0.12008864972338895,structural_group,unstratified,8675309
1715,12,-0.008461049547044103,-0.07354326961361363,structural_group,unstratified,8675309
1716,12,-0.00032093672392834866,-0.06123572609172964,structural_group,unstratified,8675309
1717,12,-0.03190181503291841,-0.07706196040758756,structural_group,unstratified,8675309
1718,12,-0.021288940384876134,-0.0751072591861597,structural_group,unstratified,8675309
1719,12,-0.00032093672392834866,-0.1094495934487947,structural_group,unstratified,8675309
1720,12,-0.005658969592345277,-0.12238242425051911,structural_group,unstratified,8675309
1721,12,0.0,-0.013581197541250208,structural_group,unstratified,8675309
1722,12,-0.008461049547044103,-0.06637409032014459,structural_group,unstratified,8675309
1723,12,-0.0034439534025555232,-0.017246021368966812,structural_group,unstratified,8675309
1724,12,-0.0006418734478566973,-0.01726447827623002,structural_group,unstratified,8675309
1725,12,-0.00032093672392834866,-0.06016744900325536,structural_group,unstratified,8675309
1726,12,-0.010676065736833856,-0.02143411880679359,structural_group,unstratified,8675309
1727,12,-0.00032093672392834866,-0.05782694411856229,structural_group,unstratified,8675309
1728,12,-0.005338032868416928,-0.02086034290815512,structural_group,unstratified,8675309
1729,12,-0.0031230166786271746,-0.011020951895598022,structural_group,unstratified,8675309
1730,12,-0.015950907516459206,-0.014798171347475094,structural_group,unstratified,8675309
1731,12,0.0,-0.007501388940574303,structural_group,unstratified,8675309
1732,12,-0.0006418734478566973,-0.06519600979336343,structural_group,unstratified,8675309
1733,12,-0.0034439534025555232,-0.06424579670276705,structural_group,unstratified,8675309
1734,12,-0.0034439534025555232,-0.06308574819558793,structural_group,unstratified,8675309
1735,12,-0.010676065736833856,-0.07179848068942256,structural_group,unstratified,8675309
1736,12,-0.0034439534025555232,-0.06747370326396317,structural_group,unstratified,8675309
1737,12,-0.010676065736833856,-0.12590198720554283,structural_group,unstratified,8675309
1738,12,-0.04055087971202831,-0.1849550580648571,structural_group,unstratified,8675309
1739,12,0.0,-0.1106932274692245,structural_group,unstratified,8675309
1740,12,-0.010676065736833856,-0.1738621124984652,structural_group,unstratified,8675309
1741,12,-0.00032093672392834866,-0.00911649211637564,structural_group,unstratified,8675309
1742,12,-0.016271844240387554,-0.07612064991967193,structural_group,unstratified,8675309
1743,12,-0.00032093672392834866,-0.12167135704952108,structural_group,unstratified,8675309
1744,12,-0.00032093672392834866,-0.05991370693911268,structural_group,unstratified,8675309
1745,12,-0.0006418734478566973,-0.010347613417546904,structural_group,unstratified,8675309
1746,12,0.0,-0.05858191714679246,structural_group,unstratified,8675309
1747,12,0.0,-0.0076356393774823115,structural_group,unstratified,8675309
1748,12,-0.005338032868416928,-0.11766331952936353,structural_group,unstratified,8675309
1749,12,-0.0034439534025555232,-0.12268052082149193,structural_group,unstratified,8675309
1750,12,-0.00032093672392834866,-0.012559521050020811,structural_group,unstratified,8675309
1751,12,-0.016271844240387554,-0.07065974212168306,structural_group,unstratified,8675309
1752,12,-0.00032093672392834866,-0.06039954340098155,structural_group,unstratified,8675309
1753,12,-0.0006418734478566973,-0.01093411837056472,structural_group,unstratified,8675309
1754,12,-0.01907392419508638,-0.021524255449810598,structural_group,unstratified,8675309
1755,12,0.0,-0.11277771982154179,structural_group,unstratified,8675309
1756,12,-0.016271844240387554,-0.07206384450407707,structural_group,unstratified,8675309
1757,12,-0.010676065736833856,-0.07340484389767211,structural_group,unstratified,8675309
1758,12,-0.010676065736833856,-0.0709683705407878,structural_group,unstratified,8675309
1759,12,-0.0034439534025555232,-0.06282355773859909,structural_group,unstratified,8675309
1760,12,-0.04055087971202831,-0.0759235880686706,structural_group,unstratified,8675309
1761,12,0.0,-0.06653054166523895,structural_group,unstratified,8675309
1762,12,-0.010676065736833856,-0.07276207866032725,structural_group,unstratified,8675309
1763,12,0.0,-0.01299001694709303,structural_group,unstratified,8675309
1764,12,-0.008461049547044103,-0.02231325910339781,structural_group,unstratified,8675309
1765,12,-0.010676065736833856,-0.12564824514140016,structural_group,unstratified,8675309
1766,12,-0.008461049547044103,-0.07076204538851982,structural_group,unstratified,8675309
1767,12,-0.0031230166786271746,-0.1188403400618198,structural_group,unstratified,8675309
1768,12,-0.006246033357254349,-0.06825489421724952,structural_group,unstratified,8675309
1769,12,0.0,-0.05497058277306393,structural_group,unstratified,8675309
1770,12,-0.021288940384876134,-0.01640859888213707,structural_group,unstratified,8675309
1771,12,0.0,-0.008838831917583346,structural_group,unstratified,8675309
1772,12,-0.010676065736833856,-0.06481627867221156,structural_group,unstratified,8675309
1773,12,-0.021288940384876134,-0.0733670405206083,structural_group,unstratified,8675309
1774,12,-0.00032093672392834866,-0.22240602359657435,structural_group,unstratified,8675309
1775,12,0.0,-0.06166482508782787,structural_group,unstratified,8675309
1776,12,-0.0034439534025555232,-0.11817307412588202,structural_group,unstratified,8675309
1777,12,-0.006246033357254349,-0.012941097751744639,structural_group,unstratified,8675309
1778,12,-0.006246033357254349,-0.01264300118077183,structural_group,unstratified,8675309
1779,12,-0.0031230166786271746,-0.121329907893086,structural_group,unstratified,8675309
1780,12,0.0,-0.1130910238817859,structural_group,unstratified,8675309
1781,12,-0.006246033357254349,-0.014660880045115537,structural_group,unstratified,8675309
1782,12,-0.00032093672392834866,-0.07169335289225502,structural_group,unstratified,8675309
1783,12,0.0,-0.004446201208068753,structural_group,unstratified,8675309
1784,12,-0.0006418734478566973,-0.009861776955678027,structural_group,unstratified,8675309
1785,12,-0.021288940384876134,-0.07908169038273985,structural_group,unstratified,8675309
1786,12,-0.008461049547044103,-0.014949288427160546,structural_group,unstratified,8675309
1787,12,0.0,-0.06528928349554193,structural_group,unstratified,8675309
1788,12,-0.0006418734478566973,-0.013540964613461796,structural_group,unstratified,8675309
1789,12,-0.00032093672392834866,-0.06467083137245287,structural_group,unstratified,8675309
1790,12,-0.0006418734478566973,-0.062307514264846466,structural_group,unstratified,8675309
1791,12,0.0,-0.05716812657547068,structural_group,unstratified,8675309
1792,12,-0.00032093672392834866,-0.05913014013509352,structural_group,unstratified,8675309
1793,12,-0.03190181503291841,-0.07894743994583185,structural_group,unstratified,8675309
1794,12,-0.00032093672392834866,-0.11551458953980548,structural_group,unstratified,8675309
1795,12,-0.04055087971202831,-0.13506882532629585,structural_group,unstratified,8675309
1796,12,-0.036226347372473364,-0.2800880451553021,structural_group,unstratified,8675309
1797,12,-0.005658969592345277,-0.1203645453861754,structural_group,unstratified,8675309
1798,12,-0.0034439534025555232,-0.007049694056683542,structural_group,unstratified,8675309
1799,12,-0.016271844240387554,-0.07210125290153471,structural_group,unstratified,8675309
1800,12,-0.010676065736833856,-0.07292024723188488,structural_group,unstratified,8675309
1801,12,-0.01907392419508638,-0.01791054522534925,structural_group,unstratified,8675309
1802,12,-0.03983392994862024,-0.18175909867373222,structural_group,unstratified,8675309
1803,12,-0.00032093672392834866,-0.05461194525623089,structural_group,unstratified,8675309
1804,12,0.0,-0.11641070186168685,structural_group,unstratified,8675309
1805,12,-0.03190181503291841,-0.12970030026173876,structural_group,unstratified,8675309
1806,12,-0.006246033357254349,-0.013363756570697655,structural_group,unstratified,8675309
1807,12,-0.016271844240387554,-0.12459433188299303,structural_group,unstratified,8675309
1808,12,-0.010676065736833856,-0.17458524373912387,structural_group,unstratified,8675309
1809,12,0.0,-0.06138716488903557,structural_group,unstratified,8675309
1810,12,-0.021288940384876134,-0.12391270211698809,structural_group,unstratified,8675309
1811,12,-0.006246033357254349,-0.1145546882602813,structural_group,unstratified,8675309
1812,12,-0.0034439534025555232,-0.06324391676714555,structural_group,unstratified,8675309
1813,12,-0.0031230166786271746,-0.007912536961636579,structural_group,unstratified,8675309
1814,12,-0.036226347372473364,-0.2297943610870592,structural_group,unstratified,8675309
1815,12,-0.005658969592345277,-0.0678714664047171,structural_group,unstratified,8675309
1816,12,-0.006246033357254349,-0.06348208370698509,structural_group,unstratified,8675309
1817,12,-0.008461049547044103,-0.07001269622280502,structural_group,unstratified,8675309
1818,12,-0.03190181503291841,-0.07573994125497059,structural_group,unstratified,8675309
1819,12,-0.0034439534025555232,-0.06294136089015416,structural_group,unstratified,8675309
1820,12,-0.0034439534025555232,-0.11377199502352126,structural_group,unstratified,8675309
1821,12,0.0,-0.1122655893742905,structural_group,unstratified,8675309
1822,12,-0.00032093672392834866,-0.006257754920144479,structural_group,unstratified,8675309
1823,12,-0.0006418734478566973,-0.05980273894430898,structural_group,unstratified,8675309
1824,12,-0.0034439534025555232,-0.11894731896979589,structural_group,unstratified,8675309
1825,12,-0.010676065736833856,-0.07102185999477585,structural_group,unstratified,8675309
1826,12,-0.00032093672392834866,-0.015508178554148204,structural_group,unstratified,8675309
1827,12,-0.00032093672392834866,-0.06242817044857798,structural_group,unstratified,8675309
1828,12,-0.010676065736833856,-0.012579823537855974,structural_group,unstratified,8675309
1829,12,-0.0034439534025555232,-0.07363047077367878,structural_group,unstratified,8675309
1830,12,-0.008461049547044103,-0.17002599606520544,structural_group,unstratified,8675309
1831,12,-0.010676065736833856,-0.01586385625009579,structural_group,unstratified,8675309
1832,12,-0.00032093672392834866,-0.05771352503344096,structural_group,unstratified,8675309
1833,12,-0.006246033357254349,-0.122202608012545,structural_group,unstratified,8675309
1834,12,0.0,-0.05548640991169576,structural_group,unstratified,8675309
1835,12,-0.010676065736833856,-0.17362534245959962,structural_group,unstratified,8675309
1836,12,-0.03190181503291841,-0.1286034293974755,structural_group,unstratified,8675309
1837,12,0.0,-0.06591914103402206,structural_group,unstratified,8675309
1838,12,-0.021288940384876134,-0.1243575618441275,structural_group,unstratified,8675309
1839,12,-0.0034439534025555232,-0.023270784532189184,structural_group,unstratified,8675309
1840,12,-0.0034439534025555232,-0.06675294787403735,structural_group,unstratified,8675309
1841,12,-0.005658969592345277,-0.06524862568009236,structural_group,unstratified,8675309
1842,12,-0.021288940384876134,-0.07436258566158425,structural_group,unstratified,8675309
1843,12,-0.008461049547044103,-0.12210008841058745,structural_group,unstratified,8675309
1844,12,-0.006246033357254349,-0.01320558799914004,structural_group,unstratified,8675309
1845,12,-0.0006418734478566973,-0.013673363939561206,structural_group,unstratified,8675309
1846,12,-0.00032093672392834866,-0.05721694038831937,structural_group,unstratified,8675309
1847,12,-0.0006418734478566973,-0.05382925201947086,structural_group,unstratified,8675309
1848,12,0.0,-0.06718767073265096,structural_group,unstratified,8675309
1849,12,-0.0034439534025555232,-0.06554292017718492,structural_group,unstratified,8675309
1850,12,-0.00032093672392834866,-0.016092470291562213,structural_group,unstratified,8675309
1851,12,-0.02339845653464133,-0.07565909782127518,structural_group,unstratified,8675309
1852,12,-0.0034439534025555232,-0.012104915060996542,structural_group,unstratified,8675309
1853,12,-0.010676065736833856,-0.12348536765689573,structural_group,unstratified,8675309
1854,12,-0.021288940384876134,-0.07310635234709313,structural_group,unstratified,8675309
1855,12,-0.025613472724431083,-0.0798620077687671,structural_group,unstratified,8675309
1856,12,-0.008461049547044103,-0.11721317284635785,structural_group,unstratified,8675309
1857,12,-0.008461049547044103,-0.06709484571007042,structural_group,unstratified,8675309
1858,12,-0.008461049547044103,-0.02154915112800969,structural_group,unstratified,8675309
1859,12,0.0,0.0005565903365811012,structural_group,unstratified,8675309
1860,12,0.0,-0.06838011508949927,structural_group,unstratified,8675309
1861,12,0.0,-0.005974022179238831,structural_group,unstratified,8675309
1862,12,-0.04055087971202831,-0.13493457488938784,structural_group,unstratified,8675309
1863,12,-0.0006418734478566973,-0.06277690344136241,structural_group,unstratified,8675309
1864,12,0.0,-0.0644101431989377,structural_group,unstratified,8675309
1865,12,-0.00032093672392834866,-0.06016744900325536,structural_group,unstratified,8675309
1866,12,-0.008461049547044103,-0.0263916068029095,structural_group,unstratified,8675309
1867,12,-0.0031230166786271746,-0.060071001943411174,structural_group,unstratified,8675309
1868,12,-0.008461049547044103,-0.11778954093084991,structural_group,unstratified,8675309
1869,12,-0.005658969592345277,-0.0696116850702685,structural_group,unstratified,8675309
1870,12,0.0,-0.16653370463911363,structural_group,unstratified,8675309
1871,12,0.0,-0.005513081395569046,structural_group,unstratified,8675309
1872,12,-0.0031230166786271746,-0.00994645096509931,structural_group,unstratified,8675309
1873,12,0.0,-0.007332472185763972,structural_group,unstratified,8675309
1874,12,0.0,-0.057888881965396495,structural_group,unstratified,8675309
1875,12,0.0,-0.11535642096824783,structural_group,unstratified,8675309
1876,12,0.0,-0.012427646463845608,structural_group,unstratified,8675309
1877,12,-0.0006418734478566973,-0.1191761653557395,structural_group,unstratified,8675309
1878,12,-0.00032093672392834866,-0.11577907978720088,structural_group,unstratified,8675309
1879,12,0.0,-0.006918948313968893,structural_group,unstratified,8675309
1880,12,0.0,-0.002878514944142119,structural_group,unstratified,8675309
1881,12,-0.0034439534025555232,-0.00975242219696911,structural_group,unstratified,8675309
1882,12,-0.036226347372473364,-0.18001325614566543,structural_group,unstratified,8675309
1883,12,-0.00032093672392834866,-0.06752956856868403,structural_group,unstratified,8675309
1884,12,-0.0006418734478566973,-0.010330030077542811,structural_group,unstratified,8675309
1885,12,-0.0034439534025555232,-0.06224488986370048,structural_group,unstratified,8675309
1886,12,-0.03190181503291841,-0.12836665935860994,structural_group,unstratified,8675309
1887,12,-0.0034439534025555232,-0.06028050045334482,structural_group,unstratified,8675309
1888,12,-0.0006418734478566973,-0.06220053535687036,structural_group,unstratified,8675309
1889,12,0.0,-0.06214258659686373,structural_group,unstratified,8675309
1890,12,-0.010676065736833856,-0.12039453606293837,structural_group,unstratified,8675309
1891,12,0.0,-0.16973996353389328,structural_group,unstratified,8675309
1892,12,0.0,-0.008828083734330633,structural_group,unstratified,8675309
1893,12,-0.0006418734478566973,-0.05928830870665114,structural_group,unstratified,8675309
1894,12,-0.00032093672392834866,-0.059840758656493596,structural_group,unstratified,8675309
1895,12,-0.006246033357254349,-0.06318805146242469,structural_group,unstratified,8675309
1896,12,-0.00032093672392834866,-0.06374287726299994,structural_group,unstratified,8675309
1897,12,-0.021288940384876134,-0.07697837489433684,structural_group,unstratified,8675309
1898,12,-0.008461049547044103,-0.06736398227643173,structural_group,unstratified,8675309
1899,12,0.0,-0.06679503191263435,structural_group,unstratified,8675309
1900,12,-0.01907392419508638,-0.07432456594939967,structural_group,unstratified,8675309
1901,12,-0.0034439534025555232,-0.015858000043103223,structural_group,unstratified,8675309
1902,12,-0.0034439534025555232,-0.06554292017718492,structural_group,unstratified,8675309
1903,12,0.0,-0.06399216002112405,structural_group,unstratified,8675309
1904,12,-0.006246033357254349,-0.06727345065380853,structural_group,unstratified,8675309
1905,12,-0.008461049547044103,-0.1259402691702596,structural_group,unstratified,8675309
1906,12,0.0,-0.018056859701917862,structural_group,unstratified,8675309
1907,12,0.0,-0.16580827360804845,structural_group,unstratified,8675309
1908,12,-0.010676065736833856,-0.06925304755343549,structural_group,unstratified,8675309
1909,12,-0.0034439534025555232,-0.06909812839986977,structural_group,unstratified,8675309
1910,12,0.0,-0.0590705781389921,structural_group,unstratified,8675309
1911,12,-0.025613472724431083,-0.07969546686468958,structural_group,unstratified,8675309
1912,12,-0.0034439534025555232,-0.06341304985707667,structural_group,unstratified,8675309
1913,12,-0.0006418734478566973,-0.005062934712563353,structural_group,unstratified,8675309
1914,12,0.0,-0.058816836074849416,structural_group,unstratified,8675309
1915,12,-0.008461049547044103,-0.023620519446341453,structural_group,unstratified,8675309
1916,12,-0.006246033357254349,-0.02076178225011029,structural_group,unstratified,8675309
1917,12,0.0,-0.0076463875607350245,structural_group,unstratified,8675309
1918,12,-0.021288940384876134,-0.12807825097656494,structural_group,unstratified,8675309
1919,12,-0.01907392419508638,-0.07184751083739202,structural_group,unstratified,8675309
1920,12,-0.006246033357254349,-0.06375996024089818,structural_group,unstratified,8675309
1921,12,-0.008461049547044103,-0.16935643033886116,structural_group,unstratified,8675309
1922,12,0.0,-0.05548640991169576,structural_group,unstratified,8675309
1923,12,-0.00032093672392834866,-0.1106596211456471,structural_group,unstratified,8675309
1924,12,-0.008461049547044103,-0.011964113494322236,structural_group,unstratified,8675309
1925,12,-0.010676065736833856,-0.12290899957240366,structural_group,unstratified,8675309
1926,12,-0.005338032868416928,-0.02359897716242465,structural_group,unstratified,8675309
1927,12,-0.021288940384876134,-0.07227016965634504,structural_group,unstratified,8675309
1928,12,-0.00032093672392834866,-0.012529949730682366,structural_group,unstratified,8675309
1929,12,-0.006246033357254349,-0.07043028442101251,structural_group,unstratified,8675309
1930,12,-0.0031230166786271746,-0.06360862682609193,structural_group,unstratified,8675309
1931,12,-0.006246033357254349,-0.014291710680150579,structural_group,unstratified,8675309
1932,12,-0.00032093672392834866,-0.061137882130911474,structural_group,unstratified,8675309
1933,12,-0.010676065736833856,-0.07162779939860638,structural_group,unstratified,8675309
1934,12,-0.00032093672392834866,-0.012529949730682362,structural_group,unstratified,8675309
1935,12,-0.008461049547044103,-0.06278297598347578,structural_group,unstratified,8675309
1936,12,-0.0006418734478566973,-0.008779164538982242,structural_group,unstratified,8675309
1937,12,0.0,-0.007991901043582538,structural_group,unstratified,8675309
1938,12,-0.010676065736833856,-0.12445986511096424,structural_group,unstratified,8675309
1939,12,0.0,-0.003806469053595042,structural_group,unstratified,8675309
1940,12,-0.0006418734478566973,-0.0683938202952969,structural_group,unstratified,8675309
1941,12,-0.008461049547044103,-0.06521905436075391,structural_group,unstratified,8675309
1942,12,-0.006246033357254349,-0.018890666541933155,structural_group,unstratified,8675309
1943,12,-0.010676065736833856,-0.023735946747163728,structural_group,unstratified,8675309
1944,12,-0.010676065736833856,-0.019538107420417363,structural_group,unstratified,8675309
1945,12,-0.010676065736833856,-0.11955140726281781,structural_group,unstratified,8675309
1946,12,-0.0006418734478566973,-0.020301820416199313,structural_group,unstratified,8675309
1947,12,-0.00032093672392834866,-0.05664057230382733,structural_group,unstratified,8675309
1948,12,-0.0006418734478566973,-0.012988514663619341,structural_group,unstratified,8675309
1949,12,-0.006246033357254349,-0.11936084284159094,structural_group,unstratified,8675309
1950,12,-0.0006418734478566973,-0.007176998384219083,structural_group,unstratified,8675309
1951,12,-0.006246033357254349,-0.1695908245269939,structural_group,unstratified,8675309
1952,12,-0.036226347372473364,-0.13374680617367887,structural_group,unstratified,8675309
1953,12,0.0,-0.06141108302368519,structural_group,unstratified,8675309
1954,12,-0.0006418734478566973,-0.015193109957898259,structural_group,unstratified,8675309
1955,12,-0.0006418734478566973,-0.1149668152311024,structural_group,unstratified,8675309
1956,12,-0.01907392419508638,-0.12436213210276716,structural_group,unstratified,8675309
1957,12,-0.006246033357254349,-0.06617885025777841,structural_group,unstratified,8675309
1958,12,-0.0034439534025555232,-0.11366501611554514,structural_group,unstratified,8675309
1959,12,-0.005658969592345277,-0.01141871503635195,structural_group,unstratified,8675309
1960,12,0.0,-0.16451115013363057,structural_group,unstratified,8675309
1961,12,-0.0034439534025555232,-0.021489589131908276,structural_group,unstratified,8675309
1962,12,-0.0034439534025555232,-0.12505059702552346,structural_group,unstratified,8675309
1963,12,-0.0034439534025555232,-0.07582986568689412,structural_group,unstratified,8675309
1964,12,0.0,-0.005011821109308098,structural_group,unstratified,8675309
1965,12,-0.0034439534025555232,-0.06142161487181711,structural_group,unstratified,8675309
1966,12,-0.00032093672392834866,-0.010159873526650836,structural_group,unstratified,8675309
1967,12,-0.036226347372473364,-0.13648605174267536,structural_group,unstratified,8675309
1968,12,-0.0034439534025555232,-0.06545582439961946,structural_group,unstratified,8675309
1969,12,0.0,-0.057157378392217954,structural_group,unstratified,8675309
1970,12,0.0,-0.008107328344404809,structural_group,unstratified,8675309
1971,12,-0.04055087971202831,-0.18351761161141789,structural_group,unstratified,8675309
1972,12,-0.03190181503291841,-0.08585318898623039,structural_group,unstratified,8675309
1973,12,-0.005338032868416928,-0.12155468995261719,structural_group,unstratified,8675309
1974,12,0.0,-0.011204232480475513,structural_group,unstratified,8675309
1975,12,-0.0031230166786271746,-0.07048614972573337,structural_group,unstratified,8675309
1976,12,-0.036226347372473364,-0.0346652625146116,structural_group,unstratified,8675309
1977,12,-0.00032093672392834866,-0.06872201292553236,structural_group,unstratified,8675309
1978,12,0.0,-0.11145667821247429,structural_group,unstratified,8675309
1979,12,-0.008461049547044103,-0.06935794300612581,structural_group,unstratified,8675309
1980,12,-0.008461049547044103,-0.11616749164567608,structural_group,unstratified,8675309
1981,12,-0.01907392419508638,-0.07242150307115128,structural_group,unstratified,8675309
1982,12,-0.006246033357254349,-0.11248331994194954,structural_group,unstratified,8675309
1983,12,-0.0006418734478566973,-0.009570992722900218,structural_group,unstratified,8675309
1984,12,-0.008461049547044103,-0.020676451008550673,structural_group,unstratified,8675309
1985,12,-0.0006418734478566973,-0.061938344899881516,structural_group,unstratified,8675309
1986,12,-0.005338032868416928,-0.17239844811996982,structural_group,unstratified,8675309
1987,12,-0.00032093672392834866,-0.0073260320086187625,structural_group,unstratified,8675309
1988,12,-0.008461049547044103,-0.16998391202660845,structural_group,unstratified,8675309
1989,12,-0.008461049547044103,-0.010837671310720533,structural_group,unstratified,8675309
1990,12,-0.021288940384876134,-0.1761514277195768,structural_group,unstratified,8675309
1991,12,-0.00032093672392834866,-0.0618337418426382,structural_group,unstratified,8675309
1992,12,-0.04055087971202831,-0.23774298560550564,structural_group,unstratified,8675309
1993,12,0.0,-0.057824644328155726,structural_group,unstratified,8675309
1994,12,-0.036226347372473364,-0.1283107940538891,structural_group,unstratified,8675309
1995,12,-0.00032093672392834866,-0.11407246744522688,structural_group,unstratified,8675309
1996,12,-0.0034439534025555232,-0.00909246859922634,structural_group,unstratified,8675309
1997,12,-0.0034439534025555232,-0.06877082673838104,structural_group,unstratified,8675309
1998,12,-0.0034439534025555232,-0.06852176031537772,structural_group,unstratified,8675309
1999,12,-0.008461049547044103,-0.021082137802226546,structural_group,unstratified,8675309
2000,12,-0.005658969592345277,-0.016278359071649682,structural_group,unstratified,8675309
2001,12,0.0,-0.06367180446900779,structural_group,unstratified,8675309
2002,12,-0.008461049547044103,-0.06662315674314792,structural_group,unstratified,8675309
2003,12,-0.036226347372473364,-0.18334463053019512,structural_group,unstratified,8675309
2004,12,-0.0031230166786271746,-0.1662240972702501,structural_group,unstratified,8675309
2005,12,-0.0034439534025555232,-0.015858000043103223,structural_group,unstratified,8675309
2006,12,-0.010676065736833856,-0.12368562026705036,structural_group,unstratified,8675309
2007,12,-0.0006418734478566973,-0.11649603310324647,structural_group,unstratified,8675309
2008,12,-0.0006418734478566973,-0.017467978898167244,structural_group,unstratified,8675309
2009,12,-0.00032093672392834866,-0.07238921260398176,structural_group,unstratified,8675309
2010,12,-0.0006418734478566973,-0.01579376240586245,structural_group,unstratified,8675309
2011,12,0.0,-0.06248403575329883,structural_group,unstratified,8675309
2012,12,0.0,-0.11132688708158488,structural_group,unstratified,8675309
2013,12,-0.00032093672392834866,-0.0007986982329641987,structural_group,unstratified,8675309
2014,12,-0.020596376579942503,-0.12790933422175463,structural_group,unstratified,8675309
2015,12,-0.006246033357254349,-0.07039287602355486,structural_group,unstratified,8675309
2016,12,-0.006246033357254349,-0.058754530592983356,structural_group,unstratified,8675309
2017,12,0.0,-0.009945390970774399,structural_group,unstratified,8675309
2018,12,-0.0031230166786271746,-0.01657645564262249,structural_group,unstratified,8675309
2019,12,-0.0006418734478566973,-0.11626393870552025,structural_group,unstratified,8675309
2020,12,-0.005658969592345277,-0.062262473203704566,structural_group,unstratified,8675309
2021,12,-0.021288940384876134,-0.125046981378709,structural_group,unstratified,8675309
2022,12,0.0,-0.008953647903678663,structural_group,unstratified,8675309
2023,12,-0.021288940384876134,-0.07640438266057757,structural_group,unstratified,8675309
2024,12,0.0,-0.05584950673454736,structural_group,unstratified,8675309
2025,12,0.0,-0.061907667668806766,structural_group,unstratified,8675309
2026,12,-0.0006418734478566973,-0.11486429562914487,structural_group,unstratified,8675309
2027,12,-0.0034439534025555232,-0.1154338285568855,structural_group,unstratified,8675309
2028,12,-0.006246033357254349,-0.066963843284945,structural_group,unstratified,8675309
2029,12,-0.021288940384876134,-0.022413927594546756,structural_group,unstratified,8675309
2030,12,-0.021288940384876134,-0.020705656099066598,structural_group,unstratified,8675309
2031,12,0.0,-0.056794281569366355,structural_group,unstratified,8675309
2032,12,-0.0006418734478566973,-0.007379521462606821,structural_group,unstratified,8675309
2033,12,-0.01907392419508638,-0.12404188193315058,structural_group,unstratified,8675309
2034,12,-0.008461049547044103,-0.11898436113843103,structural_group,unstratified,8675309
2035,12,0.0,-0.005743324682486635,structural_group,unstratified,8675309
2036,12,-0.04055087971202831,-0.13767382045838433,structural_group,unstratified,8675309
2037,12,-0.006246033357254349,-0.17207809256785356,structural_group,unstratified,8675309
2038,12,-0.00032093672392834866,-0.11719569488885341,structural_group,unstratified,8675309
2039,12,-0.006246033357254349,-0.01868196553893237,structural_group,unstratified,8675309
2040,12,0.0,-0.007575314766742873,structural_group,unstratified,8675309
2041,12,-0.0034439534025555232,-0.11164713725120144,structural_group,unstratified,8675309
2042,12,-0.006246033357254349,-0.06625398737818296,structural_group,unstratified,8675309
2043,12,-0.008461049547044103,-0.06873949088303676,structural_group,unstratified,8675309
2044,12,0.0,-0.0009431615987242128,structural_group,unstratified,8675309
2045,12,-0.0034439534025555232,-0.17100981547937924,structural_group,unstratified,8675309
2046,12,-0.00032093672392834866,-0.06468625519684494,structural_group,unstratified,8675309
2047,12,-0.0034439534025555232,-0.010210987129906092,structural_group,unstratified,8675309
2048,12,-0.006246033357254349,-0.020152681409299943,structural_group,unstratified,8675309
2049,12,0.0,-0.008809260598244896,structural_group,unstratified,8675309
2050,12,-0.036226347372473364,-0.08790301502064535,structural_group,unstratified,8675309
2051,12,-0.00032093672392834866,-0.01834244355363211,structural_group,unstratified,8675309
2052,12,0.0,0.0012436340204298238,structural_group,unstratified,8675309
2053,12,-0.036226347372473364,-0.13169426099143286,structural_group,unstratified,8675309
2054,12,-0.006246033357254349,-0.012642389866044879,structural_group,unstratified,8675309
2055,12,-0.006246033357254349,-0.01415746024324257,structural_group,unstratified,8675309
2056,12,-0.01907392419508638,-0.17598251096476644,structural_group,unstratified,8675309
2057,12,-0.0034439534025555232,-0.01775638728021225,structural_group,unstratified,8675309
2058,12,-0.00032093672392834866,-0.06409913892910017,structural_group,unstratified,8675309
2059,12,0.0,-0.005969346538099471,structural_group,unstratified,8675309
2060,12,0.0,-0.06438524752073861,structural_group,unstratified,8675309
2061,12,0.0,-0.05414047262442917,structural_group,unstratified,8675309
2062,12,-0.0031230166786271746,-0.015983115532853292,structural_group,unstratified,8675309
2063,12,-0.008461049547044103,-0.02501609819630447,structural_group,unstratified,8675309
2064,12,-0.0034439534025555232,-0.062298379317688536,structural_group,unstratified,8675309
2065,12,0.0,-0.061421831206937894,structural_group,unstratified,8675309
2066,12,-0.021288940384876134,-0.07356729313076292,structural_group,unstratified,8675309
2067,12,-0.010676065736833856,-0.02202767525168357,structural_group,unstratified,8675309
2068,12,-0.00032093672392834866,-0.11647493949892762,structural_group,unstratified,8675309
2069,12,-0.03190181503291841,-0.12923935947806897,structural_group,unstratified,8675309
2070,12,-0.005658969592345277,-0.06831456159585064,structural_group,unstratified,8675309
2071,12,-0.0031230166786271746,-0.012420594971973445,structural_group,unstratified,8675309
2072,12,0.0,-0.00018196472846959919,structural_group,unstratified,8675309
2073,12,0.0,0.0006971755681346257,structural_group,unstratified,8675309
2074,12,-0.0006418734478566973,-0.06142629051295647,structural_group,unstratified,8675309
2075,12,-0.036226347372473364,-0.13010687802416135,structural_group,unstratified,8675309
2076,12,0.0,-0.1671457165850575,structural_group,unstratified,8675309
2077,12,-0.021288940384876134,-0.12161892758985794,structural_group,unstratified,8675309
2078,12,-0.036226347372473364,-0.1324769542281929,structural_group,unstratified,8675309
2079,12,-0.008461049547044103,-0.019088177072532454,structural_group,unstratified,8675309
2080,12,0.0,-0.1691386997712021,structural_group,unstratified,8675309
2081,12,-0.0034439534025555232,-0.012925337020703488,structural_group,unstratified,8675309
2082,12,-0.03190181503291841,-0.17611958593200525,structural_group,unstratified,8675309
2083,12,-0.016271844240387554,-0.12352137915337937,structural_group,unstratified,8675309
2084,12,-0.010676065736833856,-0.07212208425332138,structural_group,unstratified,8675309
2085,12,-0.03190181503291841,-0.07820276642125641,structural_group,unstratified,8675309
2086,12,-0.015950907516459206,-0.07678791585560969,structural_group,unstratified,8675309
2087,12,-0.01907392419508638,-0.07658766324545507,structural_group,unstratified,8675309
2088,12,-0.0034439534025555232,-0.013016234872149196,structural_group,unstratified,8675309
2089,12,0.0,-0.00017728908733023914,structural_group,unstratified,8675309
2090,12,-0.021288940384876134,-0.021710755544625024,structural_group,unstratified,8675309
2091,12,-0.010676065736833856,-0.06942840448539102,structural_group,unstratified,8675309
2092,12,-0.021288940384876134,-0.07381013571174183,structural_group,unstratified,8675309
2093,12,-0.0006418734478566973,-0.062354244622409405,structural_group,unstratified,8675309
2094,12,-0.006246033357254349,-0.06398236644969656,structural_group,unstratified,8675309
2095,12,-0.008461049547044103,-0.02030789295831267,structural_group,unstratified,8675309
2096,12,0.0,0.0010327386095221765,structural_group,unstratified,8675309
2097,12,-0.00032093672392834866,-0.0033072463052084885,structural_group,unstratified,8675309
2098,12,0.0,-0.05450496634825478,structural_group,unstratified,8675309
2099,12,0.0,-0.10930900821724117,structural_group,unstratified,8675309
2100,12,-0.005658969592345277,-0.06035157324733698,structural_group,unstratified,8675309
2101,12,0.0,-0.06213183841361101,structural_group,unstratified,8675309
2102,12,-0.005658969592345277,-0.06949219344303383,structural_group,unstratified,8675309
2103,12,-0.006246033357254349,-0.025047434051648765,structural_group,unstratified,8675309
2104,12,-0.00032093672392834866,-0.06233032648775979,structural_group,unstratified,8675309
2105,12,0.0,-0.056994534179520974,structural_group,unstratified,8675309
2106,12,-0.0034439534025555232,-0.16341884952800698,structural_group,unstratified,8675309
2107,12,-0.0034439534025555232,-0.11533130895492799,structural_group,unstratified,8675309
2108,12,-0.008461049547044103,-0.018592569970960347,structural_group,unstratified,8675309
2109,12,-0.006246033357254349,-0.062360317164522755,structural_group,unstratified,8675309
2110,12,-0.008461049547044103,-0.07608165125772852,structural_group,unstratified,8675309
2111,12,0.0,-0.061963532973527635,structural_group,unstratified,8675309
2112,12,-0.016271844240387554,-0.17262491865518056,structural_group,unstratified,8675309
2113,12,-0.00032093672392834866,-0.06620754941606706,structural_group,unstratified,8675309
2114,12,-0.008461049547044103,-0.06527254381474197,structural_group,unstratified,8675309
2115,12,0.0,-0.05918600543981437,structural_group,unstratified,8675309
2116,12,-0.00032093672392834866,-0.05771352503344096,structural_group,unstratified,8675309
2117,12,0.0,-0.005743324682486635,structural_group,unstratified,8675309
2118,12,-0.0006418734478566973,-0.009636994896146838,structural_group,unstratified,8675309
2119,12,-0.0031230166786271746,-0.11315526151902665,structural_group,unstratified,8675309
2120,12,0.0,-0.0650890308853873,structural_group,unstratified,8675309
2121,12,-0.006246033357254349,-0.020891573380999718,structural_group,unstratified,8675309
2122,12,-0.0006418734478566973,-0.00902321841419713,structural_group,unstratified,8675309
2123,12,-0.02339845653464133,-0.1284298370015258,structural_group,unstratified,8675309
2124,12,-0.021288940384876134,-0.07749430741546837,structural_group,unstratified,8675309
2125,12,-0.00032093672392834866,-0.07418292072352121,structural_group,unstratified,8675309
2126,12,-0.010676065736833856,-0.07565265764413,structural_group,unstratified,8675309
2127,12,-0.0034439534025555232,-0.07189817576104933,structural_group,unstratified,8675309
2128,12,0.0,-0.007447899486586244,structural_group,unstratified,8675309
2129,12,-0.00032093672392834866,-0.00924390739653227,structural_group,unstratified,8675309
2130,12,-0.0006418734478566973,-0.062354244622409405,structural_group,unstratified,8675309
2131,12,0.0,-0.05892619083355835,structural_group,unstratified,8675309
2132,12,0.0,-0.006338515903064429,structural_group,unstratified,8675309
2133,12,0.0,-0.011010420047466093,structural_group,unstratified,8675309
2134,12,-0.00032093672392834866,-0.006522245167539878,structural_group,unstratified,8675309
2135,12,-0.03190181503291841,-0.07528261611811525,structural_group,unstratified,8675309
2136,12,0.0,-0.06012470773252002,structural_group,unstratified,8675309
2137,12,-0.006246033357254349,-0.11655559509934786,structural_group,unstratified,8675309
2138,12,-0.0006418734478566973,-0.057041845708896005,structural_group,unstratified,8675309
2139,12,-0.006246033357254349,-0.1208309473972316,structural_group,unstratified,8675309
2140,12,-0.0034439534025555232,-0.06342252171088368,structural_group,unstratified,8675309
2141,12,-0.010676065736833856,-0.0746116520845876,structural_group,unstratified,8675309
2142,12,-0.0034439534025555232,-0.01059679079317132,structural_group,unstratified,8675309
2143,12,-0.008461049547044103,-0.025937106196384924,structural_group,unstratified,8675309
2144,12,-0.036226347372473364,-0.07435405069393537,structural_group,unstratified,8675309
2145,12,0.0,-0.10841933607250502,structural_group,unstratified,8675309
2146,12,-0.010676065736833856,-0.11887946568574066,structural_group,unstratified,8675309
2147,12,-0.008461049547044103,-0.11735993600252441,structural_group,unstratified,8675309
2148,12,0.0,-0.06398141183787134,structural_group,unstratified,8675309
2149,12,-0.010676065736833856,-0.023821383371223036,structural_group,unstratified,8675309
2150,12,-0.00032093672392834866,-0.0037681870888782738,structural_group,unstratified,8675309
2151,12,-0.021288940384876134,-0.17557743548581753,structural_group,unstratified,8675309
2152,12,-0.0006418734478566973,-0.11025216981596538,structural_group,unstratified,8675309
2153,12,-0.00032093672392834866,-0.05849648052273316,structural_group,unstratified,8675309
2154,12,0.0,-0.016239233447728783,structural_group,unstratified,8675309
2155,12,-0.005658969592345277,-0.061541717813778755,structural_group,unstratified,8675309
2156,12,-0.00032093672392834866,-0.009088771907845789,structural_group,unstratified,8675309
2157,12,-0.010676065736833856,-0.06818009482382184,structural_group,unstratified,8675309
2158,12,-0.005338032868416928,-0.11731112218967571,structural_group,unstratified,8675309
2159,12,-0.04055087971202831,-0.08839167601284499,structural_group,unstratified,8675309
2160,12,-0.036226347372473364,-0.18381631949711763,structural_group,unstratified,8675309
2161,12,0.0,-0.010828990573397201,structural_group,unstratified,8675309
2162,12,-0.021288940384876134,-0.07749430741546837,structural_group,unstratified,8675309
2163,12,0.0,0.0019072032649870413,structural_group,unstratified,8675309
2164,12,-0.0006418734478566973,-0.06046378103822233,structural_group,unstratified,8675309
2165,12,-0.00032093672392834866,-0.0064945249590100266,structural_group,unstratified,8675309
2166,12,-0.021288940384876134,-0.1757457409259009,structural_group,unstratified,8675309
2167,12,-0.0034439534025555232,-0.05559946136178523,structural_group,unstratified,8675309
2168,12,-0.005338032868416928,-0.16930761652601245,structural_group,unstratified,8675309
2169,12,-0.0034439534025555232,-0.06650388145103402,structural_group,unstratified,8675309
2170,12,-0.015950907516459206,-0.07736428394010175,structural_group,unstratified,8675309
2171,12,-0.006246033357254349,-0.008975801502322424,structural_group,unstratified,8675309
2172,12,-0.005658969592345277,-0.12175256671203899,structural_group,unstratified,8675309
2173,12,-0.036226347372473364,-0.13192450427835042,structural_group,unstratified,8675309
2174,12,-0.00032093672392834866,-0.12074340294006818,structural_group,unstratified,8675309
2175,12,-0.0006418734478566973,-0.06177787653791734,structural_group,unstratified,8675309
2176,12,0.0,-0.007189511103477645,structural_group,unstratified,8675309
2177,12,-0.008461049547044103,-0.018712061598195027,structural_group,unstratified,8675309
2178,12,-0.010676065736833856,-0.12425961250080964,structural_group,unstratified,8675309
2179,12,0.0,-0.05667885426854408,structural_group,unstratified,8675309
2180,12,-0.00032093672392834866,-0.06255449723256402,structural_group,unstratified,8675309
2181,12,-0.010676065736833856,-0.12290899957240366,structural_group,unstratified,8675309
2182,12,0.0,-0.01132372410771019,structural_group,unstratified,8675309
2183,12,-0.021288940384876134,-0.12473367731846492,structural_group,unstratified,8675309
2184,12,-0.010676065736833856,-0.07391481482931138,structural_group,unstratified,8675309
2185,12,-0.0034439534025555232,-0.06366211628007999,structural_group,unstratified,8675309
2186,12,0.0,-0.16627996257497096,structural_group,unstratified,8675309
2187,12,-0.008461049547044103,-0.07172096771828519,structural_group,unstratified,8675309
2188,12,-0.00032093672392834866,-0.009094844449959142,structural_group,unstratified,8675309
2189,12,-0.010676065736833856,-0.0745422965170587,structural_group,unstratified,8675309
2190,12,-0.0034439534025555232,-0.008442174688565712,structural_group,unstratified,8675309
2191,12,-0.0034439534025555232,-0.01461206623226684,structural_group,unstratified,8675309
2192,12,-0.008461049547044103,-0.016996738610842704,structural_group,unstratified,8675309
2193,12,-0.020596376579942503,-0.0285656001056985,structural_group,unstratified,8675309
2194,12,-0.0006418734478566973,-0.01093596948137332,structural_group,unstratified,8675309
2195,12,0.0,-0.11055264223767099,structural_group,unstratified,8675309
2196,12,-0.021288940384876134,-0.17796448371512621,structural_group,unstratified,8675309
2197,12,-0.04055087971202831,-0.19187192292354024,structural_group,unstratified,8675309
2198,12,-0.00032093672392834866,-0.16788431756751956,structural_group,unstratified,8675309
2199,12,-0.0034439534025555232,-0.009615347229730337,structural_group,unstratified,8675309
2200,12,-0.025613472724431083,-0.18120664872388978,structural_group,unstratified,8675309
2201,12,-0.0034439534025555232,-0.07053963917972143,structural_group,unstratified,8675309
2202,12,-0.03190181503291841,-0.12953745604904177,structural_group,unstratified,8675309
2203,12,-0.006246033357254349,-0.0686900657554611,structural_group,unstratified,8675309
2204,12,-0.03190181503291841,-0.12990055287189337,structural_group,unstratified,8675309
2205,12,-0.036226347372473364,-0.17954763972085627,structural_group,unstratified,8675309
2206,12,-0.0034439534025555232,-0.06524482360621213,structural_group,unstratified,8675309
2207,12,-0.010676065736833856,-0.020845367763361003,structural_group,unstratified,8675309
2208,12,-0.008461049547044103,-0.17247347985787465,structural_group,unstratified,8675309
2209,12,-0.025613472724431083,-0.2279185697377427,structural_group,unstratified,8675309
2210,12,-0.006246033357254349,-0.11983253180851346,structural_group,unstratified,8675309
2211,12,-0.008461049547044103,-0.11622098109966415,structural_group,unstratified,8675309
2212,12,-0.0034439534025555232,-0.0628366817725846,structural_group,unstratified,8675309
2213,12,-0.005338032868416928,-0.008050223243602302,structural_group,unstratified,8675309
2214,12,-0.01907392419508638,-0.07019819002328632,structural_group,unstratified,8675309
2215,12,-0.0031230166786271746,-0.015030265745201282,structural_group,unstratified,8675309
2216,12,-0.005338032868416928,-0.12464552154657453,structural_group,unstratified,8675309
2217,12,-0.010676065736833856,-0.11989892896136627,structural_group,unstratified,8675309
2218,12,-0.00032093672392834866,-0.06612776597669658,structural_group,unstratified,8675309
2219,12,-0.010676065736833856,-0.022639075882900473,structural_group,unstratified,8675309
2220,12,-0.0034439534025555232,-0.006893685000737945,structural_group,unstratified,8675309
2221,12,0.0,-0.11049070439083676,structural_group,unstratified,8675309
2222,12,-0.006246033357254349,-0.06615493212312878,structural_group,unstratified,8675309
2223,12,-0.0034439534025555232,-0.0594037360074734,structural_group,unstratified,8675309
2224,12,0.0,-0.01961847342373114,structural_group,unstratified,8675309
2225,12,-0.006246033357254349,-0.012013143642291717,structural_group,unstratified,8675309
2226,12,-0.0034439534025555232,-0.06354201333811836,structural_group,unstratified,8675309
2227,12,-0.0034439534025555232,-0.1219597654315661,structural_group,unstratified,8675309
2228,12,-0.0006418734478566973,-0.009989192235834657,structural_group,unstratified,8675309
2229,12,-0.03190181503291841,-0.08541344718937915,structural_group,unstratified,8675309
2230,12,0.0,-0.055117240546730804,structural_group,unstratified,8675309
2231,12,-0.0034439534025555232,-0.11455936390142067,structural_group,unstratified,8675309
2232,12,-0.008461049547044103,-0.12025051498632715,structural_group,unstratified,8675309
2233,12,-0.0034439534025555232,-0.05699910443816065,structural_group,unstratified,8675309
2234,12,-0.0031230166786271746,-0.05721226474718002,structural_group,unstratified,8675309
2235,12,-0.005338032868416928,-0.12097832186812511,structural_group,unstratified,8675309
2236,12,-0.010676065736833856,-0.07482331011013328,structural_group,unstratified,8675309
2237,12,-0.006246033357254349,-0.06194211765158832,structural_group,unstratified,8675309
2238,12,-0.03190181503291841,-0.07701304121223916,structural_group,unstratified,8675309
2239,12,-0.006246033357254349,-0.06975834284393538,structural_group,unstratified,8675309
2240,12,-0.008461049547044103,-0.12172061954196774,structural_group,unstratified,8675309
2241,12,0.0,-0.009530015988170722,structural_group,unstratified,8675309
2242,12,-0.00032093672392834866,-0.007196457212850113,structural_group,unstratified,8675309
2243,12,-0.021288940384876134,-0.07914362822957408,structural_group,unstratified,8675309
2244,12,-0.0006418734478566973,-0.013073951287678657,structural_group,unstratified,8675309
2245,12,-0.006246033357254349,-0.11565155912454456,structural_group,unstratified,8675309
2246,12,-0.006246033357254349,-0.010451529920478436,structural_group,unstratified,8675309
2247,12,-0.00032093672392834866,-0.0640944632879608,structural_group,unstratified,8675309
2248,12,-0.005338032868416928,-0.07013456370077252,structural_group,unstratified,8675309
2249,12,0.0,-0.01629272290171684,structural_group,unstratified,8675309
2250,12,-0.0034439534025555232,-0.01965477451732128,structural_group,unstratified,8675309
2251,12,-0.005658969592345277,-0.1179658754063549,structural_group,unstratified,8675309
2252,12,-0.00032093672392834866,-0.06586327572930119,structural_group,unstratified,8675309
2253,12,-0.006246033357254349,-0.012237314387095953,structural_group,unstratified,8675309
2254,12,-0.0034439534025555232,-0.06845514682740415,structural_group,unstratified,8675309
2255,12,-0.00032093672392834866,-0.058518739503876614,structural_group,unstratified,8675309
2256,12,-0.005658969592345277,-0.07024154260874861,structural_group,unstratified,8675309
2257,12,-0.0031230166786271746,-0.06540233494563141,structural_group,unstratified,8675309
2258,12,-0.00032093672392834866,-0.006609340945105344,structural_group,unstratified,8675309
2259,12,-0.03190181503291841,-0.07505844537331101,structural_group,unstratified,8675309
2260,12,0.0,-0.005864667420529911,structural_group,unstratified,8675309
2261,12,-0.0034439534025555232,-0.01115206527334453,structural_group,unstratified,8675309
2262,12,0.0,-0.011317651565596838,structural_group,unstratified,8675309
2263,12,-0.006246033357254349,-0.12118314473691942,structural_group,unstratified,8675309
2264,12,-0.006246033357254349,-0.05867592912567542,structural_group,unstratified,8675309
2265,12,-0.006246033357254349,-0.01122577476439232,structural_group,unstratified,8675309
2266,12,-0.0034439534025555232,-0.11806839500831245,structural_group,unstratified,8675309
2267,12,0.0,-0.05139021661964782,structural_group,unstratified,8675309
2268,12,-0.00032093672392834866,-0.062076584423617104,structural_group,unstratified,8675309
2269,12,-0.0031230166786271746,-0.009227243776058554,structural_group,unstratified,8675309
2270,12,-0.036226347372473364,-0.13440438392068885,structural_group,unstratified,8675309
2271,12,-0.010676065736833856,-0.020178101827423234,structural_group,unstratified,8675309
2272,12,-0.006246033357254349,-0.06537038777556016,structural_group,unstratified,8675309
2273,12,-0.010676065736833856,-0.07494887427948131,structural_group,unstratified,8675309
2274,12,-0.008461049547044103,-0.019889693445378227,structural_group,unstratified,8675309
2275,12,-0.005338032868416928,-0.11968119839370722,structural_group,unstratified,8675309
2276,12,-0.0031230166786271746,-0.009122564658488994,structural_group,unstratified,8675309
2277,12,0.0,-0.013292789159205199,structural_group,unstratified,8675309
2278,12,-0.006246033357254349,-0.008288652435974006,structural_group,unstratified,8675309
2279,12,-0.010676065736833856,-0.11805640702897811,structural_group,unstratified,8675309
2280,12,-0.036226347372473364,-0.1783314935644791,structural_group,unstratified,8675309
2281,12,-0.005338032868416928,-0.008299289666605631,structural_group,unstratified,8675309
2282,12,-0.005658969592345277,-0.06604916450938865,structural_group,unstratified,8675309
2283,12,-0.008461049547044103,-0.06639668620793712,structural_group,unstratified,8675309
2284,12,-0.005338032868416928,-0.12334839807215664,structural_group,unstratified,8675309
2285,12,0.0,-0.06817986247934466,structural_group,unstratified,8675309
2286,12,-0.01907392419508638,-0.07473808982119474,structural_group,unstratified,8675309
2287,12,-0.005338032868416928,-0.06624319327751886,structural_group,unstratified,8675309
2288,12,0.0,-0.11961696075646648,structural_group,unstratified,8675309
2289,12,-0.036226347372473364,-0.1344459138971882,structural_group,unstratified,8675309
2290,12,0.0,-0.008574341670187946,structural_group,unstratified,8675309
2291,12,-0.008461049547044103,-0.11859105730369568,structural_group,unstratified,8675309
2292,12,-0.006246033357254349,-0.01090278251522042,structural_group,unstratified,8675309
2293,12,-0.01907392419508638,-0.122653860607287,structural_group,unstratified,8675309
2294,12,0.0,-0.06268428836345345,structural_group,unstratified,8675309
2295,12,-0.0006418734478566973,-0.009522178910051518,structural_group,unstratified,8675309
2296,12,-0.008461049547044103,-0.16857980964421446,structural_group,unstratified,8675309
2297,12,-0.005658969592345277,-0.11901393245776948,structural_group,unstratified,8675309
2298,12,0.0,-0.06451266280089525,structural_group,unstratified,8675309
2299,12,0.0,-0.015821033934794344,structural_group,unstratified,8675309
2300,12,-0.0006418734478566973,-0.17600370995158499,structural_group,unstratified,8675309
2301,12,-0.010676065736833856,-0.12264223885677515,structural_group,unstratified,8675309
2302,12,-0.005658969592345277,-0.0677768704556815,structural_group,unstratified,8675309
2303,12,0.0,-0.007506064581713662,structural_group,unstratified,8675309
2304,12,-0.0006418734478566973,-0.01604344014359273,structural_group,unstratified,8675309
2305,12,0.0,-0.005732576499233922,structural_group,unstratified,8675309
2306,12,0.0,-0.0576243917180011,structural_group,unstratified,8675309
2307,12,-0.0006418734478566973,-0.06272341398737435,structural_group,unstratified,8675309
2308,12,-0.0034439534025555232,-0.17337989168341075,structural_group,unstratified,8675309
2309,12,-0.036226347372473364,-0.03625079437107449,structural_group,unstratified,8675309
2310,12,-0.01907392419508638,-0.12646544759117018,structural_group,unstratified,8675309
2311,12,-0.0006418734478566973,-0.012988514663619347,structural_group,unstratified,8675309
2312,12,-0.025613472724431083,-0.13044595132986367,structural_group,unstratified,8675309
2313,12,-0.006246033357254349,-0.06571183693199527,structural_group,unstratified,8675309
2314,12,0.0,-0.06225194135557264,structural_group,unstratified,8675309
2315,12,0.0,-0.11642145004493958,structural_group,unstratified,8675309
2316,12,-0.010676065736833856,-0.07089769272640183,structural_group,unstratified,8675309
2317,12,-0.0031230166786271746,-0.17202927875500484,structural_group,unstratified,8675309
2318,12,-0.0006418734478566973,-0.057524171906450115,structural_group,unstratified,8675309
2319,12,0.0,-0.05921961176339179,structural_group,unstratified,8675309
2320,12,-0.00032093672392834866,-0.05424277589126594,structural_group,unstratified,8675309
2321,12,-0.006246033357254349,-0.0654511487584801,structural_group,unstratified,8675309
2322,12,-0.016271844240387554,-0.12227774513294958,structural_group,unstratified,8675309
2323,12,-0.0031230166786271746,-0.11598160286558862,structural_group,unstratified,8675309
2324,12,-0.008461049547044103,-0.06769610947276157,structural_group,unstratified,8675309
2325,12,-0.005338032868416928,-0.12406915346208247,structural_group,unstratified,8675309
2326,12,-0.021288940384876134,-0.02740782206675249,structural_group,unstratified,8675309
2327,12,-0.015950907516459206,-0.027737865807796552,structural_group,unstratified,8675309
2328,12,-0.036226347372473364,-0.1306213082618192,structural_group,unstratified,8675309
2329,12,-0.006246033357254349,-0.019520524080413267,structural_group,unstratified,8675309
2330,12,-0.006246033357254349,-0.013976030769173678,structural_group,unstratified,8675309
2331,12,0.0,-0.056783533386113645,structural_group,unstratified,8675309
2332,12,-0.008461049547044103,-0.01925983590689811,structural_group,unstratified,8675309
2333,12,-0.0006418734478566973,-0.008994624638408161,structural_group,unstratified,8675309
2334,12,0.0,-0.005314593321420265,structural_group,unstratified,8675309
2335,12,-0.021288940384876134,-0.12776864360770138,structural_group,unstratified,8675309
2336,12,-0.005338032868416928,-0.11791238595236686,structural_group,unstratified,8675309
2337,12,-0.0006418734478566973,-0.11556807899379352,structural_group,unstratified,8675309
2338,12,0.0,-0.013933394880938027,structural_group,unstratified,8675309
2339,12,-0.00032093672392834866,-0.005416896588257021,structural_group,unstratified,8675309
2340,12,-0.01907392419508638,-0.02729239476593022,structural_group,unstratified,8675309
2341,12,-0.02339845653464133,-0.12889685032730894,structural_group,unstratified,8675309
2342,12,-0.0006418734478566973,-0.0121800521814011,structural_group,unstratified,8675309
2343,12,0.0,-0.012730202340836994,structural_group,unstratified,8675309
2344,12,0.0,-0.007409617521869476,structural_group,unstratified,8675309
2345,12,-0.0034439534025555232,-0.05808902919305143,structural_group,unstratified,8675309
2346,12,-0.036226347372473364,-0.18121132436502915,structural_group,unstratified,8675309
2347,12,-0.00032093672392834866,-0.013954488485256876,structural_group,unstratified,8675309
2348,12,-0.0034439534025555232,-0.11413670508246765,structural_group,unstratified,8675309
2349,12,-0.0034439534025555232,-0.013824697354367442,structural_group,unstratified,8675309
2350,12,-0.036226347372473364,-0.12840863801470728,structural_group,unstratified,8675309
2351,12,-0.005658969592345277,-0.008248100003024129,structural_group,unstratified,8675309
2352,12,-0.008461049547044103,-0.12409069574599929,structural_group,unstratified,8675309
2353,12,-0.0006418734478566973,-0.06688719831094535,structural_group,unstratified,8675309
2354,12,-0.0031230166786271746,-0.06410521147121351,structural_group,unstratified,8675309
2355,12,0.0,-0.008574341670187948,structural_group,unstratified,8675309
2356,12,0.0,-0.012849693968071669,structural_group,unstratified,8675309
2357,12,-0.00032093672392834866,-0.06695320048419197,structural_group,unstratified,8675309
2358,12,-0.006246033357254349,-0.009952569424624044,structural_group,unstratified,8675309
2359,12,-0.02339845653464133,-0.1284298370015258,structural_group,unstratified,8675309
2360,12,-0.0006418734478566973,-0.016453191263681013,structural_group,unstratified,8675309
2361,12,-0.008461049547044103,-0.0673888779546308,structural_group,unstratified,8675309
2362,12,-0.006246033357254349,-0.16904075042788425,structural_group,unstratified,8675309
2363,12,0.0,-0.01204509081236297,structural_group,unstratified,8675309
2364,12,-0.00032093672392834866,-0.11205458858088317,structural_group,unstratified,8675309
2365,12,-0.006246033357254349,-0.01744854444735455,structural_group,unstratified,8675309
2366,12,-0.010676065736833856,-0.017125073610529708,structural_group,unstratified,8675309
2367,12,-0.03190181503291841,-0.023339611235766566,structural_group,unstratified,8675309
2368,12,-0.005338032868416928,-0.12227544534254302,structural_group,unstratified,8675309
2369,12,-0.006246033357254349,-0.01506595552406446,structural_group,unstratified,8675309
2370,12,0.0,-0.053299614292541715,structural_group,unstratified,8675309
2371,12,-0.021288940384876134,-0.07149354896169835,structural_group,unstratified,8675309
2372,12,-0.005338032868416928,-0.012557669939212215,structural_group,unstratified,8675309
2373,12,-0.0034439534025555232,-0.016757360376767175,structural_group,unstratified,8675309
2374,12,-0.021288940384876134,-0.12441105129811554,structural_group,unstratified,8675309
2375,12,-0.0031230166786271746,-0.015880595930895754,structural_group,unstratified,8675309
2376,12,-0.0034439534025555232,-0.12024444244421377,structural_group,unstratified,8675309
2377,12,-0.010676065736833856,-0.010290508316744398,structural_group,unstratified,8675309
2378,12,-0.006246033357254349,-0.021890600284444794,structural_group,unstratified,8675309
2379,12,-0.010676065736833856,-0.07648276779276474,structural_group,unstratified,8675309
2380,12,-0.010676065736833856,-0.174529378434403,structural_group,unstratified,8675309
2381,12,-0.005658969592345277,-0.015230302020235125,structural_group,unstratified,8675309
2382,12,-0.008461049547044103,-0.17338358837479131,structural_group,unstratified,8675309
2383,12,0.0,-0.017336104311992038,structural_group,unstratified,8675309
2384,12,-0.006246033357254349,-0.06721996119982049,structural_group,unstratified,8675309
2385,12,0.0,-0.016038980837574154,structural_group,unstratified,8675309
2386,12,0.0,-0.057884206324257136,structural_group,unstratified,8675309
2387,12,-0.021288940384876134,-0.12980410581204918,structural_group,unstratified,8675309
2388,12,-0.005338032868416928,-0.013158933701903361,structural_group,unstratified,8675309
2389,12,-0.0031230166786271746,-0.06633028905508433,structural_group,unstratified,8675309
2390,12,-0.006246033357254349,-0.018089150169087378,structural_group,unstratified,8675309
2391,12,-0.020596376579942503,-0.22476580029695112,structural_group,unstratified,8675309
2392,12,-0.0006418734478566973,-0.06259101466127494,structural_group,unstratified,8675309
2393,12,-0.0034439534025555232,-0.11710012139626835,structural_group,unstratified,8675309
2394,12,-0.00032093672392834866,-0.12216001804172073,structural_group,unstratified,8675309
2395,12,-0.0006418734478566973,-0.07079338124386413,structural_group,unstratified,8675309
2396,12,-0.006246033357254349,-0.019186021033350632,structural_group,unstratified,8675309
2397,12,-0.0006418734478566973,-0.016047504470005136,structural_group,unstratified,8675309
2398,12,-0.0034439534025555232,-0.11952368705428795,structural_group,unstratified,8675309
2399,12,-0.036226347372473364,-0.13250317215324905,structural_group,unstratified,8675309
2400,12,-0.005338032868416928,-0.014206990753317916,structural_group,unstratified,8675309
2401,12,-0.0034439534025555232,-0.059034566642508446,structural_group,unstratified,8675309
2402,12,-0.0006418734478566973,-0.11603976796071602,structural_group,unstratified,8675309
2403,12,0.0,-0.05626303060634244,structural_group,unstratified,8675309
2404,12,-0.008461049547044103,-0.00680191358203312,structural_group,unstratified,8675309
2405,12,-0.0034439534025555232,-0.06366211628007999,structural_group,unstratified,8675309
2406,12,-0.0006418734478566973,-0.12095736075602039,structural_group,unstratified,8675309
2407,12,-0.0034439534025555232,-0.16929449249202697,structural_group,unstratified,8675309
2408,12,0.0,-0.1632140266592127,structural_group,unstratified,8675309
2409,12,-0.036226347372473364,-0.17647117195696604,structural_group,unstratified,8675309
2410,12,-0.010676065736833856,-0.0671612428629232,structural_group,unstratified,8675309
2411,12,0.0,-0.005459591941580987,structural_group,unstratified,8675309
2412,12,-0.0034439534025555232,-0.01910700020861819,structural_group,unstratified,8675309
2413,12,-0.06899179416040663,-0.14194695954066425,structural_group,unstratified,8675309
2414,12,-0.03190181503291841,-0.22535291656469583,structural_group,unstratified,8675309
2415,12,-0.008461049547044103,-0.12093853761993467,structural_group,unstratified,8675309
2416,12,0.0,-0.06545820025035226,structural_group,unstratified,8675309
2417,12,-0.01907392419508638,-0.02400131056181824,structural_group,unstratified,8675309
2418,12,-0.021288940384876134,-0.1270478882177756,structural_group,unstratified,8675309
2419,12,-0.00032093672392834866,-0.11101120717060797,structural_group,unstratified,8675309
2420,12,-0.0006418734478566973,-0.06331177005120077,structural_group,unstratified,8675309
2421,12,-0.0034439534025555232,-0.1200488654751985,structural_group,unstratified,8675309
2422,12,-0.00032093672392834866,-0.06589284704863962,structural_group,unstratified,8675309
2423,12,-0.005338032868416928,-0.01859494582169315,structural_group,unstratified,8675309
2424,12,-0.0006418734478566973,-0.012583439184670421,structural_group,unstratified,8675309
2425,12,-0.0031230166786271746,-0.06338384476656074,structural_group,unstratified,8675309
2426,12,-0.03190181503291841,-0.22841417683931478,structural_group,unstratified,8675309
2427,12,-0.02339845653464133,-0.07915561620890842,structural_group,unstratified,8675309
2428,12,-0.0006418734478566973,-0.06522558111270187,structural_group,unstratified,8675309
2429,12,-0.005658969592345277,-0.02293171122648688,structural_group,unstratified,8675309
2430,12,-0.0006418734478566973,-0.006571058980388576,structural_group,unstratified,8675309
2431,12,-0.00032093672392834866,-0.011953581646190306,structural_group,unstratified,8675309
2432,12,-0.008461049547044103,-0.06836337540869931,structural_group,unstratified,8675309
2433,12,-0.0034439534025555232,-0.11383860851149484,structural_group,unstratified,8675309
2434,12,-0.00032093672392834866,-0.00958818108329814,structural_group,unstratified,8675309
2435,12,-0.008461049547044103,-0.013798928108909236,structural_group,unstratified,8675309
2436,12,-0.05477133693621747,-0.1859149593443813,structural_group,unstratified,8675309
2437,12,-0.008461049547044103,-0.07487234025810276,structural_group,unstratified,8675309
2438,12,0.0,-0.002485427444527552,structural_group,unstratified,8675309
2439,12,0.0,-0.005026184939375258,structural_group,unstratified,8675309
2440,12,-0.005658969592345277,-0.009073534510519513,structural_group,unstratified,8675309
2441,12,-0.008461049547044103,-0.02165850588671861,structural_group,unstratified,8675309
2442,12,0.0,-0.06195885733238827,structural_group,unstratified,8675309
2443,12,-0.006246033357254349,-0.06857057412822642,structural_group,unstratified,8675309
2444,12,0.0,-0.015462612753082097,structural_group,unstratified,8675309
2445,12,0.0,-0.005799189987207496,structural_group,unstratified,8675309
2446,12,-0.010676065736833856,-0.1281483448207983,structural_group,unstratified,8675309
2447,12,-0.0034439534025555232,-0.06857524976936578,structural_group,unstratified,8675309
2448,12,-0.010676065736833856,-0.02145130716719151,structural_group,unstratified,8675309
2449,12,-0.00032093672392834866,-0.015153767998856578,structural_group,unstratified,8675309
2450,12,0.0,-0.007852974965535168,structural_group,unstratified,8675309
2451,12,-0.03190181503291841,-0.12693974475330264,structural_group,unstratified,8675309
2452,12,-0.008461049547044103,-0.07434716183719219,structural_group,unstratified,8675309
2453,12,0.0,-0.0020376566122546624,structural_group,unstratified,8675309
2454,12,-0.015950907516459206,-0.17179718435727867,structural_group,unstratified,8675309
2455,12,-0.0034439534025555232,-0.067825900603651,structural_group,unstratified,8675309
2456,12,-0.0034439534025555232,-0.01287184756671543,structural_group,unstratified,8675309
2457,12,-0.00032093672392834866,-0.006489849317870666,structural_group,unstratified,8675309
2458,12,-0.005338032868416928,-0.013158933701903361,structural_group,unstratified,8675309
2459,12,-0.00032093672392834866,-0.013504447184750877,structural_group,unstratified,8675309
2460,12,-0.008461049547044103,-0.06706625193428144,structural_group,unstratified,8675309
2461,12,-0.005338032868416928,-0.07394615068465568,structural_group,unstratified,8675309
2462,12,-0.0006418734478566973,-0.015218005636097346,structural_group,unstratified,8675309
2463,12,-0.005338032868416928,-0.012308603516208888,structural_group,unstratified,8675309
2464,12,-0.0034439534025555232,-0.008687393120277415,structural_group,unstratified,8675309
2465,12,0.0,-0.01338049625149762,structural_group,unstratified,8675309
2466,12,-0.0034439534025555232,-0.06498413543269696,structural_group,unstratified,8675309
2467,12,0.0,-0.00638754605103391,structural_group,unstratified,8675309
2468,12,0.0,-0.12425243404695996,structural_group,unstratified,8675309
2469,12,-0.006246033357254349,-0.06069402432513991,structural_group,unstratified,8675309
2470,12,-0.025613472724431083,-0.08032294855243688,structural_group,unstratified,8675309
2471,12,0.0,-0.0032361735112163372,structural_group,unstratified,8675309
2472,12,0.0,-0.012476460276694306,structural_group,unstratified,8675309
2473,12,-0.0006418734478566973,-0.016079346257576694,structural_group,unstratified,8675309
2474,12,0.0,-0.05669643760854817,structural_group,unstratified,8675309
2475,12,-0.0031230166786271746,-0.117750415306929,structural_group,unstratified,8675309
2476,12,-0.010676065736833856,-0.023511776002359486,structural_group,unstratified,8675309
2477,12,-0.010676065736833856,-0.025639009625412115,structural_group,unstratified,8675309
2478,12,-0.03190181503291841,-0.03050147819104061,structural_group,unstratified,8675309
2479,12,-0.008461049547044103,-0.06532603326873003,structural_group,unstratified,8675309
2480,12,-0.005658969592345277,-0.013265912609879478,structural_group,unstratified,8675309
2481,12,0.0,-0.05847493823881635,structural_group,unstratified,8675309
2482,12,-0.03190181503291841,-0.07801948583637891,structural_group,unstratified,8675309
2483,12,-0.0034439534025555232,-0.11710012139626837,structural_group,unstratified,8675309
2484,12,-0.010676065736833856,-0.06994890726516222,structural_group,unstratified,8675309
2485,12,-0.00032093672392834866,-0.011232826256264481,structural_group,unstratified,8675309
2486,12,-0.006246033357254349,-0.11809231314296208,structural_group,unstratified,8675309
2487,12,-0.0031230166786271746,-0.014910162803239648,structural_group,unstratified,8675309
2488,12,-0.016271844240387554,-0.17551787348971615,structural_group,unstratified,8675309
2489,12,-0.010676065736833856,-0.072146002387971,structural_group,unstratified,8675309
2490,12,0.0,-0.007070019476242966,structural_group,unstratified,8675309
2491,12,-0.0031230166786271746,-0.014214303091512913,structural_group,unstratified,8675309
2492,12,-0.005338032868416928,-0.11918461374858565,structural_group,unstratified,8675309
2493,12,-0.021288940384876134,-0.07530751179631433,structural_group,unstratified,8675309
2494,12,-0.00032093672392834866,-0.06198887733132468,structural_group,unstratified,8675309
2495,12,-0.005658969592345277,-0.11752278021522138,structural_group,unstratified,8675309
2496,12,-0.0034439534025555232,-0.06147510432580517,structural_group,unstratified,8675309
2497,12,0.0,-0.007506064581713662,structural_group,unstratified,8675309
2498,12,-0.00032093672392834866,-0.004239876055800771,structural_group,unstratified,8675309
2499,12,-0.01907392419508638,-0.07614219220358875,structural_group,unstratified,8675309
2500,12,0.0,-0.007616816241396574,structural_group,unstratified,8675309
2501,12,-0.008461049547044103,-0.067170931051851,structural_group,unstratified,8675309
2502,12,-0.005658969592345277,-0.06452787029016653,structural_group,unstratified,8675309
2503,12,0.0,-0.11800653322180449,structural_group,unstratified,8675309
2504,12,-0.0031230166786271746,-0.11465958371297165,structural_group,unstratified,8675309
2505,12,-0.0034439534025555232,-0.06354201333811836,structural_group,unstratified,8675309
2506,12,0.0,-0.008574341670187946,structural_group,unstratified,8675309
2507,12,0.0,-0.07211155240518946,structural_group,unstratified,8675309
2508,12,-0.0031230166786271746,-0.009561857775742281,structural_group,unstratified,8675309
2509,12,0.0,-0.05664294815456011,structural_group,unstratified,8675309
2510,12,-0.00032093672392834866,-0.06325828059721271,structural_group,unstratified,8675309
2511,12,-0.0006418734478566973,-0.06365604373796664,structural_group,unstratified,8675309
2512,12,-0.0034439534025555232,-0.010680376306422032,structural_group,unstratified,8675309
2513,12,-0.008461049547044103,-0.07172564335942454,structural_group,unstratified,8675309
2514,12,-0.03190181503291841,-0.07877913450574849,structural_group,unstratified,8675309
2515,12,-0.008461049547044103,-0.06992725959874571,structural_group,unstratified,8675309
2516,12,-0.0006418734478566973,-0.06123071354394121,structural_group,unstratified,8675309
2517,12,0.0,-0.004333149757979284,structural_group,unstratified,8675309
2518,12,-0.00032093672392834866,-0.002927328756990817,structural_group,unstratified,8675309
2519,12,-0.0006418734478566973,-0.01226775927369352,structural_group,unstratified,8675309
2520,12,-0.0034439534025555232,-0.007038072306171713,structural_group,unstratified,8675309
2521,12,0.0,-0.006908048830805106,structural_group,unstratified,8675309
2522,12,-0.01907392419508638,-0.07005380271785255,structural_group,unstratified,8675309
2523,12,-0.0006418734478566973,-0.0674016285486032,structural_group,unstratified,8675309
2524,12,-0.008461049547044103,-0.11793630408701648,structural_group,unstratified,8675309
2525,12,-0.008461049547044103,-0.12129857203774169,structural_group,unstratified,8675309
2526,12,0.0,-0.007991901043582538,structural_group,unstratified,8675309
2527,12,-0.03190181503291841,-0.17716059149154761,structural_group,unstratified,8675309
2528,12,-0.0034439534025555232,-0.06080337908384883,structural_group,unstratified,8675309
2529,12,-0.005338032868416928,-0.061632615665224454,structural_group,unstratified,8675309
2530,12,-0.008461049547044103,-0.07007869839605164,structural_group,unstratified,8675309
2531,12,-0.005658969592345277,-0.020038756391951355,structural_group,unstratified,8675309
2532,12,-0.00032093672392834866,-0.05993860261731176,structural_group,unstratified,8675309
2533,12,-0.006246033357254349,-0.014660880045115537,structural_group,unstratified,8675309
2534,12,-0.00032093672392834866,-0.1686158211406981,structural_group,unstratified,8675309
2535,12,-0.006246033357254349,-0.12248026821133733,structural_group,unstratified,8675309
2536,12,0.0,-0.014101251641423444,structural_group,unstratified,8675309
2537,12,-0.0034439534025555232,-0.014731557859501518,structural_group,unstratified,8675309
2538,12,-0.008461049547044103,-0.013798928108909236,structural_group,unstratified,8675309
2539,12,-0.008461049547044103,-0.06584653604850123,structural_group,unstratified,8675309
2540,12,-0.010676065736833856,-0.06658487477843116,structural_group,unstratified,8675309
2541,12,-0.010676065736833856,-0.06895049167644408,structural_group,unstratified,8675309
2542,12,-0.006246033357254349,-0.12217066084247374,structural_group,unstratified,8675309
2543,12,-0.0034439534025555232,-0.06917651353205694,structural_group,unstratified,8675309
2544,12,-0.03190181503291841,-0.12403219374422277,structural_group,unstratified,8675309
2545,12,-0.006246033357254349,-0.015484155036998902,structural_group,unstratified,8675309
2546,12,-0.0034439534025555232,-0.012371564824003962,structural_group,unstratified,8675309
2547,12,-0.008461049547044103,-0.016864864024667497,structural_group,unstratified,8675309
2548,12,-0.010676065736833856,-0.02471105551595919,structural_group,unstratified,8675309
2549,12,-0.010676065736833856,-0.12192148346684933,structural_group,unstratified,8675309
2550,12,-0.00032093672392834866,-0.015251611959674756,structural_group,unstratified,8675309
2551,12,0.0,-0.01710400991426585,structural_group,unstratified,8675309
2552,12,-0.05477133693621747,-0.23496500939219445,structural_group,unstratified,8675309
2553,12,-0.00032093672392834866,-0.004137356453843233,structural_group,unstratified,8675309
2554,12,-0.00032093672392834866,-0.012073073273424986,structural_group,unstratified,8675309
2555,12,-0.0034439534025555232,-0.11640426168454164,structural_group,unstratified,8675309
2556,12,0.0,-0.06366449213081281,structural_group,unstratified,8675309
2557,12,-0.010676065736833856,-0.07185804268552394,structural_group,unstratified,8675309
2558,12,-0.025613472724431083,-0.128338065582821,structural_group,unstratified,8675309
2559,12,-0.04055087971202831,-0.02925723285588383,structural_group,unstratified,8675309
2560,12,-0.0034439534025555232,-0.11915451768932299,structural_group,unstratified,8675309
2561,12,-0.0034439534025555232,-0.11910102823533493,structural_group,unstratified,8675309
2562,12,0.0,-0.013461705914015529,structural_group,unstratified,8675309
2563,12,-0.0006418734478566973,-0.008214307252380926,structural_group,unstratified,8675309
2564,12,-0.006246033357254349,-0.1684643823433922,structural_group,unstratified,8675309
2565,12,-0.008461049547044103,-0.12329253276743578,structural_group,unstratified,8675309
2566,12,-0.0034439534025555232,-0.008704365145554555,structural_group,unstratified,8675309
2567,12,-0.008461049547044103,-0.01125349497292217,structural_group,unstratified,8675309
2568,12,-0.036226347372473364,-0.23150500843327207,structural_group,unstratified,8675309
2569,12,-0.0031230166786271746,-0.11362695048594916,structural_group,unstratified,8675309
2570,12,-0.03190181503291841,-0.13302605078375304,structural_group,unstratified,8675309
2571,12,-0.0034439534025555232,-0.11757181036319085,structural_group,unstratified,8675309
2572,12,-0.00032093672392834866,-0.011953581646190307,structural_group,unstratified,8675309
2573,12,-0.036226347372473364,-0.18293717920051342,structural_group,unstratified,8675309
2574,12,-0.010676065736833856,-0.07830039404695381,structural_group,unstratified,8675309
2575,12,-0.0034439534025555232,-0.1146640430189902,structural_group,unstratified,8675309
2576,12,-0.010676065736833856,-0.12682994131499578,structural_group,unstratified,8675309
2577,12,-0.0006418734478566973,-0.05690126047734247,structural_group,unstratified,8675309
2578,12,-0.008461049547044103,-0.17426956382814693,structural_group,unstratified,8675309
2579,12,-0.00032093672392834866,-0.0033119219463478484,structural_group,unstratified,8675309
2580,12,-0.0031230166786271746,-0.057683953714102516,structural_group,unstratified,8675309
2581,12,-0.03190181503291841,-0.126756231823948,structural_group,unstratified,8675309
2582,12,-0.008461049547044103,-0.11983699111453204,structural_group,unstratified,8675309
2583,12,-0.015950907516459206,-0.07441783965157817,structural_group,unstratified,8675309
2584,12,-0.00032093672392834866,-0.059457441796582244,structural_group,unstratified,8675309
2585,12,-0.0031230166786271746,-0.11645329183251109,structural_group,unstratified,8675309
2586,12,-0.00032093672392834866,-0.004696141198331197,structural_group,unstratified,8675309
2587,12,-0.0034439534025555232,-0.013539113502653195,structural_group,unstratified,8675309
2588,12,-0.0006418734478566973,-0.011535382133255867,structural_group,unstratified,8675309
2589,12,-0.021288940384876134,-0.02491402727394489,structural_group,unstratified,8675309
2590,12,-0.0006418734478566973,-0.11805764682505976,structural_group,unstratified,8675309
2591,12,-0.005658969592345277,-0.022460022259564384,structural_group,unstratified,8675309
2592,12,-0.010676065736833856,-0.17562624929866624,structural_group,unstratified,8675309
2593,12,-0.04055087971202831,-0.08518541711806536,structural_group,unstratified,8675309
2594,12,-0.021288940384876134,-0.07516074864014778,structural_group,unstratified,8675309
2595,12,-0.0034439534025555232,-0.00761444039066377,structural_group,unstratified,8675309
2596,12,-0.0031230166786271746,-0.06231150335167405,structural_group,unstratified,8675309
2597,12,-0.021288940384876134,-0.1233380985685019,structural_group,unstratified,8675309
2598,12,-0.010676065736833856,-0.07411506743946601,structural_group,unstratified,8675309
2599,12,-0.020596376579942503,-0.17458930806553627,structural_group,unstratified,8675309
2600,12,-0.008461049547044103,-0.06905923512042607,structural_group,unstratified,8675309
2601,12,0.0,-0.014614442082999645,structural_group,unstratified,8675309
2602,12,-0.0034439534025555232,-0.06675294787403734,structural_group,unstratified,8675309
2603,12,-0.0031230166786271746,-0.01443847383631715,structural_group,unstratified,8675309
2604,12,0.0,-0.06463276574285687,structural_group,unstratified,8675309
2605,12,-0.010676065736833856,-0.17286992075177152,structural_group,unstratified,8675309
2606,12,-0.0006418734478566973,-0.06877550237952042,structural_group,unstratified,8675309
2607,12,-0.0034439534025555232,-0.015241923770746957,structural_group,unstratified,8675309
2608,12,-0.0006418734478566973,-0.06958396486173865,structural_group,unstratified,8675309
2609,12,-0.0034439534025555232,-0.06366211628008,structural_group,unstratified,8675309
2610,12,-0.006246033357254349,-0.22112814261566668,structural_group,unstratified,8675309
2611,12,-0.00032093672392834866,-0.06672902973938771,structural_group,unstratified,8675309
2612,12,0.0,-0.05927310121737984,structural_group,unstratified,8675309
2613,12,-0.006246033357254349,-0.12190390012684522,structural_group,unstratified,8675309
2614,12,0.0,-0.0670829916150814,structural_group,unstratified,8675309
2615,12,-0.00032093672392834866,-0.06576075612734365,structural_group,unstratified,8675309
2616,12,-0.00032093672392834866,-0.01325538076174755,structural_group,unstratified,8675309
2617,12,-0.005658969592345277,-0.17380255050236382,structural_group,unstratified,8675309
2618,12,-0.010676065736833856,-0.12171655521555536,structural_group,unstratified,8675309
2619,12,-0.0034439534025555232,-0.010526667040882993,structural_group,unstratified,8675309
2620,12,-0.036226347372473364,-0.0848370791048871,structural_group,unstratified,8675309
2621,12,-0.00032093672392834866,-0.06374287726299994,structural_group,unstratified,8675309
2622,12,-0.008461049547044103,-0.07241682743001192,structural_group,unstratified,8675309
2623,12,-0.008461049547044103,-0.06460527787880421,structural_group,unstratified,8675309
2624,12,-0.025613472724431083,-0.12689594348824237,structural_group,unstratified,8675309
2625,12,-0.016271844240387554,-0.1252776788754612,structural_group,unstratified,8675309
2626,12,-0.00032093672392834866,-0.06196115712279482,structural_group,unstratified,8675309
2627,12,-0.010676065736833856,-0.017058676457676916,structural_group,unstratified,8675309
2628,12,0.0,-0.060834714939193124,structural_group,unstratified,8675309
2629,12,-0.021288940384876134,-0.02572021928793003,structural_group,unstratified,8675309
2630,12,-0.021288940384876134,-0.024432417773617415,structural_group,unstratified,8675309
2631,12,-0.021288940384876134,-0.12798497727438643,structural_group,unstratified,8675309
2632,12,-0.008461049547044103,-0.06911272457441413,structural_group,unstratified,8675309
2633,12,-0.036226347372473364,-0.13207583769315667,structural_group,unstratified,8675309
2634,12,-0.00032093672392834866,-0.059337338854620614,structural_group,unstratified,8675309
2635,12,-0.008461049547044103,-0.07177683302300604,structural_group,unstratified,8675309
2636,12,-0.006246033357254349,-0.009875161835986378,structural_group,unstratified,8675309
2637,12,-0.008461049547044103,-0.024802826934664013,structural_group,unstratified,8675309
2638,12,-0.010676065736833856,-0.16900246846316747,structural_group,unstratified,8675309
2639,12,-0.00032093672392834866,-0.11930128084548958,structural_group,unstratified,8675309
2640,12,0.0,-0.10883731925031866,structural_group,unstratified,8675309
2641,12,-0.008461049547044103,-0.06824388378146466,structural_group,unstratified,8675309
2642,12,-0.04055087971202831,-0.08460860035397537,structural_group,unstratified,8675309
2643,12,-0.0006418734478566973,-0.05512637549388875,structural_group,unstratified,8675309
2644,12,-0.00032093672392834866,-0.06053661836822032,structural_group,unstratified,8675309
2645,12,-0.0034439534025555232,-0.061946793292727675,structural_group,unstratified,8675309
2646,12,-0.008461049547044103,-0.0659024013532221,structural_group,unstratified,8675309
2647,12,-0.021288940384876134,-0.12669569087808774,structural_group,unstratified,8675309
2648,12,-0.0034439534025555232,-0.06334643636910309,structural_group,unstratified,8675309
2649,12,-0.0034439534025555232,-0.008704365145554555,structural_group,unstratified,8675309
2650,12,-0.021288940384876134,-0.12126673025017014,structural_group,unstratified,8675309
2651,12,-0.036226347372473364,-0.18121132436502915,structural_group,unstratified,8675309
2652,12,0.0,-0.05921961176339179,structural_group,unstratified,8675309
2653,12,-0.0034439534025555232,-0.06438287167000582,structural_group,unstratified,8675309
2654,12,-0.015950907516459206,-0.12217076622497343,structural_group,unstratified,8675309
2655,12,-0.03190181503291841,-0.13068324610865342,structural_group,unstratified,8675309
2656,12,-0.021288940384876134,-0.1249874193826076,structural_group,unstratified,8675309
2657,12,-0.03190181503291841,-0.025878604194608416,structural_group,unstratified,8675309
2658,12,-0.036226347372473364,-0.1369530650684585,structural_group,unstratified,8675309
2659,12,-0.03190181503291841,-0.07848649916216206,structural_group,unstratified,8675309
2660,12,-0.0006418734478566973,-0.011945133253344148,structural_group,unstratified,8675309
2661,12,0.0,-0.0015325776568755392,structural_group,unstratified,8675309
2662,12,-0.005658969592345277,-0.0673485877742131,structural_group,unstratified,8675309
2663,12,-0.021288940384876134,-0.07086369142321823,structural_group,unstratified,8675309
2664,12,-0.00032093672392834866,-0.006004012856001791,structural_group,unstratified,8675309
2665,12,0.0,-0.059906760829740204,structural_group,unstratified,8675309
2666,12,-0.010676065736833856,-0.07226549401520568,structural_group,unstratified,8675309
2667,12,-0.036226347372473364,-0.02406036662569239,structural_group,unstratified,8675309
2668,12,-0.0034439534025555232,-0.06608568193809958,structural_group,unstratified,8675309
2669,12,-0.006246033357254349,-0.17699122605713932,structural_group,unstratified,8675309
2670,12,-0.00032093672392834866,-0.006609340945105344,structural_group,unstratified,8675309
2671,12,-0.005338032868416928,-0.05889398141095492,structural_group,unstratified,8675309
2672,12,-0.0034439534025555232,-0.01117696095154362,structural_group,unstratified,8675309
2673,12,-0.03190181503291841,-0.02464748289343716,structural_group,unstratified,8675309
2674,12,-0.0034439534025555232,-0.06912302407806888,structural_group,unstratified,8675309
2675,12,-0.0031230166786271746,-0.06612309033555723,structural_group,unstratified,8675309
2676,12,-0.010676065736833856,-0.02304008703543699,structural_group,unstratified,8675309
2677,12,-0.008461049547044103,-0.0701321878500397,structural_group,unstratified,8675309
2678,12,0.0,-0.010343154111528327,structural_group,unstratified,8675309
2679,12,-0.03190181503291841,-0.07926311985680876,structural_group,unstratified,8675309
2680,12,-0.010676065736833856,-0.07231898346919373,structural_group,unstratified,8675309
2681,12,0.0,-0.01011105971380214,structural_group,unstratified,8675309
2682,12,-0.00032093672392834866,-0.013722394087530685,structural_group,unstratified,8675309
2683,12,-0.06899179416040663,-0.19271233257582973,structural_group,unstratified,8675309
2684,12,0.0,-0.054543248312971554,structural_group,unstratified,8675309
2685,12,-0.008461049547044103,-0.014622814415519554,structural_group,unstratified,8675309
2686,12,-0.00032093672392834866,-0.0011671049832911295,structural_group,unstratified,8675309
2687,12,-0.016271844240387554,-0.07030754478199523,structural_group,unstratified,8675309
2688,12,-0.008461049547044103,-0.019689440835223598,structural_group,unstratified,8675309
2689,12,-0.0034439534025555232,-0.11466404301899025,structural_group,unstratified,8675309
2690,12,-0.036226347372473364,-0.12542021507008635,structural_group,unstratified,8675309
2691,12,-0.021288940384876134,-0.1729092627108132,structural_group,unstratified,8675309
2692,12,-0.010676065736833856,-0.0731381941346647,structural_group,unstratified,8675309
2693,12,-0.00032093672392834866,-0.06516741601757443,structural_group,unstratified,8675309
2694,12,-0.021288940384876134,-0.024686159837760107,structural_group,unstratified,8675309
2695,12,-0.00032093672392834866,-0.06989964477271556,structural_group,unstratified,8675309
2696,12,-0.006246033357254349,-0.06656283213240846,structural_group,unstratified,8675309
2697,12,-0.021288940384876134,-0.12309956399363049,structural_group,unstratified,8675309
2698,12,0.0,-0.06234283920701834,structural_group,unstratified,8675309
2699,12,-0.010676065736833856,-0.06232671084094535,structural_group,unstratified,8675309
2700,12,-0.01907392419508638,-0.12291543974954888,structural_group,unstratified,8675309
2701,12,-0.021288940384876134,-0.12617518809831654,structural_group,unstratified,8675309
2702,12,-0.016271844240387554,-0.1742742394692863,structural_group,unstratified,8675309
2703,12,-0.03190181503291841,-0.08051935317129988,structural_group,unstratified,8675309
2704,12,-0.0006418734478566973,-0.010819302384469398,structural_group,unstratified,8675309
2705,12,0.0,-0.06794776808161847,structural_group,unstratified,8675309
2706,12,-0.0006418734478566973,-0.014865808296409528,structural_group,unstratified,8675309
2707,12,-0.05477133693621747,-0.13602872660582002,structural_group,unstratified,8675309
2708,12,-0.00032093672392834866,-0.011718662718133356,structural_group,unstratified,8675309
2709,12,-0.021288940384876134,-0.07382710773701896,structural_group,unstratified,8675309
2710,12,-0.00032093672392834866,-0.11328951195593467,structural_group,unstratified,8675309
2711,12,0.0,-0.06557486734725616,structural_group,unstratified,8675309
2712,12,-0.021288940384876134,-0.12515633613741792,structural_group,unstratified,8675309
2713,12,-0.008461049547044103,-0.06413358891188171,structural_group,unstratified,8675309
2714,12,0.0,-0.06332021844404692,structural_group,unstratified,8675309
2715,12,-0.0006418734478566973,-0.06354668897925773,structural_group,unstratified,8675309
2716,12,-0.008461049547044103,-0.010490655544399333,structural_group,unstratified,8675309
2717,12,-0.010676065736833856,-0.024341886150994235,structural_group,unstratified,8675309
2718,12,0.0,-0.004958331655320039,structural_group,unstratified,8675309
2719,12,-0.036226347372473364,-0.08339963265144786,structural_group,unstratified,8675309
2720,12,-0.006246033357254349,-0.0667210007039661,structural_group,unstratified,8675309
2721,12,-0.00032093672392834866,-0.0073260320086187625,structural_group,unstratified,8675309
2722,12,-0.010676065736833856,-0.06845390703132251,structural_group,unstratified,8675309
2723,12,0.0,-0.005261103867432208,structural_group,unstratified,8675309
2724,12,-0.0006418734478566973,-0.013594454067449852,structural_group,unstratified,8675309
2725,12,-0.025613472724431083,-0.0826930247564684,structural_group,unstratified,8675309
2726,12,-0.0031230166786271746,-0.024526931271877567,structural_group,unstratified,8675309
2727,12,-0.0031230166786271746,-0.009913443800703145,structural_group,unstratified,8675309
2728,12,-0.00032093672392834866,-0.011953581646190306,structural_group,unstratified,8675309
2729,12,-0.0031230166786271746,-0.16632877638781965,structural_group,unstratified,8675309
2730,12,-0.00032093672392834866,-0.059938602617311765,structural_group,unstratified,8675309
2731,12,-0.021288940384876134,-0.07634851735585672,structural_group,unstratified,8675309
2732,12,-0.008461049547044103,-0.01983620399139017,structural_group,unstratified,8675309
2733,12,-0.0034439534025555232,-0.013314942757848959,structural_group,unstratified,8675309
2734,12,-0.021288940384876134,-0.07677355202554255,structural_group,unstratified,8675309
2735,12,-0.021288940384876134,-0.1286522432103242,structural_group,unstratified,8675309
2736,12,0.0,-0.01010638407266278,structural_group,unstratified,8675309
2737,12,-0.0006418734478566973,-0.06272341398737437,structural_group,unstratified,8675309
2738,12,-0.021288940384876134,-0.0770103220644081,structural_group,unstratified,8675309
2739,12,-0.006246033357254349,-0.015294650610096985,structural_group,unstratified,8675309
2740,12,-0.005658969592345277,-0.021858758496873232,structural_group,unstratified,8675309
2741,12,-0.010676065736833856,-0.017087270233465887,structural_group,unstratified,8675309
2742,12,-0.008461049547044103,-0.07142931132445758,structural_group,unstratified,8675309
2743,12,0.0,-0.010082465938013171,structural_group,unstratified,8675309
2744,12,-0.03190181503291841,-0.025042421503860327,structural_group,unstratified,8675309
2745,12,-0.0034439534025555232,-0.01827926591071625,structural_group,unstratified,8675309
2746,12,-0.01907392419508638,-0.025221026447598455,structural_group,unstratified,8675309
2747,12,-0.0034439534025555232,-0.014425961117058588,structural_group,unstratified,8675309
2748,12,-0.005658969592345277,-0.0634549175605529,structural_group,unstratified,8675309
2749,12,-0.0034439534025555232,-0.02091322104741622,structural_group,unstratified,8675309
2750,12,-0.00032093672392834866,-0.013602291145569054,structural_group,unstratified,8675309
2751,12,0.0,-0.006780633550648477,structural_group,unstratified,8675309
2752,12,0.0,-0.004122148964571943,structural_group,unstratified,8675309
2753,12,0.0,-0.00762880422073093,structural_group,unstratified,8675309
2754,12,-0.0034439534025555232,-0.11999537602121042,structural_group,unstratified,8675309
2755,12,-0.0034439534025555232,-0.11889382951580785,structural_group,unstratified,8675309
2756,12,-0.021288940384876134,-0.08160917254369097,structural_group,unstratified,8675309
2757,12,-0.0034439534025555232,-0.012162863821003178,structural_group,unstratified,8675309
2758,12,-0.006246033357254349,-0.1229233634024708,structural_group,unstratified,8675309
2759,12,-0.0031230166786271746,-0.01133067021708266,structural_group,unstratified,8675309
2760,12,0.0,-0.011063909501454153,structural_group,unstratified,8675309
2761,12,-0.0006418734478566973,-0.017732469145562643,structural_group,unstratified,8675309
2762,12,-0.0031230166786271746,-0.06705104444501016,structural_group,unstratified,8675309
2763,12,0.0,-0.003979187882285616,structural_group,unstratified,8675309
2764,12,-0.036226347372473364,-0.1378962266671827,structural_group,unstratified,8675309
2765,12,-0.0031230166786271746,-0.06219140040971242,structural_group,unstratified,8675309
2766,12,-0.04055087971202831,-0.08874326203780585,structural_group,unstratified,8675309
2767,12,-0.021288940384876134,-0.07166423025251453,structural_group,unstratified,8675309
2768,12,-0.00032093672392834866,-0.024412115285782254,structural_group,unstratified,8675309
2769,12,-0.00032093672392834866,-0.00565366662712257,structural_group,unstratified,8675309
2770,12,-0.01907392419508638,-0.1252855159535804,structural_group,unstratified,8675309
2771,12,-0.0034439534025555232,-0.009581129591425977,structural_group,unstratified,8675309
2772,12,-0.006246033357254349,-0.0665526952638827,structural_group,unstratified,8675309
2773,12,-0.006246033357254349,-0.009903755611775346,structural_group,unstratified,8675309
2774,12,-0.00032093672392834866,-0.013015786192551239,structural_group,unstratified,8675309
2775,12,-0.01907392419508638,-0.22632968448699745,structural_group,unstratified,8675309
2776,12,-0.010676065736833856,-0.022052570929882654,structural_group,unstratified,8675309
2777,12,0.0,-0.06058097287505045,structural_group,unstratified,8675309
2778,12,-0.01907392419508638,-0.12770908161159997,structural_group,unstratified,8675309
2779,12,-0.00032093672392834866,-0.011953581646190306,structural_group,unstratified,8675309
2780,12,-0.0006418734478566973,-0.015097902694135718,structural_group,unstratified,8675309
2781,12,-0.0031230166786271746,-0.06326435313932606,structural_group,unstratified,8675309
2782,12,-0.0034439534025555232,-0.07290971538375296,structural_group,unstratified,8675309
2783,12,-0.015950907516459206,-0.0229977133997335,structural_group,unstratified,8675309
2784,12,-0.0034439534025555232,-0.009503355773965784,structural_group,unstratified,8675309
2785,12,0.0,-0.010543406721682955,structural_group,unstratified,8675309
2786,12,-0.0031230166786271746,-0.06846827086138967,structural_group,unstratified,8675309
2787,12,-0.04055087971202831,-0.13348611800016372,structural_group,unstratified,8675309
2788,12,-0.03190181503291841,-0.1257724124097742,structural_group,unstratified,8675309
2789,12,-0.008461049547044103,-0.12210008841058745,structural_group,unstratified,8675309
2790,12,-0.006246033357254349,-0.015079079558049978,structural_group,unstratified,8675309
2791,12,-0.01907392419508638,-0.13054617114141465,structural_group,unstratified,8675309
2792,12,-0.0034439534025555232,-0.06257219152518921,structural_group,unstratified,8675309
2793,12,-0.025613472724431083,-0.12287478193409929,structural_group,unstratified,8675309
2794,12,-0.021288940384876134,-0.0728441618901043,structural_group,unstratified,8675309
2795,12,-0.006246033357254349,-0.014758724005933718,structural_group,unstratified,8675309
2796,12,-0.0034439534025555232,-0.01791009654575129,structural_group,unstratified,8675309
2797,12,-0.0006418734478566973,-0.013080023829792009,structural_group,unstratified,8675309
2798,12,-0.0006418734478566973,-0.05819838395176036,structural_group,unstratified,8675309
2799,12,-0.021288940384876134,-0.023794111842291143,structural_group,unstratified,8675309
2800,12,-0.0006418734478566973,-0.06272341398737437,structural_group,unstratified,8675309
2801,12,-0.00032093672392834866,-0.060064929401297824,structural_group,unstratified,8675309
2802,12,0.0,-0.008838831917583346,structural_group,unstratified,8675309
2803,12,-0.00032093672392834866,-0.01314602600303863,structural_group,unstratified,8675309
2804,12,-0.0034439534025555232,-0.015332821622192664,structural_group,unstratified,8675309
2805,12,-0.008461049547044103,-0.07498715624419808,structural_group,unstratified,8675309
2806,12,0.0,-0.0523716601830888,structural_group,unstratified,8675309
2807,12,-0.0031230166786271746,-0.012420594971973445,structural_group,unstratified,8675309
2808,12,-0.006246033357254349,-0.06643259232192107,structural_group,unstratified,8675309
2809,12,-0.016271844240387554,-0.07245345024122253,structural_group,unstratified,8675309
2810,12,-0.02339845653464133,-0.07943327640770073,structural_group,unstratified,8675309
2811,12,-0.0031230166786271746,-0.11038362010036097,structural_group,unstratified,8675309
2812,12,-0.008461049547044103,-0.018281349366002023,structural_group,unstratified,8675309
2813,12,-0.006246033357254349,-0.06976301848507475,structural_group,unstratified,8675309
2814,12,-0.0031230166786271746,-0.012188500574247257,structural_group,unstratified,8675309
2815,12,-0.0031230166786271746,-0.006014761039254503,structural_group,unstratified,8675309
2816,12,-0.01907392419508638,-0.07297395302099373,structural_group,unstratified,8675309
2817,12,0.0,0.0009792491555341183,structural_group,unstratified,8675309
2818,12,-0.0031230166786271746,-0.06669945842004928,structural_group,unstratified,8675309
2819,12,0.0,-0.011196308827553562,structural_group,unstratified,8675309
2820,12,-0.00032093672392834866,-0.0076703056953846315,structural_group,unstratified,8675309
2821,12,-0.010676065736833856,-0.1220369107676716,structural_group,unstratified,8675309
2822,12,0.0,-0.011298828429511102,structural_group,unstratified,8675309
2823,12,-0.01907392419508638,-0.17648147146062085,structural_group,unstratified,8675309
2824,12,-0.04055087971202831,-0.13412566372757165,structural_group,unstratified,8675309
2825,12,-0.006246033357254349,-0.12011019200730577,structural_group,unstratified,8675309
2826,12,-0.010676065736833856,-0.07281794396504813,structural_group,unstratified,8675309
2827,12,-0.010676065736833856,-0.06870764909546519,structural_group,unstratified,8675309
2828,12,0.0,-0.06133367543504752,structural_group,unstratified,8675309
2829,12,-0.021288940384876134,-0.22990511274674208,structural_group,unstratified,8675309
2830,12,-0.00032093672392834866,-0.06150021633912504,structural_group,unstratified,8675309
2831,12,0.0,-0.05751503695929217,structural_group,unstratified,8675309
2832,12,-0.005658969592345277,-0.07126100588437422,structural_group,unstratified,8675309
2833,12,-0.0006418734478566973,-0.06440864091546403,structural_group,unstratified,8675309
2834,12,-0.008461049547044103,-0.019115448601464347,structural_group,unstratified,8675309
2835,12,-0.006246033357254349,-0.016979766585565565,structural_group,unstratified,8675309
2836,12,-0.006246033357254349,-0.07100665250550457,structural_group,unstratified,8675309
2837,12,-0.006246033357254349,-0.07116712086746875,structural_group,unstratified,8675309
2838,12,-0.006246033357254349,-0.12308153197402845,structural_group,unstratified,8675309
2839,12,-0.010676065736833856,-0.07014509554890443,structural_group,unstratified,8675309
2840,12,-0.01907392419508638,-0.1282295843913712,structural_group,unstratified,8675309
2841,12,-0.008461049547044103,-0.015526634055202083,structural_group,unstratified,8675309
2842,12,-0.006246033357254349,-0.014577294531864826,structural_group,unstratified,8675309
2843,12,-0.008461049547044103,-0.07787773522800079,structural_group,unstratified,8675309
2844,12,0.0,-0.008000349436428694,structural_group,unstratified,8675309
2845,12,-0.00032093672392834866,-0.06551168970434032,structural_group,unstratified,8675309
2846,12,-0.010676065736833856,-0.02050170539132209,structural_group,unstratified,8675309
2847,12,-0.006246033357254349,-0.12077745794324353,structural_group,unstratified,8675309
2848,12,0.0,-0.06279971566427572,structural_group,unstratified,8675309
2849,12,-0.01907392419508638,-0.07545884521112056,structural_group,unstratified,8675309
2850,12,-0.02339845653464133,-0.2252328136227342,structural_group,unstratified,8675309
2851,12,-0.0034439534025555232,-0.01947171026756457,structural_group,unstratified,8675309
2852,12,-0.0031230166786271746,-0.06254359774940023,structural_group,unstratified,8675309
2853,12,-0.021288940384876134,-0.025927418007457122,structural_group,unstratified,8675309
2854,12,-0.005658969592345277,-0.020561635022455355,structural_group,unstratified,8675309
2855,12,-0.00032093672392834866,-0.059603988617628036,structural_group,unstratified,8675309
2856,12,0.0,-0.11286685313698165,structural_group,unstratified,8675309
2857,12,-0.0034439534025555232,-0.016629945096610546,structural_group,unstratified,8675309
2858,12,0.0,-0.21665670741654042,structural_group,unstratified,8675309
2859,12,-0.005658969592345277,-0.12243591370450718,structural_group,unstratified,8675309
2860,12,-0.0006418734478566973,-0.010582532345603855,structural_group,unstratified,8675309
2861,12,0.0,-0.00583509610119146,structural_group,unstratified,8675309
2862,12,-0.03761891375883049,-0.08152569241293996,structural_group,unstratified,8675309
2863,12,-0.016271844240387554,-0.02131098418817015,structural_group,unstratified,8675309
2864,12,-0.005658969592345277,-0.06894441913433075,structural_group,unstratified,8675309
2865,12,-0.00032093672392834866,-0.012559521050020811,structural_group,unstratified,8675309
2866,12,-0.010676065736833856,-0.02569249907940017,structural_group,unstratified,8675309
2867,12,-0.0031230166786271746,-0.0634885238841303,structural_group,unstratified,8675309
2868,12,0.0,-0.0646173419184648,structural_group,unstratified,8675309
2869,12,0.0,-0.009270201381914681,structural_group,unstratified,8675309
2870,12,-0.005658969592345277,-0.11674853537130751,structural_group,unstratified,8675309
2871,12,0.0,-0.06141108302368519,structural_group,unstratified,8675309
2872,12,-0.03190181503291841,-0.07709786652157152,structural_group,unstratified,8675309
2873,12,-0.036226347372473364,-0.132583933136169,structural_group,unstratified,8675309
2874,12,0.0,-0.11902362064669726,structural_group,unstratified,8675309
2875,12,-0.010676065736833856,-0.07115425932087527,structural_group,unstratified,8675309
2876,12,0.0,-0.00655822734185009,structural_group,unstratified,8675309
2877,12,-0.008461049547044103,-0.017410262482637783,structural_group,unstratified,8675309
2878,12,-0.021288940384876134,-0.027407822066752494,structural_group,unstratified,8675309
2879,12,-0.008461049547044103,-0.01931332536088617,structural_group,unstratified,8675309
2880,12,-0.021288940384876134,-0.07729167895458093,structural_group,unstratified,8675309
2881,12,-0.006246033357254349,-0.008313548114173097,structural_group,unstratified,8675309
2882,12,-0.0031230166786271746,-0.11517314038337036,structural_group,unstratified,8675309
2883,12,-0.0006418734478566973,-0.009455565422077946,structural_group,unstratified,8675309
2884,12,-0.0031230166786271746,-0.05877387846899329,structural_group,unstratified,8675309
2885,12,-0.02339845653464133,-0.024345950477406637,structural_group,unstratified,8675309
2886,12,-0.010676065736833856,-0.015452708229033512,structural_group,unstratified,8675309
2887,12,-0.0034439534025555232,-0.06426338004277114,structural_group,unstratified,8675309
2888,12,-0.0034439534025555232,-0.06379169107584863,structural_group,unstratified,8675309
2889,12,-0.0034439534025555232,-0.06282125794819253,structural_group,unstratified,8675309
2890,12,-0.00032093672392834866,-0.06467083137245287,structural_group,unstratified,8675309
2891,12,-0.006246033357254349,-0.0662004979241949,structural_group,unstratified,8675309
2892,12,-0.025613472724431083,-0.12230078970034004,structural_group,unstratified,8675309
2893,12,-0.0006418734478566973,-0.005246215297440842,structural_group,unstratified,8675309
2894,12,0.0,-0.008721104826354518,structural_group,unstratified,8675309
2895,12,-0.006246033357254349,-0.06451701672441414,structural_group,unstratified,8675309
2896,12,-0.00032093672392834866,-0.06729464964062708,structural_group,unstratified,8675309
2897,12,-0.0031230166786271746,-0.058404709104028334,structural_group,unstratified,8675309
2898,12,0.0,-0.05918132979867502,structural_group,unstratified,8675309
2899,12,0.0,-0.01710400991426585,structural_group,unstratified,8675309
2900,12,-0.006246033357254349,-0.012958069777021778,structural_group,unstratified,8675309
2901,12,-0.00032093672392834866,-0.0029380769402435297,structural_group,unstratified,8675309
2902,12,-0.006246033357254349,-0.06418261905985119,structural_group,unstratified,8675309
2903,12,-0.036226347372473364,-0.13779392340034594,structural_group,unstratified,8675309
2904,12,-0.008461049547044103,-0.02108213780222655,structural_group,unstratified,8675309
2905,12,0.0,-0.004907141991738538,structural_group,unstratified,8675309
2906,12,-0.0034439534025555232,-0.012002395459039005,structural_group,unstratified,8675309
2907,12,-0.03190181503291841,-0.12816640674845534,structural_group,unstratified,8675309
2908,12,0.0,-0.11237026849186009,structural_group,unstratified,8675309
2909,12,-0.005338032868416928,-0.16696243600018001,structural_group,unstratified,8675309
2910,12,-0.0006418734478566973,-0.010699199442507768,structural_group,unstratified,8675309
2911,12,-0.006246033357254349,-0.1719973315849336,structural_group,unstratified,8675309
2912,12,-0.005658969592345277,-0.12113879023008929,structural_group,unstratified,8675309
2913,12,-0.008461049547044103,-0.07462712182639106,structural_group,unstratified,8675309
2914,12,-0.0006418734478566973,-0.06983770692588134,structural_group,unstratified,8675309
2915,12,-0.008461049547044103,-0.06636941467900524,structural_group,unstratified,8675309
2916,12,0.0,-0.009046030637110444,structural_group,unstratified,8675309
2917,12,-0.0034439534025555232,-0.022090852894599427,structural_group,unstratified,8675309
2918,12,-0.010676065736833856,-0.12495882560681863,structural_group,unstratified,8675309
2919,12,-0.021288940384876134,-0.12556141161636683,structural_group,unstratified,8675309
2920,12,0.0,-0.003350203911064617,structural_group,unstratified,8675309
2921,12,-0.0034439534025555232,-0.022562541861521925,structural_group,unstratified,8675309
2922,12,-0.010676065736833856,-0.023807019541155872,structural_group,unstratified,8675309
2923,12,0.0,-0.006101962199319664,structural_group,unstratified,8675309
2924,12,-0.036226347372473364,-0.028482988011969943,structural_group,unstratified,8675309
2925,12,0.0,-0.06297269674549846,structural_group,unstratified,8675309
2926,12,-0.00032093672392834866,-0.07025123079767642,structural_group,unstratified,8675309
2927,12,0.0,-0.007142967758862056,structural_group,unstratified,8675309
2928,12,-0.00032093672392834866,-0.0680261532138056,structural_group,unstratified,8675309
2929,12,0.0,-0.010489917267694897,structural_group,unstratified,8675309
2930,12,-0.0034439534025555232,-0.062298379317688536,structural_group,unstratified,8675309
2931,12,-0.016271844240387554,-0.12150350028903567,structural_group,unstratified,8675309
2932,12,0.0,-0.01126416211160878,structural_group,unstratified,8675309
2933,12,0.0,-0.0070548119869716765,structural_group,unstratified,8675309
2934,12,-0.006246033357254349,-0.06790330819228867,structural_group,unstratified,8675309
2935,12,-0.005338032868416928,-0.06991039295596826,structural_group,unstratified,8675309
2936,12,-0.03190181503291841,-0.12686928327403743,structural_group,unstratified,8675309
2937,12,-0.03190181503291841,-0.12473835295960427,structural_group,unstratified,8675309
2938,12,-0.006246033357254349,-0.01781771381231951,structural_group,unstratified,8675309
2939,12,-0.005658969592345277,-0.015701990987157622,structural_group,unstratified,8675309
2940,12,-0.008461049547044103,-0.0639754203403241,structural_group,unstratified,8675309
2941,12,0.0,-0.017824765304191675,structural_group,unstratified,8675309
2942,12,-0.008461049547044103,-0.12464314569584173,structural_group,unstratified,8675309
2943,12,-0.006246033357254349,-0.06520208233547678,structural_group,unstratified,8675309
2944,12,-0.03190181503291841,-0.1239856503996072,structural_group,unstratified,8675309
2945,12,-0.06899179416040663,-0.19574729886506623,structural_group,unstratified,8675309
2946,12,0.0,-0.009009513208399525,structural_group,unstratified,8675309
2947,12,0.0,-0.061895679689472426,structural_group,unstratified,8675309
2948,12,-0.021288940384876134,-0.12824716773137526,structural_group,unstratified,8675309
2949,12,-0.005338032868416928,-0.07192827182031197,structural_group,unstratified,8675309
2950,12,-0.008461049547044103,-0.015567740550249615,structural_group,unstratified,8675309
2951,12,0.0,-0.062142586596863725,structural_group,unstratified,8675309
2952,12,-0.008461049547044103,-0.014991372465757559,structural_group,unstratified,8675309
2953,12,-0.03190181503291841,-0.12988172973580764,structural_group,unstratified,8675309
2954,12,-0.010676065736833856,-0.07725938848741143,structural_group,unstratified,8675309
2955,12,-0.0034439534025555232,-0.06498413543269697,structural_group,unstratified,8675309
2956,12,-0.01907392419508638,-0.12197051361481881,structural_group,unstratified,8675309
2957,12,-0.008461049547044103,-0.01674537239743282,structural_group,unstratified,8675309
2958,12,-0.0006418734478566973,-0.013304194574596246,structural_group,unstratified,8675309
2959,12,-0.036226347372473364,-0.12671733854450426,structural_group,unstratified,8675309
2960,12,0.0,-0.011840530196100837,structural_group,unstratified,8675309
2961,12,-0.0031230166786271746,-0.013141350361899269,structural_group,unstratified,8675309
2962,12,-0.0006418734478566973,-0.008209631611241565,structural_group,unstratified,8675309
2963,12,-0.008461049547044103,-0.07194981410422878,structural_group,unstratified,8675309
2964,12,-0.00032093672392834866,-0.11360545411944374,structural_group,unstratified,8675309
2965,12,-0.005658969592345277,-0.1192381032025737,structural_group,unstratified,8675309
2966,12,0.0,-0.06854903184430962,structural_group,unstratified,8675309
2967,12,0.0,-0.11433933354335508,structural_group,unstratified,8675309
2968,12,-0.0006418734478566973,-0.06561866861231642,structural_group,unstratified,8675309
2969,12,-0.010676065736833856,-0.07344780150352824,structural_group,unstratified,8675309
2970,12,-0.021288940384876134,-0.07091955672793909,structural_group,unstratified,8675309
2971,12,-0.008461049547044103,-0.019034687618544394,structural_group,unstratified,8675309
2972,12,-0.0034439534025555232,-0.11728102613041307,structural_group,unstratified,8675309
2973,12,0.0,-0.05809140504378424,structural_group,unstratified,8675309
2974,12,-0.006246033357254349,-0.12065796631600884,structural_group,unstratified,8675309
2975,12,-0.008461049547044103,-0.06764262001877351,structural_group,unstratified,8675309
2976,12,-0.008461049547044103,-0.06392193088633603,structural_group,unstratified,8675309
2977,12,0.0,-0.060719898953097796,structural_group,unstratified,8675309
2978,12,0.0,-0.007016530022254909,structural_group,unstratified,8675309
2979,12,-0.025613472724431083,-0.12689594348824237,structural_group,unstratified,8675309
2980,12,-0.0031230166786271746,-0.021788297017608038,structural_group,unstratified,8675309
2981,12,0.0,-0.1167094097473866,structural_group,unstratified,8675309
2982,12,-0.006246033357254349,-0.0659716515382513,structural_group,unstratified,8675309
2983,12,-0.00032093672392834866,-0.0616048954566946,structural_group,unstratified,8675309
2984,12,-0.016271844240387554,-0.12594494481139898,structural_group,unstratified,8675309
2985,12,0.0,-0.01190476783334161,structural_group,unstratified,8675309
2986,12,-0.00032093672392834866,-0.06695320048419197,structural_group,unstratified,8675309
2987,12,-0.006246033357254349,-0.021837110830456738,structural_group,unstratified,8675309
2988,12,-0.0031230166786271746,-0.06453658093554486,structural_group,unstratified,8675309
2989,12,-0.0034439534025555232,-0.07533328104177253,structural_group,unstratified,8675309
2990,12,-0.0031230166786271746,-0.007353752217148614,structural_group,unstratified,8675309
2991,12,-0.0034439534025555232,-0.011546130316508578,structural_group,unstratified,8675309
2992,12,-0.0006418734478566973,-0.013096995855069148,structural_group,unstratified,8675309
2993,12,-0.008461049547044103,-0.018040120021117895,structural_group,unstratified,8675309
2994,12,-0.0034439534025555232,-0.06426338004277114,structural_group,unstratified,8675309
2995,12,-0.021288940384876134,-0.17822279603790855,structural_group,unstratified,8675309
2996,12,-0.008461049547044103,-0.018592569970960347,structural_group,unstratified,8675309
2997,12,-0.04055087971202831,-0.07811038368782462,structural_group,unstratified,8675309
2998,12,-0.005658969592345277,-0.06794985153690423,structural_group,unstratified,8675309
2999,12,-0.03190181503291841,-0.0822100128249303,structural_group,unstratified,8675309
3000,12,-0.03190181503291841,-0.12888716213838117,structural_group,unstratified,8675309
3001,12,0.0,-0.11277771982154179,structural_group,unstratified,8675309
3002,12,-0.006246033357254349,-0.017150447876381744,structural_group,unstratified,8675309
3003,12,-0.005658969592345277,-0.023561568764966997,structural_group,unstratified,8675309
3004,12,-0.008461049547044103,-0.1258469954680811,structural_group,unstratified,8675309
3005,12,-0.010676065736833856,-0.0695803492149242,structural_group,unstratified,8675309
3006,12,0.0,-0.06222334757978367,structural_group,unstratified,8675309
3007,12,-0.005338032868416928,-0.07085531909069832,structural_group,unstratified,8675309
3008,12,-0.005658969592345277,-0.07068463779988214,structural_group,unstratified,8675309
3009,12,-0.00032093672392834866,-0.010511459551611702,structural_group,unstratified,8675309
3010,12,-0.0031230166786271746,-0.11468447939117073,structural_group,unstratified,8675309
3011,12,0.0,-0.11485983632312625,structural_group,unstratified,8675309
3012,12,0.0,-0.05918600543981437,structural_group,unstratified,8675309
3013,12,-0.0034439534025555232,-0.014420337254543192,structural_group,unstratified,8675309
3014,12,0.0,-0.006331680746313049,structural_group,unstratified,8675309
3015,12,0.0,-0.010831815103727964,structural_group,unstratified,8675309
3016,12,-0.008461049547044103,-0.0701731645847692,structural_group,unstratified,8675309
3017,12,-0.005338032868416928,-0.06457905995374803,structural_group,unstratified,8675309
3018,12,0.0,-0.001897071380701138,structural_group,unstratified,8675309
3019,12,-0.0034439534025555232,-0.01619477355839897,structural_group,unstratified,8675309
3020,12,-0.03190181503291841,-0.07941445327161499,structural_group,unstratified,8675309
3021,12,-0.005338032868416928,-0.06955819561628045,structural_group,unstratified,8675309
3022,12,-0.0034439534025555232,-0.014785047313489577,structural_group,unstratified,8675309
3023,12,-0.04055087971202831,-0.1843049804893173,structural_group,unstratified,8675309
3024,12,-0.0034439534025555232,-0.12303271816117974,structural_group,unstratified,8675309
3025,12,-0.0034439534025555232,-0.0735109791464441,structural_group,unstratified,8675309
3026,12,-0.008461049547044103,-0.17499031921807273,structural_group,unstratified,8675309
3027,12,-0.0006418734478566973,-0.16508981800852918,structural_group,unstratified,8675309
3028,12,-0.010676065736833856,-0.06729103399381263,structural_group,unstratified,8675309
3029,12,-0.00032093672392834866,-0.12014213917737702,structural_group,unstratified,8675309
3030,12,-0.00032093672392834866,-0.11644254364925839,structural_group,unstratified,8675309
3031,12,0.0,-0.01153092282723729,structural_group,unstratified,8675309
3032,12,-0.016271844240387554,-0.018663247785346327,structural_group,unstratified,8675309
3033,12,-0.008461049547044103,-0.022003651734534262,structural_group,unstratified,8675309
3034,12,-0.0006418734478566973,-0.009869089293873026,structural_group,unstratified,8675309
3035,12,0.0,-0.06109920518658852,structural_group,unstratified,8675309
3036,12,-0.0034439534025555232,-0.12505059702552343,structural_group,unstratified,8675309
3037,12,-0.04055087971202831,-0.13293366805032128,structural_group,unstratified,8675309
3038,12,-0.006246033357254349,-0.07441773426907848,structural_group,unstratified,8675309
3039,12,-0.0006418734478566973,-0.007613043489689778,structural_group,unstratified,8675309
3040,12,-0.008461049547044103,-0.02108213780222655,structural_group,unstratified,8675309
3041,12,-0.005658969592345277,-0.11901393245776946,structural_group,unstratified,8675309
3042,12,-0.0006418734478566973,-0.008312151213199104,structural_group,unstratified,8675309
3043,12,-0.006246033357254349,-0.059501579968291585,structural_group,unstratified,8675309
3044,12,-0.00032093672392834866,-0.11967045021045453,structural_group,unstratified,8675309
3045,12,-0.010676065736833856,-0.01797694237820204,structural_group,unstratified,8675309
3046,12,-0.010676065736833856,-0.011006588065530863,structural_group,unstratified,8675309
3047,12,-0.0034439534025555232,-0.018304161588915336,structural_group,unstratified,8675309
3048,12,-0.0034439534025555232,-0.009830807329156257,structural_group,unstratified,8675309
3049,12,-0.00032093672392834866,-0.06493532161984826,structural_group,unstratified,8675309
3050,12,-0.021288940384876134,-0.07908169038273986,structural_group,unstratified,8675309
3051,12,-0.00032093672392834866,-0.06386236889023462,structural_group,unstratified,8675309
3052,12,-0.0006418734478566973,-0.06118453642814814,structural_group,unstratified,8675309
3053,12,-0.008461049547044103,-0.1259402691702596,structural_group,unstratified,8675309
3054,12,0.0,-0.06243054629931077,structural_group,unstratified,8675309
3055,12,-0.0031230166786271746,-0.06038072026489582,structural_group,unstratified,8675309
3056,12,-0.00032093672392834866,-0.16503632855454112,structural_group,unstratified,8675309
3057,12,-0.021288940384876134,-0.1800188800081808,structural_group,unstratified,8675309
3058,12,-0.0006418734478566973,-0.00757008588383365,structural_group,unstratified,8675309
3059,12,-0.021288940384876134,-0.0771251380505034,structural_group,unstratified,8675309
3060,12,-0.015950907516459206,-0.02155620261988185,structural_group,unstratified,8675309
3061,12,-0.020596376579942503,-0.027268476631280614,structural_group,unstratified,8675309
3062,12,-0.021288940384876134,-0.02173971554923652,structural_group,unstratified,8675309
3063,12,-0.006246033357254349,-0.11874706635964127,structural_group,unstratified,8675309
3064,12,-0.0034439534025555232,-0.010001488619972436,structural_group,unstratified,8675309
3065,12,-0.00032093672392834866,-0.01088062891657666,structural_group,unstratified,8675309
3066,12,-0.00032093672392834866,-0.009833183179889059,structural_group,unstratified,8675309
3067,12,-0.021288940384876134,-0.0793575860455263,structural_group,unstratified,8675309
3068,12,-0.0006418734478566973,-0.05928830870665114,structural_group,unstratified,8675309
3069,12,-0.0031230166786271746,-0.06597870303012345,structural_group,unstratified,8675309
3070,12,-0.0034439534025555232,-0.014861132655270165,structural_group,unstratified,8675309
3071,12,-0.0031230166786271746,-0.06456147661374394,structural_group,unstratified,8675309
3072,12,-0.021288940384876134,-0.06725235704948967,structural_group,unstratified,8675309
3073,12,-0.0034439534025555232,-0.07233334729926089,structural_group,unstratified,8675309
3074,12,-0.010676065736833856,-0.07281794396504813,structural_group,unstratified,8675309
3075,12,-0.0006418734478566973,-0.057622015867268304,structural_group,unstratified,8675309
3076,12,-0.006246033357254349,-0.017568647389316183,structural_group,unstratified,8675309
3077,12,0.0,-0.06019472053218725,structural_group,unstratified,8675309
3078,12,0.0,-0.058897597057769376,structural_group,unstratified,8675309
3079,12,-0.00032093672392834866,-0.013370196747842867,structural_group,unstratified,8675309
3080,12,-0.021288940384876134,-0.07006056181427768,structural_group,unstratified,8675309
3081,12,-0.0006418734478566973,-0.0612892155457177,structural_group,unstratified,8675309
3082,12,-0.008461049547044103,-0.06938283868432492,structural_group,unstratified,8675309
3083,12,-0.0006418734478566973,-0.008841788940128237,structural_group,unstratified,8675309
3084,12,0.0,-0.054861228014355,structural_group,unstratified,8675309
3085,12,-0.0034439534025555232,-0.06675294787403734,structural_group,unstratified,8675309
3086,12,-0.00032093672392834866,-0.06776633860754958,structural_group,unstratified,8675309
3087,12,0.0,-0.006447108047135321,structural_group,unstratified,8675309
3088,12,-0.0034439534025555232,-0.06413380524700249,structural_group,unstratified,8675309
3089,12,-0.036226347372473364,-0.2293334203033894,structural_group,unstratified,8675309
3090,12,-0.0034439534025555232,-0.06591208954214989,structural_group,unstratified,8675309
3091,12,-0.0031230166786271746,-0.06562650569043564,structural_group,unstratified,8675309
3092,12,-0.016271844240387554,-0.07684140530959777,structural_group,unstratified,8675309
3093,12,-0.0006418734478566973,-0.01819340992923243,structural_group,unstratified,8675309
3094,12,-0.03190181503291841,-0.18077897735714832,structural_group,unstratified,8675309
3095,12,-0.008461049547044103,-0.12284943757630225,structural_group,unstratified,8675309
3096,12,0.0,-0.004215957921151163,structural_group,unstratified,8675309
3097,12,-0.010676065736833856,-0.019077166636747578,structural_group,unstratified,8675309
3098,12,-0.005658969592345277,-0.22464630866971644,structural_group,unstratified,8675309
3099,12,-0.006246033357254349,-0.06664359311532843,structural_group,unstratified,8675309
3100,12,0.0,-0.060292564493005435,structural_group,unstratified,8675309
3101,12,-0.005338032868416928,-0.014326482380552593,structural_group,unstratified,8675309
3102,12,-0.0006418734478566973,-0.11663310807048521,structural_group,unstratified,8675309
3103,12,-0.0034439534025555232,-0.11643285546033061,structural_group,unstratified,8675309
3104,12,-0.010676065736833856,-0.12290899957240366,structural_group,unstratified,8675309
3105,12,0.0,-0.006925020856082245,structural_group,unstratified,8675309
3106,12,-0.025613472724431083,-0.0773788801146461,structural_group,unstratified,8675309
3107,12,-0.006246033357254349,-0.06779632928431255,structural_group,unstratified,8675309
3108,12,0.0,-0.058242843841090165,structural_group,unstratified,8675309
3109,12,-0.021288940384876134,-0.027330414478114833,structural_group,unstratified,8675309
3110,12,0.0,-0.008107328344404809,structural_group,unstratified,8675309
3111,12,-0.0006418734478566973,-0.011515162096196139,structural_group,unstratified,8675309
3112,12,-0.0034439534025555232,-0.06696014659356445,structural_group,unstratified,8675309
3113,12,-0.010676065736833856,-0.06793102840081851,structural_group,unstratified,8675309
3114,12,-0.010676065736833856,-0.12332558584924332,structural_group,unstratified,8675309
3115,12,-0.00032093672392834866,-0.0678811545936449,structural_group,unstratified,8675309
3116,12,-0.006246033357254349,-0.11739645343123534,structural_group,unstratified,8675309
3117,12,-0.0006418734478566973,-0.1144951262641799,structural_group,unstratified,8675309
3118,12,-0.006246033357254349,-0.07166140572218378,structural_group,unstratified,8675309
3119,12,-0.0006418734478566973,-0.008220379794494278,structural_group,unstratified,8675309
3120,12,-0.006246033357254349,-0.020512715827106964,structural_group,unstratified,8675309
3121,12,-0.01907392419508638,-0.07391887915572377,structural_group,unstratified,8675309
3122,12,-0.021288940384876134,-0.0218375595100547,structural_group,unstratified,8675309
3123,12,-0.01907392419508638,-0.277282797413059,structural_group,unstratified,8675309
3124,12,-0.00032093672392834866,-0.060301699440163364,structural_group,unstratified,8675309
3125,12,-0.010676065736833856,-0.12001842058860095,structural_group,unstratified,8675309
3126,12,-0.006246033357254349,-0.11886188234573658,structural_group,unstratified,8675309
3127,12,-0.0006418734478566973,-0.014972787204385643,structural_group,unstratified,8675309
3128,12,-0.0006418734478566973,-0.014377147304209891,structural_group,unstratified,8675309
3129,12,-0.016271844240387554,-0.02031256859945203,structural_group,unstratified,8675309
3130,12,-0.005658969592345277,-0.11835051451312333,structural_group,unstratified,8675309
3131,12,-0.008461049547044103,-0.06935794300612583,structural_group,unstratified,8675309
3132,12,-0.010676065736833856,-0.12249080005946922,structural_group,unstratified,8675309
3133,12,-0.021288940384876134,-0.12362244262413451,structural_group,unstratified,8675309
3134,12,-0.006246033357254349,-0.011812891032137089,structural_group,unstratified,8675309
3135,12,-0.0034439534025555232,-0.11566592295461171,structural_group,unstratified,8675309
3136,12,-0.005658969592345277,-0.009036126113061862,structural_group,unstratified,8675309
3137,12,-0.025613472724431083,-0.18064786397940183,structural_group,unstratified,8675309
3138,12,0.0,-0.060346053946993494,structural_group,unstratified,8675309
3139,12,0.0,-0.11743016513731243,structural_group,unstratified,8675309
3140,12,0.0,-0.05881216043371006,structural_group,unstratified,8675309
3141,12,-0.010676065736833856,-0.12001842058860095,structural_group,unstratified,8675309
3142,12,-0.0031230166786271746,-0.012660189541169752,structural_group,unstratified,8675309
3143,12,-0.00032093672392834866,-0.1628983467482358,structural_group,unstratified,8675309
3144,12,0.0,-0.0593050483874511,structural_group,unstratified,8675309
3145,12,-0.010676065736833856,-0.013967844863719566,structural_group,unstratified,8675309
3146,12,-0.0006418734478566973,-0.01593876102602317,structural_group,unstratified,8675309
3147,12,-0.0006418734478566973,-0.007706211809368597,structural_group,unstratified,8675309
3148,12,-0.005658969592345277,-0.020561635022455355,structural_group,unstratified,8675309
3149,12,-0.021288940384876134,-0.0711972169267314,structural_group,unstratified,8675309
3150,12,-0.0034439534025555232,-0.1226145186482453,structural_group,unstratified,8675309
3151,12,-0.0031230166786271746,-0.0639602128510528,structural_group,unstratified,8675309
3152,12,-0.010676065736833856,-0.12472662582659273,structural_group,unstratified,8675309
3153,12,-0.036226347372473364,-0.18470599164185378,structural_group,unstratified,8675309
3154,12,0.0,-0.06424817255349985,structural_group,unstratified,8675309
3155,12,-0.0031230166786271746,-0.06207190878247774,structural_group,unstratified,8675309
3156,12,-0.0034439534025555232,-0.0703154684349172,structural_group,unstratified,8675309
3157,12,0.0,-0.059879040621210355,structural_group,unstratified,8675309
3158,12,-0.0031230166786271746,-0.0678919027768976,structural_group,unstratified,8675309
3159,12,-0.0006418734478566973,-0.007977537213515377,structural_group,unstratified,8675309
3160,12,-0.01907392419508638,-0.02337382887407093,structural_group,unstratified,8675309
3161,12,-0.03190181503291841,-0.22748622272986183,structural_group,unstratified,8675309
3162,12,-0.010676065736833856,-0.1724351978931579,structural_group,unstratified,8675309
3163,12,-0.0034439534025555232,-0.06271657883062297,structural_group,unstratified,8675309
3164,12,-0.0034439534025555232,-0.010104008221929974,structural_group,unstratified,8675309
3165,12,-0.0031230166786271746,-0.014558576778278784,structural_group,unstratified,8675309
3166,12,0.0,-0.11321112682374752,structural_group,unstratified,8675309
3167,12,-0.036226347372473364,-0.08102488080627697,structural_group,unstratified,8675309
3168,12,-0.005338032868416928,-0.0742983480243435,structural_group,unstratified,8675309
3169,12,0.0,-0.059879040621210355,structural_group,unstratified,8675309
3170,12,-0.008461049547044103,-0.01516723532994036,structural_group,unstratified,8675309
3171,12,-0.0031230166786271746,-0.06548943072319686,structural_group,unstratified,8675309
3172,12,-0.0006418734478566973,-0.007010352097641862,structural_group,unstratified,8675309
3173,12,-0.008461049547044103,-0.0669878668020943,structural_group,unstratified,8675309
3174,12,0.0,-0.05548640991169576,structural_group,unstratified,8675309
3175,12,-0.005658969592345277,-0.06652085347631115,structural_group,unstratified,8675309
3176,12,-0.006246033357254349,-0.07400421039728342,structural_group,unstratified,8675309
3177,12,0.0,-0.0034327294299904172,structural_group,unstratified,8675309
3178,12,-0.008461049547044103,-0.016838570039285086,structural_group,unstratified,8675309
3179,12,0.0,-0.008168654876512069,structural_group,unstratified,8675309
3180,12,-0.0031230166786271746,-0.00982634802313768,structural_group,unstratified,8675309
3181,12,-0.008461049547044103,-0.018658572144206968,structural_group,unstratified,8675309
3182,12,-0.006246033357254349,-0.07212841904796692,structural_group,unstratified,8675309
3183,12,-0.0034439534025555232,-0.1692944924920269,structural_group,unstratified,8675309
3184,12,-0.036226347372473364,-0.12932233367659274,structural_group,unstratified,8675309
3185,12,-0.008461049547044103,-0.12172061954196774,structural_group,unstratified,8675309
3186,12,-0.005658969592345277,-0.17245193757395783,structural_group,unstratified,8675309
3187,12,-0.0034439534025555232,-0.015213329994957989,structural_group,unstratified,8675309
3188,12,-0.036226347372473364,-0.03299104602230681,structural_group,unstratified,8675309
3189,12,-0.010676065736833856,-0.22463801738176262,structural_group,unstratified,8675309
3190,12,-0.005658969592345277,-0.12238242425051911,structural_group,unstratified,8675309
3191,12,-0.0006418734478566973,-0.010850532857314008,structural_group,unstratified,8675309
3192,12,-0.005338032868416928,-0.0651951362261043,structural_group,unstratified,8675309
3193,12,-0.006246033357254349,-0.06318805146242469,structural_group,unstratified,8675309
3194,12,-0.006246033357254349,-0.06627442375036346,structural_group,unstratified,8675309
3195,12,-0.0031230166786271746,-0.06740324178469796,structural_group,unstratified,8675309
3196,12,-0.010676065736833856,-0.07113121475348479,structural_group,unstratified,8675309
3197,12,-0.00032093672392834866,-0.004949883262473884,structural_group,unstratified,8675309
3198,12,-0.006246033357254349,-0.01637620303246786,structural_group,unstratified,8675309
3199,12,-0.0034439534025555232,-0.06352504131284122,structural_group,unstratified,8675309
3200,12,-0.00032093672392834866,-0.11314451333577397,structural_group,unstratified,8675309
3201,12,-0.008461049547044103,-0.07261708004016655,structural_group,unstratified,8675309
3202,12,-0.0006418734478566973,-0.1655460831510596,structural_group,unstratified,8675309
3203,12,-0.0006418734478566973,-0.06602611994199817,structural_group,unstratified,8675309
3204,12,-0.021288940384876134,-0.02379648769302395,structural_group,unstratified,8675309
3205,12,-0.005338032868416928,-0.11791238595236686,structural_group,unstratified,8675309
3206,12,-0.021288940384876134,-0.12622867755230463,structural_group,unstratified,8675309
3207,12,-0.0034439534025555232,-0.011806207175296781,structural_group,unstratified,8675309
3208,12,-0.008461049547044103,-0.017639108868581378,structural_group,unstratified,8675309
3209,12,0.0,-0.015100278544868518,structural_group,unstratified,8675309
3210,12,-0.006246033357254349,-0.06376441954691674,structural_group,unstratified,8675309
3211,12,-0.03190181503291841,-0.021714819871037433,structural_group,unstratified,8675309
3212,12,-0.005658969592345277,-0.12210476405172682,structural_group,unstratified,8675309
3213,12,-0.0031230166786271746,-0.06363352250429101,structural_group,unstratified,8675309
3214,12,-0.006246033357254349,-0.06048682560561281,structural_group,unstratified,8675309
3215,12,0.0,-0.06399216002112405,structural_group,unstratified,8675309
3216,12,-0.008461049547044103,-0.06770862219202012,structural_group,unstratified,8675309
3217,12,-0.010676065736833856,-0.07442837149971011,structural_group,unstratified,8675309
3218,12,-0.0034439534025555232,-0.06696014659356443,structural_group,unstratified,8675309
3219,12,0.0,-0.014758829388433412,structural_group,unstratified,8675309
3220,12,-0.008461049547044103,-0.06935089151425365,structural_group,unstratified,8675309
3221,12,-0.0034439534025555232,-0.0668064373280254,structural_group,unstratified,8675309
3222,12,-0.0034439534025555232,-0.06556050351718902,structural_group,unstratified,8675309
3223,12,0.0,-0.006641288115176597,structural_group,unstratified,8675309
3224,12,-0.008461049547044103,-0.11633424888487441,structural_group,unstratified,8675309
3225,12,-0.0034439534025555232,-0.06979258980441319,structural_group,unstratified,8675309
3226,12,-0.006246033357254349,-0.01117228531040426,structural_group,unstratified,8675309
3227,12,0.0,-0.10794764710558252,structural_group,unstratified,8675309
3228,12,-0.0006418734478566973,-0.062002658597448544,structural_group,unstratified,8675309
3229,12,-0.00032093672392834866,-0.06337370789803498,structural_group,unstratified,8675309
3230,12,0.0,-0.01681560153222084,structural_group,unstratified,8675309
3231,12,-0.03190181503291841,-0.0791823588738888,structural_group,unstratified,8675309
3232,12,-0.0034439534025555232,-0.1141411643884862,structural_group,unstratified,8675309
3233,12,-0.04055087971202831,-0.08968642363653007,structural_group,unstratified,8675309
3234,12,0.0,-0.05665731198462726,structural_group,unstratified,8675309
3235,12,-0.0034439534025555232,-0.017350700486536374,structural_group,unstratified,8675309
3236,12,-0.021288940384876134,-0.12369029590818971,structural_group,unstratified,8675309
3237,12,-0.015950907516459206,-0.07571496312599606,structural_group,unstratified,8675309
3238,12,-0.03190181503291841,-0.13404551405937862,structural_group,unstratified,8675309
3239,12,-0.0006418734478566973,-0.016883687160753235,structural_group,unstratified,8675309
3240,12,-0.036226347372473364,-0.03234867576456813,structural_group,unstratified,8675309
3241,12,-0.005658969592345277,-0.06852621962139631,structural_group,unstratified,8675309
3242,12,-0.0034439534025555232,-0.05523029199682028,structural_group,unstratified,8675309
3243,12,-0.0006418734478566973,-0.011540057774395226,structural_group,unstratified,8675309
3244,12,0.0,-0.16451115013363057,structural_group,unstratified,8675309
3245,12,-0.0006418734478566973,-0.007508148036999437,structural_group,unstratified,8675309
3246,12,0.0,-0.06271895468135577,structural_group,unstratified,8675309
3247,12,-0.0006418734478566973,-0.06425493164992499,structural_group,unstratified,8675309
3248,12,-0.008461049547044103,-0.06810963334455664,structural_group,unstratified,8675309
3249,12,-0.05044680459666252,-0.13484703043222443,structural_group,unstratified,8675309
3250,12,-0.01907392419508638,-0.17653496091460888,structural_group,unstratified,8675309
3251,12,-0.0034439534025555232,-0.0760005469777103,structural_group,unstratified,8675309
3252,12,0.0,-0.1159220408694872,structural_group,unstratified,8675309
3253,12,-0.0034439534025555232,-0.013402038535414424,structural_group,unstratified,8675309
3254,12,-0.03190181503291841,-0.07877958318534643,structural_group,unstratified,8675309
3255,12,-0.015950907516459206,-0.1207292554451218,structural_group,unstratified,8675309
3256,12,-0.00032093672392834866,-0.009464013814924102,structural_group,unstratified,8675309
3257,12,-0.010676065736833856,-0.023008245247865433,structural_group,unstratified,8675309
3258,12,-0.008461049547044103,-0.07307863213856329,structural_group,unstratified,8675309
3259,12,0.0,-0.0030360262835614025,structural_group,unstratified,8675309
3260,12,-0.01907392419508638,-0.17783208438902676,structural_group,unstratified,8675309
3261,12,-0.0034439534025555232,-0.01996829491268616,structural_group,unstratified,8675309
3262,12,-0.0034439534025555232,-0.06732931595852941,structural_group,unstratified,8675309
3263,12,-0.00032093672392834866,-0.008512403823353732,structural_group,unstratified,8675309
3264,12,-0.00032093672392834866,-0.06895410732325853,structural_group,unstratified,8675309
3265,12,-0.00032093672392834866,-0.06255449723256402,structural_group,unstratified,8675309
3266,12,-0.0006418734478566973,-0.01119860861796012,structural_group,unstratified,8675309
3267,12,-0.010676065736833856,-0.07676650053367039,structural_group,unstratified,8675309
3268,12,-0.006246033357254349,-0.016992279304824127,structural_group,unstratified,8675309
3269,12,-0.010676065736833856,-0.0720971885751223,structural_group,unstratified,8675309
3270,12,-0.00032093672392834866,-0.0036588323301693544,structural_group,unstratified,8675309
3271,12,-0.00032093672392834866,-0.008280309425627545,structural_group,unstratified,8675309
3272,12,-0.01907392419508638,-0.07355032110548577,structural_group,unstratified,8675309
3273,12,-0.006246033357254349,-0.0732060474187199,structural_group,unstratified,8675309
3274,12,0.0,-0.009876140785745188,structural_group,unstratified,8675309
3275,12,-0.01907392419508638,-0.07184751083739203,structural_group,unstratified,8675309
3276,12,-0.008461049547044103,-0.11840561720320614,structural_group,unstratified,8675309
3277,12,-0.0006418734478566973,-0.0634806868060111,structural_group,unstratified,8675309
3278,12,0.0,-0.05895108651175743,structural_group,unstratified,8675309
3279,12,-0.0006418734478566973,-0.2185813125787056,structural_group,unstratified,8675309
3280,12,-0.025613472724431083,-0.08082190904829127,structural_group,unstratified,8675309
3281,12,0.0,-0.10892909066902347,structural_group,unstratified,8675309
3282,12,0.0,-0.06117616409562823,structural_group,unstratified,8675309
3283,12,-0.0034439534025555232,-0.017822389453458872,structural_group,unstratified,8675309
3284,12,0.0,-0.2200871370561243,structural_group,unstratified,8675309
3285,12,0.0,-0.00485365253775048,structural_group,unstratified,8675309
3286,12,-0.006246033357254349,-0.06787471441649967,structural_group,unstratified,8675309
3287,12,-0.00032093672392834866,-0.006718695703814263,structural_group,unstratified,8675309
3288,12,-0.0031230166786271746,-0.007560950936675713,structural_group,unstratified,8675309
3289,12,0.0,-0.011900092192202248,structural_group,unstratified,8675309
3290,12,-0.0006418734478566973,-0.06290431872151904,structural_group,unstratified,8675309
3291,12,0.0,-0.008514779674086537,structural_group,unstratified,8675309
3292,12,0.0,-0.05055403392889971,structural_group,unstratified,8675309
3293,12,-0.0034439534025555232,-0.06217888769045387,structural_group,unstratified,8675309
3294,12,-0.01907392419508638,-0.07005142686711975,structural_group,unstratified,8675309
3295,12,-0.00032093672392834866,-0.06316650917850787,structural_group,unstratified,8675309
3296,12,-0.00032093672392834866,-0.02157035011482823,structural_group,unstratified,8675309
3297,12,0.0,-0.006925020856082245,structural_group,unstratified,8675309
3298,12,0.0,-0.055860254917800084,structural_group,unstratified,8675309
3299,12,-0.021288940384876134,-0.07293743559228281,structural_group,unstratified,8675309
3300,12,-0.00032093672392834866,-0.06539158676237869,structural_group,unstratified,8675309
3301,12,-0.0034439534025555232,-0.007900024242378017,structural_group,unstratified,8675309
3302,12,0.0,-0.003545780880079886,structural_group,unstratified,8675309
3303,12,-0.005658969592345277,-0.021634587752069,structural_group,unstratified,8675309
3304,12,-0.0034439534025555232,-0.1728035235989187,structural_group,unstratified,8675309
3305,12,-0.005658969592345277,-0.12160817940660523,structural_group,unstratified,8675309
3306,12,0.0,-0.06219845190158458,structural_group,unstratified,8675309
3307,12,-0.021288940384876134,-0.07362078258475098,structural_group,unstratified,8675309
3308,12,-0.0031230166786271746,-0.017177719405313634,structural_group,unstratified,8675309
3309,12,-0.0006418734478566973,-0.05476795431217649,structural_group,unstratified,8675309
3310,12,-0.005658969592345277,-0.12210476405172682,structural_group,unstratified,8675309
3311,12,-0.036226347372473364,-0.0791584407392392,structural_group,unstratified,8675309
3312,12,-0.0034439534025555232,-0.011628213546285605,structural_group,unstratified,8675309
3313,12,-0.010676065736833856,-0.11706183943155161,structural_group,unstratified,8675309
3314,12,-0.00032093672392834866,-0.009924954598593888,structural_group,unstratified,8675309
3315,12,0.0,-0.06072597149521117,structural_group,unstratified,8675309
3316,12,-0.0006418734478566973,-0.11710479703740774,structural_group,unstratified,8675309
3317,12,-0.006246033357254349,-0.17327053692470185,structural_group,unstratified,8675309
3318,12,-0.00032093672392834866,-0.05637000951431856,structural_group,unstratified,8675309
3319,12,-0.00032093672392834866,-0.06386236889023462,structural_group,unstratified,8675309
3320,12,-0.0034439534025555232,-0.17150640012450083,structural_group,unstratified,8675309
3321,12,-0.0006418734478566973,-0.06105712114799152,structural_group,unstratified,8675309
3322,12,-0.0006418734478566973,-0.12221350749570876,structural_group,unstratified,8675309
3323,12,-0.00032093672392834866,-0.0012610359176079763,structural_group,unstratified,8675309
3324,12,-0.01907392419508638,-0.17598488681549926,structural_group,unstratified,8675309
3325,12,-0.00032093672392834866,-0.00777282529734217,structural_group,unstratified,8675309
3326,12,-0.0006418734478566973,-0.011290775016271118,structural_group,unstratified,8675309
3327,12,-0.015950907516459206,-0.12583796590342283,structural_group,unstratified,8675309
3328,12,-0.006246033357254349,-0.013617393252340649,structural_group,unstratified,8675309
3329,12,-0.0031230166786271746,-0.017177719405313634,structural_group,unstratified,8675309
3330,12,-0.021288940384876134,-0.07177120916049065,structural_group,unstratified,8675309
3331,12,-0.0034439534025555232,-0.004760162500451185,structural_group,unstratified,8675309
3332,12,-0.021288940384876134,-0.07073627614306162,structural_group,unstratified,8675309
3333,12,-0.0031230166786271746,-0.07048614972573337,structural_group,unstratified,8675309
3334,12,-0.036226347372473364,-0.13119530049557845,structural_group,unstratified,8675309
3335,12,0.0,-0.010538731080543595,structural_group,unstratified,8675309
3336,12,-0.0006418734478566973,-0.005498717565501885,structural_group,unstratified,8675309
3337,12,0.0,-0.06560258755578603,structural_group,unstratified,8675309
3338,12,-0.006246033357254349,-0.06750554505153472,structural_group,unstratified,8675309
3339,12,-0.0006418734478566973,-0.009521567595324566,structural_group,unstratified,8675309
3340,12,-0.010676065736833856,-0.0684788027095216,structural_group,unstratified,8675309
3341,12,-0.0006418734478566973,-0.06519600979336343,structural_group,unstratified,8675309
3342,12,0.0,-0.005864667420529911,structural_group,unstratified,8675309
3343,12,-0.010676065736833856,-0.07157430994461832,structural_group,unstratified,8675309
3344,12,-0.008461049547044103,-0.07694370857643451,structural_group,unstratified,8675309
3345,12,-0.021288940384876134,-0.07717862750449146,structural_group,unstratified,8675309
3346,12,-0.0006418734478566973,-0.062217169655170636,structural_group,unstratified,8675309
3347,12,-0.006246033357254349,-0.022357613610227933,structural_group,unstratified,8675309
3348,12,-0.021288940384876134,-0.17949837722840964,structural_group,unstratified,8675309
3349,12,-0.008461049547044103,-0.02526984026044715,structural_group,unstratified,8675309
3350,12,-0.010676065736833856,-0.02684436168112517,structural_group,unstratified,8675309
3351,12,-0.008461049547044103,-0.11900925681663012,structural_group,unstratified,8675309
3352,12,-0.01907392419508638,-0.02466857649775601,structural_group,unstratified,8675309
3353,12,0.0,-0.06926978723423544,structural_group,unstratified,8675309
3354,12,-0.0031230166786271746,-0.06243891863183069,structural_group,unstratified,8675309
3355,12,-0.00032093672392834866,-0.006724768245927615,structural_group,unstratified,8675309
3356,12,-0.005338032868416928,-0.11918461374858565,structural_group,unstratified,8675309
3357,12,-0.008461049547044103,-0.07486766461696338,structural_group,unstratified,8675309
3358,12,-0.00032093672392834866,-0.059442017972190175,structural_group,unstratified,8675309
3359,12,-0.005658969592345277,-0.1742991351474854,structural_group,unstratified,8675309
3360,12,-0.03190181503291841,-0.07415440939850769,structural_group,unstratified,8675309
3361,12,-0.006246033357254349,-0.013307891265976793,structural_group,unstratified,8675309
3362,12,0.0,-0.013173297531970522,structural_group,unstratified,8675309
3363,12,-0.0006418734478566973,-0.009609274687616985,structural_group,unstratified,8675309
3364,12,-0.006246033357254349,-0.06964352685784007,structural_group,unstratified,8675309
3365,12,-0.010676065736833856,-0.11830309760124863,structural_group,unstratified,8675309
3366,12,-0.005658969592345277,-0.06859222179464293,structural_group,unstratified,8675309
3367,12,-0.0034439534025555232,-0.06605708816231061,structural_group,unstratified,8675309
3368,12,-0.03190181503291841,-0.12860950193958884,structural_group,unstratified,8675309
3369,12,-0.0031230166786271746,-0.06633028905508433,structural_group,unstratified,8675309
3370,12,-0.0034439534025555232,-0.01791009654575129,structural_group,unstratified,8675309
3371,12,0.0,-0.0690207208112321,structural_group,unstratified,8675309
3372,12,-0.008461049547044103,-0.06995920676881696,structural_group,unstratified,8675309
3373,12,-0.008461049547044103,-0.027786679620645252,structural_group,unstratified,8675309
3374,12,0.0,-0.11613304166289455,structural_group,unstratified,8675309
3375,12,-0.0031230166786271746,-0.009105592633211855,structural_group,unstratified,8675309
3376,12,-0.010676065736833856,-0.06952685976093616,structural_group,unstratified,8675309
3377,12,-0.021288940384876134,-0.07521423809413581,structural_group,unstratified,8675309
3378,12,0.0,-0.06438524752073863,structural_group,unstratified,8675309
3379,12,-0.010676065736833856,-0.010901908947961303,structural_group,unstratified,8675309
3380,12,-0.0006418734478566973,-0.05845212601590305,structural_group,unstratified,8675309
3381,12,-0.00032093672392834866,-0.052945652416848045,structural_group,unstratified,8675309
3382,12,-0.008461049547044103,-0.017400125614112024,structural_group,unstratified,8675309
3383,12,-0.010676065736833856,-0.07577898442811605,structural_group,unstratified,8675309
3384,12,-0.00032093672392834866,-0.06514252033937537,structural_group,unstratified,8675309
3385,12,-0.0034439534025555232,-0.07042014755248675,structural_group,unstratified,8675309
3386,12,-0.0031230166786271746,-0.1658725112452892,structural_group,unstratified,8675309
3387,12,-0.00032093672392834866,-0.008512403823353732,structural_group,unstratified,8675309
3388,12,-0.008461049547044103,-0.009449649984856942,structural_group,unstratified,8675309
3389,12,0.0,-0.17222953136515948,structural_group,unstratified,8675309
3390,12,-0.005658969592345277,-0.11866173511808165,structural_group,unstratified,8675309
3391,12,-0.006246033357254349,-0.007716743657500527,structural_group,unstratified,8675309
3392,12,-0.0006418734478566973,-0.016659516415948997,structural_group,unstratified,8675309
3393,12,-0.0034439534025555232,-0.12229883873726838,structural_group,unstratified,8675309
3394,12,0.0,-0.05361759399392518,structural_group,unstratified,8675309
3395,12,-0.010676065736833856,-0.2254290019064765,structural_group,unstratified,8675309
3396,12,0.0,-0.1179506679170836,structural_group,unstratified,8675309
3397,12,0.0,-0.06498651128342976,structural_group,unstratified,8675309
3398,12,-0.00032093672392834866,-0.06135521771896432,structural_group,unstratified,8675309
3399,12,-0.021288940384876134,-0.07665812472472028,structural_group,unstratified,8675309
3400,12,-0.0034439534025555232,-0.0594037360074734,structural_group,unstratified,8675309
3401,12,-0.036226347372473364,-0.08255877431956041,structural_group,unstratified,8675309
3402,12,0.0,-0.053261332327824956,structural_group,unstratified,8675309
3403,12,-0.00032093672392834866,-0.056634499761713954,structural_group,unstratified,8675309
3404,12,-0.008461049547044103,-0.06692186462884768,structural_group,unstratified,8675309
3405,12,0.0,-0.008693833297422624,structural_group,unstratified,8675309
3406,12,0.0,-0.11759908189212276,structural_group,unstratified,8675309
3407,12,-0.0034439534025555232,-0.1219597654315661,structural_group,unstratified,8675309
3408,12,-0.005338032868416928,-0.1202575664781993,structural_group,unstratified,8675309
3409,12,-0.0034439534025555232,-0.11640426168454165,structural_group,unstratified,8675309
3410,12,-0.0006418734478566973,-0.06240773407639746,structural_group,unstratified,8675309
3411,12,-0.00032093672392834866,-0.060743817087747426,structural_group,unstratified,8675309
3412,12,0.0,-0.16446233632078186,structural_group,unstratified,8675309
3413,12,-0.0034439534025555232,-0.06586089987856837,structural_group,unstratified,8675309
3414,12,-0.006246033357254349,-0.06883733484385493,structural_group,unstratified,8675309
3415,12,0.0,-0.005166956597994578,structural_group,unstratified,8675309
3416,12,-0.00032093672392834866,-0.011232826256264481,structural_group,unstratified,8675309
3417,12,-0.01907392419508638,-0.07314463431180991,structural_group,unstratified,8675309
3418,12,-0.010676065736833856,-0.01841396502722222,structural_group,unstratified,8675309
3419,12,-0.03190181503291841,-0.07770618177613482,structural_group,unstratified,8675309
3420,12,-0.010676065736833856,-0.2246319448396493,structural_group,unstratified,8675309
3421,12,-0.0034439534025555232,-0.007846534788389958,structural_group,unstratified,8675309
3422,12,-0.03190181503291841,-0.1781204927710718,structural_group,unstratified,8675309
3423,12,-0.0006418734478566973,-0.06319510295429685,structural_group,unstratified,8675309
3424,12,0.0,-0.002878514944142119,structural_group,unstratified,8675309
3425,12,-0.006246033357254349,-0.118038823688974,structural_group,unstratified,8675309
3426,12,-0.010676065736833856,-0.07292492287302425,structural_group,unstratified,8675309
3427,12,0.0,-0.05715737839221797,structural_group,unstratified,8675309
3428,12,0.0,-0.11287152877812101,structural_group,unstratified,8675309
3429,12,-0.008461049547044103,-0.07359913491833449,structural_group,unstratified,8675309
3430,12,-0.008461049547044103,-0.02030789295831267,structural_group,unstratified,8675309
3431,12,-0.00032093672392834866,-0.01623685759699598,structural_group,unstratified,8675309
3432,12,-0.006246033357254349,-0.01999221304733577,structural_group,unstratified,8675309
3433,12,-0.008461049547044103,-0.07174956149407415,structural_group,unstratified,8675309
3434,12,-0.005658969592345277,-0.12654620857409007,structural_group,unstratified,8675309
3435,12,-0.00032093672392834866,-0.012545373555074436,structural_group,unstratified,8675309
3436,12,-0.0031230166786271746,-0.011699839582047617,structural_group,unstratified,8675309
3437,12,0.0,-0.0010050233852321802,structural_group,unstratified,8675309
3438,12,-0.010676065736833856,-0.07268815283415869,structural_group,unstratified,8675309
3439,12,-0.0034439534025555232,-0.11652375331177629,structural_group,unstratified,8675309
3440,12,-0.00032093672392834866,-0.009116492116375642,structural_group,unstratified,8675309
3441,12,-0.006246033357254349,-0.06348675934812446,structural_group,unstratified,8675309
3442,12,-0.0006418734478566973,-0.06507590685140179,structural_group,unstratified,8675309
3443,12,-0.015950907516459206,-0.07002988458320293,structural_group,unstratified,8675309
3444,12,-0.008461049547044103,-0.12588677971627155,structural_group,unstratified,8675309
3445,12,-0.010676065736833856,-0.02121910738696563,structural_group,unstratified,8675309
3446,12,-0.00032093672392834866,-0.06408839074584745,structural_group,unstratified,8675309
3447,12,-0.008461049547044103,-0.010588604887717207,structural_group,unstratified,8675309
3448,12,0.0,-0.009969309105424007,structural_group,unstratified,8675309
3449,12,-0.0034439534025555232,-0.021489589131908276,structural_group,unstratified,8675309
3450,12,-0.0034439534025555232,-0.06698504227176352,structural_group,unstratified,8675309
3451,12,-0.010676065736833856,-0.12007428589332181,structural_group,unstratified,8675309
3452,12,-0.0034439534025555232,-0.007390269645859533,structural_group,unstratified,8675309
3453,12,-0.0006418734478566973,-0.16768406495736496,structural_group,unstratified,8675309
3454,12,0.0,-0.06227683703377173,structural_group,unstratified,8675309
3455,12,-0.0034439534025555232,-0.01284325379092646,structural_group,unstratified,8675309
3456,12,-0.0006418734478566973,-0.012890670702801166,structural_group,unstratified,8675309
3457,12,-0.005658969592345277,-0.01617367995408012,structural_group,unstratified,8675309
3458,12,0.0,-0.010602968717784366,structural_group,unstratified,8675309
3459,12,-0.010676065736833856,-0.17203981060313678,structural_group,unstratified,8675309
3460,12,0.0,-0.007045123798043877,structural_group,unstratified,8675309
3461,12,-0.0031230166786271746,-0.0695412235910033,structural_group,unstratified,8675309
3462,12,-0.0006418734478566973,-0.007840462246276606,structural_group,unstratified,8675309
3463,12,0.0,-0.06426982021991635,structural_group,unstratified,8675309
3464,12,-0.0034439534025555232,-0.014963652257227705,structural_group,unstratified,8675309
3465,12,-0.010676065736833856,-0.07303973885911956,structural_group,unstratified,8675309
3466,12,-0.006246033357254349,-0.017133475851104606,structural_group,unstratified,8675309
3467,12,0.0,-0.013548801691580995,structural_group,unstratified,8675309
3468,12,0.0,-0.055413677964197446,structural_group,unstratified,8675309
3469,12,-0.00032093672392834866,-0.059840758656493576,structural_group,unstratified,8675309
3470,12,0.0,-0.007831432681618363,structural_group,unstratified,8675309
3471,12,-0.01907392419508638,-0.06795614041413837,structural_group,unstratified,8675309
3472,12,-0.01907392419508638,-0.122653860607287,structural_group,unstratified,8675309
3473,12,-0.0034439534025555232,-0.06189330383873961,structural_group,unstratified,8675309
3474,12,-0.006246033357254349,-0.1684108928894041,structural_group,unstratified,8675309
3475,12,-0.0006418734478566973,-0.006311244374132535,structural_group,unstratified,8675309
3476,12,0.0,-0.011328399748849553,structural_group,unstratified,8675309
3477,12,-0.010676065736833856,-0.12390802647584875,structural_group,unstratified,8675309
3478,12,-0.0006418734478566973,-0.009869089293873026,structural_group,unstratified,8675309
3479,12,-0.00032093672392834866,-0.11326461627773558,structural_group,unstratified,8675309
3480,12,-0.006246033357254349,-0.06690428128884358,structural_group,unstratified,8675309
3481,12,-0.006246033357254349,-0.11689986878611373,structural_group,unstratified,8675309
3482,12,-0.01907392419508638,-0.024201563171972865,structural_group,unstratified,8675309
3483,12,-0.006246033357254349,-0.013363756570697655,structural_group,unstratified,8675309
3484,12,-0.008461049547044103,-0.06952624844620921,structural_group,unstratified,8675309
3485,12,-0.008461049547044103,-0.06833847973050024,structural_group,unstratified,8675309
3486,12,-0.0006418734478566973,-0.008333798879615604,structural_group,unstratified,8675309
3487,12,-0.0031230166786271746,-0.06323945746112698,structural_group,unstratified,8675309
3488,12,-0.008461049547044103,-0.009344970867287382,structural_group,unstratified,8675309
3489,12,-0.021288940384876134,-0.0832754653830738,structural_group,unstratified,8675309
3490,12,-0.006246033357254349,-0.013412570383546355,structural_group,unstratified,8675309
3491,12,0.0,-0.010856710781927051,structural_group,unstratified,8675309
3492,12,-0.03190181503291841,-0.023862489866270566,structural_group,unstratified,8675309
3493,12,-0.0031230166786271746,-0.061470645019786586,structural_group,unstratified,8675309
3494,12,-0.006246033357254349,-0.01752418749998637,structural_group,unstratified,8675309
3495,12,-0.0034439534025555232,-0.1695420107141452,structural_group,unstratified,8675309
3496,12,-0.008461049547044103,-0.012958681091748733,structural_group,unstratified,8675309
3497,12,-0.010676065736833856,-0.07024761515086198,structural_group,unstratified,8675309
3498,12,0.0,-0.11855660732091415,structural_group,unstratified,8675309
3499,12,-0.03190181503291841,-0.1301950337960517,structural_group,unstratified,8675309
3500,12,-0.00032093672392834866,-0.060866556726764685,structural_group,unstratified,8675309
3501,12,-0.0034439534025555232,-0.011719111397731316,structural_group,unstratified,8675309
3502,12,-0.03190181503291841,-0.12545910834953009,structural_group,unstratified,8675309
3503,12,-0.0034439534025555232,-0.01091247070414822,structural_group,unstratified,8675309
3504,12,-0.016271844240387554,-0.12481850262779726,structural_group,unstratified,8675309
3505,12,-0.008461049547044103,-0.016496305974429495,structural_group,unstratified,8675309
3506,12,-0.006246033357254349,-0.06632791320435152,structural_group,unstratified,8675309
3507,12,-0.04055087971202831,-0.184118875374109,structural_group,unstratified,8675309
3508,12,0.0,-0.053984463568483576,structural_group,unstratified,8675309
3509,12,-0.005658969592345277,-0.027319666294862113,structural_group,unstratified,8675309
3510,12,-0.00032093672392834866,-0.010631562493573334,structural_group,unstratified,8675309
3511,12,-0.008461049547044103,-0.013398422888599977,structural_group,unstratified,8675309
3512,12,-0.0006418734478566973,-0.005850303590462752,structural_group,unstratified,8675309
3513,12,-0.0031230166786271746,-0.012051425607008484,structural_group,unstratified,8675309
3514,12,-0.03190181503291841,-0.07208005391471617,structural_group,unstratified,8675309
3515,12,-0.0006418734478566973,-0.11247724739983618,structural_group,unstratified,8675309
3516,12,-0.01907392419508638,-0.0742710764954116,structural_group,unstratified,8675309
3517,12,-0.006246033357254349,-0.017368394779161554,structural_group,unstratified,8675309
3518,12,-0.0006418734478566973,-0.010806178350483886,structural_group,unstratified,8675309
3519,12,-0.00032093672392834866,-0.0668088131787582,structural_group,unstratified,8675309
3520,12,-0.00032093672392834866,-0.011377213561698248,structural_group,unstratified,8675309
3521,12,-0.021288940384876134,-0.021922996134114008,structural_group,unstratified,8675309
3522,12,-0.010676065736833856,-0.12072666325926822,structural_group,unstratified,8675309
3523,12,-0.00032093672392834866,-0.009334439019155453,structural_group,unstratified,8675309
3524,12,-0.006246033357254349,-0.00393005235181644,structural_group,unstratified,8675309
3525,12,-0.0034439534025555232,-0.06865363490155292,structural_group,unstratified,8675309
3526,12,-0.00032093672392834866,-0.011721487248464118,structural_group,unstratified,8675309
3527,12,-0.00032093672392834866,-0.01267433703611613,structural_group,unstratified,8675309
3528,12,-0.00032093672392834866,-0.06752956856868403,structural_group,unstratified,8675309
3529,12,-0.006246033357254349,-0.07002977920070326,structural_group,unstratified,8675309
3530,12,-0.0034439534025555232,-0.022562541861521925,structural_group,unstratified,8675309
3531,12,0.0,-0.007161790894947793,structural_group,unstratified,8675309
3532,12,-0.0034439534025555232,-0.022144342348587486,structural_group,unstratified,8675309
3533,12,0.0,-0.0067032259620108114,structural_group,unstratified,8675309
3534,12,-0.006246033357254349,-0.11999070038007109,structural_group,unstratified,8675309
3535,12,-0.0031230166786271746,-0.06350394770852237,structural_group,unstratified,8675309
3536,12,-0.04055087971202831,-0.18536718503567817,structural_group,unstratified,8675309
3537,12,-0.00032093672392834866,-0.006978510310070303,structural_group,unstratified,8675309
3538,12,-0.021288940384876134,-0.023166630154543833,structural_group,unstratified,8675309
3539,12,-0.00032093672392834866,-0.06764906019591871,structural_group,unstratified,8675309
3540,12,-0.04055087971202831,-0.1813261403511245,structural_group,unstratified,8675309
3541,12,-0.006246033357254349,-0.06685079183485552,structural_group,unstratified,8675309
3542,12,-0.0006418734478566973,-0.05486418503689989,structural_group,unstratified,8675309
3543,12,-0.0034439534025555232,-0.01949660594576366,structural_group,unstratified,8675309
3544,12,-0.008461049547044103,-0.017290770855403103,structural_group,unstratified,8675309
3545,12,-0.0031230166786271746,-0.011228150615125122,structural_group,unstratified,8675309
3546,12,-0.0034439534025555232,-0.06366211628007999,structural_group,unstratified,8675309
3547,12,-0.0031230166786271746,-0.020715344287994396,structural_group,unstratified,8675309
3548,12,-0.0031230166786271746,-0.11776738733220614,structural_group,unstratified,8675309
3549,12,-0.006246033357254349,-0.06730204442959752,structural_group,unstratified,8675309
3550,12,-0.010676065736833856,-0.021095045501091286,structural_group,unstratified,8675309
3551,12,-0.010676065736833856,-0.07268815283415869,structural_group,unstratified,8675309
3552,12,-0.0006418734478566973,-0.008075381174333556,structural_group,unstratified,8675309
3553,12,-0.0034439534025555232,-0.06947461010302973,structural_group,unstratified,8675309
3554,12,-0.006246033357254349,-0.010206311488766731,structural_group,unstratified,8675309
3555,12,-0.03190181503291841,-0.1297768342831173,structural_group,unstratified,8675309
3556,12,-0.020596376579942503,-0.12553925801772306,structural_group,unstratified,8675309
3557,12,-0.021288940384876134,-0.12054597486024432,structural_group,unstratified,8675309
3558,12,-0.0006418734478566973,-0.06835730286658596,structural_group,unstratified,8675309
3559,12,-0.006246033357254349,-0.06760338901235291,structural_group,unstratified,8675309
3560,12,-0.00032093672392834866,-0.11112663447143023,structural_group,unstratified,8675309
3561,12,-0.0006418734478566973,-0.004231427662954616,structural_group,unstratified,8675309
3562,12,-0.0006418734478566973,-0.008800812205398741,structural_group,unstratified,8675309
3563,12,-0.0031230166786271746,-0.06846827086138967,structural_group,unstratified,8675309
3564,12,-0.0034439534025555232,-0.01822807624713475,structural_group,unstratified,8675309
3565,12,0.0,-0.0040602111177377295,structural_group,unstratified,8675309
3566,12,0.0,-0.0647368335456995,structural_group,unstratified,8675309
3567,12,-0.0034439534025555232,-0.06322633342714147,structural_group,unstratified,8675309
3568,12,-0.008461049547044103,-0.1195058414617517,structural_group,unstratified,8675309
3569,12,-0.008461049547044103,-0.07001269622280502,structural_group,unstratified,8675309
3570,12,-0.006246033357254349,-0.008486529195395833,structural_group,unstratified,8675309
3571,12,-0.00032093672392834866,-0.0053298008106915555,structural_group,unstratified,8675309
3572,12,-0.00032093672392834866,-0.007703941341135488,structural_group,unstratified,8675309
3573,12,0.0,-0.060367701613409985,structural_group,unstratified,8675309
3574,12,-0.0006418734478566973,-0.008916239506221012,structural_group,unstratified,8675309
3575,12,-0.00032093672392834866,-0.11967045021045453,structural_group,unstratified,8675309
3576,12,-0.005658969592345277,-0.0696116850702685,structural_group,unstratified,8675309
3577,12,-0.008461049547044103,-0.06639668620793712,structural_group,unstratified,8675309
3578,12,-0.005658969592345277,-0.06585358754037339,structural_group,unstratified,8675309
3579,12,-0.010676065736833856,-0.07224157588055606,structural_group,unstratified,8675309
3580,12,-0.010676065736833856,-0.07182609551545271,structural_group,unstratified,8675309
3581,12,-0.036226347372473364,-0.1279200824050073,structural_group,unstratified,8675309
3582,12,-0.00032093672392834866,-0.012674337036116132,structural_group,unstratified,8675309
3583,12,-0.0034439534025555232,-0.1179278556941703,structural_group,unstratified,8675309
3584,12,-0.00032093672392834866,-0.01634153671456554,structural_group,unstratified,8675309
3585,12,-0.005658969592345277,-0.07410661904661986,structural_group,unstratified,8675309
3586,12,0.0,-0.05987904062121035,structural_group,unstratified,8675309
3587,12,-0.016271844240387554,-0.12566728461260665,structural_group,unstratified,8675309
3588,12,0.0,-0.05321251851497625,structural_group,unstratified,8675309
3589,12,-0.010676065736833856,-0.0716254996081998,structural_group,unstratified,8675309
3590,12,-0.01907392419508638,-0.1201744296445465,structural_group,unstratified,8675309
3591,12,0.0,-0.01327797664954008,structural_group,unstratified,8675309
3592,12,-0.006246033357254349,-0.06915707908124423,structural_group,unstratified,8675309
3593,12,-0.03190181503291841,-0.034809283591222845,structural_group,unstratified,8675309
3594,12,-0.006246033357254349,-0.01993872359334771,structural_group,unstratified,8675309
3595,12,-0.008461049547044103,-0.013732925935662615,structural_group,unstratified,8675309
3596,12,-0.00032093672392834866,-0.06349319952526966,structural_group,unstratified,8675309
3597,12,0.0,-0.008925927695148812,structural_group,unstratified,8675309
3598,12,-0.0034439534025555232,-0.12747416268354303,structural_group,unstratified,8675309
3599,12,-0.0031230166786271746,-0.12190627597757804,structural_group,unstratified,8675309
3600,12,-0.005338032868416928,-0.11719163056244103,structural_group,unstratified,8675309
3601,12,-0.0006418734478566973,-0.009499919928908066,structural_group,unstratified,8675309
3602,12,-0.0006418734478566973,-0.0056439784381947695,structural_group,unstratified,8675309
3603,12,-0.008461049547044103,-0.014199939261445754,structural_group,unstratified,8675309
3604,12,0.0,-0.0025093455791771603,structural_group,unstratified,8675309
3605,12,0.0,-0.0019306777042785463,structural_group,unstratified,8675309
3606,12,-0.036226347372473364,-0.1809745543261636,structural_group,unstratified,8675309
3607,12,-0.0034439534025555232,-0.07047363700647481,structural_group,unstratified,8675309
3608,12,-0.00032093672392834866,-0.008156142157253507,structural_group,unstratified,8675309
3609,12,0.0,-0.007621491882535933,structural_group,unstratified,8675309
3610,12,0.0,-0.11189857952493758,structural_group,unstratified,8675309
3611,12,-0.008461049547044103,-0.01669418273385132,structural_group,unstratified,8675309
3612,12,-0.008461049547044103,-0.01442878564738935,structural_group,unstratified,8675309
3613,12,-0.03190181503291841,-0.08249559667664454,structural_group,unstratified,8675309
3614,12,-0.008461049547044103,-0.017463751936625842,structural_group,unstratified,8675309
3615,12,-0.008461049547044103,-0.015912886398065273,structural_group,unstratified,8675309
3616,12,-0.008461049547044103,-0.11534205713818069,structural_group,unstratified,8675309
3617,12,-0.005658969592345277,-0.0671221172390023,structural_group,unstratified,8675309
3618,12,-0.01907392419508638,-0.12332112654322475,structural_group,unstratified,8675309
3619,12,-0.005658969592345277,-0.1755427691679152,structural_group,unstratified,8675309
3620,12,-0.0034439534025555232,-0.12066264195714821,structural_group,unstratified,8675309
3621,12,-0.00032093672392834866,-0.062076584423617104,structural_group,unstratified,8675309
3622,12,-0.036226347372473364,-0.0786867517723167,structural_group,unstratified,8675309
3623,12,-0.00032093672392834866,-0.06146457247767325,structural_group,unstratified,8675309
3624,12,-0.008461049547044103,-0.07194981410422878,structural_group,unstratified,8675309
3625,12,-0.008461049547044103,-0.17288700372966972,structural_group,unstratified,8675309
3626,12,-0.008461049547044103,-0.019665522700573992,structural_group,unstratified,8675309
3627,12,-0.006246033357254349,-0.06169305122858498,structural_group,unstratified,8675309
3628,12,-0.0031230166786271746,-0.010771274157867742,structural_group,unstratified,8675309
3629,12,-0.0006418734478566973,-0.01616293177082741,structural_group,unstratified,8675309
3630,12,-0.006246033357254349,-0.01816991115200733,structural_group,unstratified,8675309
3631,12,-0.005658969592345277,-0.01876792690291589,structural_group,unstratified,8675309
3632,12,-0.00032093672392834866,-0.057931623236131845,structural_group,unstratified,8675309
3633,12,-0.0034439534025555232,-0.014739481512423469,structural_group,unstratified,8675309
3634,12,0.0,-0.05978726920250552,structural_group,unstratified,8675309
3635,12,0.0,-0.06201234678637633,structural_group,unstratified,8675309
3636,12,-0.020596376579942503,-0.07022776134262476,structural_group,unstratified,8675309
3637,12,-0.0006418734478566973,-0.0051483713366226634,structural_group,unstratified,8675309
3638,12,-0.0031230166786271746,-0.06609819465735813,structural_group,unstratified,8675309
3639,12,-0.008461049547044103,-0.020361382412300726,structural_group,unstratified,8675309
3640,12,-0.0034439534025555232,-0.12047091297942458,structural_group,unstratified,8675309
3641,12,-0.006246033357254349,-0.009009407825899832,structural_group,unstratified,8675309
3642,12,-0.016271844240387554,-0.12329720840857512,structural_group,unstratified,8675309
3643,12,-0.010676065736833856,-0.016418682050671044,structural_group,unstratified,8675309
3644,12,-0.01907392419508638,-0.17774664776496749,structural_group,unstratified,8675309
3645,12,-0.008461049547044103,-0.016574691106616638,structural_group,unstratified,8675309
3646,12,0.0,-0.011797572590244708,structural_group,unstratified,8675309
3647,12,0.0,-0.06604188067303932,structural_group,unstratified,8675309
3648,12,0.0,-0.01629272290171684,structural_group,unstratified,8675309
3649,12,-0.006246033357254349,-0.06898877364116086,structural_group,unstratified,8675309
3650,12,0.0,-0.05652752085373785,structural_group,unstratified,8675309
3651,12,0.0,-0.06461734191846481,structural_group,unstratified,8675309
3652,12,-0.008461049547044103,-0.12165461736872113,structural_group,unstratified,8675309
3653,12,-0.021288940384876134,-0.1726868565020148,structural_group,unstratified,8675309
3654,12,-0.005338032868416928,-0.020508145568467296,structural_group,unstratified,8675309
3655,12,-0.0006418734478566973,-0.06240773407639746,structural_group,unstratified,8675309
3656,12,-0.021288940384876134,-0.07351380367677486,structural_group,unstratified,8675309
3657,12,-0.05477133693621747,-0.23590817099091865,structural_group,unstratified,8675309
3658,12,-0.0006418734478566973,-0.06900759677724659,structural_group,unstratified,8675309
3659,12,0.0,-0.008118076527657522,structural_group,unstratified,8675309
3660,12,-0.008461049547044103,-0.11729393382927779,structural_group,unstratified,8675309
3661,12,-0.00032093672392834866,-0.0607687127659465,structural_group,unstratified,8675309
3662,12,-0.008461049547044103,-0.07322301944399708,structural_group,unstratified,8675309
3663,12,-0.015950907516459206,-0.07297632887172655,structural_group,unstratified,8675309
3664,12,-0.005338032868416928,-0.06826107214186257,structural_group,unstratified,8675309
3665,12,-0.00032093672392834866,-0.0075656265778150725,structural_group,unstratified,8675309
3666,12,-0.0031230166786271746,-0.17332640222942275,structural_group,unstratified,8675309
3667,12,-0.04055087971202831,-0.19062361326197105,structural_group,unstratified,8675309
3668,12,-0.021288940384876134,-0.07299092504627086,structural_group,unstratified,8675309
3669,12,-0.0006418734478566973,-0.0032927253702489806,structural_group,unstratified,8675309
3670,12,-0.008461049547044103,-0.06382635739375096,structural_group,unstratified,8675309
3671,12,-0.006246033357254349,-0.11542915291574617,structural_group,unstratified,8675309
3672,12,-0.021288940384876134,-0.17388983270699507,structural_group,unstratified,8675309
3673,12,0.0,-0.05933971470535342,structural_group,unstratified,8675309
3674,12,-0.02339845653464133,-0.12368968459346275,structural_group,unstratified,8675309
3675,12,-0.0006418734478566973,-0.06342719735202305,structural_group,unstratified,8675309
3676,12,-0.006246033357254349,-0.012095226872068742,structural_group,unstratified,8675309
3677,12,-0.010676065736833856,-0.11576471595713372,structural_group,unstratified,8675309
3678,12,0.0,-0.06069032763375937,structural_group,unstratified,8675309
3679,12,0.0,-0.06725190836989171,structural_group,unstratified,8675309
3680,12,-0.005658969592345277,-0.016947924797994004,structural_group,unstratified,8675309
3681,12,-0.021288940384876134,-0.17340761189194062,structural_group,unstratified,8675309
3682,12,-0.005658969592345277,-0.12340188752614471,structural_group,unstratified,8675309
3683,12,-0.00032093672392834866,-0.010645709988519712,structural_group,unstratified,8675309
3684,12,-0.006246033357254349,-0.06328827127397568,structural_group,unstratified,8675309
3685,12,-0.0006418734478566973,-0.058821295380868,structural_group,unstratified,8675309
3686,12,-0.016271844240387554,-0.07582194203397218,structural_group,unstratified,8675309
3687,12,0.0,-0.10576085148642848,structural_group,unstratified,8675309
3688,12,-0.0034439534025555232,-0.012295479482223372,structural_group,unstratified,8675309
3689,12,-0.0006418734478566973,-0.0613108632121342,structural_group,unstratified,8675309
3690,12,-0.00032093672392834866,-0.1715622654292217,structural_group,unstratified,8675309
3691,12,0.0,-0.06357396050818961,structural_group,unstratified,8675309
3692,12,-0.008461049547044103,-0.024639982721967036,structural_group,unstratified,8675309
3693,12,-0.04055087971202831,-0.18401657210727226,structural_group,unstratified,8675309
3694,12,-0.0034439534025555232,-0.008533683854738376,structural_group,unstratified,8675309
3695,12,-0.036226347372473364,-0.08548412500376514,structural_group,unstratified,8675309
3696,12,-0.00032093672392834866,-0.0011631919567897976,structural_group,unstratified,8675309
3697,12,-0.0034439534025555232,-0.060434209718883865,structural_group,unstratified,8675309
3698,12,-0.008461049547044103,-0.014179719224386024,structural_group,unstratified,8675309
3699,12,-0.0034439534025555232,-0.11024749417482604,structural_group,unstratified,8675309
3700,12,0.0,-0.11127339762759682,structural_group,unstratified,8675309
3701,12,-0.00032093672392834866,-0.06458312428016044,structural_group,unstratified,8675309
3702,12,-0.006246033357254349,-0.06542625308028101,structural_group,unstratified,8675309
3703,12,-0.03190181503291841,-0.1257724124097742,structural_group,unstratified,8675309
3704,12,-0.006246033357254349,-0.019818620651386076,structural_group,unstratified,8675309
3705,12,-0.005658969592345277,-0.014509546630309301,structural_group,unstratified,8675309
3706,12,0.0,-0.003963980393014326,structural_group,unstratified,8675309
3707,12,-0.006246033357254349,-0.0589787013377876,structural_group,unstratified,8675309
3708,12,-0.005658969592345277,-0.015154216678454539,structural_group,unstratified,8675309
3709,12,-0.0031230166786271746,-0.11268357255210416,structural_group,unstratified,8675309
3710,12,-0.03190181503291841,-0.17745322683513406,structural_group,unstratified,8675309
3711,12,-0.006246033357254349,-0.06608100629696022,structural_group,unstratified,8675309
3712,12,-0.00032093672392834866,-0.06337370789803498,structural_group,unstratified,8675309
3713,12,-0.00032093672392834866,-0.011486568320407169,structural_group,unstratified,8675309
3714,12,0.0,-0.01285761762099362,structural_group,unstratified,8675309
3715,12,-0.0034439534025555232,-0.0625970872033883,structural_group,unstratified,8675309
3716,12,-0.03190181503291841,-0.12848208665943223,structural_group,unstratified,8675309
3717,12,-0.00032093672392834866,-0.12380933885582644,structural_group,unstratified,8675309
3718,12,0.0,-0.11220135173704975,structural_group,unstratified,8675309
3719,12,-0.025613472724431083,-0.08026945909844882,structural_group,unstratified,8675309
3720,12,-0.006246033357254349,-0.015286278277577078,structural_group,unstratified,8675309
3721,12,0.0,-0.012730202340836992,structural_group,unstratified,8675309
3722,12,-0.005338032868416928,-0.17132549539035613,structural_group,unstratified,8675309
3723,12,-0.008461049547044103,-0.11606281252810653,structural_group,unstratified,8675309
3724,12,0.0,-0.0006870436838487225,structural_group,unstratified,8675309
3725,12,-0.00032093672392834866,-0.007093937610892574,structural_group,unstratified,8675309
3726,12,0.0,-0.16653370463911363,structural_group,unstratified,8675309
3727,12,-0.010676065736833856,-0.0681847704649612,structural_group,unstratified,8675309
3728,12,-0.021288940384876134,-0.07099696431657677,structural_group,unstratified,8675309
3729,12,-0.006246033357254349,-0.0681479153092734,structural_group,unstratified,8675309
3730,12,-0.0031230166786271746,-0.06612309033555723,structural_group,unstratified,8675309
3731,12,-0.006246033357254349,-0.11388274668320418,structural_group,unstratified,8675309
3732,12,-0.008461049547044103,-0.11906274627061818,structural_group,unstratified,8675309
3733,12,-0.006246033357254349,-0.06727345065380853,structural_group,unstratified,8675309
3734,12,-0.0034439534025555232,-0.011335129523101237,structural_group,unstratified,8675309
3735,12,-0.0006418734478566973,-0.004535596776040776,structural_group,unstratified,8675309
3736,12,-0.0034439534025555232,-0.06805007134845523,structural_group,unstratified,8675309
3737,12,-0.04055087971202831,-0.2276306100352956,structural_group,unstratified,8675309
3738,12,-0.0006418734478566973,-0.06012916703853859,structural_group,unstratified,8675309
3739,12,-0.00032093672392834866,-0.054709789217049075,structural_group,unstratified,8675309
3740,12,-0.00032093672392834866,-0.011371141019584896,structural_group,unstratified,8675309
3741,12,-0.0006418734478566973,-0.009746349654855758,structural_group,unstratified,8675309
3742,12,0.0,-0.07103859967557581,structural_group,unstratified,8675309
3743,12,-0.021288940384876134,-0.17718179047836613,structural_group,unstratified,8675309
3744,12,-0.006246033357254349,-0.01652059033790163,structural_group,unstratified,8675309
3745,12,0.0,-0.06259885173939415,structural_group,unstratified,8675309
3746,12,-0.036226347372473364,-0.1329974570079641,structural_group,unstratified,8675309
3747,12,-0.005658969592345277,-0.0646325494077361,structural_group,unstratified,8675309
3748,12,-0.05044680459666252,-0.23300061998183877,structural_group,unstratified,8675309
3749,12,-0.008461049547044103,-0.027119413684707484,structural_group,unstratified,8675309
3750,12,-0.010676065736833856,-0.072892975702953,structural_group,unstratified,8675309
3751,12,-0.0006418734478566973,-0.11382786032824212,structural_group,unstratified,8675309
3752,12,-0.006246033357254349,-0.010691124489674743,structural_group,unstratified,8675309
3753,12,-0.0006418734478566973,-0.006420599132841456,structural_group,unstratified,8675309
3754,12,-0.0031230166786271746,-0.012093904625211668,structural_group,unstratified,8675309
3755,12,-0.010676065736833856,-0.025498319011358895,structural_group,unstratified,8675309
3756,12,0.0,-0.006404518076311049,structural_group,unstratified,8675309
3757,12,-0.010676065736833856,-0.07428160834354353,structural_group,unstratified,8675309
3758,12,-0.021288940384876134,-0.015856760247021578,structural_group,unstratified,8675309
3759,12,-0.00032093672392834866,-0.06765698384884065,structural_group,unstratified,8675309
3760,12,0.0,-0.11795066791708363,structural_group,unstratified,8675309
3761,12,-0.008461049547044103,-0.027172903138695543,structural_group,unstratified,8675309
3762,12,-0.00032093672392834866,-0.056370009514318566,structural_group,unstratified,8675309
3763,12,-0.0034439534025555232,-0.010944866553817434,structural_group,unstratified,8675309
3764,12,0.0,-0.006810204869986927,structural_group,unstratified,8675309
3765,12,-0.0034439534025555232,-0.01481926495179394,structural_group,unstratified,8675309
3766,12,-0.0006418734478566973,-0.006795841039919767,structural_group,unstratified,8675309
3767,12,-0.010676065736833856,-0.06735703616705925,structural_group,unstratified,8675309
3768,12,-0.01907392419508638,-0.07364121895693149,structural_group,unstratified,8675309
3769,12,-0.008461049547044103,-0.01166155761733085,structural_group,unstratified,8675309
3770,12,0.0,-0.002617826770626963,structural_group,unstratified,8675309
3771,12,-0.010676065736833856,-0.07132056788047562,structural_group,unstratified,8675309
3772,12,-0.04055087971202831,-0.18849268294753785,structural_group,unstratified,8675309
3773,12,0.0,-0.06273777781744151,structural_group,unstratified,8675309
3774,12,-0.00032093672392834866,-0.12204052641448604,structural_group,unstratified,8675309
3775,12,-0.006246033357254349,-0.06473039336855428,structural_group,unstratified,8675309
3776,12,-0.0031230166786271746,-0.018809456879415244,structural_group,unstratified,8675309
3777,12,-0.008461049547044103,-0.06392193088633603,structural_group,unstratified,8675309
3778,12,-0.0034439534025555232,-0.06224488986370048,structural_group,unstratified,8675309
3779,12,-0.010676065736833856,-0.12161871125473717,structural_group,unstratified,8675309
3780,12,-0.008461049547044103,-0.06584653604850123,structural_group,unstratified,8675309
3781,12,-0.006246033357254349,-0.011915194298973843,structural_group,unstratified,8675309
3782,12,0.0,-0.018097179204509022,structural_group,unstratified,8675309
3783,12,-0.03190181503291841,-0.07775967123012288,structural_group,unstratified,8675309
3784,12,-0.006246033357254349,-0.018251994381784355,structural_group,unstratified,8675309
3785,12,-0.010676065736833856,-0.020178101827423234,structural_group,unstratified,8675309
3786,12,-0.010676065736833856,-0.07416855689345407,structural_group,unstratified,8675309
3787,12,0.0,-0.0069808861608031065,structural_group,unstratified,8675309
3788,12,-0.00032093672392834866,-0.11407246744522688,structural_group,unstratified,8675309
3789,12,-0.008461049547044103,-0.06272948652948772,structural_group,unstratified,8675309
3790,12,-0.0006418734478566973,-0.06519600979336342,structural_group,unstratified,8675309
3791,12,-0.021288940384876134,-0.12369029590818971,structural_group,unstratified,8675309
3792,12,-0.00032093672392834866,-0.008395736726449816,structural_group,unstratified,8675309
3793,12,0.0,-0.1643980986835411,structural_group,unstratified,8675309
3794,12,-0.010676065736833856,-0.11700834997756354,structural_group,unstratified,8675309
3795,12,-0.0031230166786271746,-0.1637345294389839,structural_group,unstratified,8675309
3796,12,-0.008461049547044103,-0.07183499811813346,structural_group,unstratified,8675309
3797,12,0.0,-0.007738158979439851,structural_group,unstratified,8675309
3798,12,-0.005338032868416928,-0.016344361244896303,structural_group,unstratified,8675309
3799,12,-0.006246033357254349,-0.07155672660461421,structural_group,unstratified,8675309
3800,12,0.0,-0.061556081643845906,structural_group,unstratified,8675309
3801,12,-0.006246033357254349,-0.0127873884862056,structural_group,unstratified,8675309
3802,12,-0.02339845653464133,-0.17907334255872384,structural_group,unstratified,8675309
3803,12,0.0,-0.018897718033805317,structural_group,unstratified,8675309
3804,12,-0.0031230166786271746,-0.06326435313932606,structural_group,unstratified,8675309
3805,12,0.0,-0.006013701044929591,structural_group,unstratified,8675309
3806,12,0.0,-0.061556081643845906,structural_group,unstratified,8675309
3807,12,-0.021288940384876134,-0.1745936160716437,structural_group,unstratified,8675309
3808,12,-0.00032093672392834866,-0.06063446232903849,structural_group,unstratified,8675309
3809,12,0.0,-0.013922646697685316,structural_group,unstratified,8675309
3810,12,0.0,-0.05896359923101599,structural_group,unstratified,8675309
3811,12,-0.0006418734478566973,-0.06519600979336342,structural_group,unstratified,8675309
3812,12,-0.006246033357254349,-0.010099332580790614,structural_group,unstratified,8675309
3813,12,0.0,-0.11416397661139953,structural_group,unstratified,8675309
3814,12,0.0,-0.05148198803835264,structural_group,unstratified,8675309
3815,12,-0.010676065736833856,-0.11503928492606853,structural_group,unstratified,8675309
3816,12,-0.006246033357254349,-0.02117998176304473,structural_group,unstratified,8675309
3817,12,-0.008461049547044103,-0.11952975959640129,structural_group,unstratified,8675309
3818,12,-0.005658969592345277,-0.12412264291607052,structural_group,unstratified,8675309
3819,12,-0.0031230166786271746,-0.16669794575278463,structural_group,unstratified,8675309
3820,12,-0.00032093672392834866,-0.06371798158480085,structural_group,unstratified,8675309
3821,12,-0.005658969592345277,-0.07255812935879209,structural_group,unstratified,8675309
3822,12,0.0,-0.008834156276443987,structural_group,unstratified,8675309
3823,12,-0.0034439534025555232,-0.009461637964191298,structural_group,unstratified,8675309
3824,12,-0.0034439534025555232,-0.016248263012387024,structural_group,unstratified,8675309
3825,12,-0.005658969592345277,-0.1172451200164291,structural_group,unstratified,8675309
3826,12,-0.01907392419508638,-0.07603521329561264,structural_group,unstratified,8675309
3827,12,-0.021288940384876134,-0.026426378503311514,structural_group,unstratified,8675309
3828,12,0.0,-0.05895108651175743,structural_group,unstratified,8675309
3829,12,0.0,-0.010500449115826828,structural_group,unstratified,8675309
3830,12,-0.021288940384876134,-0.12902141257528918,structural_group,unstratified,8675309
3831,12,-0.02339845653464133,-0.07995377918747192,structural_group,unstratified,8675309
3832,12,-0.008461049547044103,-0.16868678855219055,structural_group,unstratified,8675309
3833,12,0.0,-0.00620894110729578,structural_group,unstratified,8675309
3834,12,-0.015950907516459206,-0.1214500108350476,structural_group,unstratified,8675309
3835,12,-0.0034439534025555232,-0.06675294787403734,structural_group,unstratified,8675309
3836,12,-0.0006418734478566973,-0.06633942400224226,structural_group,unstratified,8675309
3837,12,-0.0006418734478566973,-0.013304194574596246,structural_group,unstratified,8675309
3838,12,0.0,-0.11178782786525465,structural_group,unstratified,8675309
3839,12,-0.006246033357254349,-0.01085660539942736,structural_group,unstratified,8675309
3840,12,0.0,-0.010607644358923725,structural_group,unstratified,8675309
3841,12,-0.01907392419508638,-0.07493834243134938,structural_group,unstratified,8675309
3842,12,-0.010676065736833856,-0.12777310291372,structural_group,unstratified,8675309
3843,12,-0.006246033357254349,-0.11864008745166515,structural_group,unstratified,8675309
3844,12,-0.0006418734478566973,-0.06591676518328925,structural_group,unstratified,8675309
3845,12,-0.025613472724431083,-0.12885856836259219,structural_group,unstratified,8675309
3846,12,-0.0034439534025555232,-0.01252757387994956,structural_group,unstratified,8675309
3847,12,-0.0006418734478566973,-0.009377180289890798,structural_group,unstratified,8675309
3848,12,0.0,-0.007592898106746966,structural_group,unstratified,8675309
3849,12,0.0,-0.058291657653938865,structural_group,unstratified,8675309
3850,12,0.0,-0.05283260096675859,structural_group,unstratified,8675309
3851,12,-0.00032093672392834866,-0.008160817798392868,structural_group,unstratified,8675309
3852,12,-0.00032093672392834866,-0.009348586514101831,structural_group,unstratified,8675309
3853,12,-0.0034439534025555232,-0.1237534735511056,structural_group,unstratified,8675309
3854,12,0.0,-0.002709598189331789,structural_group,unstratified,8675309
3855,12,0.0,-0.11043721493684872,structural_group,unstratified,8675309
3856,12,-0.01907392419508638,-0.06988312142703638,structural_group,unstratified,8675309
3857,12,-0.0006418734478566973,-0.005299704751428901,structural_group,unstratified,8675309
3858,12,0.0,-0.006376797867781198,structural_group,unstratified,8675309
3859,12,0.0,-0.011059233860314792,structural_group,unstratified,8675309
3860,12,0.0,-0.05694572036667228,structural_group,unstratified,8675309
3861,12,-0.0031230166786271746,-0.013510519726864227,structural_group,unstratified,8675309
3862,12,-0.010676065736833856,-0.2249300414106221,structural_group,unstratified,8675309
3863,12,-0.010676065736833856,-0.06978060182507882,structural_group,unstratified,8675309
3864,12,-0.0031230166786271746,-0.11465958371297165,structural_group,unstratified,8675309
3865,12,-0.008461049547044103,-0.11793630408701648,structural_group,unstratified,8675309
3866,12,-0.0031230166786271746,-0.010771274157867742,structural_group,unstratified,8675309
3867,12,-0.00032093672392834866,-0.0631416135003088,structural_group,unstratified,8675309
3868,12,-0.0031230166786271746,-0.11268357255210419,structural_group,unstratified,8675309
3869,12,-0.00032093672392834866,-0.01314602600303863,structural_group,unstratified,8675309
3870,12,-0.0034439534025555232,-0.011740205002050162,structural_group,unstratified,8675309
3871,12,-0.036226347372473364,-0.12914697674463718,structural_group,unstratified,8675309
3872,12,-0.006246033357254349,-0.06894431375183105,structural_group,unstratified,8675309
3873,12,-0.01907392419508638,-0.028111605431401177,structural_group,unstratified,8675309
3874,12,-0.008461049547044103,-0.01757310669533476,structural_group,unstratified,8675309
3875,12,-0.036226347372473364,-0.18056103045436847,structural_group,unstratified,8675309
3876,12,0.0,-0.010658834022505226,structural_group,unstratified,8675309
3877,12,-0.021288940384876134,-0.1262286775523046,structural_group,unstratified,8675309
3878,12,-0.0006418734478566973,-0.011166212768290907,structural_group,unstratified,8675309
3879,12,-0.0006418734478566973,-0.11605673998599318,structural_group,unstratified,8675309
3880,12,-0.00032093672392834866,-0.06932327668822351,structural_group,unstratified,8675309
3881,12,-0.0006418734478566973,-0.0585056154698911,structural_group,unstratified,8675309
3882,12,-0.010676065736833856,-0.01659166313189378,structural_group,unstratified,8675309
3883,12,-0.008461049547044103,-0.12160112791473306,structural_group,unstratified,8675309
3884,12,-0.0034439534025555232,-0.11889382951580785,structural_group,unstratified,8675309
3885,12,0.0,-0.05523039737931996,structural_group,unstratified,8675309
3886,12,0.0,-0.007695417708704505,structural_group,unstratified,8675309
3887,12,-0.036226347372473364,-0.0783710718613398,structural_group,unstratified,8675309
3888,12,-0.008461049547044103,-0.07318561104653941,structural_group,unstratified,8675309
3889,12,-0.0006418734478566973,-0.021623839568816288,structural_group,unstratified,8675309
3890,12,0.0,-0.05595809887861825,structural_group,unstratified,8675309
3891,12,-0.036226347372473364,-0.1308641508427981,structural_group,unstratified,8675309
3892,12,-0.036226347372473364,-0.0786867517723167,structural_group,unstratified,8675309
3893,12,-0.0006418734478566973,-0.013133513283780068,structural_group,unstratified,8675309
3894,12,-0.008461049547044103,-0.06943297474403069,structural_group,unstratified,8675309
3895,12,0.0,-0.014270168396233775,structural_group,unstratified,8675309
3896,12,-0.0031230166786271746,-0.06609819465735814,structural_group,unstratified,8675309
3897,12,0.0,-0.011507004692587681,structural_group,unstratified,8675309
3898,12,-0.0034439534025555232,-0.11894731896979589,structural_group,unstratified,8675309
3899,12,0.0,-0.0059551990431530935,structural_group,unstratified,8675309
3900,12,-0.0034439534025555232,-0.015228142504623106,structural_group,unstratified,8675309
3901,12,-0.0034439534025555232,-0.06339992582309115,structural_group,unstratified,8675309
3902,12,-0.0034439534025555232,-0.012269842728979295,structural_group,unstratified,8675309
3903,12,-0.01907392419508638,-0.12461825001764264,structural_group,unstratified,8675309
3904,12,-0.005658969592345277,-0.01401526177559427,structural_group,unstratified,8675309
3905,12,-0.01907392419508638,-0.07360381055947383,structural_group,unstratified,8675309
3906,12,0.0,-0.11332779392065144,structural_group,unstratified,8675309
3907,12,0.0,-0.009513043962893583,structural_group,unstratified,8675309
3908,12,-0.00032093672392834866,-0.009446430474920008,structural_group,unstratified,8675309
3909,12,-0.036226347372473364,-0.07920118200997454,structural_group,unstratified,8675309
3910,12,-0.021288940384876134,-0.17707481157039004,structural_group,unstratified,8675309
3911,12,-0.00032093672392834866,-0.061464572477673236,structural_group,unstratified,8675309
3912,12,-0.0034439534025555232,-0.0623649928056621,structural_group,unstratified,8675309
3913,12,0.0,-0.061556081643845906,structural_group,unstratified,8675309
3914,12,0.0,-0.05977206171323424,structural_group,unstratified,8675309
3915,12,-0.03190181503291841,-0.07817319510191796,structural_group,unstratified,8675309
3916,12,-0.006246033357254349,-0.12100778780496385,structural_group,unstratified,8675309
3917,12,-0.005658969592345277,-0.012034791308708217,structural_group,unstratified,8675309
3918,12,-0.0006418734478566973,-0.06295550838510054,structural_group,unstratified,8675309
3919,12,-0.0034439534025555232,-0.0668064373280254,structural_group,unstratified,8675309
3920,12,-0.00032093672392834866,-0.01292185525823439,structural_group,unstratified,8675309
3921,12,-0.0006418734478566973,-0.0732169469018837,structural_group,unstratified,8675309
3922,12,-0.00032093672392834866,-0.015769844271212845,structural_group,unstratified,8675309
3923,12,-0.03761891375883049,-0.2803201395530283,structural_group,unstratified,8675309
3924,12,-0.010676065736833856,-0.06773315164139668,structural_group,unstratified,8675309
3925,12,-0.0006418734478566973,-0.07056921049905988,structural_group,unstratified,8675309
3926,12,0.0,-0.05895108651175742,structural_group,unstratified,8675309
3927,12,-0.021288940384876134,-0.022352601062439498,structural_group,unstratified,8675309
3928,12,-0.008461049547044103,-0.12144295934317545,structural_group,unstratified,8675309
3929,12,-0.0034439534025555232,-0.006893685000737945,structural_group,unstratified,8675309
3930,12,-0.04055087971202831,-0.13306791848722926,structural_group,unstratified,8675309
3931,12,-0.008461049547044103,-0.06905923512042605,structural_group,unstratified,8675309
3932,12,-0.036226347372473364,-0.0825587743195604,structural_group,unstratified,8675309
3933,12,-0.021288940384876134,-0.1299554392268554,structural_group,unstratified,8675309
3934,12,-0.0006418734478566973,-0.011535382133255868,structural_group,unstratified,8675309
3935,12,-0.008461049547044103,-0.07070855593453178,structural_group,unstratified,8675309
3936,12,0.0,-0.06092622410536578,structural_group,unstratified,8675309
3937,12,-0.008461049547044103,-0.014834472441065227,structural_group,unstratified,8675309
3938,12,-0.0031230166786271746,-0.0639602128510528,structural_group,unstratified,8675309
3939,12,0.0,-0.06109920518658851,structural_group,unstratified,8675309
3940,12,0.0,-0.06770817351242216,structural_group,unstratified,8675309
3941,12,-0.021288940384876134,-0.07331355106662023,structural_group,unstratified,8675309
3942,12,-0.0031230166786271746,-0.0634885238841303,structural_group,unstratified,8675309
3943,12,0.0,-0.0011097025028017394,structural_group,unstratified,8675309
3944,12,-0.0031230166786271746,-0.07155910245534701,structural_group,unstratified,8675309
3945,12,0.0,-0.05627377878959516,structural_group,unstratified,8675309
3946,12,0.0,-0.05921961176339179,structural_group,unstratified,8675309
3947,12,-0.00032093672392834866,-0.005536999530218654,structural_group,unstratified,8675309
3948,12,-0.008461049547044103,-0.07197708563316067,structural_group,unstratified,8675309
3949,12,-0.0031230166786271746,-0.01302185873466459,structural_group,unstratified,8675309
3950,12,-0.006246033357254349,-0.005698864793156819,structural_group,unstratified,8675309
3951,12,-0.006246033357254349,-0.06994162342881287,structural_group,unstratified,8675309
3952,12,0.0,-0.007684669525451792,structural_group,unstratified,8675309
3953,12,-0.010676065736833856,-0.022136051060633672,structural_group,unstratified,8675309
3954,12,-0.010676065736833856,-0.12166774140270664,structural_group,unstratified,8675309
3955,12,-0.0034439534025555232,-0.06710453389899822,structural_group,unstratified,8675309
3956,12,-0.008461049547044103,-0.01983620399139017,structural_group,unstratified,8675309
3957,12,0.0,-0.06095481788115476,structural_group,unstratified,8675309
3958,12,-0.005658969592345277,-0.06226477299411113,structural_group,unstratified,8675309
3959,12,-0.00032093672392834866,-0.0015384338638681088,structural_group,unstratified,8675309
3960,12,-0.008461049547044103,-0.06758913056478544,structural_group,unstratified,8675309
3961,12,-0.021288940384876134,-0.07530751179631433,structural_group,unstratified,8675309
3962,12,-0.0031230166786271746,-0.014558576778278784,structural_group,unstratified,8675309
3963,12,-0.021288940384876134,-0.17640754563445227,structural_group,unstratified,8675309
3964,12,-0.021288940384876134,-0.12369029590818974,structural_group,unstratified,8675309
3965,12,-0.0034439534025555232,-0.06324391676714557,structural_group,unstratified,8675309
3966,12,-0.0034439534025555232,-0.1219597654315661,structural_group,unstratified,8675309
3967,12,0.0,-0.0553817307941262,structural_group,unstratified,8675309
3968,12,-0.0006418734478566973,-0.013125589630858117,structural_group,unstratified,8675309
3969,12,-0.0006418734478566973,-0.012260813164321052,structural_group,unstratified,8675309
3970,12,-0.006246033357254349,-0.1217036475166906,structural_group,unstratified,8675309
3971,12,-0.0006418734478566973,-0.05309698583165431,structural_group,unstratified,8675309
3972,12,0.0,-0.016893986664407987,structural_group,unstratified,8675309
3973,12,-0.00032093672392834866,-0.06623244509426614,structural_group,unstratified,8675309
3974,12,-0.010676065736833856,-0.1718077162054106,structural_group,unstratified,8675309
3975,12,-0.04055087971202831,-0.13293366805032125,structural_group,unstratified,8675309
3976,12,0.0,-0.11748365459130049,structural_group,unstratified,8675309
3977,12,-0.03190181503291841,-0.1291263080279795,structural_group,unstratified,8675309
3978,12,-0.006246033357254349,-0.07497018421892093,structural_group,unstratified,8675309
3979,12,-0.0034439534025555232,-0.06329294691511503,structural_group,unstratified,8675309
3980,12,-0.021288940384876134,-0.07042120754681166,structural_group,unstratified,8675309
3981,12,0.0,-0.06295104907908197,structural_group,unstratified,8675309
3982,12,-0.008461049547044103,-0.11674148387943535,structural_group,unstratified,8675309
3983,12,-0.008461049547044103,-0.06935794300612581,structural_group,unstratified,8675309
3984,12,-0.0006418734478566973,-0.06111061060197958,structural_group,unstratified,8675309
3985,12,0.0,-0.00762880422073093,structural_group,unstratified,8675309
3986,12,0.0,-0.06606352833945582,structural_group,unstratified,8675309
3987,12,-0.005658969592345277,-0.12232893479653106,structural_group,unstratified,8675309
3988,12,-0.0034439534025555232,-0.07053963917972143,structural_group,unstratified,8675309
3989,12,0.0,-0.05847493823881635,structural_group,unstratified,8675309
3990,12,-0.04055087971202831,-0.08578668088075651,structural_group,unstratified,8675309
3991,12,-0.010676065736833856,-0.06982941563792754,structural_group,unstratified,8675309
3992,12,-0.0006418734478566973,-0.010685051947561391,structural_group,unstratified,8675309
3993,12,-0.0034439534025555232,-0.009896809502402877,structural_group,unstratified,8675309
3994,12,-0.00032093672392834866,-0.07169335289225502,structural_group,unstratified,8675309
3995,12,-0.006246033357254349,-0.07088716087826989,structural_group,unstratified,8675309
3996,12,-0.008461049547044103,-0.022927035585347522,structural_group,unstratified,8675309
3997,12,-0.036226347372473364,-0.08055786748049383,structural_group,unstratified,8675309
3998,12,-0.006246033357254349,-0.06649682995916185,structural_group,unstratified,8675309
3999,12,-0.0006418734478566973,-0.1156215684477816,structural_group,unstratified,8675309
4000,12,-0.005338032868416928,-0.01729782234727527,structural_group,unstratified,8675309
4001,12,-0.03190181503291841,-0.12308903214549856,structural_group,unstratified,8675309
4002,12,-0.0031230166786271746,-0.11289077127163126,structural_group,unstratified,8675309
4003,12,-0.0006418734478566973,-0.004288689868649469,structural_group,unstratified,8675309
4004,12,0.0,-0.061556081643845906,structural_group,unstratified,8675309
4005,12,-0.00032093672392834866,-0.22061231547703486,structural_group,unstratified,8675309
4006,12,-0.0034439534025555232,-0.003968334316533209,structural_group,unstratified,8675309
4007,12,-0.0006418734478566973,-0.11874099381752791,structural_group,unstratified,8675309
4008,12,-0.006246033357254349,-0.023605923271797124,structural_group,unstratified,8675309
4009,12,0.0,-0.062017022427515694,structural_group,unstratified,8675309
4010,12,-0.010676065736833856,-0.071193152600319,structural_group,unstratified,8675309
4011,12,0.0,-0.007423981351936636,structural_group,unstratified,8675309
4012,12,-0.0034439534025555232,-0.06794539223088567,structural_group,unstratified,8675309
4013,12,-0.021288940384876134,-0.06870142525344076,structural_group,unstratified,8675309
4014,12,-0.0034439534025555232,-0.013931676262343559,structural_group,unstratified,8675309
4015,12,-0.008461049547044103,-0.06703898040534954,structural_group,unstratified,8675309
4016,12,0.0,-0.007332472185763972,structural_group,unstratified,8675309
4017,12,-0.00032093672392834866,-0.06372529392299585,structural_group,unstratified,8675309
4018,12,-0.00032093672392834866,-0.06504000073741782,structural_group,unstratified,8675309
4019,12,-0.010676065736833856,-0.16920272107332213,structural_group,unstratified,8675309
4020,12,-0.0034439534025555232,-0.06995075837597081,structural_group,unstratified,8675309
4021,12,0.0,-0.010343154111528327,structural_group,unstratified,8675309
4022,12,-0.010676065736833856,-0.018957063694785944,structural_group,unstratified,8675309
4023,12,-0.005658969592345277,-0.06853873234065486,structural_group,unstratified,8675309
4024,12,-0.0034439534025555232,-0.11762529981717891,structural_group,unstratified,8675309
4025,12,-0.00032093672392834866,-0.05498111462119585,structural_group,unstratified,8675309
4026,12,-0.03190181503291841,-0.12942524825815646,structural_group,unstratified,8675309
4027,12,-0.006246033357254349,-0.018137963981936078,structural_group,unstratified,8675309
4028,12,0.0,-0.003545780880079886,structural_group,unstratified,8675309
4029,12,-0.0006418734478566973,-0.008730134391012761,structural_group,unstratified,8675309
4030,12,-0.04055087971202831,-0.13069784228319778,structural_group,unstratified,8675309
4031,12,0.0,-0.06689971103020391,structural_group,unstratified,8675309
4032,12,-0.00032093672392834866,-0.015620781324639713,structural_group,unstratified,8675309
4033,12,-0.0034439534025555232,-0.05892988752493889,structural_group,unstratified,8675309
4034,12,-0.0034439534025555232,-0.01703502057555947,structural_group,unstratified,8675309
4035,12,-0.005658969592345277,-0.07140539318980797,structural_group,unstratified,8675309
4036,12,-0.010676065736833856,-0.020491405887667333,structural_group,unstratified,8675309
4037,12,-0.021288940384876134,-0.07455480923631726,structural_group,unstratified,8675309
4038,12,-0.0034439534025555232,-0.01735300027694293,structural_group,unstratified,8675309
4039,12,-0.0006418734478566973,-0.11561549590566826,structural_group,unstratified,8675309
4040,12,0.0,-0.05977206171323424,structural_group,unstratified,8675309
4041,12,-0.0006418734478566973,-0.007036675405197722,structural_group,unstratified,8675309
4042,12,-0.005658969592345277,-0.07512608232224544,structural_group,unstratified,8675309
4043,12,-0.00032093672392834866,-0.06646453949199234,structural_group,unstratified,8675309
4044,12,-0.006246033357254349,-0.0659467558600522,structural_group,unstratified,8675309
4045,12,-0.010676065736833856,-0.020205373356355128,structural_group,unstratified,8675309
4046,12,-0.02339845653464133,-0.177533376503327,structural_group,unstratified,8675309
4047,12,-0.05477133693621747,-0.1356212752761383,structural_group,unstratified,8675309
4048,12,-0.00032093672392834866,-0.05849648052273316,structural_group,unstratified,8675309
4049,12,-0.0031230166786271746,-0.06846827086138967,structural_group,unstratified,8675309
4050,12,-0.006246033357254349,-0.017421884233149613,structural_group,unstratified,8675309
4051,12,0.0,-0.0027691601854331997,structural_group,unstratified,8675309
4052,12,-0.0006418734478566973,-0.010238258658837984,structural_group,unstratified,8675309
4053,12,-0.01907392419508638,-0.018985873805695698,structural_group,unstratified,8675309
4054,12,-0.006246033357254349,-0.0172039373303698,structural_group,unstratified,8675309
4055,12,-0.005658969592345277,-0.1179658754063549,structural_group,unstratified,8675309
4056,12,-0.036226347372473364,-0.08003736470072263,structural_group,unstratified,8675309
4057,12,-0.005338032868416928,-0.01327842532913804,structural_group,unstratified,8675309
4058,12,-0.005658969592345277,-0.06866675893553845,structural_group,unstratified,8675309
4059,12,-0.00032093672392834866,-0.01811034915590592,structural_group,unstratified,8675309
4060,12,0.0,-0.05580676546381202,structural_group,unstratified,8675309
4061,12,-0.0034439534025555232,-0.017126529741732135,structural_group,unstratified,8675309
4062,12,-0.010676065736833856,-0.06978060182507885,structural_group,unstratified,8675309
4063,12,-0.01907392419508638,-0.02775940809171336,structural_group,unstratified,8675309
4064,12,-0.01907392419508638,-0.024868829107910634,structural_group,unstratified,8675309
4065,12,-0.021288940384876134,-0.1245264785989378,structural_group,unstratified,8675309
4066,12,-0.006246033357254349,-0.006366130729094587,structural_group,unstratified,8675309
4067,12,-0.005658969592345277,-0.015230302020235127,structural_group,unstratified,8675309
4068,12,-0.016271844240387554,-0.12280062376345353,structural_group,unstratified,8675309
4069,12,-0.006246033357254349,-0.06431003434000782,structural_group,unstratified,8675309
4070,12,0.0,-0.059629100630947895,structural_group,unstratified,8675309
4071,12,-0.03190181503291841,-0.024957596194527965,structural_group,unstratified,8675309
4072,12,-0.0006418734478566973,-0.008080056815472915,structural_group,unstratified,8675309
4073,12,-0.006246033357254349,-0.11736450626116408,structural_group,unstratified,8675309
4074,12,-0.00032093672392834866,-0.07548004419793912,structural_group,unstratified,8675309
4075,12,-0.0034439534025555232,-0.12029793189820186,structural_group,unstratified,8675309
4076,12,0.0,-0.0018412060759802767,structural_group,unstratified,8675309
4077,12,-0.05044680459666252,-0.28070005710124596,structural_group,unstratified,8675309
4078,12,-0.021288940384876134,-0.12470975918381531,structural_group,unstratified,8675309
4079,12,-0.006246033357254349,-0.0659228377254026,structural_group,unstratified,8675309
4080,12,0.0,-0.057824644328155726,structural_group,unstratified,8675309
4081,12,-0.0034439534025555232,-0.059875424974395915,structural_group,unstratified,8675309
4082,12,-0.0034439534025555232,-0.12126390571983936,structural_group,unstratified,8675309
4083,12,-0.0006418734478566973,-0.01651512911051523,structural_group,unstratified,8675309
4084,12,-0.0031230166786271746,-0.014558576778278784,structural_group,unstratified,8675309
4085,12,-0.010676065736833856,-0.07339193619880739,structural_group,unstratified,8675309
4086,12,-0.00032093672392834866,-0.017389593765980097,structural_group,unstratified,8675309
4087,12,-0.010676065736833856,-0.018827488899017298,structural_group,unstratified,8675309
4088,12,-0.006246033357254349,-0.17218507147582965,structural_group,unstratified,8675309
4089,12,-0.006246033357254349,-0.06313456200843663,structural_group,unstratified,8675309
4090,12,-0.00032093672392834866,-0.006004012856001791,structural_group,unstratified,8675309
4091,12,-0.0031230166786271746,-0.018489655389396637,structural_group,unstratified,8675309
4092,12,0.0,-0.06809215538705223,structural_group,unstratified,8675309
4093,12,-0.008461049547044103,-0.020009185072612904,structural_group,unstratified,8675309
4094,12,-0.0034439534025555232,-0.11543382855688551,structural_group,unstratified,8675309
4095,12,-0.010676065736833856,-0.06934357917605867,structural_group,unstratified,8675309
4096,12,-0.0034439534025555232,-0.00761444039066377,structural_group,unstratified,8675309
4097,12,-0.0034439534025555232,-0.12089473635487437,structural_group,unstratified,8675309
4098,12,-0.006246033357254349,-0.06648608177590913,structural_group,unstratified,8675309
4099,12,-0.008461049547044103,-0.17453394869304265,structural_group,unstratified,8675309
4100,12,-0.006246033357254349,-0.11614814376966615,structural_group,unstratified,8675309
4101,12,-0.0034439534025555232,-0.06815705025643135,structural_group,unstratified,8675309
4102,12,-0.020275439856014155,-0.2270288975930065,structural_group,unstratified,8675309
4103,12,-0.021288940384876134,-0.17955186668239767,structural_group,unstratified,8675309
4104,12,-0.010676065736833856,-0.0735243355249068,structural_group,unstratified,8675309
4105,12,-0.0034439534025555232,-0.06389421067780618,structural_group,unstratified,8675309
4106,12,-0.008461049547044103,-0.06527254381474197,structural_group,unstratified,8675309
4107,12,-0.010676065736833856,-0.07139797546911329,structural_group,unstratified,8675309
4108,12,-0.03983392994862024,-0.18181258812772028,structural_group,unstratified,8675309
4109,12,-0.008461049547044103,-0.06521905436075391,structural_group,unstratified,8675309
4110,12,0.0,-0.06809215538705223,structural_group,unstratified,8675309
4111,12,-0.0031230166786271746,-0.005543072072332005,structural_group,unstratified,8675309
4112,12,-0.0034439534025555232,-0.11994188656722239,structural_group,unstratified,8675309
4113,12,-0.008461049547044103,-0.020529687852384102,structural_group,unstratified,8675309
4114,12,-0.005658969592345277,-0.06919348555733407,structural_group,unstratified,8675309
4115,12,-0.021288940384876134,-0.1257746828780073,structural_group,unstratified,8675309
4116,12,-0.010676065736833856,-0.0704414275838714,structural_group,unstratified,8675309
4117,12,-0.0006418734478566973,-0.057063231122780333,structural_group,unstratified,8675309
4118,12,0.0,-0.06580978627531313,structural_group,unstratified,8675309
4119,12,-0.005338032868416928,-0.0664922597005222,structural_group,unstratified,8675309
4120,12,-0.0031230166786271746,-0.011020951895598022,structural_group,unstratified,8675309
4121,12,-0.0006418734478566973,-0.0021493111613701387,structural_group,unstratified,8675309
4122,12,-0.008461049547044103,-0.0744541407451683,structural_group,unstratified,8675309
4123,12,0.0,-0.00603534871134609,structural_group,unstratified,8675309
4124,12,-0.00032093672392834866,-0.0640944632879608,structural_group,unstratified,8675309
4125,12,0.0,-0.0020423322533940223,structural_group,unstratified,8675309
4126,12,-0.006246033357254349,-0.013886635201201656,structural_group,unstratified,8675309
4127,12,-0.00032093672392834866,-0.05829395744434542,structural_group,unstratified,8675309
4128,12,-0.04055087971202831,-0.08721359548606383,structural_group,unstratified,8675309
4129,12,-0.0031230166786271746,-0.006865091224948977,structural_group,unstratified,8675309
4130,12,-0.006246033357254349,-0.061639561774596924,structural_group,unstratified,8675309
4131,12,0.0,-0.05753262029929627,structural_group,unstratified,8675309
4132,12,-0.0034439534025555232,-0.013301818723863443,structural_group,unstratified,8675309
4133,12,-0.0006418734478566973,-0.018586497428846993,structural_group,unstratified,8675309
4134,12,-0.021288940384876134,-0.12288410389420457,structural_group,unstratified,8675309
4135,12,-0.036226347372473364,-0.12677690054060567,structural_group,unstratified,8675309
4136,12,-0.008461049547044103,-0.06916621402840219,structural_group,unstratified,8675309
4137,12,-0.0034439534025555232,-0.06909812839986978,structural_group,unstratified,8675309
4138,12,-0.010676065736833856,-0.02326893342138059,structural_group,unstratified,8675309
4139,12,0.0,-0.0050413924286465475,structural_group,unstratified,8675309
4140,12,-0.006246033357254349,-0.06727345065380855,structural_group,unstratified,8675309
4141,12,0.0,-0.060022188130562475,structural_group,unstratified,8675309
4142,12,0.0,-0.056794281569366355,structural_group,unstratified,8675309
4143,12,-0.0006418734478566973,-0.002876139093409316,structural_group,unstratified,8675309
4144,12,-0.008461049547044103,-0.06689696895064859,structural_group,unstratified,8675309
4145,12,-0.0034439534025555232,-0.009805911650957167,structural_group,unstratified,8675309
4146,12,-0.0006418734478566973,-0.06698179425998095,structural_group,unstratified,8675309
4147,12,-0.00032093672392834866,-0.003191819004386217,structural_group,unstratified,8675309
4148,12,-0.036226347372473364,-0.08417625334609452,structural_group,unstratified,8675309
4149,12,-0.0034439534025555232,-0.010526667040882995,structural_group,unstratified,8675309
4150,12,-0.01907392419508638,-0.01783313763671158,structural_group,unstratified,8675309
4151,12,-0.015950907516459206,-0.0229977133997335,structural_group,unstratified,8675309
4152,12,-0.006246033357254349,-0.016921601490438146,structural_group,unstratified,8675309
4153,12,-0.04055087971202831,-0.13420687339008952,structural_group,unstratified,8675309
4154,12,-0.008461049547044103,-0.021549151128009685,structural_group,unstratified,8675309
4155,12,-0.021288940384876134,-0.12628216700629266,structural_group,unstratified,8675309
4156,12,-0.006246033357254349,-0.013478572556792974,structural_group,unstratified,8675309
4157,12,0.0,-0.0014185472570272598,structural_group,unstratified,8675309
4158,12,-0.0006418734478566973,-0.06189797947987897,structural_group,unstratified,8675309
4159,12,-0.0006418734478566973,-0.1173413507411525,structural_group,unstratified,8675309
4160,12,-0.03190181503291841,-0.07706196040758755,structural_group,unstratified,8675309
4161,12,0.0,-0.07340867587960735,structural_group,unstratified,8675309
4162,12,-0.010676065736833856,-0.07206524140505106,structural_group,unstratified,8675309
4163,12,-0.010676065736833856,-0.0723724729231818,structural_group,unstratified,8675309
4164,12,-0.01907392419508638,-0.12748491086679575,structural_group,unstratified,8675309
4165,12,0.0,-0.008226819971639487,structural_group,unstratified,8675309
4166,12,-0.015950907516459206,-0.019906881805776152,structural_group,unstratified,8675309
4167,12,-0.008461049547044103,-0.06579542244524596,structural_group,unstratified,8675309
4168,12,-0.0034439534025555232,-0.010091495502671414,structural_group,unstratified,8675309
4169,12,0.0,-0.008838831917583346,structural_group,unstratified,8675309
4170,12,-0.06899179416040663,-0.2915866775153699,structural_group,unstratified,8675309
4171,12,-0.010676065736833856,-0.019538107420417363,structural_group,unstratified,8675309
4172,12,-0.006246033357254349,-0.11739177779009596,structural_group,unstratified,8675309
4173,12,-0.010676065736833856,-0.01788878660631166,structural_group,unstratified,8675309
4174,12,-0.0006418734478566973,-0.017931744212167786,structural_group,unstratified,8675309
4175,12,-0.00032093672392834866,-0.00793479594278003,structural_group,unstratified,8675309
4176,12,-0.0006418734478566973,-0.012837181248813112,structural_group,unstratified,8675309
4177,12,-0.008461049547044103,-0.06943632813831296,structural_group,unstratified,8675309
4178,12,-0.0034439534025555232,-0.00881134405353067,structural_group,unstratified,8675309
4179,12,0.0,-0.0047165775705117095,structural_group,unstratified,8675309
4180,12,-0.021288940384876134,-0.07171771970650259,structural_group,unstratified,8675309
4181,12,-0.03190181503291841,-0.026339544978278204,structural_group,unstratified,8675309
4182,12,-0.010676065736833856,-0.01700986264482822,structural_group,unstratified,8675309
4183,12,-0.00032093672392834866,-0.00411977311383914,structural_group,unstratified,8675309
4184,12,0.0,-0.010308487793626005,structural_group,unstratified,8675309
4185,12,0.0,-0.06109514086017611,structural_group,unstratified,8675309
4186,12,-0.00032093672392834866,-0.11528249514207928,structural_group,unstratified,8675309
4187,12,0.0,-0.058345147107926924,structural_group,unstratified,8675309
4188,12,-0.0031230166786271746,-0.05766637037409842,structural_group,unstratified,8675309
4189,12,-0.006246033357254349,-0.06406251611788956,structural_group,unstratified,8675309
4190,12,0.0,-0.009871465144605828,structural_group,unstratified,8675309
4191,12,-0.00032093672392834866,-0.059442017972190175,structural_group,unstratified,8675309
4192,12,-0.036226347372473364,-0.1812113243650291,structural_group,unstratified,8675309
4193,12,0.0,-0.005837471951924265,structural_group,unstratified,8675309
4194,12,-0.01907392419508638,-0.07421758704142355,structural_group,unstratified,8675309
4195,12,0.0,-0.01025499833963795,structural_group,unstratified,8675309
4196,12,0.0,-0.004618733609693531,structural_group,unstratified,8675309
4197,12,-0.00032093672392834866,-0.11635544787169293,structural_group,unstratified,8675309
4198,12,-0.0006418734478566973,-0.02174333119605097,structural_group,unstratified,8675309
4199,12,-0.0034439534025555232,-0.015909189706684722,structural_group,unstratified,8675309
4200,12,-0.010676065736833856,-0.02254817803145476,structural_group,unstratified,8675309
4201,12,-0.010676065736833856,-0.17400887565463177,structural_group,unstratified,8675309
4202,12,-0.00032093672392834866,-0.061961157122794826,structural_group,unstratified,8675309
4203,12,0.0,-0.0027715360361660027,structural_group,unstratified,8675309
4204,12,-0.005338032868416928,-0.06292973913964234,structural_group,unstratified,8675309
4205,12,-0.01907392419508638,-0.02831185804155581,structural_group,unstratified,8675309
4206,12,-0.00032093672392834866,-0.11707620326161876,structural_group,unstratified,8675309
4207,12,-0.005658969592345277,-0.0678714664047171,structural_group,unstratified,8675309
4208,12,-0.010676065736833856,-0.07292492287302425,structural_group,unstratified,8675309
4209,12,-0.036226347372473364,-0.03476756578144836,structural_group,unstratified,8675309
4210,12,-0.0006418734478566973,-0.06688719831094535,structural_group,unstratified,8675309
4211,12,-0.025613472724431083,-0.12885249582047884,structural_group,unstratified,8675309
4212,12,0.0,-0.061963532973527635,structural_group,unstratified,8675309
4213,12,0.0,-0.004083866999855175,structural_group,unstratified,8675309
4214,12,-0.006246033357254349,-0.0679407165897463,structural_group,unstratified,8675309
4215,12,-0.006246033357254349,-0.06857057412822641,structural_group,unstratified,8675309
4216,12,0.0,-0.004829734403100872,structural_group,unstratified,8675309
4217,12,-0.008461049547044103,-0.019955695618624848,structural_group,unstratified,8675309
4218,12,-0.0034439534025555232,-0.011897716341469444,structural_group,unstratified,8675309
4219,12,-0.005658969592345277,-0.018846312035103032,structural_group,unstratified,8675309
4220,12,0.0,-0.016239233447728783,structural_group,unstratified,8675309
4221,12,-0.006246033357254349,-0.1715838077131385,structural_group,unstratified,8675309
4222,12,-0.006246033357254349,-0.06571183693199527,structural_group,unstratified,8675309
4223,12,-0.01907392419508638,-0.0193544318559337,structural_group,unstratified,8675309
4224,12,-0.00032093672392834866,-0.011349493353168398,structural_group,unstratified,8675309
4225,12,-0.00032093672392834866,-0.004239876055800771,structural_group,unstratified,8675309
4226,12,-0.0031230166786271746,-0.0654023349456314,structural_group,unstratified,8675309
4227,12,-0.005658969592345277,-0.11854224349084697,structural_group,unstratified,8675309
4228,12,-0.008461049547044103,-0.021656130035985804,structural_group,unstratified,8675309
4229,12,-0.005338032868416928,-0.17548927971392717,structural_group,unstratified,8675309
4230,12,-0.03190181503291841,-0.18062296830120275,structural_group,unstratified,8675309
4231,12,-0.0031230166786271746,-0.06999748873353373,structural_group,unstratified,8675309
4232,12,-0.00032093672392834866,-0.01264944135791704,structural_group,unstratified,8675309
4233,12,-0.0006418734478566973,-0.06177787653791734,structural_group,unstratified,8675309
4234,12,-0.010676065736833856,-0.06839804172660163,structural_group,unstratified,8675309
4235,12,0.0,-0.06167089762994122,structural_group,unstratified,8675309
4236,12,-0.0031230166786271746,-0.06432938221601776,structural_group,unstratified,8675309
4237,12,-0.03190181503291841,-0.22489197578102613,structural_group,unstratified,8675309
4238,12,0.0,-0.06273777781744151,structural_group,unstratified,8675309
4239,12,-0.0034439534025555232,-0.06875831401912248,structural_group,unstratified,8675309
4240,12,0.0,-0.0028357736734067733,structural_group,unstratified,8675309
4241,12,-0.008461049547044103,-0.12290292703029032,structural_group,unstratified,8675309
4242,12,-0.0034439534025555232,-0.07290971538375296,structural_group,unstratified,8675309
4243,12,-0.010676065736833856,-0.17643244131265137,structural_group,unstratified,8675309
4244,12,-0.006246033357254349,-0.06963885121670071,structural_group,unstratified,8675309
4245,12,-0.006246033357254349,-0.06857057412822641,structural_group,unstratified,8675309
4246,12,-0.0031230166786271746,-0.06323945746112698,structural_group,unstratified,8675309
4247,12,-0.0034439534025555232,-0.1140341854805101,structural_group,unstratified,8675309
4248,12,0.0,-0.10847282552649307,structural_group,unstratified,8675309
4249,12,0.0,-0.0086020618787178,structural_group,unstratified,8675309
4250,12,0.0,-0.00966426642507873,structural_group,unstratified,8675309
4251,12,-0.008461049547044103,-0.067170931051851,structural_group,unstratified,8675309
4252,12,0.0,-0.011523610489042291,structural_group,unstratified,8675309
4253,12,-0.0034439534025555232,-0.10987832480986105,structural_group,unstratified,8675309
4254,12,-0.02339845653464133,-0.2294740055349429,structural_group,unstratified,8675309
4255,12,-0.0031230166786271746,-0.012213396252446345,structural_group,unstratified,8675309
4256,12,-0.0006418734478566973,-0.011166212768290907,structural_group,unstratified,8675309
4257,12,-0.005658969592345277,-0.017470803428498004,structural_group,unstratified,8675309
4258,12,-0.010676065736833856,-0.021067773972159393,structural_group,unstratified,8675309
4259,12,-0.008461049547044103,-0.12386890085192785,structural_group,unstratified,8675309
4260,12,-0.0034439534025555232,-0.07119439239640063,structural_group,unstratified,8675309
4261,12,0.0,-0.060248209986175305,structural_group,unstratified,8675309
4262,12,-0.008461049547044103,-0.06998780054460593,structural_group,unstratified,8675309
4263,12,0.0,-0.013397468276774759,structural_group,unstratified,8675309
4264,12,0.0,-0.0038172172368477544,structural_group,unstratified,8675309
4265,12,-0.00032093672392834866,-0.06730539782387979,structural_group,unstratified,8675309
4266,12,0.0,-0.007537032802026104,structural_group,unstratified,8675309
4267,12,-0.00032093672392834866,-0.009231919417197913,structural_group,unstratified,8675309
4268,12,-0.021288940384876134,-0.12054597486024432,structural_group,unstratified,8675309
4269,12,-0.006246033357254349,-0.014502711473557922,structural_group,unstratified,8675309
4270,12,0.0,-0.004012794205863024,structural_group,unstratified,8675309
4271,12,-0.008461049547044103,-0.06681250987013876,structural_group,unstratified,8675309
4272,12,-0.00032093672392834866,-0.11074671692321254,structural_group,unstratified,8675309
4273,12,-0.0034439534025555232,-0.11133145734022454,structural_group,unstratified,8675309
4274,12,-0.03190181503291841,-0.02356201744456496,structural_group,unstratified,8675309
4275,12,-0.010676065736833856,-0.019403856983509354,structural_group,unstratified,8675309
4276,12,-0.005658969592345277,-0.06582499376458442,structural_group,unstratified,8675309
4277,12,-0.021288940384876134,-0.07853531297501076,structural_group,unstratified,8675309
4278,12,-0.0006418734478566973,-0.07000662368069167,structural_group,unstratified,8675309
4279,12,-0.006246033357254349,-0.06550463821246814,structural_group,unstratified,8675309
4280,12,-0.008461049547044103,-0.06515305218750729,structural_group,unstratified,8675309
4281,12,-0.0006418734478566973,-0.018818591826573184,structural_group,unstratified,8675309
4282,12,-0.0006418734478566973,-0.05939082830860868,structural_group,unstratified,8675309
4283,12,-0.006246033357254349,-0.019574013534401326,structural_group,unstratified,8675309
4284,12,-0.0034439534025555232,-0.06603219248411152,structural_group,unstratified,8675309
4285,12,-0.010676065736833856,-0.07127560205891854,structural_group,unstratified,8675309
4286,12,-0.0006418734478566973,-0.06855133163471618,structural_group,unstratified,8675309
4287,12,-0.00032093672392834866,-0.00024598603058958714,structural_group,unstratified,8675309
4288,12,-0.01907392419508638,-0.01739004244557805,structural_group,unstratified,8675309
4289,12,-0.010676065736833856,-0.022118573103129275,structural_group,unstratified,8675309
4290,12,-0.05044680459666252,-0.28480699857654673,structural_group,unstratified,8675309
4291,12,-0.00032093672392834866,-0.01481231884242147,structural_group,unstratified,8675309
4292,12,-0.021288940384876134,-0.1215869804197867,structural_group,unstratified,8675309
4293,12,-0.05477133693621747,-0.23511634280700064,structural_group,unstratified,8675309
4294,12,-0.0006418734478566973,-0.06781982806153763,structural_group,unstratified,8675309
4295,12,0.0,-0.057466223146443486,structural_group,unstratified,8675309
4296,12,0.0,-0.012516168464558513,structural_group,unstratified,8675309
4297,12,-0.025613472724431083,-0.17660542239387408,structural_group,unstratified,8675309
4298,12,-0.010676065736833856,-0.01700986264482822,structural_group,unstratified,8675309
4299,12,-0.03190181503291841,-0.023769216164092055,structural_group,unstratified,8675309
4300,12,-0.00032093672392834866,-0.05638075769757128,structural_group,unstratified,8675309
4301,12,0.0,-0.011379589412431052,structural_group,unstratified,8675309
4302,12,-0.00032093672392834866,-0.055913744371788136,structural_group,unstratified,8675309
4303,12,0.0,-0.01143307886641911,structural_group,unstratified,8675309
4304,12,-0.005658969592345277,-0.07145888264379603,structural_group,unstratified,8675309
4305,12,-0.005338032868416928,-0.11968119839370722,structural_group,unstratified,8675309
4306,12,-0.0034439534025555232,-0.05705259389214871,structural_group,unstratified,8675309
4307,12,-0.021288940384876134,-0.12313784595834727,structural_group,unstratified,8675309
4308,12,-0.0034439534025555232,-0.06852176031537772,structural_group,unstratified,8675309
4309,12,-0.0034439534025555232,-0.004651024076863048,structural_group,unstratified,8675309
4310,12,-0.00032093672392834866,-0.010673430197049564,structural_group,unstratified,8675309
4311,12,0.0,-0.06155140600270655,structural_group,unstratified,8675309
4312,12,-0.0034439534025555232,-0.0661516841113462,structural_group,unstratified,8675309
4313,12,-0.03190181503291841,-0.027235289665127713,structural_group,unstratified,8675309
4314,12,-0.008461049547044103,-0.07001269622280502,structural_group,unstratified,8675309
4315,12,-0.006246033357254349,-0.01409145806999595,structural_group,unstratified,8675309
4316,12,0.0,0.00024091042560420045,structural_group,unstratified,8675309
4317,12,-0.03190181503291841,-0.07798753866630768,structural_group,unstratified,8675309
4318,12,-0.015950907516459206,-0.12476501317380921,structural_group,unstratified,8675309
4319,12,-0.005658969592345277,-0.06604916450938866,structural_group,unstratified,8675309
4320,12,0.0,-0.007228404382921366,structural_group,unstratified,8675309
4321,12,-0.016271844240387554,-0.07065974212168306,structural_group,unstratified,8675309
4322,12,-0.010676065736833856,-0.07642927833877668,structural_group,unstratified,8675309
4323,12,0.0,0.0015441064421354348,structural_group,unstratified,8675309
4324,12,-0.00032093672392834866,-0.11858052545556375,structural_group,unstratified,8675309
4325,12,-0.005338032868416928,-0.06634787239508842,structural_group,unstratified,8675309
4326,12,-0.00032093672392834866,-0.0029204936002394364,structural_group,unstratified,8675309
4327,12,-0.010676065736833856,-0.11555978770583974,structural_group,unstratified,8675309
4328,12,-0.00032093672392834866,-0.015625456965779074,structural_group,unstratified,8675309
4329,12,-0.006246033357254349,-0.06834640338342218,structural_group,unstratified,8675309
4330,12,-0.006246033357254349,-0.11684637933212567,structural_group,unstratified,8675309
4331,12,0.0,-0.11496919108183519,structural_group,unstratified,8675309
4332,12,-0.021288940384876134,-0.12726334831720149,structural_group,unstratified,8675309
4333,12,-0.00032093672392834866,-0.059337338854620614,structural_group,unstratified,8675309
4334,12,-0.0034439534025555232,-0.06696014659356445,structural_group,unstratified,8675309
4335,12,-0.00032093672392834866,-0.01634153671456554,structural_group,unstratified,8675309
4336,12,0.0,-0.05612006952405612,structural_group,unstratified,8675309
4337,12,-0.00032093672392834866,-0.011953581646190306,structural_group,unstratified,8675309
4338,12,-0.006246033357254349,-0.06412912960586313,structural_group,unstratified,8675309
4339,12,0.0,-0.11440357118059585,structural_group,unstratified,8675309
4340,12,0.0,-0.11304221006893721,structural_group,unstratified,8675309
4341,12,-0.006246033357254349,-0.011868145022130995,structural_group,unstratified,8675309
4342,12,-0.0034439534025555232,-0.017875878907446928,structural_group,unstratified,8675309
4343,12,-0.0034439534025555232,-0.06212539823646579,structural_group,unstratified,8675309
4344,12,-0.0034439534025555232,-0.11663073221975244,structural_group,unstratified,8675309
4345,12,0.0,-0.008222144330500126,structural_group,unstratified,8675309
4346,12,-0.008461049547044103,-0.0671436595229191,structural_group,unstratified,8675309
4347,12,-0.021288940384876134,-0.024485907227605467,structural_group,unstratified,8675309
4348,12,0.0,-0.0072772181957700645,structural_group,unstratified,8675309
4349,12,-0.0031230166786271746,-0.06906953462408082,structural_group,unstratified,8675309
4350,12,-0.00032093672392834866,-0.06409446328796081,structural_group,unstratified,8675309
4351,12,0.0,-0.005863427624448266,structural_group,unstratified,8675309
4352,12,-0.008461049547044103,-0.022677969162344196,structural_group,unstratified,8675309
4353,12,-0.010676065736833856,-0.0679582999297504,structural_group,unstratified,8675309
4354,12,-0.0031230166786271746,-0.06563442934335757,structural_group,unstratified,8675309
4355,12,-0.010676065736833856,-0.07422204634744213,structural_group,unstratified,8675309
4356,12,-0.03190181503291841,-0.2299632778418695,structural_group,unstratified,8675309
4357,12,-0.0034439534025555232,-0.016405774351806308,structural_group,unstratified,8675309
4358,12,-0.05477133693621747,-0.23419306433868706,structural_group,unstratified,8675309
4359,12,-0.006246033357254349,-0.0604447415670158,structural_group,unstratified,8675309
4360,12,-0.021288940384876134,-0.020129288014574538,structural_group,unstratified,8675309
4361,12,0.0,-0.06251360707263727,structural_group,unstratified,8675309
4362,12,-0.01907392419508638,-0.17231768713704984,structural_group,unstratified,8675309
4363,12,0.0,0.0005519146954417412,structural_group,unstratified,8675309
4364,12,-0.0034439534025555232,-0.06506621866247399,structural_group,unstratified,8675309
4365,12,-0.020596376579942503,-0.12661221074733672,structural_group,unstratified,8675309
4366,12,-0.036226347372473364,-0.08388784496404954,structural_group,unstratified,8675309
4367,12,-0.006246033357254349,-0.01608541879969005,structural_group,unstratified,8675309
4368,12,-0.0034439534025555232,-0.06722463684095985,structural_group,unstratified,8675309
4369,12,-0.00032093672392834866,-0.009480985840201241,structural_group,unstratified,8675309
4370,12,-0.0034439534025555232,-0.01738721791524729,structural_group,unstratified,8675309
4371,12,-0.0034439534025555232,-0.11236789264112725,structural_group,unstratified,8675309
4372,12,-0.0006418734478566973,-0.0687095002062738,structural_group,unstratified,8675309
4373,12,-0.0034439534025555232,-0.06633474836110291,structural_group,unstratified,8675309
4374,12,-0.0031230166786271746,-0.06206243692867073,structural_group,unstratified,8675309
4375,12,-0.0006418734478566973,-0.11977742911843063,structural_group,unstratified,8675309
4376,12,-0.0006418734478566973,-0.06365604373796664,structural_group,unstratified,8675309
4377,12,-0.0031230166786271746,-0.06622776945312679,structural_group,unstratified,8675309
4378,12,-0.008461049547044103,-0.1209759460173923,structural_group,unstratified,8675309
4379,12,-0.008461049547044103,-0.17741388487609233,structural_group,unstratified,8675309
4380,12,-0.015950907516459206,-0.17359089247681814,structural_group,unstratified,8675309
4381,12,-0.0034439534025555232,-0.005494041924362526,structural_group,unstratified,8675309
4382,12,-0.010676065736833856,-0.07246398208935445,structural_group,unstratified,8675309
4383,12,-0.00032093672392834866,-0.05981118733715513,structural_group,unstratified,8675309
4384,12,-0.005658969592345277,-0.11664385625373795,structural_group,unstratified,8675309
4385,12,-0.0034439534025555232,-0.11496213958996304,structural_group,unstratified,8675309
4386,12,-0.036226347372473364,-0.1318437432954305,structural_group,unstratified,8675309
4387,12,-0.015950907516459206,-0.17251793974720445,structural_group,unstratified,8675309
4388,12,-0.008461049547044103,-0.07215006671438341,structural_group,unstratified,8675309
4389,12,-0.00032093672392834866,-0.05720619220506667,structural_group,unstratified,8675309
4390,12,-0.00032093672392834866,-0.06300453853307003,structural_group,unstratified,8675309
4391,12,0.0,-0.05939320415934148,structural_group,unstratified,8675309
4392,12,-0.0034439534025555232,-0.06296625656835327,structural_group,unstratified,8675309
4393,12,0.0,0.001849038169859623,structural_group,unstratified,8675309
4394,12,0.0,-0.013900999031268816,structural_group,unstratified,8675309
4395,12,-0.0034439534025555232,-0.016629945096610546,structural_group,unstratified,8675309
4396,12,-0.005658969592345277,-0.021858758496873232,structural_group,unstratified,8675309
4397,12,-0.008461049547044103,-0.16988160875977174,structural_group,unstratified,8675309
4398,12,-0.00032093672392834866,-0.06540701058677077,structural_group,unstratified,8675309
4399,12,0.0,-0.007657135743987736,structural_group,unstratified,8675309
4400,12,-0.00032093672392834866,-0.06989964477271556,structural_group,unstratified,8675309
4401,12,0.0,-0.004017469847002383,structural_group,unstratified,8675309
4402,12,-0.021288940384876134,-0.02307335645236532,structural_group,unstratified,8675309
4403,12,-0.0031230166786271746,-0.06077478530805986,structural_group,unstratified,8675309
4404,12,-0.008461049547044103,-0.07431989030826032,structural_group,unstratified,8675309
4405,12,-0.0034439534025555232,-0.014741641028035489,structural_group,unstratified,8675309
4406,12,-0.00032093672392834866,-0.06455540407163059,structural_group,unstratified,8675309
4407,12,-0.005658969592345277,-0.02185875849687324,structural_group,unstratified,8675309
4408,12,0.0,-0.012625523223267432,structural_group,unstratified,8675309
4409,12,-0.006246033357254349,-0.015680343320741124,structural_group,unstratified,8675309
4410,12,-0.0006418734478566973,-0.16295183620222384,structural_group,unstratified,8675309
4411,12,-0.0034439534025555232,-0.07226734512601428,structural_group,unstratified,8675309
4412,12,-0.025613472724431083,-0.1778490564143039,structural_group,unstratified,8675309
4413,12,-0.0006418734478566973,-0.0046578592336144285,structural_group,unstratified,8675309
4414,12,-0.00032093672392834866,-0.007699877014723082,structural_group,unstratified,8675309
4415,12,0.0,-0.10883048409356731,structural_group,unstratified,8675309
4416,12,0.0,-0.0086020618787178,structural_group,unstratified,8675309
4417,12,-0.010676065736833856,-0.07441139947443297,structural_group,unstratified,8675309
4418,12,0.0,-0.009702548389795498,structural_group,unstratified,8675309
4419,12,-0.010676065736833856,-0.019245472076830954,structural_group,unstratified,8675309
4420,12,-0.006246033357254349,-0.01276249280800651,structural_group,unstratified,8675309
4421,12,-0.008461049547044103,-0.11716435903350914,structural_group,unstratified,8675309
4422,12,0.0,-0.0057372521403732816,structural_group,unstratified,8675309
4423,12,-0.00032093672392834866,-0.01811034915590592,structural_group,unstratified,8675309
4424,12,-0.00032093672392834866,-0.015044413240147658,structural_group,unstratified,8675309
4425,12,0.0,-0.0058526794411955544,structural_group,unstratified,8675309
4426,12,-0.0006418734478566973,-0.0687095002062738,structural_group,unstratified,8675309
4427,12,-0.006246033357254349,-0.07580029436755568,structural_group,unstratified,8675309
4428,12,-0.0031230166786271746,-0.06194233398670909,structural_group,unstratified,8675309
4429,12,-0.00032093672392834866,-0.11444163681019183,structural_group,unstratified,8675309
4430,12,-0.010676065736833856,-0.0680071137425991,structural_group,unstratified,8675309
4431,12,-0.0006418734478566973,-0.06137129877549472,structural_group,unstratified,8675309
4432,12,-0.0031230166786271746,-0.0656344293433576,structural_group,unstratified,8675309
4433,12,0.0,-0.007765879187969702,structural_group,unstratified,8675309
4434,12,-0.03190181503291841,-0.13073673556264148,structural_group,unstratified,8675309
4435,12,-0.0034439534025555232,-0.02328329725144775,structural_group,unstratified,8675309
4436,12,0.0,-0.0629192072915104,structural_group,unstratified,8675309
4437,12,-0.0006418734478566973,-0.00748204106456436,structural_group,unstratified,8675309
4438,12,0.0,-0.017248397219699615,structural_group,unstratified,8675309
4439,12,0.0,-0.11615695979754415,structural_group,unstratified,8675309
4440,12,-0.005658969592345277,-0.011169648613348624,structural_group,unstratified,8675309
4441,12,-0.0034439534025555232,-0.0126812831454886,structural_group,unstratified,8675309
4442,12,-0.00032093672392834866,-0.11598627850672798,structural_group,unstratified,8675309
4443,12,-0.008461049547044103,-0.12072220395324962,structural_group,unstratified,8675309
4444,12,0.0,-0.005799189987207496,structural_group,unstratified,8675309
4445,12,-0.006246033357254349,-0.015079079558049978,structural_group,unstratified,8675309
4446,12,-0.00032093672392834866,-0.016092470291562213,structural_group,unstratified,8675309
4447,12,-0.0034439534025555232,-0.06157762392776272,structural_group,unstratified,8675309
4448,12,0.0,-0.00468473578294015,structural_group,unstratified,8675309
4449,12,-0.008461049547044103,-0.06878157492163377,structural_group,unstratified,8675309
4450,12,-0.00032093672392834866,-0.006165983501439651,structural_group,unstratified,8675309
4451,12,0.0,-0.1170227138076307,structural_group,unstratified,8675309
4452,12,-0.00032093672392834866,-0.1710905764622992,structural_group,unstratified,8675309
4453,12,0.0,-0.005363407134268964,structural_group,unstratified,8675309
4454,12,-0.0006418734478566973,-0.024113407400082488,structural_group,unstratified,8675309
4455,12,-0.0031230166786271746,-0.014790671176004971,structural_group,unstratified,8675309
4456,12,0.0,-0.06118691227888095,structural_group,unstratified,8675309
4457,12,-0.006246033357254349,-0.022718334582346737,structural_group,unstratified,8675309
4458,12,-0.0006418734478566973,-0.010291748112826042,structural_group,unstratified,8675309
4459,12,-0.00032093672392834866,-0.012160780365717404,structural_group,unstratified,8675309
4460,12,-0.00032093672392834866,-0.061148630314164176,structural_group,unstratified,8675309
4461,12,-0.008461049547044103,-0.07079945378597748,structural_group,unstratified,8675309
4462,12,0.0,-0.06415032859268167,structural_group,unstratified,8675309
4463,12,-0.01907392419508638,-0.07917953434355803,structural_group,unstratified,8675309
4464,12,-0.00032093672392834866,-0.065631181331575,structural_group,unstratified,8675309
4465,12,-0.006246033357254349,-0.012090551230929383,structural_group,unstratified,8675309
4466,12,-0.00032093672392834866,-0.05932659067136791,structural_group,unstratified,8675309
4467,12,-0.0006418734478566973,-0.061760904512640206,structural_group,unstratified,8675309
4468,12,-0.005338032868416928,-0.12227544534254302,structural_group,unstratified,8675309
4469,12,-0.0006418734478566973,-0.06544507621636675,structural_group,unstratified,8675309
4470,12,-0.0034439534025555232,-0.010526667040882993,structural_group,unstratified,8675309
4471,12,-0.03190181503291841,-0.2280625908143539,structural_group,unstratified,8675309
4472,12,-0.0031230166786271746,-0.06870036525911585,structural_group,unstratified,8675309
4473,12,-0.0006418734478566973,-0.007256781823589552,structural_group,unstratified,8675309
4474,12,0.0,-0.061675573271080586,structural_group,unstratified,8675309
4475,12,-0.006246033357254349,-0.018574986630956254,structural_group,unstratified,8675309
4476,12,-0.0034439534025555232,-0.02391315478992786,structural_group,unstratified,8675309
4477,12,0.0,-0.012804128167005562,structural_group,unstratified,8675309
4478,12,-0.006246033357254349,-0.070859889349338,structural_group,unstratified,8675309
4479,12,-0.021288940384876134,-0.07588150403007358,structural_group,unstratified,8675309
4480,12,-0.008461049547044103,-0.11544673625575026,structural_group,unstratified,8675309
4481,12,-0.0031230166786271746,-0.008162214699366859,structural_group,unstratified,8675309
4482,12,-0.0034439534025555232,-0.0126812831454886,structural_group,unstratified,8675309
4483,12,-0.0006418734478566973,-0.06270583064737027,structural_group,unstratified,8675309
4484,12,-0.006246033357254349,-0.12479685496138077,structural_group,unstratified,8675309
4485,12,-0.010676065736833856,-0.019134720417148043,structural_group,unstratified,8675309
4486,12,-0.03190181503291841,-0.030066306652829028,structural_group,unstratified,8675309
4487,12,-0.00032093672392834866,-0.013856644524438695,structural_group,unstratified,8675309
4488,12,-0.0006418734478566973,-0.009402075968089887,structural_group,unstratified,8675309
4489,12,-0.008461049547044103,-0.015919937889937435,structural_group,unstratified,8675309
4490,12,0.0,-0.004653399927595851,structural_group,unstratified,8675309
4491,12,-0.006246033357254349,-0.008342141889962065,structural_group,unstratified,8675309
4492,12,-0.0031230166786271746,-0.06942112064904167,structural_group,unstratified,8675309
4493,12,-0.03190181503291841,-0.1336273145464442,structural_group,unstratified,8675309
4494,12,-0.0034439534025555232,-0.0674611905447046,structural_group,unstratified,8675309
4495,12,-0.0034439534025555232,-0.0038636551989636495,structural_group,unstratified,8675309
4496,12,-0.03190181503291841,-0.08091006482018166,structural_group,unstratified,8675309
4497,12,-0.021288940384876134,-0.07256887754204479,structural_group,unstratified,8675309
4498,12,0.0,-0.06066173385797039,structural_group,unstratified,8675309
4499,12,-0.008461049547044103,-0.07498715624419806,structural_group,unstratified,8675309
4500,12,-0.0031230166786271746,-0.01019551738810264,structural_group,unstratified,8675309
4501,12,0.0,-0.005483510076230595,structural_group,unstratified,8675309
4502,12,-0.0006418734478566973,-0.009636994896146837,structural_group,unstratified,8675309
4503,12,-0.0006418734478566973,-0.010819302384469404,structural_group,unstratified,8675309
4504,12,-0.0006418734478566973,-0.01697369404345221,structural_group,unstratified,8675309
4505,12,-0.0034439534025555232,-0.016802926177833286,structural_group,unstratified,8675309
4506,12,-0.006246033357254349,-0.16888258185632662,structural_group,unstratified,8675309
4507,12,-0.036226347372473364,-0.17813746479634887,structural_group,unstratified,8675309
4508,12,-0.02339845653464133,-0.07860316625906598,structural_group,unstratified,8675309
4509,12,-0.005338032868416928,-0.06706862778501425,structural_group,unstratified,8675309
4510,12,-0.008461049547044103,-0.1201697540034072,structural_group,unstratified,8675309
4511,12,-0.03190181503291841,-0.1276459039686841,structural_group,unstratified,8675309
4512,12,0.0,0.00018742097161614235,structural_group,unstratified,8675309
4513,12,-0.005338032868416928,-0.06502585324247145,structural_group,unstratified,8675309
4514,12,0.0,-0.002722505888196522,structural_group,unstratified,8675309
4515,12,-0.00032093672392834866,-0.010775949799007102,structural_group,unstratified,8675309
4516,12,-0.005658969592345277,-0.019369190665607033,structural_group,unstratified,8675309
4517,12,-0.01907392419508638,-0.019626845756251052,structural_group,unstratified,8675309
4518,12,-0.00032093672392834866,-0.06551168970434033,structural_group,unstratified,8675309
4519,12,0.0,-0.12032074412111514,structural_group,unstratified,8675309
4520,12,-0.006246033357254349,-0.1180637193671731,structural_group,unstratified,8675309
4521,12,-0.005338032868416928,-0.17239844811996977,structural_group,unstratified,8675309
4522,12,-0.0034439534025555232,-0.0698437794679947,structural_group,unstratified,8675309
4523,12,0.0,-0.1167582235602353,structural_group,unstratified,8675309
4524,12,-0.03983392994862024,-0.18399938374687433,structural_group,unstratified,8675309
4525,12,-0.010676065736833856,-0.07251923607934836,structural_group,unstratified,8675309
4526,12,-0.0031230166786271746,-0.008609007988090266,structural_group,unstratified,8675309
4527,12,-0.0034439534025555232,-0.0201924656574904,structural_group,unstratified,8675309
4528,12,-0.021288940384876134,-0.0708286588764934,structural_group,unstratified,8675309
4529,12,-0.0031230166786271746,-0.07392917865937854,structural_group,unstratified,8675309
4530,12,-0.0006418734478566973,-0.015586563686335353,structural_group,unstratified,8675309
4531,12,-0.0034439534025555232,-0.12256102919425722,structural_group,unstratified,8675309
4532,12,-0.0034439534025555232,-0.12505059702552346,structural_group,unstratified,8675309
4533,12,-0.0006418734478566973,-0.06507590685140179,structural_group,unstratified,8675309
4534,12,0.0,-0.007217656199668655,structural_group,unstratified,8675309
4535,12,-0.006246033357254349,-0.06880266852595261,structural_group,unstratified,8675309
4536,12,0.0,-0.05907665068110546,structural_group,unstratified,8675309
4537,12,-0.006246033357254349,-0.07020611367620826,structural_group,unstratified,8675309
4538,12,0.0,-0.011900092192202248,structural_group,unstratified,8675309
4539,12,-0.00032093672392834866,-0.014667931536987701,structural_group,unstratified,8675309
4540,12,-0.0006418734478566973,-0.008916239506221012,structural_group,unstratified,8675309
4541,12,-0.006246033357254349,-0.06371093009292868,structural_group,unstratified,8675309
4542,12,-0.04055087971202831,-0.13275223857625237,structural_group,unstratified,8675309
4543,12,-0.0034439534025555232,-0.06887780564635716,structural_group,unstratified,8675309
4544,12,-0.0034439534025555232,-0.06296625656835327,structural_group,unstratified,8675309
4545,12,-0.00032093672392834866,-0.002097218608356073,structural_group,unstratified,8675309
4546,12,-0.010676065736833856,-0.018082815374441865,structural_group,unstratified,8675309
4547,12,0.0,-0.005737252140373283,structural_group,unstratified,8675309
4548,12,-0.03190181503291841,-0.1791320323937754,structural_group,unstratified,8675309
4549,12,-0.0034439534025555232,-0.116274686888773,structural_group,unstratified,8675309
4550,12,-0.010676065736833856,-0.01959705810179182,structural_group,unstratified,8675309
4551,12,0.0,-0.007684669525451791,structural_group,unstratified,8675309
4552,12,0.0,-0.011894019650088896,structural_group,unstratified,8675309
4553,12,-0.0034439534025555232,-0.012813157731663806,structural_group,unstratified,8675309
4554,12,-0.01907392419508638,-0.07369470841091956,structural_group,unstratified,8675309
4555,12,-0.00032093672392834866,-0.0616048954566946,structural_group,unstratified,8675309
4556,12,0.0,-0.05757557790515239,structural_group,unstratified,8675309
4557,12,-0.01907392419508638,-0.07040362420680758,structural_group,unstratified,8675309
4558,12,-0.0034439534025555232,-0.06912302407806886,structural_group,unstratified,8675309
4559,12,-0.0006418734478566973,-0.07035820970565253,structural_group,unstratified,8675309
4560,12,-0.008461049547044103,-0.17132311953962334,structural_group,unstratified,8675309
4561,12,0.0,0.0007123830574059156,structural_group,unstratified,8675309
4562,12,-0.005338032868416928,-0.024175345246916707,structural_group,unstratified,8675309
4563,12,0.0,-0.006404518076311049,structural_group,unstratified,8675309
4564,12,-0.00032093672392834866,-0.005561895208417743,structural_group,unstratified,8675309
4565,12,0.0,-0.06095014224001541,structural_group,unstratified,8675309
4566,12,-0.010676065736833856,-0.12373910972103841,structural_group,unstratified,8675309
4567,12,-0.01907392419508638,-0.12585950818733968,structural_group,unstratified,8675309
4568,12,-0.005658969592345277,-0.06869920070261905,structural_group,unstratified,8675309
4569,12,-0.03190181503291841,-0.08391282309302406,structural_group,unstratified,8675309
4570,12,-0.008461049547044103,-0.014671628228368249,structural_group,unstratified,8675309
4571,12,0.0,-0.05704802363350905,structural_group,unstratified,8675309
4572,12,-0.0034439534025555232,-0.06386931499960709,structural_group,unstratified,8675309
4573,12,-0.00032093672392834866,-0.018110349155905918,structural_group,unstratified,8675309
4574,12,0.0,-0.0025131476530574036,structural_group,unstratified,8675309
4575,12,0.0,-0.05795443545904516,structural_group,unstratified,8675309
4576,12,-0.021288940384876134,-0.12441105129811554,structural_group,unstratified,8675309
4577,12,0.0,-0.004028218030255097,structural_group,unstratified,8675309
4578,12,-0.016271844240387554,-0.07375057371564041,structural_group,unstratified,8675309
4579,12,-0.021288940384876134,-0.07671161417870832,structural_group,unstratified,8675309
4580,12,-0.05044680459666252,-0.18832437750745448,structural_group,unstratified,8675309
4581,12,-0.008461049547044103,-0.016718100868500927,structural_group,unstratified,8675309
4582,12,0.0,-0.0044354530248160405,structural_group,unstratified,8675309
4583,12,-0.0034439534025555232,-0.17415413652732462,structural_group,unstratified,8675309
4584,12,-0.0031230166786271746,-0.015254436490005517,structural_group,unstratified,8675309
4585,12,-0.00032093672392834866,-0.015413582605112617,structural_group,unstratified,8675309
4586,12,-0.0031230166786271746,-0.008858074411093595,structural_group,unstratified,8675309
4587,12,-0.008461049547044103,-0.11539554659216876,structural_group,unstratified,8675309
4588,12,-0.021288940384876134,-0.070329698380639,structural_group,unstratified,8675309
4589,12,0.0,-0.11197718099224548,structural_group,unstratified,8675309
4590,12,-0.00032093672392834866,-0.06123572609172965,structural_group,unstratified,8675309
4591,12,-0.00032093672392834866,-0.016813225681488037,structural_group,unstratified,8675309
4592,12,0.0,-0.05935853784143916,structural_group,unstratified,8675309
4593,12,0.0,-0.005568335385562953,structural_group,unstratified,8675309
4594,12,0.0,-0.006208941107295782,structural_group,unstratified,8675309
4595,12,-0.00032093672392834866,-0.11644254364925839,structural_group,unstratified,8675309
4596,12,-0.00032093672392834866,-0.06742488945111447,structural_group,unstratified,8675309
4597,12,-0.010676065736833856,-0.020677062323277626,structural_group,unstratified,8675309
4598,12,-0.015950907516459206,-0.07549079238119183,structural_group,unstratified,8675309
4599,12,0.0,-0.06487108398260749,structural_group,unstratified,8675309
4600,12,-0.00032093672392834866,-0.015885271572035113,structural_group,unstratified,8675309
4601,12,-0.036226347372473364,-0.08706965686022801,structural_group,unstratified,8675309
4602,12,-0.0006418734478566973,-0.012376240465143323,structural_group,unstratified,8675309
4603,12,-0.016271844240387554,-0.12280062376345356,structural_group,unstratified,8675309
4604,12,-0.00032093672392834866,-0.0037621145467649215,structural_group,unstratified,8675309
4605,12,-0.008461049547044103,-0.019234940228699024,structural_group,unstratified,8675309
4606,12,-0.0034439534025555232,-0.009110051939230432,structural_group,unstratified,8675309
4607,12,-0.0034439534025555232,-0.023859665335939806,structural_group,unstratified,8675309
4608,12,0.0,-0.002656108735343731,structural_group,unstratified,8675309
4609,12,-0.00032093672392834866,-0.11930128084548956,structural_group,unstratified,8675309
4610,12,-0.0006418734478566973,-0.06261873486980479,structural_group,unstratified,8675309
4611,12,-0.006246033357254349,-0.013525838168756606,structural_group,unstratified,8675309
4612,12,-0.008461049547044103,-0.12262526683149803,structural_group,unstratified,8675309
4613,12,-0.010676065736833856,-0.06812660536983378,structural_group,unstratified,8675309
4614,12,-0.0031230166786271746,-0.12060915250316016,structural_group,unstratified,8675309
4615,12,-0.006246033357254349,-0.020160518487419142,structural_group,unstratified,8675309
4616,12,-0.008461049547044103,-0.07174956149407415,structural_group,unstratified,8675309
4617,12,-0.010676065736833856,-0.014651191856187738,structural_group,unstratified,8675309
4618,12,-0.01907392419508638,-0.07319812376579797,structural_group,unstratified,8675309
4619,12,-0.010676065736833856,-0.022863857942431662,structural_group,unstratified,8675309
4620,12,-0.0034439534025555232,-0.014665555686254899,structural_group,unstratified,8675309
4621,12,-0.03190181503291841,-0.023806624561549704,structural_group,unstratified,8675309
4622,12,-0.0031230166786271746,-0.06456147661374394,structural_group,unstratified,8675309
4623,12,-0.010676065736833856,-0.06787753894683045,structural_group,unstratified,8675309
4624,12,0.0,-0.012857617620993621,structural_group,unstratified,8675309
4625,12,-0.010676065736833856,-0.0678162124147232,structural_group,unstratified,8675309
4626,12,-0.008461049547044103,-0.12334602222142384,structural_group,unstratified,8675309
4627,12,-0.03190181503291841,-0.07687607162750008,structural_group,unstratified,8675309
4628,12,0.0,-0.06688273900492676,structural_group,unstratified,8675309
4629,12,-0.010676065736833856,-0.12481206245065206,structural_group,unstratified,8675309
4630,12,-0.0006418734478566973,-0.16638694148294705,structural_group,unstratified,8675309
4631,12,-0.010676065736833856,-0.07229506533454412,structural_group,unstratified,8675309
4632,12,-0.00032093672392834866,-0.05841154426077971,structural_group,unstratified,8675309
4633,12,-0.010676065736833856,-0.07154236277454705,structural_group,unstratified,8675309
4634,12,-0.0034439534025555232,-0.020793729420181543,structural_group,unstratified,8675309
4635,12,-0.0034439534025555232,-0.008666956748096902,structural_group,unstratified,8675309
4636,12,-0.008461049547044103,-0.020356706771161366,structural_group,unstratified,8675309
4637,12,-0.006246033357254349,-0.013860341215819244,structural_group,unstratified,8675309
4638,12,-0.0034439534025555232,-0.018477142670138075,structural_group,unstratified,8675309
4639,12,0.0,-0.009713296573048211,structural_group,unstratified,8675309
4640,12,-0.0006418734478566973,-0.06147977996694453,structural_group,unstratified,8675309
4641,12,0.0,-0.05501939658591262,structural_group,unstratified,8675309
4642,12,-0.0034439534025555232,-0.005252287839554195,structural_group,unstratified,8675309
4643,12,-0.010676065736833856,-0.02116561793297757,structural_group,unstratified,8675309
4644,12,-0.0006418734478566973,-0.05975999767357363,structural_group,unstratified,8675309
4645,12,-0.02339845653464133,-0.0751601373254208,structural_group,unstratified,8675309
4646,12,0.0,-0.010810167437311466,structural_group,unstratified,8675309
4647,12,0.0,-0.061059496998724316,structural_group,unstratified,8675309
4648,12,-0.0031230166786271746,-0.06560953366515851,structural_group,unstratified,8675309
4649,12,-0.0006418734478566973,-0.013357684028584305,structural_group,unstratified,8675309
4650,12,-0.005338032868416928,-0.1189604430037814,structural_group,unstratified,8675309
4651,12,-0.010676065736833856,-0.01992435976328055,structural_group,unstratified,8675309
4652,12,0.0,-0.06244751832458791,structural_group,unstratified,8675309
4653,12,-0.0006418734478566973,-0.11710479703740773,structural_group,unstratified,8675309
4654,12,-0.010676065736833856,-0.020518677416599226,structural_group,unstratified,8675309
4655,12,-0.01907392419508638,-0.07973198429340049,structural_group,unstratified,8675309
4656,12,-0.0031230166786271746,-0.17037995794089913,structural_group,unstratified,8675309
4657,12,-0.05044680459666252,-0.1345313505212475,structural_group,unstratified,8675309
4658,12,-0.006246033357254349,-0.02134282597574171,structural_group,unstratified,8675309
4659,12,-0.0034439534025555232,-0.06791299638121645,structural_group,unstratified,8675309
4660,12,-0.006246033357254349,-0.06571183693199525,structural_group,unstratified,8675309
4661,12,-0.0034439534025555232,-0.11466404301899023,structural_group,unstratified,8675309
4662,12,-0.00032093672392834866,-0.011117398955442207,structural_group,unstratified,8675309
4663,12,0.0,-0.004738225236928208,structural_group,unstratified,8675309
4664,12,-0.006246033357254349,-0.010426634242279345,structural_group,unstratified,8675309
4665,12,-0.006246033357254349,-0.010326414430728363,structural_group,unstratified,8675309
4666,12,-0.0006418734478566973,-0.16747686623783786,structural_group,unstratified,8675309
4667,12,0.0,-0.11257052110201471,structural_group,unstratified,8675309
4668,12,0.0,-0.018086431021256313,structural_group,unstratified,8675309
4669,12,-0.008461049547044103,-0.11912874844386478,structural_group,unstratified,8675309
4670,12,-0.00032093672392834866,-0.006724768245927615,structural_group,unstratified,8675309
4671,12,-0.0031230166786271746,-0.06822867629219335,structural_group,unstratified,8675309
4672,12,-0.0031230166786271746,-0.02013897620350234,structural_group,unstratified,8675309
4673,12,-0.021288940384876134,-0.2267523433059505,structural_group,unstratified,8675309
4674,12,-0.006246033357254349,-0.1183413795659654,structural_group,unstratified,8675309
4675,12,-0.0034439534025555232,-0.07119439239640064,structural_group,unstratified,8675309
4676,12,-0.0006418734478566973,-0.01091714634528758,structural_group,unstratified,8675309
4677,12,-0.036226347372473364,-0.1292706953334133,structural_group,unstratified,8675309
4678,12,-0.008461049547044103,-0.11840799305393897,structural_group,unstratified,8675309
4679,12,-0.0031230166786271746,-0.014688151574047431,structural_group,unstratified,8675309
4680,12,-0.0006418734478566973,-0.11997145788656084,structural_group,unstratified,8675309
4681,12,-0.008461049547044103,-0.07225704562235952,structural_group,unstratified,8675309
4682,12,-0.0006418734478566973,-0.061985075257444434,structural_group,unstratified,8675309
4683,12,-0.00032093672392834866,-0.0078146930008184,structural_group,unstratified,8675309
4684,12,-0.005658969592345277,-0.06853873234065487,structural_group,unstratified,8675309
4685,12,-0.00032093672392834866,-0.0029380769402435297,structural_group,unstratified,8675309
4686,12,-0.01907392419508638,-0.07170312353195825,structural_group,unstratified,8675309
4687,12,-0.010676065736833856,-0.018936843657726216,structural_group,unstratified,8675309
4688,12,0.0,-0.008569666029048587,structural_group,unstratified,8675309
4689,12,-0.010676065736833856,-0.018893886051870087,structural_group,unstratified,8675309
4690,12,-0.01907392419508638,-0.07736190808936895,structural_group,unstratified,8675309
4691,12,-0.00032093672392834866,-0.06553658538253941,structural_group,unstratified,8675309
4692,12,-0.006246033357254349,-0.06555366836043765,structural_group,unstratified,8675309
4693,12,-0.0006418734478566973,-0.01370927005354517,structural_group,unstratified,8675309
4694,12,-0.005658969592345277,-0.06652085347631116,structural_group,unstratified,8675309
4695,12,-0.021288940384876134,-0.024837493252566335,structural_group,unstratified,8675309
4696,12,-0.0034439534025555232,-0.11720710030424449,structural_group,unstratified,8675309
4697,12,-0.021288940384876134,-0.07383405384639144,structural_group,unstratified,8675309
4698,12,-0.005658969592345277,-0.016999114461575506,structural_group,unstratified,8675309
4699,12,-0.005658969592345277,-0.1738025505023638,structural_group,unstratified,8675309
4700,12,0.0,-0.07542655474395106,structural_group,unstratified,8675309
4701,12,0.0,-0.06617895564027809,structural_group,unstratified,8675309
4702,12,-0.036226347372473364,-0.13672097067073233,structural_group,unstratified,8675309
4703,12,-0.01907392419508638,-0.12276867659338231,structural_group,unstratified,8675309
4704,12,-0.0034439534025555232,-0.01252757387994956,structural_group,unstratified,8675309
4705,12,-0.008461049547044103,-0.12155231410188437,structural_group,unstratified,8675309
4706,12,-0.03190181503291841,-0.13073673556264148,structural_group,unstratified,8675309
4707,12,-0.008461049547044103,-0.014791119855602929,structural_group,unstratified,8675309
4708,12,0.0,0.0020202547150765097,structural_group,unstratified,8675309
4709,12,-0.006246033357254349,-0.06557064038571478,structural_group,unstratified,8675309
4710,12,-0.006246033357254349,-0.06560248217328633,structural_group,unstratified,8675309
4711,12,-0.00032093672392834866,-0.004955955804587236,structural_group,unstratified,8675309
4712,12,-0.00032093672392834866,-0.06776633860754958,structural_group,unstratified,8675309
4713,12,-0.0006418734478566973,-0.014550128385432626,structural_group,unstratified,8675309
4714,12,-0.0006418734478566973,-0.007975161362782575,structural_group,unstratified,8675309
4715,12,0.0,-0.002974088436727189,structural_group,unstratified,8675309
4716,12,-0.05477133693621747,-0.1365492293855912,structural_group,unstratified,8675309
4717,12,-0.020596376579942503,-0.076542697423898,structural_group,unstratified,8675309
4718,12,-0.025613472724431083,-0.02810465932202871,structural_group,unstratified,8675309
4719,12,-0.0006418734478566973,-0.009636994896146837,structural_group,unstratified,8675309
4720,12,-0.036226347372473364,-0.12734482023225155,structural_group,unstratified,8675309
4721,12,-0.006246033357254349,-0.008578038361568495,structural_group,unstratified,8675309
4722,12,-0.008461049547044103,-0.12409069574599929,structural_group,unstratified,8675309
4723,12,-0.005338032868416928,-0.01849026670412359,structural_group,unstratified,8675309
4724,12,-0.0006418734478566973,-0.11076660005362322,structural_group,unstratified,8675309
4725,12,-0.016271844240387554,-0.022383936917783797,structural_group,unstratified,8675309
4726,12,-0.008461049547044103,-0.17426956382814693,structural_group,unstratified,8675309
4727,12,-0.0006418734478566973,-0.06906108623123465,structural_group,unstratified,8675309
4728,12,-0.0006418734478566973,-0.007516596429845591,structural_group,unstratified,8675309
4729,12,-0.0031230166786271746,-0.07048614972573337,structural_group,unstratified,8675309
4730,12,-0.010676065736833856,-0.02119756510304882,structural_group,unstratified,8675309
4731,12,-0.0006418734478566973,-0.06389888631894552,structural_group,unstratified,8675309
4732,12,-0.02339845653464133,-0.2286438953863081,structural_group,unstratified,8675309
4733,12,-0.010676065736833856,-0.17867272638579346,structural_group,unstratified,8675309
4734,12,0.0,-0.053615294203518626,structural_group,unstratified,8675309
4735,12,-0.016271844240387554,-0.07013686349117905,structural_group,unstratified,8675309
4736,12,-0.04055087971202831,-0.2851312021199546,structural_group,unstratified,8675309
4737,12,-0.021288940384876134,-0.07154941426641921,structural_group,unstratified,8675309
4738,12,-0.0034439534025555232,-0.008037099209616788,structural_group,unstratified,8675309
4739,12,-0.016271844240387554,-0.07345186582994065,structural_group,unstratified,8675309
4740,12,-0.04055087971202831,-0.18230124911991993,structural_group,unstratified,8675309
4741,12,-0.00032093672392834866,-0.056271402938862354,structural_group,unstratified,8675309
4742,12,-0.008461049547044103,-0.06905923512042607,structural_group,unstratified,8675309
4743,12,-0.00032093672392834866,-0.008755246404332633,structural_group,unstratified,8675309
4744,12,-0.0034439534025555232,-0.012158404514984601,structural_group,unstratified,8675309
4745,12,-0.0006418734478566973,-0.015073007015936626,structural_group,unstratified,8675309
4746,12,-0.04055087971202831,-0.08625369420653965,structural_group,unstratified,8675309
4747,12,-0.005658969592345277,-0.018245048272411888,structural_group,unstratified,8675309
4748,12,0.0,-0.008872438241160754,structural_group,unstratified,8675309
4749,12,-0.021288940384876134,-0.07769913028426266,structural_group,unstratified,8675309
4750,12,-0.00032093672392834866,-0.1154896938616064,structural_group,unstratified,8675309
4751,12,0.0,-0.0072772181957700645,structural_group,unstratified,8675309
4752,12,-0.008461049547044103,-0.12155231410188438,structural_group,unstratified,8675309
4753,12,-0.00032093672392834866,-0.0643016620074879,structural_group,unstratified,8675309
4754,12,-0.010676065736833856,-0.06793102840081851,structural_group,unstratified,8675309
4755,12,-0.03190181503291841,-0.1299624907187276,structural_group,unstratified,8675309
4756,12,-0.0006418734478566973,-0.007735783128707047,structural_group,unstratified,8675309
4757,12,-0.0034439534025555232,-0.1226805208214919,structural_group,unstratified,8675309
4758,12,-0.04055087971202831,-0.07377768260944331,structural_group,unstratified,8675309
4759,12,-0.008461049547044103,-0.07296927737985437,structural_group,unstratified,8675309
4760,12,-0.010676065736833856,-0.12462878186577457,structural_group,unstratified,8675309
4761,12,-0.008461049547044103,-0.01657001546547728,structural_group,unstratified,8675309
4762,12,-0.005658969592345277,-0.018767926902915885,structural_group,unstratified,8675309
4763,12,-0.008461049547044103,-0.06455178842481614,structural_group,unstratified,8675309
4764,12,0.0,-0.06112267464164017,structural_group,unstratified,8675309
4765,12,-0.0006418734478566973,-0.1633210055671888,structural_group,unstratified,8675309
4766,12,-0.0034439534025555232,-0.11770138515895952,structural_group,unstratified,8675309
4767,12,-0.0031230166786271746,-0.012213396252446345,structural_group,unstratified,8675309
4768,12,-0.010676065736833856,-0.0690847421133521,structural_group,unstratified,8675309
4769,12,-0.00032093672392834866,-0.014707639724851911,structural_group,unstratified,8675309
4770,12,0.0,-0.0072772181957700645,structural_group,unstratified,8675309
4771,12,-0.016271844240387554,-0.06632527650729589,structural_group,unstratified,8675309
4772,12,-0.00032093672392834866,-0.011481892679267807,structural_group,unstratified,8675309
4773,12,-0.0031230166786271746,-0.012685085219368843,structural_group,unstratified,8675309
4774,12,-0.005658969592345277,-0.018965803662337712,structural_group,unstratified,8675309
4775,12,-0.036226347372473364,-0.183166025586457,structural_group,unstratified,8675309
4776,12,-0.03190181503291841,-0.18250483219263258,structural_group,unstratified,8675309
4777,12,-0.021288940384876134,-0.0771251380505034,structural_group,unstratified,8675309
4778,12,-0.00032093672392834866,-0.06752956856868403,structural_group,unstratified,8675309
4779,12,-0.006246033357254349,-0.07135884984519238,structural_group,unstratified,8675309
4780,12,-0.015950907516459206,-0.17596096868084965,structural_group,unstratified,8675309
4781,12,-0.036226347372473364,-0.12742112190915292,structural_group,unstratified,8675309
4782,12,-0.00032093672392834866,-0.0573087118070242,structural_group,unstratified,8675309
4783,12,-0.0034439534025555232,-0.12143688680106211,structural_group,unstratified,8675309
4784,12,-0.0034439534025555232,-0.06678154164982632,structural_group,unstratified,8675309
4785,12,-0.021288940384876134,-0.021018960159310693,structural_group,unstratified,8675309
4786,12,-0.0006418734478566973,-0.01622434487773742,structural_group,unstratified,8675309
4787,12,-0.006246033357254349,-0.07461798687923311,structural_group,unstratified,8675309
4788,12,-0.0006418734478566973,-0.014746316669174848,structural_group,unstratified,8675309
4789,12,-0.0006418734478566973,-0.008339871421728956,structural_group,unstratified,8675309
4790,12,-0.0031230166786271746,-0.11801490555432438,structural_group,unstratified,8675309
4791,12,-0.006246033357254349,-0.01276249280800651,structural_group,unstratified,8675309
4792,12,-0.00032093672392834866,-0.015044413240147657,structural_group,unstratified,8675309
4793,12,-0.008461049547044103,-0.07073345161273084,structural_group,unstratified,8675309
4794,12,-0.0031230166786271746,-0.11595670718738953,structural_group,unstratified,8675309
4795,12,-0.036226347372473364,-0.13192450427835042,structural_group,unstratified,8675309
4796,12,-0.0034439534025555232,-0.12201325488555415,structural_group,unstratified,8675309
4797,12,-0.021288940384876134,-0.17461146166417998,structural_group,unstratified,8675309
4798,12,0.0,-0.004132897147824655,structural_group,unstratified,8675309
4799,12,-0.00032093672392834866,-0.060531942727080956,structural_group,unstratified,8675309
4800,12,0.0,-0.11356271284870839,structural_group,unstratified,8675309
4801,12,-0.00032093672392834866,-0.00958350544215878,structural_group,unstratified,8675309
4802,12,-0.008461049547044103,-0.06774492328561026,structural_group,unstratified,8675309
4803,12,-0.021288940384876134,-0.1278779983664103,structural_group,unstratified,8675309
4804,12,-0.02339845653464133,-0.17505632139131935,structural_group,unstratified,8675309
4805,12,0.0,-0.062484035753298826,structural_group,unstratified,8675309
4806,12,0.0,-0.058699108983620595,structural_group,unstratified,8675309
4807,12,-0.006246033357254349,-0.010940190912678073,structural_group,unstratified,8675309
4808,12,-0.00032093672392834866,-0.011352317883499162,structural_group,unstratified,8675309
4809,12,-0.008461049547044103,-0.07616946373252063,structural_group,unstratified,8675309
4810,12,-0.008461049547044103,-0.172918950899741,structural_group,unstratified,8675309
4811,12,-0.0034439534025555232,-0.07126039456964724,structural_group,unstratified,8675309
4812,12,0.0,-0.009246283247265072,structural_group,unstratified,8675309
4813,12,-0.006246033357254349,-0.07218658414309431,structural_group,unstratified,8675309
4814,12,-0.0034439534025555232,-0.014491963290305207,structural_group,unstratified,8675309
4815,12,-0.006246033357254349,-0.0654511487584801,structural_group,unstratified,8675309
4816,12,-0.0034439534025555232,-0.12129249949562836,structural_group,unstratified,8675309
4817,12,0.0,-0.1206899134860801,structural_group,unstratified,8675309
4818,12,-0.006246033357254349,-0.06721996119982049,structural_group,unstratified,8675309
4819,12,-0.006246033357254349,-0.01993872359334771,structural_group,unstratified,8675309
4820,12,-0.0006418734478566973,-0.018449422461608227,structural_group,unstratified,8675309
4821,12,-0.008461049547044103,-0.0715362902324337,structural_group,unstratified,8675309
4822,12,-0.005658969592345277,-0.12469901100056258,structural_group,unstratified,8675309
4823,12,-0.006246033357254349,-0.06303920485097235,structural_group,unstratified,8675309
4824,12,-0.0031230166786271746,-0.012188500574247257,structural_group,unstratified,8675309
4825,12,-0.00032093672392834866,-0.008972104810941873,structural_group,unstratified,8675309
4826,12,-0.0031230166786271746,-0.010257717487469016,structural_group,unstratified,8675309
4827,12,-0.036226347372473364,-0.08738251224087416,structural_group,unstratified,8675309
4828,12,-0.006246033357254349,-0.010927678193419511,structural_group,unstratified,8675309
4829,12,-0.010676065736833856,-0.01686309948866165,structural_group,unstratified,8675309
4830,12,-0.00032093672392834866,-0.06149414379701169,structural_group,unstratified,8675309
4831,12,-0.010676065736833856,-0.07590877555900548,structural_group,unstratified,8675309
4832,12,-0.0006418734478566973,-0.0091699815703637,structural_group,unstratified,8675309
4833,12,-0.00032093672392834866,-0.006489849317870666,structural_group,unstratified,8675309
4834,12,-0.00032093672392834866,-0.11765257134611083,structural_group,unstratified,8675309
4835,12,-0.03190181503291841,-0.1264022699482543,structural_group,unstratified,8675309
4836,12,-0.008461049547044103,-0.07073345161273085,structural_group,unstratified,8675309
4837,12,-0.0034439534025555232,-0.11785739421490511,structural_group,unstratified,8675309
4838,12,0.0,-0.0636934521354243,structural_group,unstratified,8675309
4839,12,-0.0034439534025555232,-0.02396664424391592,structural_group,unstratified,8675309
4840,12,-0.005658969592345277,-0.1200123480464876,structural_group,unstratified,8675309
4841,12,-0.00032093672392834866,-0.00781936864195776,structural_group,unstratified,8675309
4842,12,0.0,-0.005546687719146453,structural_group,unstratified,8675309
4843,12,0.0,-0.004740601087661012,structural_group,unstratified,8675309
4844,12,-0.3632920944472855,-0.3333018795266863,structural_group,unstratified,8675309
4845,12,0.0,-0.06357396050818961,structural_group,unstratified,8675309
4846,12,0.0,-0.0657072666733556,structural_group,unstratified,8675309
4847,12,-0.008461049547044103,-0.11865705947694231,structural_group,unstratified,8675309
4848,12,0.0,-0.0044354530248160405,structural_group,unstratified,8675309
4849,12,-0.005658969592345277,-0.06540679425164998,structural_group,unstratified,8675309
4850,12,0.0,-0.004175638418560001,structural_group,unstratified,8675309
4851,12,-0.00032093672392834866,-0.06160957109783396,structural_group,unstratified,8675309
4852,12,0.0,0.0010128554791115265,structural_group,unstratified,8675309
4853,12,-0.0031230166786271746,-0.013949812844117513,structural_group,unstratified,8675309
4854,12,-0.0031230166786271746,-0.06183981438475156,structural_group,unstratified,8675309
4855,12,0.0,-0.004012794205863024,structural_group,unstratified,8675309
4856,12,-0.006246033357254349,-0.11899167347662602,structural_group,unstratified,8675309
4857,12,0.0,-0.06481759452861943,structural_group,unstratified,8675309
4858,12,-0.0006418734478566973,-0.12172484650350916,structural_group,unstratified,8675309
4859,12,0.0,-0.06533809730839063,structural_group,unstratified,8675309
4860,12,-0.006246033357254349,-0.012941097751744639,structural_group,unstratified,8675309
4861,12,0.0,-0.16523658116469575,structural_group,unstratified,8675309
4862,12,-0.005658969592345277,-0.016999114461575506,structural_group,unstratified,8675309
4863,12,-0.00032093672392834866,-0.060075677584550534,structural_group,unstratified,8675309
4864,12,0.0,-0.11090422826263187,structural_group,unstratified,8675309
4865,12,-0.006246033357254349,-0.013715342595658523,structural_group,unstratified,8675309
4866,12,0.0,-0.01493136179005819,structural_group,unstratified,8675309
4867,12,-0.01907392419508638,-0.1755154976389833,structural_group,unstratified,8675309
4868,12,-0.008461049547044103,-0.06776211164600818,structural_group,unstratified,8675309
4869,12,-0.00032093672392834866,-0.013747289765729776,structural_group,unstratified,8675309
4870,12,-0.00032093672392834866,-0.06872201292553236,structural_group,unstratified,8675309
4871,12,-0.005658969592345277,-0.11866173511808165,structural_group,unstratified,8675309
4872,12,-0.0006418734478566973,-0.0083826126924643,structural_group,unstratified,8675309
4873,12,-0.006246033357254349,-0.06614700847020684,structural_group,unstratified,8675309
4874,12,-0.021288940384876134,-0.017153883721439462,structural_group,unstratified,8675309
4875,12,-0.00032093672392834866,-0.008979417149136871,structural_group,unstratified,8675309
4876,12,0.0,-0.009756037843783557,structural_group,unstratified,8675309
4877,12,-0.0006418734478566973,-0.006174169406893765,structural_group,unstratified,8675309
4878,12,-0.005338032868416928,-0.06778938317494006,structural_group,unstratified,8675309
4879,12,0.0,-0.05498133095631664,structural_group,unstratified,8675309
4880,12,0.0,-0.10970571136367019,structural_group,unstratified,8675309
4881,12,-0.0034439534025555232,-0.11366501611554514,structural_group,unstratified,8675309
4882,12,-0.006246033357254349,-0.11658418887513684,structural_group,unstratified,8675309
4883,12,0.0,-0.06450191461764253,structural_group,unstratified,8675309
4884,12,0.0,-0.009530015988170722,structural_group,unstratified,8675309
4885,12,-0.0034439534025555232,-0.0141938667193324,structural_group,unstratified,8675309
4886,12,-0.03190181503291841,-0.13487562420801338,structural_group,unstratified,8675309
4887,12,-0.0006418734478566973,-0.06472432082644092,structural_group,unstratified,8675309
4888,12,0.0,-0.008693833297422624,structural_group,unstratified,8675309
4889,12,-0.036226347372473364,-0.08512548748693209,structural_group,unstratified,8675309
4890,12,-0.05477133693621747,-0.2818817532748416,structural_group,unstratified,8675309
4891,12,-0.010676065736833856,-0.12533256523042324,structural_group,unstratified,8675309
4892,12,-0.036226347372473364,-0.1316623138213616,structural_group,unstratified,8675309
4893,12,-0.005338032868416928,-0.06943870398904577,structural_group,unstratified,8675309
4894,12,0.0,-0.00987614078574519,structural_group,unstratified,8675309
4895,12,-0.008461049547044103,-0.06927815956675536,structural_group,unstratified,8675309
4896,12,-0.016271844240387554,-0.06767588943570184,structural_group,unstratified,8675309
4897,12,-0.0006418734478566973,-0.06377878337698391,structural_group,unstratified,8675309
4898,12,-0.005658969592345277,-0.06610265396337672,structural_group,unstratified,8675309
4899,12,-0.01907392419508638,-0.0753144579056868,structural_group,unstratified,8675309
4900,12,-0.0006418734478566973,-0.010296423753965403,structural_group,unstratified,8675309
4901,12,-0.00032093672392834866,-0.1722830208191475,structural_group,unstratified,8675309
4902,12,-0.00032093672392834866,-0.0076703056953846315,structural_group,unstratified,8675309
4903,12,0.0,-0.008809260598244897,structural_group,unstratified,8675309
4904,12,-0.03190181503291841,-0.0734091245592053,structural_group,unstratified,8675309
4905,12,-0.0034439534025555232,-0.022562541861521925,structural_group,unstratified,8675309
4906,12,-0.05477133693621747,-0.09124758867874538,structural_group,unstratified,8675309
4907,12,-0.006246033357254349,-0.06566064726841375,structural_group,unstratified,8675309
4908,12,-0.006246033357254349,-0.06256514003331705,structural_group,unstratified,8675309
4909,12,0.0,-0.06358470869144232,structural_group,unstratified,8675309
4910,12,-0.0034439534025555232,-0.01865012375136081,structural_group,unstratified,8675309
4911,12,0.0,-0.051021047254682865,structural_group,unstratified,8675309
4912,12,-0.006246033357254349,-0.12181300227539953,structural_group,unstratified,8675309
4913,12,-0.005658969592345277,-0.07018805315476057,structural_group,unstratified,8675309
4914,12,-0.00032093672392834866,-0.0073584278582879735,structural_group,unstratified,8675309
4915,12,-0.0034439534025555232,-0.012104915060996544,structural_group,unstratified,8675309
4916,12,-0.021288940384876134,-0.12510284668342989,structural_group,unstratified,8675309
4917,12,0.0,-0.0588441076037813,structural_group,unstratified,8675309
4918,12,-0.020596376579942503,-0.02851211065171044,structural_group,unstratified,8675309
4919,12,-0.010676065736833856,-0.17221516753509233,structural_group,unstratified,8675309
4920,12,-0.021288940384876134,-0.12435756184412748,structural_group,unstratified,8675309
4921,12,-0.0034439534025555232,-0.06643726796306045,structural_group,unstratified,8675309
4922,12,-0.010676065736833856,-0.12429155967088085,structural_group,unstratified,8675309
4923,12,-0.0034439534025555232,-0.12273401027547996,structural_group,unstratified,8675309
4924,12,-0.00032093672392834866,-0.008760230450275415,structural_group,unstratified,8675309
4925,12,-0.005658969592345277,-0.0633640197091072,structural_group,unstratified,8675309
4926,12,-0.005338032868416928,-0.019435192838853654,structural_group,unstratified,8675309
4927,12,-0.021288940384876134,-0.12807825097656492,structural_group,unstratified,8675309
4928,12,-0.0034439534025555232,-0.008557818324508767,structural_group,unstratified,8675309
4929,12,-0.0031230166786271746,-0.117750415306929,structural_group,unstratified,8675309
4930,12,-0.01907392419508638,-0.1282295843913712,structural_group,unstratified,8675309
4931,12,-0.01907392419508638,-0.07583496068545802,structural_group,unstratified,8675309
4932,12,-0.0034439534025555232,-0.06573348459841176,structural_group,unstratified,8675309
4933,12,-0.008461049547044103,-0.12092245656340424,structural_group,unstratified,8675309
4934,12,0.0,-0.00043103115147292634,structural_group,unstratified,8675309
4935,12,-0.021288940384876134,-0.07382710773701896,structural_group,unstratified,8675309
4936,12,-0.008461049547044103,-0.06512815650930821,structural_group,unstratified,8675309
4937,12,-0.006246033357254349,-0.00583879279257201,structural_group,unstratified,8675309
4938,12,-0.036226347372473364,-0.02778712830024321,structural_group,unstratified,8675309
4939,12,-0.006246033357254349,-0.11211415057698458,structural_group,unstratified,8675309
4940,12,-0.006246033357254349,-0.005591885885180704,structural_group,unstratified,8675309
4941,12,-0.006246033357254349,-0.12165015806270253,structural_group,unstratified,8675309
4942,12,-0.0006418734478566973,-0.06674687533192399,structural_group,unstratified,8675309
4943,12,0.0,-0.05277911151277053,structural_group,unstratified,8675309
4944,12,-0.006246033357254349,-0.06618352589891777,structural_group,unstratified,8675309
4945,12,-0.006246033357254349,-0.11325756478586341,structural_group,unstratified,8675309
4946,12,-0.00032093672392834866,-0.11670703389665378,structural_group,unstratified,8675309
4947,12,-0.010676065736833856,-0.06765552771763823,structural_group,unstratified,8675309
4948,12,-0.0034439534025555232,-0.008335195780589595,structural_group,unstratified,8675309
4949,12,0.0,-0.0009454613891307697,structural_group,unstratified,8675309
4950,12,0.0,-0.010602968717784366,structural_group,unstratified,8675309
4951,12,-0.010676065736833856,-0.1213690335170069,structural_group,unstratified,8675309
4952,12,-0.0006418734478566973,-0.05975999767357363,structural_group,unstratified,8675309
4953,12,-0.0006418734478566973,-0.059495507426178235,structural_group,unstratified,8675309
4954,12,-0.008461049547044103,-0.112380800339992,structural_group,unstratified,8675309
4955,12,-0.00032093672392834866,-0.059840758656493576,structural_group,unstratified,8675309
4956,12,0.0,-0.0612146324874108,structural_group,unstratified,8675309
4957,12,-0.006246033357254349,-0.07129223635721882,structural_group,unstratified,8675309
4958,12,-0.03190181503291841,-0.07430574281331394,structural_group,unstratified,8675309
4959,12,-0.008461049547044103,-0.12218217164036448,structural_group,unstratified,8675309
4960,12,-0.0034439534025555232,-0.010336102619656163,structural_group,unstratified,8675309
4961,12,-0.0034439534025555232,-0.11770138515895952,structural_group,unstratified,8675309
4962,12,-0.00032093672392834866,-0.010184769204849927,structural_group,unstratified,8675309
4963,12,-0.00032093672392834866,-0.014784598633891621,structural_group,unstratified,8675309
4964,12,-0.005658969592345277,-0.1162256567408035,structural_group,unstratified,8675309
4965,12,-0.008461049547044103,-0.0675083695818655,structural_group,unstratified,8675309
4966,12,-0.006246033357254349,-0.12422048687688869,structural_group,unstratified,8675309
4967,12,-0.00032093672392834866,-0.11777206297334548,structural_group,unstratified,8675309
4968,12,-0.0034439534025555232,-0.014861132655270169,structural_group,unstratified,8675309
4969,12,-0.0034439534025555232,-0.013539113502653195,structural_group,unstratified,8675309
4970,12,-0.010676065736833856,-0.06435599512068009,structural_group,unstratified,8675309
4971,12,-0.0006418734478566973,-0.06544507621636675,structural_group,unstratified,8675309
4972,12,-0.006246033357254349,-0.0678498187383006,structural_group,unstratified,8675309
4973,12,-0.01907392419508638,-0.17179480850654585,structural_group,unstratified,8675309
4974,12,-0.036226347372473364,-0.07939053513696537,structural_group,unstratified,8675309
4975,12,-0.010676065736833856,-0.11989892896136628,structural_group,unstratified,8675309
4976,12,-0.01907392419508638,-0.07736190808936895,structural_group,unstratified,8675309
4977,12,-0.008461049547044103,-0.022179008666489804,structural_group,unstratified,8675309
4978,12,-0.021288940384876134,-0.02244587476461801,structural_group,unstratified,8675309
4979,12,-0.0006418734478566973,-0.0700726258539383,structural_group,unstratified,8675309
4980,12,-0.03190181503291841,-0.17806700331708372,structural_group,unstratified,8675309
4981,12,0.0,-0.10971178390578352,structural_group,unstratified,8675309
4982,12,-0.00032093672392834866,-0.009094844449959142,structural_group,unstratified,8675309
4983,12,-0.021288940384876134,-0.02244587476461801,structural_group,unstratified,8675309
4984,12,-0.00032093672392834866,-0.06172906272506864,structural_group,unstratified,8675309
4985,12,-0.006246033357254349,-0.012290803841084011,structural_group,unstratified,8675309
4986,12,-0.008461049547044103,-0.06941143246011387,structural_group,unstratified,8675309
4987,12,-0.01907392419508638,-0.07730841863538089,structural_group,unstratified,8675309
4988,12,-0.025613472724431083,-0.0759963200161689,structural_group,unstratified,8675309
4989,12,-0.006246033357254349,-0.11999070038007109,structural_group,unstratified,8675309
4990,12,-0.006246033357254349,-0.06311758998315949,structural_group,unstratified,8675309
4991,12,-0.021288940384876134,-0.07362685512686433,structural_group,unstratified,8675309
4992,12,-0.008461049547044103,-0.06960700942912916,structural_group,unstratified,8675309
4993,12,-0.0034439534025555232,-0.021775172983622526,structural_group,unstratified,8675309
4994,12,-0.0006418734478566973,-0.016145959745550272,structural_group,unstratified,8675309
4995,12,-0.006246033357254349,-0.014411813622112211,structural_group,unstratified,8675309
4996,12,-0.008461049547044103,-0.024693472175955102,structural_group,unstratified,8675309
4997,12,-0.036226347372473364,-0.07831758240735172,structural_group,unstratified,8675309
4998,12,-0.0006418734478566973,-0.06457061156090188,structural_group,unstratified,8675309
4999,12,0.0,-0.006675954433078918,structural_group,unstratified,8675309
5000,12,-0.008461049547044103,-0.12334602222142384,structural_group,unstratified,8675309
5001,12,-0.010676065736833856,-0.01828979775884818,structural_group,unstratified,8675309
5002,12,0.0,-0.004473734989532809,structural_group,unstratified,8675309
5003,12,0.0,-0.0044354530248160405,structural_group,unstratified,8675309
5004,12,-0.00032093672392834866,-0.013747289765729776,structural_group,unstratified,8675309
5005,12,0.0,-0.056327268243583216,structural_group,unstratified,8675309
5006,12,-0.008461049547044103,-0.01674537239743282,structural_group,unstratified,8675309
5007,12,-0.005658969592345277,-0.1693860016581996,structural_group,unstratified,8675309
5008,12,-0.008461049547044103,-0.22558033532128272,structural_group,unstratified,8675309
5009,12,-0.0034439534025555232,-0.06952809955701779,structural_group,unstratified,8675309
5010,12,-0.008461049547044103,-0.017468427577765202,structural_group,unstratified,8675309
5011,12,0.0,-0.011418931371472733,structural_group,unstratified,8675309
5012,12,0.0,-0.058178606203849396,structural_group,unstratified,8675309
5013,12,0.0,-0.006338515903064429,structural_group,unstratified,8675309
5014,12,-0.00032093672392834866,-0.11858052545556375,structural_group,unstratified,8675309
5015,12,-0.010676065736833856,-0.01978762252301865,structural_group,unstratified,8675309
5016,12,-0.010676065736833856,-0.021397817713203454,structural_group,unstratified,8675309
5017,12,-0.021288940384876134,-0.1263441048531269,structural_group,unstratified,8675309
5018,12,-0.00032093672392834866,-0.00781936864195776,structural_group,unstratified,8675309
5019,12,-0.01907392419508638,-0.17780013721895552,structural_group,unstratified,8675309
5020,12,0.0,0.0007766206946466861,structural_group,unstratified,8675309
5021,12,-0.008461049547044103,-0.06833847973050024,structural_group,unstratified,8675309
5022,12,-0.006246033357254349,-0.06288081994429395,structural_group,unstratified,8675309
5023,12,0.0,-0.005160884055881225,structural_group,unstratified,8675309
5024,12,-0.021288940384876134,-0.02220672887501966,structural_group,unstratified,8675309
5025,12,0.0,-0.06154533346059319,structural_group,unstratified,8675309
5026,12,-0.05477133693621747,-0.040640600550258324,structural_group,unstratified,8675309
5027,12,-0.008461049547044103,-0.06634082090321625,structural_group,unstratified,8675309
5028,12,0.0,-0.009882213327858541,structural_group,unstratified,8675309
5029,12,-0.00032093672392834866,-0.05543522024811426,structural_group,unstratified,8675309
5030,12,-0.00032093672392834866,-0.010553938569814883,structural_group,unstratified,8675309
5031,12,-0.00032093672392834866,-0.00814199466230713,structural_group,unstratified,8675309
5032,12,-0.0006418734478566973,-0.008941135184420102,structural_group,unstratified,8675309
5033,12,-0.0034439534025555232,-0.009031666807043285,structural_group,unstratified,8675309
5034,12,-0.016271844240387554,-0.07582194203397218,structural_group,unstratified,8675309
5035,12,-0.00032093672392834866,-0.06420381804666973,structural_group,unstratified,8675309
5036,12,-0.01907392419508638,-0.02105724212402746,structural_group,unstratified,8675309
5037,12,-0.005658969592345277,-0.11983936696526487,structural_group,unstratified,8675309
5038,12,-0.00032093672392834866,-0.005421572229396381,structural_group,unstratified,8675309
5039,12,-0.021288940384876134,-0.07180922887267525,structural_group,unstratified,8675309
5040,12,0.0,-0.10757847774061756,structural_group,unstratified,8675309
5041,12,-0.0034439534025555232,-0.12066264195714822,structural_group,unstratified,8675309
5042,12,-0.005658969592345277,-0.17245193757395785,structural_group,unstratified,8675309
5043,12,-0.021288940384876134,-0.07665812472472028,structural_group,unstratified,8675309
5044,12,-0.010676065736833856,-0.019604109593663984,structural_group,unstratified,8675309
5045,12,-0.03190181503291841,-0.027474435554726062,structural_group,unstratified,8675309
5046,12,-0.006246033357254349,-0.06484988499578896,structural_group,unstratified,8675309
5047,12,-0.00032093672392834866,-0.11858052545556375,structural_group,unstratified,8675309
5048,12,-0.01907392419508638,-0.019781660933526384,structural_group,unstratified,8675309
5049,12,-0.025613472724431083,-0.1815758180888547,structural_group,unstratified,8675309
5050,12,-0.006246033357254349,-0.06902913906116341,structural_group,unstratified,8675309
5051,12,-0.008461049547044103,-0.068482867035934,structural_group,unstratified,8675309
5052,12,-0.0034439534025555232,-0.064614966067732,structural_group,unstratified,8675309
5053,12,-0.021288940384876134,-0.07458675640638851,structural_group,unstratified,8675309
5054,12,-0.0006418734478566973,-0.05727042984230742,structural_group,unstratified,8675309
5055,12,0.0,-0.012476460276694306,structural_group,unstratified,8675309
5056,12,-0.005338032868416928,-0.014231886431517007,structural_group,unstratified,8675309
5057,12,-0.021288940384876134,-0.1756309249398056,structural_group,unstratified,8675309
5058,12,-0.008461049547044103,-0.07115165112566528,structural_group,unstratified,8675309
5059,12,-0.008461049547044103,-0.172396072269237,structural_group,unstratified,8675309
5060,12,-0.0034439534025555232,-0.11964317868152263,structural_group,unstratified,8675309
5061,12,-0.036226347372473364,-0.08324362359550225,structural_group,unstratified,8675309
5062,12,0.0,-0.11286685313698165,structural_group,unstratified,8675309
5063,12,0.0,-0.07779663094798257,structural_group,unstratified,8675309
5064,12,-0.03190181503291841,-0.08143294345068565,structural_group,unstratified,8675309
5065,12,-0.010676065736833856,-0.07353869935497394,structural_group,unstratified,8675309
5066,12,-0.0006418734478566973,-0.16984694244186938,structural_group,unstratified,8675309
5067,12,-0.0006418734478566973,-0.11935477029947761,structural_group,unstratified,8675309
5068,12,-0.008461049547044103,-0.06455178842481614,structural_group,unstratified,8675309
5069,12,-0.008461049547044103,-0.06946024627296257,structural_group,unstratified,8675309
5070,12,-0.010676065736833856,-0.07344075001165608,structural_group,unstratified,8675309
5071,12,-0.0006418734478566973,-0.008571965819455143,structural_group,unstratified,8675309
5072,12,-0.03190181503291841,-0.07541263959348186,structural_group,unstratified,8675309
5073,12,-0.025613472724431083,-0.07654876996601136,structural_group,unstratified,8675309
5074,12,-0.016271844240387554,-0.22332428951709946,structural_group,unstratified,8675309
5075,12,-0.006246033357254349,-0.020642290622875613,structural_group,unstratified,8675309
5076,12,0.0,-0.00805383889041675,structural_group,unstratified,8675309
5077,12,-0.016271844240387554,-0.07267762098602677,structural_group,unstratified,8675309
5078,12,-0.0034439534025555232,-0.06366211628007999,structural_group,unstratified,8675309
5079,12,-0.0031230166786271746,-0.0685978456571583,structural_group,unstratified,8675309
5080,12,0.0,-0.008712505133597288,structural_group,unstratified,8675309
5081,12,-0.00032093672392834866,-0.013482799518334374,structural_group,unstratified,8675309
5082,12,-0.04055087971202831,-0.1821669986830119,structural_group,unstratified,8675309
5083,12,0.0,-0.0033216101352756488,structural_group,unstratified,8675309
5084,12,-0.0006418734478566973,-0.011456472261144513,structural_group,unstratified,8675309
5085,12,0.0,-0.0680773428773871,structural_group,unstratified,8675309
5086,12,-0.00032093672392834866,-0.0680261532138056,structural_group,unstratified,8675309
5087,12,-0.021288940384876134,-0.12524723398886362,structural_group,unstratified,8675309
5088,12,-0.0034439534025555232,-0.06471017333149455,structural_group,unstratified,8675309
5089,12,0.0,-0.1684179443812763,structural_group,unstratified,8675309
5090,12,-0.005658969592345277,-0.07198176127430003,structural_group,unstratified,8675309
5091,12,-0.008461049547044103,-0.1282568559203031,structural_group,unstratified,8675309
5092,12,0.0,-0.007641711919595663,structural_group,unstratified,8675309
5093,12,-0.00032093672392834866,-0.11468915503231009,structural_group,unstratified,8675309
5094,12,-0.0034439534025555232,-0.01873783084365323,structural_group,unstratified,8675309
5095,12,-0.010676065736833856,-0.07416855689345407,structural_group,unstratified,8675309
5096,12,-0.010676065736833856,-0.22440953863085086,structural_group,unstratified,8675309
5097,12,-0.006246033357254349,-0.06438981777937829,structural_group,unstratified,8675309
5098,12,-0.03190181503291841,-0.1299005528718934,structural_group,unstratified,8675309
5099,12,0.0,-0.010578073039585278,structural_group,unstratified,8675309
5100,12,-0.010676065736833856,-0.0727859967949769,structural_group,unstratified,8675309
5101,12,-0.005658969592345277,-0.06775197477748242,structural_group,unstratified,8675309
5102,12,-0.0006418734478566973,-0.009988580921107703,structural_group,unstratified,8675309
5103,12,-0.00032093672392834866,-0.11481080617515681,structural_group,unstratified,8675309
5104,12,-0.0031230166786271746,-0.07071824412345956,structural_group,unstratified,8675309
5105,12,-0.0034439534025555232,-0.011665621943743256,structural_group,unstratified,8675309
5106,12,-0.006246033357254349,-0.01306120069370627,structural_group,unstratified,8675309
5107,12,-0.00032093672392834866,-0.009094844449959142,structural_group,unstratified,8675309
5108,12,-0.008461049547044103,-0.12047936137227071,structural_group,unstratified,8675309
5109,12,-0.0031230166786271746,-0.0678919027768976,structural_group,unstratified,8675309
5110,12,-0.0031230166786271746,-0.013837210073626004,structural_group,unstratified,8675309
5111,12,-0.006246033357254349,-0.06550463821246816,structural_group,unstratified,8675309
5112,12,-0.010676065736833856,-0.07463557021923721,structural_group,unstratified,8675309
5113,12,-0.03190181503291841,-0.0775059291659802,structural_group,unstratified,8675309
5114,12,-0.036226347372473364,-0.07939053513696538,structural_group,unstratified,8675309
5115,12,-0.016271844240387554,-0.0688660340021436,structural_group,unstratified,8675309
5116,12,-0.005338032868416928,-0.013750114296060538,structural_group,unstratified,8675309
5117,12,-0.010676065736833856,-0.023061734701853492,structural_group,unstratified,8675309
5118,12,-0.00032093672392834866,-0.00958350544215878,structural_group,unstratified,8675309
5119,12,-0.0006418734478566973,-0.0635466889792577,structural_group,unstratified,8675309
5120,12,0.0,-0.0023784485365514357,structural_group,unstratified,8675309
5121,12,-0.010676065736833856,-0.0731870079475134,structural_group,unstratified,8675309
5122,12,-0.0034439534025555232,-0.015213329994957987,structural_group,unstratified,8675309
5123,12,-0.05477133693621747,-0.1369183987505562,structural_group,unstratified,8675309
5124,12,-0.00032093672392834866,-0.01787825475817973,structural_group,unstratified,8675309
5125,12,0.0,-0.11433933354335508,structural_group,unstratified,8675309
5126,12,-0.005658969592345277,-0.06361308613211052,structural_group,unstratified,8675309
5127,12,-0.02339845653464133,-0.12765321630687912,structural_group,unstratified,8675309
5128,12,-0.0034439534025555232,-0.07166608136332313,structural_group,unstratified,8675309
5129,12,-0.0034439534025555232,-0.011546130316508578,structural_group,unstratified,8675309
5130,12,-0.0034439534025555232,-0.1226805208214919,structural_group,unstratified,8675309
5131,12,-0.010676065736833856,-0.019081230963159983,structural_group,unstratified,8675309
5132,12,-0.0034439534025555232,-0.12201325488555415,structural_group,unstratified,8675309
5133,12,-0.0006418734478566973,-0.11284641676480116,structural_group,unstratified,8675309
5134,12,-0.008461049547044103,-0.07197708563316067,structural_group,unstratified,8675309
5135,12,-0.00032093672392834866,-0.010391967924377025,structural_group,unstratified,8675309
5136,12,0.0,-0.10925551876325311,structural_group,unstratified,8675309
5137,12,-0.0006418734478566973,-0.0067721851578023224,structural_group,unstratified,8675309
5138,12,-0.0034439534025555232,-0.06592751336654196,structural_group,unstratified,8675309
5139,12,-0.010676065736833856,-0.017207739404250043,structural_group,unstratified,8675309
5140,12,-0.0006418734478566973,-0.05845212601590304,structural_group,unstratified,8675309
5141,12,-0.0006418734478566973,-0.014029625605661433,structural_group,unstratified,8675309
5142,12,-0.00032093672392834866,-0.062076584423617104,structural_group,unstratified,8675309
5143,12,-0.016271844240387554,-0.07317420563114835,structural_group,unstratified,8675309
5144,12,-0.008461049547044103,-0.11715968339236978,structural_group,unstratified,8675309
5145,12,-0.006246033357254349,-0.06169305122858499,structural_group,unstratified,8675309
5146,12,-0.006246033357254349,-0.11962153101510614,structural_group,unstratified,8675309
5147,12,-0.008461049547044103,-0.019889693445378227,structural_group,unstratified,8675309
5148,12,-0.008461049547044103,-0.1128524893069145,structural_group,unstratified,8675309
5149,12,-0.005658969592345277,-0.11420777787645982,structural_group,unstratified,8675309
5150,12,-0.005338032868416928,-0.06220898374971651,structural_group,unstratified,8675309
5151,12,-0.0034439534025555232,-0.01714261079826254,structural_group,unstratified,8675309
5152,12,-0.005338032868416928,-0.015543822415600006,structural_group,unstratified,8675309
5153,12,-0.008461049547044103,-0.01616900431294076,structural_group,unstratified,8675309
5154,12,-0.008461049547044103,-0.11870432508890592,structural_group,unstratified,8675309
5155,12,-0.00032093672392834866,-0.010863656891299521,structural_group,unstratified,8675309
5156,12,0.0,-0.012676712886848934,structural_group,unstratified,8675309
5157,12,-0.008461049547044103,-0.27410988258932467,structural_group,unstratified,8675309
5158,12,-0.008461049547044103,-0.06413358891188171,structural_group,unstratified,8675309
5159,12,-0.0034439534025555232,-0.11473796884515879,structural_group,unstratified,8675309
5160,12,0.0,-0.05279431900204182,structural_group,unstratified,8675309
5161,12,-0.005658969592345277,-0.012050872365238621,structural_group,unstratified,8675309
5162,12,0.0,-0.1089290906690235,structural_group,unstratified,8675309
5163,12,0.0,-0.010579050583134757,structural_group,unstratified,8675309
5164,12,0.0,-0.014270168396233775,structural_group,unstratified,8675309
5165,12,0.0,-0.004324701365133129,structural_group,unstratified,8675309
5166,12,-0.008461049547044103,-0.17054887469570945,structural_group,unstratified,8675309
5167,12,-0.008461049547044103,-0.025160485501738234,structural_group,unstratified,8675309
5168,12,0.0,-0.06481759452861945,structural_group,unstratified,8675309
5169,12,-0.005658969592345277,-0.0671221172390023,structural_group,unstratified,8675309
5170,12,-0.0006418734478566973,-0.0091483339039472,structural_group,unstratified,8675309
5171,12,0.0,-0.006502362037129228,structural_group,unstratified,8675309
5172,12,-0.021288940384876134,-0.02122615887883779,structural_group,unstratified,8675309
5173,12,-0.008461049547044103,-0.11975155449047271,structural_group,unstratified,8675309
5174,12,-0.00032093672392834866,-0.012425270613112804,structural_group,unstratified,8675309
5175,12,-0.008461049547044103,-0.06764262001877351,structural_group,unstratified,8675309
5176,12,-0.008461049547044103,-0.012406231141906284,structural_group,unstratified,8675309
5177,12,0.0,-0.0551769079253319,structural_group,unstratified,8675309
5178,12,-0.010676065736833856,-0.01776929497907698,structural_group,unstratified,8675309
5179,12,-0.006246033357254349,-0.011254368540181284,structural_group,unstratified,8675309
5180,12,-0.03190181503291841,-0.1307367355626415,structural_group,unstratified,8675309
5181,12,-0.006246033357254349,-0.020241279470339095,structural_group,unstratified,8675309
5182,12,-0.0031230166786271746,-0.06777241114966294,structural_group,unstratified,8675309
5183,12,-0.036226347372473364,-0.13281417642308657,structural_group,unstratified,8675309
5184,12,0.0,-0.011586788131958152,structural_group,unstratified,8675309
5185,12,0.0,-0.11127339762759682,structural_group,unstratified,8675309
5186,12,0.0,-0.007223728741782007,structural_group,unstratified,8675309
5187,12,-0.006246033357254349,-0.02371836340715963,structural_group,unstratified,8675309
5188,12,0.0,-0.0030360262835614025,structural_group,unstratified,8675309
5189,12,0.0,-0.0005999479062832562,structural_group,unstratified,8675309
5190,12,-0.03190181503291841,-0.07472840163226695,structural_group,unstratified,8675309
5191,12,-0.00032093672392834866,-0.06728050214568071,structural_group,unstratified,8675309
5192,12,-0.036226347372473364,-0.13247695422819286,structural_group,unstratified,8675309
5193,12,-0.0031230166786271746,-0.05803553973906337,structural_group,unstratified,8675309
5194,12,-0.008461049547044103,-0.01485936811926432,structural_group,unstratified,8675309
5195,12,0.0,-0.06273777781744151,structural_group,unstratified,8675309
5196,12,-0.0006418734478566973,-0.06527907056668993,structural_group,unstratified,8675309
5197,12,-0.0034439534025555232,-0.16685395480873022,structural_group,unstratified,8675309
5198,12,-0.0006418734478566973,-0.06073043080122973,structural_group,unstratified,8675309
5199,12,-0.005338032868416928,-0.06883744022635463,structural_group,unstratified,8675309
5200,12,0.0,-0.003240849152355698,structural_group,unstratified,8675309
5201,12,-0.008461049547044103,-0.017978793489010637,structural_group,unstratified,8675309
5202,12,-0.00032093672392834866,-0.017157499368253906,structural_group,unstratified,8675309
5203,12,-0.010676065736833856,-0.06787753894683045,structural_group,unstratified,8675309
5204,12,-0.005338032868416928,-0.021805269042885184,structural_group,unstratified,8675309
5205,12,-0.0006418734478566973,-0.008449226180437875,structural_group,unstratified,8675309
5206,12,-0.010676065736833856,-0.16949905310828908,structural_group,unstratified,8675309
5207,12,-0.0034439534025555232,-0.011281640069113178,structural_group,unstratified,8675309
5208,12,-0.006246033357254349,-0.11822188793873069,structural_group,unstratified,8675309
5209,12,-0.0034439534025555232,-0.012843253790926462,structural_group,unstratified,8675309
5210,12,-0.03190181503291841,-0.07894743994583185,structural_group,unstratified,8675309
5211,12,0.0,-0.06399216002112405,structural_group,unstratified,8675309
5212,12,-0.010676065736833856,-0.07468905967322526,structural_group,unstratified,8675309
5213,12,-0.0034439534025555232,-0.06794539223088567,structural_group,unstratified,8675309
5214,12,0.0,-0.005811177966541853,structural_group,unstratified,8675309
5215,12,-0.0031230166786271746,-0.11727872634000651,structural_group,unstratified,8675309
5216,12,-0.0034439534025555232,-0.06747370326396317,structural_group,unstratified,8675309
5217,12,-0.005658969592345277,-0.01819155881842383,structural_group,unstratified,8675309
5218,12,-0.01907392419508638,-0.12282216604737035,structural_group,unstratified,8675309
5219,12,0.0,-0.06120388430415808,structural_group,unstratified,8675309
5220,12,0.0,-0.1150600889332809,structural_group,unstratified,8675309
5221,12,-0.0034439534025555232,-0.06210050255826671,structural_group,unstratified,8675309
5222,12,-0.006246033357254349,-0.12479447911064796,structural_group,unstratified,8675309
5223,12,-0.0031230166786271746,-0.05908359679047794,structural_group,unstratified,8675309
5224,12,0.0,-0.003492291426091828,structural_group,unstratified,8675309
5225,12,-0.00032093672392834866,-0.009007137357666723,structural_group,unstratified,8675309
5226,12,-0.0006418734478566973,-0.011405807337487217,structural_group,unstratified,8675309
5227,12,0.0,-0.011560494146575737,structural_group,unstratified,8675309
5228,12,-0.04055087971202831,-0.13223173579648118,structural_group,unstratified,8675309
5229,12,-0.0006418734478566973,-0.0585056154698911,structural_group,unstratified,8675309
5230,12,-0.008461049547044103,-0.013479183871519926,structural_group,unstratified,8675309
5231,12,-0.0034439534025555232,-0.018671171438268276,structural_group,unstratified,8675309
5232,12,0.0,-0.0037290614649573756,structural_group,unstratified,8675309
5233,12,-0.008461049547044103,-0.12521951378033377,structural_group,unstratified,8675309
5234,12,-0.00032093672392834866,-0.01137721356169825,structural_group,unstratified,8675309
5235,12,-0.00032093672392834866,-0.012674337036116132,structural_group,unstratified,8675309
5236,12,-0.010676065736833856,-0.070670273969815,structural_group,unstratified,8675309
5237,12,-0.016271844240387554,-0.07612064991967193,structural_group,unstratified,8675309
5238,12,-0.0031230166786271746,-0.0649306459787089,structural_group,unstratified,8675309
5239,12,0.0,-0.11512432657052167,structural_group,unstratified,8675309
5240,12,-0.016271844240387554,-0.06958678939206943,structural_group,unstratified,8675309
5241,12,-0.006246033357254349,-0.061848843949409794,structural_group,unstratified,8675309
5242,12,-0.008461049547044103,-0.015621230004237674,structural_group,unstratified,8675309
5243,12,-0.0034439534025555232,-0.062153992012254765,structural_group,unstratified,8675309
5244,12,-0.0034439534025555232,-0.011753329036035676,structural_group,unstratified,8675309
5245,12,0.0,-0.11106707247532883,structural_group,unstratified,8675309
5246,12,-0.0006418734478566973,-0.004640275893610335,structural_group,unstratified,8675309
5247,12,-0.021288940384876134,-0.17268685650201485,structural_group,unstratified,8675309
5248,12,-0.03190181503291841,-0.07828624655200746,structural_group,unstratified,8675309
5249,12,-0.00032093672392834866,-0.012554845408881452,structural_group,unstratified,8675309
5250,12,-0.0034439534025555232,-0.06747370326396317,structural_group,unstratified,8675309
5251,12,-0.0034439534025555232,-0.06394770013179425,structural_group,unstratified,8675309
5252,12,-0.036226347372473364,-0.13554289014395113,structural_group,unstratified,8675309
5253,12,-0.03190181503291841,-0.12577241240977416,structural_group,unstratified,8675309
5254,12,-0.00032093672392834866,-0.011928685967991216,structural_group,unstratified,8675309
5255,12,-0.010676065736833856,-0.06922815187523639,structural_group,unstratified,8675309
5256,12,-0.008461049547044103,-0.06830988595471127,structural_group,unstratified,8675309
5257,12,-0.008461049547044103,-0.017920628393883222,structural_group,unstratified,8675309
5258,12,-0.03190181503291841,-0.1267003665192271,structural_group,unstratified,8675309
5259,12,0.0,-0.007217656199668655,structural_group,unstratified,8675309
5260,12,-0.010676065736833856,-0.07116862315094243,structural_group,unstratified,8675309
5261,12,0.0,-0.008405424915377617,structural_group,unstratified,8675309
5262,12,-0.006246033357254349,-0.07181273913699,structural_group,unstratified,8675309
5263,12,-0.00032093672392834866,-0.007791648433427907,structural_group,unstratified,8675309
5264,12,-0.008461049547044103,-0.12516602432634574,structural_group,unstratified,8675309
5265,12,0.0,-0.057099213297090536,structural_group,unstratified,8675309
5266,12,-0.00032093672392834866,-0.11551458953980548,structural_group,unstratified,8675309
5267,12,-0.010676065736833856,-0.0688146280034413,structural_group,unstratified,8675309
5268,12,-0.03190181503291841,-0.07288120405873942,structural_group,unstratified,8675309
5269,12,-0.010676065736833856,-0.02303039884650919,structural_group,unstratified,8675309
5270,12,-0.010676065736833856,-0.12610918592506995,structural_group,unstratified,8675309
5271,12,-0.005658969592345277,-0.06930046446531019,structural_group,unstratified,8675309
5272,12,-0.0006418734478566973,-0.06591676518328926,structural_group,unstratified,8675309
5273,12,-0.00032093672392834866,-0.0664692151331317,structural_group,unstratified,8675309
5274,12,-0.00032093672392834866,-0.0620765844236171,structural_group,unstratified,8675309
5275,12,-0.00032093672392834866,-0.05508363422315338,structural_group,unstratified,8675309
5276,12,0.0,-0.061675573271080586,structural_group,unstratified,8675309
5277,12,0.0,-0.05904893047257561,structural_group,unstratified,8675309
5278,12,-0.0034439534025555232,-0.005494041924362526,structural_group,unstratified,8675309
5279,12,-0.008461049547044103,-0.01445368132558844,structural_group,unstratified,8675309
5280,12,-0.00032093672392834866,-0.11754789222854124,structural_group,unstratified,8675309
5281,12,-0.006246033357254349,-0.0691889208688158,structural_group,unstratified,8675309
5282,12,-0.008461049547044103,-0.012854001974179173,structural_group,unstratified,8675309
5283,12,-0.01907392419508638,-0.07127114275289996,structural_group,unstratified,8675309
5284,12,0.0,-0.010835063115510553,structural_group,unstratified,8675309
5285,12,-0.0006418734478566973,-0.17114406591628728,structural_group,unstratified,8675309
5286,12,0.0,-0.005737252140373283,structural_group,unstratified,8675309
5287,12,-0.0031230166786271746,-0.0098285075387497,structural_group,unstratified,8675309
5288,12,0.0,-0.1084681498853537,structural_group,unstratified,8675309
5289,12,-0.008461049547044103,-0.06830988595471126,structural_group,unstratified,8675309
5290,12,-0.01907392419508638,-0.024148073717984813,structural_group,unstratified,8675309
5291,12,-0.0031230166786271746,-0.018370163762161957,structural_group,unstratified,8675309
5292,12,-0.0034439534025555232,-0.06715802335298626,structural_group,unstratified,8675309
5293,12,-0.0006418734478566973,-0.06368093941616573,structural_group,unstratified,8675309
5294,12,-0.01907392419508638,-0.12461825001764261,structural_group,unstratified,8675309
5295,12,-0.0034439534025555232,-0.0698437794679947,structural_group,unstratified,8675309
5296,12,-0.008461049547044103,-0.016918353478655553,structural_group,unstratified,8675309
5297,12,0.0,-0.06415032859268167,structural_group,unstratified,8675309
5298,12,-0.021288940384876134,-0.07677812228418222,structural_group,unstratified,8675309
5299,12,-0.03190181503291841,-0.029123145054104817,structural_group,unstratified,8675309
5300,12,-0.008461049547044103,-0.06557125170044174,structural_group,unstratified,8675309
5301,12,-0.01907392419508638,-0.025797394532090512,structural_group,unstratified,8675309
5302,12,-0.03190181503291841,-0.07455948487745663,structural_group,unstratified,8675309
5303,12,-0.00032093672392834866,-0.013867392707691406,structural_group,unstratified,8675309
5304,12,-0.008461049547044103,-0.07353859397247425,structural_group,unstratified,8675309
5305,12,-0.0034439534025555232,-0.06252316137721972,structural_group,unstratified,8675309
5306,12,-0.010676065736833856,-0.018827488899017298,structural_group,unstratified,8675309
5307,12,-0.010676065736833856,-0.020005120746200502,structural_group,unstratified,8675309
5308,12,-0.0031230166786271746,-0.016087794650422853,structural_group,unstratified,8675309
5309,12,0.0,-0.0024914999866409043,structural_group,unstratified,8675309
5310,12,-0.01907392419508638,-0.0716472582272374,structural_group,unstratified,8675309
5311,12,-0.0006418734478566973,-0.01428944021191747,structural_group,unstratified,8675309
5312,12,-0.005338032868416928,-0.013158933701903361,structural_group,unstratified,8675309
5313,12,-0.010676065736833856,-0.071623123757467,structural_group,unstratified,8675309
5314,12,-0.036226347372473364,-0.08292794368452534,structural_group,unstratified,8675309
5315,12,0.0,-0.01640753888781216,structural_group,unstratified,8675309
5316,12,-0.03190181503291841,-0.029436449114348912,structural_group,unstratified,8675309
5317,12,-0.010676065736833856,-0.01334266296637881,structural_group,unstratified,8675309
5318,12,-0.01907392419508638,-0.02342731832805899,structural_group,unstratified,8675309
5319,12,-0.006246033357254349,-0.021289336521753646,structural_group,unstratified,8675309
5320,12,-0.005658969592345277,-0.17564974807589132,structural_group,unstratified,8675309
5321,12,-0.021288940384876134,-0.0249603382740833,structural_group,unstratified,8675309
5322,12,0.0,-0.008234743624561438,structural_group,unstratified,8675309
5323,12,-0.010676065736833856,-0.02506501739165286,structural_group,unstratified,8675309
5324,12,-0.006246033357254349,-0.06654801962274336,structural_group,unstratified,8675309
5325,12,-0.025613472724431083,-0.1302687432870995,structural_group,unstratified,8675309
5326,12,-0.00032093672392834866,-0.05946551674941527,structural_group,unstratified,8675309
5327,12,0.0,-0.015831782118047057,structural_group,unstratified,8675309
5328,12,-0.0034439534025555232,-0.06852176031537772,structural_group,unstratified,8675309
5329,12,-0.0031230166786271746,-0.07155910245534702,structural_group,unstratified,8675309
5330,12,-0.006246033357254349,-0.116069758637479,structural_group,unstratified,8675309
5331,12,-0.0031230166786271746,-0.012789764336938403,structural_group,unstratified,8675309
5332,12,-0.021288940384876134,-0.07536100125030239,structural_group,unstratified,8675309
5333,12,-0.00032093672392834866,-0.11681171301422337,structural_group,unstratified,8675309
5334,12,-0.006246033357254349,-0.014876451097162546,structural_group,unstratified,8675309
5335,12,-0.0034439534025555232,-0.006686486281210847,structural_group,unstratified,8675309
5336,12,-0.00032093672392834866,-0.012450166291311895,structural_group,unstratified,8675309
5337,12,-0.0006418734478566973,-0.06212400133549181,structural_group,unstratified,8675309
5338,12,-0.0031230166786271746,-0.009329763378016094,structural_group,unstratified,8675309
5339,12,-0.008461049547044103,-0.11781911225018833,structural_group,unstratified,8675309
5340,12,-0.010676065736833856,-0.12151579667317347,structural_group,unstratified,8675309
5341,12,-0.06899179416040663,-0.142614225476602,structural_group,unstratified,8675309
5342,12,-0.00032093672392834866,-0.014091563452495645,structural_group,unstratified,8675309
5343,12,-0.010676065736833856,-0.06937491503140296,structural_group,unstratified,8675309
5344,12,-0.006246033357254349,-0.017133475851104602,structural_group,unstratified,8675309
5345,12,-0.0034439534025555232,-0.11606368609536566,structural_group,unstratified,8675309
5346,12,-0.016271844240387554,-0.11924040299298024,structural_group,unstratified,8675309
5347,12,0.0,-0.16399064735385938,structural_group,unstratified,8675309
5348,12,-0.0006418734478566973,-0.06285082926753098,structural_group,unstratified,8675309
5349,12,-0.0034439534025555232,-0.11728102613041307,structural_group,unstratified,8675309
5350,12,-0.010676065736833856,-0.22647000746601884,structural_group,unstratified,8675309
5351,12,-0.00032093672392834866,-0.013866781392964453,structural_group,unstratified,8675309
5352,12,-0.0031230166786271746,-0.12369998409711751,structural_group,unstratified,8675309
5353,12,-0.0031230166786271746,-0.017177719405313634,structural_group,unstratified,8675309
5354,12,-0.0031230166786271746,-0.11492407396036704,structural_group,unstratified,8675309
5355,12,-0.010676065736833856,-0.12316511748727915,structural_group,unstratified,8675309
5356,12,-0.00032093672392834866,-0.06421456622992244,structural_group,unstratified,8675309
5357,12,-0.00032093672392834866,-0.06006492940129782,structural_group,unstratified,8675309
5358,12,-0.006246033357254349,-0.11336224390343298,structural_group,unstratified,8675309
5359,12,-0.006246033357254349,-0.07343021816352414,structural_group,unstratified,8675309
5360,12,-0.008461049547044103,-0.12640728249604274,structural_group,unstratified,8675309
5361,12,0.0,0.0011793963831890533,structural_group,unstratified,8675309
5362,12,0.0,-0.06250100777857596,structural_group,unstratified,8675309
5363,12,0.0,-0.05586025491780008,structural_group,unstratified,8675309
5364,12,-0.015950907516459206,-0.07002988458320294,structural_group,unstratified,8675309
5365,12,-0.020275439856014155,-0.0714713953630546,structural_group,unstratified,8675309
5366,12,-0.021288940384876134,-0.07141962313552978,structural_group,unstratified,8675309
5367,12,0.0,-0.06113342282489287,structural_group,unstratified,8675309
5368,12,-0.005658969592345277,-0.06779168296534661,structural_group,unstratified,8675309
5369,12,-0.006246033357254349,-0.0181985049277963,structural_group,unstratified,8675309
5370,12,-0.01907392419508638,-0.1251148346627642,structural_group,unstratified,8675309
5371,12,-0.0034439534025555232,-0.1152801192913465,structural_group,unstratified,8675309
5372,12,-0.0031230166786271746,-0.06513784469823601,structural_group,unstratified,8675309
5373,12,-0.0034439534025555232,-0.016612973071333408,structural_group,unstratified,8675309
5374,12,-0.00032093672392834866,-0.014443149477456509,structural_group,unstratified,8675309
5375,12,-0.0034439534025555232,-0.016982142436298368,structural_group,unstratified,8675309
5376,12,-0.00032093672392834866,-0.015533074232347293,structural_group,unstratified,8675309
5377,12,-0.010676065736833856,-0.17535948858303774,structural_group,unstratified,8675309
5378,12,-0.02339845653464133,-0.07436197434685732,structural_group,unstratified,8675309
5379,12,0.0,-0.06248403575329884,structural_group,unstratified,8675309
5380,12,-0.010676065736833856,-0.02393619935731835,structural_group,unstratified,8675309
5381,12,-0.0034439534025555232,-0.06319042731315751,structural_group,unstratified,8675309
5382,12,-0.008461049547044103,-0.12160580355587242,structural_group,unstratified,8675309
5383,12,-0.021288940384876134,-0.0714400595077103,structural_group,unstratified,8675309
5384,12,-0.0034439534025555232,-0.2224299417312239,structural_group,unstratified,8675309
5385,12,-0.021288940384876134,-0.1268346169561351,structural_group,unstratified,8675309
5386,12,-0.0034439534025555232,-0.1188938295158078,structural_group,unstratified,8675309
5387,12,-0.010676065736833856,-0.020175725976690432,structural_group,unstratified,8675309
5388,12,-0.04055087971202831,-0.18357110106540594,structural_group,unstratified,8675309
5389,12,0.0,-0.011894019650088896,structural_group,unstratified,8675309
5390,12,0.0,-0.0657072666733556,structural_group,unstratified,8675309
5391,12,0.0,-0.06332021844404694,structural_group,unstratified,8675309
5392,12,0.0,-0.0011143781439410996,structural_group,unstratified,8675309
5393,12,-0.0034439534025555232,-0.06080337908384883,structural_group,unstratified,8675309
5394,12,-0.01907392419508638,-0.12574469220124432,structural_group,unstratified,8675309
5395,12,-0.04055087971202831,-0.08987208007214036,structural_group,unstratified,8675309
5396,12,-0.005658969592345277,-0.12552674529846453,structural_group,unstratified,8675309
5397,12,-0.036226347372473364,-0.12871824538357082,structural_group,unstratified,8675309
5398,12,-0.021288940384876134,-0.12305302064901491,structural_group,unstratified,8675309
5399,12,0.0,-0.060655661315857035,structural_group,unstratified,8675309
5400,12,-0.0006418734478566973,-0.0695497472234343,structural_group,unstratified,8675309
5401,12,-0.010676065736833856,-0.07165171753325598,structural_group,unstratified,8675309
5402,12,-0.00032093672392834866,-0.05885957734558477,structural_group,unstratified,8675309
5403,12,-0.008461049547044103,-0.06888387818847051,structural_group,unstratified,8675309
5404,12,-0.0006418734478566973,-0.06033636575806569,structural_group,unstratified,8675309
5405,12,-0.0006418734478566973,-0.006548014412998084,structural_group,unstratified,8675309
5406,12,-0.00032093672392834866,-0.017182395046452994,structural_group,unstratified,8675309
5407,12,-0.04055087971202831,-0.032700261789529,structural_group,unstratified,8675309
5408,12,-0.006246033357254349,-0.0662004979241949,structural_group,unstratified,8675309
5409,12,-0.006246033357254349,-0.01684789199939036,structural_group,unstratified,8675309
5410,12,-0.010676065736833856,-0.021219107386965624,structural_group,unstratified,8675309
5411,12,-0.00032093672392834866,-0.0017622962038689241,structural_group,unstratified,8675309
5412,12,-0.00032093672392834866,-0.00814199466230713,structural_group,unstratified,8675309
5413,12,0.0,-0.06462201755960416,structural_group,unstratified,8675309
5414,12,-0.03190181503291841,-0.07487516478843352,structural_group,unstratified,8675309
5415,12,-0.0031230166786271746,-0.06645039199704596,structural_group,unstratified,8675309
5416,12,-0.006246033357254349,-0.12045771370585423,structural_group,unstratified,8675309
5417,12,0.0,-0.005261103867432208,structural_group,unstratified,8675309
5418,12,-0.0006418734478566973,-0.06389888631894554,structural_group,unstratified,8675309
5419,12,0.0,-0.012796204514083613,structural_group,unstratified,8675309
5420,12,0.007782740846507291,-0.05718618709691838,structural_group,unstratified,8675309
5421,12,-0.010676065736833856,-0.12492687843674737,structural_group,unstratified,8675309
5422,12,-0.006246033357254349,-0.06739294228104323,structural_group,unstratified,8675309
5423,12,-0.01907392419508638,-0.07473808982119474,structural_group,unstratified,8675309
5424,12,-0.021288940384876134,-0.07136613368154174,structural_group,unstratified,8675309
5425,12,0.0,-0.016239233447728783,structural_group,unstratified,8675309
5426,12,-0.008461049547044103,-0.17369319574365485,structural_group,unstratified,8675309
5427,12,-0.00032093672392834866,-0.07132418352729004,structural_group,unstratified,8675309
5428,12,-0.006246033357254349,-0.010577967657085581,structural_group,unstratified,8675309
5429,12,-0.00032093672392834866,-0.11670703389665381,structural_group,unstratified,8675309
5430,12,-0.0006418734478566973,-0.0066804137390974955,structural_group,unstratified,8675309
5431,12,0.0,-0.013433985705485678,structural_group,unstratified,8675309
5432,12,-0.00032093672392834866,-0.05897500464640704,structural_group,unstratified,8675309
5433,12,-0.021288940384876134,-0.07328963293197062,structural_group,unstratified,8675309
5434,12,-0.00032093672392834866,-0.011584412281225346,structural_group,unstratified,8675309
5435,12,-0.03190181503291841,-0.12623335319344395,structural_group,unstratified,8675309
5436,12,-0.00032093672392834866,-0.07785012040197063,structural_group,unstratified,8675309
5437,12,-0.0006418734478566973,-0.007970702056763998,structural_group,unstratified,8675309
5438,12,0.0,-0.004618733609693531,structural_group,unstratified,8675309
5439,12,0.0,-0.06945306781911292,structural_group,unstratified,8675309
5440,12,-0.00032093672392834866,-0.11906918644776339,structural_group,unstratified,8675309
5441,12,-0.005338032868416928,-0.020036456601544798,structural_group,unstratified,8675309
5442,12,-0.04055087971202831,-0.23577392055401067,structural_group,unstratified,8675309
5443,12,-0.0006418734478566973,-0.06633942400224226,structural_group,unstratified,8675309
5444,12,-0.0034439534025555232,-0.01107444134958608,structural_group,unstratified,8675309
5445,12,-0.006246033357254349,-0.07172740789543039,structural_group,unstratified,8675309
5446,12,0.0,-0.008181254170573379,structural_group,unstratified,8675309
5447,12,-0.0034439534025555232,-0.11466634280939676,structural_group,unstratified,8675309
5448,12,-0.010676065736833856,-0.07234625499812564,structural_group,unstratified,8675309
5449,12,-0.008461049547044103,-0.11476568905368865,structural_group,unstratified,8675309
5450,12,0.0,-0.057417192998474,structural_group,unstratified,8675309
5451,12,-0.01907392419508638,-0.07242387892188408,structural_group,unstratified,8675309
5452,12,0.0,-0.06060217186186898,structural_group,unstratified,8675309
5453,12,-0.005658969592345277,-0.01954217174682977,structural_group,unstratified,8675309
5454,12,-0.006246033357254349,-0.06340837421593731,structural_group,unstratified,8675309
5455,12,0.0,-0.0076607513908021835,structural_group,unstratified,8675309
5456,12,-0.010676065736833856,-0.1255351936913107,structural_group,unstratified,8675309
5457,12,-0.00032093672392834866,-0.00579074159436134,structural_group,unstratified,8675309
5458,12,0.0,-0.11055264223767099,structural_group,unstratified,8675309
5459,12,0.0,-0.16829784143931467,structural_group,unstratified,8675309
5460,12,-0.0034439534025555232,-0.06799888168487371,structural_group,unstratified,8675309
5461,12,-0.03190181503291841,-0.1302757947789717,structural_group,unstratified,8675309
5462,12,0.0,-0.057629067359140466,structural_group,unstratified,8675309
5463,12,0.0,-0.01319721566662013,structural_group,unstratified,8675309
5464,12,-0.025613472724431083,-0.126204759417655,structural_group,unstratified,8675309
5465,12,-0.006246033357254349,-0.01606052312149096,structural_group,unstratified,8675309
5466,12,0.0,-0.012019583819436927,structural_group,unstratified,8675309
5467,12,-0.010676065736833856,-0.021299868369885577,structural_group,unstratified,8675309
5468,12,0.0,-0.0031231220611268686,structural_group,unstratified,8675309
5469,12,-0.0034439534025555232,-0.11762529981717894,structural_group,unstratified,8675309
5470,12,-0.0034439534025555232,-0.06850863628139221,structural_group,unstratified,8675309
5471,12,-0.00032093672392834866,-0.006489849317870666,structural_group,unstratified,8675309
5472,12,-0.00032093672392834866,-0.11837332673603664,structural_group,unstratified,8675309
5473,12,-0.00032093672392834866,-0.007699877014723082,structural_group,unstratified,8675309
5474,12,-0.0034439534025555232,-0.06638823781509096,structural_group,unstratified,8675309
5475,12,-0.0034439534025555232,-0.06752719271795123,structural_group,unstratified,8675309
5476,12,-0.00032093672392834866,-0.014443149477456509,structural_group,unstratified,8675309
5477,12,-0.006246033357254349,-0.06420751473805028,structural_group,unstratified,8675309
5478,12,-0.0031230166786271746,-0.06846827086138967,structural_group,unstratified,8675309
5479,12,0.0,-0.007616816241396574,structural_group,unstratified,8675309
5480,12,-0.021288940384876134,-0.07486204075444801,structural_group,unstratified,8675309
5481,12,-0.00032093672392834866,-0.06539158676237869,structural_group,unstratified,8675309
5482,12,-0.005338032868416928,-0.06444948515797938,structural_group,unstratified,8675309
5483,12,0.0,-0.057878133782143786,structural_group,unstratified,8675309
5484,12,-0.03190181503291841,-0.024735189985729582,structural_group,unstratified,8675309
5485,12,-0.0031230166786271746,-0.015279332168204608,structural_group,unstratified,8675309
5486,12,-0.00032093672392834866,-0.11111588628817752,structural_group,unstratified,8675309
5487,12,-0.0031230166786271746,-0.12190627597757804,structural_group,unstratified,8675309
5488,12,-0.016271844240387554,-0.1731477972856846,structural_group,unstratified,8675309
5489,12,0.0,-0.060719898953097796,structural_group,unstratified,8675309
5490,12,-0.036226347372473364,-0.026022991500042187,structural_group,unstratified,8675309
5491,12,0.0,-0.06451266280089524,structural_group,unstratified,8675309
5492,12,-0.010676065736833856,-0.07030110460485005,structural_group,unstratified,8675309
5493,12,-0.010676065736833856,-0.01888335420373816,structural_group,unstratified,8675309
5494,12,-0.0034439534025555232,-0.06384518052983672,structural_group,unstratified,8675309
5495,12,-0.0034439534025555232,-0.012266885706434402,structural_group,unstratified,8675309
5496,12,-0.01907392419508638,-0.06875667924343466,structural_group,unstratified,8675309
5497,12,-0.021288940384876134,-0.1272481408279302,structural_group,unstratified,8675309
5498,12,-0.0034439534025555232,-0.023270784532189188,structural_group,unstratified,8675309
5499,12,-0.0006418734478566973,-0.06336525950518883,structural_group,unstratified,8675309
5500,12,-0.0006418734478566973,-0.014377147304209891,structural_group,unstratified,8675309
5501,12,-0.0034439534025555232,-0.07610752588568642,structural_group,unstratified,8675309
5502,12,-0.00032093672392834866,-0.11372088142026603,structural_group,unstratified,8675309
5503,12,-0.00032093672392834866,-0.008286381967740898,structural_group,unstratified,8675309
5504,12,-0.006246033357254349,-0.16846438234339214,structural_group,unstratified,8675309
5505,12,-0.008461049547044103,-0.06920650420881988,structural_group,unstratified,8675309
5506,12,-0.005338032868416928,-0.017993682059002005,structural_group,unstratified,8675309
5507,12,-0.0006418734478566973,-0.002622397029266629,structural_group,unstratified,8675309
5508,12,-0.006246033357254349,-0.06553323198825713,structural_group,unstratified,8675309
5509,12,-0.025613472724431083,-0.07732539066065804,structural_group,unstratified,8675309
5510,12,0.0,-0.06653054166523895,structural_group,unstratified,8675309
5511,12,-0.021288940384876134,-0.019225252039771223,structural_group,unstratified,8675309
5512,12,-0.0031230166786271746,-0.007663470538633251,structural_group,unstratified,8675309
5513,12,-0.021288940384876134,-0.02607418116362369,structural_group,unstratified,8675309
5514,12,0.0,-0.06415032859268166,structural_group,unstratified,8675309
5515,12,-0.0006418734478566973,-0.007516596429845593,structural_group,unstratified,8675309
5516,12,-0.005658969592345277,-0.1192381032025737,structural_group,unstratified,8675309
5517,12,-0.006246033357254349,-0.020659478983273534,structural_group,unstratified,8675309
5518,12,-0.008461049547044103,-0.015501738377002994,structural_group,unstratified,8675309
5519,12,-0.008461049547044103,-0.12290292703029032,structural_group,unstratified,8675309
5520,12,-0.01907392419508638,-0.12302241865752499,structural_group,unstratified,8675309
5521,12,-0.010676065736833856,-0.06955175543913523,structural_group,unstratified,8675309
5522,12,-0.006246033357254349,-0.06692125331412073,structural_group,unstratified,8675309
5523,12,-0.008461049547044103,-0.016742996546700015,structural_group,unstratified,8675309
5524,12,-0.0031230166786271746,-0.011948906005050946,structural_group,unstratified,8675309
5525,12,-0.0034439534025555232,-0.0661516841113462,structural_group,unstratified,8675309
5526,12,-0.00032093672392834866,-0.0629168314407776,structural_group,unstratified,8675309
5527,12,-0.010676065736833856,-0.07575733676169955,structural_group,unstratified,8675309
5528,12,-0.010676065736833856,-0.07540981506315109,structural_group,unstratified,8675309
5529,12,-0.0034439534025555232,-0.010249006842090696,structural_group,unstratified,8675309
5530,12,-0.005658969592345277,-0.17317269296388368,structural_group,unstratified,8675309
5531,12,-0.005658969592345277,-0.018125556645177208,structural_group,unstratified,8675309
5532,12,-0.010676065736833856,-0.022863857942431665,structural_group,unstratified,8675309
5533,12,-0.0034439534025555232,-0.060487699172871924,structural_group,unstratified,8675309
5534,12,-0.02339845653464133,-0.13054379529068183,structural_group,unstratified,8675309
5535,12,-0.0034439534025555232,-0.023913154789927865,structural_group,unstratified,8675309
5536,12,-0.0034439534025555232,-0.011388618977089295,structural_group,unstratified,8675309
5537,12,-0.00032093672392834866,-0.06066403364837695,structural_group,unstratified,8675309
5538,12,-0.005338032868416928,-0.12227544534254302,structural_group,unstratified,8675309
5539,12,-0.006246033357254349,-0.016627569245877744,structural_group,unstratified,8675309
5540,12,0.0,-0.002829701131293421,structural_group,unstratified,8675309
5541,12,0.0,-0.011731175437391918,structural_group,unstratified,8675309
5542,12,-0.03190181503291841,-0.1817876924495212,structural_group,unstratified,8675309
5543,12,-0.0034439534025555232,-0.11829256575311671,structural_group,unstratified,8675309
5544,12,-0.0031230166786271746,-0.012213396252446345,structural_group,unstratified,8675309
5545,12,-0.02339845653464133,-0.07571258727526325,structural_group,unstratified,8675309
5546,12,-0.0006418734478566973,-0.06269331792811171,structural_group,unstratified,8675309
5547,12,-0.008461049547044103,-0.06869067707018806,structural_group,unstratified,8675309
5548,12,0.0,-0.11453314597636449,structural_group,unstratified,8675309
5549,12,0.0,-0.061203884304158095,structural_group,unstratified,8675309
5550,12,-0.036226347372473364,-0.13663738515748158,structural_group,unstratified,8675309
5551,12,-0.008461049547044103,-0.12334602222142384,structural_group,unstratified,8675309
5552,12,-0.021288940384876134,-0.028097241601334016,structural_group,unstratified,8675309
5553,12,-0.010676065736833856,-0.06989541781117416,structural_group,unstratified,8675309
5554,12,-0.0006418734478566973,-0.06381117922665311,structural_group,unstratified,8675309
5555,12,-0.021288940384876134,-0.12415730923397285,structural_group,unstratified,8675309
5556,12,-0.005658969592345277,-0.12340188752614471,structural_group,unstratified,8675309
5557,12,-0.00032093672392834866,-0.005796814136474693,structural_group,unstratified,8675309
5558,12,-0.0031230166786271746,-0.06799658189446717,structural_group,unstratified,8675309
5559,12,-0.0034439534025555232,-0.062443377937849265,structural_group,unstratified,8675309
5560,12,-0.0031230166786271746,-0.06410521147121352,structural_group,unstratified,8675309
5561,12,-0.021288940384876134,-0.1313379993253326,structural_group,unstratified,8675309
5562,12,-0.0034439534025555232,-0.06696014659356443,structural_group,unstratified,8675309
5563,12,-0.008461049547044103,-0.06455178842481614,structural_group,unstratified,8675309
5564,12,-0.0034439534025555232,-0.16846905798453157,structural_group,unstratified,8675309
5565,12,0.0,-0.02222064402548886,structural_group,unstratified,8675309
5566,12,-0.00032093672392834866,-0.05970650821958556,structural_group,unstratified,8675309
5567,12,-0.0034439534025555232,-0.06815705025643135,structural_group,unstratified,8675309
5568,12,-0.0034439534025555232,-0.0722138556720262,structural_group,unstratified,8675309
5569,12,-0.008461049547044103,-0.06655715456990129,structural_group,unstratified,8675309
5570,12,0.0,0.0020202547150765097,structural_group,unstratified,8675309
5571,12,-0.006246033357254349,-0.020459226373118904,structural_group,unstratified,8675309
5572,12,-0.005658969592345277,-0.017524292882486064,structural_group,unstratified,8675309
5573,12,-0.00032093672392834866,-0.06007567758455054,structural_group,unstratified,8675309
5574,12,-0.0006418734478566973,-0.010709947625760483,structural_group,unstratified,8675309
5575,12,-0.02339845653464133,-0.1294493002771514,structural_group,unstratified,8675309
5576,12,-0.0034439534025555232,-0.014914622109258225,structural_group,unstratified,8675309
5577,12,-0.0031230166786271746,-0.06777241114966293,structural_group,unstratified,8675309
5578,12,-0.04055087971202831,-0.18672387050619746,structural_group,unstratified,8675309
5579,12,-0.025613472724431083,-0.07845183284425973,structural_group,unstratified,8675309
5580,12,-0.021288940384876134,-0.12802476152257689,structural_group,unstratified,8675309
5581,12,-0.008461049547044103,-0.07244877460008316,structural_group,unstratified,8675309
5582,12,-0.0034439534025555232,-0.008491204836535192,structural_group,unstratified,8675309
5583,12,-0.02339845653464133,-0.07860316625906598,structural_group,unstratified,8675309
5584,12,-0.0034439534025555232,-0.013564009180852286,structural_group,unstratified,8675309
5585,12,-0.021288940384876134,-0.07496049602999313,structural_group,unstratified,8675309
5586,12,-0.0006418734478566973,-0.00879613656425938,structural_group,unstratified,8675309
5587,12,0.0,-0.05277911151277053,structural_group,unstratified,8675309
5588,12,-0.0031230166786271746,-0.11418789474604914,structural_group,unstratified,8675309
5589,12,0.0,-0.056685689425295456,structural_group,unstratified,8675309
5590,12,-0.006246033357254349,-0.07280036062504404,structural_group,unstratified,8675309
5591,12,-0.0034439534025555232,-0.11279055146008028,structural_group,unstratified,8675309
5592,12,-0.008461049547044103,-0.068114308985696,structural_group,unstratified,8675309
5593,12,-0.008461049547044103,-0.12082688307081918,structural_group,unstratified,8675309
5594,12,-0.008461049547044103,-0.12391771466477654,structural_group,unstratified,8675309
5595,12,-0.0006418734478566973,-0.015569591661058214,structural_group,unstratified,8675309
5596,12,-0.006246033357254349,-0.01652059033790163,structural_group,unstratified,8675309
5597,12,-0.0031230166786271746,-0.06717114738697179,structural_group,unstratified,8675309
5598,12,0.0,-0.11364347383162833,structural_group,unstratified,8675309
5599,12,-0.008461049547044103,-0.06034689760619762,structural_group,unstratified,8675309
5600,12,-0.010676065736833856,-0.16832379711183865,structural_group,unstratified,8675309
5601,12,-0.010676065736833856,-0.11907349445387087,structural_group,unstratified,8675309
5602,12,-0.010676065736833856,-0.06865178379074434,structural_group,unstratified,8675309
5603,12,-0.006246033357254349,-0.11600314514950544,structural_group,unstratified,8675309
5604,12,-0.010676065736833856,-0.12186799401286129,structural_group,unstratified,8675309
5605,12,0.0,-0.003963980393014326,structural_group,unstratified,8675309
5606,12,-0.0031230166786271746,-0.014558576778278784,structural_group,unstratified,8675309
5607,12,-0.00032093672392834866,-0.014091563452495645,structural_group,unstratified,8675309
5608,12,-0.008461049547044103,-0.07556114847795732,structural_group,unstratified,8675309
5609,12,-0.0034439534025555232,-0.06282125794819254,structural_group,unstratified,8675309
5610,12,-0.008461049547044103,-0.07076204538851982,structural_group,unstratified,8675309
5611,12,-0.0006418734478566973,-0.011170888409430266,structural_group,unstratified,8675309
5612,12,-0.010676065736833856,-0.12238849679263247,structural_group,unstratified,8675309
5613,12,0.0,-0.008288757818473701,structural_group,unstratified,8675309
5614,12,-0.0006418734478566973,-0.06652270458711974,structural_group,unstratified,8675309
5615,12,-0.008461049547044103,-0.07007869839605164,structural_group,unstratified,8675309
5616,12,-0.008461049547044103,-0.07322301944399705,structural_group,unstratified,8675309
5617,12,-0.006246033357254349,-0.07322996555336952,structural_group,unstratified,8675309
5618,12,-0.006246033357254349,-0.11808763750182272,structural_group,unstratified,8675309
5619,12,-0.006246033357254349,-0.06902913906116341,structural_group,unstratified,8675309
5620,12,-0.0034439534025555232,-0.06246967192323166,structural_group,unstratified,8675309
5621,12,-0.00032093672392834866,-0.007228188047800584,structural_group,unstratified,8675309
5622,12,0.0,-0.06533809730839063,structural_group,unstratified,8675309
5623,12,-0.0006418734478566973,-0.1144951262641799,structural_group,unstratified,8675309
5624,12,-0.00032093672392834866,-0.06253284956614752,structural_group,unstratified,8675309
5625,12,-0.0031230166786271746,-0.06612309033555723,structural_group,unstratified,8675309
5626,12,-0.006246033357254349,-0.018799768690487443,structural_group,unstratified,8675309
5627,12,-0.0031230166786271746,-0.17015578719609492,structural_group,unstratified,8675309
5628,12,-0.006246033357254349,-0.022664845128358677,structural_group,unstratified,8675309
5629,12,-0.021288940384876134,-0.17944488777442155,structural_group,unstratified,8675309
5630,12,-0.008461049547044103,-0.12397587975990393,structural_group,unstratified,8675309
5631,12,-0.0031230166786271746,-0.010402716107629738,structural_group,unstratified,8675309
5632,12,-0.036226347372473364,-0.17826725592723838,structural_group,unstratified,8675309
5633,12,-0.006246033357254349,-0.010820699285443394,structural_group,unstratified,8675309
5634,12,-0.0034439534025555232,-0.011770301061312815,structural_group,unstratified,8675309
5635,12,-0.03190181503291841,-0.07432271483859107,structural_group,unstratified,8675309
5636,12,-0.01907392419508638,-0.12089756088520516,structural_group,unstratified,8675309
5637,12,-0.0031230166786271746,-0.008650875691566496,structural_group,unstratified,8675309
5638,12,-0.006246033357254349,-0.12185041067285717,structural_group,unstratified,8675309
5639,12,-0.008461049547044103,-0.06641149871760223,structural_group,unstratified,8675309
5640,12,-0.00032093672392834866,-0.005536999530218654,structural_group,unstratified,8675309
5641,12,0.0,-0.001120450686054452,structural_group,unstratified,8675309
5642,12,-0.021288940384876134,-0.12308435650435919,structural_group,unstratified,8675309
5643,12,0.0,-0.1170227138076307,structural_group,unstratified,8675309
5644,12,-0.006246033357254349,-0.12349973148696287,structural_group,unstratified,8675309
5645,12,-0.00032093672392834866,-0.06372529392299585,structural_group,unstratified,8675309
5646,12,-0.00032093672392834866,-0.11697152414404921,structural_group,unstratified,8675309
5647,12,-0.005338032868416928,-0.06696394866744469,structural_group,unstratified,8675309
5648,12,-0.00032093672392834866,-0.015281183279013205,structural_group,unstratified,8675309
5649,12,-0.010676065736833856,-0.012252521876367243,structural_group,unstratified,8675309
5650,12,0.0,0.00018134842950278998,structural_group,unstratified,8675309
5651,12,-0.0034439534025555232,-0.01461206623226684,structural_group,unstratified,8675309
5652,12,-0.03190181503291841,-0.12623335319344398,structural_group,unstratified,8675309
5653,12,-0.010676065736833856,-0.06873254477366428,structural_group,unstratified,8675309
5654,12,0.0,-0.0038614607910567866,structural_group,unstratified,8675309
5655,12,-0.021288940384876134,-0.07328963293197062,structural_group,unstratified,8675309
5656,12,-0.0006418734478566973,-0.1159372483587585,structural_group,unstratified,8675309
5657,12,-0.006246033357254349,-0.07213309468910627,structural_group,unstratified,8675309
5658,12,-0.005338032868416928,-0.021109409331158444,structural_group,unstratified,8675309
5659,12,0.0,-0.0011097025028017394,structural_group,unstratified,8675309
5660,12,-0.006246033357254349,-0.012569552536046878,structural_group,unstratified,8675309
5661,12,-0.00032093672392834866,-0.0606344623290385,structural_group,unstratified,8675309
5662,12,-0.005658969592345277,-0.009872525138930742,structural_group,unstratified,8675309
5663,12,-0.0031230166786271746,-0.02001948457626766,structural_group,unstratified,8675309
5664,12,-0.006246033357254349,-0.024102507916918706,structural_group,unstratified,8675309
5665,12,-0.03190181503291841,-0.13083457952345967,structural_group,unstratified,8675309
5666,12,-0.0034439534025555232,-0.07005097818752179,structural_group,unstratified,8675309
5667,12,-0.0034439534025555232,-0.06850863628139221,structural_group,unstratified,8675309
5668,12,-0.010676065736833856,-0.017258929067831545,structural_group,unstratified,8675309
5669,12,-0.0031230166786271746,-0.05757927459653295,structural_group,unstratified,8675309
5670,12,-0.0034439534025555232,-0.07077173357744761,structural_group,unstratified,8675309
5671,12,-0.00032093672392834866,-0.007330707649758124,structural_group,unstratified,8675309
5672,12,-0.008461049547044103,-0.07244877460008316,structural_group,unstratified,8675309
5673,12,-0.036226347372473364,-0.17907616708905458,structural_group,unstratified,8675309
5674,12,-0.010676065736833856,-0.12192148346684929,structural_group,unstratified,8675309
5675,12,-0.021288940384876134,-0.06990009345231352,structural_group,unstratified,8675309
5676,12,-0.0006418734478566973,-0.11508691817306403,structural_group,unstratified,8675309
5677,12,-0.0031230166786271746,-0.11811958467189394,structural_group,unstratified,8675309
5678,12,-0.00032093672392834866,-0.05849648052273315,structural_group,unstratified,8675309
5679,12,-0.008461049547044103,-0.12165929300986049,structural_group,unstratified,8675309
5680,12,0.0,-0.0015813914697242373,structural_group,unstratified,8675309
5681,12,-0.008461049547044103,-0.06833847973050024,structural_group,unstratified,8675309
5682,12,0.0,-0.06505436456748498,structural_group,unstratified,8675309
5683,12,-0.008461049547044103,-0.07045481387038909,structural_group,unstratified,8675309
5684,12,0.0,-0.01665721662554244,structural_group,unstratified,8675309
5685,12,-0.008461049547044103,-0.07120514057965335,structural_group,unstratified,8675309
5686,12,-0.00032093672392834866,-0.008286381967740897,structural_group,unstratified,8675309
5687,12,-0.006246033357254349,-0.06857057412822642,structural_group,unstratified,8675309
5688,12,-0.0006418734478566973,-0.06680036478591204,structural_group,unstratified,8675309
5689,12,-0.00032093672392834866,-0.06337370789803498,structural_group,unstratified,8675309
5690,12,0.0,-0.009779693725901003,structural_group,unstratified,8675309
5691,12,0.0,-0.013148401853771433,structural_group,unstratified,8675309
5692,12,-0.016271844240387554,-0.07752475230206594,structural_group,unstratified,8675309
5693,12,0.0,-0.1097652733597716,structural_group,unstratified,8675309
5694,12,0.0,-0.006727144096660419,structural_group,unstratified,8675309
5695,12,-0.01907392419508638,-0.027185415857954105,structural_group,unstratified,8675309
5696,12,-0.0006418734478566973,-0.06177787653791733,structural_group,unstratified,8675309
5697,12,0.0,-0.05320177033172355,structural_group,unstratified,8675309
5698,12,-0.010676065736833856,-0.12238849679263246,structural_group,unstratified,8675309
5699,12,-0.005658969592345277,-0.008824468087516186,structural_group,unstratified,8675309
5700,12,-0.03190181503291841,-0.08126402669587533,structural_group,unstratified,8675309
5701,12,-0.0034439534025555232,-0.061631113381750764,structural_group,unstratified,8675309
5702,12,0.0,-0.051074536708670924,structural_group,unstratified,8675309
5703,12,-0.0034439534025555232,-0.015593509795707823,structural_group,unstratified,8675309
5704,12,-0.010676065736833856,-0.06905984643515302,structural_group,unstratified,8675309
5705,12,-0.00032093672392834866,-0.010656458171772423,structural_group,unstratified,8675309
5706,12,-0.00032093672392834866,-0.007786972792288548,structural_group,unstratified,8675309
5707,12,-0.00032093672392834866,-0.06028287630407764,structural_group,unstratified,8675309
5708,12,-0.0006418734478566973,-0.006543338771858725,structural_group,unstratified,8675309
5709,12,-0.01907392419508638,-0.07603521329561262,structural_group,unstratified,8675309
5710,12,-0.0034439534025555232,-0.014665555686254899,structural_group,unstratified,8675309
5711,12,-0.0006418734478566973,-0.06272341398737435,structural_group,unstratified,8675309
5712,12,-0.008461049547044103,-0.07374589807450105,structural_group,unstratified,8675309
5713,12,-0.0031230166786271746,-0.0649306459787089,structural_group,unstratified,8675309
5714,12,-0.00032093672392834866,-0.020273226640410348,structural_group,unstratified,8675309
5715,12,-0.006246033357254349,-0.11590530118868725,structural_group,unstratified,8675309
5716,12,-0.006246033357254349,-0.015733832774729183,structural_group,unstratified,8675309
5717,12,-0.005658969592345277,-0.11817753343190059,structural_group,unstratified,8675309
5718,12,-0.03190181503291841,-0.17973329615646658,structural_group,unstratified,8675309
5719,12,-0.03190181503291841,-0.13246259039812572,structural_group,unstratified,8675309
5720,12,-0.03190181503291841,-0.12960852884303392,structural_group,unstratified,8675309
5721,12,-0.036226347372473364,-0.07966819533575767,structural_group,unstratified,8675309
5722,12,-0.021288940384876134,-0.12504090883659566,structural_group,unstratified,8675309
5723,12,-0.006246033357254349,-0.12011019200730577,structural_group,unstratified,8675309
5724,12,0.0,0.0010175311202508866,structural_group,unstratified,8675309
5725,12,-0.005658969592345277,-0.12340188752614471,structural_group,unstratified,8675309
5726,12,0.0,-0.013917971056545955,structural_group,unstratified,8675309
5727,12,-0.005338032868416928,-0.07192827182031197,structural_group,unstratified,8675309
5728,12,-0.021288940384876134,-0.12467781201374406,structural_group,unstratified,8675309
5729,12,-0.021288940384876134,-0.12449453142886657,structural_group,unstratified,8675309
5730,12,-0.0006418734478566973,-0.0676900369306482,structural_group,unstratified,8675309
5731,12,-0.0034439534025555232,-0.019107000208618188,structural_group,unstratified,8675309
5732,12,-0.00032093672392834866,-0.005796814136474693,structural_group,unstratified,8675309
5733,12,0.0,-0.11440357118059585,structural_group,unstratified,8675309
5734,12,0.0,-0.0006489780542527369,structural_group,unstratified,8675309
5735,12,-0.021288940384876134,-0.17544764435492813,structural_group,unstratified,8675309
5736,12,-0.008461049547044103,-0.021082137802226553,structural_group,unstratified,8675309
5737,12,-0.0031230166786271746,-0.12250753974026919,structural_group,unstratified,8675309
5738,12,-0.021288940384876134,-0.1776488038041493,structural_group,unstratified,8675309
5739,12,-0.00032093672392834866,-0.05507895858201404,structural_group,unstratified,8675309
5740,12,0.0,-0.05725522235303614,structural_group,unstratified,8675309
5741,12,-0.020596376579942503,-0.22600943431738094,structural_group,unstratified,8675309
5742,12,-0.006246033357254349,-0.07372187455735175,structural_group,unstratified,8675309
5743,12,-0.010676065736833856,-0.12584849775155477,structural_group,unstratified,8675309
5744,12,-0.005658969592345277,-0.01675004803857218,structural_group,unstratified,8675309
5745,12,-0.005658969592345277,-0.06580009808638533,structural_group,unstratified,8675309
5746,12,-0.008461049547044103,-0.06639668620793712,structural_group,unstratified,8675309
5747,12,-0.00032093672392834866,-0.06409913892910017,structural_group,unstratified,8675309
5748,12,-0.005658969592345277,-0.06784287262892813,structural_group,unstratified,8675309
5749,12,-0.0006418734478566973,-0.020956573632878523,structural_group,unstratified,8675309
5750,12,-0.005338032868416928,-0.01504723777047842,structural_group,unstratified,8675309
5751,12,-0.021288940384876134,-0.020596301340357677,structural_group,unstratified,8675309
5752,12,-0.0034439534025555232,-0.01614128410441091,structural_group,unstratified,8675309
5753,12,-0.0006418734478566973,-0.012764343918815107,structural_group,unstratified,8675309
5754,12,-0.010676065736833856,-0.12304325000931167,structural_group,unstratified,8675309
5755,12,-0.006246033357254349,-0.17564061312873339,structural_group,unstratified,8675309
5756,12,-0.010676065736833856,-0.07494280173736796,structural_group,unstratified,8675309
5757,12,0.0,-0.011242514445192281,structural_group,unstratified,8675309
5758,12,-0.008461049547044103,-0.020305517107579867,structural_group,unstratified,8675309
5759,12,-0.01907392419508638,-0.13018613672360763,structural_group,unstratified,8675309
5760,12,-0.010676065736833856,-0.06908006647221275,structural_group,unstratified,8675309
5761,12,-0.04055087971202831,-0.08739710841541849,structural_group,unstratified,8675309
5762,12,-0.0006418734478566973,-0.06703528371396901,structural_group,unstratified,8675309
5763,12,0.0,-0.05459673776695961,structural_group,unstratified,8675309
5764,12,-0.00032093672392834866,-0.012881535755643228,structural_group,unstratified,8675309
5765,12,-0.006246033357254349,-0.020017108725534857,structural_group,unstratified,8675309
5766,12,-0.008461049547044103,-0.0651281565093082,structural_group,unstratified,8675309
5767,12,-0.0031230166786271746,-0.068717337284393,structural_group,unstratified,8675309
5768,12,-0.010676065736833856,-0.07038186558776999,structural_group,unstratified,8675309
5769,12,-0.006246033357254349,-0.17234247743274922,structural_group,unstratified,8675309
5770,12,-0.0031230166786271746,-0.07071824412345956,structural_group,unstratified,8675309
5771,12,-0.03190181503291841,-0.034088528201297014,structural_group,unstratified,8675309
5772,12,-0.0031230166786271746,-0.11811958467189394,structural_group,unstratified,8675309
5773,12,-0.010676065736833856,-0.12126029007302491,structural_group,unstratified,8675309
5774,12,0.0,-0.06225194135557264,structural_group,unstratified,8675309
5775,12,0.0,-0.004972695485387199,structural_group,unstratified,8675309
5776,12,-0.021288940384876134,-0.12632018671847728,structural_group,unstratified,8675309
5777,12,0.0,-0.0599579504933217,structural_group,unstratified,8675309
5778,12,-0.0031230166786271746,-0.12427635218160958,structural_group,unstratified,8675309
5779,12,-0.03190181503291841,-0.17716296734228043,structural_group,unstratified,8675309
5780,12,-0.010676065736833856,-0.17700643354641063,structural_group,unstratified,8675309
5781,12,-0.00032093672392834866,-0.11837332673603662,structural_group,unstratified,8675309
5782,12,0.0,-0.06153118596564681,structural_group,unstratified,8675309
5783,12,-0.021288940384876134,-0.12065295376822043,structural_group,unstratified,8675309
5784,12,-0.00032093672392834866,-0.05710151308749709,structural_group,unstratified,8675309
5785,12,0.0,-0.06713648106906946,structural_group,unstratified,8675309
5786,12,-0.0034439534025555232,-0.06152413447377466,structural_group,unstratified,8675309
5787,12,0.0,-0.058007924913033214,structural_group,unstratified,8675309
5788,12,-0.0034439534025555232,-0.11170062670518949,structural_group,unstratified,8675309
5789,12,-0.0006418734478566973,-0.008941135184420102,structural_group,unstratified,8675309
5790,12,-0.0034439534025555232,-0.06478794714895474,structural_group,unstratified,8675309
5791,12,-0.036226347372473364,-0.13108832158760236,structural_group,unstratified,8675309
5792,12,-0.03190181503291841,-0.0313395119925973,structural_group,unstratified,8675309
5793,12,-0.005658969592345277,-0.11285716494805385,structural_group,unstratified,8675309
5794,12,-0.006246033357254349,-0.016152032287663622,structural_group,unstratified,8675309
5795,12,-0.00032093672392834866,-0.011718662718133356,structural_group,unstratified,8675309
5796,12,-0.0034439534025555232,-0.06607255790411405,structural_group,unstratified,8675309
5797,12,-0.010676065736833856,-0.024559616718653265,structural_group,unstratified,8675309
5798,12,-0.005658969592345277,-0.06101883918327475,structural_group,unstratified,8675309
5799,12,-0.00032093672392834866,-0.062428170448577965,structural_group,unstratified,8675309
5800,12,-0.036226347372473364,-0.07779707962758055,structural_group,unstratified,8675309
5801,12,-0.03190181503291841,-0.12438615561991646,structural_group,unstratified,8675309
5802,12,0.0,-0.05725522235303614,structural_group,unstratified,8675309
5803,12,-0.04055087971202831,-0.13259644585542754,structural_group,unstratified,8675309
5804,12,0.0,-0.005848003800056195,structural_group,unstratified,8675309
5805,12,-0.010676065736833856,-0.018209036775928226,structural_group,unstratified,8675309
5806,12,-0.008461049547044103,-0.12599375862424764,structural_group,unstratified,8675309
5807,12,-0.01907392419508638,-0.1274314214128077,structural_group,unstratified,8675309
5808,12,0.0,-0.05982555116722229,structural_group,unstratified,8675309
5809,12,-0.00032093672392834866,-0.0073260320086187625,structural_group,unstratified,8675309
5810,12,-0.03190181503291841,-0.1302757947789717,structural_group,unstratified,8675309
5811,12,-0.021288940384876134,-0.17196372526135617,structural_group,unstratified,8675309
5812,12,0.0,-0.012973044921815892,structural_group,unstratified,8675309
5813,12,-0.00032093672392834866,-0.11728340198114585,structural_group,unstratified,8675309
5814,12,-0.008461049547044103,-0.11843288873213804,structural_group,unstratified,8675309
5815,12,-0.010676065736833856,-0.020149508051634266,structural_group,unstratified,8675309
5816,12,-0.0006418734478566973,-0.010660917477791002,structural_group,unstratified,8675309
5817,12,-0.04055087971202831,-0.18132614035112446,structural_group,unstratified,8675309
5818,12,-0.006246033357254349,-0.0110103146649664,structural_group,unstratified,8675309
5819,12,-0.021288940384876134,-0.1257677367686348,structural_group,unstratified,8675309
5820,12,0.0,-0.1122655893742905,structural_group,unstratified,8675309
5821,12,-0.005658969592345277,-0.06841924071342019,structural_group,unstratified,8675309
5822,12,-0.0034439534025555232,-0.12129249949562836,structural_group,unstratified,8675309
5823,12,0.0,-0.05913251598582631,structural_group,unstratified,8675309
5824,12,-0.00032093672392834866,-0.11147822049639107,structural_group,unstratified,8675309
5825,12,0.0,-0.0027691601854331997,structural_group,unstratified,8675309
5826,12,-0.0031230166786271746,-0.068717337284393,structural_group,unstratified,8675309
5827,12,-0.005658969592345277,-0.062315962657692625,structural_group,unstratified,8675309
5828,12,-0.03983392994862024,-0.13270904862591906,structural_group,unstratified,8675309
5829,12,-0.008461049547044103,-0.11721784848749721,structural_group,unstratified,8675309
5830,12,-0.021288940384876134,-0.07221668020235698,structural_group,unstratified,8675309
5831,12,-0.00032093672392834866,-0.06290669457225184,structural_group,unstratified,8675309
5832,12,-0.008461049547044103,-0.06449829897082808,structural_group,unstratified,8675309
5833,12,-0.006246033357254349,-0.06530906124345288,structural_group,unstratified,8675309
5834,12,-0.021288940384876134,-0.07273718298212818,structural_group,unstratified,8675309
5835,12,0.0,-0.007392034181865383,structural_group,unstratified,8675309
5836,12,-0.00032093672392834866,-0.06516741601757446,structural_group,unstratified,8675309
5837,12,-0.0006418734478566973,-0.0687755023795204,structural_group,unstratified,8675309
5838,12,0.0,-0.10809898052038874,structural_group,unstratified,8675309
5839,12,-0.03190181503291841,-0.02149064912623319,structural_group,unstratified,8675309
5840,12,0.0,-0.16320795411709935,structural_group,unstratified,8675309
5841,12,-0.00032093672392834866,-0.05898575282965976,structural_group,unstratified,8675309
5842,12,-0.0034439534025555232,-0.012474084425961504,structural_group,unstratified,8675309
5843,12,0.0,-0.008954259218405619,structural_group,unstratified,8675309
5844,12,-0.00032093672392834866,-0.024412115285782254,structural_group,unstratified,8675309
5845,12,-0.00032093672392834866,-0.0653915867623787,structural_group,unstratified,8675309
5846,12,-0.0031230166786271746,-0.06062978668789914,structural_group,unstratified,8675309
5847,12,0.0,-0.004452192705616004,structural_group,unstratified,8675309
5848,12,-0.0006418734478566973,-0.011339193849513643,structural_group,unstratified,8675309
5849,12,-0.0031230166786271746,-0.1658725112452892,structural_group,unstratified,8675309
5850,12,0.0,-0.10535340015674675,structural_group,unstratified,8675309
5851,12,-0.0034439534025555232,-0.11653983436830673,structural_group,unstratified,8675309
5852,12,-0.0034439534025555232,-0.01117696095154362,structural_group,unstratified,8675309
5853,12,0.0,-0.06144672688513699,structural_group,unstratified,8675309
5854,12,-0.0006418734478566973,-0.01402494996452207,structural_group,unstratified,8675309
5855,12,-0.021288940384876134,-0.07351380367677486,structural_group,unstratified,8675309
5856,12,-0.006246033357254349,-0.06742715991934758,structural_group,unstratified,8675309
5857,12,0.0,-0.013226786985958578,structural_group,unstratified,8675309
5858,12,-0.03190181503291841,-0.07726678327638185,structural_group,unstratified,8675309
5859,12,0.0,-0.007884922135606421,structural_group,unstratified,8675309
5860,12,-0.0034439534025555232,-0.11757181036319087,structural_group,unstratified,8675309
5861,12,-0.006246033357254349,-0.06721996119982047,structural_group,unstratified,8675309
5862,12,-0.0006418734478566973,-0.009951172523650053,structural_group,unstratified,8675309
5863,12,0.0,-0.0076356393774823115,structural_group,unstratified,8675309
5864,12,-0.01907392419508638,-0.12632652151312276,structural_group,unstratified,8675309
5865,12,-0.006246033357254349,-0.11938943661737995,structural_group,unstratified,8675309
5866,12,-0.00032093672392834866,-0.008021891720345498,structural_group,unstratified,8675309
5867,12,-0.006246033357254349,-0.11695335824010179,structural_group,unstratified,8675309
5868,12,0.0,-0.008063975758942509,structural_group,unstratified,8675309
5869,12,0.0,-0.05533507649688952,structural_group,unstratified,8675309
5870,12,0.0,-0.06135759356969713,structural_group,unstratified,8675309
5871,12,-0.006246033357254349,-0.02128933652175365,structural_group,unstratified,8675309
5872,12,-0.036226347372473364,-0.1848813485738093,structural_group,unstratified,8675309
5873,12,-0.0006418734478566973,-0.061985075257444434,structural_group,unstratified,8675309
5874,12,-0.0006418734478566973,-0.006311244374132535,structural_group,unstratified,8675309
5875,12,0.0,-0.003143005191537518,structural_group,unstratified,8675309
5876,12,-0.01907392419508638,-0.07499183188533744,structural_group,unstratified,8675309
5877,12,-0.021288940384876134,-0.07270523581205693,structural_group,unstratified,8675309
5878,12,-0.0006418734478566973,-0.005304380392568261,structural_group,unstratified,8675309
5879,12,-0.00032093672392834866,-0.06643964381379325,structural_group,unstratified,8675309
5880,12,-0.03190181503291841,-0.1795091254116624,structural_group,unstratified,8675309
5881,12,-0.0034439534025555232,-0.06752719271795123,structural_group,unstratified,8675309
5882,12,0.0,-0.0002261029001789372,structural_group,unstratified,8675309
5883,12,-0.0034439534025555232,-0.06912302407806888,structural_group,unstratified,8675309
5884,12,0.0,-0.006166199836560434,structural_group,unstratified,8675309
5885,12,-0.0006418734478566973,-0.06828684138732077,structural_group,unstratified,8675309
5886,12,-0.0031230166786271746,-0.06077478530805985,structural_group,unstratified,8675309
5887,12,-0.0006418734478566973,-0.11033926559353084,structural_group,unstratified,8675309
5888,12,-0.005658969592345277,-0.06801585371015086,structural_group,unstratified,8675309
5889,12,0.0,-0.002402366671201044,structural_group,unstratified,8675309
5890,12,-0.021288940384876134,-0.01646208833612513,structural_group,unstratified,8675309
5891,12,-0.005658969592345277,-0.12103181132211317,structural_group,unstratified,8675309
5892,12,0.0,-0.06034605394699349,structural_group,unstratified,8675309
5893,12,-0.021288940384876134,-0.07290609973693851,structural_group,unstratified,8675309
5894,12,-0.008461049547044103,-0.010749073249681383,structural_group,unstratified,8675309
5895,12,0.0,-0.11522900568809123,structural_group,unstratified,8675309
5896,12,-0.0006418734478566973,-0.013938727754215723,structural_group,unstratified,8675309
5897,12,-0.00032093672392834866,-0.01481231884242147,structural_group,unstratified,8675309
5898,12,-0.008461049547044103,-0.12646077195003078,structural_group,unstratified,8675309
5899,12,0.0,-0.005574407927676305,structural_group,unstratified,8675309
5900,12,-0.0006418734478566973,-0.07056921049905986,structural_group,unstratified,8675309
5901,12,0.0,-0.009871465144605828,structural_group,unstratified,8675309
5902,12,-0.00032093672392834866,-0.05637608205643191,structural_group,unstratified,8675309
5903,12,-0.01907392419508638,-0.06933067147719393,structural_group,unstratified,8675309
5904,12,-0.0006418734478566973,-0.06171187436467072,structural_group,unstratified,8675309
5905,12,-0.00032093672392834866,-0.06860252129829768,structural_group,unstratified,8675309
5906,12,-0.005338032868416928,-0.02122890095839312,structural_group,unstratified,8675309
5907,12,0.0,-0.05843665627409959,structural_group,unstratified,8675309
5908,12,0.0,-0.019330065041686134,structural_group,unstratified,8675309
5909,12,0.0,-0.010831815103727964,structural_group,unstratified,8675309
5910,12,-0.010676065736833856,-0.01810673350909147,structural_group,unstratified,8675309
5911,12,-0.0006418734478566973,-0.06377878337698391,structural_group,unstratified,8675309
5912,12,-0.010676065736833856,-0.02197180994696271,structural_group,unstratified,8675309
5913,12,0.0,-0.009713296573048211,structural_group,unstratified,8675309
5914,12,0.0,-0.004122148964571943,structural_group,unstratified,8675309
5915,12,0.0,-0.006805529228847567,structural_group,unstratified,8675309
5916,12,-0.0031230166786271746,-0.06219140040971242,structural_group,unstratified,8675309
5917,12,-0.01907392419508638,-0.17237117659103793,structural_group,unstratified,8675309
5918,12,-0.0034439534025555232,-0.11247257175869683,structural_group,unstratified,8675309
5919,12,-0.005658969592345277,-0.018965803662337712,structural_group,unstratified,8675309
5920,12,-0.05477133693621747,-0.09052683328881955,structural_group,unstratified,8675309
5921,12,0.0,-0.006126857877518754,structural_group,unstratified,8675309
5922,12,-0.006246033357254349,-0.009641565154786503,structural_group,unstratified,8675309
5923,12,-0.00032093672392834866,-0.06467083137245286,structural_group,unstratified,8675309
5924,12,0.0,-0.00367663200529423,structural_group,unstratified,8675309
5925,12,-0.05477133693621747,-0.2884958459214126,structural_group,unstratified,8675309
5926,12,-0.010676065736833856,-0.07050135721500467,structural_group,unstratified,8675309
5927,12,-0.021288940384876134,-0.07164031211786492,structural_group,unstratified,8675309
5928,12,-0.0031230166786271746,-0.06585860008816183,structural_group,unstratified,8675309
5929,12,-0.006246033357254349,-0.2223740764265031,structural_group,unstratified,8675309
5930,12,-0.0031230166786271746,-0.013965236668509587,structural_group,unstratified,8675309
5931,12,-0.008461049547044103,-0.024172969396183897,structural_group,unstratified,8675309
5932,12,-0.0031230166786271746,-0.06326435313932606,structural_group,unstratified,8675309
5933,12,0.0,-0.05580208982267266,structural_group,unstratified,8675309
5934,12,-0.00032093672392834866,-0.011349493353168398,structural_group,unstratified,8675309
5935,12,0.0,-0.014270168396233775,structural_group,unstratified,8675309
5936,12,0.0,-0.004132897147824655,structural_group,unstratified,8675309
5937,12,-0.0034439534025555232,-0.12510408647951152,structural_group,unstratified,8675309
5938,12,-0.0006418734478566973,-0.00720091651886869,structural_group,unstratified,8675309
5939,12,-0.005658969592345277,-0.11736461164366374,structural_group,unstratified,8675309
5940,12,-0.00032093672392834866,-0.016813225681488037,structural_group,unstratified,8675309
5941,12,0.0,-0.008173330517651428,structural_group,unstratified,8675309
5942,12,-0.008461049547044103,-0.07007869839605164,structural_group,unstratified,8675309
5943,12,0.0,-0.005980094721352182,structural_group,unstratified,8675309
5944,12,0.0,-0.0015767158285848772,structural_group,unstratified,8675309
5945,12,-0.04055087971202831,-0.13502001151344714,structural_group,unstratified,8675309
5946,12,-0.00032093672392834866,-0.006729443887066976,structural_group,unstratified,8675309
5947,12,-0.0006418734478566973,-0.06414795274194887,structural_group,unstratified,8675309
5948,12,0.0,-0.06558561553050889,structural_group,unstratified,8675309
5949,12,-0.0006418734478566973,-0.007025775922033936,structural_group,unstratified,8675309
5950,12,-0.0034439534025555232,-0.060459105397082956,structural_group,unstratified,8675309
5951,12,-0.00032093672392834866,-0.05876780592687994,structural_group,unstratified,8675309
5952,12,-0.01907392419508638,-0.023625195087480816,structural_group,unstratified,8675309
5953,12,-0.0034439534025555232,-0.02396664424391592,structural_group,unstratified,8675309
5954,12,-0.00032093672392834866,-0.056374685155457925,structural_group,unstratified,8675309
5955,12,-0.00032093672392834866,-0.012783691794825051,structural_group,unstratified,8675309
5956,12,0.0,0.00020262846088743222,structural_group,unstratified,8675309
5957,12,-0.010676065736833856,-0.06668977023112148,structural_group,unstratified,8675309
5958,12,-0.010676065736833856,-0.12114723862293546,structural_group,unstratified,8675309
5959,12,-0.00032093672392834866,-0.007906464419523225,structural_group,unstratified,8675309
5960,12,-0.00032093672392834866,-0.009820275481024328,structural_group,unstratified,8675309
5961,12,-0.03190181503291841,-0.127016046430204,structural_group,unstratified,8675309
5962,12,0.0,-0.00485365253775048,structural_group,unstratified,8675309
5963,12,-0.0031230166786271746,-0.11598160286558862,structural_group,unstratified,8675309
5964,12,-0.05477133693621747,-0.23543669835911693,structural_group,unstratified,8675309
5965,12,-0.006246033357254349,-0.12016368146129382,structural_group,unstratified,8675309
5966,12,-0.006246033357254349,-0.06976301848507474,structural_group,unstratified,8675309
5967,12,0.0,-0.015831782118047057,structural_group,unstratified,8675309
5968,12,-0.005338032868416928,-0.11920950942678472,structural_group,unstratified,8675309
5969,12,0.0,-0.014758829388433412,structural_group,unstratified,8675309
5970,12,-0.010676065736833856,-0.17258196104932447,structural_group,unstratified,8675309
5971,12,-0.00032093672392834866,-0.06741414126786176,structural_group,unstratified,8675309
5972,12,-0.010676065736833856,-0.01843656091501475,structural_group,unstratified,8675309
5973,12,-0.015950907516459206,-0.06930912919327713,structural_group,unstratified,8675309
5974,12,-0.0006418734478566973,-0.005481134225497793,structural_group,unstratified,8675309
5975,12,-0.021288940384876134,-0.12891443366731306,structural_group,unstratified,8675309
5976,12,-0.0034439534025555232,-0.0124740844259615,structural_group,unstratified,8675309
5977,12,-0.0031230166786271746,-0.06303225874159989,structural_group,unstratified,8675309
5978,12,-0.00032093672392834866,-0.001525526165003376,structural_group,unstratified,8675309
5979,12,-0.03190181503291841,-0.12634878049426626,structural_group,unstratified,8675309
5980,12,-0.0034439534025555232,-0.11637936600634254,structural_group,unstratified,8675309
5981,12,0.0,-0.07210080422193675,structural_group,unstratified,8675309
5982,12,-0.0031230166786271746,-0.06017352154536871,structural_group,unstratified,8675309
5983,12,0.0,-0.062142586596863725,structural_group,unstratified,8675309
5984,12,0.0,-0.00320855868518618,structural_group,unstratified,8675309
5985,12,-0.021288940384876134,-0.1254544327083907,structural_group,unstratified,8675309
5986,12,-0.005658969592345277,-0.1738025505023638,structural_group,unstratified,8675309
5987,12,-0.005338032868416928,-0.009347346718020184,structural_group,unstratified,8675309
5988,12,-0.005658969592345277,-0.06615614341736477,structural_group,unstratified,8675309
5989,12,-0.00032093672392834866,-0.11421139352327421,structural_group,unstratified,8675309
5990,12,0.0,-0.06071989895309781,structural_group,unstratified,8675309
5991,12,-0.006246033357254349,-0.11881306853288788,structural_group,unstratified,8675309
5992,12,-0.0034439534025555232,-0.012962745418161137,structural_group,unstratified,8675309
5993,12,-0.008461049547044103,-0.12020170117347843,structural_group,unstratified,8675309
5994,12,0.0,-0.005848003800056195,structural_group,unstratified,8675309
5995,12,-0.006246033357254349,-0.06528046746766392,structural_group,unstratified,8675309
5996,12,-0.0006418734478566973,-0.06224956550483984,structural_group,unstratified,8675309
5997,12,0.0,-0.020796105270914345,structural_group,unstratified,8675309
5998,12,0.0,-0.013173297531970522,structural_group,unstratified,8675309
5999,12,0.0,-0.056691761967408806,structural_group,unstratified,8675309
6000,12,-0.0034439534025555232,-0.06247197171363824,structural_group,unstratified,8675309
6001,12,-0.0034439534025555232,-0.06566302311914655,structural_group,unstratified,8675309
6002,12,-0.006246033357254349,-0.012290803841084011,structural_group,unstratified,8675309
6003,12,-0.008461049547044103,-0.07136330915121097,structural_group,unstratified,8675309
6004,12,0.0,-0.013922646697685314,structural_group,unstratified,8675309
6005,12,-0.036226347372473364,-0.18020260927265627,structural_group,unstratified,8675309
6006,12,-0.006246033357254349,-0.013226681603458884,structural_group,unstratified,8675309
6007,12,-0.0034439534025555232,-0.05721456453758656,structural_group,unstratified,8675309
6008,12,-0.01907392419508638,-0.07973198429340049,structural_group,unstratified,8675309
6009,12,-0.0006418734478566973,-0.013188767273773975,structural_group,unstratified,8675309
6010,12,-0.0031230166786271746,-0.07335281057488648,structural_group,unstratified,8675309
6011,12,0.0,-0.06066640949910975,structural_group,unstratified,8675309
6012,12,-0.00032093672392834866,-0.017758763130945054,structural_group,unstratified,8675309
6013,12,-0.008461049547044103,-0.020476198398396043,structural_group,unstratified,8675309
6014,12,-0.0034439534025555232,-0.018630851935677113,structural_group,unstratified,8675309
6015,12,-0.008461049547044103,-0.06776211164600819,structural_group,unstratified,8675309
6016,12,0.0,0.0011305825703403552,structural_group,unstratified,8675309
6017,12,-0.021288940384876134,-0.017481551611750717,structural_group,unstratified,8675309
6018,12,-0.0034439534025555232,-0.01638087867360722,structural_group,unstratified,8675309
6019,12,-0.008461049547044103,-0.12221958003782214,structural_group,unstratified,8675309
6020,12,-0.03190181503291841,-0.07177588480163002,structural_group,unstratified,8675309
6021,12,0.0,-0.12066501780788103,structural_group,unstratified,8675309
6022,12,-0.008461049547044103,-0.07302514268457523,structural_group,unstratified,8675309
6023,12,-0.03190181503291841,-0.17877339487694235,structural_group,unstratified,8675309
6024,12,-0.0031230166786271746,-0.013613039328821767,structural_group,unstratified,8675309
6025,12,-0.008461049547044103,-0.06496998793775059,structural_group,unstratified,8675309
6026,12,-0.0006418734478566973,-0.010213362980638895,structural_group,unstratified,8675309
6027,12,0.0,-0.06866852347154428,structural_group,unstratified,8675309
6028,12,0.0,-0.001679235430542416,structural_group,unstratified,8675309
6029,12,-0.05044680459666252,-0.13750551501830094,structural_group,unstratified,8675309
6030,12,-0.005338032868416928,-0.02038865394123262,structural_group,unstratified,8675309
6031,12,-0.005658969592345277,-0.12232893479653106,structural_group,unstratified,8675309
6032,12,0.0,-0.00799797358569589,structural_group,unstratified,8675309
6033,12,-0.008461049547044103,-0.07735723244822959,structural_group,unstratified,8675309
6034,12,-0.01907392419508638,-0.1256377132932682,structural_group,unstratified,8675309
6035,12,-0.00032093672392834866,-0.06597263048801011,structural_group,unstratified,8675309
6036,12,0.0,-0.008693833297422624,structural_group,unstratified,8675309
6037,12,-0.0034439534025555232,-0.0075119207887062315,structural_group,unstratified,8675309
6038,12,-0.00032093672392834866,-0.004130521297091852,structural_group,unstratified,8675309
6039,12,-0.008461049547044103,-0.07125633024323484,structural_group,unstratified,8675309
6040,12,-0.006246033357254349,-0.013065048684997894,structural_group,unstratified,8675309
6041,12,-0.03190181503291841,-0.07788523539947093,structural_group,unstratified,8675309
6042,12,-0.00032093672392834866,-0.059337338854620614,structural_group,unstratified,8675309
6043,12,-0.008461049547044103,-0.02165850588671861,structural_group,unstratified,8675309
6044,12,-0.005658969592345277,-0.16961247219341036,structural_group,unstratified,8675309
6045,12,-0.0034439534025555232,-0.119577176508276,structural_group,unstratified,8675309
6046,12,-0.0034439534025555232,-0.006996204602695485,structural_group,unstratified,8675309
6047,12,-0.0006418734478566973,-0.058147194288178855,structural_group,unstratified,8675309
6048,12,-0.006246033357254349,-0.01932995965918644,structural_group,unstratified,8675309
6049,12,-0.00032093672392834866,-0.0033072463052084885,structural_group,unstratified,8675309
6050,12,-0.0006418734478566973,-0.008365640667187162,structural_group,unstratified,8675309
6051,12,-0.00032093672392834866,-0.06456615225488331,structural_group,unstratified,8675309
6052,12,-0.005658969592345277,-0.0737754693938395,structural_group,unstratified,8675309
6053,12,-0.021288940384876134,-0.12807825097656494,structural_group,unstratified,8675309
6054,12,-0.00032093672392834866,-0.0094640138149241,structural_group,unstratified,8675309
6055,12,-0.0006418734478566973,-0.11840192051182563,structural_group,unstratified,8675309
6056,12,-0.021288940384876134,-0.1285069823376313,structural_group,unstratified,8675309
6057,12,-0.006246033357254349,-0.017094582571660882,structural_group,unstratified,8675309
6058,12,-0.03190181503291841,-0.2278936740595436,structural_group,unstratified,8675309
6059,12,-0.0006418734478566973,-0.062354244622409405,structural_group,unstratified,8675309
6060,12,-0.008461049547044103,-0.06769610947276154,structural_group,unstratified,8675309
6061,12,-0.0034439534025555232,-0.1151357319859127,structural_group,unstratified,8675309
6062,12,-0.04055087971202831,-0.18900623961793658,structural_group,unstratified,8675309
6063,12,-0.005338032868416928,-0.11683943322275321,structural_group,unstratified,8675309
6064,12,-0.00032093672392834866,-0.06016744900325536,structural_group,unstratified,8675309
6065,12,-0.021288940384876134,-0.07464024586037657,structural_group,unstratified,8675309
6066,12,0.0,-0.013687727769628365,structural_group,unstratified,8675309
6067,12,-0.006246033357254349,-0.01715044787638174,structural_group,unstratified,8675309
6068,12,-0.008461049547044103,-0.017265875177204015,structural_group,unstratified,8675309
6069,12,0.0,-0.05460748595021231,structural_group,unstratified,8675309
6070,12,0.0,-0.00799797358569589,structural_group,unstratified,8675309
6071,12,-0.00032093672392834866,-0.009790704161685877,structural_group,unstratified,8675309
6072,12,-0.021288940384876134,-0.020396048730203047,structural_group,unstratified,8675309
6073,12,-0.010676065736833856,-0.02191832049297465,structural_group,unstratified,8675309
6074,12,0.0,-0.06285320511826378,structural_group,unstratified,8675309
6075,12,-0.010676065736833856,-0.2223381703125191,structural_group,unstratified,8675309
6076,12,-0.01907392419508638,-0.12461825001764264,structural_group,unstratified,8675309
6077,12,0.0,-0.017013478291642667,structural_group,unstratified,8675309
6078,12,-0.0031230166786271746,-0.1159816028655886,structural_group,unstratified,8675309
6079,12,0.0,-0.00663898832477004,structural_group,unstratified,8675309
6080,12,-0.01907392419508638,-0.07319812376579797,structural_group,unstratified,8675309
6081,12,-0.006246033357254349,-0.06334176072796374,structural_group,unstratified,8675309
6082,12,-0.0031230166786271746,-0.012318075370015905,structural_group,unstratified,8675309
6083,12,-0.008461049547044103,-0.019034687618544394,structural_group,unstratified,8675309
6084,12,-0.0034439534025555232,-0.01154613031650858,structural_group,unstratified,8675309
6085,12,-0.006246033357254349,-0.06371093009292869,structural_group,unstratified,8675309
6086,12,-0.021288940384876134,-0.17629819087574336,structural_group,unstratified,8675309
6087,12,-0.008461049547044103,-0.0668683751748596,structural_group,unstratified,8675309
6088,12,-0.0031230166786271746,-0.0629127671143652,structural_group,unstratified,8675309
6089,12,-0.008461049547044103,-0.17314074579381242,structural_group,unstratified,8675309
6090,12,-0.021288940384876134,-0.1784849864948974,structural_group,unstratified,8675309
6091,12,-0.03190181503291841,-0.12984706341790533,structural_group,unstratified,8675309
6092,12,-0.0006418734478566973,-0.11770606080009886,structural_group,unstratified,8675309
6093,12,-0.015950907516459206,-0.0731207161771603,structural_group,unstratified,8675309
6094,12,-0.010676065736833856,-0.12059478867309299,structural_group,unstratified,8675309
6095,12,-0.005658969592345277,-0.06582499376458441,structural_group,unstratified,8675309
6096,12,-0.021288940384876134,-0.12504090883659563,structural_group,unstratified,8675309
6097,12,-0.00032093672392834866,-0.11456173975215346,structural_group,unstratified,8675309
6098,12,-0.005658969592345277,-0.12036454538617541,structural_group,unstratified,8675309
6099,12,0.0,-0.00023077854131829724,structural_group,unstratified,8675309
6100,12,-0.006246033357254349,-0.07392680280864573,structural_group,unstratified,8675309
6101,12,0.0,-0.1145331459763645,structural_group,unstratified,8675309
6102,12,-0.006246033357254349,-0.12175951282141147,structural_group,unstratified,8675309
6103,12,-0.0006418734478566973,-0.06282593358933189,structural_group,unstratified,8675309
6104,12,-0.0006418734478566973,-0.06514697964539394,structural_group,unstratified,8675309
6105,12,-0.005658969592345277,-0.12006583750047566,structural_group,unstratified,8675309
6106,12,-0.016271844240387554,-0.07345186582994065,structural_group,unstratified,8675309
6107,12,-0.03190181503291841,-0.025394618843548142,structural_group,unstratified,8675309
6108,12,-0.008461049547044103,-0.06587380757743312,structural_group,unstratified,8675309
6109,12,-0.0034439534025555232,-0.019827755598544015,structural_group,unstratified,8675309
6110,12,-0.00032093672392834866,-0.0643589535353562,structural_group,unstratified,8675309
6111,12,-0.010676065736833856,-0.07050135721500467,structural_group,unstratified,8675309
6112,12,-0.00032093672392834866,-0.0573087118070242,structural_group,unstratified,8675309
6113,12,-0.010676065736833856,-0.11985011514851755,structural_group,unstratified,8675309
6114,12,0.0,-0.0019888427994059644,structural_group,unstratified,8675309
6115,12,0.0,-0.0063196927669786915,structural_group,unstratified,8675309
6116,12,0.0,-0.006587798661188539,structural_group,unstratified,8675309
6117,12,-0.00032093672392834866,-0.10935782203008987,structural_group,unstratified,8675309
6118,12,-0.01907392419508638,-0.02831185804155581,structural_group,unstratified,8675309
6119,12,0.0,-0.055491085552835114,structural_group,unstratified,8675309
6120,12,-0.006246033357254349,-0.06695777074283164,structural_group,unstratified,8675309
6121,12,-0.0006418734478566973,-0.012964596528969738,structural_group,unstratified,8675309
6122,12,-0.00032093672392834866,-0.12014213917737702,structural_group,unstratified,8675309
6123,12,-0.010676065736833856,-0.12172123085669473,structural_group,unstratified,8675309
6124,12,-0.025613472724431083,-0.22862496129760132,structural_group,unstratified,8675309
6125,12,-0.010676065736833856,-0.06798451785480657,structural_group,unstratified,8675309
6126,12,0.0,-0.013148401853771433,structural_group,unstratified,8675309
6127,12,-0.0031230166786271746,-0.012540697913935077,structural_group,unstratified,8675309
6128,12,-0.005658969592345277,-0.016331848525637738,structural_group,unstratified,8675309
6129,12,-0.006246033357254349,-0.014400086489100688,structural_group,unstratified,8675309
6130,12,-0.025613472724431083,-0.1250783172340533,structural_group,unstratified,8675309
6131,12,-0.03190181503291841,-0.1259796111293013,structural_group,unstratified,8675309
6132,12,-0.010676065736833856,-0.07635297666187531,structural_group,unstratified,8675309
6133,12,-0.03190181503291841,-0.08063142707783988,structural_group,unstratified,8675309
6134,12,-0.01907392419508638,-0.02342731832805899,structural_group,unstratified,8675309
6135,12,-0.006246033357254349,-0.11881306853288787,structural_group,unstratified,8675309
6136,12,-0.0031230166786271746,-0.0639602128510528,structural_group,unstratified,8675309
6137,12,-0.006246033357254349,-0.12057720533308891,structural_group,unstratified,8675309
6138,12,0.0,-0.058349822749066284,structural_group,unstratified,8675309
6139,12,-0.005658969592345277,-0.017379905577052296,structural_group,unstratified,8675309
6140,12,0.0,-0.005743324682486635,structural_group,unstratified,8675309
6141,12,-0.008461049547044103,-0.12212868218637644,structural_group,unstratified,8675309
6142,12,-0.0006418734478566973,-0.012260813164321052,structural_group,unstratified,8675309
6143,12,-0.00032093672392834866,-0.006978510310070303,structural_group,unstratified,8675309
6144,12,-0.006246033357254349,-0.06412912960586313,structural_group,unstratified,8675309
6145,12,-0.0031230166786271746,-0.06347155185885316,structural_group,unstratified,8675309
6146,12,-0.021288940384876134,-0.17389070627425418,structural_group,unstratified,8675309
6147,12,0.0,-0.0032432250030885006,structural_group,unstratified,8675309
6148,12,-0.00032093672392834866,-0.05767788117198915,structural_group,unstratified,8675309
6149,12,-0.005338032868416928,-0.0681166848364288,structural_group,unstratified,8675309
6150,12,0.0,-0.01310950857432771,structural_group,unstratified,8675309
6151,12,-0.03190181503291841,-0.1362323096785327,structural_group,unstratified,8675309
6152,12,-0.0034439534025555232,-0.061697726869724356,structural_group,unstratified,8675309
6153,12,-0.0034439534025555232,-0.014665555686254899,structural_group,unstratified,8675309
6154,12,0.0,-0.06061054419438888,structural_group,unstratified,8675309
6155,12,-0.005338032868416928,-0.07145658285338947,structural_group,unstratified,8675309
6156,12,-0.0006418734478566973,-0.0227253860742189,structural_group,unstratified,8675309
6157,12,-0.008461049547044103,-0.017639108868581378,structural_group,unstratified,8675309
6158,12,-0.008461049547044103,-0.015870296427241,structural_group,unstratified,8675309
6159,12,-0.008461049547044103,-0.023559192914234195,structural_group,unstratified,8675309
6160,12,-0.0034439534025555232,-0.010231423502086603,structural_group,unstratified,8675309
6161,12,-0.0034439534025555232,-0.01284325379092646,structural_group,unstratified,8675309
6162,12,-0.0031230166786271746,-0.019418220813576515,structural_group,unstratified,8675309
6163,12,-0.010676065736833856,-0.015905574059870278,structural_group,unstratified,8675309
6164,12,-0.00032093672392834866,-0.11372555706140536,structural_group,unstratified,8675309
6165,12,-0.0006418734478566973,-0.0051119648605328335,structural_group,unstratified,8675309
6166,12,-0.0031230166786271746,-0.06513784469823601,structural_group,unstratified,8675309
6167,12,0.0,-0.05626770624748181,structural_group,unstratified,8675309
6168,12,-0.05477133693621747,-0.28858674377285826,structural_group,unstratified,8675309
6169,12,-0.025613472724431083,-0.13116908257052232,structural_group,unstratified,8675309
6170,12,-0.005658969592345277,-0.07068463779988216,structural_group,unstratified,8675309
6171,12,-0.010676065736833856,-0.1242380702168928,structural_group,unstratified,8675309
6172,12,-0.0006418734478566973,-0.06605101562019725,structural_group,unstratified,8675309
6173,12,0.0,-0.007132219575609343,structural_group,unstratified,8675309
6174,12,-0.021288940384876134,-0.12308435650435921,structural_group,unstratified,8675309
6175,12,0.0,-0.059879040621210355,structural_group,unstratified,8675309
6176,12,-0.00032093672392834866,-0.06150021633912503,structural_group,unstratified,8675309
6177,12,0.0,-0.006088838165334148,structural_group,unstratified,8675309
6178,12,0.0,-0.011063909501454151,structural_group,unstratified,8675309
6179,12,-0.0006418734478566973,-0.010445457378365082,structural_group,unstratified,8675309
6180,12,-0.0034439534025555232,-0.06782590060365097,structural_group,unstratified,8675309
6181,12,-0.0034439534025555232,-0.1728035235989187,structural_group,unstratified,8675309
6182,12,-0.04055087971202831,-0.12627076159090164,structural_group,unstratified,8675309
6183,12,0.0,-0.01629272290171684,structural_group,unstratified,8675309
6184,12,0.0,-0.05809140504378423,structural_group,unstratified,8675309
6185,12,0.0,-0.061907667668806766,structural_group,unstratified,8675309
6186,12,-0.0034439534025555232,-0.017101634063533048,structural_group,unstratified,8675309
6187,12,0.0,-0.007287966379022778,structural_group,unstratified,8675309
6188,12,-0.0031230166786271746,-0.06681895004728396,structural_group,unstratified,8675309
6189,12,-0.021288940384876134,-0.12377377603894073,structural_group,unstratified,8675309
6190,12,-0.0034439534025555232,-0.06389421067780619,structural_group,unstratified,8675309
6191,12,0.0,-0.006441035505021967,structural_group,unstratified,8675309
6192,12,-0.010676065736833856,-0.11628054309576556,structural_group,unstratified,8675309
6193,12,0.0,-0.007568002428547875,structural_group,unstratified,8675309
6194,12,-0.0034439534025555232,-0.11522662983735843,structural_group,unstratified,8675309
6195,12,-0.006246033357254349,-0.06236031716452275,structural_group,unstratified,8675309
6196,12,-0.03761891375883049,-0.18222003945740198,structural_group,unstratified,8675309
6197,12,-0.01907392419508638,-0.1238974946277168,structural_group,unstratified,8675309
6198,12,0.0,-0.11936789433346313,structural_group,unstratified,8675309
6199,12,-0.021288940384876134,-0.180908552152917,structural_group,unstratified,8675309
6200,12,-0.0031230166786271746,-0.11350684754398753,structural_group,unstratified,8675309
6201,12,-0.021288940384876134,-0.12302849119963837,structural_group,unstratified,8675309
6202,12,0.0,-0.05331036247579443,structural_group,unstratified,8675309
6203,12,-0.015950907516459206,-0.0693091291932771,structural_group,unstratified,8675309
6204,12,0.0,-0.05846057440874919,structural_group,unstratified,8675309
6205,12,-0.0034439534025555232,-0.014140377265344341,structural_group,unstratified,8675309
6206,12,-0.010676065736833856,-0.022791020612433665,structural_group,unstratified,8675309
6207,12,-0.005658969592345277,-0.0669800297239751,structural_group,unstratified,8675309
6208,12,-0.021288940384876134,-0.028244004757500593,structural_group,unstratified,8675309
6209,12,-0.00032093672392834866,-0.014298762172022741,structural_group,unstratified,8675309
6210,12,-0.02339845653464133,-0.1779469003751221,structural_group,unstratified,8675309
6211,12,-0.0006418734478566973,-0.0601291670385386,structural_group,unstratified,8675309
6212,12,-0.0034439534025555232,-0.015213329994957987,structural_group,unstratified,8675309
6213,12,-0.006246033357254349,-0.2190543984466021,structural_group,unstratified,8675309
6214,12,-0.008461049547044103,-0.12599375862424766,structural_group,unstratified,8675309
6215,12,-0.036226347372473364,-0.024815788333520536,structural_group,unstratified,8675309
6216,12,-0.00032093672392834866,-0.06528690764480913,structural_group,unstratified,8675309
6217,12,-0.0034439534025555232,-0.06380650358551375,structural_group,unstratified,8675309
6218,12,-0.0034439534025555232,-0.06519133415222406,structural_group,unstratified,8675309
6219,12,-0.00032093672392834866,-0.007797720975541261,structural_group,unstratified,8675309
6220,12,-0.03761891375883049,-0.18216655000341397,structural_group,unstratified,8675309
6221,12,-0.0031230166786271746,-0.004495015020917451,structural_group,unstratified,8675309
6222,12,-0.005658969592345277,-0.018701924729669268,structural_group,unstratified,8675309
6223,12,0.0,-0.009513043962893583,structural_group,unstratified,8675309
6224,12,-0.006246033357254349,-0.06332859077656683,structural_group,unstratified,8675309
6225,12,-0.0006418734478566973,-0.011958040952208884,structural_group,unstratified,8675309
6226,12,-0.0034439534025555232,-0.06696014659356443,structural_group,unstratified,8675309
6227,12,0.0,-0.006464080072412459,structural_group,unstratified,8675309
6228,12,-0.0031230166786271746,-0.11289077127163127,structural_group,unstratified,8675309
6229,12,0.0,-0.011675921447398012,structural_group,unstratified,8675309
6230,12,-0.006246033357254349,-0.00937857719086479,structural_group,unstratified,8675309
6231,12,0.0,0.005965114592318213,structural_group,unstratified,8675309
6232,12,0.0,-0.06020546871543997,structural_group,unstratified,8675309
6233,12,-0.0031230166786271746,-0.06824410011658542,structural_group,unstratified,8675309
6234,12,0.0,-0.004672223063681588,structural_group,unstratified,8675309
6235,12,-0.016271844240387554,-0.07250693969521059,structural_group,unstratified,8675309
6236,12,-0.01907392419508638,-0.12519224225140188,structural_group,unstratified,8675309
6237,12,-0.0006418734478566973,-0.006189376896165055,structural_group,unstratified,8675309
6238,12,-0.008461049547044103,-0.07183499811813346,structural_group,unstratified,8675309
6239,12,-0.010676065736833856,-0.12114486277220264,structural_group,unstratified,8675309
6240,12,-0.010676065736833856,-0.017112165911664975,structural_group,unstratified,8675309
6241,12,-0.010676065736833856,-0.06905984643515302,structural_group,unstratified,8675309
6242,12,-0.021288940384876134,-0.07582801457608553,structural_group,unstratified,8675309
6243,12,0.0,-0.05806141436702127,structural_group,unstratified,8675309
6244,12,-0.006246033357254349,-0.008357349379233355,structural_group,unstratified,8675309
6245,12,-0.036226347372473364,-0.13192450427835042,structural_group,unstratified,8675309
6246,12,-0.006246033357254349,-0.015364663409764223,structural_group,unstratified,8675309
6247,12,-0.005658969592345277,-0.0641096707772321,structural_group,unstratified,8675309
6248,12,-0.008461049547044103,-0.1178804387822956,structural_group,unstratified,8675309
6249,12,0.0,-0.008838831917583346,structural_group,unstratified,8675309
6250,12,-0.03190181503291841,-0.1764735478076989,structural_group,unstratified,8675309
6251,12,-0.0031230166786271746,-0.01657645564262249,structural_group,unstratified,8675309
6252,12,-0.00032093672392834866,-0.06514252033937536,structural_group,unstratified,8675309
6253,12,-0.005338032868416928,-0.011390121260562982,structural_group,unstratified,8675309
6254,12,-0.006246033357254349,-0.11600782079064477,structural_group,unstratified,8675309
6255,12,-0.0034439534025555232,-0.009734838856965017,structural_group,unstratified,8675309
6256,12,-0.0034439534025555232,-0.06685992678201347,structural_group,unstratified,8675309
6257,12,-0.00032093672392834866,-0.05461194525623089,structural_group,unstratified,8675309
6258,12,-0.0006418734478566973,-0.06342719735202304,structural_group,unstratified,8675309
6259,12,0.0,-0.058490145728087646,structural_group,unstratified,8675309
6260,12,0.0,-0.012009446950911168,structural_group,unstratified,8675309
6261,12,-0.008461049547044103,-0.07492582971209079,structural_group,unstratified,8675309
6262,12,0.0,-0.057824644328155726,structural_group,unstratified,8675309
6263,12,-0.008461049547044103,-0.06573955714052511,structural_group,unstratified,8675309
6264,12,0.0,-0.058291657653938865,structural_group,unstratified,8675309
6265,12,-0.03190181503291841,-0.17638634664763375,structural_group,unstratified,8675309
6266,12,-0.03190181503291841,-0.0791823588738888,structural_group,unstratified,8675309
6267,12,-0.021288940384876134,-0.07153505043635207,structural_group,unstratified,8675309
6268,12,0.0,-0.0006977918671014349,structural_group,unstratified,8675309
6269,12,-0.010676065736833856,-0.06767728633667582,structural_group,unstratified,8675309
6270,12,-0.010676065736833856,-0.07243441077001601,structural_group,unstratified,8675309
6271,12,0.0,-0.007607261936814126,structural_group,unstratified,8675309
6272,12,-0.00032093672392834866,-0.06386236889023462,structural_group,unstratified,8675309
6273,12,-0.01907392419508638,-0.12304346634443243,structural_group,unstratified,8675309
6274,12,-0.008461049547044103,-0.012406231141906284,structural_group,unstratified,8675309
6275,12,0.0,-0.06141108302368519,structural_group,unstratified,8675309
6276,12,-0.0034439534025555232,-0.06277006828461104,structural_group,unstratified,8675309
6277,12,-0.006246033357254349,-0.06365744063894063,structural_group,unstratified,8675309
6278,12,-0.005658969592345277,-0.016136271556622468,structural_group,unstratified,8675309
6279,12,-0.008461049547044103,-0.07073345161273085,structural_group,unstratified,8675309
6280,12,-0.006246033357254349,-0.023029555187305057,structural_group,unstratified,8675309
6281,12,-0.00032093672392834866,-0.06470040269179132,structural_group,unstratified,8675309
6282,12,-0.008461049547044103,-0.020476198398396043,structural_group,unstratified,8675309
6283,12,0.0,-0.011063909501454151,structural_group,unstratified,8675309
6284,12,-0.00032093672392834866,-0.008887645730432043,structural_group,unstratified,8675309
6285,12,0.0,-0.06688273900492676,structural_group,unstratified,8675309
6286,12,-0.0006418734478566973,-0.010213362980638895,structural_group,unstratified,8675309
6287,12,-0.006246033357254349,-0.11689986878611373,structural_group,unstratified,8675309
6288,12,-0.00032093672392834866,-0.06467083137245287,structural_group,unstratified,8675309
6289,12,0.0,-0.003752979599606984,structural_group,unstratified,8675309
6290,12,-0.01907392419508638,-0.1207531735797714,structural_group,unstratified,8675309
6291,12,-0.00032093672392834866,-0.0070986132520319345,structural_group,unstratified,8675309
6292,12,0.0,-0.06852413616611053,structural_group,unstratified,8675309
6293,12,-0.006246033357254349,-0.01615142097293667,structural_group,unstratified,8675309
6294,12,-0.0034439534025555232,-0.06324391676714555,structural_group,unstratified,8675309
6295,12,0.0,-0.06667554028539967,structural_group,unstratified,8675309
6296,12,-0.0034439534025555232,-0.0030894103550497664,structural_group,unstratified,8675309
6297,12,-0.008461049547044103,-0.008624215477361556,structural_group,unstratified,8675309
6298,12,0.0,-0.06725190836989174,structural_group,unstratified,8675309
6299,12,-0.0006418734478566973,-0.007015027738781221,structural_group,unstratified,8675309
6300,12,-0.00032093672392834866,-0.06813083233137518,structural_group,unstratified,8675309
6301,12,-0.006246033357254349,-0.1160078207906448,structural_group,unstratified,8675309
6302,12,-0.016271844240387554,-0.07617413937365998,structural_group,unstratified,8675309
6303,12,-0.005658969592345277,-0.06919348555733407,structural_group,unstratified,8675309
6304,12,-0.03190181503291841,-0.08012552047261301,structural_group,unstratified,8675309
6305,12,-0.00032093672392834866,-0.06336763535592163,structural_group,unstratified,8675309
6306,12,-0.0034439534025555232,-0.06524482360621212,structural_group,unstratified,8675309
6307,12,-0.008461049547044103,-0.0651530521875073,structural_group,unstratified,8675309
6308,12,-0.00032093672392834866,-0.0196719628777192,structural_group,unstratified,8675309
6309,12,-0.008461049547044103,-0.07457363237240298,structural_group,unstratified,8675309
6310,12,-0.01907392419508638,-0.07484506872917086,structural_group,unstratified,8675309
6311,12,-0.0034439534025555232,-0.06685992678201345,structural_group,unstratified,8675309
6312,12,-0.01907392419508638,-0.07608870274960068,structural_group,unstratified,8675309
6313,12,-0.0006418734478566973,-0.06461964170887137,structural_group,unstratified,8675309
6314,12,-0.008461049547044103,-0.17476614847326852,structural_group,unstratified,8675309
6315,12,-0.0034439534025555232,-0.06473506900969363,structural_group,unstratified,8675309
6316,12,0.0,-0.0007452087789761407,structural_group,unstratified,8675309
6317,12,-0.021288940384876134,-0.02972440881679596,structural_group,unstratified,8675309
6318,12,-0.00032093672392834866,-0.004378190819121187,structural_group,unstratified,8675309
6319,12,-0.006246033357254349,-0.1142521323832899,structural_group,unstratified,8675309
6320,12,-0.0006418734478566973,-0.017696825284110842,structural_group,unstratified,8675309
6321,12,-0.0034439534025555232,-0.07005097818752179,structural_group,unstratified,8675309
6322,12,-0.0034439534025555232,-0.009110051939230432,structural_group,unstratified,8675309
6323,12,-0.0034439534025555232,-0.06379169107584864,structural_group,unstratified,8675309
6324,12,-0.005338032868416928,-0.014351378058751684,structural_group,unstratified,8675309
6325,12,-0.00032093672392834866,-0.0054323204126490955,structural_group,unstratified,8675309
6326,12,-0.010676065736833856,-0.06807779155698508,structural_group,unstratified,8675309
6327,12,-0.0034439534025555232,-0.014665555686254899,structural_group,unstratified,8675309
6328,12,-0.0031230166786271746,-0.01159731998009008,structural_group,unstratified,8675309
6329,12,-0.006246033357254349,-0.06265664919948971,structural_group,unstratified,8675309
6330,12,-0.008461049547044103,-0.019833828140657365,structural_group,unstratified,8675309
6331,12,-0.008461049547044103,-0.1203040044403152,structural_group,unstratified,8675309
6332,12,-0.00032093672392834866,-0.00779772097554126,structural_group,unstratified,8675309
6333,12,-0.0034439534025555232,-0.014064291923563751,structural_group,unstratified,8675309
6334,12,-0.00032093672392834866,-0.01397146051053401,structural_group,unstratified,8675309
6335,12,-0.00032093672392834866,-0.00934858651410183,structural_group,unstratified,8675309
6336,12,-0.0034439534025555232,-0.07290971538375295,structural_group,unstratified,8675309
6337,12,-0.021288940384876134,-0.12854526430234808,structural_group,unstratified,8675309
6338,12,-0.00032093672392834866,-0.06456615225488331,structural_group,unstratified,8675309
6339,12,-0.006246033357254349,-0.06680176168688605,structural_group,unstratified,8675309
6340,12,-0.01907392419508638,-0.07628895535975531,structural_group,unstratified,8675309
6341,12,0.0,-0.058921515192418984,structural_group,unstratified,8675309
6342,12,0.0,-0.05829633329507822,structural_group,unstratified,8675309
6343,12,0.0,-0.05647403139974979,structural_group,unstratified,8675309
6344,12,-0.006246033357254349,-0.007153499606993986,structural_group,unstratified,8675309
6345,12,-0.006246033357254349,-0.1260381131310778,structural_group,unstratified,8675309
6346,12,-0.0031230166786271746,-0.06742021380997511,structural_group,unstratified,8675309
6347,12,0.0,-0.007761203546830342,structural_group,unstratified,8675309
6348,12,-0.006246033357254349,-0.0733767287095361,structural_group,unstratified,8675309
6349,12,0.0,-0.11630195841770487,structural_group,unstratified,8675309
6350,12,-0.0034439534025555232,-0.01104954567138699,structural_group,unstratified,8675309
6351,12,-0.00032093672392834866,-0.11514542017484052,structural_group,unstratified,8675309
6352,12,-0.006246033357254349,-0.06851708467423837,structural_group,unstratified,8675309
6353,12,-0.006246033357254349,-0.013212317773391725,structural_group,unstratified,8675309
6354,12,-0.0031230166786271746,-0.06347155185885316,structural_group,unstratified,8675309
6355,12,-0.03190181503291841,-0.07559592017835932,structural_group,unstratified,8675309
6356,12,-0.00032093672392834866,-0.11018793217872459,structural_group,unstratified,8675309
6357,12,-0.008461049547044103,-0.06711744159786294,structural_group,unstratified,8675309
6358,12,-0.021288940384876134,-0.12689655480296932,structural_group,unstratified,8675309
6359,12,-0.006246033357254349,-0.0653426675670303,structural_group,unstratified,8675309
6360,12,-0.006246033357254349,-0.021944089738432853,structural_group,unstratified,8675309
6361,12,-0.005658969592345277,-0.07151007230737753,structural_group,unstratified,8675309
6362,12,-0.00032093672392834866,-0.007450199276992801,structural_group,unstratified,8675309
6363,12,-0.036226347372473364,-0.1342992561235213,structural_group,unstratified,8675309
6364,12,-0.005658969592345277,-0.009649902595011571,structural_group,unstratified,8675309
6365,12,-0.0034439534025555232,-0.014968111563246284,structural_group,unstratified,8675309
6366,12,-0.02339845653464133,-0.17852089260888135,structural_group,unstratified,8675309
6367,12,-0.00032093672392834866,-0.009446430474920008,structural_group,unstratified,8675309
6368,12,-0.0031230166786271746,-0.0666994584200493,structural_group,unstratified,8675309
6369,12,-0.006246033357254349,-0.008711311254927025,structural_group,unstratified,8675309
6370,12,-0.008461049547044103,-0.022833761883169008,structural_group,unstratified,8675309
6371,12,-0.00032093672392834866,-0.06172438708392928,structural_group,unstratified,8675309
6372,12,0.0,-0.06141108302368519,structural_group,unstratified,8675309
6373,12,0.0,-0.0005891997230305437,structural_group,unstratified,8675309
6374,12,-0.01907392419508638,-0.12095105033919323,structural_group,unstratified,8675309
6375,12,-0.006246033357254349,-0.06288081994429394,structural_group,unstratified,8675309
6376,12,-0.010676065736833856,-0.06622882944745169,structural_group,unstratified,8675309
6377,12,-0.00032093672392834866,-0.020734167424080133,structural_group,unstratified,8675309
6378,12,-0.0034439534025555232,-0.12143688680106209,structural_group,unstratified,8675309
6379,12,-0.0034439534025555232,-0.013223433591676293,structural_group,unstratified,8675309
6380,12,-0.01907392419508638,-0.07364121895693149,structural_group,unstratified,8675309
6381,12,-0.0034439534025555232,-0.06596557899613796,structural_group,unstratified,8675309
6382,12,0.0,-0.0049024663505991785,structural_group,unstratified,8675309
6383,12,-0.00032093672392834866,-0.06300453853307002,structural_group,unstratified,8675309
6384,12,-0.0034439534025555232,-0.07077173357744762,structural_group,unstratified,8675309
6385,12,-0.0006418734478566973,-0.005014120899714654,structural_group,unstratified,8675309
6386,12,-0.00032093672392834866,-0.05721086784620602,structural_group,unstratified,8675309
6387,12,-0.0006418734478566973,-0.020120390942130428,structural_group,unstratified,8675309
6388,12,-0.0031230166786271746,-0.0624410781474427,structural_group,unstratified,8675309
6389,12,-0.021288940384876134,-0.1732632245865069,structural_group,unstratified,8675309
6390,12,-0.0006418734478566973,-0.010814626743330039,structural_group,unstratified,8675309
6391,12,0.0,0.0012328858371771112,structural_group,unstratified,8675309
6392,12,-0.0031230166786271746,-0.06896485550651126,structural_group,unstratified,8675309
6393,12,-0.0031230166786271746,-0.009723828421180141,structural_group,unstratified,8675309
6394,12,-0.0031230166786271746,-0.0629127671143652,structural_group,unstratified,8675309
6395,12,-0.00032093672392834866,-0.017678979691574583,structural_group,unstratified,8675309
6396,12,-0.0006418734478566973,-0.007379521462606821,structural_group,unstratified,8675309
6397,12,-0.010676065736833856,-0.024808899476777373,structural_group,unstratified,8675309
6398,12,-0.0034439534025555232,-0.01911951292787675,structural_group,unstratified,8675309
6399,12,-0.0006418734478566973,-0.06556456784360143,structural_group,unstratified,8675309
6400,12,-0.010676065736833856,-0.07205829529567857,structural_group,unstratified,8675309
6401,12,-0.006246033357254349,-0.11430094619613862,structural_group,unstratified,8675309
6402,12,-0.006246033357254349,-0.06779632928431255,structural_group,unstratified,8675309
6403,12,-0.0006418734478566973,-0.06412305706374978,structural_group,unstratified,8675309
6404,12,-0.005338032868416928,-0.01993177748397524,structural_group,unstratified,8675309
6405,12,-0.016271844240387554,-0.12083623435309791,structural_group,unstratified,8675309
6406,12,-0.00032093672392834866,-0.002827325280560618,structural_group,unstratified,8675309
6407,12,-0.0006418734478566973,-0.01186999613293959,structural_group,unstratified,8675309
6408,12,-0.00032093672392834866,-0.053781835107596154,structural_group,unstratified,8675309
6409,12,-0.0031230166786271746,-0.011020951895598022,structural_group,unstratified,8675309
6410,12,-0.005338032868416928,-0.06908650664935795,structural_group,unstratified,8675309
6411,12,0.0,-0.05750896441717882,structural_group,unstratified,8675309
6412,12,-0.0031230166786271746,-0.0614706450197866,structural_group,unstratified,8675309
6413,12,0.0,-0.005574407927676305,structural_group,unstratified,8675309
6414,12,-0.006246033357254349,-0.011509507505297965,structural_group,unstratified,8675309
6415,12,-0.0034439534025555232,-0.06241848225965017,structural_group,unstratified,8675309
6416,12,0.0,-0.008237568154892199,structural_group,unstratified,8675309
6417,12,0.0,-0.06332021844404691,structural_group,unstratified,8675309
6418,12,-0.021288940384876134,-0.021372922035004363,structural_group,unstratified,8675309
6419,12,-0.005658969592345277,-0.06629668273150689,structural_group,unstratified,8675309
6420,12,-0.006246033357254349,-0.06527948992411445,structural_group,unstratified,8675309
6421,12,-0.005338032868416928,-0.020508145568467296,structural_group,unstratified,8675309
6422,12,-0.0034439534025555232,-0.005227392161355105,structural_group,unstratified,8675309
6423,12,-0.010676065736833856,-0.12321860694126723,structural_group,unstratified,8675309
6424,12,-0.005658969592345277,-0.22155547707575907,structural_group,unstratified,8675309
6425,12,-0.00032093672392834866,-0.012657365010838991,structural_group,unstratified,8675309
6426,12,0.0,-0.00302527810030869,structural_group,unstratified,8675309
6427,12,-0.01907392419508638,-0.1282295843913712,structural_group,unstratified,8675309
6428,12,-0.021288940384876134,-0.07382710773701896,structural_group,unstratified,8675309
6429,12,-0.0034439534025555232,-0.2242236498507634,structural_group,unstratified,8675309
6430,12,-0.0034439534025555232,-0.05996252075196137,structural_group,unstratified,8675309
6431,12,-0.0034439534025555232,-0.1140341854805101,structural_group,unstratified,8675309
6432,12,-0.0034439534025555232,-0.16286006478351903,structural_group,unstratified,8675309
6433,12,-0.006246033357254349,-0.12454073704650527,structural_group,unstratified,8675309
6434,12,-0.008461049547044103,-0.17123222168817767,structural_group,unstratified,8675309
6435,12,-0.008461049547044103,-0.06781092545885688,structural_group,unstratified,8675309
6436,12,-0.00032093672392834866,-0.05637000951431856,structural_group,unstratified,8675309
6437,12,-0.005658969592345277,-0.11694641213072933,structural_group,unstratified,8675309
6438,12,-0.015950907516459206,-0.07190337614211288,structural_group,unstratified,8675309
6439,12,0.0,-0.01119815993836216,structural_group,unstratified,8675309
6440,12,-0.0034439534025555232,-0.018439734272680423,structural_group,unstratified,8675309
6441,12,-0.00032093672392834866,-0.006131428136158419,structural_group,unstratified,8675309
6442,12,0.0,-0.11722991252715781,structural_group,unstratified,8675309
6443,12,-0.010676065736833856,-0.12553281784057788,structural_group,unstratified,8675309
6444,12,-0.006246033357254349,-0.11736688211189689,structural_group,unstratified,8675309
6445,12,-0.0034439534025555232,-0.1752270892569383,structural_group,unstratified,8675309
6446,12,-0.036226347372473364,-0.13606339292372235,structural_group,unstratified,8675309
6447,12,0.0,-0.11545502754370406,structural_group,unstratified,8675309
6448,12,-0.016271844240387554,-0.02306728391025197,structural_group,unstratified,8675309
6449,12,-0.00032093672392834866,-0.011008044196733291,structural_group,unstratified,8675309
6450,12,-0.00032093672392834866,-0.0069507901015404515,structural_group,unstratified,8675309
6451,12,-0.00032093672392834866,-0.008887645730432044,structural_group,unstratified,8675309
6452,12,-0.03190181503291841,-0.12863342007423845,structural_group,unstratified,8675309
6453,12,-0.025613472724431083,-0.078044381514578,structural_group,unstratified,8675309
6454,12,-0.025613472724431083,-0.1297865224720451,structural_group,unstratified,8675309
6455,12,-0.021288940384876134,-0.025536706358575356,structural_group,unstratified,8675309
6456,12,0.0,-0.054445404352153365,structural_group,unstratified,8675309
6457,12,-0.00032093672392834866,-0.05553989936568381,structural_group,unstratified,8675309
6458,12,-0.008461049547044103,-0.06758913056478544,structural_group,unstratified,8675309
6459,12,-0.008461049547044103,-0.014773931495205008,structural_group,unstratified,8675309
6460,12,-0.03190181503291841,-0.07973480882373124,structural_group,unstratified,8675309
6461,12,-0.01907392419508638,-0.022819003073495676,structural_group,unstratified,8675309
6462,12,-0.00032093672392834866,-0.011953581646190307,structural_group,unstratified,8675309
6463,12,-0.006246033357254349,-0.0634083742159373,structural_group,unstratified,8675309
6464,12,-0.006246033357254349,-0.12115119756684815,structural_group,unstratified,8675309
6465,12,-0.005658969592345277,-0.11559579920232338,structural_group,unstratified,8675309
6466,12,-0.006246033357254349,-0.11999070038007109,structural_group,unstratified,8675309
6467,12,0.0,-0.0016899836137951284,structural_group,unstratified,8675309
6468,12,-0.0034439534025555232,-0.06210050255826671,structural_group,unstratified,8675309
6469,12,-0.005658969592345277,-0.017404801255251384,structural_group,unstratified,8675309
6470,12,-0.021288940384876134,-0.12859875375633611,structural_group,unstratified,8675309
6471,12,-0.0006418734478566973,-0.06567215806630448,structural_group,unstratified,8675309
6472,12,0.0,-0.0168690909862089,structural_group,unstratified,8675309
6473,12,-0.006246033357254349,-0.22372468935490897,structural_group,unstratified,8675309
6474,12,-0.00032093672392834866,-0.013602291145569054,structural_group,unstratified,8675309
6475,12,-0.01907392419508638,-0.07782892141515209,structural_group,unstratified,8675309
6476,12,-0.021288940384876134,-0.17274034595600285,structural_group,unstratified,8675309
6477,12,-0.036226347372473364,-0.18386513330996634,structural_group,unstratified,8675309
6478,12,-0.006246033357254349,-0.06602751684297216,structural_group,unstratified,8675309
6479,12,-0.02339845653464133,-0.0793262974997246,structural_group,unstratified,8675309
6480,12,-0.025613472724431083,-0.17883657251985827,structural_group,unstratified,8675309
6481,12,-0.0031230166786271746,-0.16077111312518316,structural_group,unstratified,8675309
6482,12,-0.04055087971202831,-0.08430627682146115,structural_group,unstratified,8675309
6483,12,-0.0031230166786271746,-0.020740239966193483,structural_group,unstratified,8675309
6484,12,-0.00032093672392834866,-0.11528249514207929,structural_group,unstratified,8675309
6485,12,0.0,-0.00540610248759293,structural_group,unstratified,8675309
6486,12,-0.021288940384876134,-0.01698496696662913,structural_group,unstratified,8675309
6487,12,0.0,-0.10674836759198279,structural_group,unstratified,8675309
6488,12,-0.0031230166786271746,-0.07227985784527284,structural_group,unstratified,8675309
6489,12,-0.0031230166786271746,-0.021316608050685543,structural_group,unstratified,8675309
6490,12,-0.00032093672392834866,-0.005547747713471367,structural_group,unstratified,8675309
6491,12,0.0,-0.01605780397365989,structural_group,unstratified,8675309
6492,12,0.0,-0.06066173385797039,structural_group,unstratified,8675309
6493,12,-0.006246033357254349,-0.06699481291146676,structural_group,unstratified,8675309
6494,12,-0.010676065736833856,-0.12334456609022143,structural_group,unstratified,8675309
6495,12,-0.0034439534025555232,-0.11894731896979588,structural_group,unstratified,8675309
6496,12,0.0,-0.009977786820443611,structural_group,unstratified,8675309
6497,12,0.0,-0.05280039154415516,structural_group,unstratified,8675309
6498,12,-0.036226347372473364,-0.13031170089295566,structural_group,unstratified,8675309
6499,12,-0.016271844240387554,-0.07921148151362928,structural_group,unstratified,8675309
6500,12,0.0,-0.011929663511540697,structural_group,unstratified,8675309
6501,12,-0.0006418734478566973,-0.005585813343067352,structural_group,unstratified,8675309
6502,12,-0.00032093672392834866,-0.008512403823353732,structural_group,unstratified,8675309
6503,12,-0.00032093672392834866,-0.015044413240147657,structural_group,unstratified,8675309
6504,12,0.0,-0.006180347331506812,structural_group,unstratified,8675309
6505,12,-0.010676065736833856,-0.07570852294885087,structural_group,unstratified,8675309
6506,12,-0.008461049547044103,-0.11912874844386478,structural_group,unstratified,8675309
6507,12,-0.00032093672392834866,-0.11551458953980548,structural_group,unstratified,8675309
6508,12,-0.00032093672392834866,-0.00781936864195776,structural_group,unstratified,8675309
6509,12,0.0,-0.06594403671222114,structural_group,unstratified,8675309
6510,12,0.0,-0.06094406969790205,structural_group,unstratified,8675309
6511,12,0.0,-0.05320177033172354,structural_group,unstratified,8675309
6512,12,0.0,-0.010338478470388967,structural_group,unstratified,8675309
6513,12,-0.03190181503291841,-0.08299455717249893,structural_group,unstratified,8675309
6514,12,-0.005338032868416928,-0.11898533868198051,structural_group,unstratified,8675309
6515,12,0.0,-0.0022510332563948072,structural_group,unstratified,8675309
6516,12,0.0,-0.06617895564027809,structural_group,unstratified,8675309
6517,12,-0.0034439534025555232,-0.010456205561617795,structural_group,unstratified,8675309
6518,12,-0.008461049547044103,-0.016798861851420877,structural_group,unstratified,8675309
6519,12,-0.021288940384876134,-0.023740622388303084,structural_group,unstratified,8675309
6520,12,-0.0034439534025555232,-0.018460170644860937,structural_group,unstratified,8675309
6521,12,-0.008461049547044103,-0.06937948529004263,structural_group,unstratified,8675309
6522,12,0.0,-0.0005823645662791631,structural_group,unstratified,8675309
6523,12,-0.021288940384876134,-0.12233968297978377,structural_group,unstratified,8675309
6524,12,-0.021288940384876134,-0.07299092504627086,structural_group,unstratified,8675309
6525,12,0.0,-0.05548033736958241,structural_group,unstratified,8675309
6526,12,0.0,-0.06232802669735323,structural_group,unstratified,8675309
6527,12,-0.025613472724431083,-0.1316895853502935,structural_group,unstratified,8675309
6528,12,-0.006246033357254349,-0.06660618471787078,structural_group,unstratified,8675309
6529,12,-0.0034439534025555232,-0.007142751423741273,structural_group,unstratified,8675309
6530,12,-0.0034439534025555232,-0.11780390476091705,structural_group,unstratified,8675309
6531,12,0.0,-0.012059454642430129,structural_group,unstratified,8675309
6532,12,-0.03190181503291841,-0.1312037488884246,structural_group,unstratified,8675309
6533,12,-0.006246033357254349,-0.01915135471544831,structural_group,unstratified,8675309
6534,12,-0.0034439534025555232,-0.010353685959660255,structural_group,unstratified,8675309
6535,12,-0.006246033357254349,-0.06557064038571478,structural_group,unstratified,8675309
6536,12,-0.0034439534025555232,-0.06696014659356445,structural_group,unstratified,8675309
6537,12,-0.00032093672392834866,-0.11777206297334551,structural_group,unstratified,8675309
6538,12,0.0,-0.0006426891770186018,structural_group,unstratified,8675309
6539,12,0.0,-0.05361996984465798,structural_group,unstratified,8675309
6540,12,-0.0034439534025555232,-0.06556050351718902,structural_group,unstratified,8675309
6541,12,-0.0031230166786271746,-0.008162214699366859,structural_group,unstratified,8675309
6542,12,0.0,-0.015398375115841327,structural_group,unstratified,8675309
6543,12,-0.005338032868416928,-0.009491734023453954,structural_group,unstratified,8675309
6544,12,0.0,-0.006150776012168363,structural_group,unstratified,8675309
6545,12,-0.01907392419508638,-0.07556819996982948,structural_group,unstratified,8675309
6546,12,-0.008461049547044103,-0.06509956273351925,structural_group,unstratified,8675309
6547,12,-0.00032093672392834866,-0.11635544787169293,structural_group,unstratified,8675309
6548,12,0.0,-0.06185417821481872,structural_group,unstratified,8675309
6549,12,-0.006246033357254349,-0.06542625308028101,structural_group,unstratified,8675309
6550,12,0.0,-0.11613304166289455,structural_group,unstratified,8675309
6551,12,-0.016271844240387554,-0.07689489476358582,structural_group,unstratified,8675309
6552,12,-0.008461049547044103,-0.020610448835304055,structural_group,unstratified,8675309
6553,12,-0.00032093672392834866,-0.01753398107141386,structural_group,unstratified,8675309
6554,12,-0.006246033357254349,-0.06553323198825713,structural_group,unstratified,8675309
6555,12,-0.006246033357254349,-0.06288081994429395,structural_group,unstratified,8675309
6556,12,-0.005338032868416928,-0.06469855158098271,structural_group,unstratified,8675309
6557,12,-0.0031230166786271746,-0.11847117069685481,structural_group,unstratified,8675309
6558,12,0.0,-0.01126416211160878,structural_group,unstratified,8675309
6559,12,-0.016271844240387554,-0.07582194203397218,structural_group,unstratified,8675309
6560,12,-0.021288940384876134,-0.022721159112677497,structural_group,unstratified,8675309
6561,12,-0.0031230166786271746,-0.1671696347197071,structural_group,unstratified,8675309
6562,12,-0.006246033357254349,-0.11330875444944492,structural_group,unstratified,8675309
6563,12,-0.01907392419508638,-0.07443938193549499,structural_group,unstratified,8675309
6564,12,-0.021288940384876134,-0.027002746587803567,structural_group,unstratified,8675309
6565,12,0.0,-0.05678353338611364,structural_group,unstratified,8675309
6566,12,-0.008461049547044103,-0.11859105730369567,structural_group,unstratified,8675309
6567,12,-0.005338032868416928,-0.013158933701903361,structural_group,unstratified,8675309
6568,12,-0.005658969592345277,-0.0653818985734509,structural_group,unstratified,8675309
6569,12,-0.00032093672392834866,-0.06300453853307002,structural_group,unstratified,8675309
6570,12,-0.03190181503291841,-0.13175619883826706,structural_group,unstratified,8675309
6571,12,-0.0034439534025555232,-0.06992586269777172,structural_group,unstratified,8675309
6572,12,-0.006246033357254349,-0.11595433133665674,structural_group,unstratified,8675309
6573,12,-0.00032093672392834866,-0.0579376957782452,structural_group,unstratified,8675309
6574,12,-0.0034439534025555232,-0.11994188656722239,structural_group,unstratified,8675309
6575,12,-0.015950907516459206,-0.07312071617716029,structural_group,unstratified,8675309
6576,12,0.0,-0.05881683607484942,structural_group,unstratified,8675309
6577,12,0.0,-0.003036026283561403,structural_group,unstratified,8675309
6578,12,-0.021288940384876134,-0.12201201508947253,structural_group,unstratified,8675309
6579,12,-0.00032093672392834866,-0.05721086784620602,structural_group,unstratified,8675309
6580,12,-0.036226347372473364,-0.13476626944930445,structural_group,unstratified,8675309
6581,12,-0.0006418734478566973,-0.06165838491068266,structural_group,unstratified,8675309
6582,12,-0.00032093672392834866,-0.11625076875412337,structural_group,unstratified,8675309
6583,12,-0.01907392419508638,-0.12467173947163068,structural_group,unstratified,8675309
6584,12,-0.00032093672392834866,-0.1640976262618355,structural_group,unstratified,8675309
6585,12,-0.0006418734478566973,-0.015233475377900799,structural_group,unstratified,8675309
6586,12,-0.006246033357254349,-0.02432667866172294,structural_group,unstratified,8675309
6587,12,-0.00032093672392834866,-0.018599010148105555,structural_group,unstratified,8675309
6588,12,-0.0034439534025555232,-0.06640075053434952,structural_group,unstratified,8675309
6589,12,-0.00032093672392834866,-0.059499309500058474,structural_group,unstratified,8675309
6590,12,0.0,-0.0019949153415193166,structural_group,unstratified,8675309
6591,12,-0.036226347372473364,-0.08055786748049383,structural_group,unstratified,8675309
6592,12,-0.03190181503291841,-0.07600337150804107,structural_group,unstratified,8675309
6593,12,-0.006246033357254349,-0.07212841904796691,structural_group,unstratified,8675309
6594,12,0.0,-0.11239983981119851,structural_group,unstratified,8675309
6595,12,-0.0031230166786271746,-0.019066023473888694,structural_group,unstratified,8675309
6596,12,-0.0031230166786271746,-0.06742021380997511,structural_group,unstratified,8675309
6597,12,-0.006246033357254349,-0.007153499606993986,structural_group,unstratified,8675309
6598,12,-0.0031230166786271746,-0.06659477930247973,structural_group,unstratified,8675309
6599,12,-0.008461049547044103,-0.02072994046253873,structural_group,unstratified,8675309
6600,12,-0.010676065736833856,-0.01776929497907698,structural_group,unstratified,8675309
6601,12,0.0,-0.06150259218985784,structural_group,unstratified,8675309
6602,12,-0.005658969592345277,-0.17080261675985212,structural_group,unstratified,8675309
6603,12,-0.03190181503291841,-0.026953321460227917,structural_group,unstratified,8675309
6604,12,-0.00032093672392834866,-0.1645646395876186,structural_group,unstratified,8675309
6605,12,-0.005658969592345277,-0.015755480441145685,structural_group,unstratified,8675309
6606,12,-0.03190181503291841,-0.12660946866778142,structural_group,unstratified,8675309
6607,12,-0.03190181503291841,-0.024988932049872268,structural_group,unstratified,8675309
6608,12,-0.008461049547044103,-0.07142931132445758,structural_group,unstratified,8675309
6609,12,-0.021288940384876134,-0.07436258566158427,structural_group,unstratified,8675309
6610,12,-0.006246033357254349,-0.11537796325216466,structural_group,unstratified,8675309
6611,12,0.0,-0.005314593321420265,structural_group,unstratified,8675309
6612,12,-0.008461049547044103,-0.021028648348238494,structural_group,unstratified,8675309
6613,12,-0.006246033357254349,-0.010219435522752248,structural_group,unstratified,8675309
6614,12,0.0,-0.0001665409040775267,structural_group,unstratified,8675309
6615,12,0.0,0.00045864099326322835,structural_group,unstratified,8675309
6616,12,-0.010676065736833856,-0.06798451785480657,structural_group,unstratified,8675309
6617,12,-0.005338032868416928,-0.06574660863239727,structural_group,unstratified,8675309
6618,12,-0.008461049547044103,-0.07553960619404053,structural_group,unstratified,8675309
6619,12,-0.0034439534025555232,-0.061172548448813785,structural_group,unstratified,8675309
6620,12,-0.0034439534025555232,-0.1126285808146424,structural_group,unstratified,8675309
6621,12,-0.016271844240387554,-0.021257494734182092,structural_group,unstratified,8675309
6622,12,0.0,-0.012625523223267432,structural_group,unstratified,8675309
6623,12,-0.010676065736833856,-0.06848347835066095,structural_group,unstratified,8675309
6624,12,-0.0006418734478566973,-0.008600559595244112,structural_group,unstratified,8675309
6625,12,0.0,-0.17043582324562,structural_group,unstratified,8675309
6626,12,-0.0034439534025555232,-0.1152096578120813,structural_group,unstratified,8675309
6627,12,-0.021288940384876134,-0.12415730923397285,structural_group,unstratified,8675309
6628,12,-0.00032093672392834866,-0.01610944231683935,structural_group,unstratified,8675309
6629,12,-0.021288940384876134,-0.06964635138817084,structural_group,unstratified,8675309
6630,12,-0.006246033357254349,-0.12562458925928272,structural_group,unstratified,8675309
6631,12,0.0,-0.009241607606125713,structural_group,unstratified,8675309
6632,12,-0.00032093672392834866,-0.05424277589126592,structural_group,unstratified,8675309
6633,12,-0.010676065736833856,-0.02326893342138059,structural_group,unstratified,8675309
6634,12,-0.005338032868416928,-0.07322539529472986,structural_group,unstratified,8675309
6635,12,-0.006246033357254349,-0.07276295222758639,structural_group,unstratified,8675309
6636,12,-0.008461049547044103,-0.06993193523988507,structural_group,unstratified,8675309
6637,12,-0.00032093672392834866,-0.0573087118070242,structural_group,unstratified,8675309
6638,12,0.0,-0.06523341819082107,structural_group,unstratified,8675309
6639,12,-0.00032093672392834866,-0.06588024775457833,structural_group,unstratified,8675309
6640,12,-0.0006418734478566973,-0.008312151213199104,structural_group,unstratified,8675309
6641,12,-0.01907392419508638,-0.12260037115329893,structural_group,unstratified,8675309
6642,12,-0.008461049547044103,-0.12083155871195855,structural_group,unstratified,8675309
6643,12,-0.005658969592345277,-0.02113800310694741,structural_group,unstratified,8675309
6644,12,-0.021288940384876134,-0.06975333029614694,structural_group,unstratified,8675309
6645,12,-0.006246033357254349,-0.06695309510169228,structural_group,unstratified,8675309
6646,12,-0.0006418734478566973,-0.016866715135476096,structural_group,unstratified,8675309
6647,12,-0.010676065736833856,-0.06641211003232919,structural_group,unstratified,8675309
6648,12,0.0,-0.007277218195770065,structural_group,unstratified,8675309
6649,12,-0.005658969592345277,-0.07333237420270598,structural_group,unstratified,8675309
6650,12,-0.0031230166786271746,-0.06363352250429102,structural_group,unstratified,8675309
6651,12,-0.00032093672392834866,-0.11458663543035257,structural_group,unstratified,8675309
6652,12,-0.010676065736833856,-0.12333165839135668,structural_group,unstratified,8675309
6653,12,-0.01907392419508638,-0.07319574791506517,structural_group,unstratified,8675309
6654,12,-0.0034439534025555232,-0.12201325488555416,structural_group,unstratified,8675309
6655,12,-0.01907392419508638,-0.0262939791772121,structural_group,unstratified,8675309
6656,12,-0.005658969592345277,-0.17374906104837573,structural_group,unstratified,8675309
6657,12,-0.010676065736833856,-0.014217522601449846,structural_group,unstratified,8675309
6658,12,-0.03190181503291841,-0.03050147819104061,structural_group,unstratified,8675309
6659,12,-0.0034439534025555232,-0.02498610751954151,structural_group,unstratified,8675309
6660,12,-0.005658969592345277,-0.12469901100056258,structural_group,unstratified,8675309
6661,12,-0.006246033357254349,-0.06370855424219589,structural_group,unstratified,8675309
6662,12,-0.03190181503291841,-0.18062296830120272,structural_group,unstratified,8675309
6663,12,-0.0034439534025555232,-0.06675294787403735,structural_group,unstratified,8675309
6664,12,0.0,-0.11485983632312628,structural_group,unstratified,8675309
6665,12,-0.00032093672392834866,-0.06446363265292576,structural_group,unstratified,8675309
6666,12,-0.008461049547044103,-0.0677086221920201,structural_group,unstratified,8675309
6667,12,-0.005338032868416928,-0.022157466382572998,structural_group,unstratified,8675309
6668,12,0.0,-0.007247646876431615,structural_group,unstratified,8675309
6669,12,-0.008461049547044103,-0.07178150866414539,structural_group,unstratified,8675309
6670,12,-0.00032093672392834866,-0.0631416135003088,structural_group,unstratified,8675309
6671,12,-0.00032093672392834866,-0.0009026147358957298,structural_group,unstratified,8675309
6672,12,-0.008461049547044103,-0.020529687852384102,structural_group,unstratified,8675309
6673,12,-0.0034439534025555232,-0.11342040899856039,structural_group,unstratified,8675309
6674,12,-0.021288940384876134,-0.1262286775523046,structural_group,unstratified,8675309
6675,12,-0.010676065736833856,-0.02326893342138059,structural_group,unstratified,8675309
6676,12,0.0,-0.06271895468135577,structural_group,unstratified,8675309
6677,12,-0.03190181503291841,-0.07996690322145744,structural_group,unstratified,8675309
6678,12,-0.0034439534025555232,-0.013944800296329074,structural_group,unstratified,8675309
6679,12,-0.008461049547044103,-0.0681631227985447,structural_group,unstratified,8675309
6680,12,-0.008461049547044103,-0.12527300323432186,structural_group,unstratified,8675309
6681,12,0.0,-0.007684669525451791,structural_group,unstratified,8675309
6682,12,0.0,-0.010543406721682955,structural_group,unstratified,8675309
6683,12,-0.008461049547044103,-0.020132536026357128,structural_group,unstratified,8675309
6684,12,-0.008461049547044103,-0.07095992214794164,structural_group,unstratified,8675309
6685,12,-0.00032093672392834866,-0.1256030469753659,structural_group,unstratified,8675309
6686,12,-0.00032093672392834866,-0.058507991320623905,structural_group,unstratified,8675309
6687,12,0.0,-0.05762439171800109,structural_group,unstratified,8675309
6688,12,-0.0034439534025555232,-0.06426338004277114,structural_group,unstratified,8675309
6689,12,-0.0006418734478566973,-0.06649313326778131,structural_group,unstratified,8675309
6690,12,-0.006246033357254349,-0.06304366415699093,structural_group,unstratified,8675309
6691,12,-0.021288940384876134,-0.07604434824277057,structural_group,unstratified,8675309
6692,12,0.0,-0.0079730779074968,structural_group,unstratified,8675309
6693,12,-0.00032093672392834866,-0.05969576003633287,structural_group,unstratified,8675309
6694,12,-0.005658969592345277,-0.06853873234065487,structural_group,unstratified,8675309
6695,12,-0.008461049547044103,-0.016341985394163497,structural_group,unstratified,8675309
6696,12,-0.03190181503291841,-0.17848966213603676,structural_group,unstratified,8675309
6697,12,-0.0034439534025555232,-0.06217888769045387,structural_group,unstratified,8675309
6698,12,0.0,-0.0070404481569045175,structural_group,unstratified,8675309
6699,12,0.0,-0.05633801642683591,structural_group,unstratified,8675309
6700,12,-0.0031230166786271746,-0.06906953462408082,structural_group,unstratified,8675309
6701,12,-0.005658969592345277,-0.12304969018645688,structural_group,unstratified,8675309
6702,12,0.0,-0.007744231521553203,structural_group,unstratified,8675309
6703,12,0.0,-0.005261103867432208,structural_group,unstratified,8675309
6704,12,0.0,-0.004098230829922334,structural_group,unstratified,8675309
6705,12,0.0,-0.007034375614791164,structural_group,unstratified,8675309
6706,12,-0.010676065736833856,-0.11902622884190724,structural_group,unstratified,8675309
6707,12,0.0,-0.0037398096482100887,structural_group,unstratified,8675309
6708,12,-0.008461049547044103,-0.014400191871600382,structural_group,unstratified,8675309
6709,12,-0.00032093672392834866,-0.058514063862737255,structural_group,unstratified,8675309
6710,12,-0.0006418734478566973,-0.013357684028584305,structural_group,unstratified,8675309
6711,12,-0.0006418734478566973,-0.007938306207094785,structural_group,unstratified,8675309
6712,12,0.0,-0.1167582235602353,structural_group,unstratified,8675309
6713,12,-0.0034439534025555232,-0.12617703920912515,structural_group,unstratified,8675309
6714,12,-0.00032093672392834866,-0.010790708608680434,structural_group,unstratified,8675309
6715,12,-0.0031230166786271746,-0.06266308937663494,structural_group,unstratified,8675309
6716,12,-0.0031230166786271746,-0.009459338173784741,structural_group,unstratified,8675309
6717,12,-0.016271844240387554,-0.16983279494692302,structural_group,unstratified,8675309
6718,12,-0.005658969592345277,-0.11617216728681545,structural_group,unstratified,8675309
6719,12,-0.00032093672392834866,-0.06075456527100013,structural_group,unstratified,8675309
6720,12,-0.005658969592345277,-0.0712610058843742,structural_group,unstratified,8675309
6721,12,0.0,-0.06819683450462179,structural_group,unstratified,8675309
6722,12,0.0,-0.060090041414617684,structural_group,unstratified,8675309
6723,12,-0.0034439534025555232,-0.06324391676714555,structural_group,unstratified,8675309
6724,12,0.0,-0.006745967232746157,structural_group,unstratified,8675309
6725,12,-0.0031230166786271746,-0.16632877638781965,structural_group,unstratified,8675309
6726,12,-0.04055087971202831,-0.22944216374737134,structural_group,unstratified,8675309
6727,12,-0.0034439534025555232,-0.06687243950127202,structural_group,unstratified,8675309
6728,12,-0.010676065736833856,-0.018106733509091474,structural_group,unstratified,8675309
6729,12,-0.0034439534025555232,-0.059403736007473416,structural_group,unstratified,8675309
6730,12,-0.0034439534025555232,-0.06529831306020019,structural_group,unstratified,8675309
6731,12,-0.00032093672392834866,-0.06623244509426614,structural_group,unstratified,8675309
6732,12,-0.00032093672392834866,-0.06349319952526966,structural_group,unstratified,8675309
6733,12,-0.010676065736833856,-0.1716922889045883,structural_group,unstratified,8675309
6734,12,-0.010676065736833856,-0.006699393980075581,structural_group,unstratified,8675309
6735,12,-0.0034439534025555232,-0.06241848225965017,structural_group,unstratified,8675309
6736,12,-0.008461049547044103,-0.025523582324589844,structural_group,unstratified,8675309
6737,12,0.0,-0.11190325516607695,structural_group,unstratified,8675309
6738,12,-0.0034439534025555232,-0.017702897826224192,structural_group,unstratified,8675309
6739,12,-0.0006418734478566973,-0.016634620737749906,structural_group,unstratified,8675309
6740,12,-0.005338032868416928,-0.17182208003547772,structural_group,unstratified,8675309
6741,12,-0.04055087971202831,-0.2851312021199545,structural_group,unstratified,8675309
6742,12,-0.006246033357254349,-0.017920844729004005,structural_group,unstratified,8675309
6743,12,-0.00032093672392834866,-0.004598297237513018,structural_group,unstratified,8675309
6744,12,-0.006246033357254349,-0.011988247964092627,structural_group,unstratified,8675309
6745,12,0.0,-0.019330065041686134,structural_group,unstratified,8675309
6746,12,0.0,-0.006404518076311049,structural_group,unstratified,8675309
6747,12,-0.006246033357254349,-0.06909575254913698,structural_group,unstratified,8675309
6748,12,-0.06899179416040663,-0.19467434613545254,structural_group,unstratified,8675309
6749,12,-0.0034439534025555232,-0.018398757537950925,structural_group,unstratified,8675309
6750,12,-0.0034439534025555232,-0.11720710030424447,structural_group,unstratified,8675309
6751,12,-0.015950907516459206,-0.17381506322162235,structural_group,unstratified,8675309
6752,12,-0.015950907516459206,-0.025944157688257082,structural_group,unstratified,8675309
6753,12,0.0,-0.06261643507939824,structural_group,unstratified,8675309
6754,12,0.0,-0.00762880422073093,structural_group,unstratified,8675309
6755,12,-0.0006418734478566973,-0.016399701809692958,structural_group,unstratified,8675309
6756,12,-0.006246033357254349,-0.06857057412822641,structural_group,unstratified,8675309
6757,12,-0.03190181503291841,-0.1259430937005904,structural_group,unstratified,8675309
6758,12,-0.05044680459666252,-0.13885612794670688,structural_group,unstratified,8675309
6759,12,-0.036226347372473364,-0.18553610179048852,structural_group,unstratified,8675309
6760,12,0.0,-0.0648818321658602,structural_group,unstratified,8675309
6761,12,-0.0034439534025555232,-0.11987527307924883,structural_group,unstratified,8675309
6762,12,-0.0031230166786271746,-0.06468096824097862,structural_group,unstratified,8675309
6763,12,0.0,-0.008520852216199888,structural_group,unstratified,8675309
6764,12,-0.0006418734478566973,-0.06171655000581008,structural_group,unstratified,8675309
6765,12,-0.0034439534025555232,-0.07052712646046287,structural_group,unstratified,8675309
6766,12,-0.0031230166786271746,-0.008753395293524036,structural_group,unstratified,8675309
6767,12,-0.006246033357254349,-0.012066633096279776,structural_group,unstratified,8675309
6768,12,-0.006246033357254349,-0.014383219846323243,structural_group,unstratified,8675309
6769,12,-0.0034439534025555232,-0.06386931499960709,structural_group,unstratified,8675309
6770,12,0.0,-0.06534277294952999,structural_group,unstratified,8675309
6771,12,-0.0034439534025555232,-0.06166913309393537,structural_group,unstratified,8675309
6772,12,-0.00032093672392834866,-0.006859018682835625,structural_group,unstratified,8675309
6773,12,-0.006246033357254349,-0.00771228435148195,structural_group,unstratified,8675309
6774,12,0.0,-0.011059233860314792,structural_group,unstratified,8675309
6775,12,0.0,-0.0005952722651438961,structural_group,unstratified,8675309
6776,12,-0.0006418734478566973,-0.011540057774395226,structural_group,unstratified,8675309
6777,12,-0.006246033357254349,-0.015012466070076405,structural_group,unstratified,8675309
6778,12,0.0,-0.017248397219699615,structural_group,unstratified,8675309
6779,12,-0.005338032868416928,-0.11434986539148702,structural_group,unstratified,8675309
6780,12,-0.0031230166786271746,-0.011020951895598022,structural_group,unstratified,8675309
6781,12,-0.0034439534025555232,-0.06768090198349026,structural_group,unstratified,8675309
6782,12,-0.03190181503291841,-0.12698409926013274,structural_group,unstratified,8675309
6783,12,-0.010676065736833856,-0.1262559490812365,structural_group,unstratified,8675309
6784,12,-0.006246033357254349,-0.11993721092608302,structural_group,unstratified,8675309
6785,12,-0.0031230166786271746,-0.06476867533327105,structural_group,unstratified,8675309
6786,12,-0.0006418734478566973,-0.016713005869937056,structural_group,unstratified,8675309
6787,12,-0.008461049547044103,-0.01347918387151993,structural_group,unstratified,8675309
6788,12,-0.0006418734478566973,-0.05928830870665114,structural_group,unstratified,8675309
6789,12,-0.006246033357254349,-0.016292617519217147,structural_group,unstratified,8675309
6790,12,-0.0006418734478566973,-0.012233541635389159,structural_group,unstratified,8675309
6791,12,0.0,-0.06261643507939825,structural_group,unstratified,8675309
6792,12,-0.025613472724431083,-0.08078996187822002,structural_group,unstratified,8675309
6793,12,-0.021288940384876134,-0.17629819087574336,structural_group,unstratified,8675309
6794,12,0.0,-0.002048404795507375,structural_group,unstratified,8675309
6795,12,-0.021288940384876134,-0.0753610012503024,structural_group,unstratified,8675309
6796,12,-0.0034439534025555232,-0.0668064373280254,structural_group,unstratified,8675309
6797,12,-0.0034439534025555232,-0.06675294787403734,structural_group,unstratified,8675309
6798,12,-0.00032093672392834866,-0.05544812794697899,structural_group,unstratified,8675309
6799,12,-0.03190181503291841,-0.1741995510284797,structural_group,unstratified,8675309
6800,12,-0.0034439534025555232,-0.014968111563246284,structural_group,unstratified,8675309
6801,12,-0.0034439534025555232,-0.06633474836110291,structural_group,unstratified,8675309
6802,12,-0.021288940384876134,-0.17482473292582046,structural_group,unstratified,8675309
6803,12,-0.0006418734478566973,-0.05981348712756168,structural_group,unstratified,8675309
6804,12,-0.00032093672392834866,-0.059706508219585584,structural_group,unstratified,8675309
6805,12,-0.0031230166786271746,-0.06017352154536871,structural_group,unstratified,8675309
6806,12,0.0,-0.06589054725823308,structural_group,unstratified,8675309
6807,12,-0.0034439534025555232,-0.1697126920049614,structural_group,unstratified,8675309
6808,12,-0.008461049547044103,-0.0683810697013245,structural_group,unstratified,8675309
6809,12,0.0,-0.008520852216199888,structural_group,unstratified,8675309
6810,12,-0.005658969592345277,-0.016054188326845444,structural_group,unstratified,8675309
6811,12,-0.006246033357254349,-0.07212841904796691,structural_group,unstratified,8675309
6812,12,-0.0006418734478566973,-0.0704248231936261,structural_group,unstratified,8675309
6813,12,-0.00032093672392834866,-0.05969576003633287,structural_group,unstratified,8675309
6814,12,-0.008461049547044103,-0.06946024627296259,structural_group,unstratified,8675309
6815,12,-0.01907392419508638,-0.1767056422054251,structural_group,unstratified,8675309
6816,12,-0.0031230166786271746,-0.1685941734742816,structural_group,unstratified,8675309
6817,12,-0.0034439534025555232,-0.018304161588915336,structural_group,unstratified,8675309
6818,12,-0.010676065736833856,-0.018929792165854054,structural_group,unstratified,8675309
6819,12,0.0,-0.0068102048699869265,structural_group,unstratified,8675309
6820,12,-0.0034439534025555232,-0.010389592073644224,structural_group,unstratified,8675309
6821,12,-0.008461049547044103,-0.11788511442343497,structural_group,unstratified,8675309
6822,12,-0.0034439534025555232,-0.015266819448946046,structural_group,unstratified,8675309
6823,12,-0.0006418734478566973,-0.007249946666838172,structural_group,unstratified,8675309
6824,12,-0.006246033357254349,-0.01234429329507207,structural_group,unstratified,8675309
6825,12,-0.0034439534025555232,-0.06924251570530354,structural_group,unstratified,8675309
6826,12,-0.025613472724431083,-0.12726511285320732,structural_group,unstratified,8675309
6827,12,-0.0034439534025555232,-0.0124740844259615,structural_group,unstratified,8675309
6828,12,-0.0006418734478566973,-1.7401897178152593e-05,structural_group,unstratified,8675309
6829,12,0.0,-0.05871431647289188,structural_group,unstratified,8675309
6830,12,-0.00032093672392834866,-0.07062040016264137,structural_group,unstratified,8675309
6831,12,-0.0031230166786271746,-0.06254359774940026,structural_group,unstratified,8675309
6832,12,-0.00032093672392834866,-0.007301136330419673,structural_group,unstratified,8675309
6833,12,-0.008461049547044103,-0.12113411458894995,structural_group,unstratified,8675309
6834,12,-0.0031230166786271746,-0.06313693785916945,structural_group,unstratified,8675309
6835,12,0.0,-0.11546577572695677,structural_group,unstratified,8675309
6836,12,-0.0031230166786271746,-0.06976539433580754,structural_group,unstratified,8675309
6837,12,-0.006246033357254349,-0.0127873884862056,structural_group,unstratified,8675309
6838,12,-0.0034439534025555232,-0.0647885584636817,structural_group,unstratified,8675309
6839,12,0.0,-0.07103859967557581,structural_group,unstratified,8675309
6840,12,-0.0006418734478566973,-0.06297032089476566,structural_group,unstratified,8675309
6841,12,0.0,-0.05621184094276094,structural_group,unstratified,8675309
6842,12,0.0,-0.014287140421510913,structural_group,unstratified,8675309
6843,12,0.0,-0.07211155240518946,structural_group,unstratified,8675309
6844,12,0.0,-0.11381645491285107,structural_group,unstratified,8675309
6845,12,-0.00032093672392834866,-0.009094844449959142,structural_group,unstratified,8675309
6846,12,-0.010676065736833856,-0.02150479662117957,structural_group,unstratified,8675309
6847,12,-0.0006418734478566973,-0.061782552179056704,structural_group,unstratified,8675309
6848,12,-0.0006418734478566973,-0.014029625605661433,structural_group,unstratified,8675309
6849,12,-0.00032093672392834866,-0.014443149477456512,structural_group,unstratified,8675309
6850,12,-0.008461049547044103,-0.07137582187046952,structural_group,unstratified,8675309
6851,12,-0.006246033357254349,-0.014059616282424392,structural_group,unstratified,8675309
6852,12,0.0,-0.0049942377693040045,structural_group,unstratified,8675309
6853,12,-0.0031230166786271746,-0.11931202902874229,structural_group,unstratified,8675309
6854,12,0.0,-0.06714722925232218,structural_group,unstratified,8675309
6855,12,-0.04055087971202831,-0.1827682624457031,structural_group,unstratified,8675309
6856,12,-0.036226347372473364,-0.0821832701599499,structural_group,unstratified,8675309
6857,12,-0.0034439534025555232,-0.06987237324378366,structural_group,unstratified,8675309
6858,12,-0.0031230166786271746,-0.06303225874159987,structural_group,unstratified,8675309
6859,12,0.0,-0.002248657405662004,structural_group,unstratified,8675309
6860,12,-0.00032093672392834866,-0.060676941347241664,structural_group,unstratified,8675309
6861,12,-0.006246033357254349,-0.12294728153712044,structural_group,unstratified,8675309
6862,12,-0.010676065736833856,-0.020058610200188558,structural_group,unstratified,8675309
6863,12,-0.021288940384876134,-0.12132021970415818,structural_group,unstratified,8675309
6864,12,0.0,-0.008053838890416751,structural_group,unstratified,8675309
6865,12,0.0,-0.1149940867600343,structural_group,unstratified,8675309
6866,12,-0.0031230166786271746,-0.11976829417127272,structural_group,unstratified,8675309
6867,12,0.0,-0.015227693825025146,structural_group,unstratified,8675309
6868,12,-0.008461049547044103,-0.12521951378033377,structural_group,unstratified,8675309
6869,12,-0.036226347372473364,-0.028194579629924943,structural_group,unstratified,8675309
6870,12,-0.0034439534025555232,-0.017155123517521107,structural_group,unstratified,8675309
6871,12,-0.0034439534025555232,-0.0698188837897956,structural_group,unstratified,8675309
6872,12,0.0,-0.01629272290171684,structural_group,unstratified,8675309
6873,12,0.0,-0.06150259218985784,structural_group,unstratified,8675309
6874,12,-0.006246033357254349,-0.1165021056453598,structural_group,unstratified,8675309
6875,12,-0.010676065736833856,-0.01768853399615703,structural_group,unstratified,8675309
6876,12,-0.0006418734478566973,-0.05700823938531859,structural_group,unstratified,8675309
6877,12,-0.0006418734478566973,-0.06038985521205375,structural_group,unstratified,8675309
6878,12,-0.036226347372473364,-0.03271056129318376,structural_group,unstratified,8675309
6879,12,-0.0006418734478566973,-0.06793464404763296,structural_group,unstratified,8675309
6880,12,-0.00032093672392834866,-0.057942371419384554,structural_group,unstratified,8675309
6881,12,-0.03190181503291841,-0.0806244809684674,structural_group,unstratified,8675309
6882,12,-0.01907392419508638,-0.07256826622731784,structural_group,unstratified,8675309
6883,12,-0.016271844240387554,-0.125998434265387,structural_group,unstratified,8675309
6884,12,-0.021288940384876134,-0.021946914268763617,structural_group,unstratified,8675309
6885,12,-0.008461049547044103,-0.01616900431294076,structural_group,unstratified,8675309
6886,12,-0.03190181503291841,-0.0257312297237149,structural_group,unstratified,8675309
6887,12,-0.008461049547044103,-0.017295446496542462,structural_group,unstratified,8675309
6888,12,-0.036226347372473364,-0.1315872820834567,structural_group,unstratified,8675309
6889,12,-0.0006418734478566973,-0.02281628392566461,structural_group,unstratified,8675309
6890,12,-0.0034439534025555232,-0.11964317868152263,structural_group,unstratified,8675309
6891,12,-0.0034439534025555232,-0.004548504474905509,structural_group,unstratified,8675309
6892,12,-0.0006418734478566973,-0.11282883342479706,structural_group,unstratified,8675309
6893,12,0.0,-0.06032496034267465,structural_group,unstratified,8675309
6894,12,-0.006246033357254349,-0.06956276587492012,structural_group,unstratified,8675309
6895,12,-0.006246033357254349,-0.11904516293061407,structural_group,unstratified,8675309
6896,12,-0.010676065736833856,-0.12682994131499578,structural_group,unstratified,8675309
6897,12,-0.008461049547044103,-0.06905923512042607,structural_group,unstratified,8675309
6898,12,0.0,-0.06404097383397274,structural_group,unstratified,8675309
6899,12,-0.0031230166786271746,-0.016559483617345352,structural_group,unstratified,8675309
6900,12,-0.0031230166786271746,-0.01019551738810264,structural_group,unstratified,8675309
6901,12,-0.0034439534025555232,-0.06810356080244329,structural_group,unstratified,8675309
6902,12,0.0,-0.01119815993836216,structural_group,unstratified,8675309
6903,12,-0.0006418734478566973,-0.009915266409666086,structural_group,unstratified,8675309
6904,12,-0.025613472724431083,-0.08078996187822002,structural_group,unstratified,8675309
6905,12,-0.0034439534025555232,-0.11191162749859683,structural_group,unstratified,8675309
6906,12,-0.01907392419508638,-0.12776257106558805,structural_group,unstratified,8675309
6907,12,-0.008461049547044103,-0.06469617573024992,structural_group,unstratified,8675309
6908,12,-0.036226347372473364,-0.18400220827720512,structural_group,unstratified,8675309
6909,12,-0.008461049547044103,-0.015149541037315176,structural_group,unstratified,8675309
6910,12,-0.006246033357254349,-0.11734296397724726,structural_group,unstratified,8675309
6911,12,-0.0034439534025555232,-0.07103622382484302,structural_group,unstratified,8675309
6912,12,-0.0006418734478566973,-0.06515104397180635,structural_group,unstratified,8675309
6913,12,-0.0006418734478566973,-0.014840912618210439,structural_group,unstratified,8675309
6914,12,-0.04055087971202831,-0.13538450523727275,structural_group,unstratified,8675309
6915,12,0.0,-0.005114340711265636,structural_group,unstratified,8675309
6916,12,-0.005658969592345277,-0.11859573294483504,structural_group,unstratified,8675309
6917,12,0.0,-0.058763346620861356,structural_group,unstratified,8675309
6918,12,-0.00032093672392834866,-0.007228188047800584,structural_group,unstratified,8675309
6919,12,-0.0006418734478566973,-0.016335912852050147,structural_group,unstratified,8675309
6920,12,-0.0031230166786271746,-0.11809468899369487,structural_group,unstratified,8675309
6921,12,-0.005658969592345277,-0.06652085347631116,structural_group,unstratified,8675309
6922,12,-0.021288940384876134,-0.12474827349300925,structural_group,unstratified,8675309
6923,12,-0.00032093672392834866,-0.120142139177377,structural_group,unstratified,8675309
6924,12,0.0,-0.01296697237970254,structural_group,unstratified,8675309
6925,12,-0.00032093672392834866,-0.005664414810375281,structural_group,unstratified,8675309
6926,12,0.0,-0.11038372548286064,structural_group,unstratified,8675309
6927,12,-0.0034439534025555232,-0.06461496606773201,structural_group,unstratified,8675309
6928,12,0.0,-0.01132372410771019,structural_group,unstratified,8675309
6929,12,-0.010676065736833856,-0.12972052029879846,structural_group,unstratified,8675309
6930,12,0.0,-0.06118691227888095,structural_group,unstratified,8675309
6931,12,-0.006246033357254349,-0.010219435522752247,structural_group,unstratified,8675309
6932,12,-0.0031230166786271746,-0.007560950936675713,structural_group,unstratified,8675309
6933,12,0.0,-0.05450964198939414,structural_group,unstratified,8675309
6934,12,-0.010676065736833856,-0.06372851343293279,structural_group,unstratified,8675309
6935,12,-0.0034439534025555232,-0.06120845456279775,structural_group,unstratified,8675309
6936,12,-0.03190181503291841,-0.07374634675409902,structural_group,unstratified,8675309
6937,12,-0.03190181503291841,-0.08033607258642239,structural_group,unstratified,8675309
6938,12,-0.006246033357254349,-0.020045702501323825,structural_group,unstratified,8675309
6939,12,0.0,-0.008981792999869674,structural_group,unstratified,8675309
6940,12,-0.00032093672392834866,-0.06372529392299585,structural_group,unstratified,8675309
6941,12,0.0,-0.005757688512553795,structural_group,unstratified,8675309
6942,12,-0.0006418734478566973,-0.010238258658837984,structural_group,unstratified,8675309
6943,12,-0.01907392419508638,-0.1790757184094566,structural_group,unstratified,8675309
6944,12,0.0,0.000723131240658628,structural_group,unstratified,8675309
6945,12,-0.008461049547044103,-0.0227267829751929,structural_group,unstratified,8675309
6946,12,-0.00032093672392834866,-0.013020461833690598,structural_group,unstratified,8675309
6947,12,0.0,-0.05532824134013814,structural_group,unstratified,8675309
6948,12,-0.025613472724431083,-0.07654876996601136,structural_group,unstratified,8675309
6949,12,-0.01907392419508638,-0.07760475067034785,structural_group,unstratified,8675309
6950,12,0.0,-0.06689971103020391,structural_group,unstratified,8675309
6951,12,-0.0031230166786271746,-0.06456147661374395,structural_group,unstratified,8675309
6952,12,-0.010676065736833856,-0.17226628113834755,structural_group,unstratified,8675309
6953,12,-0.006246033357254349,-0.02070829279612223,structural_group,unstratified,8675309
6954,12,-0.008461049547044103,-0.060239918698221505,structural_group,unstratified,8675309
6955,12,-0.036226347372473364,-0.17962861703889707,structural_group,unstratified,8675309
6956,12,-0.02339845653464133,-0.07937978695371267,structural_group,unstratified,8675309
6957,12,-0.006246033357254349,-0.02128933652175365,structural_group,unstratified,8675309
6958,12,-0.0006418734478566973,-0.008941135184420102,structural_group,unstratified,8675309
6959,12,0.0,-0.014389660023468453,structural_group,unstratified,8675309
6960,12,-0.010676065736833856,-0.07535632560916304,structural_group,unstratified,8675309
6961,12,-0.006246033357254349,-0.12557109980529466,structural_group,unstratified,8675309
6962,12,-0.006246033357254349,-0.06525557178946483,structural_group,unstratified,8675309
6963,12,-0.0034439534025555232,-0.016405774351806308,structural_group,unstratified,8675309
6964,12,-0.03190181503291841,-0.024327127341320903,structural_group,unstratified,8675309
6965,12,-0.036226347372473364,-0.07914769255598647,structural_group,unstratified,8675309
6966,12,-0.010676065736833856,-0.11934647901152384,structural_group,unstratified,8675309
6967,12,-0.00032093672392834866,-0.012442242638389944,structural_group,unstratified,8675309
6968,12,0.0,-0.06285320511826378,structural_group,unstratified,8675309
6969,12,-0.00032093672392834866,-0.11314918897691328,structural_group,unstratified,8675309
6970,12,0.0,-0.054912417677936504,structural_group,unstratified,8675309
6971,12,-0.008461049547044103,-0.06629200709036755,structural_group,unstratified,8675309
6972,12,-0.015950907516459206,-0.12454084242900497,structural_group,unstratified,8675309
6973,12,-0.00032093672392834866,-0.11444631245133119,structural_group,unstratified,8675309
6974,12,-0.021288940384876134,-0.02766156413089518,structural_group,unstratified,8675309
6975,12,-0.005338032868416928,-0.16803538872979365,structural_group,unstratified,8675309
6976,12,0.0,-0.0050049859525567175,structural_group,unstratified,8675309
6977,12,-0.00032093672392834866,-0.010178696662736573,structural_group,unstratified,8675309
6978,12,-0.008461049547044103,-0.06402423415317278,structural_group,unstratified,8675309
6979,12,-0.006246033357254349,-0.020170817991073897,structural_group,unstratified,8675309
6980,12,0.0,-0.010131279750861867,structural_group,unstratified,8675309
6981,12,-0.008461049547044103,-0.12135206149172974,structural_group,unstratified,8675309
6982,12,-0.006246033357254349,-0.0715146425660172,structural_group,unstratified,8675309
6983,12,-0.01907392419508638,-0.016039429517172115,structural_group,unstratified,8675309
6984,12,-0.021288940384876134,-0.12419643485789374,structural_group,unstratified,8675309
6985,12,0.0,-0.11257052110201471,structural_group,unstratified,8675309
6986,12,-0.021288940384876134,-0.02244587476461801,structural_group,unstratified,8675309
6987,12,-0.0006418734478566973,-0.06105712114799152,structural_group,unstratified,8675309
6988,12,0.0,-0.06533809730839063,structural_group,unstratified,8675309
6989,12,-0.008461049547044103,-0.025269840260447155,structural_group,unstratified,8675309
6990,12,-0.010676065736833856,-0.0649697716026298,structural_group,unstratified,8675309
6991,12,-0.005658969592345277,-0.010842346951859894,structural_group,unstratified,8675309
6992,12,-0.0034439534025555232,-0.11673095203130339,structural_group,unstratified,8675309
6993,12,-0.010676065736833856,-0.07231898346919374,structural_group,unstratified,8675309
6994,12,-0.0006418734478566973,-0.12042772302909123,structural_group,unstratified,8675309
6995,12,-0.0006418734478566973,-0.00916530592922434,structural_group,unstratified,8675309
6996,12,-0.0031230166786271746,-0.009698932742981052,structural_group,unstratified,8675309
6997,12,-0.0031230166786271746,-0.015254436490005517,structural_group,unstratified,8675309
6998,12,-0.008461049547044103,-0.12623660120522656,structural_group,unstratified,8675309
6999,12,0.0,-0.05871431647289188,structural_group,unstratified,8675309
7000,12,-0.0031230166786271746,-0.11373162960351872,structural_group,unstratified,8675309
7001,12,-0.006246033357254349,-0.06589794204720352,structural_group,unstratified,8675309
7002,12,-0.0034439534025555232,-0.06301974602234132,structural_group,unstratified,8675309
7003,12,-0.03190181503291841,-0.1821356628276676,structural_group,unstratified,8675309
7004,12,-0.008461049547044103,-0.06860524044612874,structural_group,unstratified,8675309
7005,12,-0.005658969592345277,-0.06345491756055288,structural_group,unstratified,8675309
7006,12,-0.006246033357254349,-0.06111668314409293,structural_group,unstratified,8675309
7007,12,-0.008461049547044103,-0.016918353478655553,structural_group,unstratified,8675309
7008,12,-0.0006418734478566973,-0.07249619151195787,structural_group,unstratified,8675309
7009,12,0.0,-0.11014519090798928,structural_group,unstratified,8675309
7010,12,-0.005658969592345277,-0.06154171781377874,structural_group,unstratified,8675309
7011,12,0.0,-0.06320479114322465,structural_group,unstratified,8675309
7012,12,-0.010676065736833856,-0.17102502296865055,structural_group,unstratified,8675309
7013,12,-0.0034439534025555232,-0.07161259190933507,structural_group,unstratified,8675309
7014,12,-0.008461049547044103,-0.12651426140401886,structural_group,unstratified,8675309
7015,12,-0.010676065736833856,-0.1265761992508531,structural_group,unstratified,8675309
7016,12,-0.03190181503291841,-0.02806539981376246,structural_group,unstratified,8675309
7017,12,-0.0006418734478566973,-0.11158519940436722,structural_group,unstratified,8675309
7018,12,-0.01907392419508638,-0.11893317147484954,structural_group,unstratified,8675309
7019,12,-0.0034439534025555232,-0.06805007134845523,structural_group,unstratified,8675309
7020,12,-0.006246033357254349,-0.010099332580790614,structural_group,unstratified,8675309
7021,12,-0.0034439534025555232,-0.0726855446389487,structural_group,unstratified,8675309
7022,12,-0.0034439534025555232,-0.06992586269777172,structural_group,unstratified,8675309
7023,12,-0.0006418734478566973,-0.06068795178302656,structural_group,unstratified,8675309
7024,12,-0.00032093672392834866,-0.11551458953980548,structural_group,unstratified,8675309
7025,12,-0.04055087971202831,-0.08396437898542808,structural_group,unstratified,8675309
7026,12,-0.00032093672392834866,-0.06196115712279482,structural_group,unstratified,8675309
7027,12,-0.0031230166786271746,-0.007912536961636579,structural_group,unstratified,8675309
7028,12,0.0,-0.013693800311741717,structural_group,unstratified,8675309
7029,12,-0.006246033357254349,-0.059924238787244614,structural_group,unstratified,8675309
7030,12,-0.03190181503291841,-0.13162640770737766,structural_group,unstratified,8675309
7031,12,-0.006246033357254349,-0.01134120206521459,structural_group,unstratified,8675309
7032,12,0.0,-0.11100890738020142,structural_group,unstratified,8675309
7033,12,-0.0031230166786271746,-0.009192688410777321,structural_group,unstratified,8675309
7034,12,-0.0006418734478566973,-0.06192287515807807,structural_group,unstratified,8675309
7035,12,-0.01907392419508638,-0.12646544759117018,structural_group,unstratified,8675309
7036,12,-0.021288940384876134,-0.0728465377408371,structural_group,unstratified,8675309
7037,12,-0.010676065736833856,-0.017112165911664975,structural_group,unstratified,8675309
7038,12,-0.0031230166786271746,-0.11811958467189394,structural_group,unstratified,8675309
7039,12,-0.0034439534025555232,-0.11889382951580785,structural_group,unstratified,8675309
7040,12,-0.0031230166786271746,-0.06739531813177603,structural_group,unstratified,8675309
7041,12,0.0,-0.010543406721682955,structural_group,unstratified,8675309
7042,12,-0.00032093672392834866,-0.009596104736220091,structural_group,unstratified,8675309
7043,12,0.0,-0.06528928349554193,structural_group,unstratified,8675309
7044,12,0.0,-0.006799456686734214,structural_group,unstratified,8675309
7045,12,0.0,-0.0589322633756717,structural_group,unstratified,8675309
7046,12,-0.021288940384876134,-0.1781693065839205,structural_group,unstratified,8675309
7047,12,-0.00032093672392834866,-0.06504406506383023,structural_group,unstratified,8675309
7048,12,-0.0034439534025555232,-0.17337989168341075,structural_group,unstratified,8675309
7049,12,-0.0006418734478566973,-0.0662859345482542,structural_group,unstratified,8675309
7050,12,-0.008461049547044103,-0.11906274627061818,structural_group,unstratified,8675309
7051,12,-0.015950907516459206,-0.02334991073942132,structural_group,unstratified,8675309
7052,12,0.0,-0.11759908189212276,structural_group,unstratified,8675309
7053,12,0.0,-0.013803155070450636,structural_group,unstratified,8675309
7054,12,-0.0034439534025555232,-0.011127930803574139,structural_group,unstratified,8675309
7055,12,-0.008461049547044103,-0.06674315430260987,structural_group,unstratified,8675309
7056,12,-0.010676065736833856,-0.07281794396504813,structural_group,unstratified,8675309
7057,12,-0.0006418734478566973,-0.01570605531357003,structural_group,unstratified,8675309
7058,12,-0.0034439534025555232,-0.12505059702552343,structural_group,unstratified,8675309
7059,12,-0.005658969592345277,-0.07090880854468638,structural_group,unstratified,8675309
7060,12,-0.006246033357254349,-0.022362289251367292,structural_group,unstratified,8675309
7061,12,-0.0006418734478566973,-0.16810672377631797,structural_group,unstratified,8675309
7062,12,-0.0034439534025555232,-0.009879837477125737,structural_group,unstratified,8675309
7063,12,0.0,-0.009448806325652813,structural_group,unstratified,8675309
7064,12,-0.0031230166786271746,-0.11988839711323433,structural_group,unstratified,8675309
7065,12,-0.005658969592345277,-0.02044214339522068,structural_group,unstratified,8675309
7066,12,0.0,-0.11273943785682504,structural_group,unstratified,8675309
7067,12,0.0,-0.057427941181726706,structural_group,unstratified,8675309
7068,12,-0.005338032868416928,-0.11410079896848369,structural_group,unstratified,8675309
7069,12,-0.0034439534025555232,-0.018775850555837834,structural_group,unstratified,8675309
7070,12,-0.008461049547044103,-0.06888625403920332,structural_group,unstratified,8675309
7071,12,-0.01907392419508638,-0.07369470841091956,structural_group,unstratified,8675309
7072,12,-0.016271844240387554,-0.07065974212168306,structural_group,unstratified,8675309
7073,12,-0.0034439534025555232,-0.06633474836110291,structural_group,unstratified,8675309
7074,12,-0.0034439534025555232,-0.06247197171363822,structural_group,unstratified,8675309
7075,12,-0.0006418734478566973,-0.011430703015686307,structural_group,unstratified,8675309
7076,12,-0.0031230166786271746,-0.07594705752372224,structural_group,unstratified,8675309
7077,12,-0.006246033357254349,-0.06806020821698099,structural_group,unstratified,8675309
7078,12,-0.00032093672392834866,-0.013515195368003588,structural_group,unstratified,8675309
7079,12,0.0,-0.06084546312244584,structural_group,unstratified,8675309
7080,12,-0.00032093672392834866,-0.008026567361484858,structural_group,unstratified,8675309
7081,12,-0.0034439534025555232,-0.015909189706684722,structural_group,unstratified,8675309
7082,12,-0.00032093672392834866,-0.11884501570295913,structural_group,unstratified,8675309
7083,12,-0.005658969592345277,-0.011367525372770448,structural_group,unstratified,8675309
7084,12,-0.021288940384876134,-0.12358094114948077,structural_group,unstratified,8675309
7085,12,-0.0006418734478566973,-0.05727042984230744,structural_group,unstratified,8675309
7086,12,-0.036226347372473364,-0.17697013245282048,structural_group,unstratified,8675309
7087,12,-0.0031230166786271746,-0.017649408372236133,structural_group,unstratified,8675309
7088,12,-0.0034439534025555232,-0.016260775731645586,structural_group,unstratified,8675309
7089,12,-0.021288940384876134,-0.12659784691726958,structural_group,unstratified,8675309
7090,12,-0.0034439534025555232,-0.004548504474905509,structural_group,unstratified,8675309
7091,12,-0.010676065736833856,-0.06666117645533252,structural_group,unstratified,8675309
7092,12,-0.005658969592345277,-0.02113800310694741,structural_group,unstratified,8675309
7093,12,-0.0006418734478566973,-0.010006164261111797,structural_group,unstratified,8675309
7094,12,-0.01907392419508638,-0.17231768713704984,structural_group,unstratified,8675309
7095,12,-0.0034439534025555232,-0.11522662983735843,structural_group,unstratified,8675309
7096,12,0.0,-0.059879040621210355,structural_group,unstratified,8675309
7097,12,-0.00032093672392834866,-0.057682556813128505,structural_group,unstratified,8675309
7098,12,0.0,-0.062023094969629045,structural_group,unstratified,8675309
7099,12,-0.006246033357254349,-0.06288081994429394,structural_group,unstratified,8675309
7100,12,-0.05477133693621747,-0.28985253139193184,structural_group,unstratified,8675309
7101,12,-0.021288940384876134,-0.020596301340357677,structural_group,unstratified,8675309
7102,12,-0.0034439534025555232,-0.006686486281210848,structural_group,unstratified,8675309
7103,12,-0.0031230166786271746,-0.020740239966193483,structural_group,unstratified,8675309
7104,12,0.0,-0.0601139595492673,structural_group,unstratified,8675309
7105,12,-0.03190181503291841,-0.03428640496071884,structural_group,unstratified,8675309
7106,12,-0.0034439534025555232,-0.05728117802556013,structural_group,unstratified,8675309
7107,12,-0.0006418734478566973,-0.06319510295429685,structural_group,unstratified,8675309
7108,12,0.0,-0.06765935969957346,structural_group,unstratified,8675309
7109,12,-0.005338032868416928,-0.12050663290120263,structural_group,unstratified,8675309
7110,12,-0.0031230166786271746,-0.06777241114966293,structural_group,unstratified,8675309
7111,12,0.0,-0.06331414590193359,structural_group,unstratified,8675309
7112,12,0.0,-0.0595934567694961,structural_group,unstratified,8675309
7113,12,-0.005658969592345277,-0.06769848532349436,structural_group,unstratified,8675309
7114,12,-0.008461049547044103,-0.07379938752848911,structural_group,unstratified,8675309
7115,12,-0.0034439534025555232,-0.06805007134845521,structural_group,unstratified,8675309
7116,12,-0.0034439534025555232,-0.011648649918466118,structural_group,unstratified,8675309
7117,12,0.0,-0.00253891689851561,structural_group,unstratified,8675309
7118,12,-0.0006418734478566973,-0.02316848126535243,structural_group,unstratified,8675309
7119,12,-0.020275439856014155,-0.12655872129334866,structural_group,unstratified,8675309
7120,12,-0.010676065736833856,-0.07261769135489349,structural_group,unstratified,8675309
7121,12,0.0,-0.007701641550728931,structural_group,unstratified,8675309
7122,12,-0.0006418734478566973,-0.01061843845958782,structural_group,unstratified,8675309
7123,12,-0.010676065736833856,-0.22472978880046746,structural_group,unstratified,8675309
7124,12,-0.00032093672392834866,-0.005167830165253694,structural_group,unstratified,8675309
7125,12,-0.006246033357254349,-0.06382419787813894,structural_group,unstratified,8675309
7126,12,-0.0031230166786271746,-0.06384072122381812,structural_group,unstratified,8675309
7127,12,-0.01907392419508638,-0.0740258580636999,structural_group,unstratified,8675309
7128,12,-0.00032093672392834866,-0.06872201292553236,structural_group,unstratified,8675309
7129,12,-0.0034439534025555232,-0.013050452510453558,structural_group,unstratified,8675309
7130,12,0.0,-0.0032537568512204305,structural_group,unstratified,8675309
7131,12,-0.005338032868416928,-0.11788749027416778,structural_group,unstratified,8675309
7132,12,0.0,-0.05595809887861825,structural_group,unstratified,8675309
7133,12,0.0,-0.002417574160472334,structural_group,unstratified,8675309
7134,12,-0.03190181503291841,-0.12990662541400674,structural_group,unstratified,8675309
7135,12,-0.008461049547044103,-0.0695262484462092,structural_group,unstratified,8675309
7136,12,-0.021288940384876134,-0.1235605047773003,structural_group,unstratified,8675309
7137,12,-0.010676065736833856,-0.17624916072777388,structural_group,unstratified,8675309
7138,12,-0.0031230166786271746,-0.01692865298231031,structural_group,unstratified,8675309
7139,12,-0.008461049547044103,-0.06698786680209429,structural_group,unstratified,8675309
7140,12,-0.005658969592345277,-0.016803537492560236,structural_group,unstratified,8675309
7141,12,0.0,-0.007070019476242966,structural_group,unstratified,8675309
7142,12,-0.006246033357254349,-0.06721996119982047,structural_group,unstratified,8675309
7143,12,-0.0006418734478566973,-0.11935477029947761,structural_group,unstratified,8675309
7144,12,-0.005658969592345277,-0.019865775310728622,structural_group,unstratified,8675309
7145,12,0.0,-0.003610018517320657,structural_group,unstratified,8675309
7146,12,-0.03190181503291841,-0.02184461100192686,structural_group,unstratified,8675309
7147,12,-0.008461049547044103,-0.07167215390543648,structural_group,unstratified,8675309
7148,12,-0.0006418734478566973,-0.008600559595244112,structural_group,unstratified,8675309
7149,12,0.0,-0.007530960259912752,structural_group,unstratified,8675309
7150,12,-0.010676065736833856,-0.07367566893971303,structural_group,unstratified,8675309
7151,12,-0.03190181503291841,-0.12972334482912926,structural_group,unstratified,8675309
7152,12,-0.00032093672392834866,-0.004130521297091852,structural_group,unstratified,8675309
7153,12,-0.021288940384876134,-0.1255079221623788,structural_group,unstratified,8675309
7154,12,-0.021288940384876134,-0.02535342577369787,structural_group,unstratified,8675309
7155,12,-0.0006418734478566973,-0.11081095456045335,structural_group,unstratified,8675309
7156,12,0.0,-0.05569133816298975,structural_group,unstratified,8675309
7157,12,-0.036226347372473364,-0.08198478208580114,structural_group,unstratified,8675309
7158,12,-0.021288940384876134,-0.17557743548581753,structural_group,unstratified,8675309
7159,12,-0.01907392419508638,-0.07129506088754958,structural_group,unstratified,8675309
7160,12,0.0,-0.001892395739561778,structural_group,unstratified,8675309
7161,12,-0.005338032868416928,-0.06883744022635462,structural_group,unstratified,8675309
7162,12,-0.036226347372473364,-0.1295544280743189,structural_group,unstratified,8675309
7163,12,-0.0031230166786271746,-0.07392917865937854,structural_group,unstratified,8675309
7164,12,-0.010676065736833856,-0.07339431204954018,structural_group,unstratified,8675309
7165,12,-0.03190181503291841,-0.12664687706523906,structural_group,unstratified,8675309
7166,12,-0.0006418734478566973,-0.010917146345287584,structural_group,unstratified,8675309
7167,12,-0.006246033357254349,-0.01470991019308502,structural_group,unstratified,8675309
7168,12,0.0,-0.05715737839221796,structural_group,unstratified,8675309
7169,12,-0.005338032868416928,-0.018018577737201093,structural_group,unstratified,8675309
7170,12,-0.020596376579942503,-0.12898228695136826,structural_group,unstratified,8675309
7171,12,0.0,-0.0057480003236259946,structural_group,unstratified,8675309
7172,12,-0.0034439534025555232,-0.10905289030236566,structural_group,unstratified,8675309
7173,12,-0.00032093672392834866,-0.0052143735098692835,structural_group,unstratified,8675309
7174,12,-0.01907392419508638,-0.0711267554474662,structural_group,unstratified,8675309
7175,12,-0.0034439534025555232,-0.016322188838555598,structural_group,unstratified,8675309
7176,12,0.0,-0.003496967067231188,structural_group,unstratified,8675309
7177,12,-0.010676065736833856,-0.12059478867309299,structural_group,unstratified,8675309
7178,12,-0.00032093672392834866,-0.22003594739254276,structural_group,unstratified,8675309
7179,12,-0.005658969592345277,-0.1155049013508777,structural_group,unstratified,8675309
7180,12,-0.006246033357254349,-0.05987074933325654,structural_group,unstratified,8675309
7181,12,-0.0006418734478566973,-0.017235884500441053,structural_group,unstratified,8675309
7182,12,-0.016271844240387554,-0.12646782344190297,structural_group,unstratified,8675309
7183,12,-0.010676065736833856,-0.07607769231381581,structural_group,unstratified,8675309
7184,12,-0.006246033357254349,-0.06570946108126247,structural_group,unstratified,8675309
7185,12,-0.008461049547044103,-0.07390636643646523,structural_group,unstratified,8675309
7186,12,-0.036226347372473364,-0.2293334203033894,structural_group,unstratified,8675309
7187,12,-0.0006418734478566973,-0.12221350749570876,structural_group,unstratified,8675309
7188,12,-0.00032093672392834866,-0.11858052545556375,structural_group,unstratified,8675309
7189,12,-0.0034439534025555232,-0.01425986889257902,structural_group,unstratified,8675309
7190,12,-0.0034439534025555232,-0.11170062670518949,structural_group,unstratified,8675309
7191,12,-0.04055087971202831,-0.03538601790453742,structural_group,unstratified,8675309
7192,12,-0.05044680459666252,-0.13447786106725945,structural_group,unstratified,8675309
7193,12,-0.005338032868416928,-0.07738917961830084,structural_group,unstratified,8675309
7194,12,-0.0034439534025555232,-0.012122498401000636,structural_group,unstratified,8675309
7195,12,-0.021288940384876134,-0.1800188800081808,structural_group,unstratified,8675309
7196,12,-0.00032093672392834866,-0.06609537012702738,structural_group,unstratified,8675309
7197,12,-0.0006418734478566973,-0.06721388865770712,structural_group,unstratified,8675309
7198,12,-0.008461049547044103,-0.013852417562897292,structural_group,unstratified,8675309
7199,12,-0.006246033357254349,-0.06649920580989466,structural_group,unstratified,8675309
7200,12,-0.03190181503291841,-0.1789566754618199,structural_group,unstratified,8675309
7201,12,-0.0006418734478566973,-0.014496638931444567,structural_group,unstratified,8675309
7202,12,-0.006246033357254349,-0.06726877501266917,structural_group,unstratified,8675309
7203,12,-0.021288940384876134,-0.021669254069971323,structural_group,unstratified,8675309
7204,12,0.0,-0.16807367069451043,structural_group,unstratified,8675309
7205,12,0.0,-0.06295104907908196,structural_group,unstratified,8675309
7206,12,-0.00032093672392834866,-0.013113630153369416,structural_group,unstratified,8675309
7207,12,0.0,-0.0576243917180011,structural_group,unstratified,8675309
7208,12,0.0,-0.056321195701469866,structural_group,unstratified,8675309
7209,12,0.0,-0.007852974965535168,structural_group,unstratified,8675309
7210,12,-0.0006418734478566973,-0.008988552096294808,structural_group,unstratified,8675309
7211,12,0.0,-0.009190417942544212,structural_group,unstratified,8675309
7212,12,-0.0034439534025555232,-0.11175411615917756,structural_group,unstratified,8675309
7213,12,0.0,-0.008918615356953817,structural_group,unstratified,8675309
7214,12,-0.008461049547044103,-0.11918223789785283,structural_group,unstratified,8675309
7215,12,0.0,-0.1075401957759008,structural_group,unstratified,8675309
7216,12,0.0,-0.06594403671222114,structural_group,unstratified,8675309
7217,12,-0.010676065736833856,-0.07093642337071655,structural_group,unstratified,8675309
7218,12,0.0,-0.11494059730604622,structural_group,unstratified,8675309
7219,12,-0.036226347372473364,-0.08238624191793563,structural_group,unstratified,8675309
7220,12,-0.008461049547044103,-0.024439730111812413,structural_group,unstratified,8675309
7221,12,-0.0031230166786271746,-0.06381582554561903,structural_group,unstratified,8675309
7222,12,-0.00032093672392834866,-0.06218532786759906,structural_group,unstratified,8675309
7223,12,-0.0034439534025555232,-0.07114090294241258,structural_group,unstratified,8675309
7224,12,-0.0006418734478566973,-0.0585056154698911,structural_group,unstratified,8675309
7225,12,-0.00032093672392834866,-0.11196749280331769,structural_group,unstratified,8675309
7226,12,-0.006246033357254349,-0.012811306620855207,structural_group,unstratified,8675309
7227,12,0.0,-0.05754698412936343,structural_group,unstratified,8675309
7228,12,-0.006246033357254349,-0.020187790016351036,structural_group,unstratified,8675309
7229,12,-0.01907392419508638,-0.17102056366263196,structural_group,unstratified,8675309
7230,12,0.0,-0.07056691070865333,structural_group,unstratified,8675309
7231,12,-0.010676065736833856,-0.06905517079401365,structural_group,unstratified,8675309
7232,12,-0.0034439534025555232,-0.06426338004277113,structural_group,unstratified,8675309
7233,12,-0.03190181503291841,-0.08002039267544549,structural_group,unstratified,8675309
7234,12,-0.021288940384876134,-0.0776632241702787,structural_group,unstratified,8675309
7235,12,-0.008461049547044103,-0.12490990641147025,structural_group,unstratified,8675309
7236,12,-0.0034439534025555232,-0.06638377850907239,structural_group,unstratified,8675309
7237,12,-0.021288940384876134,-0.17381329868561649,structural_group,unstratified,8675309
7238,12,-0.005338032868416928,-0.11542281812110065,structural_group,unstratified,8675309
7239,12,-0.0006418734478566973,-0.07079338124386411,structural_group,unstratified,8675309
7240,12,-0.00032093672392834866,-0.003399017723913315,structural_group,unstratified,8675309
7241,12,-0.008461049547044103,-0.017466127787358645,structural_group,unstratified,8675309
7242,12,-0.010676065736833856,-0.1197738134716162,structural_group,unstratified,8675309
7243,12,-0.0031230166786271746,-0.06600359870832255,structural_group,unstratified,8675309
7244,12,-0.036226347372473364,-0.07892352181118224,structural_group,unstratified,8675309
7245,12,-0.0031230166786271746,-0.012093904625211668,structural_group,unstratified,8675309
7246,12,-0.025613472724431083,-0.1741818567358545,structural_group,unstratified,8675309
7247,12,0.0,-0.06809215538705223,structural_group,unstratified,8675309
7248,12,-0.00032093672392834866,-0.1203742335751032,structural_group,unstratified,8675309
7249,12,-0.03190181503291841,-0.1825750613274206,structural_group,unstratified,8675309
7250,12,-0.0034439534025555232,-0.019119512927876753,structural_group,unstratified,8675309
7251,12,-0.010676065736833856,-0.17510574651889507,structural_group,unstratified,8675309
7252,12,0.0,-0.01071171216176633,structural_group,unstratified,8675309
7253,12,0.0,-0.06658640696995981,structural_group,unstratified,8675309
7254,12,-0.036226347372473364,-0.1292172058794252,structural_group,unstratified,8675309
7255,12,-0.0034439534025555232,-0.06531082577945875,structural_group,unstratified,8675309
7256,12,-0.0031230166786271746,-0.024879128611565392,structural_group,unstratified,8675309
7257,12,-0.01907392419508638,-0.07493834243134938,structural_group,unstratified,8675309
7258,12,-0.03190181503291841,-0.12883367268439308,structural_group,unstratified,8675309
7259,12,-0.0031230166786271746,-0.11895983168905448,structural_group,unstratified,8675309
7260,12,-0.0034439534025555232,-0.06308574819558793,structural_group,unstratified,8675309
7261,12,-0.021288940384876134,-0.07434153797467681,structural_group,unstratified,8675309
7262,12,-0.010676065736833856,-0.07213631419904322,structural_group,unstratified,8675309
7263,12,-0.021288940384876134,-0.12510047083269704,structural_group,unstratified,8675309
7264,12,-0.03190181503291841,-0.1274769872138738,structural_group,unstratified,8675309
7265,12,-0.00032093672392834866,-0.006742351585931709,structural_group,unstratified,8675309
7266,12,0.0,-0.05590460942463019,structural_group,unstratified,8675309
7267,12,-0.016271844240387554,-0.07030754478199525,structural_group,unstratified,8675309
7268,12,-0.0034439534025555232,-0.06391118270308332,structural_group,unstratified,8675309
7269,12,-0.010676065736833856,-0.12540302670968845,structural_group,unstratified,8675309
7270,12,-0.0006418734478566973,-0.11626393870552028,structural_group,unstratified,8675309
7271,12,-0.0006418734478566973,-0.06272341398737437,structural_group,unstratified,8675309
7272,12,-0.0034439534025555232,-0.059049990466900515,structural_group,unstratified,8675309
7273,12,-0.0006418734478566973,-0.11574106007501628,structural_group,unstratified,8675309
7274,12,-0.010676065736833856,-0.1214285955131083,structural_group,unstratified,8675309
7275,12,-0.006246033357254349,-0.06681657419655115,structural_group,unstratified,8675309
7276,12,0.0,-0.06448874466624561,structural_group,unstratified,8675309
7277,12,0.0,-0.05664294815456011,structural_group,unstratified,8675309
7278,12,-0.006246033357254349,-0.12024901270285343,structural_group,unstratified,8675309
7279,12,-0.0034439534025555232,-0.011806818490023734,structural_group,unstratified,8675309
7280,12,-0.006246033357254349,-0.16779711640745443,structural_group,unstratified,8675309
7281,12,-0.005658969592345277,-0.11871522457206968,structural_group,unstratified,8675309
7282,12,-0.010676065736833856,-0.0684539070313225,structural_group,unstratified,8675309
7283,12,-0.0034439534025555232,-0.00798360975562873,structural_group,unstratified,8675309
7284,12,-0.05044680459666252,-0.18530118286243158,structural_group,unstratified,8675309
7285,12,-0.010676065736833856,-0.1258484977515548,structural_group,unstratified,8675309
7286,12,-0.005658969592345277,-0.16831304892858592,structural_group,unstratified,8675309
7287,12,0.0,-0.005261103867432208,structural_group,unstratified,8675309
7288,12,-0.00032093672392834866,-0.013722394087530685,structural_group,unstratified,8675309
7289,12,0.0,-0.10975210340837467,structural_group,unstratified,8675309
7290,12,-0.00032093672392834866,-0.006724768245927615,structural_group,unstratified,8675309
7291,12,-0.036226347372473364,-0.13016036747814938,structural_group,unstratified,8675309
7292,12,-0.0006418734478566973,-0.016395026168553598,structural_group,unstratified,8675309
7293,12,0.0,-0.007744231521553203,structural_group,unstratified,8675309
7294,12,-0.00032093672392834866,-0.006027511633226888,structural_group,unstratified,8675309
7295,12,-0.0006418734478566973,-0.0158016860587844,structural_group,unstratified,8675309
7296,12,-0.00032093672392834866,-0.0638453968649575,structural_group,unstratified,8675309
7297,12,-0.0031230166786271746,-0.012318075370015905,structural_group,unstratified,8675309
7298,12,0.0,-0.11665354444266575,structural_group,unstratified,8675309
7299,12,-0.0034439534025555232,-0.015249236108941952,structural_group,unstratified,8675309
7300,12,-0.03190181503291841,-0.0340635500723225,structural_group,unstratified,8675309
7301,12,-0.006246033357254349,-0.06810118495171047,structural_group,unstratified,8675309
7302,12,-0.008461049547044103,-0.06272948652948772,structural_group,unstratified,8675309
7303,12,-0.006246033357254349,-0.2223740764265031,structural_group,unstratified,8675309
7304,12,-0.005338032868416928,-0.1719267591530473,structural_group,unstratified,8675309
7305,12,-0.006246033357254349,-0.0662004979241949,structural_group,unstratified,8675309
7306,12,-0.005338032868416928,-0.01539943511016624,structural_group,unstratified,8675309
7307,12,-0.008461049547044103,-0.019115448601464347,structural_group,unstratified,8675309
7308,12,-0.0034439534025555232,-0.00896505331906971,structural_group,unstratified,8675309
7309,12,-0.010676065736833856,-0.12224173363646591,structural_group,unstratified,8675309
7310,12,0.0,-0.002053080436646735,structural_group,unstratified,8675309
7311,12,-0.0034439534025555232,-0.11996678224542147,structural_group,unstratified,8675309
7312,12,0.0,-0.056327268243583216,structural_group,unstratified,8675309
7313,12,-0.0031230166786271746,-0.009329763378016094,structural_group,unstratified,8675309
7314,12,-0.010676065736833856,-0.06585966008248674,structural_group,unstratified,8675309
7315,12,-0.008461049547044103,-0.06523513541728432,structural_group,unstratified,8675309
7316,12,0.0,-0.06161133563383981,structural_group,unstratified,8675309
7317,12,-0.00032093672392834866,-0.00024131038945022706,structural_group,unstratified,8675309
7318,12,-0.005658969592345277,-0.11545141189688962,structural_group,unstratified,8675309
7319,12,-0.005338032868416928,-0.010644470192438067,structural_group,unstratified,8675309
7320,12,0.0,-0.012019583819436927,structural_group,unstratified,8675309
7321,12,-0.006246033357254349,-0.0681479153092734,structural_group,unstratified,8675309
7322,12,-0.04055087971202831,-0.030174176529551875,structural_group,unstratified,8675309
7323,12,0.0,-0.0657072666733556,structural_group,unstratified,8675309
7324,12,-0.008461049547044103,-0.012355041478324781,structural_group,unstratified,8675309
7325,12,-0.03190181503291841,-0.12616549990938877,structural_group,unstratified,8675309
7326,12,-0.008461049547044103,-0.07487234025810276,structural_group,unstratified,8675309
7327,12,-0.021288940384876134,-0.17577768809597213,structural_group,unstratified,8675309
7328,12,-0.00032093672392834866,-0.06646453949199232,structural_group,unstratified,8675309
7329,12,-0.016271844240387554,-0.07380406316962847,structural_group,unstratified,8675309
7330,12,-0.021288940384876134,-0.12085927892048841,structural_group,unstratified,8675309
7331,12,-0.0034439534025555232,-0.015213329994957989,structural_group,unstratified,8675309
7332,12,-0.021288940384876134,-0.07423455906670069,structural_group,unstratified,8675309
7333,12,-0.01907392419508638,-0.01946141076390982,structural_group,unstratified,8675309
7334,12,-0.0034439534025555232,-0.11615458394681134,structural_group,unstratified,8675309
7335,12,-0.0031230166786271746,-0.12427635218160958,structural_group,unstratified,8675309
7336,12,-0.010676065736833856,-0.014917952571816247,structural_group,unstratified,8675309
7337,12,-0.00032093672392834866,-0.006268503103397191,structural_group,unstratified,8675309
7338,12,-0.015950907516459206,-0.12820804210745437,structural_group,unstratified,8675309
7339,12,0.0,-0.06737139999712642,structural_group,unstratified,8675309
7340,12,-0.01907392419508638,-0.07107089014274534,structural_group,unstratified,8675309
7341,12,0.0,-0.21619576663287066,structural_group,unstratified,8675309
7342,12,0.0,-0.06592988921727477,structural_group,unstratified,8675309
7343,12,-0.0006418734478566973,-0.0033607357591965465,structural_group,unstratified,8675309
7344,12,-0.01907392419508638,-0.07247736837587214,structural_group,unstratified,8675309
7345,12,0.0,-0.0647368335456995,structural_group,unstratified,8675309
7346,12,-0.0031230166786271746,-0.06101437987725617,structural_group,unstratified,8675309
7347,12,0.0,-0.11090422826263185,structural_group,unstratified,8675309
7348,12,-0.006246033357254349,-0.016429692486455916,structural_group,unstratified,8675309
7349,12,0.0,-0.06368938780901189,structural_group,unstratified,8675309
7350,12,-0.008461049547044103,-0.07177683302300604,structural_group,unstratified,8675309
7351,12,-0.010676065736833856,-0.021735039908097154,structural_group,unstratified,8675309
7352,12,-0.008461049547044103,-0.11990299328777869,structural_group,unstratified,8675309
7353,12,0.0,-0.014287140421510913,structural_group,unstratified,8675309
7354,12,0.0,-0.0006426891770186018,structural_group,unstratified,8675309
7355,12,-0.006246033357254349,-0.010402499772508953,structural_group,unstratified,8675309
7356,12,0.0,-0.11104922688279256,structural_group,unstratified,8675309
7357,12,-0.025613472724431083,-0.08058513900942572,structural_group,unstratified,8675309
7358,12,-0.0034439534025555232,-0.06175622887150084,structural_group,unstratified,8675309
7359,12,-0.010676065736833856,-0.12396151592983679,structural_group,unstratified,8675309
7360,12,-0.00032093672392834866,-0.06848709399747539,structural_group,unstratified,8675309
7361,12,-0.0034439534025555232,-0.013890699527614061,structural_group,unstratified,8675309
7362,12,0.0,-0.013668904633542629,structural_group,unstratified,8675309
7363,12,0.0,-0.01165102576919892,structural_group,unstratified,8675309
7364,12,-0.006246033357254349,-0.06589274166613994,structural_group,unstratified,8675309
7365,12,-0.0034439534025555232,-0.12505059702552343,structural_group,unstratified,8675309
7366,12,-0.010676065736833856,-0.12194302575076614,structural_group,unstratified,8675309
7367,12,-0.006246033357254349,-0.06809205000455254,structural_group,unstratified,8675309
7368,12,-0.03190181503291841,-0.12617986373945592,structural_group,unstratified,8675309
7369,12,-0.01907392419508638,-0.022797460789578877,structural_group,unstratified,8675309
7370,12,-0.010676065736833856,-0.07083857940989836,structural_group,unstratified,8675309
7371,12,-0.00032093672392834866,-0.0610332030133419,structural_group,unstratified,8675309
7372,12,-0.006246033357254349,-0.12609160258506583,structural_group,unstratified,8675309
7373,12,-0.005658969592345277,-0.01984087963252953,structural_group,unstratified,8675309
7374,12,-0.008461049547044103,-0.17354643258748834,structural_group,unstratified,8675309
7375,12,-0.036226347372473364,-0.18092574051331486,structural_group,unstratified,8675309
7376,12,-0.021288940384876134,-0.08004766420437738,structural_group,unstratified,8675309
7377,12,-0.006246033357254349,-0.06903758745400956,structural_group,unstratified,8675309
7378,12,0.0,-0.0027203463725845017,structural_group,unstratified,8675309
7379,12,-0.005658969592345277,-0.014509546630309303,structural_group,unstratified,8675309
7380,12,-0.0034439534025555232,-0.06524482360621212,structural_group,unstratified,8675309
7381,12,-0.006246033357254349,-0.11201163097502705,structural_group,unstratified,8675309
7382,12,-0.0006418734478566973,-0.015337497263332023,structural_group,unstratified,8675309
7383,12,-0.0031230166786271746,-0.01692865298231031,structural_group,unstratified,8675309
7384,12,-0.021288940384876134,-0.07197146177064528,structural_group,unstratified,8675309
7385,12,-0.006246033357254349,-0.06313456200843663,structural_group,unstratified,8675309
7386,12,-0.008461049547044103,-0.06527254381474197,structural_group,unstratified,8675309
7387,12,0.0,-0.009702548389795498,structural_group,unstratified,8675309
7388,12,-0.008461049547044103,-0.17167531687931115,structural_group,unstratified,8675309
7389,12,-0.0034439534025555232,-0.06466845552172007,structural_group,unstratified,8675309
7390,12,-0.0006418734478566973,-0.06758305802267209,structural_group,unstratified,8675309
7391,12,-0.010676065736833856,-0.07196739744423288,structural_group,unstratified,8675309
7392,12,-0.021288940384876134,-0.17853847594888547,structural_group,unstratified,8675309
7393,12,-0.00032093672392834866,-0.008166890340506218,structural_group,unstratified,8675309
7394,12,-0.00032093672392834866,-0.013747289765729776,structural_group,unstratified,8675309
7395,12,-0.0034439534025555232,-0.053933168522402396,structural_group,unstratified,8675309
7396,12,-0.03190181503291841,-0.029492763098667732,structural_group,unstratified,8675309
7397,12,0.0,-0.013081788365797856,structural_group,unstratified,8675309
7398,12,-0.010676065736833856,-0.171660953049244,structural_group,unstratified,8675309
7399,12,-0.00032093672392834866,-0.0053298008106915555,structural_group,unstratified,8675309
7400,12,0.0,-0.069506557273101,structural_group,unstratified,8675309
7401,12,-0.006246033357254349,-0.008922312048334366,structural_group,unstratified,8675309
7402,12,-0.010676065736833856,-0.12475857299666399,structural_group,unstratified,8675309
7403,12,-0.021288940384876134,-0.2248812275977734,structural_group,unstratified,8675309
7404,12,-0.00032093672392834866,-0.06776633860754958,structural_group,unstratified,8675309
7405,12,-0.00032093672392834866,-0.06053661836822032,structural_group,unstratified,8675309
7406,12,-0.0034439534025555232,-0.11557882717704625,structural_group,unstratified,8675309
7407,12,0.0,-0.06113342282489287,structural_group,unstratified,8675309
7408,12,-0.010676065736833856,-0.07030110460485002,structural_group,unstratified,8675309
7409,12,0.0,-0.1211616024530026,structural_group,unstratified,8675309
7410,12,-0.03190181503291841,-0.08666175685094835,structural_group,unstratified,8675309
7411,12,-0.005338032868416928,-0.07085531909069832,structural_group,unstratified,8675309
7412,12,-0.036226347372473364,-0.23072838773862545,structural_group,unstratified,8675309
7413,12,-0.03190181503291841,-0.07213591921943703,structural_group,unstratified,8675309
7414,12,-0.00032093672392834866,-0.010656458171772423,structural_group,unstratified,8675309
7415,12,-0.010676065736833856,-0.07267118080888156,structural_group,unstratified,8675309
7416,12,-0.0031230166786271746,-0.06705104444501014,structural_group,unstratified,8675309
7417,12,0.0,-0.060314212159421926,structural_group,unstratified,8675309
7418,12,-0.010676065736833856,-0.020444862543051747,structural_group,unstratified,8675309
7419,12,-0.021288940384876134,-0.07625067339503855,structural_group,unstratified,8675309
7420,12,-0.010676065736833856,-0.020730551777265686,structural_group,unstratified,8675309
7421,12,0.0,-0.11939279001166221,structural_group,unstratified,8675309
7422,12,0.0,-0.06552137789326812,structural_group,unstratified,8675309
7423,12,0.0,-0.11178782786525465,structural_group,unstratified,8675309
7424,12,0.0,-0.015567291870651657,structural_group,unstratified,8675309
7425,12,0.0,-0.012506031596032753,structural_group,unstratified,8675309
7426,12,-0.005658969592345277,-0.01807206719118915,structural_group,unstratified,8675309
7427,12,0.0,-0.009415200002075403,structural_group,unstratified,8675309
7428,12,-0.025613472724431083,-0.08021596964446076,structural_group,unstratified,8675309
7429,12,-0.0031230166786271746,-0.016087794650422853,structural_group,unstratified,8675309
7430,12,-0.016271844240387554,-0.08050860498804717,structural_group,unstratified,8675309
7431,12,-0.021288940384876134,-0.1768506408255858,structural_group,unstratified,8675309
7432,12,-0.005338032868416928,-0.11920950942678472,structural_group,unstratified,8675309
7433,12,-0.0034439534025555232,-0.17415413652732467,structural_group,unstratified,8675309
7434,12,-0.008461049547044103,-0.019531272263665984,structural_group,unstratified,8675309
7435,12,-0.01907392419508638,-0.030681934245587333,structural_group,unstratified,8675309
7436,12,-0.0006418734478566973,-0.009976068201849141,structural_group,unstratified,8675309
7437,12,-0.036226347372473364,-0.0736844089072648,structural_group,unstratified,8675309
7438,12,0.0,-0.0054774375341172426,structural_group,unstratified,8675309
7439,12,-0.021288940384876134,-0.07888143777258523,structural_group,unstratified,8675309
7440,12,-0.0034439534025555232,-0.009999940419087371,structural_group,unstratified,8675309
7441,12,-0.00032093672392834866,-0.01137721356169825,structural_group,unstratified,8675309
7442,12,-0.0006418734478566973,-0.06391585834422268,structural_group,unstratified,8675309
7443,12,-0.00032093672392834866,-0.11753714404528855,structural_group,unstratified,8675309
7444,12,-0.00032093672392834866,-0.06586327572930119,structural_group,unstratified,8675309
7445,12,-0.008461049547044103,-0.023975092636762074,structural_group,unstratified,8675309
7446,12,-0.01907392419508638,-0.1795962211892278,structural_group,unstratified,8675309
7447,12,-0.036226347372473364,-0.07831758240735173,structural_group,unstratified,8675309
7448,12,-0.008461049547044103,-0.012659973206048973,structural_group,unstratified,8675309
7449,12,-0.005658969592345277,-0.06894441913433073,structural_group,unstratified,8675309
7450,12,-0.0034439534025555232,-0.06485456063692831,structural_group,unstratified,8675309
7451,12,-0.00032093672392834866,-0.017045320079214225,structural_group,unstratified,8675309
7452,12,-0.00032093672392834866,-0.17098589734472966,structural_group,unstratified,8675309
7453,12,-0.008461049547044103,-0.11981209543633296,structural_group,unstratified,8675309
7454,12,-0.0006418734478566973,-0.07067388961662943,structural_group,unstratified,8675309
7455,12,-0.03190181503291841,-0.1308665266935309,structural_group,unstratified,8675309
7456,12,-0.0006418734478566973,-0.0659702546372773,structural_group,unstratified,8675309
7457,12,0.0,-0.06461734191846481,structural_group,unstratified,8675309
7458,12,-0.036226347372473364,-0.12765604083720986,structural_group,unstratified,8675309
7459,12,-0.00032093672392834866,-0.06137280105896842,structural_group,unstratified,8675309
7460,12,-0.0006418734478566973,-0.016920204589464156,structural_group,unstratified,8675309
7461,12,-0.00032093672392834866,-0.11372088142026603,structural_group,unstratified,8675309
7462,12,-0.0034439534025555232,-0.0183576510429034,structural_group,unstratified,8675309
7463,12,0.0,-0.055934180743968644,structural_group,unstratified,8675309
7464,12,-0.006246033357254349,-0.009745370705096946,structural_group,unstratified,8675309
7465,12,-0.00032093672392834866,-0.059811187337155146,structural_group,unstratified,8675309
7466,12,-0.025613472724431083,-0.0773788801146461,structural_group,unstratified,8675309
7467,12,-0.0006418734478566973,-0.007619116031803129,structural_group,unstratified,8675309
7468,12,-0.021288940384876134,-0.027906782562606883,structural_group,unstratified,8675309
7469,12,-0.0006418734478566973,-0.06357626029859616,structural_group,unstratified,8675309
7470,12,-0.010676065736833856,-0.07333844674481932,structural_group,unstratified,8675309
7471,12,-0.010676065736833856,-0.12388587287720498,structural_group,unstratified,8675309
7472,12,-0.005658969592345277,-0.17554276916791522,structural_group,unstratified,8675309
7473,12,-0.010676065736833856,-0.07725938848741143,structural_group,unstratified,8675309
7474,12,-0.015950907516459206,-0.17359089247681814,structural_group,unstratified,8675309
7475,12,-0.0034439534025555232,-0.06389421067780618,structural_group,unstratified,8675309
7476,12,-0.010676065736833856,-0.06666117645533252,structural_group,unstratified,8675309
7477,12,-0.006246033357254349,-0.07317410024864866,structural_group,unstratified,8675309
7478,12,-0.0034439534025555232,-0.06510362705993165,structural_group,unstratified,8675309
7479,12,-0.006246033357254349,-0.015208654353818627,structural_group,unstratified,8675309
7480,12,-0.036226347372473364,-0.2319276672522251,structural_group,unstratified,8675309
7481,12,0.0,-0.010487541416962093,structural_group,unstratified,8675309
7482,12,0.0,-0.11367206760741731,structural_group,unstratified,8675309
7483,12,-0.0034439534025555232,-0.0672781262949479,structural_group,unstratified,8675309
7484,12,-0.05477133693621747,-0.18596844879836935,structural_group,unstratified,8675309
7485,12,-0.0034439534025555232,-0.022144342348587486,structural_group,unstratified,8675309
7486,12,-0.00032093672392834866,-0.013250705120608186,structural_group,unstratified,8675309
7487,12,-0.021288940384876134,-0.018595394501291107,structural_group,unstratified,8675309
7488,12,-0.0034439534025555232,-0.16685841411474878,structural_group,unstratified,8675309
7489,12,-0.03190181503291841,-0.12727673460371916,structural_group,unstratified,8675309
7490,12,-0.0031230166786271746,-0.012652689369699632,structural_group,unstratified,8675309
7491,12,-0.00032093672392834866,-0.06695320048419197,structural_group,unstratified,8675309
7492,12,-0.005338032868416928,-0.07063114834589408,structural_group,unstratified,8675309
7493,12,-0.0006418734478566973,-0.012376240465143323,structural_group,unstratified,8675309
7494,12,-0.006246033357254349,-0.1205112031598423,structural_group,unstratified,8675309
7495,12,-0.008461049547044103,-0.0745627328892392,structural_group,unstratified,8675309
7496,12,-0.0031230166786271746,-0.018841852729084455,structural_group,unstratified,8675309
7497,12,-0.0006418734478566973,-0.06368093941616572,structural_group,unstratified,8675309
7498,12,-0.03190181503291841,-0.12133096788741089,structural_group,unstratified,8675309
7499,12,0.0,-0.010712323476493285,structural_group,unstratified,8675309
7500,12,-0.00032093672392834866,-0.06253752520728688,structural_group,unstratified,8675309
7501,12,-0.021288940384876134,-0.07273718298212818,structural_group,unstratified,8675309
7502,12,-0.006246033357254349,-0.0678678792597483,structural_group,unstratified,8675309
7503,12,-0.008461049547044103,-0.06691948877811488,structural_group,unstratified,8675309
7504,12,0.0,-0.008640343843434567,structural_group,unstratified,8675309
7505,12,-0.00032093672392834866,-0.06458312428016044,structural_group,unstratified,8675309
7506,12,-0.016271844240387554,-0.12280062376345356,structural_group,unstratified,8675309
7507,12,0.0,-0.004797787233029619,structural_group,unstratified,8675309
7508,12,-0.00032093672392834866,-0.06362744996217766,structural_group,unstratified,8675309
7509,12,-0.0006418734478566973,-0.013304194574596246,structural_group,unstratified,8675309
7510,12,-0.0031230166786271746,-0.0656095336651585,structural_group,unstratified,8675309
7511,12,-0.021288940384876134,-0.07530751179631433,structural_group,unstratified,8675309
7512,12,-0.005338032868416928,-0.06754031675193674,structural_group,unstratified,8675309
7513,12,0.0,-0.006088838165334148,structural_group,unstratified,8675309
7514,12,-0.00032093672392834866,-0.12014213917737702,structural_group,unstratified,8675309
7515,12,-0.0031230166786271746,-0.16706495560213755,structural_group,unstratified,8675309
7516,12,-0.0034439534025555232,-0.06747370326396317,structural_group,unstratified,8675309
7517,12,0.0,-0.05589386124137749,structural_group,unstratified,8675309
7518,12,-0.0034439534025555232,-0.06722463684095985,structural_group,unstratified,8675309
7519,12,-0.0006418734478566973,-0.005734876289640479,structural_group,unstratified,8675309
7520,12,-0.008461049547044103,-0.07359913491833449,structural_group,unstratified,8675309
7521,12,-0.0006418734478566973,-0.008734810032152122,structural_group,unstratified,8675309
7522,12,-0.010676065736833856,-0.06870764909546519,structural_group,unstratified,8675309
7523,12,-0.010676065736833856,-0.11939996846551189,structural_group,unstratified,8675309
7524,12,-0.0034439534025555232,-0.11555393149884717,structural_group,unstratified,8675309
7525,12,0.0,-0.014942109973310901,structural_group,unstratified,8675309
7526,12,-0.00032093672392834866,-0.0196719628777192,structural_group,unstratified,8675309
7527,12,-0.008461049547044103,-0.1158625599179519,structural_group,unstratified,8675309
7528,12,0.0,-0.0595934567694961,structural_group,unstratified,8675309
7529,12,-0.010676065736833856,-0.16978983734106692,structural_group,unstratified,8675309
7530,12,-0.006246033357254349,-0.06665906285713188,structural_group,unstratified,8675309
7531,12,-0.0034439534025555232,-0.06205377220070377,structural_group,unstratified,8675309
7532,12,-0.036226347372473364,-0.13103483213361428,structural_group,unstratified,8675309
7533,12,-0.0006418734478566973,-0.014377147304209891,structural_group,unstratified,8675309
7534,12,-0.0031230166786271746,-0.05591514127276213,structural_group,unstratified,8675309
7535,12,-0.008461049547044103,-0.12025519062746648,structural_group,unstratified,8675309
7536,12,-0.015950907516459206,-0.1210978134953598,structural_group,unstratified,8675309
7537,12,-0.006246033357254349,-0.015574686659622083,structural_group,unstratified,8675309
7538,12,-0.010676065736833856,-0.01960410959366398,structural_group,unstratified,8675309
7539,12,0.0,-0.010831815103727964,structural_group,unstratified,8675309
7540,12,-0.01907392419508638,-0.12704181567566222,structural_group,unstratified,8675309
7541,12,0.0,-0.012625523223267434,structural_group,unstratified,8675309
7542,12,-0.006246033357254349,-0.015132569012038036,structural_group,unstratified,8675309
7543,12,0.0,-0.009404451818822691,structural_group,unstratified,8675309
7544,12,-0.0006418734478566973,-0.008128870628321613,structural_group,unstratified,8675309
7545,12,-0.021288940384876134,-0.023166630154543833,structural_group,unstratified,8675309
7546,12,-0.010676065736833856,-0.025378321451896956,structural_group,unstratified,8675309
7547,12,0.0,-0.0581869785363693,structural_group,unstratified,8675309
7548,12,-0.005658969592345277,-0.022210955836561058,structural_group,unstratified,8675309
7549,12,-0.008461049547044103,-0.22398687981189783,structural_group,unstratified,8675309
7550,12,-0.008461049547044103,-0.026809806315843936,structural_group,unstratified,8675309
7551,12,-0.005658969592345277,-0.11736461164366375,structural_group,unstratified,8675309
7552,12,-0.036226347372473364,-0.08264235983281111,structural_group,unstratified,8675309
7553,12,-0.008461049547044103,-0.07142931132445758,structural_group,unstratified,8675309
7554,12,0.0,-0.06202309496962905,structural_group,unstratified,8675309
7555,12,-0.006246033357254349,-0.11330875444944492,structural_group,unstratified,8675309
7556,12,-0.00032093672392834866,-0.11837332673603664,structural_group,unstratified,8675309
7557,12,-0.00032093672392834866,-0.11907711010068532,structural_group,unstratified,8675309
7558,12,-0.010676065736833856,-0.06873254477366429,structural_group,unstratified,8675309
7559,12,0.0,-0.11687771518746998,structural_group,unstratified,8675309
7560,12,-0.0034439534025555232,-0.0688243161923691,structural_group,unstratified,8675309
7561,12,0.0,-0.009530015988170722,structural_group,unstratified,8675309
7562,12,-0.006246033357254349,-0.11855932646874519,structural_group,unstratified,8675309
7563,12,-0.0034439534025555232,-0.012843253790926462,structural_group,unstratified,8675309
7564,12,-0.0031230166786271746,-0.012789764336938403,structural_group,unstratified,8675309
7565,12,-0.005658969592345277,-0.11829702505913527,structural_group,unstratified,8675309
7566,12,-0.008461049547044103,-0.16883355170835715,structural_group,unstratified,8675309
7567,12,-0.0006418734478566973,-0.060269752270092125,structural_group,unstratified,8675309
7568,12,-0.04055087971202831,-0.23488424840927447,structural_group,unstratified,8675309
7569,12,-0.006246033357254349,-0.1669027686215789,structural_group,unstratified,8675309
7570,12,-0.00032093672392834866,-0.06467083137245287,structural_group,unstratified,8675309
7571,12,0.0,-0.0648818321658602,structural_group,unstratified,8675309
7572,12,-0.0034439534025555232,-0.12126390571983936,structural_group,unstratified,8675309
7573,12,0.0,0.002781667920451906,structural_group,unstratified,8675309
7574,12,0.0,-0.0044354530248160405,structural_group,unstratified,8675309
7575,12,0.0,-0.058242843841090165,structural_group,unstratified,8675309
7576,12,-0.01907392419508638,-0.1772796344391843,structural_group,unstratified,8675309
7577,12,-0.006246033357254349,-0.008433039741407774,structural_group,unstratified,8675309
7578,12,-0.0006418734478566973,-0.11086890332045997,structural_group,unstratified,8675309
7579,12,0.0,-0.06133367543504751,structural_group,unstratified,8675309
7580,12,-0.0031230166786271746,-0.11884034006181976,structural_group,unstratified,8675309
7581,12,-0.006246033357254349,-0.11627001124763363,structural_group,unstratified,8675309
7582,12,-0.021288940384876134,-0.12632018671847728,structural_group,unstratified,8675309
7583,12,-0.00032093672392834866,-0.11765257134611083,structural_group,unstratified,8675309
7584,12,0.0,-0.004277284453258423,structural_group,unstratified,8675309
7585,12,-0.025613472724431083,-0.02838839206293436,structural_group,unstratified,8675309
7586,12,-0.025613472724431083,-0.027498719918198203,structural_group,unstratified,8675309
7587,12,-0.00032093672392834866,-0.008997000489140964,structural_group,unstratified,8675309
7588,12,0.0,-0.16393945769027787,structural_group,unstratified,8675309
7589,12,-0.008461049547044103,-0.1180432829949926,structural_group,unstratified,8675309
7590,12,-0.021288940384876134,-0.025705011798658733,structural_group,unstratified,8675309
7591,12,0.0,-0.014038073998507587,structural_group,unstratified,8675309
7592,12,-0.00032093672392834866,-0.1203742335751032,structural_group,unstratified,8675309
7593,12,0.0,-0.06545820025035226,structural_group,unstratified,8675309
7594,12,-0.0006418734478566973,-0.007661857302538475,structural_group,unstratified,8675309
7595,12,-0.008461049547044103,-0.12210008841058745,structural_group,unstratified,8675309
7596,12,-0.0031230166786271746,-0.11517314038337038,structural_group,unstratified,8675309
7597,12,0.0,-0.003756781673487227,structural_group,unstratified,8675309
7598,12,-0.005658969592345277,-0.07026643828694772,structural_group,unstratified,8675309
7599,12,0.0,-0.006088838165334148,structural_group,unstratified,8675309
7600,12,-0.01907392419508638,-0.07628895535975531,structural_group,unstratified,8675309
7601,12,-0.00032093672392834866,-0.018831104545831742,structural_group,unstratified,8675309
7602,12,0.0,-0.11629121023445216,structural_group,unstratified,8675309
7603,12,0.0,-0.05917525725656166,structural_group,unstratified,8675309
7604,12,-0.0006418734478566973,-0.06461964170887137,structural_group,unstratified,8675309
7605,12,-0.0031230166786271746,-0.06622776945312679,structural_group,unstratified,8675309
7606,12,-0.008461049547044103,-0.06729042267908568,structural_group,unstratified,8675309
7607,12,-0.006246033357254349,-0.06420751473805027,structural_group,unstratified,8675309
7608,12,0.0,-0.06358470869144231,structural_group,unstratified,8675309
7609,12,-0.0034439534025555232,-0.007460731125124731,structural_group,unstratified,8675309
7610,12,-0.0006418734478566973,-0.01893808345380786,structural_group,unstratified,8675309
7611,12,-0.0006418734478566973,-0.01717394665360684,structural_group,unstratified,8675309
7612,12,-0.00032093672392834866,-0.00806437073854868,structural_group,unstratified,8675309
7613,12,-0.010676065736833856,-0.021197565103048824,structural_group,unstratified,8675309
7614,12,-0.00032093672392834866,-0.0032943386063437555,structural_group,unstratified,8675309
7615,12,-0.0034439534025555232,-0.06059618036432173,structural_group,unstratified,8675309
7616,12,-0.0034439534025555232,-0.07089183651940925,structural_group,unstratified,8675309
7617,12,-0.010676065736833856,-0.07271999462173026,structural_group,unstratified,8675309
7618,12,-0.005658969592345277,-0.11866173511808165,structural_group,unstratified,8675309
7619,12,-0.008461049547044103,-0.02113095161507525,structural_group,unstratified,8675309
7620,12,-0.0034439534025555232,-0.12173559468676186,structural_group,unstratified,8675309
7621,12,-0.0034439534025555232,-0.013891310842341015,structural_group,unstratified,8675309
7622,12,-0.00032093672392834866,-0.0043565431527046875,structural_group,unstratified,8675309
7623,12,-0.005658969592345277,-0.015597311869588064,structural_group,unstratified,8675309
7624,12,-0.021288940384876134,-0.07279067243611624,structural_group,unstratified,8675309
7625,12,0.0,-0.06358470869144232,structural_group,unstratified,8675309
7626,12,-0.008461049547044103,-0.01922788873682686,structural_group,unstratified,8675309
7627,12,-0.0031230166786271746,-0.053690063688891315,structural_group,unstratified,8675309
7628,12,-0.005658969592345277,-0.11729860947041715,structural_group,unstratified,8675309
7629,12,-0.006246033357254349,-0.17390039446318195,structural_group,unstratified,8675309
7630,12,-0.016271844240387554,-0.22539565783543125,structural_group,unstratified,8675309
7631,12,-0.006246033357254349,-0.012397782749060128,structural_group,unstratified,8675309
7632,12,-0.008461049547044103,-0.12025051498632712,structural_group,unstratified,8675309
7633,12,0.0,-0.004682971246934301,structural_group,unstratified,8675309
7634,12,-0.005338032868416928,-0.020508145568467296,structural_group,unstratified,8675309
7635,12,-0.021288940384876134,-0.0758815040300736,structural_group,unstratified,8675309
7636,12,-0.04055087971202831,-0.1334861180001637,structural_group,unstratified,8675309
7637,12,-0.010676065736833856,-0.07648276779276474,structural_group,unstratified,8675309
7638,12,0.0,-0.005036933122627971,structural_group,unstratified,8675309
7639,12,-0.006246033357254349,-0.014660880045115537,structural_group,unstratified,8675309
7640,12,-0.010676065736833856,-0.17154790159915456,structural_group,unstratified,8675309
7641,12,-0.0031230166786271746,-0.012051425607008484,structural_group,unstratified,8675309
7642,12,-0.0034439534025555232,-0.015564916019918855,structural_group,unstratified,8675309
7643,12,-0.0006418734478566973,-0.05986467679114319,structural_group,unstratified,8675309
7644,12,-0.00032093672392834866,-0.16587718688642858,structural_group,unstratified,8675309
7645,12,0.0,-0.06464691323780325,structural_group,unstratified,8675309
7646,12,-0.021288940384876134,-0.02457680507905118,structural_group,unstratified,8675309
7647,12,-0.0006418734478566973,-0.00387516599685439,structural_group,unstratified,8675309
7648,12,-0.021288940384876134,-0.0757131985899902,structural_group,unstratified,8675309
7649,12,0.0,-0.06730716235988564,structural_group,unstratified,8675309
7650,12,0.0,-0.009990956771840505,structural_group,unstratified,8675309
7651,12,-0.00032093672392834866,-0.06053661836822032,structural_group,unstratified,8675309
7652,12,-0.008461049547044103,-0.01571968527978281,structural_group,unstratified,8675309
7653,12,-0.008461049547044103,-0.06502347739173864,structural_group,unstratified,8675309
7654,12,-0.008461049547044103,-0.11663918061259855,structural_group,unstratified,8675309
7655,12,-0.010676065736833856,-0.069059846435153,structural_group,unstratified,8675309
7656,12,-0.00032093672392834866,-0.009935702781846599,structural_group,unstratified,8675309
7657,12,-0.006246033357254349,-0.06448517493684257,structural_group,unstratified,8675309
7658,12,-0.0034439534025555232,-0.014035698147774785,structural_group,unstratified,8675309
7659,12,-0.005338032868416928,-0.07145658285338947,structural_group,unstratified,8675309
7660,12,-0.036226347372473364,-0.07915844073923918,structural_group,unstratified,8675309
7661,12,-0.0031230166786271746,-0.07108741348842451,structural_group,unstratified,8675309
7662,12,-0.006246033357254349,-0.01590681385595192,structural_group,unstratified,8675309
7663,12,-0.008461049547044103,-0.11544903604615682,structural_group,unstratified,8675309
7664,12,-0.00032093672392834866,-0.11421746606538759,structural_group,unstratified,8675309
7665,12,-0.04055087971202831,-0.1288482688589374,structural_group,unstratified,8675309
7666,12,0.0,-0.05694572036667228,structural_group,unstratified,8675309
7667,12,0.0,-0.014038073998507587,structural_group,unstratified,8675309
7668,12,-0.0034439534025555232,-0.012122498401000636,structural_group,unstratified,8675309
7669,12,-0.005658969592345277,-0.020561635022455355,structural_group,unstratified,8675309
7670,12,-0.005338032868416928,-0.012582565617411305,structural_group,unstratified,8675309
7671,12,-0.021288940384876134,-0.12473367731846492,structural_group,unstratified,8675309
7672,12,-0.0031230166786271746,-0.07108741348842453,structural_group,unstratified,8675309
7673,12,0.0,-0.05538856595087758,structural_group,unstratified,8675309
7674,12,-0.008461049547044103,-0.07122905871430296,structural_group,unstratified,8675309
7675,12,-0.0034439534025555232,-0.1169630464290296,structural_group,unstratified,8675309
7676,12,0.0,-0.007592898106746966,structural_group,unstratified,8675309
7677,12,-0.006246033357254349,-0.11998832452933827,structural_group,unstratified,8675309
7678,12,-0.008461049547044103,-0.07498715624419806,structural_group,unstratified,8675309
7679,12,-0.008461049547044103,-0.01783986741096327,structural_group,unstratified,8675309
7680,12,-0.03190181503291841,-0.029950879352006757,structural_group,unstratified,8675309
7681,12,0.0,-0.008226819971639487,structural_group,unstratified,8675309
7682,12,0.0,-0.006854559376817049,structural_group,unstratified,8675309
7683,12,-0.00032093672392834866,-0.06147532066092595,structural_group,unstratified,8675309
7684,12,-0.00032093672392834866,-0.11481080617515681,structural_group,unstratified,8675309
7685,12,-0.0006418734478566973,-0.06681111296916477,structural_group,unstratified,8675309
7686,12,-0.03190181503291841,-0.07172239534764197,structural_group,unstratified,8675309
7687,12,-0.010676065736833856,-0.011732019096596047,structural_group,unstratified,8675309
7688,12,-0.0034439534025555232,-0.06436589964472866,structural_group,unstratified,8675309
7689,12,-0.00032093672392834866,-0.05923481925266308,structural_group,unstratified,8675309
7690,12,-0.0006418734478566973,-0.07079338124386413,structural_group,unstratified,8675309
7691,12,0.0,-0.013634238315640307,structural_group,unstratified,8675309
7692,12,-0.006246033357254349,-0.01590681385595192,structural_group,unstratified,8675309
7693,12,-0.0034439534025555232,-0.015685018961880483,structural_group,unstratified,8675309
7694,12,0.0,-0.0033455282699252566,structural_group,unstratified,8675309
7695,12,0.0,-0.06462201755960416,structural_group,unstratified,8675309
7696,12,-0.0006418734478566973,-0.05825187340574841,structural_group,unstratified,8675309
7697,12,-0.005658969592345277,-0.06236945211168069,structural_group,unstratified,8675309
7698,12,0.0,-0.004446201208068753,structural_group,unstratified,8675309
7699,12,-0.0034439534025555232,-0.015684407647153533,structural_group,unstratified,8675309
7700,12,-0.005338032868416928,-0.0701594593789716,structural_group,unstratified,8675309
7701,12,-0.008461049547044103,-0.07220355616837147,structural_group,unstratified,8675309
7702,12,-0.006246033357254349,-0.06420751473805027,structural_group,unstratified,8675309
7703,12,-0.0034439534025555232,-0.12126390571983936,structural_group,unstratified,8675309
7704,12,-0.008461049547044103,-0.016390799207012193,structural_group,unstratified,8675309
7705,12,-0.036226347372473364,-0.13406248608465576,structural_group,unstratified,8675309
7706,12,-0.008461049547044103,-0.06816549864927751,structural_group,unstratified,8675309
7707,12,-0.0034439534025555232,-0.010473177586894934,structural_group,unstratified,8675309
7708,12,0.0,-0.056158351488772885,structural_group,unstratified,8675309
7709,12,-0.036226347372473364,-0.08465379852000961,structural_group,unstratified,8675309
7710,12,0.0,-0.05367953184075939,structural_group,unstratified,8675309
7711,12,-0.0034439534025555232,-0.008508788176539285,structural_group,unstratified,8675309
7712,12,-0.015950907516459206,-0.07499420773607023,structural_group,unstratified,8675309
7713,12,-0.006246033357254349,-0.0733743528588033,structural_group,unstratified,8675309
7714,12,0.0,-0.014990923786159599,structural_group,unstratified,8675309
7715,12,-0.00032093672392834866,-0.008747322751410684,structural_group,unstratified,8675309
7716,12,0.0,-0.06380887943624657,structural_group,unstratified,8675309
7717,12,-0.00032093672392834866,-0.05470371667493571,structural_group,unstratified,8675309
7718,12,-0.006246033357254349,-0.010505019374466495,structural_group,unstratified,8675309
7719,12,-0.008461049547044103,-0.07426640085427226,structural_group,unstratified,8675309
7720,12,-0.00032093672392834866,-0.06209355644889424,structural_group,unstratified,8675309
7721,12,0.0,-0.0723357231499937,structural_group,unstratified,8675309
7722,12,-0.0031230166786271746,-0.007423875969436941,structural_group,unstratified,8675309
7723,12,-0.006246033357254349,-0.1260381131310778,structural_group,unstratified,8675309
7724,12,-0.0006418734478566973,-0.06721388865770712,structural_group,unstratified,8675309
7725,12,-0.00032093672392834866,-0.065631181331575,structural_group,unstratified,8675309
7726,12,-0.006246033357254349,-0.11684637933212567,structural_group,unstratified,8675309
7727,12,-0.0034439534025555232,-0.011926310117258412,structural_group,unstratified,8675309
7728,12,-0.005658969592345277,-0.07435183747833156,structural_group,unstratified,8675309
7729,12,-0.00032093672392834866,-0.0655116897043403,structural_group,unstratified,8675309
7730,12,-0.008461049547044103,-0.11978350166054401,structural_group,unstratified,8675309
7731,12,-0.008461049547044103,-0.0753393535838859,structural_group,unstratified,8675309
7732,12,0.0,-0.05812097636312268,structural_group,unstratified,8675309
7733,12,-0.0006418734478566973,-0.06958396486173866,structural_group,unstratified,8675309
7734,12,-0.005338032868416928,-0.021109409331158444,structural_group,unstratified,8675309
7735,12,-0.010676065736833856,-0.12784940459062136,structural_group,unstratified,8675309
7736,12,-0.03190181503291841,-0.079837112090568,structural_group,unstratified,8675309
7737,12,0.0,-0.00973026859832535,structural_group,unstratified,8675309
7738,12,-0.008461049547044103,-0.011162597121476459,structural_group,unstratified,8675309
7739,12,-0.006246033357254349,-0.06371093009292868,structural_group,unstratified,8675309
7740,12,-0.0034439534025555232,-0.01405679175209363,structural_group,unstratified,8675309
7741,12,-0.0006418734478566973,-0.1159123526805594,structural_group,unstratified,8675309
7742,12,-0.006246033357254349,-0.011552465111154092,structural_group,unstratified,8675309
7743,12,-0.020596376579942503,-0.12569972637968727,structural_group,unstratified,8675309
7744,12,-0.0006418734478566973,-0.07030472025166447,structural_group,unstratified,8675309
7745,12,-0.0034439534025555232,-0.06591208954214989,structural_group,unstratified,8675309
7746,12,-0.008461049547044103,-0.12888433760805038,structural_group,unstratified,8675309
7747,12,-0.03190181503291841,-0.0809039922780683,structural_group,unstratified,8675309
7748,12,-0.00032093672392834866,-0.013515195368003588,structural_group,unstratified,8675309
7749,12,0.0,-0.007277218195770065,structural_group,unstratified,8675309
7750,12,-0.00032093672392834866,-0.058040215380202737,structural_group,unstratified,8675309
7751,12,-0.0006418734478566973,-0.06877550237952042,structural_group,unstratified,8675309
7752,12,-0.005658969592345277,-0.015034725051219859,structural_group,unstratified,8675309
7753,12,-0.0031230166786271746,-0.02143609967792022,structural_group,unstratified,8675309
7754,12,-0.005338032868416928,-0.0668195613620109,structural_group,unstratified,8675309
7755,12,-0.010676065736833856,-0.07095585782152923,structural_group,unstratified,8675309
7756,12,0.0,-0.01166799779447606,structural_group,unstratified,8675309
7757,12,-0.021288940384876134,-0.1262286775523046,structural_group,unstratified,8675309
7758,12,0.0,-0.010543406721682955,structural_group,unstratified,8675309
7759,12,-0.008461049547044103,-0.010490655544399333,structural_group,unstratified,8675309
7760,12,-0.0031230166786271746,-0.06540233494563141,structural_group,unstratified,8675309
7761,12,-0.0006418734478566973,-0.06414795274194886,structural_group,unstratified,8675309
7762,12,-0.008461049547044103,-0.12259569551215958,structural_group,unstratified,8675309
7763,12,-0.0006418734478566973,-0.1705428021535961,structural_group,unstratified,8675309
7764,12,-0.008461049547044103,-0.06940675681897451,structural_group,unstratified,8675309
7765,12,-0.0034439534025555232,-0.07103622382484301,structural_group,unstratified,8675309
7766,12,-0.006246033357254349,-0.012892067603775157,structural_group,unstratified,8675309
7767,12,0.0,-0.004858328178889842,structural_group,unstratified,8675309
7768,12,-0.00032093672392834866,-0.06100363169400346,structural_group,unstratified,8675309
7769,12,-0.0031230166786271746,-0.005071383105409508,structural_group,unstratified,8675309
7770,12,-0.021288940384876134,-0.12385860134827309,structural_group,unstratified,8675309
7771,12,-0.021288940384876134,-0.02457680507905118,structural_group,unstratified,8675309
7772,12,-0.006246033357254349,-0.2215998315825892,structural_group,unstratified,8675309
7773,12,-0.021288940384876134,-0.026447920787228314,structural_group,unstratified,8675309
7774,12,-0.021288940384876134,-0.12782213306168946,structural_group,unstratified,8675309
7775,12,-0.0034439534025555232,-0.01582560419343401,structural_group,unstratified,8675309
7776,12,-0.021288940384876134,-0.12174982463248368,structural_group,unstratified,8675309
7777,12,-0.006246033357254349,-0.014854908813245742,structural_group,unstratified,8675309
7778,12,-0.010676065736833856,-0.06740584997990795,structural_group,unstratified,8675309
7779,12,-0.0031230166786271746,-0.06976539433580754,structural_group,unstratified,8675309
7780,12,-0.005658969592345277,-0.01948868229284171,structural_group,unstratified,8675309
7781,12,-0.00032093672392834866,-0.004965307086865957,structural_group,unstratified,8675309
7782,12,0.0,-0.0013697334441785617,structural_group,unstratified,8675309
7783,12,-0.01907392419508638,-0.12436450795349996,structural_group,unstratified,8675309
7784,12,-0.021288940384876134,-0.07428804852068875,structural_group,unstratified,8675309
7785,12,-0.006246033357254349,-0.06081412726710154,structural_group,unstratified,8675309
7786,12,0.0,-0.006871531402094187,structural_group,unstratified,8675309
7787,12,-0.025613472724431083,-0.17846106836024775,structural_group,unstratified,8675309
7788,12,0.0,-0.05809608068492359,structural_group,unstratified,8675309
7789,12,0.0,-0.06036770161340999,structural_group,unstratified,8675309
7790,12,0.0,-0.00815168285123493,structural_group,unstratified,8675309
7791,12,0.0,-0.009041354995971085,structural_group,unstratified,8675309
7792,12,-0.0034439534025555232,-0.06909812839986977,structural_group,unstratified,8675309
7793,12,-0.0006418734478566973,-0.11206372352804111,structural_group,unstratified,8675309
7794,12,0.0,-0.1649186014633123,structural_group,unstratified,8675309
7795,12,-0.006246033357254349,-0.11925616372402138,structural_group,unstratified,8675309
7796,12,-0.005658969592345277,-0.1200123480464876,structural_group,unstratified,8675309
7797,12,-0.03190181503291841,-0.0791163567006422,structural_group,unstratified,8675309
7798,12,-0.021288940384876134,-0.07238498564244035,structural_group,unstratified,8675309
7799,12,-0.0006418734478566973,-0.11461522920614153,structural_group,unstratified,8675309
7800,12,-0.0006418734478566973,-0.1680532343223299,structural_group,unstratified,8675309
7801,12,-0.0031230166786271746,-0.015855700252696663,structural_group,unstratified,8675309
7802,12,-0.021288940384876134,-0.028444257367655216,structural_group,unstratified,8675309
7803,12,-0.0034439534025555232,-0.11678444148529148,structural_group,unstratified,8675309
7804,12,-0.0034439534025555232,-0.012109374367015119,structural_group,unstratified,8675309
7805,12,-0.021288940384876134,-0.0246861598377601,structural_group,unstratified,8675309
7806,12,-0.008461049547044103,-0.12155231410188438,structural_group,unstratified,8675309
7807,12,-0.021288940384876134,-0.1263441048531269,structural_group,unstratified,8675309
7808,12,-0.02339845653464133,-0.021922384819387058,structural_group,unstratified,8675309
7809,12,-0.008461049547044103,-0.017270550818343375,structural_group,unstratified,8675309
7810,12,-0.005338032868416928,-0.12536627693650035,structural_group,unstratified,8675309
7811,12,-0.0006418734478566973,-0.015674270778627774,structural_group,unstratified,8675309
7812,12,-0.0006418734478566973,-0.012608334862869513,structural_group,unstratified,8675309
7813,12,-0.008461049547044103,-0.0632011754964102,structural_group,unstratified,8675309
7814,12,-0.0034439534025555232,-0.11585648737583855,structural_group,unstratified,8675309
7815,12,0.0,-0.016959988837654608,structural_group,unstratified,8675309
7816,12,-0.005658969592345277,-0.02041724771702159,structural_group,unstratified,8675309
7817,12,-0.00032093672392834866,-0.011718662718133356,structural_group,unstratified,8675309
7818,12,-0.006246033357254349,-0.06745205559754668,structural_group,unstratified,8675309
7819,12,-0.00032093672392834866,-0.1665871940931017,structural_group,unstratified,8675309
7820,12,-0.0034439534025555232,-0.016982142436298368,structural_group,unstratified,8675309
7821,12,-0.00032093672392834866,-0.00958350544215878,structural_group,unstratified,8675309
7822,12,0.0,-0.005363407134268964,structural_group,unstratified,8675309
7823,12,-0.008461049547044103,-0.015567740550249615,structural_group,unstratified,8675309
7824,12,-0.006246033357254349,-0.008601956496218104,structural_group,unstratified,8675309
7825,12,-0.006246033357254349,-0.06394302449065488,structural_group,unstratified,8675309
7826,12,-0.0006418734478566973,-0.11889850515694722,structural_group,unstratified,8675309
7827,12,-0.006246033357254349,-0.07178089734941845,structural_group,unstratified,8675309
7828,12,-0.00032093672392834866,-0.013395703740768908,structural_group,unstratified,8675309
7829,12,0.0,-0.008693833297422624,structural_group,unstratified,8675309
7830,12,-0.008461049547044103,-0.01983620399139017,structural_group,unstratified,8675309
7831,12,-0.00032093672392834866,-0.06065204566904259,structural_group,unstratified,8675309
7832,12,-0.0034439534025555232,-0.06987237324378366,structural_group,unstratified,8675309
7833,12,-0.008461049547044103,-0.12149882464789631,structural_group,unstratified,8675309
7834,12,-0.010676065736833856,-0.07518802016907965,structural_group,unstratified,8675309
7835,12,-0.010676065736833856,-0.07154473862527987,structural_group,unstratified,8675309
7836,12,-0.006246033357254349,-0.0077298676914860425,structural_group,unstratified,8675309
7837,12,-0.036226347372473364,-0.13051432935384308,structural_group,unstratified,8675309
7838,12,-0.00032093672392834866,-0.011953581646190307,structural_group,unstratified,8675309
7839,12,-0.006246033357254349,-0.07088716087826989,structural_group,unstratified,8675309
7840,12,-0.0034439534025555232,-0.06603219248411152,structural_group,unstratified,8675309
7841,12,-0.010676065736833856,-0.12238849679263246,structural_group,unstratified,8675309
7842,12,-0.010676065736833856,-0.016918964793382507,structural_group,unstratified,8675309
7843,12,-0.008461049547044103,-0.0716960720400861,structural_group,unstratified,8675309
7844,12,-0.005658969592345277,-0.06405618132324403,structural_group,unstratified,8675309
7845,12,0.0,-0.06844435272674004,structural_group,unstratified,8675309
7846,12,0.0,-0.01195595749692311,structural_group,unstratified,8675309
7847,12,-0.006246033357254349,-0.019627502988389386,structural_group,unstratified,8675309
7848,12,0.0,-0.005483510076230595,structural_group,unstratified,8675309
7849,12,-0.008461049547044103,-0.11781911225018832,structural_group,unstratified,8675309
7850,12,-0.016271844240387554,-0.07447132910556624,structural_group,unstratified,8675309
7851,12,0.0,-0.06973072801790522,structural_group,unstratified,8675309
7852,12,-0.0034439534025555232,-0.06415870092520158,structural_group,unstratified,8675309
7853,12,-0.021288940384876134,-0.12415730923397283,structural_group,unstratified,8675309
7854,12,-0.036226347372473364,-0.08329711304949032,structural_group,unstratified,8675309
7855,12,-0.021288940384876134,-0.07640200680984477,structural_group,unstratified,8675309
7856,12,0.0,-0.11308495133967256,structural_group,unstratified,8675309
7857,12,-0.0031230166786271746,-0.12427635218160958,structural_group,unstratified,8675309
7858,12,-0.006246033357254349,-0.069590037403852,structural_group,unstratified,8675309
7859,12,-0.010676065736833856,-0.06439577936887055,structural_group,unstratified,8675309
7860,12,-0.006246033357254349,-0.06990967625874163,structural_group,unstratified,8675309
7861,12,0.0,-0.004770067024499767,structural_group,unstratified,8675309
7862,12,-0.0031230166786271746,-0.015511426565930795,structural_group,unstratified,8675309
7863,12,-0.0006418734478566973,-0.011224377863418325,structural_group,unstratified,8675309
7864,12,-0.01907392419508638,-0.12456476056365456,structural_group,unstratified,8675309
7865,12,-0.006246033357254349,-0.06964352685784006,structural_group,unstratified,8675309
7866,12,-0.006246033357254349,-0.06557064038571478,structural_group,unstratified,8675309
7867,12,-0.008461049547044103,-0.2232637485712392,structural_group,unstratified,8675309
7868,12,-0.008461049547044103,-0.17297244035372905,structural_group,unstratified,8675309
7869,12,-0.006246033357254349,-0.06820140476326146,structural_group,unstratified,8675309
7870,12,0.0,-0.005325341504672978,structural_group,unstratified,8675309
7871,12,-0.00032093672392834866,-0.014298762172022743,structural_group,unstratified,8675309
7872,12,0.0,-0.004672223063681588,structural_group,unstratified,8675309
7873,12,-0.010676065736833856,-0.12192148346684935,structural_group,unstratified,8675309
7874,12,0.0,-0.007831432681618363,structural_group,unstratified,8675309
7875,12,-0.006246033357254349,-0.019010158169167832,structural_group,unstratified,8675309
7876,12,-0.008461049547044103,-0.0698545276512474,structural_group,unstratified,8675309
7877,12,-0.00032093672392834866,-0.015413582605112615,structural_group,unstratified,8675309
7878,12,-0.006246033357254349,-0.021260742745964678,structural_group,unstratified,8675309
7879,12,-0.0034439534025555232,-0.07005097818752179,structural_group,unstratified,8675309
7880,12,-0.00032093672392834866,-0.06623244509426614,structural_group,unstratified,8675309
7881,12,-0.005658969592345277,-0.11813885648757765,structural_group,unstratified,8675309
7882,12,-0.005658969592345277,-0.01575548044114568,structural_group,unstratified,8675309
7883,12,0.0,-0.002854596809492511,structural_group,unstratified,8675309
7884,12,0.0,-0.00485365253775048,structural_group,unstratified,8675309
7885,12,-0.008461049547044103,-0.1190092568166301,structural_group,unstratified,8675309
7886,12,-0.006246033357254349,-0.01785423124103043,structural_group,unstratified,8675309
7887,12,-0.008461049547044103,-0.019286053831954277,structural_group,unstratified,8675309
7888,12,-0.006246033357254349,-0.12603811313107777,structural_group,unstratified,8675309
7889,12,-0.0034439534025555232,-0.06022701099935677,structural_group,unstratified,8675309
7890,12,-0.036226347372473364,-0.1806373321312699,structural_group,unstratified,8675309
7891,12,0.0,-0.004217722457157013,structural_group,unstratified,8675309
7892,12,-0.00032093672392834866,-0.011838154345368035,structural_group,unstratified,8675309
7893,12,-0.0034439534025555232,-0.06577000202712267,structural_group,unstratified,8675309
7894,12,-0.005658969592345277,-0.024282324154892825,structural_group,unstratified,8675309
7895,12,0.0,-0.014154741095411502,structural_group,unstratified,8675309
7896,12,0.0,-0.007070019476242966,structural_group,unstratified,8675309
7897,12,-0.021288940384876134,-0.12581515368050955,structural_group,unstratified,8675309
7898,12,-0.0031230166786271746,-0.11480397101840539,structural_group,unstratified,8675309
7899,12,0.0,-0.05277911151277052,structural_group,unstratified,8675309
7900,12,-0.00032093672392834866,-0.013602291145569054,structural_group,unstratified,8675309
7901,12,-0.016271844240387554,-0.07576845257998412,structural_group,unstratified,8675309
7902,12,-0.008461049547044103,-0.12274008281759331,structural_group,unstratified,8675309
7903,12,0.0,-0.014639337761198733,structural_group,unstratified,8675309
7904,12,-0.006246033357254349,-0.016429692486455916,structural_group,unstratified,8675309
7905,12,-0.00032093672392834866,-0.014116459130694736,structural_group,unstratified,8675309
7906,12,-0.03190181503291841,-0.02888399916450646,structural_group,unstratified,8675309
7907,12,-0.0031230166786271746,-0.06859784565715832,structural_group,unstratified,8675309
7908,12,-0.0034439534025555232,-0.0634373342205488,structural_group,unstratified,8675309
7909,12,-0.036226347372473364,-0.0828744542305373,structural_group,unstratified,8675309
7910,12,-0.021288940384876134,-0.17398397997643267,structural_group,unstratified,8675309
7911,12,0.0,-0.060229386850089585,structural_group,unstratified,8675309
7912,12,-0.010676065736833856,-0.062480203771363596,structural_group,unstratified,8675309
7913,12,0.0,-0.06178025238865015,structural_group,unstratified,8675309
7914,12,0.0,-0.001879488040697045,structural_group,unstratified,8675309
7915,12,-0.010676065736833856,-0.17562624929866621,structural_group,unstratified,8675309
7916,12,-0.008461049547044103,-0.16676218339002535,structural_group,unstratified,8675309
7917,12,-0.006246033357254349,-0.06537506341669952,structural_group,unstratified,8675309
7918,12,0.0,-0.05812097636312269,structural_group,unstratified,8675309
7919,12,-0.0006418734478566973,-0.017210988822241962,structural_group,unstratified,8675309
7920,12,0.0,-0.05665731198462726,structural_group,unstratified,8675309
7921,12,-0.0034439534025555232,-0.06852176031537771,structural_group,unstratified,8675309
7922,12,-0.006246033357254349,-0.11936084284159099,structural_group,unstratified,8675309
7923,12,0.0,-0.0628532051182638,structural_group,unstratified,8675309
7924,12,-0.006246033357254349,-0.010099332580790614,structural_group,unstratified,8675309
7925,12,-0.005338032868416928,-0.06684445704021001,structural_group,unstratified,8675309
7926,12,-0.0034439534025555232,-0.010328790281461166,structural_group,unstratified,8675309
7927,12,-0.010676065736833856,-0.01241536608906422,structural_group,unstratified,8675309
7928,12,-0.0006418734478566973,-0.015913865347824085,structural_group,unstratified,8675309
7929,12,0.0,-0.008721104826354518,structural_group,unstratified,8675309
7930,12,-0.00032093672392834866,-0.11205458858088317,structural_group,unstratified,8675309
7931,12,0.0,-0.06653054166523896,structural_group,unstratified,8675309
7932,12,-0.0031230166786271746,-0.06064521051229122,structural_group,unstratified,8675309
7933,12,-0.006246033357254349,-0.016781278511416784,structural_group,unstratified,8675309
7934,12,-0.006246033357254349,-0.06976301848507475,structural_group,unstratified,8675309
7935,12,-0.0006418734478566973,-0.014838088087879675,structural_group,unstratified,8675309
7936,12,-0.00032093672392834866,-0.11314451333577395,structural_group,unstratified,8675309
7937,12,-0.005658969592345277,-0.07642320579666333,structural_group,unstratified,8675309
7938,12,-0.005658969592345277,-0.17071171890840642,structural_group,unstratified,8675309
7939,12,-0.00032093672392834866,-0.17048931269960807,structural_group,unstratified,8675309
7940,12,-0.00032093672392834866,-0.0640944632879608,structural_group,unstratified,8675309
7941,12,-0.03190181503291841,-0.1267003665192271,structural_group,unstratified,8675309
7942,12,-0.010676065736833856,-0.11766310319424274,structural_group,unstratified,8675309
7943,12,-0.00032093672392834866,-0.012442242638389943,structural_group,unstratified,8675309
7944,12,-0.008461049547044103,-0.06819039432747659,structural_group,unstratified,8675309
7945,12,-0.021288940384876134,-0.02873451686050883,structural_group,unstratified,8675309
7946,12,-0.0034439534025555232,-0.12066264195714822,structural_group,unstratified,8675309
7947,12,0.0,-0.007744231521553203,structural_group,unstratified,8675309
7948,12,-0.008461049547044103,-0.07498715624419806,structural_group,unstratified,8675309
7949,12,-0.006246033357254349,-0.021785921166875236,structural_group,unstratified,8675309
7950,12,-0.04055087971202831,-0.08218503469595577,structural_group,unstratified,8675309
7951,12,-0.00032093672392834866,-0.06528690764480914,structural_group,unstratified,8675309
7952,12,-0.00032093672392834866,-0.06932327668822348,structural_group,unstratified,8675309
7953,12,-0.0034439534025555232,-0.006893685000737945,structural_group,unstratified,8675309
7954,12,-0.0031230166786271746,-0.06456147661374394,structural_group,unstratified,8675309
7955,12,-0.03190181503291841,-0.07941445327161499,structural_group,unstratified,8675309
7956,12,-0.006246033357254349,-0.018223400605995387,structural_group,unstratified,8675309
7957,12,-0.010676065736833856,-0.021815800891017107,structural_group,unstratified,8675309
7958,12,-0.01907392419508638,-0.02750566602757067,structural_group,unstratified,8675309
7959,12,-0.0034439534025555232,-0.015540020341719763,structural_group,unstratified,8675309
7960,12,-0.008461049547044103,-0.012907491428167231,structural_group,unstratified,8675309
7961,12,-0.0034439534025555232,-0.12266800810223334,structural_group,unstratified,8675309
7962,12,-0.03190181503291841,-0.025969135817231603,structural_group,unstratified,8675309
7963,12,-0.006246033357254349,-0.06652410148809375,structural_group,unstratified,8675309
7964,12,-0.00032093672392834866,-0.006989258493323016,structural_group,unstratified,8675309
7965,12,-0.03190181503291841,-0.08491916233466412,structural_group,unstratified,8675309
7966,12,-0.0034439534025555232,-0.06617657978954529,structural_group,unstratified,8675309
7967,12,-0.008461049547044103,-0.12883084815406232,structural_group,unstratified,8675309
7968,12,-0.010676065736833856,-0.1215032839539149,structural_group,unstratified,8675309
7969,12,-0.005658969592345277,-0.07029503206273668,structural_group,unstratified,8675309
7970,12,-0.006246033357254349,-0.018919260317722123,structural_group,unstratified,8675309
7971,12,-0.0031230166786271746,-0.060380720264895806,structural_group,unstratified,8675309
7972,12,-0.025613472724431083,-0.1298719590961044,structural_group,unstratified,8675309
7973,12,-0.03190181503291841,-0.02827022268255675,structural_group,unstratified,8675309
7974,12,-0.0006418734478566973,-0.11455329135930732,structural_group,unstratified,8675309
7975,12,-0.0031230166786271746,-0.11538033910289747,structural_group,unstratified,8675309
7976,12,-0.010676065736833856,-0.0654687320984842,structural_group,unstratified,8675309
7977,12,-0.0034439534025555232,-0.013194839815887325,structural_group,unstratified,8675309
7978,12,0.0,-0.009350962364834632,structural_group,unstratified,8675309
7979,12,0.0,-0.002248657405662004,structural_group,unstratified,8675309
7980,12,-0.0031230166786271746,-0.01149264086252052,structural_group,unstratified,8675309
7981,12,0.0,-0.019394302678926906,structural_group,unstratified,8675309
7982,12,0.0,-0.06967723856391717,structural_group,unstratified,8675309
7983,12,0.0,-0.009235535064012361,structural_group,unstratified,8675309
7984,12,-0.006246033357254349,-0.07100665250550457,structural_group,unstratified,8675309
7985,12,-0.0006418734478566973,-0.004342179322637528,structural_group,unstratified,8675309
7986,12,-0.0034439534025555232,-0.006876101660733852,structural_group,unstratified,8675309
7987,12,-0.0006418734478566973,-0.0071474270648806335,structural_group,unstratified,8675309
7988,12,0.0,-0.11483591818847666,structural_group,unstratified,8675309
7989,12,-0.006246033357254349,-0.020083110898781478,structural_group,unstratified,8675309
7990,12,-0.0034439534025555232,-0.07527979158778447,structural_group,unstratified,8675309
7991,12,-0.03190181503291841,-0.18114347108097395,structural_group,unstratified,8675309
7992,12,0.0,-0.014154741095411504,structural_group,unstratified,8675309
7993,12,-0.021288940384876134,-0.12504090883659563,structural_group,unstratified,8675309
7994,12,-0.0031230166786271746,-0.11574950846786243,structural_group,unstratified,8675309
7995,12,-0.00032093672392834866,-0.06517209165871381,structural_group,unstratified,8675309
7996,12,-0.0034439534025555232,-0.008293328077113367,structural_group,unstratified,8675309
7997,12,-0.0034439534025555232,-0.011704298888066194,structural_group,unstratified,8675309
7998,12,-0.02339845653464133,-0.07232304779560615,structural_group,unstratified,8675309
7999,12,-0.0034439534025555232,-0.011753329036035676,structural_group,unstratified,8675309
8000,12,-0.0034439534025555232,-0.011019449612124338,structural_group,unstratified,8675309
8001,12,-0.010676065736833856,-0.07032837613378191,structural_group,unstratified,8675309
8002,12,-0.00032093672392834866,-0.012322751011155266,structural_group,unstratified,8675309
8003,12,-0.005658969592345277,-0.07255812935879209,structural_group,unstratified,8675309
8004,12,-0.006246033357254349,-0.11762062417603958,structural_group,unstratified,8675309
8005,12,-0.0006418734478566973,-0.015674270778627774,structural_group,unstratified,8675309
8006,12,0.0,-0.06545820025035226,structural_group,unstratified,8675309
8007,12,-0.006246033357254349,-0.11746245560448194,structural_group,unstratified,8675309
8008,12,-0.008461049547044103,-0.12113411458894995,structural_group,unstratified,8675309
8009,12,-0.0034439534025555232,-0.07600054697771029,structural_group,unstratified,8675309
8010,12,-0.0006418734478566973,-0.007384197103746181,structural_group,unstratified,8675309
8011,12,-0.04055087971202831,-0.13348611800016372,structural_group,unstratified,8675309
8012,12,-0.005658969592345277,-0.020615124476443415,structural_group,unstratified,8675309
8013,12,-0.0031230166786271746,-0.010419688132906876,structural_group,unstratified,8675309
8014,12,-0.0006418734478566973,-0.020355309870187372,structural_group,unstratified,8675309
8015,12,-0.00032093672392834866,-0.06409913892910017,structural_group,unstratified,8675309
8016,12,-0.036226347372473364,-0.12927069533341326,structural_group,unstratified,8675309
8017,12,-0.04055087971202831,-0.23181223995140288,structural_group,unstratified,8675309
8018,12,0.0,-0.01629272290171684,structural_group,unstratified,8675309
8019,12,0.0,-0.010314560335739359,structural_group,unstratified,8675309
8020,12,-0.015950907516459206,-0.12583796590342283,structural_group,unstratified,8675309
8021,12,-0.006246033357254349,-0.06281888209745973,structural_group,unstratified,8675309
8022,12,-0.008461049547044103,-0.06941143246011387,structural_group,unstratified,8675309
8023,12,-0.008461049547044103,-0.06333075029217884,structural_group,unstratified,8675309
8024,12,0.0,-0.05716345093433131,structural_group,unstratified,8675309
8025,12,-0.0034439534025555232,-0.06580741042458033,structural_group,unstratified,8675309
8026,12,-0.010676065736833856,-0.06197044917484512,structural_group,unstratified,8675309
8027,12,0.0,-0.01282804630165517,structural_group,unstratified,8675309
8028,12,-0.005658969592345277,-0.06355959667812246,structural_group,unstratified,8675309
8029,12,-0.006246033357254349,-0.07315255796473186,structural_group,unstratified,8675309
8030,12,-0.0006418734478566973,-0.054296265345254,structural_group,unstratified,8675309
8031,12,-0.008461049547044103,-0.1737466851976429,structural_group,unstratified,8675309
8032,12,-0.021288940384876134,-0.07342052997459636,structural_group,unstratified,8675309
8033,12,-0.0006418734478566973,-0.06016507315252256,structural_group,unstratified,8675309
8034,12,-0.0034439534025555232,-0.06426338004277114,structural_group,unstratified,8675309
8035,12,0.0,-0.0020437291543680147,structural_group,unstratified,8675309
8036,12,-0.0031230166786271746,-0.11325994063659622,structural_group,unstratified,8675309
8037,12,-0.0034439534025555232,-0.07296320483774102,structural_group,unstratified,8675309
8038,12,-0.008461049547044103,-0.0713098196972229,structural_group,unstratified,8675309
8039,12,-0.021288940384876134,-0.0777082652314206,structural_group,unstratified,8675309
8040,12,-0.021288940384876134,-0.12213943036962914,structural_group,unstratified,8675309
8041,12,0.0,0.0007614132053753962,structural_group,unstratified,8675309
8042,12,-0.005338032868416928,-0.17132549539035616,structural_group,unstratified,8675309
8043,12,-0.03190181503291841,-0.08403231472025874,structural_group,unstratified,8675309
8044,12,-0.01907392419508638,-0.02028299728011358,structural_group,unstratified,8675309
8045,12,-0.00032093672392834866,-0.0655116897043403,structural_group,unstratified,8675309
8046,12,-0.0031230166786271746,-0.012789764336938403,structural_group,unstratified,8675309
8047,12,-0.0031230166786271746,-0.06420989058878308,structural_group,unstratified,8675309
8048,12,-0.005338032868416928,-0.018018577737201093,structural_group,unstratified,8675309
8049,12,-0.021288940384876134,-0.022390009459897147,structural_group,unstratified,8675309
8050,12,-0.03190181503291841,-0.07729873044645309,structural_group,unstratified,8675309
8051,12,-0.0034439534025555232,-0.014739481512423469,structural_group,unstratified,8675309
8052,12,0.0,-0.06663989642394788,structural_group,unstratified,8675309
8053,12,-0.006246033357254349,-0.12248026821133728,structural_group,unstratified,8675309
8054,12,-0.00032093672392834866,-0.012554845408881452,structural_group,unstratified,8675309
8055,12,-0.0034439534025555232,-0.07533328104177255,structural_group,unstratified,8675309
8056,12,0.0,-0.018897718033805317,structural_group,unstratified,8675309
8057,12,-0.0006418734478566973,-0.062644504115263,structural_group,unstratified,8675309
8058,12,-0.0031230166786271746,-0.11647026385778826,structural_group,unstratified,8675309
8059,12,-0.010676065736833856,-0.07287143341903618,structural_group,unstratified,8675309
8060,12,-0.006246033357254349,-0.012508750743863824,structural_group,unstratified,8675309
8061,12,-0.0034439534025555232,-0.11965110233444455,structural_group,unstratified,8675309
8062,12,-0.008461049547044103,-0.018539080516972287,structural_group,unstratified,8675309
8063,12,0.0,-0.16755316791473926,structural_group,unstratified,8675309
8064,12,-0.00032093672392834866,-0.06953047540775059,structural_group,unstratified,8675309
8065,12,-0.0034439534025555232,-0.010473177586894934,structural_group,unstratified,8675309
8066,12,-0.0034439534025555232,-0.06439079532292778,structural_group,unstratified,8675309
8067,12,-0.008461049547044103,-0.02108213780222655,structural_group,unstratified,8675309
8068,12,-0.008461049547044103,-0.02030789295831267,structural_group,unstratified,8675309
8069,12,0.0,-0.16700071796489677,structural_group,unstratified,8675309
8070,12,-0.010676065736833856,-0.07168912593071361,structural_group,unstratified,8675309
8071,12,-0.006246033357254349,-0.05997326893521409,structural_group,unstratified,8675309
8072,12,0.0,-0.10665052363116462,structural_group,unstratified,8675309
8073,12,-0.010676065736833856,-0.02363810278634555,structural_group,unstratified,8675309
8074,12,-0.00032093672392834866,-0.008291057608880258,structural_group,unstratified,8675309
8075,12,-0.016271844240387554,-0.06964027884605749,structural_group,unstratified,8675309
8076,12,-0.0034439534025555232,-0.1208947363548744,structural_group,unstratified,8675309
8077,12,-0.0034439534025555232,-0.06838914465415753,structural_group,unstratified,8675309
8078,12,-0.008461049547044103,-0.01829001409396896,structural_group,unstratified,8675309
8079,12,-0.0006418734478566973,-0.06183136599190539,structural_group,unstratified,8675309
8080,12,-0.0034439534025555232,-0.020179952938231834,structural_group,unstratified,8675309
8081,12,-0.0006418734478566973,-0.06958396486173865,structural_group,unstratified,8675309
8082,12,-0.04055087971202831,-0.08365337471559053,structural_group,unstratified,8675309
8083,12,0.0,-0.010543406721682955,structural_group,unstratified,8675309
8084,12,-0.005338032868416928,-0.12155468995261719,structural_group,unstratified,8675309
8085,12,-0.008461049547044103,-0.07070855593453175,structural_group,unstratified,8675309
8086,12,-0.008461049547044103,-0.020556959381315996,structural_group,unstratified,8675309
8087,12,0.0,-0.015479584778359236,structural_group,unstratified,8675309
8088,12,0.0,-0.05798672592621468,structural_group,unstratified,8675309
8089,12,-0.0006418734478566973,-0.006364733828120594,structural_group,unstratified,8675309
8090,12,-0.036226347372473364,-0.13345839779163388,structural_group,unstratified,8675309
8091,12,-0.00032093672392834866,-0.0606344623290385,structural_group,unstratified,8675309
8092,12,-0.006246033357254349,-0.11554925585770781,structural_group,unstratified,8675309
8093,12,-0.010676065736833856,-0.06378200288692083,structural_group,unstratified,8675309
8094,12,-0.0034439534025555232,-0.07059312863370948,structural_group,unstratified,8675309
8095,12,-0.016271844240387554,-0.12100691564391408,structural_group,unstratified,8675309
8096,12,0.0,-0.006436359863882608,structural_group,unstratified,8675309
8097,12,0.0,-0.010810167437311466,structural_group,unstratified,8675309
8098,12,0.0,-0.05382011707231291,structural_group,unstratified,8675309
8099,12,0.0,-0.02507938122172002,structural_group,unstratified,8675309
8100,12,0.0,-0.07210080422193675,structural_group,unstratified,8675309
8101,12,-0.0006418734478566973,-0.01604344014359273,structural_group,unstratified,8675309
8102,12,0.0,-0.11592204086948721,structural_group,unstratified,8675309
8103,12,-0.006246033357254349,-0.07343021816352414,structural_group,unstratified,8675309
8104,12,0.0,-0.0007405331378367805,structural_group,unstratified,8675309
8105,12,-0.0034439534025555232,-0.16722312417369514,structural_group,unstratified,8675309
8106,12,-0.0034439534025555232,-0.06093525367002404,structural_group,unstratified,8675309
8107,12,-0.021288940384876134,-0.07005203818184673,structural_group,unstratified,8675309
8108,12,-0.0034439534025555232,-0.12266800810223337,structural_group,unstratified,8675309
8109,12,-0.05044680459666252,-0.08496079769366317,structural_group,unstratified,8675309
8110,12,-0.021288940384876134,-0.024485907227605467,structural_group,unstratified,8675309
8111,12,-0.006246033357254349,-0.06727345065380853,structural_group,unstratified,8675309
8112,12,0.0,-0.11238569231625213,structural_group,unstratified,8675309
8113,12,-0.00032093672392834866,-0.005906168895183612,structural_group,unstratified,8675309
8114,12,-0.010676065736833856,-0.015343353470324596,structural_group,unstratified,8675309
8115,12,-0.0006418734478566973,-0.009844193615673937,structural_group,unstratified,8675309
8116,12,-0.00032093672392834866,-0.058514063862737255,structural_group,unstratified,8675309
8117,12,-0.0006418734478566973,-0.06555205512434285,structural_group,unstratified,8675309
8118,12,-0.010676065736833856,-0.016367492387089542,structural_group,unstratified,8675309
8119,12,-0.0006418734478566973,-0.003049731489359006,structural_group,unstratified,8675309
8120,12,-0.00032093672392834866,-0.11585886322657135,structural_group,unstratified,8675309
8121,12,-0.0031230166786271746,-0.06552182657286608,structural_group,unstratified,8675309
8122,12,0.0,-0.003610018517320656,structural_group,unstratified,8675309
8123,12,-0.008461049547044103,-0.07006151003565374,structural_group,unstratified,8675309
8124,12,0.0,-0.009817975690617771,structural_group,unstratified,8675309
8125,12,0.0,-0.058539175876057135,structural_group,unstratified,8675309
8126,12,0.0,-0.0001665409040775267,structural_group,unstratified,8675309
8127,12,-0.021288940384876134,-0.12493392992861956,structural_group,unstratified,8675309
8128,12,-0.008461049547044103,-0.12083155871195855,structural_group,unstratified,8675309
8129,12,-0.03190181503291841,-0.07538959502609137,structural_group,unstratified,8675309
8130,12,-0.016271844240387554,-0.1723472584563883,structural_group,unstratified,8675309
8131,12,-0.04055087971202831,-0.23429351649471522,structural_group,unstratified,8675309
8132,12,-0.0034439534025555232,-0.11958968922753459,structural_group,unstratified,8675309
8133,12,-0.01907392419508638,-0.12197051361481881,structural_group,unstratified,8675309
8134,12,-0.006246033357254349,-0.01576788777790455,structural_group,unstratified,8675309
8135,12,-0.00032093672392834866,-0.013370196747842867,structural_group,unstratified,8675309
8136,12,-0.008461049547044103,-0.012829106295980086,structural_group,unstratified,8675309
8137,12,-0.0006418734478566973,-0.06277690344136241,structural_group,unstratified,8675309
8138,12,-0.00032093672392834866,-0.007417803427323589,structural_group,unstratified,8675309
8139,12,-0.008461049547044103,-0.07073345161273085,structural_group,unstratified,8675309
8140,12,-0.0034439534025555232,-0.06091035799182495,structural_group,unstratified,8675309
8141,12,-0.010676065736833856,-0.12368562026705034,structural_group,unstratified,8675309
8142,12,-0.005658969592345277,-0.06540679425164998,structural_group,unstratified,8675309
8143,12,-0.008461049547044103,-0.06888855382960989,structural_group,unstratified,8675309
8144,12,0.0,-0.05760047358335149,structural_group,unstratified,8675309
8145,12,-0.0006418734478566973,-0.07553353365192716,structural_group,unstratified,8675309
8146,12,-0.008461049547044103,-0.07379938752848911,structural_group,unstratified,8675309
8147,12,-0.0006418734478566973,-0.020301820416199316,structural_group,unstratified,8675309
8148,12,-0.006246033357254349,-0.05945039030471009,structural_group,unstratified,8675309
8149,12,-0.00032093672392834866,-0.16742337678384978,structural_group,unstratified,8675309
8150,12,-0.021288940384876134,-0.12493155407788674,structural_group,unstratified,8675309
8151,12,0.0,-0.007684669525451791,structural_group,unstratified,8675309
8152,12,-0.0006418734478566973,-0.017982409135825085,structural_group,unstratified,8675309
8153,12,0.0,-0.006756715415998868,structural_group,unstratified,8675309
8154,12,-0.03190181503291841,-0.07384110533826359,structural_group,unstratified,8675309
8155,12,-0.01907392419508638,-0.11965392686477534,structural_group,unstratified,8675309
8156,12,-0.0006418734478566973,-0.11236182009901392,structural_group,unstratified,8675309
8157,12,-0.006246033357254349,-0.22361771044693288,structural_group,unstratified,8675309
8158,12,-0.021288940384876134,-0.02688494343624849,structural_group,unstratified,8675309
8159,12,0.0,0.001446262481317256,structural_group,unstratified,8675309
8160,12,0.0,-0.05450496634825478,structural_group,unstratified,8675309
8161,12,-0.0006418734478566973,-0.06586773503531977,structural_group,unstratified,8675309
8162,12,-0.010676065736833856,-0.17380862304447717,structural_group,unstratified,8675309
8163,12,-0.006246033357254349,-0.015079079558049978,structural_group,unstratified,8675309
8164,12,-0.021288940384876134,-0.1249874193826076,structural_group,unstratified,8675309
8165,12,-0.0031230166786271746,-0.06717114738697177,structural_group,unstratified,8675309
8166,12,-0.0034439534025555232,-0.06805007134845523,structural_group,unstratified,8675309
8167,12,-0.010676065736833856,-0.12428688402974152,structural_group,unstratified,8675309
8168,12,-0.008461049547044103,-0.11716435903350915,structural_group,unstratified,8675309
8169,12,-0.0031230166786271746,-0.17275003414493065,structural_group,unstratified,8675309
8170,12,-0.03190181503291841,-0.07953455621357662,structural_group,unstratified,8675309
8171,12,0.0,-0.010223051169566694,structural_group,unstratified,8675309
8172,12,-0.34907163722309636,-0.3331293471250615,structural_group,unstratified,8675309
8173,12,0.0,-0.12109736481576183,structural_group,unstratified,8675309
8174,12,-0.021288940384876134,-0.07451045472948713,structural_group,unstratified,8675309
8175,12,-0.008461049547044103,-0.12511015902162487,structural_group,unstratified,8675309
8176,12,-0.00032093672392834866,-0.06125737375814614,structural_group,unstratified,8675309
8177,12,-0.036226347372473364,-0.1767459617080163,structural_group,unstratified,8675309
8178,12,0.0,-0.05889759705776937,structural_group,unstratified,8675309
8179,12,-0.008461049547044103,-0.12165461736872113,structural_group,unstratified,8675309
8180,12,-0.01907392419508638,-0.07628895535975531,structural_group,unstratified,8675309
8181,12,0.0,-0.06464691323780324,structural_group,unstratified,8675309
8182,12,-0.00032093672392834866,-0.018951207487793376,structural_group,unstratified,8675309
8183,12,-0.021288940384876134,-0.12706486024305272,structural_group,unstratified,8675309
8184,12,-0.0034439534025555232,-0.11759670604138994,structural_group,unstratified,8675309
8185,12,-0.0034439534025555232,-0.06732931595852941,structural_group,unstratified,8675309
8186,12,-0.010676065736833856,-0.016393786372471953,structural_group,unstratified,8675309
8187,12,-0.01907392419508638,-0.1252855159535804,structural_group,unstratified,8675309
8188,12,-0.021288940384876134,-0.026746628672928072,structural_group,unstratified,8675309
8189,12,0.0,-0.008925927695148812,structural_group,unstratified,8675309
8190,12,-0.006246033357254349,-0.0653578750563016,structural_group,unstratified,8675309
8191,12,0.0,-0.058454501866635845,structural_group,unstratified,8675309
8192,12,-0.008461049547044103,-0.11950248806746942,structural_group,unstratified,8675309
8193,12,-0.036226347372473364,-0.12820849078705232,structural_group,unstratified,8675309
8194,12,-0.00032093672392834866,-0.060547366551473025,structural_group,unstratified,8675309
8195,12,-0.00032093672392834866,-0.16419547022265366,structural_group,unstratified,8675309
8196,12,-0.008461049547044103,-0.17115013845840063,structural_group,unstratified,8675309
8197,12,0.0,-0.1117343384112666,structural_group,unstratified,8675309
8198,12,-0.0006418734478566973,-0.11382786032824214,structural_group,unstratified,8675309
8199,12,-0.010676065736833856,-0.11942723999444377,structural_group,unstratified,8675309
8200,12,-0.02339845653464133,-0.07799722685523547,structural_group,unstratified,8675309
8201,12,0.0,-0.007447899486586244,structural_group,unstratified,8675309
8202,12,-0.008461049547044103,-0.06937948529004263,structural_group,unstratified,8675309
8203,12,-0.005338032868416928,-0.07135190373581991,structural_group,unstratified,8675309
8204,12,0.0,-0.007477470805924694,structural_group,unstratified,8675309
8205,12,-0.0006418734478566973,-0.009392387779162088,structural_group,unstratified,8675309
8206,12,-0.0034439534025555232,-0.06924251570530354,structural_group,unstratified,8675309
8207,12,0.0,-0.16232435451447652,structural_group,unstratified,8675309
8208,12,0.0,-0.007119049624212448,structural_group,unstratified,8675309
8209,12,-0.021288940384876134,-0.07405646005518983,structural_group,unstratified,8675309
8210,12,-0.010676065736833856,-0.06861305314642961,structural_group,unstratified,8675309
8211,12,-0.0034439534025555232,-0.0124740844259615,structural_group,unstratified,8675309
8212,12,0.0,-0.00614470347005501,structural_group,unstratified,8675309
8213,12,-0.005658969592345277,-0.11498202272037367,structural_group,unstratified,8675309
8214,12,-0.010676065736833856,-0.1781965781128524,structural_group,unstratified,8675309
8215,12,-0.008461049547044103,-0.12279594812231419,structural_group,unstratified,8675309
8216,12,-0.005658969592345277,-0.07126100588437422,structural_group,unstratified,8675309
8217,12,-0.00032093672392834866,-0.014235950757929411,structural_group,unstratified,8675309
8218,12,0.0,-0.002048404795507375,structural_group,unstratified,8675309
8219,12,-0.0034439534025555232,-0.016915528948324793,structural_group,unstratified,8675309
8220,12,-0.05477133693621747,-0.140715838239493,structural_group,unstratified,8675309
8221,12,-0.008461049547044103,-0.06935794300612581,structural_group,unstratified,8675309
8222,12,0.0,-0.0650890308853873,structural_group,unstratified,8675309
8223,12,-0.008461049547044103,-0.1227959481223142,structural_group,unstratified,8675309
8224,12,-0.0034439534025555232,-0.06989726892198275,structural_group,unstratified,8675309
8225,12,0.0,-0.008890021581164849,structural_group,unstratified,8675309
8226,12,-0.006246033357254349,-0.07152715528527577,structural_group,unstratified,8675309
8227,12,-0.0034439534025555232,-0.00761444039066377,structural_group,unstratified,8675309
8228,12,-0.016271844240387554,-0.2246214129915173,structural_group,unstratified,8675309
8229,12,-0.008461049547044103,-0.06748445144721588,structural_group,unstratified,8675309
8230,12,0.0,-0.060022188130562475,structural_group,unstratified,8675309
8231,12,-0.0031230166786271746,-0.114908650135975,structural_group,unstratified,8675309
8232,12,-0.02339845653464133,-0.1286726795825047,structural_group,unstratified,8675309
8233,12,0.0,-0.0660418806730393,structural_group,unstratified,8675309
8234,12,-0.00032093672392834866,-0.007699877014723081,structural_group,unstratified,8675309
8235,12,-0.0006418734478566973,-0.05692475925456758,structural_group,unstratified,8675309
8236,12,-0.03190181503291841,-0.128420148812598,structural_group,unstratified,8675309
8237,12,-0.008461049547044103,-0.12218217164036449,structural_group,unstratified,8675309
8238,12,0.0,-0.05799356108296605,structural_group,unstratified,8675309
8239,12,0.0,-0.0020376566122546624,structural_group,unstratified,8675309
8240,12,-0.021288940384876134,-0.17392811467171185,structural_group,unstratified,8675309
8241,12,-0.0034439534025555232,-0.01952519972155263,structural_group,unstratified,8675309
8242,12,-0.021288940384876134,-0.12469478403902119,structural_group,unstratified,8675309
8243,12,0.0,-0.056934972183419565,structural_group,unstratified,8675309
8244,12,-0.0006418734478566973,-0.015271495090085406,structural_group,unstratified,8675309
8245,12,-0.0031230166786271746,-0.12250753974026918,structural_group,unstratified,8675309
8246,12,0.0,-0.007477470805924694,structural_group,unstratified,8675309
8247,12,0.0,-0.060346053946993494,structural_group,unstratified,8675309
8248,12,-0.0031230166786271746,-0.06693155281777546,structural_group,unstratified,8675309
8249,12,-0.03190181503291841,-0.12733022405770722,structural_group,unstratified,8675309
8250,12,-0.0034439534025555232,-0.06912302407806888,structural_group,unstratified,8675309
8251,12,-0.0034439534025555232,-0.1226805208214919,structural_group,unstratified,8675309
8252,12,-0.006246033357254349,-0.06542625308028101,structural_group,unstratified,8675309
8253,12,-0.021288940384876134,-0.07527617594097004,structural_group,unstratified,8675309
8254,12,-0.008461049547044103,-0.12464314569584171,structural_group,unstratified,8675309
8255,12,-0.00032093672392834866,-0.018479518520870878,structural_group,unstratified,8675309
8256,12,-0.0006418734478566973,-0.1655460831510596,structural_group,unstratified,8675309
8257,12,0.0,-0.06545820025035226,structural_group,unstratified,8675309
8258,12,-0.0031230166786271746,-0.11682246119747607,structural_group,unstratified,8675309
8259,12,-0.02339845653464133,-0.17618276357492105,structural_group,unstratified,8675309
8260,12,-0.036226347372473364,-0.08321635206657037,structural_group,unstratified,8675309
8261,12,-0.00032093672392834866,-0.06516134347546108,structural_group,unstratified,8675309
8262,12,-0.0034439534025555232,-0.1171536108502564,structural_group,unstratified,8675309
8263,12,-0.025613472724431083,-0.2247718728390645,structural_group,unstratified,8675309
8264,12,-0.0031230166786271746,-0.06562650569043564,structural_group,unstratified,8675309
8265,12,-0.00032093672392834866,-0.05969576003633286,structural_group,unstratified,8675309
8266,12,-0.008461049547044103,-0.12284943757630225,structural_group,unstratified,8675309
8267,12,-0.021288940384876134,-0.07206991704619041,structural_group,unstratified,8675309
8268,12,-0.006246033357254349,-0.014084511960623483,structural_group,unstratified,8675309
8269,12,-0.0031230166786271746,-0.06622776945312679,structural_group,unstratified,8675309
8270,12,0.0,-0.062430546299310774,structural_group,unstratified,8675309
8271,12,0.0,-0.010131279750861867,structural_group,unstratified,8675309
8272,12,-0.006246033357254349,-0.016552432125473186,structural_group,unstratified,8675309
8273,12,0.0,-0.07075019129353081,structural_group,unstratified,8675309
8274,12,-0.008461049547044103,-0.01818688317728447,structural_group,unstratified,8675309
8275,12,-0.010676065736833856,-0.06787753894683045,structural_group,unstratified,8675309
8276,12,-0.0034439534025555232,-0.017910096545751288,structural_group,unstratified,8675309
8277,12,-0.01907392419508638,-0.1752082661208526,structural_group,unstratified,8675309
8278,12,-0.0034439534025555232,-0.06391118270308332,structural_group,unstratified,8675309
8279,12,-0.008461049547044103,-0.019531272263665984,structural_group,unstratified,8675309
8280,12,0.0,-0.012476460276694306,structural_group,unstratified,8675309
8281,12,-0.036226347372473364,-0.08363455157950479,structural_group,unstratified,8675309
8282,12,0.0,-0.0023082194017634144,structural_group,unstratified,8675309
8283,12,-0.0006418734478566973,-0.013199515457026688,structural_group,unstratified,8675309
8284,12,-0.00032093672392834866,-0.005924229416631322,structural_group,unstratified,8675309
8285,12,-0.008461049547044103,-0.01129684755838447,structural_group,unstratified,8675309
8286,12,0.0,-0.05978726920250552,structural_group,unstratified,8675309
8287,12,0.0,-0.05018486456393476,structural_group,unstratified,8675309
8288,12,-0.0006418734478566973,-0.07267479645569601,structural_group,unstratified,8675309
8289,12,-0.03190181503291841,-0.026689891207157434,structural_group,unstratified,8675309
8290,12,-0.008461049547044103,-0.009029074621189698,structural_group,unstratified,8675309
8291,12,-0.04055087971202831,-0.23075003540504194,structural_group,unstratified,8675309
8292,12,-0.005658969592345277,-0.01677494371677127,structural_group,unstratified,8675309
8293,12,-0.03190181503291841,-0.02854677696961276,structural_group,unstratified,8675309
8294,12,-0.0006418734478566973,-0.0655402834801293,structural_group,unstratified,8675309
8295,12,-0.0006418734478566973,-0.05819838395176036,structural_group,unstratified,8675309
8296,12,-0.025613472724431083,-0.1255988200138245,structural_group,unstratified,8675309
8297,12,-0.0006418734478566973,-0.0662859345482542,structural_group,unstratified,8675309
8298,12,-0.0006418734478566973,-0.0016836947365609933,structural_group,unstratified,8675309
8299,12,-0.008461049547044103,-0.02532332971443521,structural_group,unstratified,8675309
8300,12,0.0,-0.05799356108296606,structural_group,unstratified,8675309
8301,12,-0.00032093672392834866,-0.004113700571725787,structural_group,unstratified,8675309
8302,12,0.0,-0.11509193072085244,structural_group,unstratified,8675309
8303,12,-0.006246033357254349,-0.11565155912454457,structural_group,unstratified,8675309
8304,12,0.0,-0.11483591818847665,structural_group,unstratified,8675309
8305,12,0.0,-0.012307543521883976,structural_group,unstratified,8675309
8306,12,-0.010676065736833856,-0.12388587287720498,structural_group,unstratified,8675309
8307,12,-0.006246033357254349,-0.11699076663755943,structural_group,unstratified,8675309
8308,12,-0.006246033357254349,-0.17384452915846113,structural_group,unstratified,8675309
8309,12,-0.006246033357254349,-0.1226588731550754,structural_group,unstratified,8675309
8310,12,-0.0034439534025555232,-0.11211882621812393,structural_group,unstratified,8675309
8311,12,-0.0006418734478566973,-0.011958040952208883,structural_group,unstratified,8675309
8312,12,0.0,-0.11100890738020142,structural_group,unstratified,8675309
8313,12,-0.006246033357254349,-0.11736688211189689,structural_group,unstratified,8675309
8314,12,-0.0006418734478566973,-0.06414188019983551,structural_group,unstratified,8675309
8315,12,-0.008461049547044103,-0.11973001220655594,structural_group,unstratified,8675309
8316,12,-0.005658969592345277,-0.06784287262892812,structural_group,unstratified,8675309
8317,12,0.0,-0.004066283659851081,structural_group,unstratified,8675309
8318,12,0.0,-0.10929826003398846,structural_group,unstratified,8675309
8319,12,-0.021288940384876134,-0.07536100125030239,structural_group,unstratified,8675309
8320,12,-0.010676065736833856,-0.07030110460485003,structural_group,unstratified,8675309
8321,12,-0.010676065736833856,-0.01833188179744519,structural_group,unstratified,8675309
8322,12,0.0,-0.003036026283561403,structural_group,unstratified,8675309
8323,12,0.0,-0.004017469847002384,structural_group,unstratified,8675309
8324,12,-0.005338032868416928,-0.1181365566971711,structural_group,unstratified,8675309
8325,12,-0.006246033357254349,-0.12427397633087676,structural_group,unstratified,8675309
8326,12,-0.00032093672392834866,-0.16895727029713326,structural_group,unstratified,8675309
8327,12,-0.010676065736833856,-0.17215930223037146,structural_group,unstratified,8675309
8328,12,-0.036226347372473364,-0.08577253338581013,structural_group,unstratified,8675309
8329,12,-0.00032093672392834866,-0.06586327572930119,structural_group,unstratified,8675309
8330,12,-0.005658969592345277,-0.11682692050349468,structural_group,unstratified,8675309
8331,12,-0.03190181503291841,-0.07689304365277722,structural_group,unstratified,8675309
8332,12,-0.006246033357254349,-0.009875161835986378,structural_group,unstratified,8675309
8333,12,-0.006246033357254349,-0.012638325539632471,structural_group,unstratified,8675309
8334,12,-0.0034439534025555232,-0.1680508584715971,structural_group,unstratified,8675309
8335,12,-0.008461049547044103,-0.01737752972631949,structural_group,unstratified,8675309
8336,12,-0.03190181503291841,-0.07244315073756778,structural_group,unstratified,8675309
8337,12,-0.006246033357254349,-0.11999070038007109,structural_group,unstratified,8675309
8338,12,-0.00032093672392834866,-0.06371798158480085,structural_group,unstratified,8675309
8339,12,0.0,-0.0626307989094654,structural_group,unstratified,8675309
8340,12,-0.0034439534025555232,-0.012491056451238642,structural_group,unstratified,8675309
8341,12,-0.00032093672392834866,-0.06430166200748791,structural_group,unstratified,8675309
8342,12,-0.0034439534025555232,-0.010878864380570813,structural_group,unstratified,8675309
8343,12,-0.0006418734478566973,-0.06818432178536324,structural_group,unstratified,8675309
8344,12,-0.00032093672392834866,-0.008755246404332633,structural_group,unstratified,8675309
8345,12,-0.010676065736833856,-0.12150935649602823,structural_group,unstratified,8675309
8346,12,-0.0031230166786271746,-0.16918751358405082,structural_group,unstratified,8675309
8347,12,-0.00032093672392834866,-0.06409913892910017,structural_group,unstratified,8675309
8348,12,-0.00032093672392834866,-0.013976136151673374,structural_group,unstratified,8675309
8349,12,-0.01907392419508638,-0.015318674127246289,structural_group,unstratified,8675309
8350,12,-0.00032093672392834866,-0.11185206550249543,structural_group,unstratified,8675309
8351,12,-0.05477133693621747,-0.18732980991002798,structural_group,unstratified,8675309
8352,12,-0.036226347372473364,-0.025357490100110274,structural_group,unstratified,8675309
8353,12,-0.008461049547044103,-0.06858132231147913,structural_group,unstratified,8675309
8354,12,-0.008461049547044103,-0.06527254381474197,structural_group,unstratified,8675309
8355,12,-0.06899179416040663,-0.23723040647865642,structural_group,unstratified,8675309
8356,12,-0.005338032868416928,-0.06955819561628045,structural_group,unstratified,8675309
8357,12,-0.005658969592345277,-0.11741810109765183,structural_group,unstratified,8675309
8358,12,-0.005658969592345277,-0.06712211723900231,structural_group,unstratified,8675309
8359,12,0.0,-0.005276311356703496,structural_group,unstratified,8675309
8360,12,-0.006246033357254349,-0.02173243171288718,structural_group,unstratified,8675309
8361,12,-0.0034439534025555232,-0.11133145734022454,structural_group,unstratified,8675309
8362,12,-0.00032093672392834866,-0.060866556726764685,structural_group,unstratified,8675309
8363,12,-0.008461049547044103,-0.06573955714052511,structural_group,unstratified,8675309
8364,12,0.0,-0.05858191714679247,structural_group,unstratified,8675309
8365,12,-0.01907392419508638,-0.1731454214349518,structural_group,unstratified,8675309
8366,12,-0.025613472724431083,-0.22849256197150192,structural_group,unstratified,8675309
8367,12,-0.036226347372473364,-0.08053059595156194,structural_group,unstratified,8675309
8368,12,-0.036226347372473364,-0.12690061912938175,structural_group,unstratified,8675309
8369,12,-0.025613472724431083,-0.17660542239387408,structural_group,unstratified,8675309
8370,12,-0.0034439534025555232,-0.007846534788389958,structural_group,unstratified,8675309
8371,12,0.0,-0.006897300647552393,structural_group,unstratified,8675309
8372,12,-0.008461049547044103,-0.11871054893093036,structural_group,unstratified,8675309
8373,12,-0.008461049547044103,-0.12212868218637644,structural_group,unstratified,8675309
8374,12,0.0,-0.011562869997308543,structural_group,unstratified,8675309
8375,12,-0.00032093672392834866,-0.05802946719695002,structural_group,unstratified,8675309
8376,12,0.0,-0.0040602111177377295,structural_group,unstratified,8675309
8377,12,-0.0034439534025555232,-0.11566592295461171,structural_group,unstratified,8675309
8378,12,-0.0006418734478566973,-0.05899021213567834,structural_group,unstratified,8675309
8379,12,-0.00032093672392834866,-0.11681638865536272,structural_group,unstratified,8675309
8380,12,-0.0031230166786271746,-0.007825441184071113,structural_group,unstratified,8675309
8381,12,-0.0034439534025555232,-0.062227917838423345,structural_group,unstratified,8675309
8382,12,0.0,-0.05941809983754057,structural_group,unstratified,8675309
8383,12,-0.0031230166786271746,-0.018946531846654017,structural_group,unstratified,8675309
8384,12,-0.0034439534025555232,-0.06623006924353335,structural_group,unstratified,8675309
8385,12,-0.0006418734478566973,-0.061760904512640206,structural_group,unstratified,8675309
8386,12,-0.0006418734478566973,-0.015442176380901583,structural_group,unstratified,8675309
8387,12,-0.006246033357254349,-0.017084445703135123,structural_group,unstratified,8675309
8388,12,-0.036226347372473364,-0.13244500705812165,structural_group,unstratified,8675309
8389,12,-0.006246033357254349,-0.018391706046078763,structural_group,unstratified,8675309
8390,12,-0.00032093672392834866,-0.008979417149136871,structural_group,unstratified,8675309
8391,12,-0.008461049547044103,-0.07194981410422878,structural_group,unstratified,8675309
8392,12,-0.008461049547044103,-0.17106937747548068,structural_group,unstratified,8675309
8393,12,0.0,-0.06154533346059319,structural_group,unstratified,8675309
8394,12,0.0,-0.05797597774296196,structural_group,unstratified,8675309
8395,12,-0.00032093672392834866,-0.06253752520728689,structural_group,unstratified,8675309
8396,12,-0.006246033357254349,-0.11505998355078122,structural_group,unstratified,8675309
8397,12,-0.005658969592345277,-0.1200123480464876,structural_group,unstratified,8675309
8398,12,-0.0006418734478566973,-0.0700726258539383,structural_group,unstratified,8675309
8399,12,-0.04055087971202831,-0.036507784446999765,structural_group,unstratified,8675309
8400,12,-0.008461049547044103,-0.11948094578355262,structural_group,unstratified,8675309
8401,12,-0.0031230166786271746,-0.015983115532853292,structural_group,unstratified,8675309
8402,12,-0.00032093672392834866,-0.0094640138149241,structural_group,unstratified,8675309
8403,12,-0.0006418734478566973,-0.06663752057321508,structural_group,unstratified,8675309
8404,12,0.0,-0.00614470347005501,structural_group,unstratified,8675309
8405,12,0.0,-0.06034605394699349,structural_group,unstratified,8675309
8406,12,-0.00032093672392834866,-0.012783691794825048,structural_group,unstratified,8675309
8407,12,-0.00032093672392834866,-0.059811187337155146,structural_group,unstratified,8675309
8408,12,-0.0006418734478566973,-0.06472432082644093,structural_group,unstratified,8675309
8409,12,-0.0034439534025555232,-0.01093235383455887,structural_group,unstratified,8675309
8410,12,0.0,-0.05918600543981437,structural_group,unstratified,8675309
8411,12,-0.008461049547044103,-0.06833847973050024,structural_group,unstratified,8675309
8412,12,-0.006246033357254349,-0.008450623081411868,structural_group,unstratified,8675309
8413,12,-0.0034439534025555232,-0.008086129357586269,structural_group,unstratified,8675309
8414,12,-0.025613472724431083,-0.128338065582821,structural_group,unstratified,8675309
8415,12,-0.008461049547044103,-0.12469663514982975,structural_group,unstratified,8675309
8416,12,0.0,-0.06511392656358639,structural_group,unstratified,8675309
8417,12,-0.01907392419508638,-0.07793827617386102,structural_group,unstratified,8675309
8418,12,-0.021288940384876134,-0.12493392992861956,structural_group,unstratified,8675309
8419,12,-0.006246033357254349,-0.07028589711557874,structural_group,unstratified,8675309
8420,12,-0.006246033357254349,-0.06602751684297216,structural_group,unstratified,8675309
8421,12,-0.0034439534025555232,-0.0661516841113462,structural_group,unstratified,8675309
8422,12,-0.005338032868416928,-0.06943870398904577,structural_group,unstratified,8675309
8423,12,-0.0031230166786271746,-0.010996056217398931,structural_group,unstratified,8675309
8424,12,-0.0034439534025555232,-0.05857830149997801,structural_group,unstratified,8675309
8425,12,-0.008461049547044103,-0.015367487940094987,structural_group,unstratified,8675309
8426,12,-0.0031230166786271746,-0.012772180996934309,structural_group,unstratified,8675309
8427,12,-0.006246033357254349,-0.06898877364116085,structural_group,unstratified,8675309
8428,12,-0.0034439534025555232,-0.00552994803834649,structural_group,unstratified,8675309
8429,12,0.0,-0.06144065434302363,structural_group,unstratified,8675309
8430,12,-0.008461049547044103,-0.07250226405407123,structural_group,unstratified,8675309
8431,12,-0.00032093672392834866,-0.11125404975158687,structural_group,unstratified,8675309
8432,12,-0.005658969592345277,-0.016476235831071506,structural_group,unstratified,8675309
8433,12,-0.021288940384876134,-0.08049186530724722,structural_group,unstratified,8675309
8434,12,-0.00032093672392834866,-0.06683370885695729,structural_group,unstratified,8675309
8435,12,0.0,-0.008894085907577254,structural_group,unstratified,8675309
8436,12,-0.0034439534025555232,-0.021265418387104038,structural_group,unstratified,8675309
8437,12,0.0,-0.061963532973527635,structural_group,unstratified,8675309
8438,12,-0.0034439534025555232,-0.013509017443390543,structural_group,unstratified,8675309
8439,12,-0.01907392419508638,-0.07686294759351457,structural_group,unstratified,8675309
8440,12,-0.006246033357254349,-0.06415402528406221,structural_group,unstratified,8675309
8441,12,-0.005338032868416928,-0.12169907725805094,structural_group,unstratified,8675309
8442,12,0.0,-0.06653054166523896,structural_group,unstratified,8675309
8443,12,-0.006246033357254349,-0.02068102126719034,structural_group,unstratified,8675309
8444,12,-0.0006418734478566973,-0.1642489596766417,structural_group,unstratified,8675309
8445,12,-0.00032093672392834866,-0.06539626240351805,structural_group,unstratified,8675309
8446,12,-0.0034439534025555232,-0.06845514682740415,structural_group,unstratified,8675309
8447,12,0.0,-0.00022003035806558482,structural_group,unstratified,8675309
8448,12,-0.0034439534025555232,-0.06685992678201345,structural_group,unstratified,8675309
8449,12,-0.01907392419508638,-0.07386538970173573,structural_group,unstratified,8675309
8450,12,-0.03190181503291841,-0.12759241451469608,structural_group,unstratified,8675309
8451,12,-0.01907392419508638,-0.17490955823515278,structural_group,unstratified,8675309
8452,12,-0.0034439534025555232,-0.06152413447377466,structural_group,unstratified,8675309
8453,12,-0.008461049547044103,-0.07136330915121096,structural_group,unstratified,8675309
8454,12,-0.02339845653464133,-0.12707922407311986,structural_group,unstratified,8675309
8455,12,-0.008461049547044103,-0.012933785413549642,structural_group,unstratified,8675309
8456,12,0.0,-0.009063002662387583,structural_group,unstratified,8675309
8457,12,-0.00032093672392834866,-0.008149307000502126,structural_group,unstratified,8675309
8458,12,-0.0034439534025555232,-0.06744880758576408,structural_group,unstratified,8675309
8459,12,-0.00032093672392834866,-0.009692860200867699,structural_group,unstratified,8675309
8460,12,-0.0034439534025555232,-0.06319042731315751,structural_group,unstratified,8675309
8461,12,-0.01907392419508638,-0.07736190808936898,structural_group,unstratified,8675309
8462,12,-0.00032093672392834866,0.00023861063519764353,structural_group,unstratified,8675309
8463,12,-0.008461049547044103,-0.022677969162344196,structural_group,unstratified,8675309
8464,12,0.0,-0.008616425708784958,structural_group,unstratified,8675309
8465,12,-0.005658969592345277,-0.06966517452425657,structural_group,unstratified,8675309
8466,12,-0.010676065736833856,-0.023061734701853492,structural_group,unstratified,8675309
8467,12,-0.008461049547044103,-0.021050190632155297,structural_group,unstratified,8675309
8468,12,-0.021288940384876134,-0.025353425773697865,structural_group,unstratified,8675309
8469,12,-0.010676065736833856,-0.01504079759333321,structural_group,unstratified,8675309
8470,12,-0.005338032868416928,-0.06315236168356152,structural_group,unstratified,8675309
8471,12,-0.006246033357254349,-0.06637910286793301,structural_group,unstratified,8675309
8472,12,-0.0006418734478566973,-0.014024949964522073,structural_group,unstratified,8675309
8473,12,-0.005658969592345277,-0.060298083793348924,structural_group,unstratified,8675309
8474,12,-0.0034439534025555232,-0.06738280541251747,structural_group,unstratified,8675309
8475,12,-0.021288940384876134,-0.017703346505822153,structural_group,unstratified,8675309
8476,12,-0.006246033357254349,-0.016127136609464535,structural_group,unstratified,8675309
8477,12,0.0,-0.0601139595492673,structural_group,unstratified,8675309
8478,12,-0.010676065736833856,-0.11824960814726056,structural_group,unstratified,8675309
8479,12,-0.0031230166786271746,-0.0063685065798273904,structural_group,unstratified,8675309
8480,12,-0.0034439534025555232,-0.005178362013385625,structural_group,unstratified,8675309
8481,12,-0.006246033357254349,-0.00948109679282233,structural_group,unstratified,8675309
8482,12,-0.005658969592345277,-0.014379971834540652,structural_group,unstratified,8675309
8483,12,-0.0034439534025555232,-0.1715598895784889,structural_group,unstratified,8675309
8484,12,-0.006246033357254349,-0.011394691519202646,structural_group,unstratified,8675309
8485,12,0.0,-0.056794281569366355,structural_group,unstratified,8675309
8486,12,-0.008461049547044103,-0.06935794300612581,structural_group,unstratified,8675309
8487,12,-0.0031230166786271746,-0.06597870303012347,structural_group,unstratified,8675309
8488,12,-0.0006418734478566973,-0.018308837230054702,structural_group,unstratified,8675309
8489,12,-0.008461049547044103,-0.02091145651141037,structural_group,unstratified,8675309
8490,12,-0.0034439534025555232,-0.0698188837897956,structural_group,unstratified,8675309
8491,12,0.0,-0.014966028107960508,structural_group,unstratified,8675309
8492,12,0.0,-0.01452391046037646,structural_group,unstratified,8675309
8493,12,-0.021288940384876134,-0.1258236020733557,structural_group,unstratified,8675309
8494,12,-0.015950907516459206,-0.07369708426165233,structural_group,unstratified,8675309
8495,12,-0.0031230166786271746,-0.058053123079067466,structural_group,unstratified,8675309
8496,12,-0.0034439534025555232,-0.012371564824003964,structural_group,unstratified,8675309
8497,12,-0.006246033357254349,-0.17147682880516238,structural_group,unstratified,8675309
8498,12,-0.0034439534025555232,-0.01638087867360722,structural_group,unstratified,8675309
8499,12,0.0,-0.010240634509570787,structural_group,unstratified,8675309
8500,12,0.0,-0.01629272290171684,structural_group,unstratified,8675309
8501,12,-0.0034439534025555232,-0.012474084425961504,structural_group,unstratified,8675309
8502,12,-0.008461049547044103,-0.17049300939098858,structural_group,unstratified,8675309
8503,12,-0.005338032868416928,-0.013054254584333803,structural_group,unstratified,8675309
8504,12,-0.03190181503291841,-0.07707632423765472,structural_group,unstratified,8675309
8505,12,-0.0006418734478566973,-0.06028733561009622,structural_group,unstratified,8675309
8506,12,-0.010676065736833856,-0.12655228111620345,structural_group,unstratified,8675309
8507,12,-0.008461049547044103,-0.11898436113843103,structural_group,unstratified,8675309
8508,12,-0.0006418734478566973,-0.07481277826200135,structural_group,unstratified,8675309
8509,12,-0.021288940384876134,-0.0170980184167186,structural_group,unstratified,8675309
8510,12,-0.006246033357254349,-0.024433657569699063,structural_group,unstratified,8675309
8511,12,-0.010676065736833856,-0.1243938629377176,structural_group,unstratified,8675309
8512,12,-0.008461049547044103,-0.01616900431294076,structural_group,unstratified,8675309
8513,12,0.0,-0.007277218195770065,structural_group,unstratified,8675309
8514,12,-0.01907392419508638,-0.12279824791272075,structural_group,unstratified,8675309
8515,12,-0.021288940384876134,-0.1248017629469973,structural_group,unstratified,8675309
8516,12,-0.0034439534025555232,-0.008757854599542612,structural_group,unstratified,8675309
8517,12,-0.0006418734478566973,-0.0635466889792577,structural_group,unstratified,8675309
8518,12,-0.008461049547044103,-0.06727790995982713,structural_group,unstratified,8675309
8519,12,-0.010676065736833856,-0.07350736349962966,structural_group,unstratified,8675309
8520,12,-0.005658969592345277,-0.11989285641925292,structural_group,unstratified,8675309
8521,12,-0.0006418734478566973,-0.008446850329705071,structural_group,unstratified,8675309
8522,12,-0.006246033357254349,-0.12123663419090747,structural_group,unstratified,8675309
8523,12,-0.006246033357254349,-0.06846589501065686,structural_group,unstratified,8675309
8524,12,-0.0006418734478566973,-0.05940841164861277,structural_group,unstratified,8675309
8525,12,-0.00032093672392834866,-0.01267433703611613,structural_group,unstratified,8675309
8526,12,-0.005658969592345277,-0.06853873234065487,structural_group,unstratified,8675309
8527,12,-0.036226347372473364,-0.2345326623843136,structural_group,unstratified,8675309
8528,12,-0.036226347372473364,-0.22913493222924064,structural_group,unstratified,8675309
8529,12,-0.03190181503291841,-0.17617307538599328,structural_group,unstratified,8675309
8530,12,-0.008461049547044103,-0.06893974349319139,structural_group,unstratified,8675309
8531,12,0.0,-0.007646387560735023,structural_group,unstratified,8675309
8532,12,-0.010676065736833856,-0.061436822361088404,structural_group,unstratified,8675309
8533,12,-0.0034439534025555232,-0.023913154789927865,structural_group,unstratified,8675309
8534,12,-0.05477133693621747,-0.18638664831130378,structural_group,unstratified,8675309
8535,12,-0.005658969592345277,-0.0685262196213963,structural_group,unstratified,8675309
8536,12,-0.0034439534025555232,-0.0628747474021806,structural_group,unstratified,8675309
8537,12,-0.008461049547044103,-0.07007869839605164,structural_group,unstratified,8675309
8538,12,-0.0006418734478566973,-0.016025856803588638,structural_group,unstratified,8675309
8539,12,-0.0031230166786271746,-0.013141350361899269,structural_group,unstratified,8675309
8540,12,-0.0031230166786271746,-0.01149264086252052,structural_group,unstratified,8675309
8541,12,-0.006246033357254349,-0.023131858454141823,structural_group,unstratified,8675309
8542,12,-0.0006418734478566973,-0.010266852434626952,structural_group,unstratified,8675309
8543,12,-0.008461049547044103,-0.013603351139893966,structural_group,unstratified,8675309
8544,12,-0.006246033357254349,-0.06166445745279603,structural_group,unstratified,8675309
8545,12,-0.0006418734478566973,-0.06688719831094535,structural_group,unstratified,8675309
8546,12,-0.0034439534025555232,-0.12076962086512433,structural_group,unstratified,8675309
8547,12,-0.036226347372473364,-0.03294993952725928,structural_group,unstratified,8675309
8548,12,-0.0031230166786271746,-0.06705104444501016,structural_group,unstratified,8675309
8549,12,-0.00032093672392834866,-0.010645709988519714,structural_group,unstratified,8675309
8550,12,-0.016271844240387554,-0.07317420563114836,structural_group,unstratified,8675309
8551,12,0.0,-0.0019841671582666045,structural_group,unstratified,8675309
8552,12,-0.005338032868416928,-0.024175345246916707,structural_group,unstratified,8675309
8553,12,-0.0034439534025555232,-0.1704334473948872,structural_group,unstratified,8675309
8554,12,-0.0034439534025555232,-0.17280352359891873,structural_group,unstratified,8675309
8555,12,-0.008461049547044103,-0.018712061598195023,structural_group,unstratified,8675309
8556,12,-0.006246033357254349,-0.01264300118077183,structural_group,unstratified,8675309
8557,12,-0.00032093672392834866,-0.06057226222967212,structural_group,unstratified,8675309
8558,12,0.0,-0.007142967758862056,structural_group,unstratified,8675309
8559,12,0.0,-0.007121209139824468,structural_group,unstratified,8675309
8560,12,0.0,-0.06372766977372865,structural_group,unstratified,8675309
8561,12,-0.02339845653464133,-0.22652993709715208,structural_group,unstratified,8675309
8562,12,-0.005338032868416928,-0.06151312403798977,structural_group,unstratified,8675309
8563,12,-0.006246033357254349,-0.11705120220091998,structural_group,unstratified,8675309
8564,12,-0.0006418734478566973,-0.05975999767357363,structural_group,unstratified,8675309
8565,12,0.0,-0.019383554495674193,structural_group,unstratified,8675309
8566,12,-0.008461049547044103,-0.22558033532128263,structural_group,unstratified,8675309
8567,12,-0.0034439534025555232,-0.06477543442969617,structural_group,unstratified,8675309
8568,12,-0.006246033357254349,-0.06390495886105889,structural_group,unstratified,8675309
8569,12,-0.020596376579942503,-0.12559274747171115,structural_group,unstratified,8675309
8570,12,0.0,0.00200504722580522,structural_group,unstratified,8675309
8571,12,-0.00032093672392834866,-0.06680881317875821,structural_group,unstratified,8675309
8572,12,-0.0031230166786271746,-0.005440552470374467,structural_group,unstratified,8675309
8573,12,-0.0006418734478566973,-0.02269679229842993,structural_group,unstratified,8675309
8574,12,-0.03190181503291841,-0.07830321857728458,structural_group,unstratified,8675309
8575,12,-0.00032093672392834866,-0.11504757621402233,structural_group,unstratified,8675309
8576,12,-0.010676065736833856,-0.17825006756684048,structural_group,unstratified,8675309
8577,12,-0.010676065736833856,-0.06414671294586723,structural_group,unstratified,8675309
8578,12,-0.0031230166786271746,-0.06254359774940024,structural_group,unstratified,8675309
8579,12,-0.0034439534025555232,-0.006317316916245888,structural_group,unstratified,8675309
8580,12,-0.006246033357254349,-0.12076494522398497,structural_group,unstratified,8675309
8581,12,0.0,-0.06557486734725619,structural_group,unstratified,8675309
8582,12,0.0,-0.06557769187758694,structural_group,unstratified,8675309
8583,12,-0.008461049547044103,-0.021028648348238494,structural_group,unstratified,8675309
8584,12,-0.00032093672392834866,-0.06553658538253941,structural_group,unstratified,8675309
8585,12,-0.0031230166786271746,-0.02013897620350234,structural_group,unstratified,8675309
8586,12,-0.021288940384876134,-0.07536100125030239,structural_group,unstratified,8675309
8587,12,-0.006246033357254349,-0.013757060405433006,structural_group,unstratified,8675309
8588,12,-0.03190181503291841,-0.17715451894943424,structural_group,unstratified,8675309
8589,12,-0.036226347372473364,-0.02578622146117664,structural_group,unstratified,8675309
8590,12,-0.0034439534025555232,-0.12066264195714822,structural_group,unstratified,8675309
8591,12,0.0,-0.005931280908503485,structural_group,unstratified,8675309
8592,12,0.0,-0.05964694622348416,structural_group,unstratified,8675309
8593,12,-0.008461049547044103,-0.014829796799925868,structural_group,unstratified,8675309
8594,12,0.0,-0.004618733609693531,structural_group,unstratified,8675309
8595,12,-0.0006418734478566973,-0.01130328773552968,structural_group,unstratified,8675309
8596,12,-0.006246033357254349,-0.06790330819228865,structural_group,unstratified,8675309
8597,12,-0.0031230166786271746,-0.12121041626585131,structural_group,unstratified,8675309
8598,12,-0.006246033357254349,-0.12040889989300553,structural_group,unstratified,8675309
8599,12,-0.04055087971202831,-0.13360516094780042,structural_group,unstratified,8675309
8600,12,-0.0034439534025555232,-0.012371564824003964,structural_group,unstratified,8675309
8601,12,-0.025613472724431083,-0.18021913261833544,structural_group,unstratified,8675309
8602,12,0.0,-0.05669643760854818,structural_group,unstratified,8675309
8603,12,-0.021288940384876134,-0.023220119608531892,structural_group,unstratified,8675309
8604,12,0.0,-0.05579601728055931,structural_group,unstratified,8675309
8605,12,-0.010676065736833856,-0.12012539949657704,structural_group,unstratified,8675309
8606,12,0.0,-0.05335917628864314,structural_group,unstratified,8675309
8607,12,-0.006246033357254349,-0.06879704466343721,structural_group,unstratified,8675309
8608,12,-0.0034439534025555232,-0.016744847657508614,structural_group,unstratified,8675309
8609,12,-0.0031230166786271746,-0.1200327844186681,structural_group,unstratified,8675309
8610,12,-0.0034439534025555232,-0.06396467215707137,structural_group,unstratified,8675309
8611,12,-0.00032093672392834866,-0.06716039920371907,structural_group,unstratified,8675309
8612,12,-0.010676065736833856,-0.12590198720554283,structural_group,unstratified,8675309
8613,12,-0.008461049547044103,-0.07023449111687645,structural_group,unstratified,8675309
8614,12,0.0,-0.012857617620993621,structural_group,unstratified,8675309
8615,12,0.0,-0.06061054419438888,structural_group,unstratified,8675309
8616,12,-0.010676065736833856,-0.02387019718407174,structural_group,unstratified,8675309
8617,12,-0.006246033357254349,-0.06904226309514892,structural_group,unstratified,8675309
8618,12,-0.0006418734478566973,-0.058621042770713366,structural_group,unstratified,8675309
8619,12,0.0,-0.015694707150808285,structural_group,unstratified,8675309
8620,12,-0.036226347372473364,-0.03179622581472569,structural_group,unstratified,8675309
8621,12,0.0,-0.06222334757978366,structural_group,unstratified,8675309
8622,12,-0.008461049547044103,-0.07183499811813347,structural_group,unstratified,8675309
8623,12,0.0,0.00029439987959225855,structural_group,unstratified,8675309
8624,12,-0.00032093672392834866,-0.00792404775952732,structural_group,unstratified,8675309
8625,12,-0.0034439534025555232,-0.01461206623226684,structural_group,unstratified,8675309
8626,12,0.007782740846507291,-0.0020352348441104793,structural_group,unstratified,8675309
8627,12,-0.008461049547044103,-0.07172096771828518,structural_group,unstratified,8675309
8628,12,-0.006246033357254349,-0.06721996119982047,structural_group,unstratified,8675309
8629,12,0.0,-0.06617895564027809,structural_group,unstratified,8675309
8630,12,-0.0034439534025555232,-0.12043847121234395,structural_group,unstratified,8675309
8631,12,-0.0006418734478566973,-0.00568833294502489,structural_group,unstratified,8675309
8632,12,-0.0034439534025555232,-0.017231208859301694,structural_group,unstratified,8675309
8633,12,-0.03190181503291841,-0.07740570935442921,structural_group,unstratified,8675309
8634,12,-0.021288940384876134,-0.02338903636334222,structural_group,unstratified,8675309
8635,12,0.0,-0.012965121268893943,structural_group,unstratified,8675309
8636,12,0.0,-0.05938852851820212,structural_group,unstratified,8675309
8637,12,-0.006246033357254349,-0.01051515624299225,structural_group,unstratified,8675309
8638,12,-0.008461049547044103,-0.12464314569584171,structural_group,unstratified,8675309
8639,12,-0.00032093672392834866,-0.06337370789803498,structural_group,unstratified,8675309
8640,12,-0.010676065736833856,-0.1739109263113139,structural_group,unstratified,8675309
8641,12,-0.00032093672392834866,-0.01574819660479634,structural_group,unstratified,8675309
8642,12,0.0,-0.006665206249826206,structural_group,unstratified,8675309
8643,12,-0.021288940384876134,-0.12576773676863484,structural_group,unstratified,8675309
8644,12,0.0,-0.06533809730839063,structural_group,unstratified,8675309
8645,12,0.0,-0.05987904062121035,structural_group,unstratified,8675309
8646,12,-0.03190181503291841,-0.17990221291127692,structural_group,unstratified,8675309
8647,12,-0.00032093672392834866,-0.10685534649995891,structural_group,unstratified,8675309
8648,12,-0.0034439534025555232,-0.010336102619656163,structural_group,unstratified,8675309
8649,12,-0.021288940384876134,-0.17872175653376296,structural_group,unstratified,8675309
8650,12,0.0,-0.012620847582128072,structural_group,unstratified,8675309
8651,12,-0.0031230166786271746,-0.11231440318713921,structural_group,unstratified,8675309
8652,12,-0.006246033357254349,-0.06141477971506573,structural_group,unstratified,8675309
8653,12,0.0,-0.05834752295865973,structural_group,unstratified,8675309
8654,12,0.0,-0.01126416211160878,structural_group,unstratified,8675309
8655,12,-0.0006418734478566973,-0.00933889832517403,structural_group,unstratified,8675309
8656,12,-0.0034439534025555232,-0.008111025035785358,structural_group,unstratified,8675309
8657,12,0.0,-0.058349822749066284,structural_group,unstratified,8675309
8658,12,-0.0034439534025555232,-0.06287474740218059,structural_group,unstratified,8675309
8659,12,-0.005658969592345277,-0.07203525072828809,structural_group,unstratified,8675309
8660,12,-0.03190181503291841,-0.13225180593983918,structural_group,unstratified,8675309
8661,12,-0.0034439534025555232,-0.11603509231957666,structural_group,unstratified,8675309
8662,12,-0.0031230166786271746,-0.06303225874159989,structural_group,unstratified,8675309
8663,12,-0.005658969592345277,-0.17008186136992634,structural_group,unstratified,8675309
8664,12,0.0,-0.014270168396233775,structural_group,unstratified,8675309
8665,12,-0.008461049547044103,-0.0743198903082603,structural_group,unstratified,8675309
8666,12,0.0,-0.0062042654661564195,structural_group,unstratified,8675309
8667,12,-0.036226347372473364,-0.07892352181118224,structural_group,unstratified,8675309
8668,12,-0.025613472724431083,-0.13221008813006468,structural_group,unstratified,8675309
8669,12,-0.0031230166786271746,-0.11776738733220615,structural_group,unstratified,8675309
8670,12,-0.008461049547044103,-0.16925175122129157,structural_group,unstratified,8675309
8671,12,-0.010676065736833856,-0.020660322642477663,structural_group,unstratified,8675309
8672,12,-0.03190181503291841,-0.025932093648596482,structural_group,unstratified,8675309
8673,12,0.0,-0.11759908189212276,structural_group,unstratified,8675309
8674,12,-0.00032093672392834866,-0.0073260320086187625,structural_group,unstratified,8675309
8675,12,-0.010676065736833856,-0.11711532888553966,structural_group,unstratified,8675309
8676,12,-0.010676065736833856,-0.06955175543913525,structural_group,unstratified,8675309
8677,12,0.0,-0.009297472910846575,structural_group,unstratified,8675309
8678,12,-0.008461049547044103,-0.02584383249420641,structural_group,unstratified,8675309
8679,12,0.0,-0.11049070439083679,structural_group,unstratified,8675309
8680,12,-0.008461049547044103,-0.1685239443394936,structural_group,unstratified,8675309
8681,12,-0.01907392419508638,-0.07319812376579797,structural_group,unstratified,8675309
8682,12,-0.02339845653464133,-0.07670010338081758,structural_group,unstratified,8675309
8683,12,-0.006246033357254349,-0.010505019374466492,structural_group,unstratified,8675309
8684,12,-0.00032093672392834866,-0.05756852641328023,structural_group,unstratified,8675309
8685,12,-0.00032093672392834866,-0.00792404775952732,structural_group,unstratified,8675309
8686,12,-0.0034439534025555232,-0.01284325379092646,structural_group,unstratified,8675309
8687,12,-0.0006418734478566973,-0.0634806868060111,structural_group,unstratified,8675309
8688,12,-0.00032093672392834866,-0.012297855332956175,structural_group,unstratified,8675309
8689,12,-0.025613472724431083,-0.07891884617004287,structural_group,unstratified,8675309
8690,12,-0.01907392419508638,-0.12197051361481882,structural_group,unstratified,8675309
8691,12,-0.0006418734478566973,-0.06472432082644093,structural_group,unstratified,8675309
8692,12,-0.006246033357254349,-0.06352266546210843,structural_group,unstratified,8675309
8693,12,-0.008461049547044103,-0.013276049478405235,structural_group,unstratified,8675309
8694,12,0.0,-0.011010420047466093,structural_group,unstratified,8675309
8695,12,-0.006246033357254349,-0.06779395343357973,structural_group,unstratified,8675309
8696,12,-0.0031230166786271746,-0.06233639902987314,structural_group,unstratified,8675309
8697,12,0.0,-0.0554329204577077,structural_group,unstratified,8675309
8698,12,-0.021288940384876134,-0.07638046452592799,structural_group,unstratified,8675309
8699,12,0.0,-0.0075992329013924815,structural_group,unstratified,8675309
8700,12,-0.021288940384876134,-0.016264211576703304,structural_group,unstratified,8675309
8701,12,-0.006246033357254349,-0.008499436894260566,structural_group,unstratified,8675309
8702,12,-0.0034439534025555232,-0.06313923764957599,structural_group,unstratified,8675309
8703,12,-0.005338032868416928,-0.01669655858458412,structural_group,unstratified,8675309
8704,12,-0.006246033357254349,-0.016872787677589447,structural_group,unstratified,8675309
8705,12,0.0,-0.05847493823881635,structural_group,unstratified,8675309
8706,12,-0.01907392419508638,-0.1269348367676861,structural_group,unstratified,8675309
8707,12,-0.010676065736833856,-0.12445986511096424,structural_group,unstratified,8675309
8708,12,-0.03190181503291841,-0.025294818389421672,structural_group,unstratified,8675309
8709,12,-0.006246033357254349,-0.028490462985293938,structural_group,unstratified,8675309
8710,12,-0.03190181503291841,-0.12907044272325863,structural_group,unstratified,8675309
8711,12,-0.0006418734478566973,-0.11409235057563753,structural_group,unstratified,8675309
8712,12,0.0,-0.008469662552618386,structural_group,unstratified,8675309
8713,12,-0.021288940384876134,-0.1258236020733557,structural_group,unstratified,8675309
8714,12,-0.03190181503291841,-0.0783734477120726,structural_group,unstratified,8675309
8715,12,0.0,-0.0650890308853873,structural_group,unstratified,8675309
8716,12,0.0,-0.07127069407330201,structural_group,unstratified,8675309
8717,12,0.0,-0.11543620440761833,structural_group,unstratified,8675309
8718,12,-0.010676065736833856,-0.12410827908600337,structural_group,unstratified,8675309
8719,12,-0.0034439534025555232,-0.02091322104741622,structural_group,unstratified,8675309
8720,12,-0.00032093672392834866,-0.005561895208417743,structural_group,unstratified,8675309
8721,12,-0.0006418734478566973,-0.060336365758065696,structural_group,unstratified,8675309
8722,12,0.0,-0.017248397219699615,structural_group,unstratified,8675309
8723,12,-0.005338032868416928,-0.06397779619105688,structural_group,unstratified,8675309
8724,12,-0.005658969592345277,-0.17008186136992634,structural_group,unstratified,8675309
8725,12,-0.00032093672392834866,-0.059700435677472234,structural_group,unstratified,8675309
8726,12,-0.008461049547044103,-0.06159053162662745,structural_group,unstratified,8675309
8727,12,-0.0034439534025555232,-0.012097602722801545,structural_group,unstratified,8675309
8728,12,-0.03190181503291841,-0.13209342103316077,structural_group,unstratified,8675309
8729,12,0.0,-0.0014232228981666199,structural_group,unstratified,8675309
8730,12,-0.03190181503291841,-0.17895060291970655,structural_group,unstratified,8675309
8731,12,0.0,-0.054596737766959606,structural_group,unstratified,8675309
8732,12,-0.008461049547044103,-0.017959359038197946,structural_group,unstratified,8675309
8733,12,0.0,-0.054445404352153365,structural_group,unstratified,8675309
8734,12,-0.010676065736833856,-0.11860180548694838,structural_group,unstratified,8675309
8735,12,-0.03190181503291841,-0.07723087716239789,structural_group,unstratified,8675309
8736,12,-0.008461049547044103,-0.02284627460242757,structural_group,unstratified,8675309
8737,12,-0.04055087971202831,-0.08337103887565887,structural_group,unstratified,8675309
8738,12,-0.021288940384876134,-0.07154941426641921,structural_group,unstratified,8675309
8739,12,-0.00032093672392834866,-0.011953581646190306,structural_group,unstratified,8675309
8740,12,-0.01907392419508638,-0.07308876900708904,structural_group,unstratified,8675309
8741,12,-0.0031230166786271746,-0.015279332168204608,structural_group,unstratified,8675309
8742,12,-0.008461049547044103,-0.020962646174991873,structural_group,unstratified,8675309
8743,12,-0.010676065736833856,-0.01314241035622418,structural_group,unstratified,8675309
8744,12,-0.02339845653464133,-0.1236361951394747,structural_group,unstratified,8675309
8745,12,-0.04055087971202831,-0.08114437243351165,structural_group,unstratified,8675309
8746,12,0.0,-0.0015921396529769496,structural_group,unstratified,8675309
8747,12,-0.0031230166786271746,-0.06219140040971242,structural_group,unstratified,8675309
8748,12,0.0,-0.007738158979439851,structural_group,unstratified,8675309
8749,12,-0.00032093672392834866,-0.1733559735487612,structural_group,unstratified,8675309
8750,12,-0.021288940384876134,-0.12730163028191824,structural_group,unstratified,8675309
8751,12,-0.0031230166786271746,-0.06727582650454135,structural_group,unstratified,8675309
8752,12,-0.00032093672392834866,-0.060531942727080956,structural_group,unstratified,8675309
8753,12,-0.0006418734478566973,-0.0700726258539383,structural_group,unstratified,8675309
8754,12,-0.00032093672392834866,-0.06553658538253941,structural_group,unstratified,8675309
8755,12,-0.0034439534025555232,-0.06503762488668502,structural_group,unstratified,8675309
8756,12,0.0,-0.014270168396233775,structural_group,unstratified,8675309
8757,12,-0.006246033357254349,-0.06790330819228867,structural_group,unstratified,8675309
8758,12,-0.0034439534025555232,-0.11408767493449817,structural_group,unstratified,8675309
8759,12,-0.006246033357254349,-0.0733767287095361,structural_group,unstratified,8675309
8760,12,-0.00032093672392834866,-0.008026567361484858,structural_group,unstratified,8675309
8761,12,-0.006246033357254349,-0.01062451100170117,structural_group,unstratified,8675309
8762,12,-0.01907392419508638,-0.07556819996982948,structural_group,unstratified,8675309
8763,12,-0.016271844240387554,-0.12343048130193368,structural_group,unstratified,8675309
8764,12,-0.016271844240387554,-0.12025986626860585,structural_group,unstratified,8675309
8765,12,-0.006246033357254349,-0.1150775668907853,structural_group,unstratified,8675309
8766,12,-0.005658969592345277,-0.22279911109618888,structural_group,unstratified,8675309
8767,12,-0.00032093672392834866,-0.0655116897043403,structural_group,unstratified,8675309
8768,12,-0.036226347372473364,-0.179628617038897,structural_group,unstratified,8675309
8769,12,-0.03190181503291841,-0.02171481987103743,structural_group,unstratified,8675309
8770,12,-0.01907392419508638,-0.0760887027496007,structural_group,unstratified,8675309
8771,12,-0.0034439534025555232,-0.012945773392884002,structural_group,unstratified,8675309
8772,12,0.0,-0.07056691070865333,structural_group,unstratified,8675309
8773,12,-0.0034439534025555232,-0.1720827682089929,structural_group,unstratified,8675309
8774,12,-0.010676065736833856,-0.015642061356024358,structural_group,unstratified,8675309
8775,12,0.0,-0.0044354530248160405,structural_group,unstratified,8675309
8776,12,-0.04055087971202831,-0.2325972329785694,structural_group,unstratified,8675309
8777,12,-0.0031230166786271746,-0.06633028905508433,structural_group,unstratified,8675309
8778,12,-0.008461049547044103,-0.013732925935662615,structural_group,unstratified,8675309
8779,12,-0.005338032868416928,-0.17239844811996982,structural_group,unstratified,8675309
8780,12,-0.0034439534025555232,-0.11408617265102448,structural_group,unstratified,8675309
8781,12,-0.006246033357254349,-0.06649920580989466,structural_group,unstratified,8675309
8782,12,-0.010676065736833856,-0.018790080501559645,structural_group,unstratified,8675309
8783,12,-0.0006418734478566973,-0.1188985051569472,structural_group,unstratified,8675309
8784,12,0.0,-0.06118223663774158,structural_group,unstratified,8675309
8785,12,0.0,-0.11795066791708363,structural_group,unstratified,8675309
8786,12,0.0,-0.014984851244046247,structural_group,unstratified,8675309
8787,12,-0.016271844240387554,-0.07747126284807788,structural_group,unstratified,8675309
8788,12,-0.00032093672392834866,-0.05674525142139688,structural_group,unstratified,8675309
8789,12,-0.006246033357254349,-0.12034228640503197,structural_group,unstratified,8675309
8790,12,-0.00032093672392834866,-0.012911107074981679,structural_group,unstratified,8675309
8791,12,-0.0006418734478566973,-0.0650759068514018,structural_group,unstratified,8675309
8792,12,-0.010676065736833856,-0.12610918592506995,structural_group,unstratified,8675309
8793,12,-0.00032093672392834866,-0.013722394087530688,structural_group,unstratified,8675309
8794,12,-0.0006418734478566973,-0.0628259335893319,structural_group,unstratified,8675309
8795,12,-0.008461049547044103,-0.11735993600252441,structural_group,unstratified,8675309
8796,12,-0.0034439534025555232,-0.1178208767861942,structural_group,unstratified,8675309
8797,12,-0.015950907516459206,-0.020979834535389794,structural_group,unstratified,8675309
8798,12,-0.006246033357254349,-0.06787471441649968,structural_group,unstratified,8675309
8799,12,-0.04055087971202831,-0.13217824634249312,structural_group,unstratified,8675309
8800,12,-0.03190181503291841,-0.2307842530433463,structural_group,unstratified,8675309
8801,12,-0.03190181503291841,-0.22711705336489693,structural_group,unstratified,8675309
8802,12,-0.008461049547044103,-0.014482275101377408,structural_group,unstratified,8675309
8803,12,-0.0006418734478566973,-0.061985075257444434,structural_group,unstratified,8675309
8804,12,-0.00032093672392834866,-0.06302618619948654,structural_group,unstratified,8675309
8805,12,-0.00032093672392834866,-0.05923949489380243,structural_group,unstratified,8675309
8806,12,0.0,-0.014101251641423444,structural_group,unstratified,8675309
8807,12,0.0,-0.0036907795002406076,structural_group,unstratified,8675309
8808,12,0.0,-0.010828990573397201,structural_group,unstratified,8675309
8809,12,-0.02339845653464133,-0.12707922407311986,structural_group,unstratified,8675309
8810,12,-0.0006418734478566973,-0.011540057774395226,structural_group,unstratified,8675309
8811,12,-0.00032093672392834866,-0.012554845408881453,structural_group,unstratified,8675309
8812,12,-0.010676065736833856,-0.17091804406067443,structural_group,unstratified,8675309
8813,12,-0.0006418734478566973,-0.166756110847912,structural_group,unstratified,8675309
8814,12,0.0,-0.071270694073302,structural_group,unstratified,8675309
8815,12,-0.008461049547044103,-0.11669267006658664,structural_group,unstratified,8675309
8816,12,-0.0034439534025555232,-0.06745673123868604,structural_group,unstratified,8675309
8817,12,-0.006246033357254349,-0.07290733953302016,structural_group,unstratified,8675309
8818,12,-0.0031230166786271746,-0.011467745184321433,structural_group,unstratified,8675309
8819,12,0.0,-0.012740950524089703,structural_group,unstratified,8675309
8820,12,-0.0006418734478566973,-0.12042772302909126,structural_group,unstratified,8675309
8821,12,0.0,-0.11262401055600275,structural_group,unstratified,8675309
8822,12,-0.005658969592345277,-0.11936997778874892,structural_group,unstratified,8675309
8823,12,-0.0034439534025555232,-0.06236499280566211,structural_group,unstratified,8675309
8824,12,0.0,-0.0010562130488136815,structural_group,unstratified,8675309
8825,12,-0.005338032868416928,-0.017417313974509945,structural_group,unstratified,8675309
8826,12,-0.036226347372473364,-0.07944663278616342,structural_group,unstratified,8675309
8827,12,-0.0006418734478566973,-0.01443063675819795,structural_group,unstratified,8675309
8828,12,-0.021288940384876134,-0.12622867755230463,structural_group,unstratified,8675309
8829,12,0.0,-0.11393188221367334,structural_group,unstratified,8675309
8830,12,-0.0031230166786271746,-0.06612309033555723,structural_group,unstratified,8675309
8831,12,-0.0006418734478566973,-0.06285082926753098,structural_group,unstratified,8675309
8832,12,-0.006246033357254349,-0.06204463725354586,structural_group,unstratified,8675309
8833,12,-0.03190181503291841,-0.1294742784061259,structural_group,unstratified,8675309
8834,12,-0.0006418734478566973,-0.11320267843090137,structural_group,unstratified,8675309
8835,12,-0.010676065736833856,-0.06819778911644701,structural_group,unstratified,8675309
8836,12,-0.021288940384876134,-0.024407888324240855,structural_group,unstratified,8675309
8837,12,-0.03190181503291841,-0.13433392244142364,structural_group,unstratified,8675309
8838,12,-0.00032093672392834866,-0.00781936864195776,structural_group,unstratified,8675309
8839,12,-0.01907392419508638,-0.11902406932629524,structural_group,unstratified,8675309
8840,12,0.0,-0.012593127373598223,structural_group,unstratified,8675309
8841,12,-0.0006418734478566973,-0.005568230003063258,structural_group,unstratified,8675309
8842,12,-0.00032093672392834866,-0.007330707649758124,structural_group,unstratified,8675309
8843,12,-0.008461049547044103,-0.07192589596957917,structural_group,unstratified,8675309
8844,12,-0.0006418734478566973,-0.005937399368028218,structural_group,unstratified,8675309
8845,12,-0.0034439534025555232,-0.05863179095396608,structural_group,unstratified,8675309
8846,12,-0.006246033357254349,-0.017698222185084832,structural_group,unstratified,8675309
8847,12,-0.006246033357254349,-0.12531735774115196,structural_group,unstratified,8675309
8848,12,-0.0006418734478566973,-0.06835730286658596,structural_group,unstratified,8675309
8849,12,-0.0006418734478566973,-0.06087569167392262,structural_group,unstratified,8675309
8850,12,-0.010676065736833856,-0.018908249881937247,structural_group,unstratified,8675309
8851,12,-0.008461049547044103,-0.12599375862424766,structural_group,unstratified,8675309
8852,12,-0.01907392419508638,-0.12384400517372875,structural_group,unstratified,8675309
8853,12,-0.025613472724431083,-0.07826855225938226,structural_group,unstratified,8675309
8854,12,0.0,-0.11807077085904526,structural_group,unstratified,8675309
8855,12,-0.00032093672392834866,-0.0640944632879608,structural_group,unstratified,8675309
8856,12,0.0,-0.0634397100712816,structural_group,unstratified,8675309
8857,12,0.0,-0.11189857952493758,structural_group,unstratified,8675309
8858,12,-0.005338032868416928,-0.1201777830388288,structural_group,unstratified,8675309
8859,12,-0.00032093672392834866,-0.07418292072352123,structural_group,unstratified,8675309
8860,12,0.0,-0.005114340711265636,structural_group,unstratified,8675309
8861,12,-0.008461049547044103,-0.06526786817360263,structural_group,unstratified,8675309
8862,12,-0.010676065736833856,-0.019196658263982255,structural_group,unstratified,8675309
8863,12,-0.005338032868416928,-0.024896100636842527,structural_group,unstratified,8675309
8864,12,-0.010676065736833856,-0.020058610200188558,structural_group,unstratified,8675309
8865,12,-0.0034439534025555232,-0.11869825254679257,structural_group,unstratified,8675309
8866,12,0.0,-0.0033455282699252566,structural_group,unstratified,8675309
8867,12,-0.00032093672392834866,-0.06430166200748791,structural_group,unstratified,8675309
8868,12,-0.0031230166786271746,-0.010050518767941918,structural_group,unstratified,8675309
8869,12,-0.021288940384876134,-0.12576166422652146,structural_group,unstratified,8675309
8870,12,-0.0006418734478566973,-0.05940841164861277,structural_group,unstratified,8675309
8871,12,-0.021288940384876134,-0.12652738543800437,structural_group,unstratified,8675309
8872,12,0.0,-0.17459960756919102,structural_group,unstratified,8675309
8873,12,-0.03190181503291841,-0.13060248512573347,structural_group,unstratified,8675309
8874,12,-0.006246033357254349,-0.014110729885679648,structural_group,unstratified,8675309
8875,12,-0.0034439534025555232,-0.06296625656835327,structural_group,unstratified,8675309
8876,12,0.0,-0.006908048830805105,structural_group,unstratified,8675309
8877,12,0.0,-0.011119774806175013,structural_group,unstratified,8675309
8878,12,-0.010676065736833856,-0.12439853857885698,structural_group,unstratified,8675309
8879,12,-0.010676065736833856,-0.06434458970528904,structural_group,unstratified,8675309
8880,12,0.0,-0.07340867587960735,structural_group,unstratified,8675309
8881,12,-0.006246033357254349,-0.010874188739431452,structural_group,unstratified,8675309
8882,12,-0.0031230166786271746,-0.11595670718738953,structural_group,unstratified,8675309
8883,12,-0.00032093672392834866,-0.052478639091064906,structural_group,unstratified,8675309
8884,12,-0.005658969592345277,-0.07026643828694772,structural_group,unstratified,8675309
8885,12,-0.008461049547044103,-0.02237926127664443,structural_group,unstratified,8675309
8886,12,-0.0006418734478566973,-0.11599073781274656,structural_group,unstratified,8675309
8887,12,-0.005658969592345277,-0.11729860947041715,structural_group,unstratified,8675309
8888,12,-0.0034439534025555232,-0.06210050255826671,structural_group,unstratified,8675309
8889,12,-0.005658969592345277,-0.06657434293029922,structural_group,unstratified,8675309
8890,12,-0.006246033357254349,-0.06862406358221448,structural_group,unstratified,8675309
8891,12,-0.008461049547044103,-0.015550552189851694,structural_group,unstratified,8675309
8892,12,0.0,-0.06164317742141138,structural_group,unstratified,8675309
8893,12,-0.036226347372473364,-0.0770739483869219,structural_group,unstratified,8675309
8894,12,-0.0034439534025555232,-0.06485456063692831,structural_group,unstratified,8675309
8895,12,-0.010676065736833856,-0.1209080927333371,structural_group,unstratified,8675309
8896,12,-0.0006418734478566973,-0.06004558152528788,structural_group,unstratified,8675309
8897,12,0.0,-0.11153408580111197,structural_group,unstratified,8675309
8898,12,-0.00032093672392834866,-0.06172438708392929,structural_group,unstratified,8675309
8899,12,-0.0006418734478566973,-0.013611426092726994,structural_group,unstratified,8675309
8900,12,-0.0006418734478566973,-0.021254670203851328,structural_group,unstratified,8675309
8901,12,0.0,-0.00022470599920494487,structural_group,unstratified,8675309
8902,12,-0.02339845653464133,-0.17753337650332698,structural_group,unstratified,8675309
8903,12,-0.010676065736833856,-0.07156963430347894,structural_group,unstratified,8675309
8904,12,-0.00032093672392834866,-0.06471115087504402,structural_group,unstratified,8675309
8905,12,-0.0034439534025555232,-0.017702897826224192,structural_group,unstratified,8675309
8906,12,0.0,-0.003486218883978475,structural_group,unstratified,8675309
8907,12,-0.005658969592345277,-0.1738025505023638,structural_group,unstratified,8675309
8908,12,0.0,-0.007212980558529294,structural_group,unstratified,8675309
8909,12,-0.00032093672392834866,-0.06455540407163059,structural_group,unstratified,8675309
8910,12,-0.036226347372473364,-0.1770236219068085,structural_group,unstratified,8675309
8911,12,-0.03190181503291841,-0.23162511137523376,structural_group,unstratified,8675309
8912,12,-0.005658969592345277,-0.012139470426277776,structural_group,unstratified,8675309
8913,12,-0.00032093672392834866,-0.11055026638693817,structural_group,unstratified,8675309
8914,12,-0.0031230166786271746,-0.06883682891162766,structural_group,unstratified,8675309
8915,12,-0.021288940384876134,-0.1263441048531269,structural_group,unstratified,8675309
8916,12,-0.006246033357254349,-0.16824021159858793,structural_group,unstratified,8675309
8917,12,-0.03190181503291841,-0.08237610504940986,structural_group,unstratified,8675309
8918,12,-0.0006418734478566973,-0.06911695153595551,structural_group,unstratified,8675309
8919,12,-0.006246033357254349,-0.0133102671167096,structural_group,unstratified,8675309
8920,12,-0.0031230166786271746,-0.11739821796724119,structural_group,unstratified,8675309
8921,12,0.0,-0.007016530022254909,structural_group,unstratified,8675309
8922,12,-0.008461049547044103,-0.020962646174991873,structural_group,unstratified,8675309
8923,12,-0.0034439534025555232,-0.013634132933140614,structural_group,unstratified,8675309
8924,12,0.0,-0.007501388940574303,structural_group,unstratified,8675309
8925,12,-0.0006418734478566973,-0.013829372995506803,structural_group,unstratified,8675309
8926,12,-0.0031230166786271746,-0.012196424227169206,structural_group,unstratified,8675309
8927,12,-0.005658969592345277,-0.0709088085446864,structural_group,unstratified,8675309
8928,12,-0.05044680459666252,-0.18487852404347857,structural_group,unstratified,8675309
8929,12,-0.010676065736833856,-0.017112165911664975,structural_group,unstratified,8675309
8930,12,-0.0006418734478566973,-0.06958396486173866,structural_group,unstratified,8675309
8931,12,-0.008461049547044103,-0.06380243925910135,structural_group,unstratified,8675309
8932,12,-0.006246033357254349,-0.00787425499691981,structural_group,unstratified,8675309
8933,12,-0.00032093672392834866,-0.0057860659532219805,structural_group,unstratified,8675309
8934,12,-0.010676065736833856,-0.01597788664994407,structural_group,unstratified,8675309
8935,12,0.0,-0.018897718033805317,structural_group,unstratified,8675309
8936,12,-0.0006418734478566973,-0.0070319997640583614,structural_group,unstratified,8675309
8937,12,-0.0034439534025555232,-0.06308574819558795,structural_group,unstratified,8675309
8938,12,-0.0034439534025555232,-0.019827755598544015,structural_group,unstratified,8675309
8939,12,-0.0034439534025555232,-0.006208835724796086,structural_group,unstratified,8675309
8940,12,-0.0034439534025555232,-0.07403615756735467,structural_group,unstratified,8675309
8941,12,-0.0034439534025555232,-0.06543092872142037,structural_group,unstratified,8675309
8942,12,-0.0006418734478566973,-0.012700106281574336,structural_group,unstratified,8675309
8943,12,-0.0034439534025555232,-0.11199872327616228,structural_group,unstratified,8675309
8944,12,-0.021288940384876134,-0.0255047591885041,structural_group,unstratified,8675309
8945,12,-0.0006418734478566973,-0.11213764935420967,structural_group,unstratified,8675309
8946,12,-0.005658969592345277,-0.07161705121535365,structural_group,unstratified,8675309
8947,12,-0.03190181503291841,-0.1823917807425431,structural_group,unstratified,8675309
8948,12,-0.005658969592345277,-0.017106093369551625,structural_group,unstratified,8675309
8949,12,-0.0031230166786271746,-0.014421501811040011,structural_group,unstratified,8675309
8950,12,-0.05477133693621747,-0.1373365982634906,structural_group,unstratified,8675309
8951,12,0.0,-0.006441035505021967,structural_group,unstratified,8675309
8952,12,0.0,-0.05450496634825477,structural_group,unstratified,8675309
8953,12,-0.008461049547044103,-0.0711731934095821,structural_group,unstratified,8675309
8954,12,0.0,-0.00028426799530635534,structural_group,unstratified,8675309
8955,12,-0.03190181503291841,-0.07600337150804107,structural_group,unstratified,8675309
8956,12,0.0,-0.060248209986175305,structural_group,unstratified,8675309
8957,12,0.0,-0.11676289920137467,structural_group,unstratified,8675309
8958,12,0.0,-0.11413908093320047,structural_group,unstratified,8675309
8959,12,0.0,-0.05881683607484942,structural_group,unstratified,8675309
8960,12,-0.021288940384876134,-0.07565970913600216,structural_group,unstratified,8675309
8961,12,-0.008461049547044103,-0.06776211164600818,structural_group,unstratified,8675309
8962,12,0.0,-0.005395354304340217,structural_group,unstratified,8675309
8963,12,-0.00032093672392834866,-0.06730539782387979,structural_group,unstratified,8675309
8964,12,-0.005338032868416928,-0.013158933701903361,structural_group,unstratified,8675309
8965,12,-0.00032093672392834866,-0.06479032299968755,structural_group,unstratified,8675309
8966,12,-0.008461049547044103,-0.07694370857643452,structural_group,unstratified,8675309
8967,12,-0.00032093672392834866,-0.005796814136474693,structural_group,unstratified,8675309
8968,12,-0.0006418734478566973,-0.16851179925526685,structural_group,unstratified,8675309
8969,12,-0.008461049547044103,-0.12218217164036448,structural_group,unstratified,8675309
8970,12,-0.0006418734478566973,-0.00750368873098086,structural_group,unstratified,8675309
8971,12,-0.0034439534025555232,-0.06451028695016243,structural_group,unstratified,8675309
8972,12,0.0,-0.10924477058000041,structural_group,unstratified,8675309
8973,12,0.0,-0.05871431647289188,structural_group,unstratified,8675309
8974,12,-0.0034439534025555232,-0.06189330383873961,structural_group,unstratified,8675309
8975,12,-0.021288940384876134,-0.12414294540390569,structural_group,unstratified,8675309
8976,12,-0.006246033357254349,-0.016954870907366474,structural_group,unstratified,8675309
8977,12,-0.0006418734478566973,-0.06484381245367561,structural_group,unstratified,8675309
8978,12,-0.00032093672392834866,-0.05554457500682317,structural_group,unstratified,8675309
8979,12,-0.0006418734478566973,-0.06287942304331995,structural_group,unstratified,8675309
8980,12,-0.0034439534025555232,-0.06137042520823561,structural_group,unstratified,8675309
8981,12,-0.00032093672392834866,-0.013747289765729776,structural_group,unstratified,8675309
8982,12,-0.00032093672392834866,-0.06291744275550455,structural_group,unstratified,8675309
8983,12,-0.021288940384876134,-0.12622867755230463,structural_group,unstratified,8675309
8984,12,-0.00032093672392834866,-0.061609571097833965,structural_group,unstratified,8675309
8985,12,-0.021288940384876134,-0.1299110847200253,structural_group,unstratified,8675309
8986,12,-0.010676065736833856,-0.0684299888966729,structural_group,unstratified,8675309
8987,12,-0.006246033357254349,-0.06663108039606987,structural_group,unstratified,8675309
8988,12,-0.00032093672392834866,-0.06053661836822031,structural_group,unstratified,8675309
8989,12,0.0,-0.10924477058000041,structural_group,unstratified,8675309
8990,12,-0.008461049547044103,-0.12005493801731186,structural_group,unstratified,8675309
8991,12,-0.00032093672392834866,-0.11314451333577395,structural_group,unstratified,8675309
8992,12,-0.021288940384876134,-0.07599693133089587,structural_group,unstratified,8675309
8993,12,-0.0006418734478566973,-0.00916530592922434,structural_group,unstratified,8675309
8994,12,-0.006246033357254349,-0.015330445771459865,structural_group,unstratified,8675309
8995,12,0.0,-0.056120069524056126,structural_group,unstratified,8675309
8996,12,-0.03190181503291841,-0.12865506774065497,structural_group,unstratified,8675309
8997,12,-0.006246033357254349,-0.0667210007039661,structural_group,unstratified,8675309
8998,12,-0.0006418734478566973,-0.06868460452807469,structural_group,unstratified,8675309
8999,12,-0.01907392419508638,-0.06875667924343468,structural_group,unstratified,8675309
9000,12,-0.0034439534025555232,-0.16948852126015712,structural_group,unstratified,8675309
9001,12,0.0,-0.07175935506550164,structural_group,unstratified,8675309
9002,12,-0.006246033357254349,-0.12432746578486481,structural_group,unstratified,8675309
9003,12,-0.00032093672392834866,-0.06635986037442278,structural_group,unstratified,8675309
9004,12,-0.00032093672392834866,-0.062076584423617104,structural_group,unstratified,8675309
9005,12,0.0,-0.0570526992746484,structural_group,unstratified,8675309
9006,12,-0.008461049547044103,-0.01306565999972485,structural_group,unstratified,8675309
9007,12,-0.0006418734478566973,-0.015073007015936626,structural_group,unstratified,8675309
9008,12,-0.0034439534025555232,-0.07053963917972143,structural_group,unstratified,8675309
9009,12,-0.010676065736833856,-0.0679582999297504,structural_group,unstratified,8675309
9010,12,-0.00032093672392834866,-0.013867392707691406,structural_group,unstratified,8675309
9011,12,-0.006246033357254349,-0.06483269663539103,structural_group,unstratified,8675309
9012,12,-0.008461049547044103,-0.015030049410080496,structural_group,unstratified,8675309
9013,12,-0.0031230166786271746,-0.059701832578446225,structural_group,unstratified,8675309
9014,12,-0.006246033357254349,-0.06831683206408373,structural_group,unstratified,8675309
9015,12,0.0,-0.05538173079412619,structural_group,unstratified,8675309
9016,12,-0.00032093672392834866,-0.11221655922632102,structural_group,unstratified,8675309
9017,12,-0.00032093672392834866,-0.010790708608680434,structural_group,unstratified,8675309
9018,12,-0.03190181503291841,-0.07689304365277723,structural_group,unstratified,8675309
9019,12,-0.0006418734478566973,-0.013557936638738935,structural_group,unstratified,8675309
9020,12,-0.006246033357254349,-0.018890666541933155,structural_group,unstratified,8675309
9021,12,-0.010676065736833856,-0.07292024723188488,structural_group,unstratified,8675309
9022,12,0.0,-0.013461705914015529,structural_group,unstratified,8675309
9023,12,-0.016271844240387554,-0.07510118664404636,structural_group,unstratified,8675309
9024,12,-0.0006418734478566973,-0.01282303375386673,structural_group,unstratified,8675309
9025,12,-0.0034439534025555232,-0.01091247070414822,structural_group,unstratified,8675309
9026,12,-0.0006418734478566973,-0.05648306096440803,structural_group,unstratified,8675309
9027,12,-0.036226347372473364,-0.1271843518702874,structural_group,unstratified,8675309
9028,12,-0.03190181503291841,-0.03444011422625788,structural_group,unstratified,8675309
9029,12,-0.0006418734478566973,-0.006778257699915674,structural_group,unstratified,8675309
9030,12,-0.010676065736833856,-0.0691335559262008,structural_group,unstratified,8675309
9031,12,-0.008461049547044103,-0.018712061598195027,structural_group,unstratified,8675309
9032,12,-0.00032093672392834866,-0.013255380761747546,structural_group,unstratified,8675309
9033,12,-0.0034439534025555232,-0.11704893173268686,structural_group,unstratified,8675309
9034,12,0.0,-0.011059233860314792,structural_group,unstratified,8675309
9035,12,-0.008461049547044103,-0.12201932742766751,structural_group,unstratified,8675309
9036,12,-0.00032093672392834866,-0.11930128084548956,structural_group,unstratified,8675309
9037,12,-0.005658969592345277,-0.008352779120593687,structural_group,unstratified,8675309
9038,12,0.0,0.002796875409723196,structural_group,unstratified,8675309
9039,12,-0.021288940384876134,-0.12132021970415818,structural_group,unstratified,8675309
9040,12,-0.00032093672392834866,-0.018479518520870878,structural_group,unstratified,8675309
9041,12,0.0,-0.06534277294952999,structural_group,unstratified,8675309
9042,12,0.0,-0.060143530868605743,structural_group,unstratified,8675309
9043,12,0.0,-0.009295097060113772,structural_group,unstratified,8675309
9044,12,-0.04055087971202831,-0.08556427467195814,structural_group,unstratified,8675309
9045,12,-0.006246033357254349,-0.11822188793873069,structural_group,unstratified,8675309
9046,12,0.0,-0.017480491617425802,structural_group,unstratified,8675309
9047,12,-0.021288940384876134,-0.17909092589872788,structural_group,unstratified,8675309
9048,12,-0.006246033357254349,-0.01932027147025864,structural_group,unstratified,8675309
9049,12,-0.0006418734478566973,-0.12042772302909127,structural_group,unstratified,8675309
9050,12,-0.00032093672392834866,-0.05898575282965975,structural_group,unstratified,8675309
9051,12,-0.036226347372473364,-0.08307294230468608,structural_group,unstratified,8675309
9052,12,0.0,-0.0638168030891685,structural_group,unstratified,8675309
9053,12,-0.021288940384876134,-0.1790054892746686,structural_group,unstratified,8675309
9054,12,-0.00032093672392834866,-0.1128846987295179,structural_group,unstratified,8675309
9055,12,0.0,-0.062023094969629045,structural_group,unstratified,8675309
9056,12,0.0,-0.018201858322078584,structural_group,unstratified,8675309
9057,12,-0.008461049547044103,-0.11519529398201413,structural_group,unstratified,8675309
9058,12,0.0,-0.10924477058000041,structural_group,unstratified,8675309
9059,12,-0.008461049547044103,-0.0701321878500397,structural_group,unstratified,8675309
9060,12,-0.0031230166786271746,-0.061119058994825726,structural_group,unstratified,8675309
9061,12,0.0,-0.008342247272461759,structural_group,unstratified,8675309
9062,12,-0.0034439534025555232,-0.06852176031537772,structural_group,unstratified,8675309
9063,12,-0.025613472724431083,-0.27936023827350415,structural_group,unstratified,8675309
9064,12,-0.05477133693621747,-0.2836458900750426,structural_group,unstratified,8675309
9065,12,-0.006246033357254349,-0.020998552288975837,structural_group,unstratified,8675309
9066,12,-0.005658969592345277,-0.015701990987157622,structural_group,unstratified,8675309
9067,12,-0.0034439534025555232,-0.06495923975449788,structural_group,unstratified,8675309
9068,12,-0.0006418734478566973,-0.06211932569435245,structural_group,unstratified,8675309
9069,12,0.0,-0.004066283659851081,structural_group,unstratified,8675309
9070,12,-0.00032093672392834866,-0.06196115712279482,structural_group,unstratified,8675309
9071,12,0.0,0.0007123830574059156,structural_group,unstratified,8675309
9072,12,-0.00032093672392834866,-0.11551458953980548,structural_group,unstratified,8675309
9073,12,-0.03190181503291841,-0.08322057902811177,structural_group,unstratified,8675309
9074,12,-0.0031230166786271746,-0.006350923239823297,structural_group,unstratified,8675309
9075,12,-0.005658969592345277,-0.11622565674080348,structural_group,unstratified,8675309
9076,12,-0.005338032868416928,-0.016249765295860714,structural_group,unstratified,8675309
9077,12,0.0,-0.10545124411756492,structural_group,unstratified,8675309
9078,12,-0.008461049547044103,-0.06549049071752178,structural_group,unstratified,8675309
9079,12,0.0,-0.007266470012517352,structural_group,unstratified,8675309
9080,12,-0.010676065736833856,-0.020579112979959752,structural_group,unstratified,8675309
9081,12,-0.0034439534025555232,-0.010705271984621123,structural_group,unstratified,8675309
9082,12,-0.04055087971202831,-0.1302798591053841,structural_group,unstratified,8675309
9083,12,-0.010676065736833856,-0.019081230963159983,structural_group,unstratified,8675309
9084,12,0.0,-0.11665354444266574,structural_group,unstratified,8675309
9085,12,0.0,-0.01681560153222084,structural_group,unstratified,8675309
9086,12,0.0,-0.06024820998617531,structural_group,unstratified,8675309
9087,12,0.0,-0.004044741375934277,structural_group,unstratified,8675309
9088,12,-0.00032093672392834866,-0.01170451522318698,structural_group,unstratified,8675309
9089,12,-0.015950907516459206,-0.12583796590342286,structural_group,unstratified,8675309
9090,12,-0.0034439534025555232,-0.010705271984621123,structural_group,unstratified,8675309
9091,12,-0.006246033357254349,-0.0059610552501456636,structural_group,unstratified,8675309
9092,12,-0.008461049547044103,-0.07374352222376825,structural_group,unstratified,8675309
9093,12,-0.006246033357254349,-0.018338216592090704,structural_group,unstratified,8675309
9094,12,0.0,-0.0548636038650878,structural_group,unstratified,8675309
9095,12,-0.0006418734478566973,-0.011540057774395226,structural_group,unstratified,8675309
9096,12,-0.008461049547044103,-0.01856767429276126,structural_group,unstratified,8675309
9097,12,-0.0034439534025555232,-0.015540020341719765,structural_group,unstratified,8675309
9098,12,-0.03190181503291841,-0.1859399374733558,structural_group,unstratified,8675309
9099,12,-0.025613472724431083,-0.07288157028756194,structural_group,unstratified,8675309
9100,12,-0.005338032868416928,-0.013029358906134712,structural_group,unstratified,8675309
9101,12,-0.0031230166786271746,-0.06074988962986077,structural_group,unstratified,8675309
9102,12,-0.03190181503291841,-0.12984706341790533,structural_group,unstratified,8675309
9103,12,-0.00032093672392834866,-0.005065310563296155,structural_group,unstratified,8675309
9104,12,-0.0006418734478566973,-0.013387255347922756,structural_group,unstratified,8675309
9105,12,-0.0031230166786271746,-0.013493547701587089,structural_group,unstratified,8675309
9106,12,0.0,-0.0049024663505991785,structural_group,unstratified,8675309
9107,12,-0.00032093672392834866,-0.05637608205643193,structural_group,unstratified,8675309
9108,12,-0.008461049547044103,-0.0632011754964102,structural_group,unstratified,8675309
9109,12,-0.006246033357254349,-0.06550463821246814,structural_group,unstratified,8675309
9110,12,-0.010676065736833856,-0.06564171317970693,structural_group,unstratified,8675309
9111,12,-0.0034439534025555232,-0.009859401104945225,structural_group,unstratified,8675309
9112,12,-0.010676065736833856,-0.06925304755343548,structural_group,unstratified,8675309
9113,12,-0.0006418734478566973,-0.11425051914719513,structural_group,unstratified,8675309
9114,12,-0.0006418734478566973,-0.007379521462606821,structural_group,unstratified,8675309
9115,12,-0.005658969592345277,-0.1254197663904884,structural_group,unstratified,8675309
9116,12,-0.0006418734478566973,-0.013167119607357475,structural_group,unstratified,8675309
9117,12,-0.021288940384876134,-0.12339766056460329,structural_group,unstratified,8675309
9118,12,0.0,-0.05948410201078719,structural_group,unstratified,8675309
9119,12,-0.0034439534025555232,-0.011823790515300874,structural_group,unstratified,8675309
9120,12,-0.021288940384876134,-0.025536706358575356,structural_group,unstratified,8675309
9121,12,-0.00032093672392834866,-0.11205458858088317,structural_group,unstratified,8675309
9122,12,-0.00032093672392834866,-0.05721694038831937,structural_group,unstratified,8675309
9123,12,0.0,-0.01282804630165517,structural_group,unstratified,8675309
9124,12,-0.04055087971202831,-0.03550506085217415,structural_group,unstratified,8675309
9125,12,-0.005658969592345277,-0.07203525072828809,structural_group,unstratified,8675309
9126,12,-0.008461049547044103,-0.02232577182265637,structural_group,unstratified,8675309
9127,12,-0.010676065736833856,-0.12067554965601296,structural_group,unstratified,8675309
9128,12,-0.008461049547044103,-0.07296927737985437,structural_group,unstratified,8675309
9129,12,-0.0006418734478566973,-0.07012611530792635,structural_group,unstratified,8675309
9130,12,-0.00032093672392834866,-0.0631416135003088,structural_group,unstratified,8675309
9131,12,-0.015950907516459206,-0.019682711060971914,structural_group,unstratified,8675309
9132,12,-0.036226347372473364,-0.0828744542305373,structural_group,unstratified,8675309
9133,12,-0.005338032868416928,-0.07063114834589408,structural_group,unstratified,8675309
9134,12,-0.0034439534025555232,-0.1710098154793793,structural_group,unstratified,8675309
9135,12,-0.006246033357254349,-0.07213309468910627,structural_group,unstratified,8675309
9136,12,-0.04055087971202831,-0.13964288550987933,structural_group,unstratified,8675309
9137,12,-0.0031230166786271746,-0.12060915250316018,structural_group,unstratified,8675309
9138,12,-0.010676065736833856,-0.12296248902639172,structural_group,unstratified,8675309
9139,12,-0.00032093672392834866,-0.06646453949199234,structural_group,unstratified,8675309
9140,12,-0.008461049547044103,-0.07379938752848911,structural_group,unstratified,8675309
9141,12,-0.008461049547044103,-0.019088177072532454,structural_group,unstratified,8675309
9142,12,0.0,-0.10801188474282329,structural_group,unstratified,8675309
9143,12,-0.008461049547044103,-0.06719714897690716,structural_group,unstratified,8675309
9144,12,-0.0031230166786271746,-0.014206379438590962,structural_group,unstratified,8675309
9145,12,-0.010676065736833856,-0.07552524236397336,structural_group,unstratified,8675309
9146,12,-0.008461049547044103,-0.11823263612198341,structural_group,unstratified,8675309
9147,12,-0.0006418734478566973,-0.05606040214545501,structural_group,unstratified,8675309
9148,12,-0.00032093672392834866,-0.015413582605112617,structural_group,unstratified,8675309
9149,12,-0.005658969592345277,-0.11736461164366378,structural_group,unstratified,8675309
9150,12,-0.025613472724431083,-0.025182133168154736,structural_group,unstratified,8675309
9151,12,-0.00032093672392834866,-0.010391967924377025,structural_group,unstratified,8675309
9152,12,-0.00032093672392834866,-0.06349319952526966,structural_group,unstratified,8675309
9153,12,-0.0034439534025555232,-0.06241848225965017,structural_group,unstratified,8675309
9154,12,0.0,-0.06274852600069422,structural_group,unstratified,8675309
9155,12,-0.0034439534025555232,-0.11652375331177632,structural_group,unstratified,8675309
9156,12,-0.010676065736833856,-0.02306868081122596,structural_group,unstratified,8675309
9157,12,-0.00032093672392834866,-0.05767788117198915,structural_group,unstratified,8675309
9158,12,-0.00032093672392834866,-0.05923481925266308,structural_group,unstratified,8675309
9159,12,-0.03190181503291841,-0.12794400053965693,structural_group,unstratified,8675309
9160,12,-0.0034439534025555232,-0.015108650877388429,structural_group,unstratified,8675309
9161,12,-0.01907392419508638,-0.07551471051584144,structural_group,unstratified,8675309
9162,12,-0.008461049547044103,-0.07299081966377116,structural_group,unstratified,8675309
9163,12,-0.01907392419508638,-0.020227131975392717,structural_group,unstratified,8675309
9164,12,-0.010676065736833856,-0.06919955809944742,structural_group,unstratified,8675309
9165,12,-0.010676065736833856,-0.01713943744059687,structural_group,unstratified,8675309
9166,12,-0.03190181503291841,-0.0766927910426226,structural_group,unstratified,8675309
9167,12,0.0,-0.06144065434302363,structural_group,unstratified,8675309
9168,12,-0.0031230166786271746,-0.008137319021167771,structural_group,unstratified,8675309
9169,12,-0.0006418734478566973,-0.06377878337698391,structural_group,unstratified,8675309
9170,12,-0.0034439534025555232,-0.06192920995272358,structural_group,unstratified,8675309
9171,12,-0.008461049547044103,-0.16811279631843132,structural_group,unstratified,8675309
9172,12,-0.008461049547044103,-0.07117556926031489,structural_group,unstratified,8675309
9173,12,0.0,-0.06271895468135578,structural_group,unstratified,8675309
9174,12,-0.03190181503291841,-0.175472756368248,structural_group,unstratified,8675309
9175,12,-0.01907392419508638,-0.17546200818499524,structural_group,unstratified,8675309
9176,12,-0.0034439534025555232,-0.06119744412701287,structural_group,unstratified,8675309
9177,12,-0.008461049547044103,-0.022677969162344196,structural_group,unstratified,8675309
9178,12,-0.005658969592345277,-0.12108530077610125,structural_group,unstratified,8675309
9179,12,-0.03190181503291841,-0.0783181937220787,structural_group,unstratified,8675309
9180,12,0.0,-0.11806002267579256,structural_group,unstratified,8675309
9181,12,-0.021288940384876134,-0.020351082908645974,structural_group,unstratified,8675309
9182,12,-0.008461049547044103,-0.11848637818612612,structural_group,unstratified,8675309
9183,12,-0.021288940384876134,-0.1258212262226229,structural_group,unstratified,8675309
9184,12,0.0,0.0015441064421354348,structural_group,unstratified,8675309
9185,12,0.0,-0.11018347287270602,structural_group,unstratified,8675309
9186,12,-0.021288940384876134,-0.01957683806473209,structural_group,unstratified,8675309
9187,12,-0.010676065736833856,-0.06982941563792754,structural_group,unstratified,8675309
9188,12,-0.008461049547044103,-0.0719498141042288,structural_group,unstratified,8675309
9189,12,0.0,-0.05148198803835263,structural_group,unstratified,8675309
9190,12,-0.006246033357254349,-0.014383219846323243,structural_group,unstratified,8675309
9191,12,-0.008461049547044103,-0.1765302852734695,structural_group,unstratified,8675309
9192,12,0.0,-0.007266470012517352,structural_group,unstratified,8675309
9193,12,0.0,-0.05528388683330802,structural_group,unstratified,8675309
9194,12,-0.020275439856014155,-0.1265587212933487,structural_group,unstratified,8675309
9195,12,-0.021288940384876134,-0.17770836580025073,structural_group,unstratified,8675309
9196,12,-0.00032093672392834866,-0.008990165332389582,structural_group,unstratified,8675309
9197,12,-0.036226347372473364,-0.07981319395591838,structural_group,unstratified,8675309
9198,12,-0.0006418734478566973,-0.06581424558133171,structural_group,unstratified,8675309
9199,12,0.0,-0.05893226337567168,structural_group,unstratified,8675309
9200,12,-0.03190181503291841,-0.12907044272325865,structural_group,unstratified,8675309
9201,12,0.0,-0.001527902015736179,structural_group,unstratified,8675309
9202,12,-0.021288940384876134,-0.07403430645654606,structural_group,unstratified,8675309
9203,12,0.0,-0.0065985468444412524,structural_group,unstratified,8675309
9204,12,-0.00032093672392834866,-0.16456463958761866,structural_group,unstratified,8675309
9205,12,0.0,-0.007343220369016685,structural_group,unstratified,8675309
9206,12,-0.008461049547044103,-0.1227959481223142,structural_group,unstratified,8675309
9207,12,-0.0031230166786271746,-0.06323945746112698,structural_group,unstratified,8675309
9208,12,0.0,-0.002656108735343731,structural_group,unstratified,8675309
9209,12,0.0,-0.011010420047466093,structural_group,unstratified,8675309
9210,12,-0.021288940384876134,-0.07077516942250534,structural_group,unstratified,8675309
9211,12,-0.008461049547044103,-0.017896710259233613,structural_group,unstratified,8675309
9212,12,-0.0031230166786271746,-0.06612309033555723,structural_group,unstratified,8675309
9213,12,-0.021288940384876134,-0.12178723302994132,structural_group,unstratified,8675309
9214,12,-0.00032093672392834866,-0.058042374895814756,structural_group,unstratified,8675309
9215,12,-0.0031230166786271746,-0.06313693785916943,structural_group,unstratified,8675309
9216,12,-0.006246033357254349,-0.12112965528293135,structural_group,unstratified,8675309
9217,12,-0.0031230166786271746,-0.06126344630025949,structural_group,unstratified,8675309
9218,12,-0.021288940384876134,-0.12164046987377475,structural_group,unstratified,8675309
9219,12,0.0,-0.059762373524306446,structural_group,unstratified,8675309
9220,12,-0.021288940384876134,-0.02127964833282585,structural_group,unstratified,8675309
9221,12,-0.0006418734478566973,-0.06497806289058362,structural_group,unstratified,8675309
9222,12,-0.005338032868416928,-0.1214749065132467,structural_group,unstratified,8675309
9223,12,0.0,-0.06273777781744151,structural_group,unstratified,8675309
9224,12,-0.008461049547044103,-0.17029275678083397,structural_group,unstratified,8675309
9225,12,-0.01907392419508638,-0.12878203434121363,structural_group,unstratified,8675309
9226,12,-0.021288940384876134,-0.12233968297978377,structural_group,unstratified,8675309
9227,12,-0.008461049547044103,-0.12329253276743578,structural_group,unstratified,8675309
9228,12,-0.00032093672392834866,-0.011693767039934267,structural_group,unstratified,8675309
9229,12,-0.03190181503291841,-0.07712981369164278,structural_group,unstratified,8675309
9230,12,-0.008461049547044103,-0.0713098196972229,structural_group,unstratified,8675309
9231,12,-0.00032093672392834866,-0.0692983810100244,structural_group,unstratified,8675309
9232,12,0.0,-0.010368049789727414,structural_group,unstratified,8675309
9233,12,-0.01907392419508638,-0.07274412909150066,structural_group,unstratified,8675309
9234,12,-0.008461049547044103,-0.27644801162328486,structural_group,unstratified,8675309
9235,12,-0.00032093672392834866,-0.018374839403301316,structural_group,unstratified,8675309
9236,12,-0.00032093672392834866,-0.11930128084548954,structural_group,unstratified,8675309
9237,12,-0.036226347372473364,-0.07677761635195494,structural_group,unstratified,8675309
9238,12,-0.00032093672392834866,-0.05498111462119585,structural_group,unstratified,8675309
9239,12,-0.00032093672392834866,-0.06479824665260948,structural_group,unstratified,8675309
9240,12,0.0,-0.010707647835353926,structural_group,unstratified,8675309
9241,12,-0.0006418734478566973,-0.12256570483539658,structural_group,unstratified,8675309
9242,12,-0.05477133693621747,-0.2355971667210811,structural_group,unstratified,8675309
9243,12,-0.02339845653464133,-0.07436197434685732,structural_group,unstratified,8675309
9244,12,-0.005658969592345277,-0.11288206062625294,structural_group,unstratified,8675309
9245,12,-0.00032093672392834866,-0.01111739895544221,structural_group,unstratified,8675309
9246,12,-0.00032093672392834866,-0.06290201893111248,structural_group,unstratified,8675309
9247,12,-0.0006418734478566973,-0.05808295665093808,structural_group,unstratified,8675309
9248,12,-0.021288940384876134,-0.07097304618192717,structural_group,unstratified,8675309
9249,12,-0.00032093672392834866,-0.0073260320086187625,structural_group,unstratified,8675309
9250,12,0.0,-0.060926224105365794,structural_group,unstratified,8675309
9251,12,-0.021288940384876134,-0.021172669424849733,structural_group,unstratified,8675309
9252,12,-0.0006418734478566973,-0.06586773503531977,structural_group,unstratified,8675309
9253,12,-0.0034439534025555232,-0.06424579670276705,structural_group,unstratified,8675309
9254,12,-0.006246033357254349,-0.00870893540419422,structural_group,unstratified,8675309
9255,12,-0.010676065736833856,-0.07239974445211368,structural_group,unstratified,8675309
9256,12,-0.0006418734478566973,-0.07030472025166447,structural_group,unstratified,8675309
9257,12,-0.016271844240387554,-0.016869539665806857,structural_group,unstratified,8675309
9258,12,-0.0006418734478566973,-0.009863016751759672,structural_group,unstratified,8675309
9259,12,-0.03190181503291841,-0.12545910834953009,structural_group,unstratified,8675309
9260,12,-0.00032093672392834866,-0.013741217223616422,structural_group,unstratified,8675309
9261,12,-0.00032093672392834866,-0.0078146930008184,structural_group,unstratified,8675309
9262,12,0.0,-0.05445615253540609,structural_group,unstratified,8675309
9263,12,-0.0006418734478566973,-0.06958396486173866,structural_group,unstratified,8675309
9264,12,-0.006246033357254349,-0.01637620303246786,structural_group,unstratified,8675309
9265,12,-0.021288940384876134,-0.021479900942980478,structural_group,unstratified,8675309
9266,12,0.0,-0.0055084057544296855,structural_group,unstratified,8675309
9267,12,-0.036226347372473364,-0.1277902912741179,structural_group,unstratified,8675309
9268,12,-0.008461049547044103,-0.11973001220655594,structural_group,unstratified,8675309
9269,12,-0.005658969592345277,-0.026598910904936292,structural_group,unstratified,8675309
9270,12,-0.00032093672392834866,-0.11800415737107169,structural_group,unstratified,8675309
9271,12,-0.04055087971202831,-0.08672538317346214,structural_group,unstratified,8675309
9272,12,-0.005658969592345277,-0.07286298502619003,structural_group,unstratified,8675309
9273,12,0.0,-0.059186005439814386,structural_group,unstratified,8675309
9274,12,-0.010676065736833856,-0.22420928602069623,structural_group,unstratified,8675309
9275,12,0.0,-0.05799356108296605,structural_group,unstratified,8675309
9276,12,-0.008461049547044103,-0.0670948457100704,structural_group,unstratified,8675309
9277,12,-0.005658969592345277,-0.11807055452392447,structural_group,unstratified,8675309
9278,12,-0.006246033357254349,-0.07270946277359833,structural_group,unstratified,8675309
9279,12,-0.01907392419508638,-0.023427318328058985,structural_group,unstratified,8675309
9280,12,-0.00032093672392834866,-0.060307771982276714,structural_group,unstratified,8675309
9281,12,-0.006246033357254349,-0.12479685496138077,structural_group,unstratified,8675309
9282,12,0.0,-0.060248209986175305,structural_group,unstratified,8675309
9283,12,-0.00032093672392834866,-0.008493580687267995,structural_group,unstratified,8675309
9284,12,-0.01907392419508638,-0.025717611092720045,structural_group,unstratified,8675309
9285,12,-0.006246033357254349,-0.11664375087123828,structural_group,unstratified,8675309
9286,12,-0.04055087971202831,-0.18383329152239472,structural_group,unstratified,8675309
9287,12,-0.006246033357254349,-0.01767095065615294,structural_group,unstratified,8675309
9288,12,-0.025613472724431083,-0.0791582244041184,structural_group,unstratified,8675309
9289,12,-0.0034439534025555232,-0.010473177586894934,structural_group,unstratified,8675309
9290,12,0.0,-0.0006382298710000244,structural_group,unstratified,8675309
9291,12,-0.010676065736833856,-0.06720559736975332,structural_group,unstratified,8675309
9292,12,-0.005658969592345277,-0.16831304892858592,structural_group,unstratified,8675309
9293,12,-0.005658969592345277,-0.008968855392949953,structural_group,unstratified,8675309
9294,12,-0.0006418734478566973,-0.06496391539563723,structural_group,unstratified,8675309
9295,12,-0.021288940384876134,-0.12283626762490536,structural_group,unstratified,8675309
9296,12,-0.021288940384876134,-0.07671768672082169,structural_group,unstratified,8675309
9297,12,0.0,-0.06451266280089524,structural_group,unstratified,8675309
9298,12,-0.008461049547044103,-0.06704135625608235,structural_group,unstratified,8675309
9299,12,-0.0006418734478566973,-0.05803860214410796,structural_group,unstratified,8675309
9300,12,-0.00032093672392834866,-0.06860252129829768,structural_group,unstratified,8675309
9301,12,-0.010676065736833856,-0.01572960581318778,structural_group,unstratified,8675309
9302,12,-0.01907392419508638,-0.12332112654322473,structural_group,unstratified,8675309
9303,12,-0.04055087971202831,-0.18507454969209178,structural_group,unstratified,8675309
9304,12,-0.04055087971202831,-0.1410530604343867,structural_group,unstratified,8675309
9305,12,-0.021288940384876134,-0.1286522432103242,structural_group,unstratified,8675309
9306,12,-0.010676065736833856,-0.17334160971869403,structural_group,unstratified,8675309
9307,12,-0.0006418734478566973,-0.10988300045100043,structural_group,unstratified,8675309
9308,12,-0.006246033357254349,-0.06964352685784006,structural_group,unstratified,8675309
9309,12,-0.021288940384876134,-0.17707481157039004,structural_group,unstratified,8675309
9310,12,-0.005658969592345277,-0.1693611059800005,structural_group,unstratified,8675309
9311,12,-0.0031230166786271746,-0.06384072122381812,structural_group,unstratified,8675309
9312,12,-0.006246033357254349,-0.06537038777556016,structural_group,unstratified,8675309
9313,12,-0.010676065736833856,-0.07292024723188488,structural_group,unstratified,8675309
9314,12,-0.005658969592345277,-0.020442143395220675,structural_group,unstratified,8675309
9315,12,-0.008461049547044103,-0.067170931051851,structural_group,unstratified,8675309
9316,12,0.0,-0.01055415490493567,structural_group,unstratified,8675309
9317,12,-0.0006418734478566973,-0.1144951262641799,structural_group,unstratified,8675309
9318,12,-0.0031230166786271746,-0.060405615943094904,structural_group,unstratified,8675309
9319,12,0.0,-0.05414047262442918,structural_group,unstratified,8675309
9320,12,-0.036226347372473364,-0.07977517424373379,structural_group,unstratified,8675309
9321,12,0.0,-0.11320037864049481,structural_group,unstratified,8675309
9322,12,-0.01907392419508638,-0.015316298276513486,structural_group,unstratified,8675309
9323,12,-0.006246033357254349,-0.12098289212676479,structural_group,unstratified,8675309
9324,12,-0.008461049547044103,-0.17606327194768642,structural_group,unstratified,8675309
9325,12,-0.015950907516459206,-0.0689569318535893,structural_group,unstratified,8675309
9326,12,-0.016271844240387554,-0.07138049751160888,structural_group,unstratified,8675309
9327,12,-0.008461049547044103,-0.12077806925797048,structural_group,unstratified,8675309
9328,12,0.0,-0.11675822356023531,structural_group,unstratified,8675309
9329,12,-0.008461049547044103,-0.11597191467666083,structural_group,unstratified,8675309
9330,12,-0.010676065736833856,-0.07027251082906105,structural_group,unstratified,8675309
9331,12,-0.0034439534025555232,-0.011049545671386994,structural_group,unstratified,8675309
9332,12,-0.06899179416040663,-0.2924144118132718,structural_group,unstratified,8675309
9333,12,-0.010676065736833856,-0.0654438364202851,structural_group,unstratified,8675309
9334,12,-0.005338032868416928,-0.017442209652709036,structural_group,unstratified,8675309
9335,12,-0.00032093672392834866,-0.005796814136474693,structural_group,unstratified,8675309
9336,12,-0.0006418734478566973,-0.11273098946397887,structural_group,unstratified,8675309
9337,12,-0.036226347372473364,-0.23631200667378593,structural_group,unstratified,8675309
9338,12,-0.006246033357254349,-0.016926277131577506,structural_group,unstratified,8675309
9339,12,-0.010676065736833856,-0.012084216436283867,structural_group,unstratified,8675309
9340,12,-0.010676065736833856,-0.17049984454773995,structural_group,unstratified,8675309
9341,12,-0.008461049547044103,-0.07136330915121096,structural_group,unstratified,8675309
9342,12,-0.01907392419508638,-0.022221092705086817,structural_group,unstratified,8675309
9343,12,-0.021288940384876134,-0.06943915266864373,structural_group,unstratified,8675309
9344,12,-0.0034439534025555232,-0.061208454562797755,structural_group,unstratified,8675309
9345,12,-0.010676065736833856,-0.12429155967088086,structural_group,unstratified,8675309
9346,12,-0.006246033357254349,-0.0108031159454393,structural_group,unstratified,8675309
9347,12,-0.006246033357254349,-0.0659228377254026,structural_group,unstratified,8675309
9348,12,-0.00032093672392834866,-0.06137280105896842,structural_group,unstratified,8675309
9349,12,-0.00032093672392834866,-0.06848709399747539,structural_group,unstratified,8675309
9350,12,-0.00032093672392834866,-0.12251221538140854,structural_group,unstratified,8675309
9351,12,-0.00032093672392834866,-0.014692827215186792,structural_group,unstratified,8675309
9352,12,-0.0034439534025555232,-0.06675294787403735,structural_group,unstratified,8675309
9353,12,-0.00032093672392834866,-0.06074381708774742,structural_group,unstratified,8675309
9354,12,0.0,-0.0008384824811546535,structural_group,unstratified,8675309
9355,12,-0.008461049547044103,-0.068114308985696,structural_group,unstratified,8675309
9356,12,0.0,-0.061963532973527635,structural_group,unstratified,8675309
9357,12,0.0,-0.06048312891423226,structural_group,unstratified,8675309
9358,12,-0.005658969592345277,-0.06452787029016653,structural_group,unstratified,8675309
9359,12,-0.008461049547044103,-0.06584891189923404,structural_group,unstratified,8675309
9360,12,-0.00032093672392834866,-0.012322751011155264,structural_group,unstratified,8675309
9361,12,-0.021288940384876134,-0.13050181663458452,structural_group,unstratified,8675309
9362,12,-0.036226347372473364,-0.036771297150845685,structural_group,unstratified,8675309
9363,12,-0.0034439534025555232,-0.12219185982929227,structural_group,unstratified,8675309
9364,12,-0.01907392419508638,-0.12230166326759917,structural_group,unstratified,8675309
9365,12,-0.00032093672392834866,-0.07262130700170795,structural_group,unstratified,8675309
9366,12,0.0,-0.0034969670672311878,structural_group,unstratified,8675309
9367,12,-0.00032093672392834866,-0.06906346208196745,structural_group,unstratified,8675309
9368,12,-0.00032093672392834866,-0.006489849317870666,structural_group,unstratified,8675309
9369,12,-0.0031230166786271746,-0.12013746353623767,structural_group,unstratified,8675309
9370,12,-0.0006418734478566973,-0.012497583203186599,structural_group,unstratified,8675309
9371,12,0.0,-0.0012182946468726307,structural_group,unstratified,8675309
9372,12,-0.010676065736833856,-0.12379259917502648,structural_group,unstratified,8675309
9373,12,-0.008461049547044103,-0.07426640085427225,structural_group,unstratified,8675309
9374,12,-0.021288940384876134,-0.023796487693023945,structural_group,unstratified,8675309
9375,12,-0.0034439534025555232,-0.06246967192323167,structural_group,unstratified,8675309
9376,12,-0.04055087971202831,-0.17639376436832843,structural_group,unstratified,8675309
9377,12,-0.01907392419508638,-0.12533900540756845,structural_group,unstratified,8675309
9378,12,-0.021288940384876134,-0.023687132934315028,structural_group,unstratified,8675309
9379,12,-0.010676065736833856,-0.01836047557323416,structural_group,unstratified,8675309
9380,12,-0.008461049547044103,-0.013185151626959527,structural_group,unstratified,8675309
9381,12,-0.021288940384876134,-0.07321333125506926,structural_group,unstratified,8675309
9382,12,-0.005658969592345277,-0.12056012235519066,structural_group,unstratified,8675309
9383,12,0.0,-0.062396328661006396,structural_group,unstratified,8675309
9384,12,-0.021288940384876134,-0.07464024586037656,structural_group,unstratified,8675309
9385,12,-0.008461049547044103,-0.01580429425399438,structural_group,unstratified,8675309
9386,12,-0.00032093672392834866,-0.11528249514207929,structural_group,unstratified,8675309
9387,12,-0.006246033357254349,-0.1698149952717981,structural_group,unstratified,8675309
9388,12,-0.0006418734478566973,-0.11380394219359251,structural_group,unstratified,8675309
9389,12,-0.025613472724431083,-0.17542549075628436,structural_group,unstratified,8675309
9390,12,-0.010676065736833856,-0.1738621124984652,structural_group,unstratified,8675309
9391,12,-0.03190181503291841,-0.12469945968016054,structural_group,unstratified,8675309
9392,12,-0.006246033357254349,-0.16944582590683313,structural_group,unstratified,8675309
9393,12,-0.00032093672392834866,-0.014323657850221834,structural_group,unstratified,8675309
9394,12,-0.010676065736833856,-0.0654687320984842,structural_group,unstratified,8675309
9395,12,-0.005658969592345277,-0.12350886643412083,structural_group,unstratified,8675309
9396,12,-0.00032093672392834866,-0.12014213917737704,structural_group,unstratified,8675309
9397,12,-0.03190181503291841,-0.07770618177613484,structural_group,unstratified,8675309
9398,12,-0.0006418734478566973,-0.11377904651539343,structural_group,unstratified,8675309
9399,12,-0.00032093672392834866,-0.06586327572930119,structural_group,unstratified,8675309
9400,12,-0.0034439534025555232,-0.061893303838739616,structural_group,unstratified,8675309
9401,12,-0.0006418734478566973,-0.014865808296409528,structural_group,unstratified,8675309
9402,12,0.0,-0.11018347287270602,structural_group,unstratified,8675309
9403,12,-0.00032093672392834866,-0.008862750052232955,structural_group,unstratified,8675309
9404,12,-0.008461049547044103,-0.0668683751748596,structural_group,unstratified,8675309
9405,12,-0.008461049547044103,-0.013654540803475466,structural_group,unstratified,8675309
9406,12,-0.04055087971202831,-0.08573081557603567,structural_group,unstratified,8675309
9407,12,-0.0006418734478566973,-0.056434247151559334,structural_group,unstratified,8675309
9408,12,-0.0031230166786271746,-0.01620728627765753,structural_group,unstratified,8675309
9409,12,-0.008461049547044103,-0.12210008841058746,structural_group,unstratified,8675309
9410,12,-0.0031230166786271746,-0.11647026385778825,structural_group,unstratified,8675309
9411,12,-0.0034439534025555232,-0.00922954356646511,structural_group,unstratified,8675309
9412,12,-0.008461049547044103,-0.014179719224386024,structural_group,unstratified,8675309
9413,12,-0.021288940384876134,-0.07634851735585672,structural_group,unstratified,8675309
9414,12,-0.00032093672392834866,-0.0028226496394212577,structural_group,unstratified,8675309
9415,12,-0.04055087971202831,-0.13793831070577975,structural_group,unstratified,8675309
9416,12,-0.0034439534025555232,-0.013575630931364114,structural_group,unstratified,8675309
9417,12,-0.006246033357254349,-0.019520524080413267,structural_group,unstratified,8675309
9418,12,-0.036226347372473364,-0.07706602473399995,structural_group,unstratified,8675309
9419,12,0.0,-0.06426982021991635,structural_group,unstratified,8675309
9420,12,-0.006246033357254349,-0.07296082898700822,structural_group,unstratified,8675309
9421,12,0.0,-0.009762110385896909,structural_group,unstratified,8675309
9422,12,-0.00032093672392834866,-0.013146026003038628,structural_group,unstratified,8675309
9423,12,-0.0006418734478566973,-0.01056494900559976,structural_group,unstratified,8675309
9424,12,-0.0006418734478566973,-0.006097867729992392,structural_group,unstratified,8675309
9425,12,-0.010676065736833856,-0.12162884812326293,structural_group,unstratified,8675309
9426,12,-0.03190181503291841,-0.07851509293795103,structural_group,unstratified,8675309
9427,12,-0.016271844240387554,-0.1246478213369811,structural_group,unstratified,8675309
9428,12,-0.006246033357254349,-0.07207960523511821,structural_group,unstratified,8675309
9429,12,-0.008461049547044103,-0.019286053831954277,structural_group,unstratified,8675309
9430,12,-0.00032093672392834866,-0.0659975261662092,structural_group,unstratified,8675309
9431,12,-0.0034439534025555232,-0.0668064373280254,structural_group,unstratified,8675309
9432,12,0.0,-0.007364313973335531,structural_group,unstratified,8675309
9433,12,-0.00032093672392834866,-0.009815599839884967,structural_group,unstratified,8675309
9434,12,-0.0034439534025555232,-0.017231208859301694,structural_group,unstratified,8675309
9435,12,-0.010676065736833856,-0.017730618034754043,structural_group,unstratified,8675309
9436,12,-0.0006418734478566973,-0.1176013816825293,structural_group,unstratified,8675309
9437,12,-0.0034439534025555232,-0.1219597654315661,structural_group,unstratified,8675309
9438,12,-0.010676065736833856,-0.02150012098004021,structural_group,unstratified,8675309
9439,12,-0.0034439534025555232,-0.06391118270308331,structural_group,unstratified,8675309
9440,12,-0.008461049547044103,-0.11872824322355552,structural_group,unstratified,8675309
9441,12,-0.005338032868416928,-0.11803187757960154,structural_group,unstratified,8675309
9442,12,-0.008461049547044103,-0.07045481387038907,structural_group,unstratified,8675309
9443,12,-0.00032093672392834866,-0.00817156598164558,structural_group,unstratified,8675309
9444,12,-0.03190181503291841,-0.18309556410719183,structural_group,unstratified,8675309
9445,12,-0.036226347372473364,-0.13518892826825746,structural_group,unstratified,8675309
9446,12,-0.0031230166786271746,-0.221079328802818,structural_group,unstratified,8675309
9447,12,0.0,-0.06617895564027809,structural_group,unstratified,8675309
9448,12,-0.006246033357254349,-0.06692125331412073,structural_group,unstratified,8675309
9449,12,-0.0034439534025555232,-0.06548441817540844,structural_group,unstratified,8675309
9450,12,-0.00032093672392834866,-0.006511496984287165,structural_group,unstratified,8675309
9451,12,-0.036226347372473364,-0.23445190140139363,structural_group,unstratified,8675309
9452,12,-0.006246033357254349,-0.07268086899780934,structural_group,unstratified,8675309
9453,12,-0.00032093672392834866,-0.06209355644889425,structural_group,unstratified,8675309
9454,12,-0.0006418734478566973,-0.06940535991800052,structural_group,unstratified,8675309
9455,12,-0.025613472724431083,-0.18016564316434738,structural_group,unstratified,8675309
9456,12,-0.0006418734478566973,-0.007281677501788642,structural_group,unstratified,8675309
9457,12,-0.036226347372473364,-0.1845929401917643,structural_group,unstratified,8675309
9458,12,-0.036226347372473364,-0.07831758240735173,structural_group,unstratified,8675309
9459,12,0.0,-0.017128905592464938,structural_group,unstratified,8675309
9460,12,0.0,-0.019618473423731145,structural_group,unstratified,8675309
9461,12,-0.005658969592345277,-0.06433384152203635,structural_group,unstratified,8675309
9462,12,-0.0031230166786271746,-0.11245940180729995,structural_group,unstratified,8675309
9463,12,-0.008461049547044103,-0.06951841136808999,structural_group,unstratified,8675309
9464,12,-0.00032093672392834866,-0.016725518589195618,structural_group,unstratified,8675309
9465,12,-0.010676065736833856,-0.12440637565697617,structural_group,unstratified,8675309
9466,12,0.0,-0.06058097287505045,structural_group,unstratified,8675309
9467,12,-0.01907392419508638,-0.22688213443683994,structural_group,unstratified,8675309
9468,12,-0.010676065736833856,-0.11863039926273737,structural_group,unstratified,8675309
9469,12,-0.036226347372473364,-0.23187417779823707,structural_group,unstratified,8675309
9470,12,-0.0031230166786271746,-0.11953619977354651,structural_group,unstratified,8675309
9471,12,-0.015950907516459206,-0.1271350893778407,structural_group,unstratified,8675309
9472,12,-0.008461049547044103,-0.07189632465024072,structural_group,unstratified,8675309
9473,12,-0.025613472724431083,-0.18021913261833544,structural_group,unstratified,8675309
9474,12,-0.03190181503291841,-0.18126718966975,structural_group,unstratified,8675309
9475,12,-0.06899179416040663,-0.2962031113346569,structural_group,unstratified,8675309
9476,12,-0.008461049547044103,-0.011964113494322234,structural_group,unstratified,8675309
9477,12,0.0,-0.05496590713192456,structural_group,unstratified,8675309
9478,12,-0.025613472724431083,-0.12891205781658024,structural_group,unstratified,8675309
9479,12,-0.0034439534025555232,-0.1692944924920269,structural_group,unstratified,8675309
9480,12,-0.0031230166786271746,-0.009594253625411492,structural_group,unstratified,8675309
9481,12,-0.0034439534025555232,-0.07161259190933507,structural_group,unstratified,8675309
9482,12,-0.016271844240387554,-0.021663181527857966,structural_group,unstratified,8675309
9483,12,-0.00032093672392834866,-0.0022638648949332937,structural_group,unstratified,8675309
9484,12,-0.01907392419508638,-0.07493834243134938,structural_group,unstratified,8675309
9485,12,0.0,-0.06279971566427572,structural_group,unstratified,8675309
9486,12,-0.00032093672392834866,-0.05900457596574549,structural_group,unstratified,8675309
9487,12,-0.0006418734478566973,-0.06489730190766366,structural_group,unstratified,8675309
9488,12,0.0,-0.05595809887861825,structural_group,unstratified,8675309
9489,12,-0.005658969592345277,-0.016410233657824885,structural_group,unstratified,8675309
9490,12,-0.015950907516459206,-0.17359089247681814,structural_group,unstratified,8675309
9491,12,-0.021288940384876134,-0.01694755856917148,structural_group,unstratified,8675309
9492,12,-0.0034439534025555232,-0.11765019549537802,structural_group,unstratified,8675309
9493,12,-0.00032093672392834866,-0.11444631245133119,structural_group,unstratified,8675309
9494,12,-0.010676065736833856,-0.06757944237585763,structural_group,unstratified,8675309
9495,12,-0.021288940384876134,-0.12487806462389867,structural_group,unstratified,8675309
9496,12,-0.00032093672392834866,-0.003191819004386217,structural_group,unstratified,8675309
9497,12,-0.0034439534025555232,-0.12126390571983935,structural_group,unstratified,8675309
9498,12,-0.008461049547044103,-0.07241682743001193,structural_group,unstratified,8675309
9499,12,-0.008461049547044103,-0.12331645090208539,structural_group,unstratified,8675309
9500,12,0.0,-0.05928384940063256,structural_group,unstratified,8675309
9501,12,-0.0034439534025555232,-0.012017819283431076,structural_group,unstratified,8675309
9502,12,-0.01907392419508638,-0.17314542143495174,structural_group,unstratified,8675309
9503,12,-0.00032093672392834866,-0.06123572609172964,structural_group,unstratified,8675309
9504,12,0.0,-0.060314212159421926,structural_group,unstratified,8675309
9505,12,-0.005658969592345277,-0.0666504282720798,structural_group,unstratified,8675309
9506,12,-0.02339845653464133,-0.12481612677706445,structural_group,unstratified,8675309
9507,12,-0.005658969592345277,-0.0720352507282881,structural_group,unstratified,8675309
9508,12,-0.0006418734478566973,-0.06377878337698391,structural_group,unstratified,8675309
9509,12,-0.006246033357254349,-0.07100665250550457,structural_group,unstratified,8675309
9510,12,-0.03190181503291841,-0.018866830858058976,structural_group,unstratified,8675309
9511,12,-0.0006418734478566973,-0.06388813813569283,structural_group,unstratified,8675309
9512,12,-0.005658969592345277,-0.11570047831989294,structural_group,unstratified,8675309
9513,12,0.0,-0.00955958730750917,structural_group,unstratified,8675309
9514,12,-0.03190181503291841,-0.07412246222843644,structural_group,unstratified,8675309
9515,12,-0.0031230166786271746,-0.017856607091763232,structural_group,unstratified,8675309
9516,12,-0.006246033357254349,-0.009994653463221056,structural_group,unstratified,8675309
9517,12,-0.0031230166786271746,-0.062336399029873146,structural_group,unstratified,8675309
9518,12,0.0,-0.006897300647552393,structural_group,unstratified,8675309
9519,12,-0.008461049547044103,-0.06656966728915985,structural_group,unstratified,8675309
9520,12,-0.021288940384876134,-0.022667669658689438,structural_group,unstratified,8675309
9521,12,-0.021288940384876134,-0.07582801457608553,structural_group,unstratified,8675309
9522,12,0.0,-0.012859993471726424,structural_group,unstratified,8675309
9523,12,-0.0034439534025555232,-0.05996252075196137,structural_group,unstratified,8675309
9524,12,-0.00032093672392834866,-0.009116492116375642,structural_group,unstratified,8675309
9525,12,-0.00032093672392834866,-0.11445706063458393,structural_group,unstratified,8675309
9526,12,-0.006246033357254349,-0.021997579192420916,structural_group,unstratified,8675309
9527,12,-0.03190181503291841,-0.12179190867108068,structural_group,unstratified,8675309
9528,12,-0.0006418734478566973,-0.0188845939998198,structural_group,unstratified,8675309
9529,12,-0.005658969592345277,-0.020417247717021587,structural_group,unstratified,8675309
9530,12,0.0,-0.00762880422073093,structural_group,unstratified,8675309
9531,12,-0.034495897080203314,-0.17775467680038914,structural_group,unstratified,8675309
9532,12,0.0,-0.008693833297422624,structural_group,unstratified,8675309
9533,12,-0.0034439534025555232,-0.010473177586894934,structural_group,unstratified,8675309
9534,12,-0.0034439534025555232,-0.06459007038953292,structural_group,unstratified,8675309
9535,12,-0.006246033357254349,-0.16779711640745443,structural_group,unstratified,8675309
9536,12,-0.0031230166786271746,-0.01302185873466459,structural_group,unstratified,8675309
9537,12,-0.010676065736833856,-0.014343960338056993,structural_group,unstratified,8675309
9538,12,-0.016271844240387554,-0.07267762098602676,structural_group,unstratified,8675309
9539,12,-0.01907392419508638,-0.02646466046802828,structural_group,unstratified,8675309
9540,12,0.0,-0.010308487793626005,structural_group,unstratified,8675309
9541,12,-0.03190181503291841,-0.12779723738349036,structural_group,unstratified,8675309
9542,12,-0.0031230166786271746,-0.018145993017357722,structural_group,unstratified,8675309
9543,12,-0.0006418734478566973,-0.06544507621636675,structural_group,unstratified,8675309
9544,12,-0.0006418734478566973,-0.06460889352561865,structural_group,unstratified,8675309
9545,12,-0.00032093672392834866,-0.004233803513687419,structural_group,unstratified,8675309
9546,12,-0.0034439534025555232,-0.016915528948324793,structural_group,unstratified,8675309
9547,12,-0.0034439534025555232,-0.06215399201225477,structural_group,unstratified,8675309
9548,12,-0.008461049547044103,-0.1239223903059159,structural_group,unstratified,8675309
9549,12,-0.0006418734478566973,-0.010477853228034295,structural_group,unstratified,8675309
9550,12,0.0,-0.05753262029929627,structural_group,unstratified,8675309
9551,12,0.0,-0.007944484131707832,structural_group,unstratified,8675309
9552,12,-0.0034439534025555232,-0.023913154789927865,structural_group,unstratified,8675309
9553,12,-0.00032093672392834866,-0.06623244509426614,structural_group,unstratified,8675309
9554,12,-0.0006418734478566973,-0.06218356333159322,structural_group,unstratified,8675309
9555,12,-0.0031230166786271746,-0.01513494486277084,structural_group,unstratified,8675309
9556,12,-0.006246033357254349,-0.07207960523511821,structural_group,unstratified,8675309
9557,12,-0.021288940384876134,-0.07773107745433393,structural_group,unstratified,8675309
9558,12,-0.025613472724431083,-0.12885856836259216,structural_group,unstratified,8675309
9559,12,-0.00032093672392834866,-0.05840938474516769,structural_group,unstratified,8675309
9560,12,-0.0031230166786271746,-0.12168210523277379,structural_group,unstratified,8675309
9561,12,-0.036226347372473364,-0.07887003235719418,structural_group,unstratified,8675309
9562,12,-0.03190181503291841,-0.07948552606560715,structural_group,unstratified,8675309
9563,12,-0.025613472724431083,-0.17649844348589802,structural_group,unstratified,8675309
9564,12,-0.00032093672392834866,-0.004028001695134314,structural_group,unstratified,8675309
9565,12,-0.0034439534025555232,-0.1095091554448961,structural_group,unstratified,8675309
9566,12,-0.010676065736833856,-0.1242596125008096,structural_group,unstratified,8675309
9567,12,-0.005658969592345277,-0.1738025505023638,structural_group,unstratified,8675309
9568,12,-0.00032093672392834866,-0.00758444971390081,structural_group,unstratified,8675309
9569,12,-0.036226347372473364,-0.08240744090475416,structural_group,unstratified,8675309
9570,12,-0.008461049547044103,-0.06686837517485962,structural_group,unstratified,8675309
9571,12,0.0,-0.06326065644794551,structural_group,unstratified,8675309
9572,12,-0.0006418734478566973,-0.2201941159641004,structural_group,unstratified,8675309
9573,12,-0.006246033357254349,-0.023630818949996208,structural_group,unstratified,8675309
9574,12,-0.0031230166786271746,-0.009122564658488994,structural_group,unstratified,8675309
9575,12,-0.021288940384876134,-0.025522342528508195,structural_group,unstratified,8675309
9576,12,0.0,-0.058908345241022085,structural_group,unstratified,8675309
9577,12,-0.00032093672392834866,-0.00958350544215878,structural_group,unstratified,8675309
9578,12,0.0,-0.0035992703340679438,structural_group,unstratified,8675309
9579,12,-0.008461049547044103,-0.11773367562612903,structural_group,unstratified,8675309
9580,12,-0.036226347372473364,-0.1343527455775094,structural_group,unstratified,8675309
9581,12,-0.02339845653464133,-0.1313204159853285,structural_group,unstratified,8675309
9582,12,-0.025613472724431083,-0.18126013817787787,structural_group,unstratified,8675309
9583,12,0.0,-0.0014253824137786403,structural_group,unstratified,8675309
9584,12,0.0,-0.1083099813137961,structural_group,unstratified,8675309
9585,12,-0.0031230166786271746,-0.013510519726864227,structural_group,unstratified,8675309
9586,12,-0.0034439534025555232,-0.16685395480873022,structural_group,unstratified,8675309
9587,12,0.0,-0.11545502754370407,structural_group,unstratified,8675309
9588,12,-0.006246033357254349,-0.017675626297292298,structural_group,unstratified,8675309
9589,12,0.0,-0.06308812404632073,structural_group,unstratified,8675309
9590,12,-0.0006418734478566973,-0.06357626029859616,structural_group,unstratified,8675309
9591,12,-0.0031230166786271746,-0.12347581335231327,structural_group,unstratified,8675309
9592,12,0.0,-0.005483510076230595,structural_group,unstratified,8675309
9593,12,-0.0034439534025555232,-0.06601906845012602,structural_group,unstratified,8675309
9594,12,0.0,-0.055491085552835114,structural_group,unstratified,8675309
9595,12,-0.006246033357254349,-0.06116549695694162,structural_group,unstratified,8675309
9596,12,-0.01907392419508638,-0.023923902973180578,structural_group,unstratified,8675309
9597,12,-0.010676065736833856,-0.06346771987691793,structural_group,unstratified,8675309
9598,12,-0.008461049547044103,-0.02645760897615612,structural_group,unstratified,8675309
9599,12,-0.010676065736833856,-0.06917466242124833,structural_group,unstratified,8675309
9600,12,-0.00032093672392834866,-0.017758763130945054,structural_group,unstratified,8675309
9601,12,-0.0034439534025555232,-0.06661587290679856,structural_group,unstratified,8675309
9602,12,-0.03190181503291841,-0.12866536724430971,structural_group,unstratified,8675309
9603,12,-0.0006418734478566973,-0.06263982847412365,structural_group,unstratified,8675309
9604,12,-0.008461049547044103,-0.0701810016628884,structural_group,unstratified,8675309
9605,12,-0.008461049547044103,-0.02289976405641563,structural_group,unstratified,8675309
9606,12,-0.00032093672392834866,-0.11433695769262227,structural_group,unstratified,8675309
9607,12,-0.006246033357254349,-0.06848981314530647,structural_group,unstratified,8675309
9608,12,-0.008461049547044103,-0.17125711736637672,structural_group,unstratified,8675309
9609,12,0.0,-0.01462175442119464,structural_group,unstratified,8675309
9610,12,-0.0031230166786271746,-0.06278319231859655,structural_group,unstratified,8675309
9611,12,-0.006246033357254349,-0.12253375766532537,structural_group,unstratified,8675309
9612,12,0.0,-0.10939610399480663,structural_group,unstratified,8675309
9613,12,-0.021288940384876134,-0.07734754425930179,structural_group,unstratified,8675309
9614,12,0.0,-0.00028426799530635534,structural_group,unstratified,8675309
9615,12,-0.015950907516459206,-0.1227471343094655,structural_group,unstratified,8675309
9616,12,-0.03190181503291841,-0.0298877017090909,structural_group,unstratified,8675309
9617,12,-0.0034439534025555232,-0.017702897826224192,structural_group,unstratified,8675309
9618,12,-0.006246033357254349,-0.12175951282141147,structural_group,unstratified,8675309
9619,12,-0.008461049547044103,-0.07244877460008316,structural_group,unstratified,8675309
9620,12,-0.03190181503291841,-0.1797332961564666,structural_group,unstratified,8675309
9621,12,-0.00032093672392834866,-0.06848709399747539,structural_group,unstratified,8675309
9622,12,-0.0031230166786271746,-0.02063556084862393,structural_group,unstratified,8675309
9623,12,-0.010676065736833856,-0.07350129095751631,structural_group,unstratified,8675309
9624,12,-0.0006418734478566973,-0.06429664945969947,structural_group,unstratified,8675309
9625,12,-0.00032093672392834866,-0.061579999778495514,structural_group,unstratified,8675309
9626,12,-0.008461049547044103,-0.017991306208269203,structural_group,unstratified,8675309
9627,12,0.0,-0.11014519090798926,structural_group,unstratified,8675309
9628,12,-0.006246033357254349,-0.011643974277326758,structural_group,unstratified,8675309
9629,12,-0.008461049547044103,-0.018765551052183083,structural_group,unstratified,8675309
9630,12,-0.0031230166786271746,-0.05935024655348536,structural_group,unstratified,8675309
9631,12,-0.00032093672392834866,-0.05378183510759615,structural_group,unstratified,8675309
9632,12,-0.0006418734478566973,-0.062105178199406065,structural_group,unstratified,8675309
9633,12,-0.021288940384876134,-0.021485973485093828,structural_group,unstratified,8675309
9634,12,-0.008461049547044103,-0.12221958003782213,structural_group,unstratified,8675309
9635,12,-0.00032093672392834866,-0.06467550701359222,structural_group,unstratified,8675309
9636,12,0.0,-0.00522282190271544,structural_group,unstratified,8675309
9637,12,-0.0034439534025555232,-0.012122498401000636,structural_group,unstratified,8675309
9638,12,0.0,-0.05958878112835675,structural_group,unstratified,8675309
9639,12,-0.00032093672392834866,-0.061579999778495514,structural_group,unstratified,8675309
9640,12,0.0,-0.06297269674549848,structural_group,unstratified,8675309
9641,12,-0.008461049547044103,-0.025416603416613726,structural_group,unstratified,8675309
9642,12,-0.006246033357254349,-0.22311091287295926,structural_group,unstratified,8675309
9643,12,-0.021288940384876134,-0.06840509321847381,structural_group,unstratified,8675309
9644,12,-0.03190181503291841,-0.13036756619767653,structural_group,unstratified,8675309
9645,12,-0.006246033357254349,-0.2241382132267041,structural_group,unstratified,8675309
9646,12,0.0,-0.0033408526287858967,structural_group,unstratified,8675309
9647,12,-0.00032093672392834866,-0.06230075516842134,structural_group,unstratified,8675309
9648,12,0.0,-0.061556081643845906,structural_group,unstratified,8675309
9649,12,-0.0031230166786271746,-0.0654023349456314,structural_group,unstratified,8675309
9650,12,-0.0034439534025555232,-0.06995075837597081,structural_group,unstratified,8675309
9651,12,0.0,-0.007592898106746966,structural_group,unstratified,8675309
9652,12,-0.0034439534025555232,-0.12303271816117974,structural_group,unstratified,8675309
9653,12,-0.0006418734478566973,-0.057780184438825925,structural_group,unstratified,8675309
9654,12,-0.005658969592345277,-0.12232893479653106,structural_group,unstratified,8675309
9655,12,-0.008461049547044103,-0.00326428869935236,structural_group,unstratified,8675309
9656,12,-0.0034439534025555232,-0.06376909518805611,structural_group,unstratified,8675309
9657,12,-0.0006418734478566973,-0.05689051229408976,structural_group,unstratified,8675309
9658,12,-0.0006418734478566973,-0.11888775697369448,structural_group,unstratified,8675309
9659,12,-0.01907392419508638,-0.12158090787767335,structural_group,unstratified,8675309
9660,12,-0.036226347372473364,-0.07892352181118223,structural_group,unstratified,8675309
9661,12,-0.016271844240387554,-0.12357486860736744,structural_group,unstratified,8675309
9662,12,0.0,-0.06722701269169264,structural_group,unstratified,8675309
9663,12,-0.016271844240387554,-0.021310984188170148,structural_group,unstratified,8675309
9664,12,0.0,-0.06895648317399133,structural_group,unstratified,8675309
9665,12,-0.008461049547044103,-0.11953443523754065,structural_group,unstratified,8675309
9666,12,-0.006246033357254349,-0.012994587205732697,structural_group,unstratified,8675309
9667,12,-0.03190181503291841,-0.07511193482729907,structural_group,unstratified,8675309
9668,12,-0.008461049547044103,-0.02107746216108719,structural_group,unstratified,8675309
9669,12,-0.008461049547044103,-0.025822290210289606,structural_group,unstratified,8675309
9670,12,-0.0006418734478566973,-0.11629351002485872,structural_group,unstratified,8675309
9671,12,-0.03190181503291841,-0.0787232692010276,structural_group,unstratified,8675309
9672,12,-0.006246033357254349,-0.018853258144475502,structural_group,unstratified,8675309
9673,12,-0.008461049547044103,-0.07249758841293187,structural_group,unstratified,8675309
9674,12,0.0,-0.16607276385544387,structural_group,unstratified,8675309
9675,12,-0.03190181503291841,-0.028891050656378623,structural_group,unstratified,8675309
9676,12,0.0,-0.06204006699490619,structural_group,unstratified,8675309
9677,12,-0.0034439534025555232,-0.06698504227176351,structural_group,unstratified,8675309
9678,12,-0.010676065736833856,-0.019303637171958373,structural_group,unstratified,8675309
9679,12,0.0,-0.011784664891379975,structural_group,unstratified,8675309
9680,12,-0.036226347372473364,-0.0765534456071507,structural_group,unstratified,8675309
9681,12,-0.00032093672392834866,-0.009111816475236281,structural_group,unstratified,8675309
9682,12,-0.00032093672392834866,-0.07262130700170795,structural_group,unstratified,8675309
9683,12,0.0,-0.01195595749692311,structural_group,unstratified,8675309
9684,12,-0.00032093672392834866,-0.005434479928261115,structural_group,unstratified,8675309
9685,12,-0.0006418734478566973,-0.06735888727786783,structural_group,unstratified,8675309
9686,12,0.0,-0.05835589529117963,structural_group,unstratified,8675309
9687,12,-0.0006418734478566973,-0.015847251859850506,structural_group,unstratified,8675309
9688,12,-0.0034439534025555232,-0.12201325488555416,structural_group,unstratified,8675309
9689,12,-0.008461049547044103,-0.06454941257408335,structural_group,unstratified,8675309
9690,12,-0.00032093672392834866,-0.008051463039683947,structural_group,unstratified,8675309
9691,12,-0.008461049547044103,-0.014974184105359637,structural_group,unstratified,8675309
9692,12,-0.021288940384876134,-0.07327526910190346,structural_group,unstratified,8675309
9693,12,0.0,-0.06066640949910975,structural_group,unstratified,8675309
9694,12,-0.0006418734478566973,-0.006575734621527936,structural_group,unstratified,8675309
9695,12,-0.00032093672392834866,-0.010189444845989286,structural_group,unstratified,8675309
9696,12,-0.00032093672392834866,-0.1106488729623944,structural_group,unstratified,8675309
9697,12,-0.00032093672392834866,-0.05947158929152862,structural_group,unstratified,8675309
9698,12,-0.006246033357254349,-0.06851708467423837,structural_group,unstratified,8675309
9699,12,-0.0006418734478566973,-0.11599073781274656,structural_group,unstratified,8675309
9700,12,-0.0006418734478566973,-0.05928830870665114,structural_group,unstratified,8675309
9701,12,-0.0006418734478566973,-0.06726737811169518,structural_group,unstratified,8675309
9702,12,0.0,-0.05918600543981437,structural_group,unstratified,8675309
9703,12,-0.008461049547044103,-0.06941143246011387,structural_group,unstratified,8675309
9704,12,-0.00032093672392834866,-0.057206192205066654,structural_group,unstratified,8675309
9705,12,0.0,-0.018176962643879493,structural_group,unstratified,8675309
9706,12,-0.00032093672392834866,-0.006022835992087528,structural_group,unstratified,8675309
9707,12,-0.00032093672392834866,-0.0036635079713087143,structural_group,unstratified,8675309
9708,12,-0.016271844240387554,-0.1725714292011925,structural_group,unstratified,8675309
9709,12,-0.03190181503291841,-0.02704147723211829,structural_group,unstratified,8675309
9710,12,-0.0034439534025555232,-0.019471710267564574,structural_group,unstratified,8675309
9711,12,-0.036226347372473364,-0.1319291799194898,structural_group,unstratified,8675309
9712,12,0.0,-0.11225484119103779,structural_group,unstratified,8675309
9713,12,-0.005658969592345277,-0.018245048272411888,structural_group,unstratified,8675309
9714,12,0.0,-0.018201858322078584,structural_group,unstratified,8675309
9715,12,-0.02339845653464133,-0.07984680027949581,structural_group,unstratified,8675309
9716,12,-0.008461049547044103,-0.06592729703142118,structural_group,unstratified,8675309
9717,12,-0.00032093672392834866,-0.06337370789803498,structural_group,unstratified,8675309
9718,12,-0.0034439534025555232,-0.024514418552619013,structural_group,unstratified,8675309
9719,12,-0.006246033357254349,-0.11627001124763363,structural_group,unstratified,8675309
9720,12,0.0,-0.006622464979090859,structural_group,unstratified,8675309
9721,12,-0.010676065736833856,-0.12316511748727917,structural_group,unstratified,8675309
9722,12,-0.0034439534025555232,-0.013898623180536014,structural_group,unstratified,8675309
9723,12,-0.021288940384876134,-0.07516074864014777,structural_group,unstratified,8675309
9724,12,-0.0006418734478566973,-0.059894248110481656,structural_group,unstratified,8675309
9725,12,-0.021288940384876134,-0.02206234156958589,structural_group,unstratified,8675309
9726,12,-0.0034439534025555232,-0.011897716341469446,structural_group,unstratified,8675309
9727,12,-0.008461049547044103,-0.12458965624185366,structural_group,unstratified,8675309
9728,12,0.0,-0.013324630946776758,structural_group,unstratified,8675309
9729,12,-0.03190181503291841,-0.07209851082197939,structural_group,unstratified,8675309
9730,12,-0.015950907516459206,-0.017312634856940387,structural_group,unstratified,8675309
9731,12,-0.008461049547044103,-0.16753642823393924,structural_group,unstratified,8675309
9732,12,-0.00032093672392834866,-0.113720881420266,structural_group,unstratified,8675309
9733,12,-0.00032093672392834866,-0.00637785786210611,structural_group,unstratified,8675309
9734,12,-0.0034439534025555232,-0.12008627387265615,structural_group,unstratified,8675309
9735,12,0.0,-0.055806765463812025,structural_group,unstratified,8675309
9736,12,-0.010676065736833856,-0.07333844674481933,structural_group,unstratified,8675309
9737,12,-0.036226347372473364,-0.23101679612067047,structural_group,unstratified,8675309
9738,12,-0.006246033357254349,-0.07100665250550457,structural_group,unstratified,8675309
9739,12,-0.005658969592345277,-0.07090880854468638,structural_group,unstratified,8675309
9740,12,-0.00032093672392834866,-0.013976136151673374,structural_group,unstratified,8675309
9741,12,-0.0006418734478566973,-0.05952507874551668,structural_group,unstratified,8675309
9742,12,-0.005658969592345277,-0.01804717151299006,structural_group,unstratified,8675309
9743,12,-0.006246033357254349,-0.11844835847394149,structural_group,unstratified,8675309
9744,12,-0.015950907516459206,-0.11813500849628604,structural_group,unstratified,8675309
9745,12,-0.005658969592345277,-0.07033244046019434,structural_group,unstratified,8675309
9746,12,0.0,-0.057600473583351484,structural_group,unstratified,8675309
9747,12,-0.0031230166786271746,-0.06849316653958874,structural_group,unstratified,8675309
9748,12,-0.015950907516459206,-0.06967768724351513,structural_group,unstratified,8675309
9749,12,-0.0031230166786271746,-0.005543072072332005,structural_group,unstratified,8675309
9750,12,-0.00032093672392834866,-0.06100830733514282,structural_group,unstratified,8675309
9751,12,-0.00032093672392834866,-0.004384263361234539,structural_group,unstratified,8675309
9752,12,-0.00032093672392834866,-0.007428551610576301,structural_group,unstratified,8675309
9753,12,-0.03190181503291841,-0.13100817191940936,structural_group,unstratified,8675309
9754,12,-0.01907392419508638,-0.07242387892188408,structural_group,unstratified,8675309
9755,12,-0.005658969592345277,-0.11813885648757765,structural_group,unstratified,8675309
9756,12,-0.0006418734478566973,-0.11603976796071602,structural_group,unstratified,8675309
9757,12,-0.005338032868416928,-0.014206990753317916,structural_group,unstratified,8675309
9758,12,-0.005338032868416928,-0.06754031675193674,structural_group,unstratified,8675309
9759,12,0.0,-0.007034375614791165,structural_group,unstratified,8675309
9760,12,0.0,-0.012269261557167207,structural_group,unstratified,8675309
9761,12,0.0,-0.056316520060330506,structural_group,unstratified,8675309
9762,12,-0.008461049547044103,-0.0632011754964102,structural_group,unstratified,8675309
9763,12,0.0,-0.009650118930132354,structural_group,unstratified,8675309
9764,12,-0.021288940384876134,-0.12360485928413038,structural_group,unstratified,8675309
9765,12,-0.010676065736833856,-0.020898857217349062,structural_group,unstratified,8675309
9766,12,-0.0034439534025555232,-0.06339992582309115,structural_group,unstratified,8675309
9767,12,-0.036226347372473364,-0.08376412637527346,structural_group,unstratified,8675309
9768,12,-0.008461049547044103,-0.07354564546434643,structural_group,unstratified,8675309
9769,12,0.0,-0.06320479114322465,structural_group,unstratified,8675309
9770,12,-0.0034439534025555232,-0.12375347355110557,structural_group,unstratified,8675309
9771,12,-0.0006418734478566973,-0.013589778426310492,structural_group,unstratified,8675309
9772,12,-0.0006418734478566973,-0.11282883342479703,structural_group,unstratified,8675309
9773,12,-0.006246033357254349,-0.06874355520944915,structural_group,unstratified,8675309
9774,12,-0.03190181503291841,-0.07343304269385491,structural_group,unstratified,8675309
9775,12,-0.0006418734478566973,-0.06628593454825421,structural_group,unstratified,8675309
9776,12,-0.006246033357254349,-0.06418261905985119,structural_group,unstratified,8675309
9777,12,-0.006246033357254349,-0.11702260842513101,structural_group,unstratified,8675309
9778,12,-0.006246033357254349,-0.06721996119982047,structural_group,unstratified,8675309
9779,12,-0.0031230166786271746,-0.06503316558066645,structural_group,unstratified,8675309
9780,12,-0.0006418734478566973,-0.012243841139043912,structural_group,unstratified,8675309
9781,12,-0.00032093672392834866,-0.11528249514207929,structural_group,unstratified,8675309
9782,12,-0.0006418734478566973,-0.006061961616008427,structural_group,unstratified,8675309
9783,12,-0.016271844240387554,-0.17551787348971612,structural_group,unstratified,8675309
9784,12,-0.006246033357254349,-0.06346186366992536,structural_group,unstratified,8675309
9785,12,-0.00032093672392834866,-0.052109469726099956,structural_group,unstratified,8675309
9786,12,-0.0034439534025555232,-0.12219185982929227,structural_group,unstratified,8675309
9787,12,-0.0031230166786271746,-0.12213837037530424,structural_group,unstratified,8675309
9788,12,-0.0031230166786271746,-0.0629127671143652,structural_group,unstratified,8675309
9789,12,-0.0031230166786271746,-0.07285622592976489,structural_group,unstratified,8675309
9790,12,0.0,-0.05367953184075939,structural_group,unstratified,8675309
9791,12,-0.0034439534025555232,-0.1717180581500465,structural_group,unstratified,8675309
9792,12,-0.008461049547044103,-0.07374352222376825,structural_group,unstratified,8675309
9793,12,-0.03190181503291841,-0.1789566754618199,structural_group,unstratified,8675309
9794,12,-0.010676065736833856,-0.020178101827423238,structural_group,unstratified,8675309
9795,12,0.0,-0.06071522331195845,structural_group,unstratified,8675309
9796,12,-0.0031230166786271746,-0.013141350361899269,structural_group,unstratified,8675309
9797,12,-0.021288940384876134,-0.022921411722832127,structural_group,unstratified,8675309
9798,12,-0.010676065736833856,-0.06481160303107218,structural_group,unstratified,8675309
9799,12,0.0,-0.0032859662738238464,structural_group,unstratified,8675309
9800,12,-0.00032093672392834866,-0.0609975591518901,structural_group,unstratified,8675309
9801,12,-0.008461049547044103,-0.01302698305540191,structural_group,unstratified,8675309
9802,12,-0.010676065736833856,-0.12252274722954049,structural_group,unstratified,8675309
9803,12,0.0,-0.05958878112835675,structural_group,unstratified,8675309
9804,12,-0.00032093672392834866,-0.013856644524438695,structural_group,unstratified,8675309
9805,12,-0.0006418734478566973,-0.0007557406271080704,structural_group,unstratified,8675309
9806,12,0.0,-0.11237026849186009,structural_group,unstratified,8675309
9807,12,-0.0034439534025555232,-0.17354036004537496,structural_group,unstratified,8675309
9808,12,0.0,-0.05913251598582633,structural_group,unstratified,8675309
9809,12,-0.006246033357254349,-0.07389723148930728,structural_group,unstratified,8675309
9810,12,-0.0034439534025555232,-0.06389421067780617,structural_group,unstratified,8675309
9811,12,-0.00032093672392834866,-0.05793162323613185,structural_group,unstratified,8675309
9812,12,-0.0031230166786271746,-0.010626886852433974,structural_group,unstratified,8675309
9813,12,-0.03190181503291841,-0.1270695358841921,structural_group,unstratified,8675309
9814,12,-0.04055087971202831,-0.08815675708478805,structural_group,unstratified,8675309
9815,12,-0.0031230166786271746,-0.1188403400618198,structural_group,unstratified,8675309
9816,12,-0.008461049547044103,-0.07023916675801582,structural_group,unstratified,8675309
9817,12,-0.021288940384876134,-0.023908927828386457,structural_group,unstratified,8675309
9818,12,-0.010676065736833856,-0.019379938848859746,structural_group,unstratified,8675309
9819,12,-0.00032093672392834866,-0.0074285516105763024,structural_group,unstratified,8675309
9820,12,-0.0034439534025555232,-0.05996252075196137,structural_group,unstratified,8675309
9821,12,-0.008461049547044103,-0.1240372062920112,structural_group,unstratified,8675309
9822,12,-0.00032093672392834866,-0.06230075516842134,structural_group,unstratified,8675309
9823,12,-0.036226347372473364,-0.22965543500901178,structural_group,unstratified,8675309
9824,12,-0.06899179416040663,-0.10511629724284467,structural_group,unstratified,8675309
9825,12,-0.04055087971202831,-0.0907617522168765,structural_group,unstratified,8675309
9826,12,-0.0034439534025555232,-0.06633474836110291,structural_group,unstratified,8675309
9827,12,-0.005338032868416928,-0.16801049305159454,structural_group,unstratified,8675309
9828,12,-0.0031230166786271746,-0.1175432165874019,structural_group,unstratified,8675309
9829,12,0.0,-0.11852703600157567,structural_group,unstratified,8675309
9830,12,0.0,-0.06415032859268167,structural_group,unstratified,8675309
9831,12,-0.0006418734478566973,-0.013333765893934696,structural_group,unstratified,8675309
9832,12,-0.0034439534025555232,-0.010861281040566717,structural_group,unstratified,8675309
9833,12,0.0,-0.0059754190802128225,structural_group,unstratified,8675309
9834,12,0.0,-0.013429310064346318,structural_group,unstratified,8675309
9835,12,-0.005338032868416928,-0.0701345637007725,structural_group,unstratified,8675309
9836,12,-0.0006418734478566973,-0.06270583064737027,structural_group,unstratified,8675309
9837,12,-0.021288940384876134,-0.17755703238544449,structural_group,unstratified,8675309
9838,12,-0.020275439856014155,-0.1276316740229623,structural_group,unstratified,8675309
9839,12,-0.008461049547044103,-0.06504369742879837,structural_group,unstratified,8675309
9840,12,-0.005658969592345277,-0.07018805315476057,structural_group,unstratified,8675309
9841,12,-0.00032093672392834866,-0.05802946719695002,structural_group,unstratified,8675309
9842,12,-0.006246033357254349,-0.020566205281095023,structural_group,unstratified,8675309
9843,12,-0.005658969592345277,-0.06604916450938865,structural_group,unstratified,8675309
9844,12,-0.00032093672392834866,-0.0660082743494619,structural_group,unstratified,8675309
9845,12,-0.036226347372473364,-0.18410472787916266,structural_group,unstratified,8675309
9846,12,-0.015950907516459206,-0.12145001083504763,structural_group,unstratified,8675309
9847,12,-0.021288940384876134,-0.12412536206390161,structural_group,unstratified,8675309
9848,12,-0.0006418734478566973,-0.06240773407639746,structural_group,unstratified,8675309
9849,12,-0.0006418734478566973,-0.011054221312526353,structural_group,unstratified,8675309
9850,12,-0.006246033357254349,-0.0125228982388102,structural_group,unstratified,8675309
9851,12,-0.036226347372473364,-0.028617238448877955,structural_group,unstratified,8675309
9852,12,-0.0034439534025555232,-0.019053510754630135,structural_group,unstratified,8675309
9853,12,-0.0031230166786271746,-0.11647026385778825,structural_group,unstratified,8675309
9854,12,-0.006246033357254349,-0.07011521582476254,structural_group,unstratified,8675309
9855,12,-0.0031230166786271746,-0.11667746257731537,structural_group,unstratified,8675309
9856,12,-0.01907392419508638,-0.12461825001764264,structural_group,unstratified,8675309
9857,12,-0.0034439534025555232,-0.06768090198349026,structural_group,unstratified,8675309
9858,12,-0.00032093672392834866,-0.06586327572930119,structural_group,unstratified,8675309
9859,12,-0.0006418734478566973,-0.058939022472096814,structural_group,unstratified,8675309
9860,12,-0.03190181503291841,-0.08215837448175083,structural_group,unstratified,8675309
9861,12,0.0,-0.1161865311168826,structural_group,unstratified,8675309
9862,12,-0.00032093672392834866,-0.11858052545556375,structural_group,unstratified,8675309
9863,12,-0.021288940384876134,-0.12445017692203643,structural_group,unstratified,8675309
9864,12,-0.008461049547044103,-0.06692186462884768,structural_group,unstratified,8675309
9865,12,-0.006246033357254349,-0.0665526952638827,structural_group,unstratified,8675309
9866,12,-0.0034439534025555232,-0.06852176031537772,structural_group,unstratified,8675309
9867,12,-0.0034439534025555232,-0.11236789264112727,structural_group,unstratified,8675309
9868,12,-0.021288940384876134,-0.12374378536217778,structural_group,unstratified,8675309
9869,12,-0.03190181503291841,-0.07577920076323684,structural_group,unstratified,8675309
9870,12,-0.005658969592345277,-0.12210476405172682,structural_group,unstratified,8675309
9871,12,-0.005658969592345277,-0.07026643828694772,structural_group,unstratified,8675309
9872,12,-0.03190181503291841,-0.12482925081105,structural_group,unstratified,8675309
9873,12,-0.005658969592345277,-0.00815720215157842,structural_group,unstratified,8675309
9874,12,-0.0006418734478566973,-0.17131704699750996,structural_group,unstratified,8675309
9875,12,-0.006246033357254349,-0.018853258144475502,structural_group,unstratified,8675309
9876,12,0.0,-0.05274082954805376,structural_group,unstratified,8675309
9877,12,-0.036226347372473364,-0.13197799373233848,structural_group,unstratified,8675309
9878,12,-0.0006418734478566973,-0.17368712320154153,structural_group,unstratified,8675309
9879,12,-0.0031230166786271746,-0.012093904625211668,structural_group,unstratified,8675309
9880,12,-0.008461049547044103,-0.015474466848071104,structural_group,unstratified,8675309
9881,12,-0.006246033357254349,-0.007625188573916484,structural_group,unstratified,8675309
9882,12,0.0,-0.05750896441717882,structural_group,unstratified,8675309
9883,12,-0.008461049547044103,-0.023452214006258076,structural_group,unstratified,8675309
9884,12,-0.008461049547044103,-0.017241957042554407,structural_group,unstratified,8675309
9885,12,-0.005338032868416928,-0.12097832186812513,structural_group,unstratified,8675309
9886,12,-0.00032093672392834866,-0.06872201292553236,structural_group,unstratified,8675309
9887,12,-0.0034439534025555232,-0.07218895999382713,structural_group,unstratified,8675309
9888,12,-0.006246033357254349,-0.16644650347904846,structural_group,unstratified,8675309
9889,12,-0.00032093672392834866,-0.06053661836822032,structural_group,unstratified,8675309
9890,12,-0.00032093672392834866,-0.00934858651410183,structural_group,unstratified,8675309
9891,12,-0.006246033357254349,-0.06583925221215188,structural_group,unstratified,8675309
9892,12,-0.0034439534025555232,-0.17285701305290677,structural_group,unstratified,8675309
9893,12,-0.0006418734478566973,-0.009988580921107703,structural_group,unstratified,8675309
9894,12,-0.00032093672392834866,-0.013747289765729776,structural_group,unstratified,8675309
9895,12,-0.015950907516459206,-0.11957651927613766,structural_group,unstratified,8675309
9896,12,-0.010676065736833856,-0.12042410738227682,structural_group,unstratified,8675309
9897,12,-0.02339845653464133,-0.12658026357726548,structural_group,unstratified,8675309
9898,12,-0.0006418734478566973,-0.06758305802267209,structural_group,unstratified,8675309
9899,12,-0.0006418734478566973,-0.013304194574596246,structural_group,unstratified,8675309
9900,12,-0.00032093672392834866,-0.02001341203415431,structural_group,unstratified,8675309
9901,12,0.0,-0.05574252782657125,structural_group,unstratified,8675309
9902,12,-0.005658969592345277,-0.16676685903116475,structural_group,unstratified,8675309
9903,12,-0.00032093672392834866,-0.06823335193333271,structural_group,unstratified,8675309
9904,12,-0.010676065736833856,-0.12547932838658982,structural_group,unstratified,8675309
9905,12,-0.008461049547044103,-0.02102864834823849,structural_group,unstratified,8675309
9906,12,-0.0006418734478566973,-0.05952507874551668,structural_group,unstratified,8675309
9907,12,-0.0034439534025555232,-0.012681283145488602,structural_group,unstratified,8675309
9908,12,0.0,-0.06143835455261707,structural_group,unstratified,8675309
9909,12,-0.005338032868416928,-0.1202575664781993,structural_group,unstratified,8675309
9910,12,-0.0006418734478566973,-0.014145052906483704,structural_group,unstratified,8675309
9911,12,0.0,-0.07305647853991952,structural_group,unstratified,8675309
9912,12,0.0,-0.006387546051033911,structural_group,unstratified,8675309
9913,12,-0.01907392419508638,-0.02723890531194216,structural_group,unstratified,8675309
9914,12,-0.0034439534025555232,-0.06137042520823562,structural_group,unstratified,8675309
9915,12,-0.0034439534025555232,-0.014612066232266843,structural_group,unstratified,8675309
9916,12,-0.008461049547044103,-0.013732925935662615,structural_group,unstratified,8675309
9917,12,-0.008461049547044103,-0.023452214006258076,structural_group,unstratified,8675309
9918,12,0.0,-0.11106707247532883,structural_group,unstratified,8675309
9919,12,-0.008461049547044103,-0.11859105730369568,structural_group,unstratified,8675309
9920,12,-0.008461049547044103,-0.06935794300612583,structural_group,unstratified,8675309
9921,12,-0.008461049547044103,-0.17244726193281848,structural_group,unstratified,8675309
9922,12,0.0,-0.017360999990191125,structural_group,unstratified,8675309
9923,12,0.0,-0.16446233632078186,structural_group,unstratified,8675309
9924,12,-0.006246033357254349,-0.015628176113610143,structural_group,unstratified,8675309
9925,12,-0.0006418734478566973,-0.05727042984230743,structural_group,unstratified,8675309
9926,12,-0.0034439534025555232,-0.06461496606773201,structural_group,unstratified,8675309
9927,12,-0.006246033357254349,-0.07036428224776589,structural_group,unstratified,8675309
9928,12,-0.005658969592345277,-0.017486884485028414,structural_group,unstratified,8675309
9929,12,0.0,-0.004612661067580178,structural_group,unstratified,8675309
9930,12,-0.0006418734478566973,-0.009922578747861083,structural_group,unstratified,8675309
9931,12,-0.0006418734478566973,-0.007516596429845593,structural_group,unstratified,8675309
9932,12,-0.00032093672392834866,-0.011584412281225346,structural_group,unstratified,8675309
9933,12,-0.021288940384876134,-0.02451724308294977,structural_group,unstratified,8675309
9934,12,-0.021288940384876134,-0.1270648602430527,structural_group,unstratified,8675309
9935,12,-0.04055087971202831,-0.18151670477235127,structural_group,unstratified,8675309
9936,12,-0.0031230166786271746,-0.07071824412345958,structural_group,unstratified,8675309
9937,12,-0.005658969592345277,-0.06599797484580716,structural_group,unstratified,8675309
9938,12,-0.0006418734478566973,-0.11300242582074675,structural_group,unstratified,8675309
9939,12,0.0,-0.11309569952292525,structural_group,unstratified,8675309
9940,12,-0.008461049547044103,-0.06521905436075391,structural_group,unstratified,8675309
9941,12,-0.005658969592345277,-0.07151007230737753,structural_group,unstratified,8675309
9942,12,0.0,-0.06202309496962904,structural_group,unstratified,8675309
9943,12,-0.00032093672392834866,-0.056634499761713954,structural_group,unstratified,8675309
9944,12,-0.005658969592345277,-0.06164869672175486,structural_group,unstratified,8675309
9945,12,-0.008461049547044103,-0.01628849594017544,structural_group,unstratified,8675309
9946,12,-0.006246033357254349,-0.06199560710557637,structural_group,unstratified,8675309
9947,12,-0.005338032868416928,-0.22324220628732241,structural_group,unstratified,8675309
9948,12,0.0,-0.00185794575678024,structural_group,unstratified,8675309
9949,12,-0.015950907516459206,-0.1686265693239508,structural_group,unstratified,8675309
9950,12,0.0,0.0014401899392039036,structural_group,unstratified,8675309
9951,12,-0.021288940384876134,-0.0704205962320847,structural_group,unstratified,8675309
9952,12,-0.006246033357254349,-0.007709908500749146,structural_group,unstratified,8675309
9953,12,-0.006246033357254349,-0.06557064038571479,structural_group,unstratified,8675309
9954,12,-0.00032093672392834866,-0.00816689034050622,structural_group,unstratified,8675309
9955,12,-0.006246033357254349,-0.07191971804496612,structural_group,unstratified,8675309
9956,12,-0.006246033357254349,-0.009903755611775346,structural_group,unstratified,8675309
9957,12,-0.005338032868416928,-0.06282506002207276,structural_group,unstratified,8675309
9958,12,-0.0031230166786271746,-0.11632587655235449,structural_group,unstratified,8675309
9959,12,-0.008461049547044103,-0.12108062513496189,structural_group,unstratified,8675309
9960,12,-0.0034439534025555232,-0.06857524976936577,structural_group,unstratified,8675309
9961,12,-0.010676065736833856,-0.017114541762397777,structural_group,unstratified,8675309
9962,12,-0.0034439534025555232,-0.00975242219696911,structural_group,unstratified,8675309
9963,12,-0.05044680459666252,-0.0846511903247996,structural_group,unstratified,8675309
9964,12,-0.021288940384876134,-0.07119721692673141,structural_group,unstratified,8675309
9965,12,-0.021288940384876134,-0.07428804852068875,structural_group,unstratified,8675309
9966,12,0.0,-0.058926190833558344,structural_group,unstratified,8675309
9967,12,-0.008461049547044103,-0.012877920108828782,structural_group,unstratified,8675309
9968,12,0.0,-0.015821033934794344,structural_group,unstratified,8675309
9969,12,-0.005658969592345277,-0.06889092968034269,structural_group,unstratified,8675309
9970,12,-0.021288940384876134,-0.12498741938260759,structural_group,unstratified,8675309
9971,12,0.0,-0.11361857815342925,structural_group,unstratified,8675309
9972,12,-0.006246033357254349,-0.12402023426673407,structural_group,unstratified,8675309
9973,12,-0.01907392419508638,-0.22461903714078454,structural_group,unstratified,8675309
9974,12,-0.006246033357254349,-0.010940190912678073,structural_group,unstratified,8675309
9975,12,0.0,-0.06560258755578603,structural_group,unstratified,8675309
9976,12,-0.0006418734478566973,-0.0635388519011385,structural_group,unstratified,8675309
9977,12,0.0,-0.010602968717784366,structural_group,unstratified,8675309
9978,12,-0.008461049547044103,-0.12094637469805387,structural_group,unstratified,8675309
9979,12,-0.00032093672392834866,-0.012190351685055853,structural_group,unstratified,8675309
9980,12,0.0,-0.05667885426854408,structural_group,unstratified,8675309
9981,12,-0.0006418734478566973,-0.017054455026372164,structural_group,unstratified,8675309
9982,12,0.0,-0.11376296545886304,structural_group,unstratified,8675309
9983,12,0.0,-0.06638615435980519,structural_group,unstratified,8675309
9984,12,0.0,-0.015219770172103195,structural_group,unstratified,8675309
9985,12,0.0,-0.0006917193249880825,structural_group,unstratified,8675309
9986,12,0.0,-0.006935769039334958,structural_group,unstratified,8675309
9987,12,-0.0034439534025555232,-0.11643285546033061,structural_group,unstratified,8675309
9988,12,-0.005658969592345277,-0.01989436908651759,structural_group,unstratified,8675309
9989,12,-0.016271844240387554,-0.06901042130757735,structural_group,unstratified,8675309
9990,12,0.0,-0.062374680994589905,structural_group,unstratified,8675309
9991,12,-0.0006418734478566973,-0.11972393966444257,structural_group,unstratified,8675309
9992,12,0.0,-0.0609501422400154,structural_group,unstratified,8675309
9993,12,-0.0034439534025555232,-0.11461055356500217,structural_group,unstratified,8675309
9994,12,-0.0034439534025555232,-0.018452246991938984,structural_group,unstratified,8675309
9995,12,-0.01907392419508638,-0.07040600005754037,structural_group,unstratified,8675309
9996,12,-0.0034439534025555232,-0.01284325379092646,structural_group,unstratified,8675309
9997,12,-0.005658969592345277,-0.016278359071649682,structural_group,unstratified,8675309
9998,12,-0.021288940384876134,-0.12233968297978377,structural_group,unstratified,8675309
9999,12,-0.0034439534025555232,-0.06810356080244327,structural_group,unstratified,8675309
