candidate_id,ieee_case,selected_rows,selected_columns,row_set,column_set,support_cells,support_pattern,support_pattern_fingerprint,measurement_type_histogram,measurement_type_proportions,state_type_histogram,state_type_proportions,row_degree_profile,column_degree_profile,row_degree_histogram,column_degree_histogram,nonzeros,rank,condition_number,spectral_norm,frobenius_norm,max_absolute_entry,singular_values,descriptor_uses_selector_or_output_results,policy,variant,descriptor_data_scope
ieee14_angle_dominant_v00,ieee14,"[15,17,18,20,22,31,32,36]","[0,2,3,4,5,7,8,16]","[15,17,18,20,22,31,32,36]","[0,2,3,4,5,7,8,16]","[[15,0],[15,2],[15,3],[15,16],[17,0],[17,2],[17,3],[17,5],[17,7],[17,16],[18,0],[18,2],[18,3],[18,4],[18,16],[20,2],[20,5],[20,7],[20,16],[22,2],[22,5],[22,7],[22,8],[22,16],[31,0],[31,2],[31,3],[31,5],[31,7],[31,16],[32,0],[32,2],[32,3],[32,4],[32,16],[36,2],[36,5],[36,7],[36,8],[36,16]]","[[1,1,1,0,0,0,0,1],[1,1,1,0,1,1,0,1],[1,1,1,1,0,0,0,1],[0,1,0,0,1,1,0,1],[0,1,0,0,1,1,1,1],[1,1,1,0,1,1,0,1],[1,1,1,1,0,0,0,1],[0,1,0,0,1,1,1,1]]",b4dd119ea8235422b3b9070fd9d7352d459abc537b37e72cf4d6468a19c052ab,"{""p_injection"":5,""q_injection"":3}","{""p_injection"":0.625,""q_injection"":0.375}","{""angle"":7,""voltage"":1}","{""angle"":0.875,""voltage"":0.125}","[4,6,5,4,5,6,5,5]","[5,8,5,2,5,5,2,8]","{""4"":2,""5"":4,""6"":2}","{""2"":2,""5"":4,""8"":2}",40,8,80.545753560261,2147.494885247878,3242.709110208761,1335.8517116760058,"[2147.494885247878,1564.02513002524,1228.8866593809353,1198.4680595277882,605.119563781231,377.2163477645737,39.908162776933594,26.661801402617844]",False,angle_dominant,0,matrix_structure_and_metadata_only
ieee14_angle_dominant_v01,ieee14,"[19,20,22,23,24,33,36,37]","[4,5,6,7,8,9,11,21]","[19,20,22,23,24,33,36,37]","[4,5,6,7,8,9,11,21]","[[19,4],[19,9],[19,11],[20,5],[20,6],[20,7],[20,21],[22,5],[22,7],[22,8],[22,21],[23,7],[23,8],[23,9],[23,21],[24,4],[24,8],[24,9],[33,4],[33,9],[33,11],[36,5],[36,7],[36,8],[36,21],[37,7],[37,8],[37,9],[37,21]]","[[1,0,0,0,0,1,1,0],[0,1,1,1,0,0,0,1],[0,1,0,1,1,0,0,1],[0,0,0,1,1,1,0,1],[1,0,0,0,1,1,0,0],[1,0,0,0,0,1,1,0],[0,1,0,1,1,0,0,1],[0,0,0,1,1,1,0,1]]",e35925c6201c14de8fb2de48184d5344e3da451a60a7c04d243e0c052724468c,"{""p_injection"":5,""q_injection"":3}","{""p_injection"":0.625,""q_injection"":0.375}","{""angle"":7,""voltage"":1}","{""angle"":0.875,""voltage"":0.125}","[3,4,4,4,3,3,4,4]","[3,3,1,5,5,5,2,5]","{""3"":3,""4"":5}","{""1"":1,""2"":1,""3"":2,""5"":4}",29,8,203.6448356501016,1344.6481092183817,2005.6727620794077,899.5929239869998,"[1344.6481092183817,958.4842958977383,806.1312065190521,707.7528035208173,354.9262509819458,136.86833656273961,21.019249305896725,6.602907974198415]",False,angle_dominant,1,matrix_structure_and_metadata_only
ieee14_angle_dominant_v02,ieee14,"[17,18,19,25,26,33,39,40]","[1,2,4,9,10,11,12,18]","[17,18,19,25,26,33,39,40]","[1,2,4,9,10,11,12,18]","[[17,1],[17,2],[18,2],[18,4],[18,18],[19,4],[19,9],[19,10],[19,11],[19,18],[25,4],[25,10],[25,11],[25,18],[26,4],[26,10],[26,11],[26,12],[26,18],[33,4],[33,9],[33,10],[33,11],[33,18],[39,4],[39,10],[39,11],[39,18],[40,4],[40,10],[40,11],[40,12],[40,18]]","[[1,1,0,0,0,0,0,0],[0,1,1,0,0,0,0,1],[0,0,1,1,1,1,0,1],[0,0,1,0,1,1,0,1],[0,0,1,0,1,1,1,1],[0,0,1,1,1,1,0,1],[0,0,1,0,1,1,0,1],[0,0,1,0,1,1,1,1]]",b040e76e784fbe24d23372ba0521a5c454b1480937673d9cff8190ddd855eebb,"{""p_injection"":5,""q_injection"":3}","{""p_injection"":0.625,""q_injection"":0.375}","{""angle"":7,""voltage"":1}","{""angle"":0.875,""voltage"":0.125}","[2,3,5,4,5,5,4,5]","[1,2,7,2,6,6,2,7]","{""2"":1,""3"":1,""4"":2,""5"":4}","{""1"":1,""2"":3,""6"":2,""7"":2}",33,8,328.93707605547183,1547.7066302170988,1979.4389438817086,1335.8517116760058,"[1547.7066302170988,884.5210722093839,710.0601302859823,456.59286896428534,137.19097733702586,93.84354248999645,9.625078663270587,4.705175375110631]",False,angle_dominant,2,matrix_structure_and_metadata_only
ieee14_angle_dominant_v03,ieee14,"[15,17,18,20,22,29,31,32]","[0,2,3,6,7,12,16,17]","[15,17,18,20,22,29,31,32]","[0,2,3,6,7,12,16,17]","[[15,0],[15,2],[15,3],[15,16],[15,17],[17,0],[17,2],[17,3],[17,7],[17,16],[17,17],[18,0],[18,2],[18,3],[18,16],[18,17],[20,2],[20,6],[20,7],[20,16],[22,2],[22,7],[22,12],[22,16],[29,0],[29,2],[29,3],[29,16],[29,17],[31,0],[31,2],[31,3],[31,7],[31,16],[31,17],[32,0],[32,2],[32,3],[32,16],[32,17]]","[[1,1,1,0,0,0,1,1],[1,1,1,0,1,0,1,1],[1,1,1,0,0,0,1,1],[0,1,0,1,1,0,1,0],[0,1,0,0,1,1,1,0],[1,1,1,0,0,0,1,1],[1,1,1,0,1,0,1,1],[1,1,1,0,0,0,1,1]]",6e74c3d124304c199dfc61c87e72a2ef62c9147e9ebd0d9b8efe8b6c21a134ae,"{""p_injection"":5,""q_injection"":3}","{""p_injection"":0.625,""q_injection"":0.375}","{""angle"":6,""voltage"":2}","{""angle"":0.75,""voltage"":0.25}","[5,6,5,4,4,5,6,5]","[6,8,6,1,4,1,8,6]","{""4"":2,""5"":4,""6"":2}","{""1"":2,""4"":1,""6"":3,""8"":2}",40,8,2339.5617801471103,2142.3152765056434,3469.5791256393313,1335.8517116760058,"[2142.3152765056434,2082.2447279849143,1246.208395562944,970.9320064665937,601.7098512318663,464.19257045578416,198.6121988283344,0.9156908335076904]",False,angle_dominant,3,matrix_structure_and_metadata_only
ieee14_branch_flow_heavy_v00,ieee14,"[42,48,56,57,62,68,76,77]","[0,2,3,7,13,16,17,21]","[42,48,56,57,62,68,76,77]","[0,2,3,7,13,16,17,21]","[[42,0],[42,13],[48,2],[48,3],[48,16],[48,17],[56,7],[56,21],[57,7],[57,21],[62,0],[62,13],[68,2],[68,3],[68,16],[68,17],[76,7],[76,21],[77,7],[77,21]]","[[1,0,0,0,1,0,0,0],[0,1,1,0,0,1,1,0],[0,0,0,1,0,0,0,1],[0,0,0,1,0,0,0,1],[1,0,0,0,1,0,0,0],[0,1,1,0,0,1,1,0],[0,0,0,1,0,0,0,1],[0,0,0,1,0,0,0,1]]",f81e88ce1107b44fe3cf706677141ec3dd0b7dd3ea03343031253ef521043d67,"{""p_branch_flow"":4,""q_branch_flow"":4}","{""p_branch_flow"":0.5,""q_branch_flow"":0.5}","{""angle"":4,""voltage"":4}","{""angle"":0.5,""voltage"":0.5}","[2,4,2,2,2,4,2,2]","[2,2,2,4,2,2,2,4]","{""2"":6,""4"":2}","{""2"":6,""4"":2}",20,6,2.496251957590191e+17,1689.8546260673963,2867.3872606768077,1118.5366821046048,"[1689.8546260673963,1612.173106446542,949.1344670549843,809.3354325130168,798.0278279367336,757.9382740478096,5.1436776194533875e-14,6.7695675547861474e-15]",False,branch_flow_heavy,0,matrix_structure_and_metadata_only
ieee14_branch_flow_heavy_v01,ieee14,"[19,45,46,54,55,66,74,75]","[0,4,5,6,11,14,18,25]","[19,45,46,54,55,66,74,75]","[0,4,5,6,11,14,18,25]","[[19,4],[19,11],[19,18],[19,25],[45,0],[45,14],[46,0],[46,14],[54,4],[54,11],[54,18],[54,25],[55,5],[55,6],[66,0],[66,14],[74,4],[74,11],[74,18],[74,25],[75,5],[75,6]]","[[0,1,0,0,1,0,1,1],[1,0,0,0,0,1,0,0],[1,0,0,0,0,1,0,0],[0,1,0,0,1,0,1,1],[0,0,1,1,0,0,0,0],[1,0,0,0,0,1,0,0],[0,1,0,0,1,0,1,1],[0,0,1,1,0,0,0,0]]",3d1572a82798939aff72567e116059f01b72d2d5e883d14ad86859a439352bf1,"{""p_branch_flow"":4,""p_injection"":1,""q_branch_flow"":3}","{""p_branch_flow"":0.5,""p_injection"":0.125,""q_branch_flow"":0.375}","{""angle"":5,""voltage"":3}","{""angle"":0.625,""voltage"":0.375}","[4,2,2,4,2,2,4,2]","[3,3,2,2,3,3,3,3]","{""2"":5,""4"":3}","{""2"":2,""3"":6}",22,6,1.8768193960445552e+20,900.2408784673212,1260.1165563322015,657.5689046379408,"[900.2408784673212,515.8831588758526,466.51458808390316,431.0506549261318,269.95499879586,187.10540688331287,3.596820326949658e-14,4.796630301054016e-18]",False,branch_flow_heavy,1,matrix_structure_and_metadata_only
ieee14_branch_flow_heavy_v02,ieee14,"[44,47,49,59,64,65,69,79]","[0,1,2,5,8,14,15,16]","[44,47,49,59,64,65,69,79]","[0,1,2,5,8,14,15,16]","[[44,0],[44,1],[44,14],[44,15],[47,1],[47,2],[47,15],[47,16],[49,2],[49,5],[49,16],[59,8],[64,0],[64,1],[64,14],[64,15],[65,0],[65,2],[65,14],[65,16],[69,2],[69,5],[69,16],[79,8]]","[[1,1,0,0,0,1,1,0],[0,1,1,0,0,0,1,1],[0,0,1,1,0,0,0,1],[0,0,0,0,1,0,0,0],[1,1,0,0,0,1,1,0],[1,0,1,0,0,1,0,1],[0,0,1,1,0,0,0,1],[0,0,0,0,1,0,0,0]]",6b2f8bba112595628796653d043081164d0ef45f2ba91c9c87c56fa89f8f6047,"{""p_branch_flow"":4,""q_branch_flow"":4}","{""p_branch_flow"":0.5,""q_branch_flow"":0.5}","{""angle"":5,""voltage"":3}","{""angle"":0.625,""voltage"":0.375}","[4,4,3,1,4,4,3,1]","[3,3,4,2,2,3,3,4]","{""1"":2,""3"":2,""4"":4}","{""2"":2,""3"":4,""4"":2}",24,7,1.3065520380282902e+17,498.7443817363542,916.6258151771699,273.4838205896278,"[498.7443817363542,475.9476258404672,375.9109205448948,314.99187959637544,264.5390479942547,202.64432619088754,115.56923874813106,3.817256161407902e-15]",False,branch_flow_heavy,2,matrix_structure_and_metadata_only
ieee14_branch_flow_heavy_v03,ieee14,"[19,51,52,53,63,71,72,73]","[3,4,9,10,17,18,23,24]","[19,51,52,53,63,71,72,73]","[3,4,9,10,17,18,23,24]","[[19,3],[19,4],[19,9],[19,10],[19,17],[19,18],[19,23],[19,24],[51,3],[51,4],[51,17],[51,18],[52,4],[52,9],[52,18],[52,23],[53,4],[53,10],[53,18],[53,24],[63,3],[63,17],[71,3],[71,4],[71,17],[71,18],[72,4],[72,9],[72,18],[72,23],[73,4],[73,10],[73,18],[73,24]]","[[1,1,1,1,1,1,1,1],[1,1,0,0,1,1,0,0],[0,1,1,0,0,1,1,0],[0,1,0,1,0,1,0,1],[1,0,0,0,1,0,0,0],[1,1,0,0,1,1,0,0],[0,1,1,0,0,1,1,0],[0,1,0,1,0,1,0,1]]",83d6fdad9e84000fe074204b99ee52f124c23d22f6d87c4916c02df48320912e,"{""p_branch_flow"":3,""p_injection"":1,""q_branch_flow"":4}","{""p_branch_flow"":0.375,""p_injection"":0.125,""q_branch_flow"":0.5}","{""angle"":4,""voltage"":4}","{""angle"":0.5,""voltage"":0.5}","[8,4,4,4,2,4,4,4]","[4,7,3,3,4,7,3,3]","{""2"":1,""4"":6,""8"":1}","{""3"":4,""4"":2,""7"":2}",34,8,14.906491364095842,875.7593751626655,1106.2619817178402,657.5689046379408,"[875.7593751626655,448.53181333854013,314.58084185855375,243.95905047358997,209.96776640797398,206.32188526508153,84.24017796378105,58.750201759217596]",False,branch_flow_heavy,3,matrix_structure_and_metadata_only
ieee14_injection_heavy_v00,ieee14,"[15,17,18,22,29,31,32,36]","[0,2,3,7,14,16,17,21]","[15,17,18,22,29,31,32,36]","[0,2,3,7,14,16,17,21]","[[15,0],[15,2],[15,3],[15,14],[15,16],[15,17],[17,0],[17,2],[17,3],[17,7],[17,14],[17,16],[17,17],[17,21],[18,0],[18,2],[18,3],[18,14],[18,16],[18,17],[22,2],[22,7],[22,16],[22,21],[29,0],[29,2],[29,3],[29,14],[29,16],[29,17],[31,0],[31,2],[31,3],[31,7],[31,14],[31,16],[31,17],[31,21],[32,0],[32,2],[32,3],[32,14],[32,16],[32,17],[36,2],[36,7],[36,16],[36,21]]","[[1,1,1,0,1,1,1,0],[1,1,1,1,1,1,1,1],[1,1,1,0,1,1,1,0],[0,1,0,1,0,1,0,1],[1,1,1,0,1,1,1,0],[1,1,1,1,1,1,1,1],[1,1,1,0,1,1,1,0],[0,1,0,1,0,1,0,1]]",b226e72608771ada1279707e85605a1ca883c7f4addd720262aefdcc2f2e03f9,"{""p_injection"":4,""q_injection"":4}","{""p_injection"":0.5,""q_injection"":0.5}","{""angle"":4,""voltage"":4}","{""angle"":0.5,""voltage"":0.5}","[6,8,6,4,6,8,6,4]","[6,8,6,4,6,8,6,4]","{""4"":2,""6"":4,""8"":2}","{""4"":2,""6"":4,""8"":2}",48,8,5.031296487153873,2139.7416068481593,3730.855652133018,1335.8517116760058,"[2139.7416068481593,2083.230312715313,1247.5125699688979,1203.0859587315522,929.4786036022587,867.0904260346931,447.8761422369218,425.28632775099646]",False,injection_heavy,0,matrix_structure_and_metadata_only
ieee14_injection_heavy_v01,ieee14,"[14,19,20,23,28,33,34,37]","[3,5,7,9,13,17,21,23]","[14,19,20,23,28,33,34,37]","[3,5,7,9,13,17,21,23]","[[14,3],[14,13],[14,17],[19,3],[19,9],[19,17],[19,23],[20,5],[20,7],[20,21],[23,7],[23,9],[23,21],[23,23],[28,3],[28,13],[28,17],[33,3],[33,9],[33,17],[33,23],[34,5],[34,7],[34,21],[37,7],[37,9],[37,21],[37,23]]","[[1,0,0,0,1,1,0,0],[1,0,0,1,0,1,0,1],[0,1,1,0,0,0,1,0],[0,0,1,1,0,0,1,1],[1,0,0,0,1,1,0,0],[1,0,0,1,0,1,0,1],[0,1,1,0,0,0,1,0],[0,0,1,1,0,0,1,1]]",39cba9b093f3a7195d56216b99c2ee1b184d94648ebb339ee2ddd5e1ac2c803f,"{""p_injection"":4,""q_injection"":4}","{""p_injection"":0.5,""q_injection"":0.5}","{""angle"":4,""voltage"":4}","{""angle"":0.5,""voltage"":0.5}","[3,4,3,4,3,4,3,4]","[4,2,4,4,2,4,4,4]","{""3"":4,""4"":4}","{""2"":2,""4"":6}",28,8,12.422499909243763,833.6743503084596,1358.4174587566858,735.3675002893821,"[833.6743503084596,762.8200374644877,523.8351162917373,409.17632544826483,246.9308037569873,227.83817449378625,95.77762863059836,67.11003070228323]",False,injection_heavy,1,matrix_structure_and_metadata_only
ieee14_injection_heavy_v02,ieee14,"[16,19,24,26,30,33,38,40]","[1,4,9,11,15,18,23,25]","[16,19,24,26,30,33,38,40]","[1,4,9,11,15,18,23,25]","[[16,1],[16,15],[19,4],[19,9],[19,11],[19,18],[19,23],[19,25],[24,4],[24,9],[24,18],[24,23],[26,4],[26,11],[26,18],[26,25],[30,1],[30,15],[33,4],[33,9],[33,11],[33,18],[33,23],[33,25],[38,4],[38,9],[38,18],[38,23],[40,4],[40,11],[40,18],[40,25]]","[[1,0,0,0,1,0,0,0],[0,1,1,1,0,1,1,1],[0,1,1,0,0,1,1,0],[0,1,0,1,0,1,0,1],[1,0,0,0,1,0,0,0],[0,1,1,1,0,1,1,1],[0,1,1,0,0,1,1,0],[0,1,0,1,0,1,0,1]]",9f15dba62184443a6c24f80bd6110490bede16570c50e5f1131b4c1c851d59fe,"{""p_injection"":4,""q_injection"":4}","{""p_injection"":0.5,""q_injection"":0.5}","{""angle"":4,""voltage"":4}","{""angle"":0.5,""voltage"":0.5}","[2,6,4,4,2,6,4,4]","[2,6,4,4,2,6,4,4]","{""2"":2,""4"":4,""6"":2}","{""2"":2,""4"":4,""6"":2}",32,8,4.478830623072006,898.3898099312345,1462.3965634771046,657.5689046379408,"[898.3898099312345,846.0108447739555,393.41041898888346,375.19041880939426,365.3732318272375,315.0806283673229,217.29573816508017,200.585796949614]",False,injection_heavy,2,matrix_structure_and_metadata_only
ieee14_injection_heavy_v03,ieee14,"[15,17,18,25,29,31,32,39]","[0,2,3,4,14,16,17,18]","[15,17,18,25,29,31,32,39]","[0,2,3,4,14,16,17,18]","[[15,0],[15,2],[15,3],[15,14],[15,16],[15,17],[17,0],[17,2],[17,3],[17,14],[17,16],[17,17],[18,0],[18,2],[18,3],[18,4],[18,14],[18,16],[18,17],[18,18],[25,4],[25,18],[29,0],[29,2],[29,3],[29,14],[29,16],[29,17],[31,0],[31,2],[31,3],[31,14],[31,16],[31,17],[32,0],[32,2],[32,3],[32,4],[32,14],[32,16],[32,17],[32,18],[39,4],[39,18]]","[[1,1,1,0,1,1,1,0],[1,1,1,0,1,1,1,0],[1,1,1,1,1,1,1,1],[0,0,0,1,0,0,0,1],[1,1,1,0,1,1,1,0],[1,1,1,0,1,1,1,0],[1,1,1,1,1,1,1,1],[0,0,0,1,0,0,0,1]]",2492f582e7174a8d369ad18c33e38e8acb6a4b53dd471f063b1789b6f2c5c786,"{""p_injection"":4,""q_injection"":4}","{""p_injection"":0.5,""q_injection"":0.5}","{""angle"":4,""voltage"":4}","{""angle"":0.5,""voltage"":0.5}","[6,6,8,2,6,6,8,2]","[6,6,6,4,6,6,6,4]","{""2"":2,""6"":4,""8"":2}","{""4"":2,""6"":6}",44,8,17.893182953256833,2140.3945273704358,3516.8981869687873,1335.8517116760058,"[2140.3945273704358,2084.0716549657873,1247.4379482418533,1203.014674474305,463.5231292451071,442.00923377246926,126.6837055961782,119.62066966854833]",False,injection_heavy,3,matrix_structure_and_metadata_only
ieee14_lexicographic_metadata_v00,ieee14,"[17,42,44,45,46,59,60,61]","[0,1,2,8,9,10,11,12]","[17,42,44,45,46,59,60,61]","[0,1,2,8,9,10,11,12]","[[17,0],[17,1],[17,2],[42,0],[44,0],[44,1],[45,0],[45,2],[46,0],[59,8],[59,9],[60,10],[60,11],[61,11],[61,12]]","[[1,1,1,0,0,0,0,0],[1,0,0,0,0,0,0,0],[1,1,0,0,0,0,0,0],[1,0,1,0,0,0,0,0],[1,0,0,0,0,0,0,0],[0,0,0,1,1,0,0,0],[0,0,0,0,0,1,1,0],[0,0,0,0,0,0,1,1]]",2d0d7ff8409f7a4138382597bb587ef6f421e72fee8db07af571a8085e27e217,"{""p_branch_flow"":7,""p_injection"":1}","{""p_branch_flow"":0.875,""p_injection"":0.125}","{""angle"":8}","{""angle"":1.0}","[3,1,2,2,1,2,2,2]","[5,2,2,1,1,1,2,1]","{""1"":2,""2"":5,""3"":1}","{""1"":4,""2"":3,""5"":1}",15,6,inf,1408.8204867925272,1770.332346131729,1335.8517116760058,"[1408.8204867925272,953.9962048202302,343.5430247784969,242.73212258396234,216.07693988823337,124.75077467895302,1.6213992756087242e-14,0.0]",False,lexicographic_metadata,0,matrix_structure_and_metadata_only
ieee14_lexicographic_metadata_v01,ieee14,"[50,51,52,53,54,55,56,57]","[2,3,4,5,6,7,18,22]","[50,51,52,53,54,55,56,57]","[2,3,4,5,6,7,18,22]","[[50,2],[50,7],[51,3],[51,4],[51,18],[52,4],[52,18],[53,4],[53,18],[54,4],[54,18],[55,5],[55,6],[56,5],[56,7],[57,7],[57,22]]","[[1,0,0,0,0,1,0,0],[0,1,1,0,0,0,1,0],[0,0,1,0,0,0,1,0],[0,0,1,0,0,0,1,0],[0,0,1,0,0,0,1,0],[0,0,0,1,1,0,0,0],[0,0,0,1,0,1,0,0],[0,0,0,0,0,1,0,1]]",4732dd37ea2a8587354b63e7de822fca2310b92ad3ac960bc33a960dd499f4b4,"{""p_branch_flow"":8}","{""p_branch_flow"":1.0}","{""angle"":6,""voltage"":2}","{""angle"":0.75,""voltage"":0.25}","[2,3,2,2,2,2,2,2]","[1,1,4,2,1,3,4,1]","{""2"":7,""3"":1}","{""1"":4,""2"":1,""3"":1,""4"":2}",17,7,2.342526920235687e+17,886.2935971818898,1221.5108080654481,575.168889205989,"[886.2935971818898,554.0069088639408,519.5895782189691,248.78014401761723,239.02683611358364,102.9166775238333,7.622204399252932,3.783493754226388e-15]",False,lexicographic_metadata,1,matrix_structure_and_metadata_only
ieee14_lexicographic_metadata_v02,ieee14,"[15,16,17,18,24,25,26,27]","[14,15,16,22,23,24,25,26]","[15,16,17,18,24,25,26,27]","[14,15,16,22,23,24,25,26]","[[15,14],[15,15],[15,16],[16,14],[16,15],[16,16],[17,14],[17,15],[17,16],[18,14],[18,16],[24,22],[24,23],[25,24],[25,25],[26,24],[26,25],[26,26],[27,25],[27,26]]","[[1,1,1,0,0,0,0,0],[1,1,1,0,0,0,0,0],[1,1,1,0,0,0,0,0],[1,0,1,0,0,0,0,0],[0,0,0,1,1,0,0,0],[0,0,0,0,0,1,1,0],[0,0,0,0,0,1,1,1],[0,0,0,0,0,0,1,1]]",7a2a28fa1729b145c793afd240f44b8d3d082f75c089f1412745a7bb86851553,"{""p_injection"":8}","{""p_injection"":1.0}","{""voltage"":8}","{""voltage"":1.0}","[3,3,3,2,2,2,3,2]","[4,3,4,1,1,2,3,2]","{""2"":4,""3"":4}","{""1"":2,""2"":2,""3"":2,""4"":2}",20,7,inf,412.96922997162244,643.1706951665723,340.29224905362946,"[412.96922997162244,350.55803689956775,281.90954217421967,145.65836088957357,103.36072707930037,70.8099288887695,62.025696169481265,0.0]",False,lexicographic_metadata,2,matrix_structure_and_metadata_only
ieee14_lexicographic_metadata_v03,ieee14,"[17,22,31,34,36,63,65,79]","[2,7,8,9,16,17,19,21]","[17,22,31,34,36,63,65,79]","[2,7,8,9,16,17,19,21]","[[17,2],[17,7],[17,16],[17,17],[17,19],[17,21],[22,2],[22,7],[22,8],[22,16],[22,19],[22,21],[31,2],[31,7],[31,16],[31,17],[31,19],[31,21],[34,2],[34,7],[34,16],[34,19],[34,21],[36,2],[36,7],[36,8],[36,16],[36,19],[36,21],[63,17],[65,2],[65,16],[79,8],[79,9]]","[[1,1,0,0,1,1,1,1],[1,1,1,0,1,0,1,1],[1,1,0,0,1,1,1,1],[1,1,0,0,1,0,1,1],[1,1,1,0,1,0,1,1],[0,0,0,0,0,1,0,0],[1,0,0,0,1,0,0,0],[0,0,1,1,0,0,0,0]]",567bcf500cb40952ab16e798aef4057d8c3c355d894ed08c48dc159130f5e6bb,"{""p_injection"":2,""q_branch_flow"":3,""q_injection"":3}","{""p_injection"":0.25,""q_branch_flow"":0.375,""q_injection"":0.375}","{""angle"":4,""voltage"":4}","{""angle"":0.5,""voltage"":0.5}","[6,6,6,5,6,1,2,2]","[6,5,3,1,6,3,5,5]","{""1"":1,""2"":2,""5"":1,""6"":4}","{""1"":1,""3"":2,""5"":3,""6"":2}",34,8,4014.514446681523,1607.8353739077897,2657.3357300803546,1335.8517116760058,"[1607.8353739077897,1403.971806565368,1118.589769993884,991.1122297290497,443.0328893191206,235.0817117317846,141.68105404288838,0.4005055643122316]",False,lexicographic_metadata,3,matrix_structure_and_metadata_only
ieee14_measurement_balanced_v00,ieee14,"[0,17,18,29,31,32,48,68]","[0,2,3,13,14,15,16,17]","[0,17,18,29,31,32,48,68]","[0,2,3,13,14,15,16,17]","[[0,13],[17,0],[17,2],[17,3],[17,14],[17,15],[17,16],[17,17],[18,0],[18,2],[18,3],[18,13],[18,14],[18,16],[18,17],[29,0],[29,2],[29,3],[29,13],[29,14],[29,15],[29,16],[29,17],[31,0],[31,2],[31,3],[31,14],[31,15],[31,16],[31,17],[32,0],[32,2],[32,3],[32,13],[32,14],[32,16],[32,17],[48,2],[48,3],[48,16],[48,17],[68,2],[68,3],[68,16],[68,17]]","[[0,0,0,1,0,0,0,0],[1,1,1,0,1,1,1,1],[1,1,1,1,1,0,1,1],[1,1,1,1,1,1,1,1],[1,1,1,0,1,1,1,1],[1,1,1,1,1,0,1,1],[0,1,1,0,0,0,1,1],[0,1,1,0,0,0,1,1]]",f3adc6966c03e1d4b4af27a99805be9c1b847bccff095dea27b633999edc1cd7,"{""p_branch_flow"":1,""p_injection"":2,""q_branch_flow"":1,""q_injection"":3,""voltage_magnitude"":1}","{""p_branch_flow"":0.125,""p_injection"":0.25,""q_branch_flow"":0.125,""q_injection"":0.375,""voltage_magnitude"":0.125}","{""angle"":3,""voltage"":5}","{""angle"":0.375,""voltage"":0.625}","[1,7,7,8,7,7,4,4]","[5,7,7,4,5,3,7,7]","{""1"":1,""4"":2,""7"":4,""8"":1}","{""3"":1,""4"":1,""5"":2,""7"":4}",45,8,163.783229192329,2724.861083436768,4089.7940936414047,1335.8517116760058,"[2724.861083436768,2635.7091967270862,1292.1127765267101,611.005487253467,542.265937155944,125.12098523302782,41.44037541075104,16.636996943301142]",False,measurement_balanced,0,matrix_structure_and_metadata_only
ieee14_measurement_balanced_v01,ieee14,"[1,15,18,29,31,32,42,62]","[0,2,3,13,14,15,16,17]","[1,15,18,29,31,32,42,62]","[0,2,3,13,14,15,16,17]","[[1,14],[15,0],[15,2],[15,3],[15,13],[15,14],[15,15],[15,16],[15,17],[18,0],[18,2],[18,3],[18,13],[18,14],[18,16],[18,17],[29,0],[29,2],[29,3],[29,13],[29,14],[29,15],[29,16],[29,17],[31,0],[31,2],[31,3],[31,14],[31,15],[31,16],[31,17],[32,0],[32,2],[32,3],[32,13],[32,14],[32,16],[32,17],[42,0],[42,13],[42,14],[62,0],[62,13],[62,14]]","[[0,0,0,0,1,0,0,0],[1,1,1,1,1,1,1,1],[1,1,1,1,1,0,1,1],[1,1,1,1,1,1,1,1],[1,1,1,0,1,1,1,1],[1,1,1,1,1,0,1,1],[1,0,0,1,1,0,0,0],[1,0,0,1,1,0,0,0]]",5afbed78a046659943fd78eab84075b249aeeb0ddcac315630d31c2565efe2d8,"{""p_branch_flow"":1,""p_injection"":2,""q_branch_flow"":1,""q_injection"":3,""voltage_magnitude"":1}","{""p_branch_flow"":0.125,""p_injection"":0.25,""q_branch_flow"":0.125,""q_injection"":0.375,""voltage_magnitude"":0.125}","{""angle"":3,""voltage"":5}","{""angle"":0.375,""voltage"":0.625}","[1,8,7,8,7,7,3,3]","[7,5,5,6,8,3,5,5]","{""1"":1,""3"":2,""7"":3,""8"":2}","{""3"":1,""5"":4,""6"":1,""7"":1,""8"":1}",44,8,52.17339395903576,2106.8819702789015,3525.189173491232,1315.3495322180029,"[2106.8819702789015,1744.3943987536575,1594.5619256427756,1384.466097851013,626.9519144901068,263.09425251358266,147.6588079307623,40.38230619869453]",False,measurement_balanced,1,matrix_structure_and_metadata_only
ieee14_measurement_balanced_v02,ieee14,"[15,17,22,29,36,57,62,77]","[0,2,7,8,14,16,21,22]","[15,17,22,29,36,57,62,77]","[0,2,7,8,14,16,21,22]","[[15,0],[15,2],[15,14],[15,16],[17,0],[17,2],[17,7],[17,14],[17,16],[17,21],[22,2],[22,7],[22,8],[22,16],[22,21],[22,22],[29,0],[29,2],[29,14],[29,16],[36,2],[36,7],[36,8],[36,16],[36,21],[36,22],[57,7],[57,8],[57,21],[57,22],[62,0],[62,14],[77,7],[77,8],[77,21],[77,22]]","[[1,1,0,0,1,1,0,0],[1,1,1,0,1,1,1,0],[0,1,1,1,0,1,1,1],[1,1,0,0,1,1,0,0],[0,1,1,1,0,1,1,1],[0,0,1,1,0,0,1,1],[1,0,0,0,1,0,0,0],[0,0,1,1,0,0,1,1]]",8b87288e4d91ae054133ca228cb4116ad862560dca5bde7854bc116fdf68bbbb,"{""p_branch_flow"":1,""p_injection"":3,""q_branch_flow"":2,""q_injection"":2}","{""p_branch_flow"":0.125,""p_injection"":0.375,""q_branch_flow"":0.25,""q_injection"":0.25}","{""angle"":4,""voltage"":4}","{""angle"":0.5,""voltage"":0.5}","[4,6,6,4,6,4,2,4]","[4,5,5,4,4,5,5,4]","{""2"":1,""4"":4,""6"":3}","{""4"":4,""5"":4}",36,8,13.445918637583247,1495.6597284507861,2935.789268094836,1335.8517116760058,"[1495.6597284507861,1395.9676878367086,1304.204917506554,1238.2549748802724,1035.5089394138988,247.07214690273628,230.67788033637046,111.23522079556582]",False,measurement_balanced,2,matrix_structure_and_metadata_only
ieee14_measurement_balanced_v03,ieee14,"[3,22,28,36,42,56,57,76]","[0,5,7,8,16,19,21,22]","[3,22,28,36,42,56,57,76]","[0,5,7,8,16,19,21,22]","[[3,16],[22,5],[22,7],[22,8],[22,16],[22,19],[22,21],[22,22],[28,0],[36,5],[36,7],[36,8],[36,16],[36,19],[36,21],[36,22],[42,0],[56,5],[56,7],[56,19],[56,21],[57,7],[57,8],[57,21],[57,22],[76,5],[76,7],[76,19],[76,21]]","[[0,0,0,0,1,0,0,0],[0,1,1,1,1,1,1,1],[1,0,0,0,0,0,0,0],[0,1,1,1,1,1,1,1],[1,0,0,0,0,0,0,0],[0,1,1,0,0,1,1,0],[0,0,1,1,0,0,1,1],[0,1,1,0,0,1,1,0]]",02f46c8ee5630e0acecb88ad22a1d444f891970889ce9f5a8a78c2ee1edc55e6,"{""p_branch_flow"":3,""p_injection"":1,""q_branch_flow"":1,""q_injection"":2,""voltage_magnitude"":1}","{""p_branch_flow"":0.375,""p_injection"":0.125,""q_branch_flow"":0.125,""q_injection"":0.25,""voltage_magnitude"":0.125}","{""angle"":4,""voltage"":4}","{""angle"":0.5,""voltage"":0.5}","[1,7,1,7,1,4,4,4]","[2,4,5,3,3,4,5,3]","{""1"":3,""4"":3,""7"":2}","{""2"":1,""3"":3,""4"":2,""5"":2}",29,7,2.512949686165035e+17,1437.4597631800366,2158.6726644976047,899.5929239869998,"[1437.4597631800366,1181.6774835810395,873.2227701074871,559.3654373886769,326.8246772860698,99.40126403652341,71.50347355719711,5.720209087726371e-15]",False,measurement_balanced,3,matrix_structure_and_metadata_only
ieee14_mixed_state_v00,ieee14,"[14,15,17,18,28,29,31,32]","[0,2,3,7,13,14,16,17]","[14,15,17,18,28,29,31,32]","[0,2,3,7,13,14,16,17]","[[14,0],[14,3],[14,13],[14,14],[14,17],[15,0],[15,2],[15,3],[15,13],[15,14],[15,16],[15,17],[17,0],[17,2],[17,3],[17,7],[17,14],[17,16],[17,17],[18,0],[18,2],[18,3],[18,13],[18,14],[18,16],[18,17],[28,0],[28,3],[28,13],[28,14],[28,17],[29,0],[29,2],[29,3],[29,13],[29,14],[29,16],[29,17],[31,0],[31,2],[31,3],[31,7],[31,14],[31,16],[31,17],[32,0],[32,2],[32,3],[32,13],[32,14],[32,16],[32,17]]","[[1,0,1,0,1,1,0,1],[1,1,1,0,1,1,1,1],[1,1,1,1,0,1,1,1],[1,1,1,0,1,1,1,1],[1,0,1,0,1,1,0,1],[1,1,1,0,1,1,1,1],[1,1,1,1,0,1,1,1],[1,1,1,0,1,1,1,1]]",291174e5c4d484a40f4c1807e732ba38fb2eb56df5c60258ecb27f3445eab9c2,"{""p_injection"":4,""q_injection"":4}","{""p_injection"":0.5,""q_injection"":0.5}","{""angle"":4,""voltage"":4}","{""angle"":0.5,""voltage"":0.5}","[5,7,7,7,5,7,7,7]","[8,6,8,2,6,8,6,8]","{""5"":2,""7"":6}","{""2"":1,""6"":3,""8"":4}",52,8,156.51927562185463,2141.5926206598874,3729.1147099596265,1335.8517116760058,"[2141.5926206598874,2092.727247258876,1531.837871586975,1347.1708508669656,679.9548132742945,537.9661255831226,164.43951848687098,13.682612650431018]",False,mixed_state,0,matrix_structure_and_metadata_only
ieee14_mixed_state_v01,ieee14,"[17,20,22,31,34,36,56,76]","[0,2,5,7,8,14,19,21]","[17,20,22,31,34,36,56,76]","[0,2,5,7,8,14,19,21]","[[17,0],[17,2],[17,5],[17,7],[17,14],[17,19],[17,21],[20,2],[20,5],[20,7],[20,19],[20,21],[22,2],[22,5],[22,7],[22,8],[22,19],[22,21],[31,0],[31,2],[31,5],[31,7],[31,14],[31,19],[31,21],[34,2],[34,5],[34,7],[34,19],[34,21],[36,2],[36,5],[36,7],[36,8],[36,19],[36,21],[56,5],[56,7],[56,19],[56,21],[76,5],[76,7],[76,19],[76,21]]","[[1,1,1,1,0,1,1,1],[0,1,1,1,0,0,1,1],[0,1,1,1,1,0,1,1],[1,1,1,1,0,1,1,1],[0,1,1,1,0,0,1,1],[0,1,1,1,1,0,1,1],[0,0,1,1,0,0,1,1],[0,0,1,1,0,0,1,1]]",2f8fd202dad449b9dc56c9e77a010a2973c11badc2ec8e1a05f2baa668c447bf,"{""p_branch_flow"":1,""p_injection"":3,""q_branch_flow"":1,""q_injection"":3}","{""p_branch_flow"":0.125,""p_injection"":0.375,""q_branch_flow"":0.125,""q_injection"":0.375}","{""angle"":5,""voltage"":3}","{""angle"":0.625,""voltage"":0.375}","[7,5,6,7,5,6,4,4]","[2,6,8,8,2,2,8,8]","{""4"":2,""5"":2,""6"":2,""7"":2}","{""2"":3,""6"":1,""8"":4}",44,8,1709.4536613640253,1474.0888825532882,2517.195613629386,1335.8517116760058,"[1474.0888825532882,1373.4202076834783,1307.4894221756401,536.2609957680726,490.1063952358722,173.05881967101357,98.96380522995001,0.8623157888802131]",False,mixed_state,1,matrix_structure_and_metadata_only
ieee14_mixed_state_v02,ieee14,"[19,20,22,24,34,36,38,77]","[4,5,8,11,18,19,21,22]","[19,20,22,24,34,36,38,77]","[4,5,8,11,18,19,21,22]","[[19,4],[19,11],[19,18],[20,5],[20,19],[20,21],[22,5],[22,8],[22,19],[22,21],[22,22],[24,4],[24,8],[24,18],[24,22],[34,5],[34,19],[34,21],[36,5],[36,8],[36,19],[36,21],[36,22],[38,4],[38,8],[38,18],[38,22],[77,8],[77,21],[77,22]]","[[1,0,0,1,1,0,0,0],[0,1,0,0,0,1,1,0],[0,1,1,0,0,1,1,1],[1,0,1,0,1,0,0,1],[0,1,0,0,0,1,1,0],[0,1,1,0,0,1,1,1],[1,0,1,0,1,0,0,1],[0,0,1,0,0,0,1,1]]",d3de0a2e94be7f4787f1bd51158dd70975be69d437f2e249d330d96ef3161941,"{""p_injection"":4,""q_branch_flow"":1,""q_injection"":3}","{""p_injection"":0.5,""q_branch_flow"":0.125,""q_injection"":0.375}","{""angle"":4,""voltage"":4}","{""angle"":0.5,""voltage"":0.5}","[3,3,5,4,3,5,4,3]","[3,4,5,1,3,4,5,5]","{""3"":4,""4"":2,""5"":2}","{""1"":1,""3"":2,""4"":2,""5"":3}",30,8,29.583643431402287,1331.9251879437008,1927.8579028695658,852.6580472005529,"[1331.9251879437008,833.9095289594555,754.4206530401545,668.3241319677809,407.53476356666783,226.5858175573169,109.29725262962857,45.02235132167311]",False,mixed_state,2,matrix_structure_and_metadata_only
ieee14_mixed_state_v03,ieee14,"[19,24,26,33,38,40,54,74]","[4,9,10,11,18,22,23,25]","[19,24,26,33,38,40,54,74]","[4,9,10,11,18,22,23,25]","[[19,4],[19,9],[19,10],[19,11],[19,18],[19,23],[19,25],[24,4],[24,9],[24,18],[24,22],[24,23],[26,4],[26,10],[26,11],[26,18],[26,25],[33,4],[33,9],[33,10],[33,11],[33,18],[33,23],[33,25],[38,4],[38,9],[38,18],[38,22],[38,23],[40,4],[40,10],[40,11],[40,18],[40,25],[54,4],[54,11],[54,18],[54,25],[74,4],[74,11],[74,18],[74,25]]","[[1,1,1,1,1,0,1,1],[1,1,0,0,1,1,1,0],[1,0,1,1,1,0,0,1],[1,1,1,1,1,0,1,1],[1,1,0,0,1,1,1,0],[1,0,1,1,1,0,0,1],[1,0,0,1,1,0,0,1],[1,0,0,1,1,0,0,1]]",be20de58da554cc3acfdb4448b43dac6a646f3bdeb82d6b8ab7e56c96d82b4b5,"{""p_branch_flow"":1,""p_injection"":3,""q_branch_flow"":1,""q_injection"":3}","{""p_branch_flow"":0.125,""p_injection"":0.375,""q_branch_flow"":0.125,""q_injection"":0.375}","{""angle"":4,""voltage"":4}","{""angle"":0.5,""voltage"":0.5}","[7,5,5,7,5,5,4,4]","[8,4,4,6,8,2,4,6]","{""4"":2,""5"":4,""7"":2}","{""2"":1,""4"":3,""6"":2,""8"":2}",42,8,51.488283549427415,1035.4143970915443,1586.670446987423,657.5689046379408,"[1035.4143970915443,981.170535035259,442.9743446140641,413.3438930709112,252.17460515722297,226.25010366411618,21.898164385156356,20.109708961215873]",False,mixed_state,3,matrix_structure_and_metadata_only
ieee14_seeded_random_v01,ieee14,"[15,34,36,40,50,60,72,79]","[1,7,8,9,13,19,20,25]","[15,34,36,40,50,60,72,79]","[1,7,8,9,13,19,20,25]","[[15,1],[15,13],[34,7],[34,19],[34,20],[36,7],[36,8],[36,19],[40,25],[50,7],[60,25],[72,9],[79,8],[79,9]]","[[1,0,0,0,1,0,0,0],[0,1,0,0,0,1,1,0],[0,1,1,0,0,1,0,0],[0,0,0,0,0,0,0,1],[0,1,0,0,0,0,0,0],[0,0,0,0,0,0,0,1],[0,0,0,1,0,0,0,0],[0,0,1,1,0,0,0,0]]",ea33f0c2332ee8c0f4934db2a404931215921dbf818841729984535ffa7b14d6,"{""p_branch_flow"":2,""p_injection"":1,""q_branch_flow"":2,""q_injection"":3}","{""p_branch_flow"":0.25,""p_injection"":0.125,""q_branch_flow"":0.25,""q_injection"":0.375}","{""angle"":4,""voltage"":4}","{""angle"":0.5,""voltage"":0.5}","[2,3,3,1,1,1,1,2]","[1,3,2,2,1,2,1,2]","{""1"":4,""2"":2,""3"":2}","{""1"":3,""2"":4,""3"":1}",14,7,inf,790.6074966477216,980.2528036166317,692.7225130929875,"[790.6074966477216,393.0418663398833,273.9875427439831,271.35510068590514,162.54932612391934,74.2295049114341,26.802415504387987,0.0]",False,seeded_random,1,matrix_structure_and_metadata_only
ieee14_seeded_random_v02,ieee14,"[0,15,35,40,43,55,57,72]","[4,8,9,10,13,19,22,23]","[0,15,35,40,43,55,57,72]","[4,8,9,10,13,19,22,23]","[[0,13],[15,13],[35,19],[40,4],[40,10],[43,13],[55,19],[57,8],[57,22],[72,4],[72,9],[72,23]]","[[0,0,0,0,1,0,0,0],[0,0,0,0,1,0,0,0],[0,0,0,0,0,1,0,0],[1,0,0,1,0,0,0,0],[0,0,0,0,1,0,0,0],[0,0,0,0,0,1,0,0],[0,1,0,0,0,0,1,0],[1,0,1,0,0,0,0,1]]",85f9eb86f63cb8bdcb0f98c094dd1a6a66c57869d37da078be1ae5807abfd7fb,"{""p_branch_flow"":3,""p_injection"":1,""q_branch_flow"":1,""q_injection"":2,""voltage_magnitude"":1}","{""p_branch_flow"":0.375,""p_injection"":0.125,""q_branch_flow"":0.125,""q_injection"":0.25,""voltage_magnitude"":0.125}","{""angle"":4,""voltage"":4}","{""angle"":0.5,""voltage"":0.5}","[1,1,1,2,1,1,2,3]","[2,1,1,1,3,2,1,1]","{""1"":5,""2"":2,""3"":1}","{""1"":5,""2"":2,""3"":1}",12,5,3.650311583733787e+18,610.8660172931063,757.5901716615328,575.168889205989,"[610.8660172931063,270.73650609802286,253.92340430202924,206.9696572579352,142.03445744834343,1.6554599915022166e-14,8.564119268973056e-15,1.6734626710092264e-16]",False,seeded_random,2,matrix_structure_and_metadata_only
ieee14_seeded_random_v03,ieee14,"[9,15,24,26,29,32,55,62]","[0,1,9,11,17,19,22,24]","[9,15,24,26,29,32,55,62]","[0,1,9,11,17,19,22,24]","[[9,22],[15,0],[15,1],[15,17],[24,9],[24,22],[26,11],[26,24],[29,0],[29,1],[29,17],[32,0],[32,17],[55,19],[62,0]]","[[0,0,0,0,0,0,1,0],[1,1,0,0,1,0,0,0],[0,0,1,0,0,0,1,0],[0,0,0,1,0,0,0,1],[1,1,0,0,1,0,0,0],[1,0,0,0,1,0,0,0],[0,0,0,0,0,1,0,0],[1,0,0,0,0,0,0,0]]",f7867b90ebdc0f026c095de57ec18249638a355c0684bcd718c01e20c332c8b4,"{""p_branch_flow"":1,""p_injection"":3,""q_branch_flow"":1,""q_injection"":2,""voltage_magnitude"":1}","{""p_branch_flow"":0.125,""p_injection"":0.375,""q_branch_flow"":0.125,""q_injection"":0.25,""voltage_magnitude"":0.125}","{""angle"":4,""voltage"":4}","{""angle"":0.5,""voltage"":0.5}","[1,3,2,2,3,2,1,1]","[4,2,1,1,3,1,2,1]","{""1"":3,""2"":3,""3"":2}","{""1"":4,""2"":2,""3"":1,""4"":1}",15,7,3.594759997671412e+17,1261.6868181467926,1785.4535457851061,1228.4916635111829,"[1261.6868181467926,1151.45125830657,394.96480391551364,320.5293745583238,97.67584517403701,43.288302026887415,0.1127201949158883,3.5097943088386404e-15]",False,seeded_random,3,matrix_structure_and_metadata_only
ieee14_topology_local_v00,ieee14,"[15,17,18,29,31,32,48,68]","[0,2,3,7,14,16,17,21]","[15,17,18,29,31,32,48,68]","[0,2,3,7,14,16,17,21]","[[15,0],[15,2],[15,3],[15,14],[15,16],[15,17],[17,0],[17,2],[17,3],[17,7],[17,14],[17,16],[17,17],[17,21],[18,0],[18,2],[18,3],[18,14],[18,16],[18,17],[29,0],[29,2],[29,3],[29,14],[29,16],[29,17],[31,0],[31,2],[31,3],[31,7],[31,14],[31,16],[31,17],[31,21],[32,0],[32,2],[32,3],[32,14],[32,16],[32,17],[48,2],[48,3],[48,16],[48,17],[68,2],[68,3],[68,16],[68,17]]","[[1,1,1,0,1,1,1,0],[1,1,1,1,1,1,1,1],[1,1,1,0,1,1,1,0],[1,1,1,0,1,1,1,0],[1,1,1,1,1,1,1,1],[1,1,1,0,1,1,1,0],[0,1,1,0,0,1,1,0],[0,1,1,0,0,1,1,0]]",2e6bdf021e398d032c52f526ccaf1cb067e35aa6736af9fd16bbd44691d96df5,"{""p_branch_flow"":1,""p_injection"":3,""q_branch_flow"":1,""q_injection"":3}","{""p_branch_flow"":0.125,""p_injection"":0.375,""q_branch_flow"":0.125,""q_injection"":0.375}","{""angle"":4,""voltage"":4}","{""angle"":0.5,""voltage"":0.5}","[6,8,6,6,8,6,4,4]","[6,8,8,2,6,8,8,2]","{""4"":2,""6"":4,""8"":2}","{""2"":2,""6"":2,""8"":4}",48,8,116.0586059285054,2724.872268686686,4213.548508043307,1335.8517116760058,"[2724.872268686686,2632.802146944008,1247.0455665484021,1202.6158649380322,454.26626530307806,434.06767337350743,26.14611789405189,23.478416330153628]",False,topology_local,0,matrix_structure_and_metadata_only
ieee14_topology_local_v01,ieee14,"[17,20,22,31,34,36,57,77]","[2,5,7,8,16,19,21,22]","[17,20,22,31,34,36,57,77]","[2,5,7,8,16,19,21,22]","[[17,2],[17,5],[17,7],[17,16],[17,19],[17,21],[20,2],[20,5],[20,7],[20,16],[20,19],[20,21],[22,2],[22,5],[22,7],[22,8],[22,16],[22,19],[22,21],[22,22],[31,2],[31,5],[31,7],[31,16],[31,19],[31,21],[34,2],[34,5],[34,7],[34,16],[34,19],[34,21],[36,2],[36,5],[36,7],[36,8],[36,16],[36,19],[36,21],[36,22],[57,7],[57,8],[57,21],[57,22],[77,7],[77,8],[77,21],[77,22]]","[[1,1,1,0,1,1,1,0],[1,1,1,0,1,1,1,0],[1,1,1,1,1,1,1,1],[1,1,1,0,1,1,1,0],[1,1,1,0,1,1,1,0],[1,1,1,1,1,1,1,1],[0,0,1,1,0,0,1,1],[0,0,1,1,0,0,1,1]]",b2d0779e2156c216d61f2613d7ef889a9bcc903e856ca0355da29f48e2975950,"{""p_branch_flow"":1,""p_injection"":3,""q_branch_flow"":1,""q_injection"":3}","{""p_branch_flow"":0.125,""p_injection"":0.375,""q_branch_flow"":0.125,""q_injection"":0.375}","{""angle"":4,""voltage"":4}","{""angle"":0.5,""voltage"":0.5}","[6,6,8,6,6,8,4,4]","[6,6,8,4,6,6,8,4]","{""4"":2,""6"":4,""8"":2}","{""4"":2,""6"":4,""8"":2}",48,8,10.132837768782062,1453.1347059162174,2956.1372242012744,1335.8517116760058,"[1453.1347059162174,1419.255512029447,1384.5443571891255,1338.5032518478292,672.9714613555811,637.0008428961423,158.36642560791174,143.40846454614461]",False,topology_local,1,matrix_structure_and_metadata_only
ieee14_topology_local_v02,ieee14,"[15,16,17,18,29,30,31,32]","[0,1,2,3,14,15,16,17]","[15,16,17,18,29,30,31,32]","[0,1,2,3,14,15,16,17]","[[15,0],[15,1],[15,2],[15,3],[15,14],[15,15],[15,16],[15,17],[16,0],[16,1],[16,2],[16,14],[16,15],[16,16],[17,0],[17,1],[17,2],[17,3],[17,14],[17,15],[17,16],[17,17],[18,0],[18,2],[18,3],[18,14],[18,16],[18,17],[29,0],[29,1],[29,2],[29,3],[29,14],[29,15],[29,16],[29,17],[30,0],[30,1],[30,2],[30,14],[30,15],[30,16],[31,0],[31,1],[31,2],[31,3],[31,14],[31,15],[31,16],[31,17],[32,0],[32,2],[32,3],[32,14],[32,16],[32,17]]","[[1,1,1,1,1,1,1,1],[1,1,1,0,1,1,1,0],[1,1,1,1,1,1,1,1],[1,0,1,1,1,0,1,1],[1,1,1,1,1,1,1,1],[1,1,1,0,1,1,1,0],[1,1,1,1,1,1,1,1],[1,0,1,1,1,0,1,1]]",b3f84a2e08ac361121af9e02357f00f4a15dfc0c3558b09f33786b506605f3c4,"{""p_injection"":4,""q_injection"":4}","{""p_injection"":0.5,""q_injection"":0.5}","{""angle"":4,""voltage"":4}","{""angle"":0.5,""voltage"":0.5}","[8,6,8,6,8,6,8,6]","[8,6,8,6,8,6,8,6]","{""6"":4,""8"":4}","{""6"":4,""8"":4}",56,8,12.534216510353657,2148.27912128101,3575.0850081908793,1335.8517116760058,"[2148.27912128101,2091.5294151549947,1261.4153604590526,1216.383226677032,584.8551762673352,549.7321551386284,217.3495658722834,171.39317160402197]",False,topology_local,2,matrix_structure_and_metadata_only
ieee14_topology_local_v03,ieee14,"[22,23,27,36,37,41,57,77]","[7,8,11,12,21,22,25,26]","[22,23,27,36,37,41,57,77]","[7,8,11,12,21,22,25,26]","[[22,7],[22,8],[22,12],[22,21],[22,22],[22,26],[23,7],[23,8],[23,21],[23,22],[27,7],[27,11],[27,12],[27,21],[27,25],[27,26],[36,7],[36,8],[36,12],[36,21],[36,22],[36,26],[37,7],[37,8],[37,21],[37,22],[41,7],[41,11],[41,12],[41,21],[41,25],[41,26],[57,7],[57,8],[57,21],[57,22],[77,7],[77,8],[77,21],[77,22]]","[[1,1,0,1,1,1,0,1],[1,1,0,0,1,1,0,0],[1,0,1,1,1,0,1,1],[1,1,0,1,1,1,0,1],[1,1,0,0,1,1,0,0],[1,0,1,1,1,0,1,1],[1,1,0,0,1,1,0,0],[1,1,0,0,1,1,0,0]]",06b18e64eb8ff2570dbdcbc9d6a1d1462584111d05e42a9a3b9ab6d73545e8ed,"{""p_branch_flow"":1,""p_injection"":3,""q_branch_flow"":1,""q_injection"":3}","{""p_branch_flow"":0.125,""p_injection"":0.375,""q_branch_flow"":0.125,""q_injection"":0.375}","{""angle"":4,""voltage"":4}","{""angle"":0.5,""voltage"":0.5}","[6,4,6,6,4,6,4,4]","[8,6,2,4,8,6,2,4]","{""4"":4,""6"":4}","{""2"":2,""4"":2,""6"":2,""8"":2}",40,8,134.16165796105014,1481.1957374317922,2121.7841797235374,899.5929239869998,"[1481.1957374317922,1400.0547495517167,384.2564426461329,360.27748851051547,193.2881785364042,181.12765994279545,11.474728613604265,11.040380388425234]",False,topology_local,3,matrix_structure_and_metadata_only
ieee14_voltage_dominant_v00,ieee14,"[15,17,18,22,29,31,32,36]","[13,14,16,17,18,19,21,22]","[15,17,18,22,29,31,32,36]","[13,14,16,17,18,19,21,22]","[[15,13],[15,14],[15,16],[15,17],[17,14],[17,16],[17,17],[17,19],[17,21],[18,13],[18,14],[18,16],[18,17],[18,18],[22,16],[22,19],[22,21],[22,22],[29,13],[29,14],[29,16],[29,17],[31,14],[31,16],[31,17],[31,19],[31,21],[32,13],[32,14],[32,16],[32,17],[32,18],[36,16],[36,19],[36,21],[36,22]]","[[1,1,1,1,0,0,0,0],[0,1,1,1,0,1,1,0],[1,1,1,1,1,0,0,0],[0,0,1,0,0,1,1,1],[1,1,1,1,0,0,0,0],[0,1,1,1,0,1,1,0],[1,1,1,1,1,0,0,0],[0,0,1,0,0,1,1,1]]",3d7607ad2784bdedeeb4ffece55327822ef2843b0460ce35a3554b6fdf79075b,"{""p_injection"":4,""q_injection"":4}","{""p_injection"":0.5,""q_injection"":0.5}","{""voltage"":8}","{""voltage"":1.0}","[4,5,5,4,4,5,5,4]","[4,6,8,6,2,4,4,2]","{""4"":4,""5"":4}","{""2"":2,""4"":3,""6"":2,""8"":1}",36,8,320.4882741154216,2095.6785645452287,2719.5368337352743,1315.3495322180029,"[2095.6785645452287,1299.9021176532372,1002.4845078254936,543.3486034627687,86.96356634919901,64.60125022065576,47.79951042235335,6.5390179104976704]",False,voltage_dominant,0,matrix_structure_and_metadata_only
ieee14_voltage_dominant_v01,ieee14,"[19,22,23,31,33,36,37,38]","[7,15,18,19,21,22,23,25]","[19,22,23,31,33,36,37,38]","[7,15,18,19,21,22,23,25]","[[19,18],[19,23],[19,25],[22,7],[22,19],[22,21],[22,22],[23,7],[23,21],[23,22],[23,23],[31,7],[31,15],[31,19],[31,21],[33,18],[33,23],[33,25],[36,7],[36,19],[36,21],[36,22],[37,7],[37,21],[37,22],[37,23],[38,18],[38,22],[38,23]]","[[0,0,1,0,0,0,1,1],[1,0,0,1,1,1,0,0],[1,0,0,0,1,1,1,0],[1,1,0,1,1,0,0,0],[0,0,1,0,0,0,1,1],[1,0,0,1,1,1,0,0],[1,0,0,0,1,1,1,0],[0,0,1,0,0,1,1,0]]",439952c1cd9681d9779f9d0c1f15a03cba6e5569e3e2d942d637a0b2a2999019,"{""p_injection"":3,""q_injection"":5}","{""p_injection"":0.375,""q_injection"":0.625}","{""angle"":1,""voltage"":7}","{""angle"":0.125,""voltage"":0.875}","[3,4,4,4,3,4,4,3]","[5,1,3,3,5,5,5,2]","{""3"":3,""4"":5}","{""1"":1,""2"":1,""3"":2,""5"":4}",29,8,211.965585778855,1170.23922326246,1797.8202571703084,899.5929239869998,"[1170.23922326246,1014.8545081320643,750.9534676967188,425.56773303190147,252.30743501457073,154.27353026326986,15.469794837283096,5.520892549431952]",False,voltage_dominant,1,matrix_structure_and_metadata_only
ieee14_voltage_dominant_v02,ieee14,"[19,24,25,26,33,38,39,40]","[4,11,18,22,23,24,25,26]","[19,24,25,26,33,38,39,40]","[4,11,18,22,23,24,25,26]","[[19,4],[19,11],[19,18],[19,23],[19,24],[19,25],[24,4],[24,18],[24,22],[24,23],[25,4],[25,11],[25,18],[25,24],[25,25],[26,4],[26,11],[26,18],[26,24],[26,25],[26,26],[33,4],[33,11],[33,18],[33,23],[33,24],[33,25],[38,4],[38,18],[38,22],[38,23],[39,4],[39,11],[39,18],[39,24],[39,25],[40,4],[40,11],[40,18],[40,24],[40,25],[40,26]]","[[1,1,1,0,1,1,1,0],[1,0,1,1,1,0,0,0],[1,1,1,0,0,1,1,0],[1,1,1,0,0,1,1,1],[1,1,1,0,1,1,1,0],[1,0,1,1,1,0,0,0],[1,1,1,0,0,1,1,0],[1,1,1,0,0,1,1,1]]",64b0dddc4e7d7359b07efd69e2c7e554cee189a85feeafd0ac95f3573a04e237,"{""p_injection"":4,""q_injection"":4}","{""p_injection"":0.5,""q_injection"":0.5}","{""angle"":2,""voltage"":6}","{""angle"":0.25,""voltage"":0.75}","[6,4,5,6,6,4,5,6]","[8,6,8,2,4,6,6,2]","{""4"":2,""5"":2,""6"":4}","{""2"":2,""4"":1,""6"":3,""8"":2}",42,8,1617.8840501381653,874.6414649603819,1389.841955827764,657.5689046379408,"[874.6414649603819,852.2926381110964,447.53233536394066,359.389457462473,318.1534534043444,97.57321525477782,8.474145131550905,0.5406082499457786]",False,voltage_dominant,2,matrix_structure_and_metadata_only
ieee14_voltage_dominant_v03,ieee14,"[15,17,18,29,30,31,32,33]","[2,3,14,15,16,17,23,24]","[15,17,18,29,30,31,32,33]","[2,3,14,15,16,17,23,24]","[[15,2],[15,3],[15,14],[15,15],[15,16],[15,17],[17,2],[17,3],[17,14],[17,15],[17,16],[17,17],[18,2],[18,3],[18,14],[18,16],[18,17],[29,2],[29,3],[29,14],[29,15],[29,16],[29,17],[30,2],[30,14],[30,15],[30,16],[31,2],[31,3],[31,14],[31,15],[31,16],[31,17],[32,2],[32,3],[32,14],[32,16],[32,17],[33,3],[33,17],[33,23],[33,24]]","[[1,1,1,1,1,1,0,0],[1,1,1,1,1,1,0,0],[1,1,1,0,1,1,0,0],[1,1,1,1,1,1,0,0],[1,0,1,1,1,0,0,0],[1,1,1,1,1,1,0,0],[1,1,1,0,1,1,0,0],[0,1,0,0,0,1,1,1]]",84bc87b14a79803b49182cd895d307c726617ebedf536b70e7d44c7f9ad435de,"{""p_injection"":3,""q_injection"":5}","{""p_injection"":0.375,""q_injection"":0.625}","{""angle"":2,""voltage"":6}","{""angle"":0.25,""voltage"":0.75}","[6,6,5,6,4,6,5,4]","[7,7,7,5,7,7,1,1]","{""4"":2,""5"":2,""6"":4}","{""1"":2,""5"":1,""7"":5}",42,7,1.2575689035855063e+18,2140.9850862367125,3347.366166115065,1335.8517116760058,"[2140.9850862367125,2090.894981096091,1217.2857939040625,625.5812051852115,550.0462060871005,214.73726637857715,165.534944548995,1.7024793473601822e-15]",False,voltage_dominant,3,matrix_structure_and_metadata_only
ieee14_voltage_measurement_heavy_v00,ieee14,"[0,1,2,3,42,48,62,68]","[0,2,3,13,14,15,16,17]","[0,1,2,3,42,48,62,68]","[0,2,3,13,14,15,16,17]","[[0,13],[1,14],[2,15],[3,16],[42,0],[42,13],[42,14],[48,2],[48,3],[48,16],[48,17],[62,0],[62,13],[62,14],[68,2],[68,3],[68,16],[68,17]]","[[0,0,0,1,0,0,0,0],[0,0,0,0,1,0,0,0],[0,0,0,0,0,1,0,0],[0,0,0,0,0,0,1,0],[1,0,0,1,1,0,0,0],[0,1,1,0,0,0,1,1],[1,0,0,1,1,0,0,0],[0,1,1,0,0,0,1,1]]",ab276680cac5e7ae57ac57240696aee315cc7251eebed1cf006428f4fbad555d,"{""p_branch_flow"":2,""q_branch_flow"":2,""voltage_magnitude"":4}","{""p_branch_flow"":0.25,""q_branch_flow"":0.25,""voltage_magnitude"":0.5}","{""angle"":3,""voltage"":5}","{""angle"":0.375,""voltage"":0.625}","[1,1,1,1,3,4,3,4]","[2,2,2,3,3,1,3,2]","{""1"":4,""3"":2,""4"":2}","{""1"":1,""2"":4,""3"":3}",18,7,1.5284269534494954e+17,1690.1056137558187,2789.289360316561,1118.5366821046048,"[1690.1056137558187,1613.4484750863812,1228.9920797865955,886.0715392147985,99.99999999999997,99.39843258137525,70.97756676141275,1.1057810842326695e-14]",False,voltage_measurement_heavy,0,matrix_structure_and_metadata_only
ieee14_voltage_measurement_heavy_v01,ieee14,"[3,4,5,6,54,56,76,77]","[5,7,16,17,18,19,21,22]","[3,4,5,6,54,56,76,77]","[5,7,16,17,18,19,21,22]","[[3,16],[4,17],[5,18],[6,19],[54,18],[56,5],[56,7],[56,19],[56,21],[76,5],[76,7],[76,19],[76,21],[77,7],[77,21],[77,22]]","[[0,0,1,0,0,0,0,0],[0,0,0,1,0,0,0,0],[0,0,0,0,1,0,0,0],[0,0,0,0,0,1,0,0],[0,0,0,0,1,0,0,0],[1,1,0,0,0,1,1,0],[1,1,0,0,0,1,1,0],[0,1,0,0,0,0,1,1]]",5b4c367df02c6f5dcd332e7084adb8919adc6204a14617a67b6dc517d544a67c,"{""p_branch_flow"":2,""q_branch_flow"":2,""voltage_magnitude"":4}","{""p_branch_flow"":0.25,""q_branch_flow"":0.25,""voltage_magnitude"":0.5}","{""angle"":2,""voltage"":6}","{""angle"":0.25,""voltage"":0.75}","[1,1,1,1,1,4,4,3]","[2,3,1,1,2,3,3,1]","{""1"":5,""3"":1,""4"":2}","{""1"":3,""2"":2,""3"":3}",16,7,3.346390332573376e+16,924.716851498331,1306.015427728866,546.7545414713212,"[924.716851498331,724.901191176107,509.25185212336834,205.95789807364747,99.99999999999999,99.99999999999997,57.76850683798725,2.7633263295594787e-14]",False,voltage_measurement_heavy,1,matrix_structure_and_metadata_only
ieee14_voltage_measurement_heavy_v02,ieee14,"[6,7,8,9,45,46,55,75]","[0,5,6,14,19,20,21,22]","[6,7,8,9,45,46,55,75]","[0,5,6,14,19,20,21,22]","[[6,19],[7,20],[8,21],[9,22],[45,0],[45,14],[46,0],[46,14],[55,5],[55,6],[55,19],[55,20],[75,5],[75,6],[75,19],[75,20]]","[[0,0,0,0,1,0,0,0],[0,0,0,0,0,1,0,0],[0,0,0,0,0,0,1,0],[0,0,0,0,0,0,0,1],[1,0,0,1,0,0,0,0],[1,0,0,1,0,0,0,0],[0,1,1,0,1,1,0,0],[0,1,1,0,1,1,0,0]]",a49263ae2d9d2e36228caab7830b8b15db42e55eb1c78af67f669961db0df04b,"{""p_branch_flow"":3,""q_branch_flow"":1,""voltage_magnitude"":4}","{""p_branch_flow"":0.375,""q_branch_flow"":0.125,""voltage_magnitude"":0.5}","{""angle"":3,""voltage"":5}","{""angle"":0.375,""voltage"":0.625}","[1,1,1,1,2,2,4,4]","[2,2,2,2,3,3,1,1]","{""1"":4,""2"":2,""4"":2}","{""1"":2,""2"":4,""3"":2}",16,7,5.0736549831520486e+17,466.5147911287687,786.244858621373,329.8756070131543,"[466.5147911287687,432.0562832398992,428.7504218547226,100.00000000000001,100.0,99.99999405263819,6.735905909224589,9.194846568753926e-16]",False,voltage_measurement_heavy,2,matrix_structure_and_metadata_only
ieee14_voltage_measurement_heavy_v03,ieee14,"[9,10,11,12,47,49,65,67]","[1,2,15,16,22,23,24,25]","[9,10,11,12,47,49,65,67]","[1,2,15,16,22,23,24,25]","[[9,22],[10,23],[11,24],[12,25],[47,1],[47,2],[47,15],[47,16],[49,2],[49,16],[65,2],[65,16],[67,1],[67,2],[67,15],[67,16]]","[[0,0,0,0,1,0,0,0],[0,0,0,0,0,1,0,0],[0,0,0,0,0,0,1,0],[0,0,0,0,0,0,0,1],[1,1,1,1,0,0,0,0],[0,1,0,1,0,0,0,0],[0,1,0,1,0,0,0,0],[1,1,1,1,0,0,0,0]]",4aa093b8d750f4e6476416ac96dfbbfafa8a6f6db52b7d0db345d1b1f70c5b08,"{""p_branch_flow"":2,""q_branch_flow"":2,""voltage_magnitude"":4}","{""p_branch_flow"":0.25,""q_branch_flow"":0.25,""voltage_magnitude"":0.5}","{""angle"":2,""voltage"":6}","{""angle"":0.25,""voltage"":0.75}","[1,1,1,1,4,2,2,4]","[2,4,2,4,1,1,1,1]","{""1"":4,""2"":2,""4"":2}","{""1"":4,""2"":2,""4"":2}",16,8,4.583663859958465,458.3663859958464,699.8388285288569,273.4838205896278,"[458.3663859958464,428.2822742667482,181.78159967346804,152.32985811982664,100.00000000000004,100.00000000000004,100.00000000000001,99.99999999999997]",False,voltage_measurement_heavy,3,matrix_structure_and_metadata_only
ieee30_angle_dominant_v00,ieee30,"[33,35,39,50,51,63,65,69]","[0,1,2,4,6,8,19,20]","[33,35,39,50,51,63,65,69]","[0,1,2,4,6,8,19,20]","[[33,0],[33,1],[33,2],[33,4],[35,0],[35,2],[35,4],[35,6],[35,8],[39,4],[39,8],[39,19],[39,20],[50,8],[50,19],[50,20],[51,8],[51,19],[51,20],[63,0],[63,1],[63,2],[63,4],[65,0],[65,2],[65,4],[65,6],[65,8],[69,4],[69,8],[69,19],[69,20]]","[[1,1,1,1,0,0,0,0],[1,0,1,1,1,1,0,0],[0,0,0,1,0,1,1,1],[0,0,0,0,0,1,1,1],[0,0,0,0,0,1,1,1],[1,1,1,1,0,0,0,0],[1,0,1,1,1,1,0,0],[0,0,0,1,0,1,1,1]]",113e821de7c90d7071d948482f1d04328042aa752aee98380a528456aa2af7f6,"{""p_injection"":5,""q_injection"":3}","{""p_injection"":0.625,""q_injection"":0.375}","{""angle"":8}","{""angle"":1.0}","[4,5,4,3,3,4,5,4]","[4,2,4,6,2,6,4,4]","{""3"":2,""4"":4,""5"":2}","{""2"":2,""4"":4,""6"":2}",32,8,1767.5973906637655,3469.356644353902,5179.948382360486,2821.411469182049,"[3469.356644353902,3025.597365610163,1709.735597638747,1633.6570273172106,220.32692497818763,21.130743366513755,12.840875723021353,1.962752752792362]",False,angle_dominant,0,matrix_structure_and_metadata_only
ieee30_angle_dominant_v01,ieee30,"[31,32,33,35,37,63,65,93]","[0,1,2,6,8,10,26,32]","[31,32,33,35,37,63,65,93]","[0,1,2,6,8,10,26,32]","[[31,0],[31,2],[31,32],[32,1],[32,2],[32,32],[33,0],[33,1],[33,2],[33,10],[33,32],[35,0],[35,2],[35,6],[35,8],[35,26],[35,32],[37,6],[37,26],[63,0],[63,1],[63,2],[63,10],[63,32],[65,0],[65,2],[65,6],[65,8],[65,26],[65,32],[93,1],[93,2],[93,32]]","[[1,0,1,0,0,0,0,1],[0,1,1,0,0,0,0,1],[1,1,1,0,0,1,0,1],[1,0,1,1,1,0,1,1],[0,0,0,1,0,0,1,0],[1,1,1,0,0,1,0,1],[1,0,1,1,1,0,1,1],[0,1,1,0,0,0,0,1]]",0c29f5ca748cda11490a74bdd5b619ef62dd9f80472e4f3c8d75eab3dd421d65,"{""p_branch_flow"":1,""p_injection"":5,""q_injection"":2}","{""p_branch_flow"":0.125,""p_injection"":0.625,""q_injection"":0.25}","{""angle"":7,""voltage"":1}","{""angle"":0.875,""voltage"":0.125}","[3,3,5,6,2,5,6,3]","[5,4,7,3,2,2,3,7]","{""2"":1,""3"":3,""5"":2,""6"":2}","{""2"":2,""3"":2,""4"":1,""5"":1,""7"":2}",33,8,316.7097669457069,2995.2247173350765,4108.327360687895,1896.9953261008043,"[2995.2247173350765,2118.735333866413,1308.8879094097313,1021.7564244153812,714.6123380023155,386.45247641902597,25.76196869525879,9.457317171555822]",False,angle_dominant,1,matrix_structure_and_metadata_only
ieee30_angle_dominant_v02,ieee30,"[35,37,39,48,49,57,65,113]","[0,4,5,6,15,17,18,26]","[35,37,39,48,49,57,65,113]","[0,4,5,6,15,17,18,26]","[[35,0],[35,4],[35,5],[35,6],[35,26],[37,4],[37,6],[37,26],[39,4],[39,15],[39,18],[48,17],[48,18],[49,17],[49,18],[57,4],[57,6],[57,26],[65,0],[65,4],[65,5],[65,6],[65,26],[113,17],[113,18]]","[[1,1,1,1,0,0,0,1],[0,1,0,1,0,0,0,1],[0,1,0,0,1,0,1,0],[0,0,0,0,0,1,1,0],[0,0,0,0,0,1,1,0],[0,1,0,1,0,0,0,1],[1,1,1,1,0,0,0,1],[0,0,0,0,0,1,1,0]]",f238a413c9d9be110c55a3582eb12747604775ba745771def6f47999c4942da4,"{""p_branch_flow"":1,""p_injection"":6,""q_injection"":1}","{""p_branch_flow"":0.125,""p_injection"":0.75,""q_injection"":0.125}","{""angle"":8}","{""angle"":1.0}","[5,3,3,2,2,3,5,2]","[2,5,2,4,1,3,4,4]","{""2"":3,""3"":3,""5"":2}","{""1"":1,""2"":2,""3"":1,""4"":3,""5"":1}",25,7,2.6028675991713976e+18,3295.1576416900234,3714.6975166515695,2821.411469182049,"[3295.1576416900234,1298.8922111854122,968.9148650804306,386.8124664763763,369.7345868215929,164.76285972017894,39.01814603977329,1.265972054336921e-15]",False,angle_dominant,2,matrix_structure_and_metadata_only
ieee30_angle_dominant_v03,ieee30,"[36,39,41,44,48,49,69,113]","[3,5,7,10,13,15,17,18]","[36,39,41,44,48,49,69,113]","[3,5,7,10,13,15,17,18]","[[36,3],[36,5],[39,7],[39,15],[39,18],[41,10],[41,13],[44,10],[44,13],[48,17],[48,18],[49,17],[49,18],[69,7],[69,15],[69,18],[113,17],[113,18]]","[[1,1,0,0,0,0,0,0],[0,0,1,0,0,1,0,1],[0,0,0,1,1,0,0,0],[0,0,0,1,1,0,0,0],[0,0,0,0,0,0,1,1],[0,0,0,0,0,0,1,1],[0,0,1,0,0,1,0,1],[0,0,0,0,0,0,1,1]]",c6405fcd1506e00778bb26a0c4b057700f8b3fb194ab0619e3c82ca73c575466,"{""p_branch_flow"":1,""p_injection"":6,""q_injection"":1}","{""p_branch_flow"":0.125,""p_injection"":0.75,""q_injection"":0.125}","{""angle"":8}","{""angle"":1.0}","[2,3,2,2,2,2,3,2]","[1,1,2,2,2,2,3,5]","{""2"":6,""3"":2}","{""1"":2,""2"":4,""3"":1,""5"":1}",18,7,inf,1299.8802965998254,1843.6740652850303,809.7868809475513,"[1299.8802965998254,911.5964301918754,644.0389994282664,499.9129335046718,421.6577670487115,169.01948617164737,85.87891993713663,0.0]",False,angle_dominant,3,matrix_structure_and_metadata_only
ieee30_branch_flow_heavy_v00,ieee30,"[93,96,99,118,134,137,140,159]","[2,4,19,20,32,34,49,50]","[93,96,99,118,134,137,140,159]","[2,4,19,20,32,34,49,50]","[[93,2],[93,32],[96,2],[96,4],[96,32],[96,34],[99,4],[99,34],[118,19],[118,20],[118,49],[118,50],[134,2],[134,32],[137,2],[137,4],[137,32],[137,34],[140,4],[140,34],[159,19],[159,20],[159,49],[159,50]]","[[1,0,0,0,1,0,0,0],[1,1,0,0,1,1,0,0],[0,1,0,0,0,1,0,0],[0,0,1,1,0,0,1,1],[1,0,0,0,1,0,0,0],[1,1,0,0,1,1,0,0],[0,1,0,0,0,1,0,0],[0,0,1,1,0,0,1,1]]",2c4418a17b9164d920a77f1bdfa0623578915137ec122bcb8639fb48be2a8760,"{""p_branch_flow"":4,""q_branch_flow"":4}","{""p_branch_flow"":0.5,""q_branch_flow"":0.5}","{""angle"":4,""voltage"":4}","{""angle"":0.5,""voltage"":0.5}","[2,4,2,4,2,4,2,4]","[4,4,2,2,4,4,2,2]","{""2"":4,""4"":4}","{""2"":4,""4"":4}",24,6,2.3220757122928768e+17,3170.9887068345997,5631.519256267893,2014.1620927069582,"[3170.9887068345997,3138.011061870693,2113.082694170428,2101.5190882017696,1213.350858404024,1207.4788090695188,1.757401443680284e-13,1.3655836844800743e-14]",False,branch_flow_heavy,0,matrix_structure_and_metadata_only
ieee30_branch_flow_heavy_v01,ieee30,"[35,65,90,116,130,131,157,171]","[0,4,26,29,30,34,38,56]","[35,65,90,116,130,131,157,171]","[0,4,26,29,30,34,38,56]","[[35,0],[35,4],[35,26],[35,30],[35,34],[35,38],[35,56],[65,0],[65,4],[65,26],[65,30],[65,34],[65,38],[65,56],[90,0],[90,29],[90,30],[116,38],[130,4],[130,26],[130,34],[130,56],[131,0],[131,29],[131,30],[157,38],[171,4],[171,26],[171,34],[171,56]]","[[1,1,1,0,1,1,1,1],[1,1,1,0,1,1,1,1],[1,0,0,1,1,0,0,0],[0,0,0,0,0,0,1,0],[0,1,1,0,0,1,0,1],[1,0,0,1,1,0,0,0],[0,0,0,0,0,0,1,0],[0,1,1,0,0,1,0,1]]",28abbd108d790ba9557141f6af95588853666baf650e97c1b55fc86f66adc11d,"{""p_branch_flow"":3,""p_injection"":1,""q_branch_flow"":3,""q_injection"":1}","{""p_branch_flow"":0.375,""p_injection"":0.125,""q_branch_flow"":0.375,""q_injection"":0.125}","{""angle"":3,""voltage"":5}","{""angle"":0.375,""voltage"":0.625}","[7,7,3,1,4,3,1,4]","[4,4,4,2,4,4,4,4]","{""1"":2,""3"":2,""4"":2,""7"":2}","{""2"":1,""4"":7}",30,7,9.694007172021669e+16,3121.0929212999354,4724.613889165469,2821.411469182049,"[3121.0929212999354,3085.3190540476476,1121.4092860753576,795.5606799149272,663.6293605471153,605.6918920571933,603.1745472336273,3.2196106995957963e-14]",False,branch_flow_heavy,1,matrix_structure_and_metadata_only
ieee30_branch_flow_heavy_v02,ieee30,"[97,98,103,115,138,139,144,156]","[4,5,8,15,34,35,38,45]","[97,98,103,115,138,139,144,156]","[4,5,8,15,34,35,38,45]","[[97,5],[97,35],[98,4],[98,5],[98,34],[98,35],[103,8],[103,38],[115,8],[115,15],[115,38],[115,45],[138,5],[138,35],[139,4],[139,5],[139,34],[139,35],[144,8],[144,38],[156,8],[156,15],[156,38],[156,45]]","[[0,1,0,0,0,1,0,0],[1,1,0,0,1,1,0,0],[0,0,1,0,0,0,1,0],[0,0,1,1,0,0,1,1],[0,1,0,0,0,1,0,0],[1,1,0,0,1,1,0,0],[0,0,1,0,0,0,1,0],[0,0,1,1,0,0,1,1]]",046446defa323be9ffc5472e5b5725ea5af560c90915d372a3971466e6d3fdd4,"{""p_branch_flow"":4,""q_branch_flow"":4}","{""p_branch_flow"":0.5,""q_branch_flow"":0.5}","{""angle"":4,""voltage"":4}","{""angle"":0.5,""voltage"":0.5}","[2,4,2,4,2,4,2,4]","[2,4,4,2,2,4,4,2]","{""2"":4,""4"":4}","{""2"":4,""4"":4}",24,8,3.5425070111102475,904.0439615326669,1859.9277691402956,553.2675120706217,"[904.0439615326669,897.9171835150102,877.8687347255918,869.1731267128422,299.0509652161696,296.55047983280184,259.16203151538235,255.19891949326953]",False,branch_flow_heavy,2,matrix_structure_and_metadata_only
ieee30_branch_flow_heavy_v03,ieee30,"[41,71,105,107,112,146,148,153]","[10,11,16,17,40,41,46,47]","[41,71,105,107,112,146,148,153]","[10,11,16,17,40,41,46,47]","[[41,10],[41,11],[41,40],[41,41],[71,10],[71,11],[71,40],[71,41],[105,10],[105,11],[105,40],[105,41],[107,10],[107,40],[112,16],[112,17],[112,46],[112,47],[146,10],[146,11],[146,40],[146,41],[148,10],[148,40],[153,16],[153,17],[153,46],[153,47]]","[[1,1,0,0,1,1,0,0],[1,1,0,0,1,1,0,0],[1,1,0,0,1,1,0,0],[1,0,0,0,1,0,0,0],[0,0,1,1,0,0,1,1],[1,1,0,0,1,1,0,0],[1,0,0,0,1,0,0,0],[0,0,1,1,0,0,1,1]]",1f4337b4e5b20909a84e634dd3c9f87bf1e23841eb5223f4a4d8882f5640a16c,"{""p_branch_flow"":3,""p_injection"":1,""q_branch_flow"":3,""q_injection"":1}","{""p_branch_flow"":0.375,""p_injection"":0.125,""q_branch_flow"":0.375,""q_injection"":0.125}","{""angle"":4,""voltage"":4}","{""angle"":0.5,""voltage"":0.5}","[4,4,4,2,4,4,2,4]","[6,4,2,2,6,4,2,2]","{""2"":2,""4"":6}","{""2"":4,""4"":2,""6"":2}",28,6,5.2009961182907226e+17,1041.2784081154878,1658.601738252403,817.5490494629584,"[1041.2784081154878,1032.446739472431,486.4899305733134,483.8022783188064,255.47207224399273,254.45953770055826,3.8664988209866764e-14,2.00207495724434e-15]",False,branch_flow_heavy,3,matrix_structure_and_metadata_only
ieee30_injection_heavy_v00,ieee30,"[33,35,50,51,63,65,80,81]","[4,8,19,20,34,38,49,50]","[33,35,50,51,63,65,80,81]","[4,8,19,20,34,38,49,50]","[[33,4],[33,34],[35,4],[35,8],[35,34],[35,38],[50,8],[50,19],[50,20],[50,38],[50,49],[50,50],[51,8],[51,19],[51,20],[51,38],[51,49],[51,50],[63,4],[63,34],[65,4],[65,8],[65,34],[65,38],[80,8],[80,19],[80,20],[80,38],[80,49],[80,50],[81,8],[81,19],[81,20],[81,38],[81,49],[81,50]]","[[1,0,0,0,1,0,0,0],[1,1,0,0,1,1,0,0],[0,1,1,1,0,1,1,1],[0,1,1,1,0,1,1,1],[1,0,0,0,1,0,0,0],[1,1,0,0,1,1,0,0],[0,1,1,1,0,1,1,1],[0,1,1,1,0,1,1,1]]",cb9d42e67805685c2f192997eceed8a094efb728b536999fae5bce99378a1e06,"{""p_injection"":4,""q_injection"":4}","{""p_injection"":0.5,""q_injection"":0.5}","{""angle"":4,""voltage"":4}","{""angle"":0.5,""voltage"":0.5}","[2,4,6,6,2,4,6,6]","[4,6,4,4,4,6,4,4]","{""2"":2,""4"":2,""6"":4}","{""4"":6,""6"":2}",36,8,321.1313467523317,3369.4991853504657,6446.842186749316,2821.411469182049,"[3369.4991853504657,3358.2437570405214,3035.7084301043583,3000.7707423084335,599.5164945385172,592.1618057508316,10.575572618733254,10.492588840756014]",False,injection_heavy,0,matrix_structure_and_metadata_only
ieee30_injection_heavy_v01,ieee30,"[31,32,37,39,61,62,67,69]","[0,2,4,8,29,32,34,38]","[31,32,37,39,61,62,67,69]","[0,2,4,8,29,32,34,38]","[[31,0],[31,2],[31,4],[31,29],[31,32],[31,34],[32,2],[32,29],[32,32],[37,4],[37,34],[39,4],[39,8],[39,34],[39,38],[61,0],[61,2],[61,4],[61,29],[61,32],[61,34],[62,2],[62,29],[62,32],[67,4],[67,34],[69,4],[69,8],[69,34],[69,38]]","[[1,1,1,0,1,1,1,0],[0,1,0,0,1,1,0,0],[0,0,1,0,0,0,1,0],[0,0,1,1,0,0,1,1],[1,1,1,0,1,1,1,0],[0,1,0,0,1,1,0,0],[0,0,1,0,0,0,1,0],[0,0,1,1,0,0,1,1]]",16263b5e1871bb33d08f24c9af0c6fee60a9700c85944b6d6c64b66c38ac8d2a,"{""p_injection"":4,""q_injection"":4}","{""p_injection"":0.5,""q_injection"":0.5}","{""angle"":4,""voltage"":4}","{""angle"":0.5,""voltage"":0.5}","[6,3,2,4,6,3,2,4]","[2,4,6,2,4,4,6,2]","{""2"":2,""3"":2,""4"":2,""6"":2}","{""2"":3,""4"":3,""6"":2}",30,8,3.580509020072688,1539.286183504323,2968.442988053988,1462.7062047895095,"[1539.286183504323,1513.5692335477702,1114.3788151420863,911.1635237448637,812.2202665051439,808.4021164905446,762.4073983956815,429.90708161184125]",False,injection_heavy,1,matrix_structure_and_metadata_only
ieee30_injection_heavy_v02,ieee30,"[35,36,41,48,57,71,78,87]","[4,10,17,26,34,40,47,56]","[35,36,41,48,57,71,78,87]","[4,10,17,26,34,40,47,56]","[[35,4],[35,26],[35,34],[35,56],[36,4],[36,34],[41,10],[41,40],[48,17],[48,47],[57,4],[57,26],[57,34],[57,56],[71,10],[71,40],[78,17],[78,47],[87,4],[87,26],[87,34],[87,56]]","[[1,0,0,1,1,0,0,1],[1,0,0,0,1,0,0,0],[0,1,0,0,0,1,0,0],[0,0,1,0,0,0,1,0],[1,0,0,1,1,0,0,1],[0,1,0,0,0,1,0,0],[0,0,1,0,0,0,1,0],[1,0,0,1,1,0,0,1]]",2b6860aa73d5f3d4afc1ff741a86602af6d3976bb55340099ec64f31b8b83cba,"{""p_injection"":5,""q_injection"":3}","{""p_injection"":0.625,""q_injection"":0.375}","{""angle"":4,""voltage"":4}","{""angle"":0.5,""voltage"":0.5}","[4,2,2,2,4,2,2,4]","[4,2,2,3,4,2,2,3]","{""2"":5,""4"":3}","{""2"":4,""3"":2,""4"":2}",22,8,79.19814946027442,3066.705088464202,3605.236953267108,2821.411469182049,"[3066.705088464202,931.3628365464222,846.7401496423969,838.6899597481093,665.6815125214034,664.1280279748962,647.7265050027162,38.72192859761771]",False,injection_heavy,2,matrix_structure_and_metadata_only
ieee30_injection_heavy_v03,ieee30,"[38,44,46,49,66,68,74,79]","[4,7,8,13,34,37,38,43]","[38,44,46,49,66,68,74,79]","[4,7,8,13,34,37,38,43]","[[38,4],[38,7],[38,8],[38,34],[38,37],[38,38],[44,13],[44,43],[46,8],[46,38],[49,8],[49,38],[66,4],[66,34],[68,4],[68,7],[68,8],[68,34],[68,37],[68,38],[74,13],[74,43],[79,8],[79,38]]","[[1,1,1,0,1,1,1,0],[0,0,0,1,0,0,0,1],[0,0,1,0,0,0,1,0],[0,0,1,0,0,0,1,0],[1,0,0,0,1,0,0,0],[1,1,1,0,1,1,1,0],[0,0,0,1,0,0,0,1],[0,0,1,0,0,0,1,0]]",3578185981c6ef8abea08917443cce9d758b791bb0eab3c6a8dddacee110c869,"{""p_injection"":4,""q_injection"":4}","{""p_injection"":0.5,""q_injection"":0.5}","{""angle"":4,""voltage"":4}","{""angle"":0.5,""voltage"":0.5}","[6,2,2,2,2,6,2,2]","[3,2,5,2,3,2,5,2]","{""2"":6,""6"":2}","{""2"":4,""3"":2,""5"":2}",24,7,1.981751397568484e+17,740.5989212363331,1453.2676535250055,623.30185136328,"[740.5989212363331,721.3295671492264,615.9737039952057,610.8115820370214,376.7480830665219,362.7324127075481,130.97882315429786,3.737092968093845e-15]",False,injection_heavy,3,matrix_structure_and_metadata_only
ieee30_lexicographic_metadata_v00,ieee30,"[105,106,107,108,114,115,116,117]","[8,10,11,12,13,14,15,38]","[105,106,107,108,114,115,116,117]","[8,10,11,12,13,14,15,38]","[[105,10],[105,11],[106,10],[106,12],[107,10],[107,13],[108,10],[108,14],[114,8],[114,38],[115,8],[115,15],[115,38],[116,8],[116,38],[117,8],[117,38]]","[[0,1,1,0,0,0,0,0],[0,1,0,1,0,0,0,0],[0,1,0,0,1,0,0,0],[0,1,0,0,0,1,0,0],[1,0,0,0,0,0,0,1],[1,0,0,0,0,0,1,1],[1,0,0,0,0,0,0,1],[1,0,0,0,0,0,0,1]]",7dfa3672755121b5231cfa477267fb68bc4d3ab9fb7dc7f70b1f1b6d47f56339,"{""p_branch_flow"":8}","{""p_branch_flow"":1.0}","{""angle"":7,""voltage"":1}","{""angle"":0.875,""voltage"":0.125}","[2,2,2,2,2,3,2,2]","[4,4,1,1,1,1,1,4]","{""2"":7,""3"":1}","{""1"":5,""4"":3}",17,7,1.3651553166632699e+17,1022.9488903959397,1333.8618984744396,602.7042711485724,"[1022.9488903959397,618.6738575957505,404.30214307703994,323.73900479582323,230.7610738455769,168.50291920598642,9.732248505074935,7.493278441725183e-15]",False,lexicographic_metadata,0,matrix_structure_and_metadata_only
ieee30_lexicographic_metadata_v01,ieee30,"[39,90,110,112,113,118,120,121]","[0,15,16,17,18,19,20,21]","[39,90,110,112,113,118,120,121]","[0,15,16,17,18,19,20,21]","[[39,15],[39,18],[39,19],[39,20],[90,0],[110,15],[112,16],[112,17],[113,17],[113,18],[118,19],[118,20],[120,20],[121,21]]","[[0,1,0,0,1,1,1,0],[1,0,0,0,0,0,0,0],[0,1,0,0,0,0,0,0],[0,0,1,1,0,0,0,0],[0,0,0,1,1,0,0,0],[0,0,0,0,0,1,1,0],[0,0,0,0,0,0,1,0],[0,0,0,0,0,0,0,1]]",4d1b74962d371deb7a6486e554cb901c4ff93a591072090aefaf4bb5ac28ece8,"{""p_branch_flow"":7,""p_injection"":1}","{""p_branch_flow"":0.875,""p_injection"":0.125}","{""angle"":8}","{""angle"":1.0}","[4,1,1,2,2,2,1,1]","[1,2,1,2,2,2,3,1]","{""1"":4,""2"":3,""4"":1}","{""1"":3,""2"":4,""3"":1}",14,8,131.86270093722823,2811.156111938051,3130.398693671415,1982.313000426722,"[2811.156111938051,893.7528272845776,751.4012239191445,585.5412663177253,364.3833794593849,187.58819883399113,148.73376953064187,21.31881185473571]",False,lexicographic_metadata,1,matrix_structure_and_metadata_only
ieee30_lexicographic_metadata_v02,ieee30,"[54,56,84,93,125,126,127,128]","[1,25,26,27,28,53,55,57]","[54,56,84,93,125,126,127,128]","[1,25,26,27,28,53,55,57]","[[54,25],[54,53],[54,55],[56,25],[56,26],[56,27],[56,28],[56,53],[56,55],[56,57],[84,25],[84,53],[84,55],[93,1],[125,25],[125,26],[125,55],[126,25],[126,27],[126,55],[126,57],[127,25],[127,28],[127,55],[128,27],[128,28],[128,57]]","[[0,1,0,0,0,1,1,0],[0,1,1,1,1,1,1,1],[0,1,0,0,0,1,1,0],[1,0,0,0,0,0,0,0],[0,1,1,0,0,0,1,0],[0,1,0,1,0,0,1,1],[0,1,0,0,1,0,1,0],[0,0,0,1,1,0,0,1]]",60ea453afc3bb9420d0c53180238162a50e828821e6cbe90ebd7a1b0e4dd9e32,"{""p_branch_flow"":5,""p_injection"":2,""q_injection"":1}","{""p_branch_flow"":0.625,""p_injection"":0.25,""q_injection"":0.125}","{""angle"":5,""voltage"":3}","{""angle"":0.625,""voltage"":0.375}","[3,7,3,1,3,4,3,3]","[1,6,2,3,3,3,6,3]","{""1"":1,""3"":5,""4"":1,""7"":1}","{""1"":1,""2"":1,""3"":4,""6"":2}",27,8,1717.8871745761307,1182.173444283722,1319.8926840743147,1182.173444283722,"[1182.173444283722,446.8011326656416,320.3107551788521,158.62721705323045,111.62087472977761,66.88588929011219,16.01260937980213,0.6881554631638773]",False,lexicographic_metadata,2,matrix_structure_and_metadata_only
ieee30_lexicographic_metadata_v03,ieee30,"[98,99,100,101,102,103,129,130]","[4,5,6,7,8,26,34,37]","[98,99,100,101,102,103,129,130]","[4,5,6,7,8,26,34,37]","[[98,4],[98,5],[98,34],[99,4],[99,6],[99,34],[100,4],[100,7],[100,34],[100,37],[101,4],[101,8],[101,34],[102,7],[102,37],[103,7],[103,8],[103,37],[129,6],[129,26],[130,4],[130,26],[130,34]]","[[1,1,0,0,0,0,1,0],[1,0,1,0,0,0,1,0],[1,0,0,1,0,0,1,1],[1,0,0,0,1,0,1,0],[0,0,0,1,0,0,0,1],[0,0,0,1,1,0,0,1],[0,0,1,0,0,1,0,0],[1,0,0,0,0,1,1,0]]",e532ef88d0b0fc58fbba2823cc1510793e1e4f90ae805d927fa7e469e953bcc0,"{""p_branch_flow"":8}","{""p_branch_flow"":1.0}","{""angle"":6,""voltage"":2}","{""angle"":0.75,""voltage"":0.25}","[3,3,4,3,2,3,2,3]","[5,1,2,3,2,2,5,3]","{""2"":2,""3"":5,""4"":1}","{""1"":1,""2"":3,""3"":2,""5"":2}",23,8,2082.6260577663766,1890.2361247773265,2321.642652284164,1174.8510601571866,"[1890.2361247773265,943.6617863606555,697.1573936631545,607.1457051696525,253.1829394455036,86.5583057088688,16.891616829521332,0.9076214703683344]",False,lexicographic_metadata,3,matrix_structure_and_metadata_only
ieee30_measurement_balanced_v00,ieee30,"[35,50,51,65,69,80,118,159]","[4,8,19,20,34,38,49,50]","[35,50,51,65,69,80,118,159]","[4,8,19,20,34,38,49,50]","[[35,4],[35,8],[35,34],[35,38],[50,8],[50,19],[50,20],[50,38],[50,49],[50,50],[51,8],[51,19],[51,20],[51,38],[51,49],[51,50],[65,4],[65,8],[65,34],[65,38],[69,4],[69,8],[69,19],[69,20],[69,34],[69,38],[69,49],[69,50],[80,8],[80,19],[80,20],[80,38],[80,49],[80,50],[118,19],[118,20],[118,49],[118,50],[159,19],[159,20],[159,49],[159,50]]","[[1,1,0,0,1,1,0,0],[0,1,1,1,0,1,1,1],[0,1,1,1,0,1,1,1],[1,1,0,0,1,1,0,0],[1,1,1,1,1,1,1,1],[0,1,1,1,0,1,1,1],[0,0,1,1,0,0,1,1],[0,0,1,1,0,0,1,1]]",4a4206bcc9947e84d2d7eb54e7911a2db5501d2aeb6bc0c253978e6ee5572443,"{""p_branch_flow"":1,""p_injection"":3,""q_branch_flow"":1,""q_injection"":3}","{""p_branch_flow"":0.125,""p_injection"":0.375,""q_branch_flow"":0.125,""q_injection"":0.375}","{""angle"":4,""voltage"":4}","{""angle"":0.5,""voltage"":0.5}","[4,6,6,4,8,6,4,4]","[3,6,6,6,3,6,6,6]","{""4"":4,""6"":3,""8"":1}","{""3"":2,""6"":6}",42,8,94.2676459497474,4601.694323487311,7563.675267930609,2821.411469182049,"[4601.694323487311,4010.61770829664,2925.5633611141625,2890.525365070811,1625.7748251364771,608.8841608214168,134.95931362201537,48.81520353165922]",False,measurement_balanced,0,matrix_structure_and_metadata_only
ieee30_measurement_balanced_v01,ieee30,"[50,51,69,80,81,93,118,137]","[2,8,19,20,32,38,49,50]","[50,51,69,80,81,93,118,137]","[2,8,19,20,32,38,49,50]","[[50,8],[50,19],[50,20],[50,38],[50,49],[50,50],[51,8],[51,19],[51,20],[51,38],[51,49],[51,50],[69,8],[69,19],[69,20],[69,38],[69,49],[69,50],[80,8],[80,19],[80,20],[80,38],[80,49],[80,50],[81,8],[81,19],[81,20],[81,38],[81,49],[81,50],[93,2],[93,32],[118,19],[118,20],[118,49],[118,50],[137,2],[137,32]]","[[0,1,1,1,0,1,1,1],[0,1,1,1,0,1,1,1],[0,1,1,1,0,1,1,1],[0,1,1,1,0,1,1,1],[0,1,1,1,0,1,1,1],[1,0,0,0,1,0,0,0],[0,0,1,1,0,0,1,1],[1,0,0,0,1,0,0,0]]",9032332ba6b9490404b85104f4a7605ae7a204a3c8facd3f644700e31a5f2aea,"{""p_branch_flow"":2,""p_injection"":2,""q_branch_flow"":1,""q_injection"":3}","{""p_branch_flow"":0.25,""p_injection"":0.25,""q_branch_flow"":0.125,""q_injection"":0.375}","{""angle"":4,""voltage"":4}","{""angle"":0.5,""voltage"":0.5}","[6,6,6,6,6,2,4,2]","[2,5,6,6,2,5,6,6]","{""2"":2,""4"":1,""6"":5}","{""2"":2,""5"":2,""6"":4}",38,8,90.17727976505834,4601.473791511269,6228.412872595263,1982.313000426722,"[4601.473791511269,3376.027226520176,1673.2085991387123,1235.5495903931017,1210.7748419809107,610.3810923802858,233.77696360066415,51.026974904317704]",False,measurement_balanced,1,matrix_structure_and_metadata_only
ieee30_measurement_balanced_v02,ieee30,"[2,33,51,63,81,96,137,140]","[2,4,20,31,32,34,49,50]","[2,33,51,63,81,96,137,140]","[2,4,20,31,32,34,49,50]","[[2,31],[33,2],[33,4],[33,31],[33,32],[33,34],[51,20],[51,49],[51,50],[63,2],[63,4],[63,31],[63,32],[63,34],[81,20],[81,49],[81,50],[96,2],[96,4],[96,32],[96,34],[137,2],[137,4],[137,32],[137,34],[140,4],[140,34]]","[[0,0,0,1,0,0,0,0],[1,1,0,1,1,1,0,0],[0,0,1,0,0,0,1,1],[1,1,0,1,1,1,0,0],[0,0,1,0,0,0,1,1],[1,1,0,0,1,1,0,0],[1,1,0,0,1,1,0,0],[0,1,0,0,0,1,0,0]]",da5da05564bcacf592c9a3831f3529d6661bfbd4f01774467aab82cd34512b89,"{""p_branch_flow"":1,""p_injection"":2,""q_branch_flow"":2,""q_injection"":2,""voltage_magnitude"":1}","{""p_branch_flow"":0.125,""p_injection"":0.25,""q_branch_flow"":0.25,""q_injection"":0.25,""voltage_magnitude"":0.125}","{""angle"":3,""voltage"":5}","{""angle"":0.375,""voltage"":0.625}","[1,5,3,5,3,4,4,2]","[4,5,2,3,4,5,2,2]","{""1"":1,""2"":1,""3"":2,""4"":2,""5"":2}","{""2"":3,""3"":1,""4"":2,""5"":2}",27,7,3.6028509851534336e+16,2833.8888118887094,5077.418787008842,1896.9953261008043,"[2833.8888118887094,2660.2221338440017,2345.8194482404074,1831.98228101939,1186.9485219941835,536.7430678171444,341.3298444363406,7.865684213881034e-14]",False,measurement_balanced,2,matrix_structure_and_metadata_only
ieee30_measurement_balanced_v03,ieee30,"[3,33,63,93,96,99,134,140]","[1,2,4,6,31,32,34,36]","[3,33,63,93,96,99,134,140]","[1,2,4,6,31,32,34,36]","[[3,32],[33,1],[33,2],[33,4],[33,31],[33,32],[33,34],[63,1],[63,2],[63,4],[63,31],[63,32],[63,34],[93,1],[93,2],[93,31],[93,32],[96,2],[96,4],[96,32],[96,34],[99,4],[99,6],[99,34],[99,36],[134,1],[134,2],[134,31],[134,32],[140,4],[140,6],[140,34],[140,36]]","[[0,0,0,0,0,1,0,0],[1,1,1,0,1,1,1,0],[1,1,1,0,1,1,1,0],[1,1,0,0,1,1,0,0],[0,1,1,0,0,1,1,0],[0,0,1,1,0,0,1,1],[1,1,0,0,1,1,0,0],[0,0,1,1,0,0,1,1]]",37bfe27aec44c9840cdd4979e33c6b556e47e37d27fbde01976f103921cfc104,"{""p_branch_flow"":3,""p_injection"":1,""q_branch_flow"":2,""q_injection"":1,""voltage_magnitude"":1}","{""p_branch_flow"":0.375,""p_injection"":0.125,""q_branch_flow"":0.25,""q_injection"":0.125,""voltage_magnitude"":0.125}","{""angle"":4,""voltage"":4}","{""angle"":0.5,""voltage"":0.5}","[1,6,6,4,4,4,4,4]","[4,5,5,2,4,6,5,2]","{""1"":1,""4"":5,""6"":2}","{""2"":2,""4"":2,""5"":3,""6"":1}",33,8,77.84442059541043,3121.570489328377,4982.899163552272,1896.9953261008043,"[3121.570489328377,2770.2573880498617,1797.123787695673,1708.0770665441944,941.417620303696,603.6737087078852,106.19549320682516,40.100118485722525]",False,measurement_balanced,3,matrix_structure_and_metadata_only
ieee30_mixed_state_v00,ieee30,"[35,39,50,65,69,80,118,159]","[2,4,19,20,32,34,49,50]","[35,39,50,65,69,80,118,159]","[2,4,19,20,32,34,49,50]","[[35,2],[35,4],[35,32],[35,34],[39,4],[39,19],[39,20],[39,34],[39,49],[39,50],[50,19],[50,20],[50,49],[50,50],[65,2],[65,4],[65,32],[65,34],[69,4],[69,19],[69,20],[69,34],[69,49],[69,50],[80,19],[80,20],[80,49],[80,50],[118,19],[118,20],[118,49],[118,50],[159,19],[159,20],[159,49],[159,50]]","[[1,1,0,0,1,1,0,0],[0,1,1,1,0,1,1,1],[0,0,1,1,0,0,1,1],[1,1,0,0,1,1,0,0],[0,1,1,1,0,1,1,1],[0,0,1,1,0,0,1,1],[0,0,1,1,0,0,1,1],[0,0,1,1,0,0,1,1]]",90ff288499bb5dbfc56ac45f62e34907fa53afff4aea8b92d70b085c251046b1,"{""p_branch_flow"":1,""p_injection"":3,""q_branch_flow"":1,""q_injection"":3}","{""p_branch_flow"":0.125,""p_injection"":0.375,""q_branch_flow"":0.125,""q_injection"":0.375}","{""angle"":4,""voltage"":4}","{""angle"":0.5,""voltage"":0.5}","[4,6,4,4,6,4,4,4]","[2,4,6,6,2,4,6,6]","{""4"":6,""6"":2}","{""2"":2,""4"":2,""6"":4}",36,8,522.3692672634073,3999.063898139235,7099.926814705192,2821.411469182049,"[3999.063898139235,3961.2661553466205,3035.346132800067,2999.5320934377305,508.55810172765706,505.5192377006532,7.783487337187323,7.655626294957139]",False,mixed_state,0,matrix_structure_and_metadata_only
ieee30_mixed_state_v01,ieee30,"[35,39,50,51,65,69,80,81]","[2,8,20,32,36,38,49,50]","[35,39,50,51,65,69,80,81]","[2,8,20,32,36,38,49,50]","[[35,2],[35,8],[35,32],[35,36],[35,38],[39,8],[39,20],[39,38],[39,49],[39,50],[50,8],[50,20],[50,38],[50,49],[50,50],[51,8],[51,20],[51,38],[51,49],[51,50],[65,2],[65,8],[65,32],[65,36],[65,38],[69,8],[69,20],[69,38],[69,49],[69,50],[80,8],[80,20],[80,38],[80,49],[80,50],[81,8],[81,20],[81,38],[81,49],[81,50]]","[[1,1,0,1,1,1,0,0],[0,1,1,0,0,1,1,1],[0,1,1,0,0,1,1,1],[0,1,1,0,0,1,1,1],[1,1,0,1,1,1,0,0],[0,1,1,0,0,1,1,1],[0,1,1,0,0,1,1,1],[0,1,1,0,0,1,1,1]]",9bb7e5739a6aa4282eca647cd10ba64e046672f3a183c33074636d4704014524,"{""p_injection"":4,""q_injection"":4}","{""p_injection"":0.5,""q_injection"":0.5}","{""angle"":3,""voltage"":5}","{""angle"":0.375,""voltage"":0.625}","[5,5,5,5,5,5,5,5]","[2,8,6,2,2,8,6,6]","{""5"":8}","{""2"":3,""6"":3,""8"":2}",40,7,1.601485147002257e+16,3380.696143348461,4935.984958243215,1741.1825957116585,"[3380.696143348461,2363.480696625326,1669.0412222571726,1597.9551812216296,1139.6278733091497,809.9641724552588,234.19453016784647,2.1109756463721338e-13]",False,mixed_state,1,matrix_structure_and_metadata_only
ieee30_mixed_state_v02,ieee30,"[30,33,35,39,60,63,65,69]","[0,1,6,8,30,31,36,38]","[30,33,35,39,60,63,65,69]","[0,1,6,8,30,31,36,38]","[[30,0],[30,1],[30,30],[30,31],[33,0],[33,1],[33,30],[33,31],[35,0],[35,6],[35,8],[35,30],[35,36],[35,38],[39,8],[39,38],[60,0],[60,1],[60,30],[60,31],[63,0],[63,1],[63,30],[63,31],[65,0],[65,6],[65,8],[65,30],[65,36],[65,38],[69,8],[69,38]]","[[1,1,0,0,1,1,0,0],[1,1,0,0,1,1,0,0],[1,0,1,1,1,0,1,1],[0,0,0,1,0,0,0,1],[1,1,0,0,1,1,0,0],[1,1,0,0,1,1,0,0],[1,0,1,1,1,0,1,1],[0,0,0,1,0,0,0,1]]",7bf414710a544a98be263cd3a254c8fe297300b391342def760312d4ecfedf31,"{""p_injection"":4,""q_injection"":4}","{""p_injection"":0.5,""q_injection"":0.5}","{""angle"":4,""voltage"":4}","{""angle"":0.5,""voltage"":0.5}","[4,4,6,2,4,4,6,2]","[6,4,2,4,6,4,2,4]","{""2"":2,""4"":4,""6"":2}","{""2"":2,""4"":4,""6"":2}",32,8,3.570072299905,1539.2654865433813,2832.5142017326516,1462.7062047895095,"[1539.2654865433813,1513.5380330390574,915.6395318390199,914.1362855921179,811.5876408678382,811.3457403333052,431.4006202443447,431.15807110806725]",False,mixed_state,2,matrix_structure_and_metadata_only
ieee30_mixed_state_v03,ieee30,"[30,31,35,37,60,61,65,131]","[0,4,6,26,29,30,31,56]","[30,31,35,37,60,61,65,131]","[0,4,6,26,29,30,31,56]","[[30,0],[30,29],[30,30],[30,31],[31,0],[31,4],[31,29],[31,30],[35,0],[35,4],[35,6],[35,26],[35,30],[35,56],[37,4],[37,6],[37,26],[37,56],[60,0],[60,29],[60,30],[60,31],[61,0],[61,4],[61,29],[61,30],[65,0],[65,4],[65,6],[65,26],[65,30],[65,56],[131,0],[131,29],[131,30]]","[[1,0,0,0,1,1,1,0],[1,1,0,0,1,1,0,0],[1,1,1,1,0,1,0,1],[0,1,1,1,0,0,0,1],[1,0,0,0,1,1,1,0],[1,1,0,0,1,1,0,0],[1,1,1,1,0,1,0,1],[1,0,0,0,1,1,0,0]]",0255c4d32ca569b4eab719a73470b09a6af7f0cfc0c19de44bee6d7a9584e3dd,"{""p_injection"":4,""q_branch_flow"":1,""q_injection"":3}","{""p_injection"":0.5,""q_branch_flow"":0.125,""q_injection"":0.375}","{""angle"":4,""voltage"":4}","{""angle"":0.5,""voltage"":0.5}","[4,4,6,4,4,4,6,3]","[7,5,3,3,5,7,2,3]","{""3"":1,""4"":5,""6"":2}","{""2"":1,""3"":3,""5"":2,""7"":2}",35,8,154.5322904934994,3239.8452631898253,4007.1189140890597,2821.411469182049,"[3239.8452631898253,1792.7622462568165,1180.2603242348607,725.9917897877617,543.3816651450236,346.49437381488804,102.80146856468089,20.965490467030342]",False,mixed_state,3,matrix_structure_and_metadata_only
ieee30_seeded_random_v03,ieee30,"[32,61,69,97,125,156,167,169]","[8,26,27,30,32,33,38,49]","[32,61,69,97,125,156,167,169]","[8,26,27,30,32,33,38,49]","[[32,32],[61,30],[61,32],[61,33],[69,8],[69,38],[69,49],[97,33],[125,26],[156,8],[156,38],[167,27],[169,27]]","[[0,0,0,0,1,0,0,0],[0,0,0,1,1,1,0,0],[1,0,0,0,0,0,1,1],[0,0,0,0,0,1,0,0],[0,1,0,0,0,0,0,0],[1,0,0,0,0,0,1,0],[0,0,1,0,0,0,0,0],[0,0,1,0,0,0,0,0]]",549453174bbcf906366e83c965baf6ffb3b86752c9f474464c5369bfb56d1616,"{""p_branch_flow"":2,""p_injection"":1,""q_branch_flow"":3,""q_injection"":2}","{""p_branch_flow"":0.25,""p_injection"":0.125,""q_branch_flow"":0.375,""q_injection"":0.25}","{""angle"":3,""voltage"":5}","{""angle"":0.375,""voltage"":0.625}","[1,3,3,1,1,2,1,1]","[2,1,2,1,2,2,2,1]","{""1"":5,""2"":1,""3"":2}","{""1"":3,""2"":5}",13,7,3.4087480401345407e+34,1687.3909453267067,1996.2803529934429,1462.7062047895095,"[1687.3909453267067,1020.1302231640177,184.68238673528407,149.09853071679942,144.14785014681885,124.48130469814761,67.5960014419999,4.950177969915625e-32]",False,seeded_random,3,matrix_structure_and_metadata_only
ieee30_topology_local_v00,ieee30,"[33,35,63,65,96,99,137,140]","[2,4,6,8,32,34,36,38]","[33,35,63,65,96,99,137,140]","[2,4,6,8,32,34,36,38]","[[33,2],[33,4],[33,32],[33,34],[35,2],[35,4],[35,6],[35,8],[35,32],[35,34],[35,36],[35,38],[63,2],[63,4],[63,32],[63,34],[65,2],[65,4],[65,6],[65,8],[65,32],[65,34],[65,36],[65,38],[96,2],[96,4],[96,32],[96,34],[99,4],[99,6],[99,34],[99,36],[137,2],[137,4],[137,32],[137,34],[140,4],[140,6],[140,34],[140,36]]","[[1,1,0,0,1,1,0,0],[1,1,1,1,1,1,1,1],[1,1,0,0,1,1,0,0],[1,1,1,1,1,1,1,1],[1,1,0,0,1,1,0,0],[0,1,1,0,0,1,1,0],[1,1,0,0,1,1,0,0],[0,1,1,0,0,1,1,0]]",03e9a6754d576ff49d3af7a429d188873d19b5df59080a98c1594be528510aea,"{""p_branch_flow"":2,""p_injection"":2,""q_branch_flow"":2,""q_injection"":2}","{""p_branch_flow"":0.25,""p_injection"":0.25,""q_branch_flow"":0.25,""q_injection"":0.25}","{""angle"":4,""voltage"":4}","{""angle"":0.5,""voltage"":0.5}","[4,8,4,8,4,4,4,4]","[6,8,4,2,6,8,4,2]","{""4"":6,""8"":2}","{""2"":2,""4"":2,""6"":2,""8"":2}",40,8,204.46289235963533,4025.4914422245142,6337.226433832636,2821.411469182049,"[4025.4914422245142,4011.348730520879,1879.4585454621208,1857.7591092217315,665.3577737501703,661.6796702610575,19.92427928022258,19.688127247774467]",False,topology_local,0,matrix_structure_and_metadata_only
ieee30_topology_local_v01,ieee30,"[33,41,43,44,63,71,73,74]","[2,10,12,13,32,40,42,43]","[33,41,43,44,63,71,73,74]","[2,10,12,13,32,40,42,43]","[[33,2],[33,10],[33,32],[33,40],[41,2],[41,10],[41,12],[41,13],[41,32],[41,40],[41,42],[41,43],[43,10],[43,12],[43,13],[43,40],[43,42],[43,43],[44,10],[44,12],[44,13],[44,40],[44,42],[44,43],[63,2],[63,10],[63,32],[63,40],[71,2],[71,10],[71,12],[71,13],[71,32],[71,40],[71,42],[71,43],[73,10],[73,12],[73,13],[73,40],[73,42],[73,43],[74,10],[74,12],[74,13],[74,40],[74,42],[74,43]]","[[1,1,0,0,1,1,0,0],[1,1,1,1,1,1,1,1],[0,1,1,1,0,1,1,1],[0,1,1,1,0,1,1,1],[1,1,0,0,1,1,0,0],[1,1,1,1,1,1,1,1],[0,1,1,1,0,1,1,1],[0,1,1,1,0,1,1,1]]",f0680117858dd69bf5f57d41e1f754d7fb4d2b3b8ce53e2daf31c0628006101f,"{""p_injection"":4,""q_injection"":4}","{""p_injection"":0.5,""q_injection"":0.5}","{""angle"":4,""voltage"":4}","{""angle"":0.5,""voltage"":0.5}","[4,8,6,6,4,8,6,6]","[4,8,6,6,4,8,6,6]","{""4"":2,""6"":4,""8"":2}","{""4"":2,""6"":4,""8"":2}",48,8,13.309064222500716,1971.3701373040835,3189.3066067529658,1896.9953261008043,"[1971.3701373040835,1938.3312041696183,975.590770709861,968.0734912378165,547.3023237319118,543.0292073656362,151.47319920355864,148.1223701641791]",False,topology_local,1,matrix_structure_and_metadata_only
ieee30_topology_local_v02,ieee30,"[39,41,45,46,69,71,75,76]","[8,10,14,15,38,40,44,45]","[39,41,45,46,69,71,75,76]","[8,10,14,15,38,40,44,45]","[[39,8],[39,15],[39,38],[39,45],[41,10],[41,14],[41,40],[41,44],[45,10],[45,14],[45,15],[45,40],[45,44],[45,45],[46,8],[46,14],[46,15],[46,38],[46,44],[46,45],[69,8],[69,15],[69,38],[69,45],[71,10],[71,14],[71,40],[71,44],[75,10],[75,14],[75,15],[75,40],[75,44],[75,45],[76,8],[76,14],[76,15],[76,38],[76,44],[76,45]]","[[1,0,0,1,1,0,0,1],[0,1,1,0,0,1,1,0],[0,1,1,1,0,1,1,1],[1,0,1,1,1,0,1,1],[1,0,0,1,1,0,0,1],[0,1,1,0,0,1,1,0],[0,1,1,1,0,1,1,1],[1,0,1,1,1,0,1,1]]",ec2b0787e4f3c5f212bc9fc586cb0ec144be4832c5cfa736c2318eafd1268e9b,"{""p_injection"":4,""q_injection"":4}","{""p_injection"":0.5,""q_injection"":0.5}","{""angle"":4,""voltage"":4}","{""angle"":0.5,""voltage"":0.5}","[4,4,6,6,4,4,6,6]","[4,4,6,6,4,4,6,6]","{""4"":4,""6"":4}","{""4"":4,""6"":4}",40,8,9.440040750089421,1676.0163740580842,2772.6641142830936,1462.7062047895095,"[1676.0163740580842,1654.1038497607965,890.0517625208475,882.8669101758692,504.3529363535899,502.915036795996,179.20011466898222,177.54334101176502]",False,topology_local,2,matrix_structure_and_metadata_only
ieee30_topology_local_v03,ieee30,"[53,54,56,83,84,86,124,165]","[22,23,24,25,52,53,54,55]","[53,54,56,83,84,86,124,165]","[22,23,24,25,52,53,54,55]","[[53,22],[53,23],[53,52],[53,53],[54,22],[54,23],[54,24],[54,25],[54,52],[54,53],[54,54],[54,55],[56,23],[56,25],[56,53],[56,55],[83,22],[83,23],[83,52],[83,53],[84,22],[84,23],[84,24],[84,25],[84,52],[84,53],[84,54],[84,55],[86,23],[86,25],[86,53],[86,55],[124,23],[124,25],[124,53],[124,55],[165,23],[165,25],[165,53],[165,55]]","[[1,1,0,0,1,1,0,0],[1,1,1,1,1,1,1,1],[0,1,0,1,0,1,0,1],[1,1,0,0,1,1,0,0],[1,1,1,1,1,1,1,1],[0,1,0,1,0,1,0,1],[0,1,0,1,0,1,0,1],[0,1,0,1,0,1,0,1]]",3042f53da817eed2048c82a7548e9e368422e62883f5da60863892bc56b63de0,"{""p_branch_flow"":1,""p_injection"":3,""q_branch_flow"":1,""q_injection"":3}","{""p_branch_flow"":0.125,""p_injection"":0.375,""q_branch_flow"":0.125,""q_injection"":0.375}","{""angle"":4,""voltage"":4}","{""angle"":0.5,""voltage"":0.5}","[4,8,4,4,8,4,4,4]","[4,8,2,6,4,8,2,6]","{""4"":6,""8"":2}","{""2"":2,""4"":2,""6"":2,""8"":2}",40,8,17.875399350522752,567.9446123799953,979.0539489170192,313.38714101138885,"[567.9446123799953,565.7057015044126,361.0348544719166,359.1924172580182,166.2771580858709,164.0375787746912,32.114572352138964,31.77241533143069]",False,topology_local,3,matrix_structure_and_metadata_only
ieee30_voltage_dominant_v00,ieee30,"[33,35,39,63,65,69,80,81]","[30,31,32,34,36,38,49,50]","[33,35,39,63,65,69,80,81]","[30,31,32,34,36,38,49,50]","[[33,30],[33,31],[33,32],[33,34],[35,30],[35,32],[35,34],[35,36],[35,38],[39,34],[39,38],[39,49],[39,50],[63,30],[63,31],[63,32],[63,34],[65,30],[65,32],[65,34],[65,36],[65,38],[69,34],[69,38],[69,49],[69,50],[80,38],[80,49],[80,50],[81,38],[81,49],[81,50]]","[[1,1,1,1,0,0,0,0],[1,0,1,1,1,1,0,0],[0,0,0,1,0,1,1,1],[1,1,1,1,0,0,0,0],[1,0,1,1,1,1,0,0],[0,0,0,1,0,1,1,1],[0,0,0,0,0,1,1,1],[0,0,0,0,0,1,1,1]]",5d66e05a1c0a08491df17b0c9a42e202f8c4f292a90aa1e6368765ed5ff6c55e,"{""p_injection"":3,""q_injection"":5}","{""p_injection"":0.375,""q_injection"":0.625}","{""voltage"":8}","{""voltage"":1.0}","[4,5,4,4,5,4,3,3]","[4,2,4,6,2,6,4,4]","{""3"":2,""4"":4,""5"":2}","{""2"":2,""4"":4,""6"":2}",32,8,2232.441166296479,3458.6730751463942,5179.922733164659,2795.3467143474477,"[3458.6730751463942,3030.091090837629,1718.5864971278168,1638.7724942040252,217.43034610383472,29.752966291695078,21.2045159409572,1.5492784882139492]",False,voltage_dominant,0,matrix_structure_and_metadata_only
ieee30_voltage_dominant_v01,ieee30,"[31,33,35,60,61,62,63,65]","[29,30,31,32,36,38,40,56]","[31,33,35,60,61,62,63,65]","[29,30,31,32,36,38,40,56]","[[31,29],[31,30],[31,32],[33,30],[33,31],[33,32],[33,40],[35,30],[35,32],[35,36],[35,38],[35,56],[60,29],[60,30],[60,31],[61,29],[61,30],[61,32],[62,29],[62,31],[62,32],[63,30],[63,31],[63,32],[63,40],[65,30],[65,32],[65,36],[65,38],[65,56]]","[[1,1,0,1,0,0,0,0],[0,1,1,1,0,0,1,0],[0,1,0,1,1,1,0,1],[1,1,1,0,0,0,0,0],[1,1,0,1,0,0,0,0],[1,0,1,1,0,0,0,0],[0,1,1,1,0,0,1,0],[0,1,0,1,1,1,0,1]]",23f4f866433483552d438ec34df9072f989f66f12a95945bee99318211ff6a21,"{""p_injection"":3,""q_injection"":5}","{""p_injection"":0.375,""q_injection"":0.625}","{""voltage"":8}","{""voltage"":1.0}","[3,4,5,3,3,3,4,5]","[4,7,4,7,2,2,2,2]","{""3"":4,""4"":2,""5"":2}","{""2"":4,""4"":2,""7"":2}",30,7,5.3579028698410944e+17,2532.2475114892013,3124.19232108532,1896.9953261008043,"[2532.2475114892013,1416.6720243930824,988.3564478909127,566.7375654369363,203.49382860238921,35.154839306134164,25.593706578052878,4.726191521206698e-15]",False,voltage_dominant,1,matrix_structure_and_metadata_only
ieee30_voltage_dominant_v02,ieee30,"[30,33,35,60,61,63,65,131]","[0,4,29,30,31,35,40,56]","[30,33,35,60,61,63,65,131]","[0,4,29,30,31,35,40,56]","[[30,0],[30,29],[30,30],[30,31],[33,0],[33,4],[33,30],[33,31],[33,40],[35,0],[35,4],[35,30],[35,35],[35,56],[60,0],[60,29],[60,30],[60,31],[61,0],[61,4],[61,29],[61,30],[63,0],[63,4],[63,30],[63,31],[63,40],[65,0],[65,4],[65,30],[65,35],[65,56],[131,0],[131,29],[131,30]]","[[1,0,1,1,1,0,0,0],[1,1,0,1,1,0,1,0],[1,1,0,1,0,1,0,1],[1,0,1,1,1,0,0,0],[1,1,1,1,0,0,0,0],[1,1,0,1,1,0,1,0],[1,1,0,1,0,1,0,1],[1,0,1,1,0,0,0,0]]",0de20952b1f25bd416b9e10a07506fd67470e0e3759df52bcfbdc9b68cbbbf46,"{""p_injection"":3,""q_branch_flow"":1,""q_injection"":4}","{""p_injection"":0.375,""q_branch_flow"":0.125,""q_injection"":0.5}","{""angle"":2,""voltage"":6}","{""angle"":0.25,""voltage"":0.75}","[4,5,5,4,4,5,5,3]","[8,5,4,8,4,2,2,2]","{""3"":1,""4"":3,""5"":4}","{""2"":3,""4"":2,""5"":1,""8"":2}",35,8,2792.0527131552476,3030.1808905010503,3742.517271568535,2821.411469182049,"[3030.1808905010503,1797.2641036207442,829.2557699324642,663.5033926659137,600.4023472979354,323.8124153064816,32.25708952631565,1.0852878515594708]",False,voltage_dominant,2,matrix_structure_and_metadata_only
ieee30_voltage_dominant_v03,ieee30,"[39,69,71,74,78,79,148,154]","[18,37,38,40,43,45,47,48]","[39,69,71,74,78,79,148,154]","[18,37,38,40,43,45,47,48]","[[39,18],[39,37],[39,38],[39,45],[39,48],[69,18],[69,37],[69,38],[69,45],[69,48],[71,40],[71,43],[74,40],[74,43],[78,18],[78,47],[78,48],[79,18],[79,38],[79,47],[79,48],[148,40],[148,43],[154,18],[154,47],[154,48]]","[[1,1,1,0,0,1,0,1],[1,1,1,0,0,1,0,1],[0,0,0,1,1,0,0,0],[0,0,0,1,1,0,0,0],[1,0,0,0,0,0,1,1],[1,0,1,0,0,0,1,1],[0,0,0,1,1,0,0,0],[1,0,0,0,0,0,1,1]]",91d5a9dc4640519e94efd8fbe03084f75340ea518b109fd8f5e21e8af0bfcc95,"{""p_injection"":1,""q_branch_flow"":2,""q_injection"":5}","{""p_injection"":0.125,""q_branch_flow"":0.25,""q_injection"":0.625}","{""angle"":1,""voltage"":7}","{""angle"":0.125,""voltage"":0.875}","[5,5,2,2,3,4,2,3]","[5,2,3,3,3,2,3,5]","{""2"":3,""3"":2,""4"":1,""5"":2}","{""2"":2,""3"":4,""5"":2}",26,7,2.09027601774351e+19,1636.9490429698867,2387.525228101667,1462.7062047895095,"[1636.9490429698867,1323.769862867359,1005.5467548982314,442.61455196337107,186.91229489658778,160.6160349742526,23.286501144675604,7.831257829465997e-17]",False,voltage_dominant,3,matrix_structure_and_metadata_only
ieee30_voltage_measurement_heavy_v00,ieee30,"[0,1,2,3,93,118,137,159]","[19,20,29,30,31,32,49,50]","[0,1,2,3,93,118,137,159]","[19,20,29,30,31,32,49,50]","[[0,29],[1,30],[2,31],[3,32],[93,31],[93,32],[118,19],[118,20],[118,49],[118,50],[137,32],[159,19],[159,20],[159,49],[159,50]]","[[0,0,1,0,0,0,0,0],[0,0,0,1,0,0,0,0],[0,0,0,0,1,0,0,0],[0,0,0,0,0,1,0,0],[0,0,0,0,1,1,0,0],[1,1,0,0,0,0,1,1],[0,0,0,0,0,1,0,0],[1,1,0,0,0,0,1,1]]",446504288e629d17026d876940df33839003c5f92019dd2a88b2357c45a123f7,"{""p_branch_flow"":2,""q_branch_flow"":2,""voltage_magnitude"":4}","{""p_branch_flow"":0.25,""q_branch_flow"":0.25,""voltage_magnitude"":0.5}","{""angle"":2,""voltage"":6}","{""angle"":0.25,""voltage"":0.75}","[1,1,1,1,2,4,1,4]","[2,2,1,1,2,3,2,2]","{""1"":5,""2"":1,""4"":2}","{""1"":2,""2"":5,""3"":1}",15,6,3.7450347671090777e+31,3170.9887068346,4640.830897914444,2014.1620927069582,"[3170.9887068346,3138.0110618706926,1232.1548595140764,311.1639791457759,100.00000000000001,99.99999999999997,4.6841751802045585e-14,8.467180958328984e-29]",False,voltage_measurement_heavy,0,matrix_structure_and_metadata_only
ieee30_voltage_measurement_heavy_v01,ieee30,"[3,4,5,6,99,130,134,140]","[4,6,31,32,33,34,35,36]","[3,4,5,6,99,130,134,140]","[4,6,31,32,33,34,35,36]","[[3,32],[4,33],[5,34],[6,35],[99,4],[99,6],[99,34],[99,36],[130,4],[130,34],[134,31],[134,32],[140,4],[140,6],[140,34],[140,36]]","[[0,0,0,1,0,0,0,0],[0,0,0,0,1,0,0,0],[0,0,0,0,0,1,0,0],[0,0,0,0,0,0,1,0],[1,1,0,0,0,1,0,1],[1,0,0,0,0,1,0,0],[0,0,1,1,0,0,0,0],[1,1,0,0,0,1,0,1]]",2345d415e938636c99df1638cbbac998cc93dff0bdb9dd2dab18f0a6fb1072a1,"{""p_branch_flow"":2,""q_branch_flow"":2,""voltage_magnitude"":4}","{""p_branch_flow"":0.25,""q_branch_flow"":0.25,""voltage_magnitude"":0.5}","{""angle"":2,""voltage"":6}","{""angle"":0.25,""voltage"":0.75}","[1,1,1,1,4,2,2,4]","[3,2,1,2,1,4,1,2]","{""1"":4,""2"":2,""4"":2}","{""1"":3,""2"":3,""3"":1,""4"":1}",16,8,27.0319621030186,1810.380277914302,3041.0597438680757,1176.151473281635,"[1810.380277914302,1710.1920685012085,1654.0809603797154,529.5434538975908,100.00000000000001,99.99999999999999,70.18107548579586,66.97184137115008]",False,voltage_measurement_heavy,1,matrix_structure_and_metadata_only
ieee30_voltage_measurement_heavy_v02,ieee30,"[6,7,8,9,69,116,131,157]","[8,19,29,35,36,37,38,49]","[6,7,8,9,69,116,131,157]","[8,19,29,35,36,37,38,49]","[[6,35],[7,36],[8,37],[9,38],[69,8],[69,19],[69,37],[69,38],[69,49],[116,8],[116,19],[116,38],[116,49],[131,29],[157,8],[157,19],[157,38],[157,49]]","[[0,0,0,1,0,0,0,0],[0,0,0,0,1,0,0,0],[0,0,0,0,0,1,0,0],[0,0,0,0,0,0,1,0],[1,1,0,0,0,1,1,1],[1,1,0,0,0,0,1,1],[0,0,1,0,0,0,0,0],[1,1,0,0,0,0,1,1]]",ac8bd12c14738228b021175bf602ae1908a10c56f9bc385d0dadb3c62d195cdf,"{""p_branch_flow"":1,""q_branch_flow"":2,""q_injection"":1,""voltage_magnitude"":4}","{""p_branch_flow"":0.125,""q_branch_flow"":0.25,""q_injection"":0.125,""voltage_magnitude"":0.5}","{""angle"":2,""voltage"":6}","{""angle"":0.25,""voltage"":0.75}","[1,1,1,1,5,4,1,4]","[3,3,1,1,1,2,4,3]","{""1"":5,""4"":2,""5"":1}","{""1"":3,""2"":1,""3"":3,""4"":1}",18,8,102.17833393734047,1829.6133900258233,2233.694512582541,1462.7062047895095,"[1829.6133900258233,929.1473845684637,752.848315264941,426.87619091660673,100.00000000000003,99.99999999999997,96.26349500497867,17.906079689533886]",False,voltage_measurement_heavy,2,matrix_structure_and_metadata_only
ieee30_voltage_measurement_heavy_v03,ieee30,"[9,10,11,12,69,90,115,156]","[0,8,15,38,39,40,41,45]","[9,10,11,12,69,90,115,156]","[0,8,15,38,39,40,41,45]","[[9,38],[10,39],[11,40],[12,41],[69,8],[69,15],[69,38],[69,45],[90,0],[115,8],[115,15],[115,38],[115,45],[156,8],[156,15],[156,38],[156,45]]","[[0,0,0,1,0,0,0,0],[0,0,0,0,1,0,0,0],[0,0,0,0,0,1,0,0],[0,0,0,0,0,0,1,0],[0,1,1,1,0,0,0,1],[1,0,0,0,0,0,0,0],[0,1,1,1,0,0,0,1],[0,1,1,1,0,0,0,1]]",0fc71143325651c3cc20ddc50bf7608fadf10b443fa9be0b41607745cf1a3aa5,"{""p_branch_flow"":2,""q_branch_flow"":1,""q_injection"":1,""voltage_magnitude"":4}","{""p_branch_flow"":0.25,""q_branch_flow"":0.125,""q_injection"":0.125,""voltage_magnitude"":0.5}","{""angle"":3,""voltage"":5}","{""angle"":0.375,""voltage"":0.625}","[1,1,1,1,4,1,4,4]","[1,3,3,4,1,1,1,3]","{""1"":5,""4"":3}","{""1"":4,""3"":3,""4"":1}",17,8,87.24317904150068,1750.9384679962054,2120.929525957059,1462.7062047895095,"[1750.9384679962054,830.2647873338465,751.4012239191446,384.9809460985827,100.00000000000001,100.00000000000001,99.99999999999996,20.069631657545422]",False,voltage_measurement_heavy,3,matrix_structure_and_metadata_only
ieee57_angle_dominant_v00,ieee57,"[78,94,104,105,135,151,161,162]","[11,20,21,36,45,46,93,103]","[78,94,104,105,135,151,161,162]","[11,20,21,36,45,46,93,103]","[[78,20],[78,21],[78,36],[78,93],[94,20],[94,36],[94,46],[94,93],[94,103],[104,36],[104,45],[104,46],[104,93],[104,103],[105,11],[105,36],[105,46],[105,93],[105,103],[135,20],[135,21],[135,36],[135,93],[151,20],[151,36],[151,46],[151,93],[151,103],[161,36],[161,45],[161,46],[161,93],[161,103],[162,11],[162,36],[162,46],[162,93],[162,103]]","[[0,1,1,1,0,0,1,0],[0,1,0,1,0,1,1,1],[0,0,0,1,1,1,1,1],[1,0,0,1,0,1,1,1],[0,1,1,1,0,0,1,0],[0,1,0,1,0,1,1,1],[0,0,0,1,1,1,1,1],[1,0,0,1,0,1,1,1]]",9694366a958e18553df06f6bba1bb78c60a8b5ffe5ca1e628b9e234c190e9b1d,"{""p_injection"":4,""q_injection"":4}","{""p_injection"":0.5,""q_injection"":0.5}","{""angle"":6,""voltage"":2}","{""angle"":0.75,""voltage"":0.25}","[4,5,5,5,4,5,5,5]","[2,4,2,8,2,6,8,6]","{""4"":2,""5"":6}","{""2"":3,""4"":1,""6"":2,""8"":2}",38,8,964.5368099132953,4187.154593552261,6286.728641111785,2596.253952862088,"[4187.154593552261,3008.742879832118,2667.594509174666,1736.8965746445108,1656.439884478017,238.76341652578205,66.85520319201976,4.341103989518715]",False,angle_dominant,0,matrix_structure_and_metadata_only
ieee57_angle_dominant_v01,ieee57,"[59,69,70,71,116,126,127,128]","[0,1,11,12,13,68,69,70]","[59,69,70,71,116,126,127,128]","[0,1,11,12,13,68,69,70]","[[59,0],[59,1],[59,13],[59,70],[69,11],[69,12],[69,13],[69,68],[69,69],[69,70],[70,11],[70,12],[70,13],[70,68],[70,69],[70,70],[71,1],[71,11],[71,12],[71,13],[71,68],[71,69],[71,70],[116,0],[116,1],[116,13],[116,70],[126,11],[126,12],[126,13],[126,68],[126,69],[126,70],[127,11],[127,12],[127,13],[127,68],[127,69],[127,70],[128,1],[128,11],[128,12],[128,13],[128,68],[128,69],[128,70]]","[[1,1,0,0,1,0,0,1],[0,0,1,1,1,1,1,1],[0,0,1,1,1,1,1,1],[0,1,1,1,1,1,1,1],[1,1,0,0,1,0,0,1],[0,0,1,1,1,1,1,1],[0,0,1,1,1,1,1,1],[0,1,1,1,1,1,1,1]]",ca3704557251ddbb53defade21e98ef24e263b6a86687f57e75e91ecee6b11ad,"{""p_injection"":4,""q_injection"":4}","{""p_injection"":0.5,""q_injection"":0.5}","{""angle"":5,""voltage"":3}","{""angle"":0.625,""voltage"":0.375}","[4,6,6,7,4,6,6,7]","[2,4,6,6,8,6,6,8]","{""4"":2,""6"":4,""7"":2}","{""2"":1,""4"":1,""6"":4,""8"":2}",46,8,72.669217973785,2904.503646293919,5989.417545100574,2357.4505305847188,"[2904.503646293919,2833.276004426239,2819.8381089189375,2644.8000466385815,1640.4643035956947,1010.1213450851552,866.0301167892236,39.968830369713096]",False,angle_dominant,1,matrix_structure_and_metadata_only
ieee57_angle_dominant_v02,ieee57,"[58,59,60,92,93,116,173,219]","[0,1,2,34,35,58,59,91]","[58,59,60,92,93,116,173,219]","[0,1,2,34,35,58,59,91]","[[58,0],[58,1],[58,58],[59,0],[59,1],[59,2],[59,58],[59,59],[60,1],[60,2],[60,58],[60,59],[92,34],[92,35],[92,91],[93,34],[93,35],[93,91],[116,0],[116,1],[116,2],[116,58],[116,59],[173,1],[173,2],[173,58],[173,59],[219,34],[219,35],[219,91]]","[[1,1,0,0,0,1,0,0],[1,1,1,0,0,1,1,0],[0,1,1,0,0,1,1,0],[0,0,0,1,1,0,0,1],[0,0,0,1,1,0,0,1],[1,1,1,0,0,1,1,0],[0,1,1,0,0,1,1,0],[0,0,0,1,1,0,0,1]]",3f61f8b0fa685436cb0704ed2acc0dcb3dc5170638cf974ad6ab2fb0a1dc7d95,"{""p_branch_flow"":2,""p_injection"":5,""q_injection"":1}","{""p_branch_flow"":0.25,""p_injection"":0.625,""q_injection"":0.125}","{""angle"":5,""voltage"":3}","{""angle"":0.625,""voltage"":0.375}","[3,5,4,3,3,5,4,3]","[3,5,4,3,3,5,4,3]","{""3"":4,""4"":2,""5"":2}","{""3"":4,""4"":2,""5"":2}",30,8,350.5258330507009,3071.1964571134686,4833.356145193198,1703.3944699216786,"[3071.1964571134686,2531.2335732232327,1994.4988160194953,1502.410889902177,912.7319595168462,673.3253198119502,12.375514320770813,8.761683640786735]",False,angle_dominant,2,matrix_structure_and_metadata_only
ieee57_angle_dominant_v03,ieee57,"[62,64,65,69,119,121,122,126]","[2,5,6,7,10,12,63,64]","[62,64,65,69,119,121,122,126]","[2,5,6,7,10,12,63,64]","[[62,2],[62,5],[62,6],[62,63],[64,5],[64,6],[64,7],[64,63],[64,64],[65,6],[65,7],[65,10],[65,63],[65,64],[69,7],[69,10],[69,12],[69,64],[119,2],[119,5],[119,6],[119,63],[121,5],[121,6],[121,7],[121,63],[121,64],[122,6],[122,7],[122,10],[122,63],[122,64],[126,7],[126,10],[126,12],[126,64]]","[[1,1,1,0,0,0,1,0],[0,1,1,1,0,0,1,1],[0,0,1,1,1,0,1,1],[0,0,0,1,1,1,0,1],[1,1,1,0,0,0,1,0],[0,1,1,1,0,0,1,1],[0,0,1,1,1,0,1,1],[0,0,0,1,1,1,0,1]]",73373fc6168073157383546eab61763e7056b4d095e0633c611de1bceeef48eb,"{""p_injection"":4,""q_injection"":4}","{""p_injection"":0.5,""q_injection"":0.5}","{""angle"":6,""voltage"":2}","{""angle"":0.75,""voltage"":0.25}","[4,5,5,4,4,5,5,4]","[2,4,6,6,4,2,6,6]","{""4"":4,""5"":4}","{""2"":2,""4"":2,""6"":4}",36,8,646.5327964418256,2258.017203347261,3573.208449104714,1766.5566885461758,"[2258.017203347261,2246.775278119709,977.5475067457107,886.0740278021431,843.9984276195693,409.764105729142,14.117483527701815,3.4925021836079977]",False,angle_dominant,3,matrix_structure_and_metadata_only
ieee57_branch_flow_heavy_v00,ieee57,"[171,203,223,231,251,283,303,311]","[0,20,21,46,56,57,77,78]","[171,203,223,231,251,283,303,311]","[0,20,21,46,56,57,77,78]","[[171,0],[171,56],[171,57],[203,20],[203,21],[203,77],[203,78],[223,20],[223,77],[231,46],[251,0],[251,56],[251,57],[283,20],[283,21],[283,77],[283,78],[303,20],[303,77],[311,46]]","[[1,0,0,0,1,1,0,0],[0,1,1,0,0,0,1,1],[0,1,0,0,0,0,1,0],[0,0,0,1,0,0,0,0],[1,0,0,0,1,1,0,0],[0,1,1,0,0,0,1,1],[0,1,0,0,0,0,1,0],[0,0,0,1,0,0,0,0]]",5ebfdf2e16cc7a55736739c0a29a694517fa505d107fa3cb58bd37fa57f05140,"{""p_branch_flow"":4,""q_branch_flow"":4}","{""p_branch_flow"":0.5,""q_branch_flow"":0.5}","{""angle"":4,""voltage"":4}","{""angle"":0.5,""voltage"":0.5}","[3,4,2,1,3,4,2,1]","[2,4,2,2,2,2,4,2]","{""1"":2,""2"":2,""3"":2,""4"":2}","{""2"":6,""4"":2}",20,7,6.276850603966535e+32,4116.184506398516,6951.037129252795,2356.713872678887,"[4116.184506398516,4083.158159127334,2543.6217638000653,1776.3967826703033,1769.1308197705323,997.7188864790063,975.1398301936007,6.557722600243778e-30]",False,branch_flow_heavy,0,matrix_structure_and_metadata_only
ieee57_branch_flow_heavy_v01,ieee57,"[173,183,219,221,253,263,299,301]","[1,2,35,58,59,68,92,94]","[173,183,219,221,253,263,299,301]","[1,2,35,58,59,68,92,94]","[[173,1],[173,2],[173,58],[173,59],[183,68],[219,35],[219,92],[221,35],[221,92],[221,94],[253,1],[253,2],[253,58],[253,59],[263,68],[299,35],[299,92],[301,35],[301,92],[301,94]]","[[1,1,0,1,1,0,0,0],[0,0,0,0,0,1,0,0],[0,0,1,0,0,0,1,0],[0,0,1,0,0,0,1,1],[1,1,0,1,1,0,0,0],[0,0,0,0,0,1,0,0],[0,0,1,0,0,0,1,0],[0,0,1,0,0,0,1,1]]",7a1a323263f4f583b13ce2abc4d2839b31fc542e0006fe08c88a2b352c294930,"{""p_branch_flow"":4,""q_branch_flow"":4}","{""p_branch_flow"":0.5,""q_branch_flow"":0.5}","{""angle"":3,""voltage"":5}","{""angle"":0.375,""voltage"":0.625}","[4,1,2,3,4,1,2,3]","[2,2,4,2,2,2,4,2]","{""1"":2,""2"":2,""3"":2,""4"":2}","{""2"":6,""4"":2}",20,6,inf,1815.9344009153513,3657.222464786135,1231.5319791605489,"[1815.9344009153513,1771.029640734304,1767.563135082325,1484.0371512260372,1093.2421105493695,647.5248297552081,2.422050331489603e-13,0.0]",False,branch_flow_heavy,1,matrix_structure_and_metadata_only
ieee57_branch_flow_heavy_v02,ieee57,"[64,65,121,122,178,207,258,287]","[6,7,22,24,63,64,79,81]","[64,65,121,122,178,207,258,287]","[6,7,22,24,63,64,79,81]","[[64,6],[64,7],[64,63],[64,64],[65,6],[65,7],[65,63],[65,64],[121,6],[121,7],[121,63],[121,64],[122,6],[122,7],[122,63],[122,64],[178,6],[178,7],[178,63],[178,64],[207,22],[207,24],[207,79],[207,81],[258,6],[258,7],[258,63],[258,64],[287,22],[287,24],[287,79],[287,81]]","[[1,1,0,0,1,1,0,0],[1,1,0,0,1,1,0,0],[1,1,0,0,1,1,0,0],[1,1,0,0,1,1,0,0],[1,1,0,0,1,1,0,0],[0,0,1,1,0,0,1,1],[1,1,0,0,1,1,0,0],[0,0,1,1,0,0,1,1]]",b06b040d1a11d2bf022e00a314629f3e96fc0d2f38af74a1f50cca5921714d27,"{""p_branch_flow"":2,""p_injection"":2,""q_branch_flow"":2,""q_injection"":2}","{""p_branch_flow"":0.25,""p_injection"":0.25,""q_branch_flow"":0.25,""q_injection"":0.25}","{""angle"":4,""voltage"":4}","{""angle"":0.5,""voltage"":0.5}","[4,4,4,4,4,4,4,4]","[6,6,2,2,6,6,2,2]","{""4"":8}","{""2"":4,""6"":4}",32,6,4.13078182636232e+18,2664.131345239236,4371.788103953077,1766.5566885461758,"[2664.131345239236,2579.4218939318725,1397.753007989518,1359.5682184482887,940.4370157853656,821.5577287486536,7.028928021607645e-14,6.449460313389012e-16]",False,branch_flow_heavy,2,matrix_structure_and_metadata_only
ieee57_branch_flow_heavy_v03,ieee57,"[88,145,195,215,222,275,295,302]","[30,31,34,67,87,88,91,95]","[88,145,195,215,222,275,295,302]","[30,31,34,67,87,88,91,95]","[[88,30],[88,31],[88,87],[88,88],[145,30],[145,31],[145,87],[145,88],[195,67],[215,30],[215,31],[215,87],[215,88],[222,34],[222,91],[222,95],[275,67],[295,30],[295,31],[295,87],[295,88],[302,34],[302,91],[302,95]]","[[1,1,0,0,1,1,0,0],[1,1,0,0,1,1,0,0],[0,0,0,1,0,0,0,0],[1,1,0,0,1,1,0,0],[0,0,1,0,0,0,1,1],[0,0,0,1,0,0,0,0],[1,1,0,0,1,1,0,0],[0,0,1,0,0,0,1,1]]",6f94a2c9fa203a69fe06aee233a4a85f20766c956f789422fe427dc3a6173d65,"{""p_branch_flow"":3,""p_injection"":1,""q_branch_flow"":3,""q_injection"":1}","{""p_branch_flow"":0.375,""p_injection"":0.125,""q_branch_flow"":0.375,""q_injection"":0.125}","{""angle"":3,""voltage"":5}","{""angle"":0.375,""voltage"":0.625}","[4,4,1,4,3,1,4,3]","[4,4,2,2,4,4,2,2]","{""1"":2,""3"":2,""4"":4}","{""2"":4,""4"":4}",24,7,1.3813723886140474e+17,1544.2909364587954,2749.029196806448,831.3845248131089,"[1544.2909364587954,1471.4171128093983,1237.3179418422476,868.2534537424833,848.3576283271859,37.485727629725226,36.37463594091286,1.1179396295941652e-14]",False,branch_flow_heavy,3,matrix_structure_and_metadata_only
ieee57_injection_heavy_v00,ieee57,"[69,78,79,94,126,135,136,151]","[20,21,36,47,77,78,93,104]","[69,78,79,94,126,135,136,151]","[20,21,36,47,77,78,93,104]","[[69,47],[69,104],[78,20],[78,21],[78,36],[78,77],[78,78],[78,93],[79,20],[79,21],[79,77],[79,78],[94,20],[94,36],[94,47],[94,77],[94,93],[94,104],[126,47],[126,104],[135,20],[135,21],[135,36],[135,77],[135,78],[135,93],[136,20],[136,21],[136,77],[136,78],[151,20],[151,36],[151,47],[151,77],[151,93],[151,104]]","[[0,0,0,1,0,0,0,1],[1,1,1,0,1,1,1,0],[1,1,0,0,1,1,0,0],[1,0,1,1,1,0,1,1],[0,0,0,1,0,0,0,1],[1,1,1,0,1,1,1,0],[1,1,0,0,1,1,0,0],[1,0,1,1,1,0,1,1]]",822ddc7ae2eee343097b74439eb3f81cb5f33791749ef63a9ebd0997bb71ba66,"{""p_injection"":4,""q_injection"":4}","{""p_injection"":0.5,""q_injection"":0.5}","{""angle"":4,""voltage"":4}","{""angle"":0.5,""voltage"":0.5}","[2,6,4,6,2,6,4,6]","[6,4,4,4,6,4,4,4]","{""2"":2,""4"":2,""6"":4}","{""4"":6,""6"":2}",36,8,25.246629473657315,4776.3859498574375,7572.234247062625,2596.253952862088,"[4776.3859498574375,4725.287325915965,2436.3265521943867,2417.5899440754374,416.3108322286443,410.09135262321064,197.02311179679774,189.1890541207168]",False,injection_heavy,0,matrix_structure_and_metadata_only
ieee57_injection_heavy_v01,ieee57,"[59,71,103,104,114,116,128,161]","[1,13,45,46,56,58,70,103]","[59,71,103,104,114,116,128,161]","[1,13,45,46,56,58,70,103]","[[59,1],[59,13],[59,58],[59,70],[71,1],[71,13],[71,56],[71,58],[71,70],[103,45],[103,46],[103,103],[104,45],[104,46],[104,103],[114,13],[114,56],[114,70],[116,1],[116,13],[116,58],[116,70],[128,1],[128,13],[128,56],[128,58],[128,70],[161,45],[161,46],[161,103]]","[[1,1,0,0,0,1,1,0],[1,1,0,0,1,1,1,0],[0,0,1,1,0,0,0,1],[0,0,1,1,0,0,0,1],[0,1,0,0,1,0,1,0],[1,1,0,0,0,1,1,0],[1,1,0,0,1,1,1,0],[0,0,1,1,0,0,0,1]]",72bb2aaa4481ef998200cb994180ee639118613a88b53ad75350b1364e42eddc,"{""p_injection"":4,""q_injection"":4}","{""p_injection"":0.5,""q_injection"":0.5}","{""angle"":4,""voltage"":4}","{""angle"":0.5,""voltage"":0.5}","[4,5,3,3,3,4,5,3]","[4,5,3,3,3,4,5,3]","{""3"":4,""4"":2,""5"":2}","{""3"":4,""4"":2,""5"":2}",30,8,4.769497558947567,2860.6919297401273,5860.853130990392,2173.025612185792,"[2860.6919297401273,2764.8809967820484,2608.641122637166,2001.437258580326,1940.0053760770563,1370.063807753385,1307.7737161975404,599.7889493356539]",False,injection_heavy,1,matrix_structure_and_metadata_only
ieee57_injection_heavy_v02,ieee57,"[65,70,92,93,127,149,150,160]","[11,34,35,44,68,91,92,101]","[65,70,92,93,127,149,150,160]","[11,34,35,44,68,91,92,101]","[[65,11],[65,68],[70,11],[70,44],[70,68],[70,101],[92,34],[92,35],[92,91],[92,92],[93,34],[93,35],[93,91],[93,92],[127,11],[127,44],[127,68],[127,101],[149,34],[149,35],[149,91],[149,92],[150,34],[150,35],[150,91],[150,92],[160,44],[160,101]]","[[1,0,0,0,1,0,0,0],[1,0,0,1,1,0,0,1],[0,1,1,0,0,1,1,0],[0,1,1,0,0,1,1,0],[1,0,0,1,1,0,0,1],[0,1,1,0,0,1,1,0],[0,1,1,0,0,1,1,0],[0,0,0,1,0,0,0,1]]",a0e67517656b1f224bda5dff99a1c034fca6da75dd34dd79521c80c81595b4bb,"{""p_injection"":4,""q_injection"":4}","{""p_injection"":0.5,""q_injection"":0.5}","{""angle"":4,""voltage"":4}","{""angle"":0.5,""voltage"":0.5}","[2,4,4,4,4,4,4,2]","[3,4,4,3,3,4,4,3]","{""2"":2,""4"":6}","{""3"":4,""4"":4}",28,8,23.102810805873734,2427.909351014423,3918.602432320423,1412.1001282010566,"[2427.909351014423,2371.662606343526,1032.3414790049126,1005.7142261664043,912.7956017018199,879.5043213100344,375.4460888782608,105.09151338403998]",False,injection_heavy,2,matrix_structure_and_metadata_only
ieee57_injection_heavy_v03,ieee57,"[58,60,64,68,115,117,122,125]","[1,7,10,11,58,64,67,68]","[58,60,64,68,115,117,122,125]","[1,7,10,11,58,64,67,68]","[[58,1],[58,58],[60,1],[60,58],[64,7],[64,64],[68,7],[68,10],[68,11],[68,64],[68,67],[68,68],[115,1],[115,58],[117,1],[117,58],[122,7],[122,10],[122,11],[122,64],[122,67],[122,68],[125,7],[125,10],[125,11],[125,64],[125,67],[125,68]]","[[1,0,0,0,1,0,0,0],[1,0,0,0,1,0,0,0],[0,1,0,0,0,1,0,0],[0,1,1,1,0,1,1,1],[1,0,0,0,1,0,0,0],[1,0,0,0,1,0,0,0],[0,1,1,1,0,1,1,1],[0,1,1,1,0,1,1,1]]",5902654da19e47af40214217ab2079fb7c75efe5b4d726401c5f9615afe0d20b,"{""p_injection"":4,""q_injection"":4}","{""p_injection"":0.5,""q_injection"":0.5}","{""angle"":4,""voltage"":4}","{""angle"":0.5,""voltage"":0.5}","[2,2,2,6,2,2,6,6]","[4,4,3,3,4,4,3,3]","{""2"":5,""6"":3}","{""3"":4,""4"":4}",28,6,1.164465223803539e+17,1855.0429288066073,3286.8314954292446,1766.5566885461758,"[1855.0429288066073,1643.0656899398502,1598.0844182837748,932.7221785902816,914.2510417407328,634.5964957775343,6.429119744802505e-14,1.593042789845975e-14]",False,injection_heavy,3,matrix_structure_and_metadata_only
ieee57_lexicographic_metadata_v00,ieee57,"[193,194,195,196,197,224,235,241]","[8,9,10,11,14,15,66,67]","[193,194,195,196,197,224,235,241]","[8,9,10,11,14,15,66,67]","[[193,8],[193,10],[193,67],[194,9],[194,11],[194,66],[195,10],[195,11],[195,67],[196,10],[196,14],[196,67],[197,10],[197,15],[197,67],[224,9],[224,66],[235,8],[241,9],[241,66]]","[[1,0,1,0,0,0,0,1],[0,1,0,1,0,0,1,0],[0,0,1,1,0,0,0,1],[0,0,1,0,1,0,0,1],[0,0,1,0,0,1,0,1],[0,1,0,0,0,0,1,0],[1,0,0,0,0,0,0,0],[0,1,0,0,0,0,1,0]]",7190c338217fb1865fe3f59877536aa007ed4a20d90291cd200aaf13716e0ca2,"{""p_branch_flow"":8}","{""p_branch_flow"":1.0}","{""angle"":6,""voltage"":2}","{""angle"":0.75,""voltage"":0.25}","[3,3,3,3,3,2,1,2]","[2,3,4,2,1,1,3,4]","{""1"":1,""2"":2,""3"":5}","{""1"":2,""2"":2,""3"":2,""4"":2}",20,8,1463.6442240665342,1371.7013982343412,1978.749053312631,784.1223145078343,"[1371.7013982343412,928.9693197347349,837.7177567015874,569.9256933150357,320.99821059404366,193.8951287154352,60.63585416789137,0.9371822576003187]",False,lexicographic_metadata,0,matrix_structure_and_metadata_only
ieee57_lexicographic_metadata_v01,ieee57,"[76,77,78,134,135,187,199,200]","[15,16,17,18,74,75,76,77]","[76,77,78,134,135,187,199,200]","[15,16,17,18,74,75,76,77]","[[76,17],[76,18],[76,74],[76,75],[76,76],[77,18],[77,75],[77,76],[77,77],[78,76],[78,77],[134,18],[134,75],[134,76],[134,77],[135,76],[135,77],[187,15],[199,16],[199,17],[199,74],[200,17],[200,18],[200,74],[200,75]]","[[0,0,1,1,1,1,1,0],[0,0,0,1,0,1,1,1],[0,0,0,0,0,0,1,1],[0,0,0,1,0,1,1,1],[0,0,0,0,0,0,1,1],[1,0,0,0,0,0,0,0],[0,1,1,0,1,0,0,0],[0,0,1,1,1,1,0,0]]",fc1c48148bb9d4b0edc5dce464a1dad84b6d207aac3af99bb24dc3838446a040,"{""p_branch_flow"":3,""p_injection"":3,""q_injection"":2}","{""p_branch_flow"":0.375,""p_injection"":0.375,""q_injection"":0.25}","{""angle"":4,""voltage"":4}","{""angle"":0.5,""voltage"":0.5}","[5,4,2,4,2,1,3,4]","[1,1,3,4,3,4,5,4]","{""1"":1,""2"":2,""3"":1,""4"":3,""5"":1}","{""1"":2,""3"":2,""4"":3,""5"":1}",25,8,127197.71259508611,3081.7408684183915,3134.4137607878815,2565.160950005095,"[3081.7408684183915,472.5094706863398,259.8577061341688,174.49098623248142,68.41763121001955,38.04795661543924,7.47611425221062,0.024227958235606237]",False,lexicographic_metadata,1,matrix_structure_and_metadata_only
ieee57_lexicographic_metadata_v02,ieee57,"[80,203,204,205,206,207,208,212]","[21,22,23,24,25,78,79,80]","[80,203,204,205,206,207,208,212]","[21,22,23,24,25,78,79,80]","[[80,21],[80,22],[80,23],[80,24],[80,78],[80,79],[80,80],[203,21],[203,78],[204,21],[204,22],[204,78],[204,79],[205,22],[205,23],[205,79],[205,80],[206,22],[206,23],[206,79],[206,80],[207,22],[207,24],[207,79],[208,24],[208,25],[212,23],[212,80]]","[[1,1,1,1,0,1,1,1],[1,0,0,0,0,1,0,0],[1,1,0,0,0,1,1,0],[0,1,1,0,0,0,1,1],[0,1,1,0,0,0,1,1],[0,1,0,1,0,0,1,0],[0,0,0,1,1,0,0,0],[0,0,1,0,0,0,0,1]]",1f3442edf539c3099e1e7f5a2853461d478273c634f6709b540a9ca2c50adee9,"{""p_branch_flow"":7,""p_injection"":1}","{""p_branch_flow"":0.875,""p_injection"":0.125}","{""angle"":5,""voltage"":3}","{""angle"":0.625,""voltage"":0.375}","[7,2,4,4,4,3,2,2]","[3,5,4,3,1,3,5,4]","{""2"":3,""3"":1,""4"":3,""7"":1}","{""1"":1,""3"":3,""4"":2,""5"":2}",28,7,3.868043575167834e+18,2811.6452408103905,3300.602697287642,2356.713872678887,"[2811.6452408103905,1700.2849054920505,214.6202490817613,189.6740115040196,116.38886452360184,45.555133443876265,0.8517056424353512,7.268907875962575e-16]",False,lexicographic_metadata,2,matrix_structure_and_metadata_only
ieee57_lexicographic_metadata_v03,ieee57,"[172,213,214,215,216,217,218,219]","[1,28,29,30,31,32,33,34]","[172,213,214,215,216,217,218,219]","[1,28,29,30,31,32,33,34]","[[172,1],[213,28],[213,29],[214,29],[214,30],[215,30],[215,31],[216,30],[216,32],[217,32],[217,33],[218,33],[218,34],[219,34]]","[[1,0,0,0,0,0,0,0],[0,1,1,0,0,0,0,0],[0,0,1,1,0,0,0,0],[0,0,0,1,1,0,0,0],[0,0,0,1,0,1,0,0],[0,0,0,0,0,1,1,0],[0,0,0,0,0,0,1,1],[0,0,0,0,0,0,0,1]]",8645c7b3919c24888787135b7c925be3d5b3d393b116fb48c3846ad039feabd5,"{""p_branch_flow"":8}","{""p_branch_flow"":1.0}","{""angle"":8}","{""angle"":1.0}","[1,2,2,2,2,2,2,1]","[1,1,2,3,1,2,2,2]","{""1"":2,""2"":6}","{""1"":3,""2"":4,""3"":1}",14,8,52.83178864493187,1029.1421000982446,1581.3194781302486,798.0471023211968,"[1029.1421000982446,816.7020789615545,642.5819328742652,527.335578818391,267.5984975583367,96.16637977843055,46.95537766065126,19.47959981091743]",False,lexicographic_metadata,3,matrix_structure_and_metadata_only
ieee57_measurement_balanced_v01,ieee57,"[78,79,94,135,136,151,203,231]","[20,21,36,46,77,78,93,103]","[78,79,94,135,136,151,203,231]","[20,21,36,46,77,78,93,103]","[[78,20],[78,21],[78,36],[78,77],[78,78],[78,93],[79,20],[79,21],[79,77],[79,78],[94,20],[94,36],[94,46],[94,77],[94,93],[94,103],[135,20],[135,21],[135,36],[135,77],[135,78],[135,93],[136,20],[136,21],[136,77],[136,78],[151,20],[151,36],[151,46],[151,77],[151,93],[151,103],[203,20],[203,21],[203,77],[203,78],[231,46],[231,103]]","[[1,1,1,0,1,1,1,0],[1,1,0,0,1,1,0,0],[1,0,1,1,1,0,1,1],[1,1,1,0,1,1,1,0],[1,1,0,0,1,1,0,0],[1,0,1,1,1,0,1,1],[1,1,0,0,1,1,0,0],[0,0,0,1,0,0,0,1]]",b9fb47e89d28de1c389478f24df1099c117cfde635926143f02ba8065b731a57,"{""p_branch_flow"":2,""p_injection"":3,""q_injection"":3}","{""p_branch_flow"":0.25,""p_injection"":0.375,""q_injection"":0.375}","{""angle"":4,""voltage"":4}","{""angle"":0.5,""voltage"":0.5}","[6,4,6,6,4,6,4,2]","[7,5,4,3,7,5,4,3]","{""2"":1,""4"":3,""6"":4}","{""3"":2,""4"":2,""5"":2,""7"":2}",38,8,12250.63499647053,6097.830627670745,8761.294657074313,2596.253952862088,"[6097.830627670745,4742.779565273152,2756.8651052108553,2477.4190071708517,1711.760684286105,471.7809336895814,438.37816631799876,0.49775629013741424]",False,measurement_balanced,1,matrix_structure_and_metadata_only
ieee57_measurement_balanced_v02,ieee57,"[69,79,126,136,203,223,231,311]","[11,20,21,45,46,68,77,78]","[69,79,126,136,203,223,231,311]","[11,20,21,45,46,68,77,78]","[[69,11],[69,68],[79,20],[79,21],[79,77],[79,78],[126,11],[126,68],[136,20],[136,21],[136,77],[136,78],[203,20],[203,21],[203,77],[203,78],[223,20],[223,77],[231,45],[231,46],[311,45],[311,46]]","[[1,0,0,0,0,1,0,0],[0,1,1,0,0,0,1,1],[1,0,0,0,0,1,0,0],[0,1,1,0,0,0,1,1],[0,1,1,0,0,0,1,1],[0,1,0,0,0,0,1,0],[0,0,0,1,1,0,0,0],[0,0,0,1,1,0,0,0]]",aa0f865d17def7487ba7e3eed0dff896ee7314a1b1fcf9188f2d90619a1d692e,"{""p_branch_flow"":3,""p_injection"":2,""q_branch_flow"":1,""q_injection"":2}","{""p_branch_flow"":0.375,""p_injection"":0.25,""q_branch_flow"":0.125,""q_injection"":0.25}","{""angle"":5,""voltage"":3}","{""angle"":0.625,""voltage"":0.375}","[2,4,2,4,4,2,2,2]","[2,4,3,2,2,2,4,3]","{""2"":5,""4"":3}","{""2"":4,""3"":2,""4"":2}",22,7,4.561629640092626e+16,4921.387324178492,7108.74575220874,2357.4505305847188,"[4921.387324178492,2707.045939683582,2501.928798931719,2448.062209729864,2388.8766367956587,1013.2745929585026,1.4039974890556177,1.0788660440391564e-13]",False,measurement_balanced,2,matrix_structure_and_metadata_only
ieee57_measurement_balanced_v03,ieee57,"[69,70,71,126,127,128,171,251]","[0,11,12,13,56,68,69,70]","[69,70,71,126,127,128,171,251]","[0,11,12,13,56,68,69,70]","[[69,11],[69,12],[69,13],[69,68],[69,69],[69,70],[70,11],[70,12],[70,13],[70,68],[70,69],[70,70],[71,11],[71,12],[71,13],[71,56],[71,68],[71,69],[71,70],[126,11],[126,12],[126,13],[126,68],[126,69],[126,70],[127,11],[127,12],[127,13],[127,68],[127,69],[127,70],[128,11],[128,12],[128,13],[128,56],[128,68],[128,69],[128,70],[171,0],[171,56],[251,0],[251,56]]","[[0,1,1,1,0,1,1,1],[0,1,1,1,0,1,1,1],[0,1,1,1,1,1,1,1],[0,1,1,1,0,1,1,1],[0,1,1,1,0,1,1,1],[0,1,1,1,1,1,1,1],[1,0,0,0,1,0,0,0],[1,0,0,0,1,0,0,0]]",6feb83021c8b033b3b7f9804e60f4dbeea4df720a4d9aa1d5c19b81f91bbceac,"{""p_branch_flow"":1,""p_injection"":3,""q_branch_flow"":1,""q_injection"":3}","{""p_branch_flow"":0.125,""p_injection"":0.375,""q_branch_flow"":0.125,""q_injection"":0.375}","{""angle"":4,""voltage"":4}","{""angle"":0.5,""voltage"":0.5}","[6,6,7,6,6,7,2,2]","[2,6,6,6,4,6,6,6]","{""2"":2,""6"":4,""7"":2}","{""2"":1,""4"":1,""6"":6}",42,8,3.0656956707114196,2904.4984341258505,6175.57947383789,2357.4505305847188,"[2904.4984341258505,2833.1921939249205,2630.13444429596,2545.494175052924,1843.9787361515707,1740.0115320797413,975.727598611243,947.4190350576572]",False,measurement_balanced,3,matrix_structure_and_metadata_only
ieee57_mixed_state_v01,ieee57,"[71,94,104,105,151,161,162,249]","[11,13,36,46,56,68,93,103]","[71,94,104,105,151,161,162,249]","[11,13,36,46,56,68,93,103]","[[71,11],[71,13],[71,56],[71,68],[94,36],[94,46],[94,93],[94,103],[104,36],[104,46],[104,93],[104,103],[105,11],[105,36],[105,46],[105,68],[105,93],[105,103],[151,36],[151,46],[151,93],[151,103],[161,36],[161,46],[161,93],[161,103],[162,11],[162,36],[162,46],[162,68],[162,93],[162,103],[249,36],[249,46],[249,93],[249,103]]","[[1,1,0,0,1,1,0,0],[0,0,1,1,0,0,1,1],[0,0,1,1,0,0,1,1],[1,0,1,1,0,1,1,1],[0,0,1,1,0,0,1,1],[0,0,1,1,0,0,1,1],[1,0,1,1,0,1,1,1],[0,0,1,1,0,0,1,1]]",45c4c4d08286beac3cd2fb97261570f797b439c54a3bd15f4f67c9402b89d8f3,"{""p_branch_flow"":1,""p_injection"":4,""q_injection"":3}","{""p_branch_flow"":0.125,""p_injection"":0.5,""q_injection"":0.375}","{""angle"":4,""voltage"":4}","{""angle"":0.5,""voltage"":0.5}","[4,4,4,6,4,4,6,4]","[3,1,7,7,1,3,7,7]","{""4"":6,""6"":2}","{""1"":2,""3"":2,""7"":4}",36,7,5.8394695838612216e+16,3170.78526640889,5345.347704317663,2165.5893334262046,"[3170.78526640889,2906.0222972395427,2165.5267396346208,1656.511381611226,1600.9176245099964,200.02150214668288,193.43066731306493,5.429919996795801e-14]",False,mixed_state,1,matrix_structure_and_metadata_only
ieee57_mixed_state_v02,ieee57,"[57,69,71,114,128,161,231,311]","[0,11,13,45,56,70,102,103]","[57,69,71,114,128,161,231,311]","[0,11,13,45,56,70,102,103]","[[57,0],[57,13],[57,56],[57,70],[69,11],[69,13],[69,70],[71,11],[71,13],[71,56],[71,70],[114,0],[114,13],[114,56],[114,70],[128,11],[128,13],[128,56],[128,70],[161,45],[161,102],[161,103],[231,45],[231,102],[231,103],[311,45],[311,102],[311,103]]","[[1,0,1,0,1,1,0,0],[0,1,1,0,0,1,0,0],[0,1,1,0,1,1,0,0],[1,0,1,0,1,1,0,0],[0,1,1,0,1,1,0,0],[0,0,0,1,0,0,1,1],[0,0,0,1,0,0,1,1],[0,0,0,1,0,0,1,1]]",01a8a4a6d2b4f140fa685f9bc0740a6da966658f084c956693e1f67f13f27138,"{""p_branch_flow"":1,""p_injection"":3,""q_branch_flow"":1,""q_injection"":3}","{""p_branch_flow"":0.125,""p_injection"":0.375,""q_branch_flow"":0.125,""q_injection"":0.375}","{""angle"":4,""voltage"":4}","{""angle"":0.5,""voltage"":0.5}","[4,3,4,4,4,3,3,3]","[2,3,5,3,4,5,3,3]","{""3"":4,""4"":4}","{""2"":1,""3"":4,""4"":1,""5"":2}",28,8,8.39821747092115,3086.8141716780083,5887.249534996024,2302.380830255761,"[3086.8141716780083,2640.7602597297287,2502.7734975972367,1961.0265038403913,1852.731167301343,1773.6309718521723,1155.2893812888497,367.5558750849345]",False,mixed_state,2,matrix_structure_and_metadata_only
ieee57_mixed_state_v03,ieee57,"[58,59,71,115,116,128,172,252]","[0,1,12,13,56,57,58,70]","[58,59,71,115,116,128,172,252]","[0,1,12,13,56,57,58,70]","[[58,0],[58,1],[58,56],[58,57],[58,58],[59,0],[59,1],[59,13],[59,57],[59,58],[59,70],[71,1],[71,12],[71,13],[71,56],[71,58],[71,70],[115,0],[115,1],[115,56],[115,57],[115,58],[116,0],[116,1],[116,13],[116,57],[116,58],[116,70],[128,1],[128,12],[128,13],[128,56],[128,58],[128,70],[172,0],[172,1],[172,57],[172,58],[252,0],[252,1],[252,57],[252,58]]","[[1,1,0,0,1,1,1,0],[1,1,0,1,0,1,1,1],[0,1,1,1,1,0,1,1],[1,1,0,0,1,1,1,0],[1,1,0,1,0,1,1,1],[0,1,1,1,1,0,1,1],[1,1,0,0,0,1,1,0],[1,1,0,0,0,1,1,0]]",2c33698c465ac1ff4156f99b2733b94986aa219451a75e66ebce71131c3a2846,"{""p_branch_flow"":1,""p_injection"":3,""q_branch_flow"":1,""q_injection"":3}","{""p_branch_flow"":0.125,""p_injection"":0.375,""q_branch_flow"":0.125,""q_injection"":0.375}","{""angle"":4,""voltage"":4}","{""angle"":0.5,""voltage"":0.5}","[5,6,6,5,6,6,4,4]","[6,8,2,4,4,6,8,4]","{""4"":2,""5"":2,""6"":4}","{""2"":1,""4"":3,""6"":2,""8"":2}",42,8,79.32660204626484,2779.68505212911,5065.180404191202,2173.025612185792,"[2779.68505212911,2722.984869297564,1941.0122498040535,1866.511417346932,1366.7392187807673,1157.148090387494,234.87836479075855,35.0410200415233]",False,mixed_state,3,matrix_structure_and_metadata_only
ieee57_topology_local_v00,ieee57,"[78,79,94,135,136,151,203,283]","[19,20,21,36,76,77,78,93]","[78,79,94,135,136,151,203,283]","[19,20,21,36,76,77,78,93]","[[78,19],[78,20],[78,21],[78,36],[78,76],[78,77],[78,78],[78,93],[79,20],[79,21],[79,77],[79,78],[94,20],[94,36],[94,77],[94,93],[135,19],[135,20],[135,21],[135,36],[135,76],[135,77],[135,78],[135,93],[136,20],[136,21],[136,77],[136,78],[151,20],[151,36],[151,77],[151,93],[203,20],[203,21],[203,77],[203,78],[283,20],[283,21],[283,77],[283,78]]","[[1,1,1,1,1,1,1,1],[0,1,1,0,0,1,1,0],[0,1,0,1,0,1,0,1],[1,1,1,1,1,1,1,1],[0,1,1,0,0,1,1,0],[0,1,0,1,0,1,0,1],[0,1,1,0,0,1,1,0],[0,1,1,0,0,1,1,0]]",9a10ce0f284462bf0d1f070eb05fa178217792838030eed3df613fb40b0ea787,"{""p_branch_flow"":1,""p_injection"":3,""q_branch_flow"":1,""q_injection"":3}","{""p_branch_flow"":0.125,""p_injection"":0.375,""q_branch_flow"":0.125,""q_injection"":0.375}","{""angle"":4,""voltage"":4}","{""angle"":0.5,""voltage"":0.5}","[8,4,4,8,4,4,4,4]","[2,8,6,4,2,8,6,4]","{""4"":6,""8"":2}","{""2"":2,""4"":2,""6"":2,""8"":2}",40,8,265.58240390626105,6112.572462852899,9418.88076895837,2596.253952862088,"[6112.572462852899,6056.783479830716,2670.55791821489,2648.843055011542,512.3927106548989,505.2346749538993,23.653532364698297,23.01572835002416]",False,topology_local,0,matrix_structure_and_metadata_only
ieee57_topology_local_v01,ieee57,"[102,103,104,159,160,161,231,311]","[12,44,45,46,69,101,102,103]","[102,103,104,159,160,161,231,311]","[12,44,45,46,69,101,102,103]","[[102,12],[102,44],[102,45],[102,69],[102,101],[102,102],[103,44],[103,45],[103,46],[103,101],[103,102],[103,103],[104,45],[104,46],[104,102],[104,103],[159,12],[159,44],[159,45],[159,69],[159,101],[159,102],[160,44],[160,45],[160,46],[160,101],[160,102],[160,103],[161,45],[161,46],[161,102],[161,103],[231,45],[231,46],[231,102],[231,103],[311,45],[311,46],[311,102],[311,103]]","[[1,1,1,0,1,1,1,0],[0,1,1,1,0,1,1,1],[0,0,1,1,0,0,1,1],[1,1,1,0,1,1,1,0],[0,1,1,1,0,1,1,1],[0,0,1,1,0,0,1,1],[0,0,1,1,0,0,1,1],[0,0,1,1,0,0,1,1]]",7350515c7163f1089f2ae5fdd5b76600f4729d670c0638aeb512e10467cae9a7,"{""p_branch_flow"":1,""p_injection"":3,""q_branch_flow"":1,""q_injection"":3}","{""p_branch_flow"":0.125,""p_injection"":0.375,""q_branch_flow"":0.125,""q_injection"":0.375}","{""angle"":4,""voltage"":4}","{""angle"":0.5,""voltage"":0.5}","[6,6,4,6,6,4,4,4]","[2,4,8,6,2,4,8,6]","{""4"":4,""6"":4}","{""2"":2,""4"":2,""6"":2,""8"":2}",40,8,27.79192403256166,3957.1075801551933,5870.017802452176,1616.091796009219,"[3957.1075801551933,3869.55007316927,1304.0646182461871,1250.3955002495857,517.5433682403539,500.7439632638831,148.4881115941103,142.3833619982177]",False,topology_local,1,matrix_structure_and_metadata_only
ieee57_topology_local_v02,ieee57,"[57,68,72,73,114,125,129,130]","[0,10,14,15,56,67,71,72]","[57,68,72,73,114,125,129,130]","[0,10,14,15,56,67,71,72]","[[57,0],[57,14],[57,15],[57,56],[57,71],[57,72],[68,10],[68,14],[68,15],[68,67],[68,71],[68,72],[72,10],[72,14],[72,56],[72,67],[72,71],[73,10],[73,15],[73,56],[73,67],[73,72],[114,0],[114,14],[114,15],[114,56],[114,71],[114,72],[125,10],[125,14],[125,15],[125,67],[125,71],[125,72],[129,10],[129,14],[129,56],[129,67],[129,71],[130,10],[130,15],[130,56],[130,67],[130,72]]","[[1,0,1,1,1,0,1,1],[0,1,1,1,0,1,1,1],[0,1,1,0,1,1,1,0],[0,1,0,1,1,1,0,1],[1,0,1,1,1,0,1,1],[0,1,1,1,0,1,1,1],[0,1,1,0,1,1,1,0],[0,1,0,1,1,1,0,1]]",8a5489ba11e8665a6edfc44a7c622993f45f68cd435b6a0878a4c221a952d406,"{""p_injection"":4,""q_injection"":4}","{""p_injection"":0.5,""q_injection"":0.5}","{""angle"":4,""voltage"":4}","{""angle"":0.5,""voltage"":0.5}","[6,6,5,5,6,6,5,5]","[2,6,6,6,6,6,6,6]","{""5"":4,""6"":4}","{""2"":1,""6"":7}",44,8,7.055896564036203,2180.1830060351417,3578.355785696778,1991.1482340908915,"[2180.1830060351417,1736.8838293259735,1668.024585759796,1232.2232493789857,518.7510224209318,482.45480547955543,369.65948235737454,308.9873818654742]",False,topology_local,2,matrix_structure_and_metadata_only
ieee57_topology_local_v03,ieee57,"[87,88,89,144,145,146,215,295]","[28,29,30,31,85,86,87,88]","[87,88,89,144,145,146,215,295]","[28,29,30,31,85,86,87,88]","[[87,28],[87,29],[87,30],[87,85],[87,86],[87,87],[88,29],[88,30],[88,31],[88,86],[88,87],[88,88],[89,30],[89,31],[89,87],[89,88],[144,28],[144,29],[144,30],[144,85],[144,86],[144,87],[145,29],[145,30],[145,31],[145,86],[145,87],[145,88],[146,30],[146,31],[146,87],[146,88],[215,30],[215,31],[215,87],[215,88],[295,30],[295,31],[295,87],[295,88]]","[[1,1,1,0,1,1,1,0],[0,1,1,1,0,1,1,1],[0,0,1,1,0,0,1,1],[1,1,1,0,1,1,1,0],[0,1,1,1,0,1,1,1],[0,0,1,1,0,0,1,1],[0,0,1,1,0,0,1,1],[0,0,1,1,0,0,1,1]]",7350515c7163f1089f2ae5fdd5b76600f4729d670c0638aeb512e10467cae9a7,"{""p_branch_flow"":1,""p_injection"":3,""q_branch_flow"":1,""q_injection"":3}","{""p_branch_flow"":0.125,""p_injection"":0.375,""q_branch_flow"":0.125,""q_injection"":0.375}","{""angle"":4,""voltage"":4}","{""angle"":0.5,""voltage"":0.5}","[6,6,4,6,6,4,4,4]","[2,4,8,6,2,4,8,6]","{""4"":4,""6"":4}","{""2"":2,""4"":2,""6"":2,""8"":2}",40,7,3.835510737745532e+16,1759.7047117877519,2435.861895656873,659.7853283045476,"[1759.7047117877519,1676.821486277755,108.78452998128337,104.86732072275514,34.3582962332533,33.4736275813105,0.0001314625310224532,4.587928002574399e-14]",False,topology_local,3,matrix_structure_and_metadata_only
ieee57_voltage_dominant_v00,ieee57,"[71,78,94,104,128,135,151,161]","[56,68,70,77,78,93,102,103]","[71,78,94,104,128,135,151,161]","[56,68,70,77,78,93,102,103]","[[71,56],[71,68],[71,70],[78,77],[78,78],[78,93],[94,77],[94,93],[94,103],[104,93],[104,102],[104,103],[128,56],[128,68],[128,70],[135,77],[135,78],[135,93],[151,77],[151,93],[151,103],[161,93],[161,102],[161,103]]","[[1,1,1,0,0,0,0,0],[0,0,0,1,1,1,0,0],[0,0,0,1,0,1,0,1],[0,0,0,0,0,1,1,1],[1,1,1,0,0,0,0,0],[0,0,0,1,1,1,0,0],[0,0,0,1,0,1,0,1],[0,0,0,0,0,1,1,1]]",96e117a653641e6b0e3f364e4022126f1a5ea9b824a3a982fdc5d9fe047b3e02,"{""p_injection"":4,""q_injection"":4}","{""p_injection"":0.5,""q_injection"":0.5}","{""voltage"":8}","{""voltage"":1.0}","[3,3,3,3,3,3,3,3]","[2,2,2,4,2,6,2,4]","{""3"":8}","{""2"":5,""4"":2,""6"":1}",24,7,inf,4141.372691983371,5661.800019396411,2565.160950005095,"[4141.372691983371,2609.7775439474503,2292.3274169665387,1683.8086082109744,54.65525687705799,29.679229893466903,15.112491058487436,0.0]",False,voltage_dominant,0,matrix_structure_and_metadata_only
ieee57_voltage_dominant_v01,ieee57,"[57,71,114,115,116,126,127,128]","[0,13,56,57,58,68,69,70]","[57,71,114,115,116,126,127,128]","[0,13,56,57,58,68,69,70]","[[57,0],[57,13],[57,56],[57,57],[57,70],[71,13],[71,56],[71,58],[71,68],[71,69],[71,70],[114,0],[114,13],[114,56],[114,57],[114,70],[115,0],[115,56],[115,57],[115,58],[116,0],[116,13],[116,57],[116,58],[116,70],[126,13],[126,68],[126,69],[126,70],[127,13],[127,68],[127,69],[127,70],[128,13],[128,56],[128,58],[128,68],[128,69],[128,70]]","[[1,1,1,1,0,0,0,1],[0,1,1,0,1,1,1,1],[1,1,1,1,0,0,0,1],[1,0,1,1,1,0,0,0],[1,1,0,1,1,0,0,1],[0,1,0,0,0,1,1,1],[0,1,0,0,0,1,1,1],[0,1,1,0,1,1,1,1]]",c02ecc0a5d256104fbc2dcba3bae57f66fa53c00a57e1d63d394e44093b1b947,"{""p_injection"":2,""q_injection"":6}","{""p_injection"":0.25,""q_injection"":0.75}","{""angle"":2,""voltage"":6}","{""angle"":0.25,""voltage"":0.75}","[5,6,5,4,5,4,4,6]","[4,7,5,4,4,4,4,7]","{""4"":3,""5"":3,""6"":2}","{""4"":5,""5"":1,""7"":2}",39,8,8.699821416244895,3229.148104412895,5927.054990288322,2357.4505305847188,"[3229.148104412895,2802.7410007137464,2578.464716916886,2235.756449287921,1652.0787243945506,1211.9454835287747,929.6197654957788,371.1740678243362]",False,voltage_dominant,1,matrix_structure_and_metadata_only
ieee57_voltage_dominant_v02,ieee57,"[59,69,71,116,126,127,128,150]","[13,57,58,64,69,70,91,92]","[59,69,71,116,126,127,128,150]","[13,57,58,64,69,70,91,92]","[[59,13],[59,57],[59,58],[59,70],[69,13],[69,64],[69,69],[69,70],[71,13],[71,58],[71,69],[71,70],[116,13],[116,57],[116,58],[116,70],[126,13],[126,64],[126,69],[126,70],[127,13],[127,69],[127,70],[128,13],[128,58],[128,69],[128,70],[150,91],[150,92]]","[[1,1,1,0,0,1,0,0],[1,0,0,1,1,1,0,0],[1,0,1,0,1,1,0,0],[1,1,1,0,0,1,0,0],[1,0,0,1,1,1,0,0],[1,0,0,0,1,1,0,0],[1,0,1,0,1,1,0,0],[0,0,0,0,0,0,1,1]]",a6d566f9d5d0e053423ad88c765c53ba848a1c7f923316b53fd7bd64f2fd7f8e,"{""p_injection"":3,""q_injection"":5}","{""p_injection"":0.375,""q_injection"":0.625}","{""angle"":1,""voltage"":7}","{""angle"":0.125,""voltage"":0.875}","[4,4,4,4,4,3,4,2]","[7,2,4,2,5,7,1,1]","{""2"":1,""3"":1,""4"":6}","{""1"":2,""2"":2,""4"":1,""5"":1,""7"":2}",29,7,inf,2851.258398423029,4583.620257727685,2173.025612185792,"[2851.258398423029,2316.136080192786,1856.5717692787273,1517.8061721732242,1316.7399962315553,171.6975106500901,39.182992404336986,0.0]",False,voltage_dominant,2,matrix_structure_and_metadata_only
ieee57_voltage_dominant_v03,ieee57,"[65,69,116,117,122,125,126,253]","[11,58,59,63,64,67,68,69]","[65,69,116,117,122,125,126,253]","[11,58,59,63,64,67,68,69]","[[65,11],[65,63],[65,64],[65,67],[65,68],[69,11],[69,64],[69,67],[69,68],[69,69],[116,58],[116,59],[117,58],[117,59],[122,11],[122,63],[122,64],[122,67],[122,68],[125,11],[125,64],[125,67],[125,68],[126,11],[126,64],[126,67],[126,68],[126,69],[253,58],[253,59]]","[[1,0,0,1,1,1,1,0],[1,0,0,0,1,1,1,1],[0,1,1,0,0,0,0,0],[0,1,1,0,0,0,0,0],[1,0,0,1,1,1,1,0],[1,0,0,0,1,1,1,0],[1,0,0,0,1,1,1,1],[0,1,1,0,0,0,0,0]]",780c1d235092c33480b9bc09f3e04b98e3b9572e3440ddce4dff4649d81997c1,"{""p_injection"":2,""q_branch_flow"":1,""q_injection"":5}","{""p_injection"":0.25,""q_branch_flow"":0.125,""q_injection"":0.625}","{""angle"":1,""voltage"":7}","{""angle"":0.125,""voltage"":0.875}","[5,5,2,2,5,4,5,2]","[5,3,3,2,5,5,5,2]","{""2"":3,""4"":1,""5"":4}","{""2"":2,""3"":2,""5"":4}",30,7,1.4047043710848832e+17,2930.8665228672126,5290.774452022725,2357.4505305847188,"[2930.8665228672126,2792.9900716534944,2404.446176204053,1925.7414655687678,1260.4773203391737,719.2891821642601,74.16588040633154,2.0864650122812972e-14]",False,voltage_dominant,3,matrix_structure_and_metadata_only
ieee57_voltage_measurement_heavy_v00,ieee57,"[0,1,2,3,78,203,251,283]","[20,21,56,57,58,59,77,78]","[0,1,2,3,78,203,251,283]","[20,21,56,57,58,59,77,78]","[[0,56],[1,57],[2,58],[3,59],[78,20],[78,21],[78,77],[78,78],[203,20],[203,21],[203,77],[203,78],[251,56],[251,57],[283,20],[283,21],[283,77],[283,78]]","[[0,0,1,0,0,0,0,0],[0,0,0,1,0,0,0,0],[0,0,0,0,1,0,0,0],[0,0,0,0,0,1,0,0],[1,1,0,0,0,0,1,1],[1,1,0,0,0,0,1,1],[0,0,1,1,0,0,0,0],[1,1,0,0,0,0,1,1]]",681f05ff0f42d8667c6fa7bcb50266be1460d02ea86f59d2a6e056f5f0fef711,"{""p_branch_flow"":1,""p_injection"":1,""q_branch_flow"":2,""voltage_magnitude"":4}","{""p_branch_flow"":0.125,""p_injection"":0.125,""q_branch_flow"":0.25,""voltage_magnitude"":0.5}","{""angle"":2,""voltage"":6}","{""angle"":0.25,""voltage"":0.75}","[1,1,1,1,4,4,2,4]","[3,3,2,2,1,1,3,3]","{""1"":4,""2"":1,""4"":3}","{""1"":2,""2"":2,""3"":4}",18,7,1.5230185750758458e+16,5325.874613652663,7098.625922299941,2596.253952862088,"[5325.874613652663,3954.1463166026683,2439.545857969118,639.4470252976834,100.00000000000003,100.00000000000001,99.99999999999999,3.496920327046856e-13]",False,voltage_measurement_heavy,0,matrix_structure_and_metadata_only
ieee57_voltage_measurement_heavy_v01,ieee57,"[3,4,5,6,78,223,253,303]","[20,36,59,60,61,62,77,93]","[3,4,5,6,78,223,253,303]","[20,36,59,60,61,62,77,93]","[[3,59],[4,60],[5,61],[6,62],[78,20],[78,36],[78,77],[78,93],[223,20],[223,36],[223,77],[223,93],[253,59],[303,20],[303,36],[303,77],[303,93]]","[[0,0,1,0,0,0,0,0],[0,0,0,1,0,0,0,0],[0,0,0,0,1,0,0,0],[0,0,0,0,0,1,0,0],[1,1,0,0,0,0,1,1],[1,1,0,0,0,0,1,1],[0,0,1,0,0,0,0,0],[1,1,0,0,0,0,1,1]]",2fef61a996e38183b46607a4c4fcc53949a467ccbd9be93f5155593bcb3e9ca2,"{""p_branch_flow"":1,""p_injection"":1,""q_branch_flow"":2,""voltage_magnitude"":4}","{""p_branch_flow"":0.125,""p_injection"":0.125,""q_branch_flow"":0.25,""voltage_magnitude"":0.5}","{""angle"":2,""voltage"":6}","{""angle"":0.25,""voltage"":0.75}","[1,1,1,1,4,4,1,4]","[3,3,2,1,1,1,3,3]","{""1"":5,""4"":3}","{""1"":3,""2"":1,""3"":4}",17,7,2.1345761920820376e+16,3742.946904644786,4516.264712276876,2596.253952862088,"[3742.946904644786,2037.8265952153426,1235.5852927641615,823.1568334802913,100.00000000000001,100.0,99.99999999999996,1.753484798775894e-13]",False,voltage_measurement_heavy,1,matrix_structure_and_metadata_only
ieee57_voltage_measurement_heavy_v02,ieee57,"[6,7,8,9,183,221,263,301]","[62,63,64,65,68,69,92,94]","[6,7,8,9,183,221,263,301]","[62,63,64,65,68,69,92,94]","[[6,62],[7,63],[8,64],[9,65],[183,68],[183,69],[221,92],[221,94],[263,68],[263,69],[301,92],[301,94]]","[[1,0,0,0,0,0,0,0],[0,1,0,0,0,0,0,0],[0,0,1,0,0,0,0,0],[0,0,0,1,0,0,0,0],[0,0,0,0,1,1,0,0],[0,0,0,0,0,0,1,1],[0,0,0,0,1,1,0,0],[0,0,0,0,0,0,1,1]]",cc29911b52774cdeea9d40cb032337b656b7bfcf5ff2d6267ced7c0e8935a6cf,"{""p_branch_flow"":2,""q_branch_flow"":2,""voltage_magnitude"":4}","{""p_branch_flow"":0.25,""q_branch_flow"":0.25,""voltage_magnitude"":0.5}","{""voltage"":8}","{""voltage"":1.0}","[1,1,1,1,2,2,2,2]","[1,1,1,1,2,2,2,2]","{""1"":4,""2"":4}","{""1"":4,""2"":4}",12,8,275.18362513502865,1570.057926806782,2205.880066115901,1047.0708576679494,"[1570.057926806782,1536.4458416269042,100.0,100.0,100.0,100.0,11.251474080235695,5.705491836719489]",False,voltage_measurement_heavy,2,matrix_structure_and_metadata_only
ieee57_voltage_measurement_heavy_v03,ieee57,"[9,10,11,12,65,122,178,258]","[6,7,63,64,65,66,67,68]","[9,10,11,12,65,122,178,258]","[6,7,63,64,65,66,67,68]","[[9,65],[10,66],[11,67],[12,68],[65,6],[65,7],[65,63],[65,64],[65,65],[65,66],[65,67],[65,68],[122,6],[122,7],[122,63],[122,64],[122,65],[122,66],[122,67],[122,68],[178,6],[178,7],[178,63],[178,64],[258,6],[258,7],[258,63],[258,64]]","[[0,0,0,0,1,0,0,0],[0,0,0,0,0,1,0,0],[0,0,0,0,0,0,1,0],[0,0,0,0,0,0,0,1],[1,1,1,1,1,1,1,1],[1,1,1,1,1,1,1,1],[1,1,1,1,0,0,0,0],[1,1,1,1,0,0,0,0]]",5994b2e4ff79a1ab9e083e16f0c995e4f6797a0d8c5e65767b9fe4a9486c8dda,"{""p_branch_flow"":1,""p_injection"":1,""q_branch_flow"":1,""q_injection"":1,""voltage_magnitude"":4}","{""p_branch_flow"":0.125,""p_injection"":0.125,""q_branch_flow"":0.125,""q_injection"":0.125,""voltage_magnitude"":0.5}","{""angle"":2,""voltage"":6}","{""angle"":0.25,""voltage"":0.75}","[1,1,1,1,8,8,4,4]","[4,4,4,4,3,3,3,3]","{""1"":4,""4"":2,""8"":2}","{""3"":4,""4"":4}",28,8,27.100959984661397,2337.5445289188115,3359.146079512564,1766.5566885461758,"[2337.5445289188115,2284.255244886649,598.8891695174657,453.67945846866513,100.0,99.99999999999999,99.96515431174906,86.25320026455945]",False,voltage_measurement_heavy,3,matrix_structure_and_metadata_only
