instance_id,ieee_case,selector,k_budget,slot_budget,training_subset,training_positions,training_seed_ids,full_training_support_id,full_training_support_fingerprint,subset_support_id,subset_support_fingerprint,subset_support_file,jaccard_similarity,heldout_median_normalized_error_full_support,solver_status,refinement_iterations,selection_data_split,held_out_used_for_support_construction,status,failure_reason,structural_group_id,structural_group_selection_order,realization_order,matrix_selection_seed,candidate_id,candidate_policy
ieee14_structural_group_01_realization_01_seed_14201_8x8,ieee14,balanced_magnitude,16,3,even_positions,"[0,2,4,6,8,10,12,14,16,18]","[14501000,14501002,14501004,14501006,14501008,14501010,14501012,14501014,14501016,14501018]",ieee14_structural_group_01_realization_01_seed_14201_8x8__balanced_magnitude_k16_s3_7ab554232db0,7ab554232db03dffde48946385bcee266051e2e4bd50386c95151a1948b7fc2e,ieee14_structural_group_01_realization_01_seed_14201_8x8__stability_balanced_magnitude_even_positions_7ab554232db0,7ab554232db03dffde48946385bcee266051e2e4bd50386c95151a1948b7fc2e,supports/stability/ieee14_structural_group_01_realization_01_seed_14201_8x8/ieee14_structural_group_01_realization_01_seed_14201_8x8__stability_balanced_magnitude_even_positions_7ab554232db0.json,1.0,0.0381449223671141,optimal,0,training_only,False,completed,,ieee14_structural_group_01,1,1,14201,ieee14_lexicographic_metadata_v01,lexicographic_metadata
ieee14_structural_group_01_realization_01_seed_14201_8x8,ieee14,balanced_magnitude,16,3,first_half,"[0,1,2,3,4,5,6,7,8,9]","[14501000,14501001,14501002,14501003,14501004,14501005,14501006,14501007,14501008,14501009]",ieee14_structural_group_01_realization_01_seed_14201_8x8__balanced_magnitude_k16_s3_7ab554232db0,7ab554232db03dffde48946385bcee266051e2e4bd50386c95151a1948b7fc2e,ieee14_structural_group_01_realization_01_seed_14201_8x8__stability_balanced_magnitude_first_half_7ab554232db0,7ab554232db03dffde48946385bcee266051e2e4bd50386c95151a1948b7fc2e,supports/stability/ieee14_structural_group_01_realization_01_seed_14201_8x8/ieee14_structural_group_01_realization_01_seed_14201_8x8__stability_balanced_magnitude_first_half_7ab554232db0.json,1.0,0.0381449223671141,optimal,0,training_only,False,completed,,ieee14_structural_group_01,1,1,14201,ieee14_lexicographic_metadata_v01,lexicographic_metadata
ieee14_structural_group_01_realization_01_seed_14201_8x8,ieee14,balanced_magnitude,16,3,odd_positions,"[1,3,5,7,9,11,13,15,17,19]","[14501001,14501003,14501005,14501007,14501009,14501011,14501013,14501015,14501017,14501019]",ieee14_structural_group_01_realization_01_seed_14201_8x8__balanced_magnitude_k16_s3_7ab554232db0,7ab554232db03dffde48946385bcee266051e2e4bd50386c95151a1948b7fc2e,ieee14_structural_group_01_realization_01_seed_14201_8x8__stability_balanced_magnitude_odd_positions_7ab554232db0,7ab554232db03dffde48946385bcee266051e2e4bd50386c95151a1948b7fc2e,supports/stability/ieee14_structural_group_01_realization_01_seed_14201_8x8/ieee14_structural_group_01_realization_01_seed_14201_8x8__stability_balanced_magnitude_odd_positions_7ab554232db0.json,1.0,0.0381449223671141,optimal,0,training_only,False,completed,,ieee14_structural_group_01,1,1,14201,ieee14_lexicographic_metadata_v01,lexicographic_metadata
ieee14_structural_group_01_realization_01_seed_14201_8x8,ieee14,balanced_magnitude,16,3,second_half,"[10,11,12,13,14,15,16,17,18,19]","[14501010,14501011,14501012,14501013,14501014,14501015,14501016,14501017,14501018,14501019]",ieee14_structural_group_01_realization_01_seed_14201_8x8__balanced_magnitude_k16_s3_7ab554232db0,7ab554232db03dffde48946385bcee266051e2e4bd50386c95151a1948b7fc2e,ieee14_structural_group_01_realization_01_seed_14201_8x8__stability_balanced_magnitude_second_half_7ab554232db0,7ab554232db03dffde48946385bcee266051e2e4bd50386c95151a1948b7fc2e,supports/stability/ieee14_structural_group_01_realization_01_seed_14201_8x8/ieee14_structural_group_01_realization_01_seed_14201_8x8__stability_balanced_magnitude_second_half_7ab554232db0.json,1.0,0.0381449223671141,optimal,0,training_only,False,completed,,ieee14_structural_group_01,1,1,14201,ieee14_lexicographic_metadata_v01,lexicographic_metadata
ieee14_structural_group_01_realization_01_seed_14201_8x8,ieee14,sensitivity_initial_mean,16,3,even_positions,"[0,2,4,6,8,10,12,14,16,18]","[14501000,14501002,14501004,14501006,14501008,14501010,14501012,14501014,14501016,14501018]",ieee14_structural_group_01_realization_01_seed_14201_8x8__sensitivity_initial_mean_k16_s3_7ab554232db0,7ab554232db03dffde48946385bcee266051e2e4bd50386c95151a1948b7fc2e,ieee14_structural_group_01_realization_01_seed_14201_8x8__stability_sensitivity_initial_mean_even_positions_6fabdee923c7,6fabdee923c73f0c5ac1d4941725d1c8ff258a1ea068dbd0579d2df2362a4f83,supports/stability/ieee14_structural_group_01_realization_01_seed_14201_8x8/ieee14_structural_group_01_realization_01_seed_14201_8x8__stability_sensitivity_initial_mean_even_positions_6fabdee923c7.json,0.875,0.0381449223671141,optimal,0,training_only,False,completed,,ieee14_structural_group_01,1,1,14201,ieee14_lexicographic_metadata_v01,lexicographic_metadata
ieee14_structural_group_01_realization_01_seed_14201_8x8,ieee14,sensitivity_initial_mean,16,3,first_half,"[0,1,2,3,4,5,6,7,8,9]","[14501000,14501001,14501002,14501003,14501004,14501005,14501006,14501007,14501008,14501009]",ieee14_structural_group_01_realization_01_seed_14201_8x8__sensitivity_initial_mean_k16_s3_7ab554232db0,7ab554232db03dffde48946385bcee266051e2e4bd50386c95151a1948b7fc2e,ieee14_structural_group_01_realization_01_seed_14201_8x8__stability_sensitivity_initial_mean_first_half_7ab554232db0,7ab554232db03dffde48946385bcee266051e2e4bd50386c95151a1948b7fc2e,supports/stability/ieee14_structural_group_01_realization_01_seed_14201_8x8/ieee14_structural_group_01_realization_01_seed_14201_8x8__stability_sensitivity_initial_mean_first_half_7ab554232db0.json,1.0,0.0381449223671141,optimal,0,training_only,False,completed,,ieee14_structural_group_01,1,1,14201,ieee14_lexicographic_metadata_v01,lexicographic_metadata
ieee14_structural_group_01_realization_01_seed_14201_8x8,ieee14,sensitivity_initial_mean,16,3,odd_positions,"[1,3,5,7,9,11,13,15,17,19]","[14501001,14501003,14501005,14501007,14501009,14501011,14501013,14501015,14501017,14501019]",ieee14_structural_group_01_realization_01_seed_14201_8x8__sensitivity_initial_mean_k16_s3_7ab554232db0,7ab554232db03dffde48946385bcee266051e2e4bd50386c95151a1948b7fc2e,ieee14_structural_group_01_realization_01_seed_14201_8x8__stability_sensitivity_initial_mean_odd_positions_7ab554232db0,7ab554232db03dffde48946385bcee266051e2e4bd50386c95151a1948b7fc2e,supports/stability/ieee14_structural_group_01_realization_01_seed_14201_8x8/ieee14_structural_group_01_realization_01_seed_14201_8x8__stability_sensitivity_initial_mean_odd_positions_7ab554232db0.json,1.0,0.0381449223671141,optimal,0,training_only,False,completed,,ieee14_structural_group_01,1,1,14201,ieee14_lexicographic_metadata_v01,lexicographic_metadata
ieee14_structural_group_01_realization_01_seed_14201_8x8,ieee14,sensitivity_initial_mean,16,3,second_half,"[10,11,12,13,14,15,16,17,18,19]","[14501010,14501011,14501012,14501013,14501014,14501015,14501016,14501017,14501018,14501019]",ieee14_structural_group_01_realization_01_seed_14201_8x8__sensitivity_initial_mean_k16_s3_7ab554232db0,7ab554232db03dffde48946385bcee266051e2e4bd50386c95151a1948b7fc2e,ieee14_structural_group_01_realization_01_seed_14201_8x8__stability_sensitivity_initial_mean_second_half_6fabdee923c7,6fabdee923c73f0c5ac1d4941725d1c8ff258a1ea068dbd0579d2df2362a4f83,supports/stability/ieee14_structural_group_01_realization_01_seed_14201_8x8/ieee14_structural_group_01_realization_01_seed_14201_8x8__stability_sensitivity_initial_mean_second_half_6fabdee923c7.json,0.875,0.0381449223671141,optimal,0,training_only,False,completed,,ieee14_structural_group_01,1,1,14201,ieee14_lexicographic_metadata_v01,lexicographic_metadata
ieee14_structural_group_01_realization_01_seed_14201_8x8,ieee14,sensitivity_refined_mean,16,3,even_positions,"[0,2,4,6,8,10,12,14,16,18]","[14501000,14501002,14501004,14501006,14501008,14501010,14501012,14501014,14501016,14501018]",ieee14_structural_group_01_realization_01_seed_14201_8x8__sensitivity_refined_mean_k16_s3_5955b5a0e8a5,5955b5a0e8a545aa1152de3d2059979ac0261309ad2d022d439f14d389be10d4,ieee14_structural_group_01_realization_01_seed_14201_8x8__stability_sensitivity_refined_mean_even_positions_325418908310,325418908310a7de0466337279267f53182123e98ea05ce63b3654f6890cbe29,supports/stability/ieee14_structural_group_01_realization_01_seed_14201_8x8/ieee14_structural_group_01_realization_01_seed_14201_8x8__stability_sensitivity_refined_mean_even_positions_325418908310.json,0.7647058823529411,0.0445813798210466,optimal,1,training_only,False,completed,,ieee14_structural_group_01,1,1,14201,ieee14_lexicographic_metadata_v01,lexicographic_metadata
ieee14_structural_group_01_realization_01_seed_14201_8x8,ieee14,sensitivity_refined_mean,16,3,first_half,"[0,1,2,3,4,5,6,7,8,9]","[14501000,14501001,14501002,14501003,14501004,14501005,14501006,14501007,14501008,14501009]",ieee14_structural_group_01_realization_01_seed_14201_8x8__sensitivity_refined_mean_k16_s3_5955b5a0e8a5,5955b5a0e8a545aa1152de3d2059979ac0261309ad2d022d439f14d389be10d4,ieee14_structural_group_01_realization_01_seed_14201_8x8__stability_sensitivity_refined_mean_first_half_5955b5a0e8a5,5955b5a0e8a545aa1152de3d2059979ac0261309ad2d022d439f14d389be10d4,supports/stability/ieee14_structural_group_01_realization_01_seed_14201_8x8/ieee14_structural_group_01_realization_01_seed_14201_8x8__stability_sensitivity_refined_mean_first_half_5955b5a0e8a5.json,1.0,0.0445813798210466,optimal,1,training_only,False,completed,,ieee14_structural_group_01,1,1,14201,ieee14_lexicographic_metadata_v01,lexicographic_metadata
ieee14_structural_group_01_realization_01_seed_14201_8x8,ieee14,sensitivity_refined_mean,16,3,odd_positions,"[1,3,5,7,9,11,13,15,17,19]","[14501001,14501003,14501005,14501007,14501009,14501011,14501013,14501015,14501017,14501019]",ieee14_structural_group_01_realization_01_seed_14201_8x8__sensitivity_refined_mean_k16_s3_5955b5a0e8a5,5955b5a0e8a545aa1152de3d2059979ac0261309ad2d022d439f14d389be10d4,ieee14_structural_group_01_realization_01_seed_14201_8x8__stability_sensitivity_refined_mean_odd_positions_5955b5a0e8a5,5955b5a0e8a545aa1152de3d2059979ac0261309ad2d022d439f14d389be10d4,supports/stability/ieee14_structural_group_01_realization_01_seed_14201_8x8/ieee14_structural_group_01_realization_01_seed_14201_8x8__stability_sensitivity_refined_mean_odd_positions_5955b5a0e8a5.json,1.0,0.0445813798210466,optimal,1,training_only,False,completed,,ieee14_structural_group_01,1,1,14201,ieee14_lexicographic_metadata_v01,lexicographic_metadata
ieee14_structural_group_01_realization_01_seed_14201_8x8,ieee14,sensitivity_refined_mean,16,3,second_half,"[10,11,12,13,14,15,16,17,18,19]","[14501010,14501011,14501012,14501013,14501014,14501015,14501016,14501017,14501018,14501019]",ieee14_structural_group_01_realization_01_seed_14201_8x8__sensitivity_refined_mean_k16_s3_5955b5a0e8a5,5955b5a0e8a545aa1152de3d2059979ac0261309ad2d022d439f14d389be10d4,ieee14_structural_group_01_realization_01_seed_14201_8x8__stability_sensitivity_refined_mean_second_half_5955b5a0e8a5,5955b5a0e8a545aa1152de3d2059979ac0261309ad2d022d439f14d389be10d4,supports/stability/ieee14_structural_group_01_realization_01_seed_14201_8x8/ieee14_structural_group_01_realization_01_seed_14201_8x8__stability_sensitivity_refined_mean_second_half_5955b5a0e8a5.json,1.0,0.0445813798210466,optimal,2,training_only,False,completed,,ieee14_structural_group_01,1,1,14201,ieee14_lexicographic_metadata_v01,lexicographic_metadata
ieee14_structural_group_01_realization_02_seed_14202_8x8,ieee14,balanced_magnitude,16,3,even_positions,"[0,2,4,6,8,10,12,14,16,18]","[14511000,14511002,14511004,14511006,14511008,14511010,14511012,14511014,14511016,14511018]",ieee14_structural_group_01_realization_02_seed_14202_8x8__balanced_magnitude_k16_s3_7ab554232db0,7ab554232db03dffde48946385bcee266051e2e4bd50386c95151a1948b7fc2e,ieee14_structural_group_01_realization_02_seed_14202_8x8__stability_balanced_magnitude_even_positions_7ab554232db0,7ab554232db03dffde48946385bcee266051e2e4bd50386c95151a1948b7fc2e,supports/stability/ieee14_structural_group_01_realization_02_seed_14202_8x8/ieee14_structural_group_01_realization_02_seed_14202_8x8__stability_balanced_magnitude_even_positions_7ab554232db0.json,1.0,0.0622636296772454,optimal,0,training_only,False,completed,,ieee14_structural_group_01,1,2,14202,ieee14_lexicographic_metadata_v01,lexicographic_metadata
ieee14_structural_group_01_realization_02_seed_14202_8x8,ieee14,balanced_magnitude,16,3,first_half,"[0,1,2,3,4,5,6,7,8,9]","[14511000,14511001,14511002,14511003,14511004,14511005,14511006,14511007,14511008,14511009]",ieee14_structural_group_01_realization_02_seed_14202_8x8__balanced_magnitude_k16_s3_7ab554232db0,7ab554232db03dffde48946385bcee266051e2e4bd50386c95151a1948b7fc2e,ieee14_structural_group_01_realization_02_seed_14202_8x8__stability_balanced_magnitude_first_half_7ab554232db0,7ab554232db03dffde48946385bcee266051e2e4bd50386c95151a1948b7fc2e,supports/stability/ieee14_structural_group_01_realization_02_seed_14202_8x8/ieee14_structural_group_01_realization_02_seed_14202_8x8__stability_balanced_magnitude_first_half_7ab554232db0.json,1.0,0.0622636296772454,optimal,0,training_only,False,completed,,ieee14_structural_group_01,1,2,14202,ieee14_lexicographic_metadata_v01,lexicographic_metadata
ieee14_structural_group_01_realization_02_seed_14202_8x8,ieee14,balanced_magnitude,16,3,odd_positions,"[1,3,5,7,9,11,13,15,17,19]","[14511001,14511003,14511005,14511007,14511009,14511011,14511013,14511015,14511017,14511019]",ieee14_structural_group_01_realization_02_seed_14202_8x8__balanced_magnitude_k16_s3_7ab554232db0,7ab554232db03dffde48946385bcee266051e2e4bd50386c95151a1948b7fc2e,ieee14_structural_group_01_realization_02_seed_14202_8x8__stability_balanced_magnitude_odd_positions_7ab554232db0,7ab554232db03dffde48946385bcee266051e2e4bd50386c95151a1948b7fc2e,supports/stability/ieee14_structural_group_01_realization_02_seed_14202_8x8/ieee14_structural_group_01_realization_02_seed_14202_8x8__stability_balanced_magnitude_odd_positions_7ab554232db0.json,1.0,0.0622636296772454,optimal,0,training_only,False,completed,,ieee14_structural_group_01,1,2,14202,ieee14_lexicographic_metadata_v01,lexicographic_metadata
ieee14_structural_group_01_realization_02_seed_14202_8x8,ieee14,balanced_magnitude,16,3,second_half,"[10,11,12,13,14,15,16,17,18,19]","[14511010,14511011,14511012,14511013,14511014,14511015,14511016,14511017,14511018,14511019]",ieee14_structural_group_01_realization_02_seed_14202_8x8__balanced_magnitude_k16_s3_7ab554232db0,7ab554232db03dffde48946385bcee266051e2e4bd50386c95151a1948b7fc2e,ieee14_structural_group_01_realization_02_seed_14202_8x8__stability_balanced_magnitude_second_half_7ab554232db0,7ab554232db03dffde48946385bcee266051e2e4bd50386c95151a1948b7fc2e,supports/stability/ieee14_structural_group_01_realization_02_seed_14202_8x8/ieee14_structural_group_01_realization_02_seed_14202_8x8__stability_balanced_magnitude_second_half_7ab554232db0.json,1.0,0.0622636296772454,optimal,0,training_only,False,completed,,ieee14_structural_group_01,1,2,14202,ieee14_lexicographic_metadata_v01,lexicographic_metadata
ieee14_structural_group_01_realization_02_seed_14202_8x8,ieee14,sensitivity_initial_mean,16,3,even_positions,"[0,2,4,6,8,10,12,14,16,18]","[14511000,14511002,14511004,14511006,14511008,14511010,14511012,14511014,14511016,14511018]",ieee14_structural_group_01_realization_02_seed_14202_8x8__sensitivity_initial_mean_k16_s3_7ab554232db0,7ab554232db03dffde48946385bcee266051e2e4bd50386c95151a1948b7fc2e,ieee14_structural_group_01_realization_02_seed_14202_8x8__stability_sensitivity_initial_mean_even_positions_6fabdee923c7,6fabdee923c73f0c5ac1d4941725d1c8ff258a1ea068dbd0579d2df2362a4f83,supports/stability/ieee14_structural_group_01_realization_02_seed_14202_8x8/ieee14_structural_group_01_realization_02_seed_14202_8x8__stability_sensitivity_initial_mean_even_positions_6fabdee923c7.json,0.875,0.0622636296772454,optimal,0,training_only,False,completed,,ieee14_structural_group_01,1,2,14202,ieee14_lexicographic_metadata_v01,lexicographic_metadata
ieee14_structural_group_01_realization_02_seed_14202_8x8,ieee14,sensitivity_initial_mean,16,3,first_half,"[0,1,2,3,4,5,6,7,8,9]","[14511000,14511001,14511002,14511003,14511004,14511005,14511006,14511007,14511008,14511009]",ieee14_structural_group_01_realization_02_seed_14202_8x8__sensitivity_initial_mean_k16_s3_7ab554232db0,7ab554232db03dffde48946385bcee266051e2e4bd50386c95151a1948b7fc2e,ieee14_structural_group_01_realization_02_seed_14202_8x8__stability_sensitivity_initial_mean_first_half_7ab554232db0,7ab554232db03dffde48946385bcee266051e2e4bd50386c95151a1948b7fc2e,supports/stability/ieee14_structural_group_01_realization_02_seed_14202_8x8/ieee14_structural_group_01_realization_02_seed_14202_8x8__stability_sensitivity_initial_mean_first_half_7ab554232db0.json,1.0,0.0622636296772454,optimal,0,training_only,False,completed,,ieee14_structural_group_01,1,2,14202,ieee14_lexicographic_metadata_v01,lexicographic_metadata
ieee14_structural_group_01_realization_02_seed_14202_8x8,ieee14,sensitivity_initial_mean,16,3,odd_positions,"[1,3,5,7,9,11,13,15,17,19]","[14511001,14511003,14511005,14511007,14511009,14511011,14511013,14511015,14511017,14511019]",ieee14_structural_group_01_realization_02_seed_14202_8x8__sensitivity_initial_mean_k16_s3_7ab554232db0,7ab554232db03dffde48946385bcee266051e2e4bd50386c95151a1948b7fc2e,ieee14_structural_group_01_realization_02_seed_14202_8x8__stability_sensitivity_initial_mean_odd_positions_7ab554232db0,7ab554232db03dffde48946385bcee266051e2e4bd50386c95151a1948b7fc2e,supports/stability/ieee14_structural_group_01_realization_02_seed_14202_8x8/ieee14_structural_group_01_realization_02_seed_14202_8x8__stability_sensitivity_initial_mean_odd_positions_7ab554232db0.json,1.0,0.0622636296772454,optimal,0,training_only,False,completed,,ieee14_structural_group_01,1,2,14202,ieee14_lexicographic_metadata_v01,lexicographic_metadata
ieee14_structural_group_01_realization_02_seed_14202_8x8,ieee14,sensitivity_initial_mean,16,3,second_half,"[10,11,12,13,14,15,16,17,18,19]","[14511010,14511011,14511012,14511013,14511014,14511015,14511016,14511017,14511018,14511019]",ieee14_structural_group_01_realization_02_seed_14202_8x8__sensitivity_initial_mean_k16_s3_7ab554232db0,7ab554232db03dffde48946385bcee266051e2e4bd50386c95151a1948b7fc2e,ieee14_structural_group_01_realization_02_seed_14202_8x8__stability_sensitivity_initial_mean_second_half_7ab554232db0,7ab554232db03dffde48946385bcee266051e2e4bd50386c95151a1948b7fc2e,supports/stability/ieee14_structural_group_01_realization_02_seed_14202_8x8/ieee14_structural_group_01_realization_02_seed_14202_8x8__stability_sensitivity_initial_mean_second_half_7ab554232db0.json,1.0,0.0622636296772454,optimal,0,training_only,False,completed,,ieee14_structural_group_01,1,2,14202,ieee14_lexicographic_metadata_v01,lexicographic_metadata
ieee14_structural_group_01_realization_02_seed_14202_8x8,ieee14,sensitivity_refined_mean,16,3,even_positions,"[0,2,4,6,8,10,12,14,16,18]","[14511000,14511002,14511004,14511006,14511008,14511010,14511012,14511014,14511016,14511018]",ieee14_structural_group_01_realization_02_seed_14202_8x8__sensitivity_refined_mean_k16_s3_5955b5a0e8a5,5955b5a0e8a545aa1152de3d2059979ac0261309ad2d022d439f14d389be10d4,ieee14_structural_group_01_realization_02_seed_14202_8x8__stability_sensitivity_refined_mean_even_positions_325418908310,325418908310a7de0466337279267f53182123e98ea05ce63b3654f6890cbe29,supports/stability/ieee14_structural_group_01_realization_02_seed_14202_8x8/ieee14_structural_group_01_realization_02_seed_14202_8x8__stability_sensitivity_refined_mean_even_positions_325418908310.json,0.7647058823529411,0.0524226579116504,optimal,1,training_only,False,completed,,ieee14_structural_group_01,1,2,14202,ieee14_lexicographic_metadata_v01,lexicographic_metadata
ieee14_structural_group_01_realization_02_seed_14202_8x8,ieee14,sensitivity_refined_mean,16,3,first_half,"[0,1,2,3,4,5,6,7,8,9]","[14511000,14511001,14511002,14511003,14511004,14511005,14511006,14511007,14511008,14511009]",ieee14_structural_group_01_realization_02_seed_14202_8x8__sensitivity_refined_mean_k16_s3_5955b5a0e8a5,5955b5a0e8a545aa1152de3d2059979ac0261309ad2d022d439f14d389be10d4,ieee14_structural_group_01_realization_02_seed_14202_8x8__stability_sensitivity_refined_mean_first_half_5955b5a0e8a5,5955b5a0e8a545aa1152de3d2059979ac0261309ad2d022d439f14d389be10d4,supports/stability/ieee14_structural_group_01_realization_02_seed_14202_8x8/ieee14_structural_group_01_realization_02_seed_14202_8x8__stability_sensitivity_refined_mean_first_half_5955b5a0e8a5.json,1.0,0.0524226579116504,optimal,1,training_only,False,completed,,ieee14_structural_group_01,1,2,14202,ieee14_lexicographic_metadata_v01,lexicographic_metadata
ieee14_structural_group_01_realization_02_seed_14202_8x8,ieee14,sensitivity_refined_mean,16,3,odd_positions,"[1,3,5,7,9,11,13,15,17,19]","[14511001,14511003,14511005,14511007,14511009,14511011,14511013,14511015,14511017,14511019]",ieee14_structural_group_01_realization_02_seed_14202_8x8__sensitivity_refined_mean_k16_s3_5955b5a0e8a5,5955b5a0e8a545aa1152de3d2059979ac0261309ad2d022d439f14d389be10d4,ieee14_structural_group_01_realization_02_seed_14202_8x8__stability_sensitivity_refined_mean_odd_positions_5955b5a0e8a5,5955b5a0e8a545aa1152de3d2059979ac0261309ad2d022d439f14d389be10d4,supports/stability/ieee14_structural_group_01_realization_02_seed_14202_8x8/ieee14_structural_group_01_realization_02_seed_14202_8x8__stability_sensitivity_refined_mean_odd_positions_5955b5a0e8a5.json,1.0,0.0524226579116504,optimal,1,training_only,False,completed,,ieee14_structural_group_01,1,2,14202,ieee14_lexicographic_metadata_v01,lexicographic_metadata
ieee14_structural_group_01_realization_02_seed_14202_8x8,ieee14,sensitivity_refined_mean,16,3,second_half,"[10,11,12,13,14,15,16,17,18,19]","[14511010,14511011,14511012,14511013,14511014,14511015,14511016,14511017,14511018,14511019]",ieee14_structural_group_01_realization_02_seed_14202_8x8__sensitivity_refined_mean_k16_s3_5955b5a0e8a5,5955b5a0e8a545aa1152de3d2059979ac0261309ad2d022d439f14d389be10d4,ieee14_structural_group_01_realization_02_seed_14202_8x8__stability_sensitivity_refined_mean_second_half_5955b5a0e8a5,5955b5a0e8a545aa1152de3d2059979ac0261309ad2d022d439f14d389be10d4,supports/stability/ieee14_structural_group_01_realization_02_seed_14202_8x8/ieee14_structural_group_01_realization_02_seed_14202_8x8__stability_sensitivity_refined_mean_second_half_5955b5a0e8a5.json,1.0,0.0524226579116504,optimal,1,training_only,False,completed,,ieee14_structural_group_01,1,2,14202,ieee14_lexicographic_metadata_v01,lexicographic_metadata
ieee14_structural_group_02_realization_01_seed_14201_8x8,ieee14,balanced_magnitude,16,3,even_positions,"[0,2,4,6,8,10,12,14,16,18]","[14521000,14521002,14521004,14521006,14521008,14521010,14521012,14521014,14521016,14521018]",ieee14_structural_group_02_realization_01_seed_14201_8x8__balanced_magnitude_k16_s3_7ce122296f98,7ce122296f98ef17716a09971a10c108afab027b111968b8423eaee9d9ee7381,ieee14_structural_group_02_realization_01_seed_14201_8x8__stability_balanced_magnitude_even_positions_7ce122296f98,7ce122296f98ef17716a09971a10c108afab027b111968b8423eaee9d9ee7381,supports/stability/ieee14_structural_group_02_realization_01_seed_14201_8x8/ieee14_structural_group_02_realization_01_seed_14201_8x8__stability_balanced_magnitude_even_positions_7ce122296f98.json,1.0,0.0901032415785971,optimal,0,training_only,False,completed,,ieee14_structural_group_02,2,1,14201,ieee14_lexicographic_metadata_v02,lexicographic_metadata
ieee14_structural_group_02_realization_01_seed_14201_8x8,ieee14,balanced_magnitude,16,3,first_half,"[0,1,2,3,4,5,6,7,8,9]","[14521000,14521001,14521002,14521003,14521004,14521005,14521006,14521007,14521008,14521009]",ieee14_structural_group_02_realization_01_seed_14201_8x8__balanced_magnitude_k16_s3_7ce122296f98,7ce122296f98ef17716a09971a10c108afab027b111968b8423eaee9d9ee7381,ieee14_structural_group_02_realization_01_seed_14201_8x8__stability_balanced_magnitude_first_half_7ce122296f98,7ce122296f98ef17716a09971a10c108afab027b111968b8423eaee9d9ee7381,supports/stability/ieee14_structural_group_02_realization_01_seed_14201_8x8/ieee14_structural_group_02_realization_01_seed_14201_8x8__stability_balanced_magnitude_first_half_7ce122296f98.json,1.0,0.0901032415785971,optimal,0,training_only,False,completed,,ieee14_structural_group_02,2,1,14201,ieee14_lexicographic_metadata_v02,lexicographic_metadata
ieee14_structural_group_02_realization_01_seed_14201_8x8,ieee14,balanced_magnitude,16,3,odd_positions,"[1,3,5,7,9,11,13,15,17,19]","[14521001,14521003,14521005,14521007,14521009,14521011,14521013,14521015,14521017,14521019]",ieee14_structural_group_02_realization_01_seed_14201_8x8__balanced_magnitude_k16_s3_7ce122296f98,7ce122296f98ef17716a09971a10c108afab027b111968b8423eaee9d9ee7381,ieee14_structural_group_02_realization_01_seed_14201_8x8__stability_balanced_magnitude_odd_positions_7ce122296f98,7ce122296f98ef17716a09971a10c108afab027b111968b8423eaee9d9ee7381,supports/stability/ieee14_structural_group_02_realization_01_seed_14201_8x8/ieee14_structural_group_02_realization_01_seed_14201_8x8__stability_balanced_magnitude_odd_positions_7ce122296f98.json,1.0,0.0901032415785971,optimal,0,training_only,False,completed,,ieee14_structural_group_02,2,1,14201,ieee14_lexicographic_metadata_v02,lexicographic_metadata
ieee14_structural_group_02_realization_01_seed_14201_8x8,ieee14,balanced_magnitude,16,3,second_half,"[10,11,12,13,14,15,16,17,18,19]","[14521010,14521011,14521012,14521013,14521014,14521015,14521016,14521017,14521018,14521019]",ieee14_structural_group_02_realization_01_seed_14201_8x8__balanced_magnitude_k16_s3_7ce122296f98,7ce122296f98ef17716a09971a10c108afab027b111968b8423eaee9d9ee7381,ieee14_structural_group_02_realization_01_seed_14201_8x8__stability_balanced_magnitude_second_half_7ce122296f98,7ce122296f98ef17716a09971a10c108afab027b111968b8423eaee9d9ee7381,supports/stability/ieee14_structural_group_02_realization_01_seed_14201_8x8/ieee14_structural_group_02_realization_01_seed_14201_8x8__stability_balanced_magnitude_second_half_7ce122296f98.json,1.0,0.0901032415785971,optimal,0,training_only,False,completed,,ieee14_structural_group_02,2,1,14201,ieee14_lexicographic_metadata_v02,lexicographic_metadata
ieee14_structural_group_02_realization_01_seed_14201_8x8,ieee14,sensitivity_initial_mean,16,3,even_positions,"[0,2,4,6,8,10,12,14,16,18]","[14521000,14521002,14521004,14521006,14521008,14521010,14521012,14521014,14521016,14521018]",ieee14_structural_group_02_realization_01_seed_14201_8x8__sensitivity_initial_mean_k16_s3_9313b4a1c8fd,9313b4a1c8fdd692848c9773c4b6c532a4ac23a29a549c73345dec488e42c1df,ieee14_structural_group_02_realization_01_seed_14201_8x8__stability_sensitivity_initial_mean_even_positions_9313b4a1c8fd,9313b4a1c8fdd692848c9773c4b6c532a4ac23a29a549c73345dec488e42c1df,supports/stability/ieee14_structural_group_02_realization_01_seed_14201_8x8/ieee14_structural_group_02_realization_01_seed_14201_8x8__stability_sensitivity_initial_mean_even_positions_9313b4a1c8fd.json,1.0,0.0676120018483645,optimal,0,training_only,False,completed,,ieee14_structural_group_02,2,1,14201,ieee14_lexicographic_metadata_v02,lexicographic_metadata
ieee14_structural_group_02_realization_01_seed_14201_8x8,ieee14,sensitivity_initial_mean,16,3,first_half,"[0,1,2,3,4,5,6,7,8,9]","[14521000,14521001,14521002,14521003,14521004,14521005,14521006,14521007,14521008,14521009]",ieee14_structural_group_02_realization_01_seed_14201_8x8__sensitivity_initial_mean_k16_s3_9313b4a1c8fd,9313b4a1c8fdd692848c9773c4b6c532a4ac23a29a549c73345dec488e42c1df,ieee14_structural_group_02_realization_01_seed_14201_8x8__stability_sensitivity_initial_mean_first_half_267b021d0651,267b021d0651a98cb707ba2379568d5e2a49675ceecc62d3bf62f26b511d9c61,supports/stability/ieee14_structural_group_02_realization_01_seed_14201_8x8/ieee14_structural_group_02_realization_01_seed_14201_8x8__stability_sensitivity_initial_mean_first_half_267b021d0651.json,0.8823529411764706,0.0676120018483645,optimal,0,training_only,False,completed,,ieee14_structural_group_02,2,1,14201,ieee14_lexicographic_metadata_v02,lexicographic_metadata
ieee14_structural_group_02_realization_01_seed_14201_8x8,ieee14,sensitivity_initial_mean,16,3,odd_positions,"[1,3,5,7,9,11,13,15,17,19]","[14521001,14521003,14521005,14521007,14521009,14521011,14521013,14521015,14521017,14521019]",ieee14_structural_group_02_realization_01_seed_14201_8x8__sensitivity_initial_mean_k16_s3_9313b4a1c8fd,9313b4a1c8fdd692848c9773c4b6c532a4ac23a29a549c73345dec488e42c1df,ieee14_structural_group_02_realization_01_seed_14201_8x8__stability_sensitivity_initial_mean_odd_positions_9313b4a1c8fd,9313b4a1c8fdd692848c9773c4b6c532a4ac23a29a549c73345dec488e42c1df,supports/stability/ieee14_structural_group_02_realization_01_seed_14201_8x8/ieee14_structural_group_02_realization_01_seed_14201_8x8__stability_sensitivity_initial_mean_odd_positions_9313b4a1c8fd.json,1.0,0.0676120018483645,optimal,0,training_only,False,completed,,ieee14_structural_group_02,2,1,14201,ieee14_lexicographic_metadata_v02,lexicographic_metadata
ieee14_structural_group_02_realization_01_seed_14201_8x8,ieee14,sensitivity_initial_mean,16,3,second_half,"[10,11,12,13,14,15,16,17,18,19]","[14521010,14521011,14521012,14521013,14521014,14521015,14521016,14521017,14521018,14521019]",ieee14_structural_group_02_realization_01_seed_14201_8x8__sensitivity_initial_mean_k16_s3_9313b4a1c8fd,9313b4a1c8fdd692848c9773c4b6c532a4ac23a29a549c73345dec488e42c1df,ieee14_structural_group_02_realization_01_seed_14201_8x8__stability_sensitivity_initial_mean_second_half_9313b4a1c8fd,9313b4a1c8fdd692848c9773c4b6c532a4ac23a29a549c73345dec488e42c1df,supports/stability/ieee14_structural_group_02_realization_01_seed_14201_8x8/ieee14_structural_group_02_realization_01_seed_14201_8x8__stability_sensitivity_initial_mean_second_half_9313b4a1c8fd.json,1.0,0.0676120018483645,optimal,0,training_only,False,completed,,ieee14_structural_group_02,2,1,14201,ieee14_lexicographic_metadata_v02,lexicographic_metadata
ieee14_structural_group_02_realization_01_seed_14201_8x8,ieee14,sensitivity_refined_mean,16,3,even_positions,"[0,2,4,6,8,10,12,14,16,18]","[14521000,14521002,14521004,14521006,14521008,14521010,14521012,14521014,14521016,14521018]",ieee14_structural_group_02_realization_01_seed_14201_8x8__sensitivity_refined_mean_k16_s3_c63402369f77,c63402369f77114d6ff12ea5abbb7d43e02652caefe8b371fd78fbc911de6164,ieee14_structural_group_02_realization_01_seed_14201_8x8__stability_sensitivity_refined_mean_even_positions_ba8901ac3d72,ba8901ac3d72045e897382a8e9af31493f2ede6a99d2c390268c1859ccafd5da,supports/stability/ieee14_structural_group_02_realization_01_seed_14201_8x8/ieee14_structural_group_02_realization_01_seed_14201_8x8__stability_sensitivity_refined_mean_even_positions_ba8901ac3d72.json,0.8823529411764706,0.0706648513083444,optimal,1,training_only,False,completed,,ieee14_structural_group_02,2,1,14201,ieee14_lexicographic_metadata_v02,lexicographic_metadata
ieee14_structural_group_02_realization_01_seed_14201_8x8,ieee14,sensitivity_refined_mean,16,3,first_half,"[0,1,2,3,4,5,6,7,8,9]","[14521000,14521001,14521002,14521003,14521004,14521005,14521006,14521007,14521008,14521009]",ieee14_structural_group_02_realization_01_seed_14201_8x8__sensitivity_refined_mean_k16_s3_c63402369f77,c63402369f77114d6ff12ea5abbb7d43e02652caefe8b371fd78fbc911de6164,ieee14_structural_group_02_realization_01_seed_14201_8x8__stability_sensitivity_refined_mean_first_half_5f562a66d16f,5f562a66d16f240145d96a82692c7c959846ac17cc11efd26ff624f6e525faa0,supports/stability/ieee14_structural_group_02_realization_01_seed_14201_8x8/ieee14_structural_group_02_realization_01_seed_14201_8x8__stability_sensitivity_refined_mean_first_half_5f562a66d16f.json,0.8823529411764706,0.0706648513083444,optimal,1,training_only,False,completed,,ieee14_structural_group_02,2,1,14201,ieee14_lexicographic_metadata_v02,lexicographic_metadata
ieee14_structural_group_02_realization_01_seed_14201_8x8,ieee14,sensitivity_refined_mean,16,3,odd_positions,"[1,3,5,7,9,11,13,15,17,19]","[14521001,14521003,14521005,14521007,14521009,14521011,14521013,14521015,14521017,14521019]",ieee14_structural_group_02_realization_01_seed_14201_8x8__sensitivity_refined_mean_k16_s3_c63402369f77,c63402369f77114d6ff12ea5abbb7d43e02652caefe8b371fd78fbc911de6164,ieee14_structural_group_02_realization_01_seed_14201_8x8__stability_sensitivity_refined_mean_odd_positions_9313b4a1c8fd,9313b4a1c8fdd692848c9773c4b6c532a4ac23a29a549c73345dec488e42c1df,supports/stability/ieee14_structural_group_02_realization_01_seed_14201_8x8/ieee14_structural_group_02_realization_01_seed_14201_8x8__stability_sensitivity_refined_mean_odd_positions_9313b4a1c8fd.json,0.7777777777777778,0.0706648513083444,optimal,0,training_only,False,completed,,ieee14_structural_group_02,2,1,14201,ieee14_lexicographic_metadata_v02,lexicographic_metadata
ieee14_structural_group_02_realization_01_seed_14201_8x8,ieee14,sensitivity_refined_mean,16,3,second_half,"[10,11,12,13,14,15,16,17,18,19]","[14521010,14521011,14521012,14521013,14521014,14521015,14521016,14521017,14521018,14521019]",ieee14_structural_group_02_realization_01_seed_14201_8x8__sensitivity_refined_mean_k16_s3_c63402369f77,c63402369f77114d6ff12ea5abbb7d43e02652caefe8b371fd78fbc911de6164,ieee14_structural_group_02_realization_01_seed_14201_8x8__stability_sensitivity_refined_mean_second_half_307e8e719c88,307e8e719c880932a4c64c01211a0bd644eb38954ef1a4cf0f8959633b22edcd,supports/stability/ieee14_structural_group_02_realization_01_seed_14201_8x8/ieee14_structural_group_02_realization_01_seed_14201_8x8__stability_sensitivity_refined_mean_second_half_307e8e719c88.json,0.6,0.0706648513083444,optimal,3,training_only,False,completed,,ieee14_structural_group_02,2,1,14201,ieee14_lexicographic_metadata_v02,lexicographic_metadata
ieee14_structural_group_02_realization_02_seed_14202_8x8,ieee14,balanced_magnitude,16,3,even_positions,"[0,2,4,6,8,10,12,14,16,18]","[14531000,14531002,14531004,14531006,14531008,14531010,14531012,14531014,14531016,14531018]",ieee14_structural_group_02_realization_02_seed_14202_8x8__balanced_magnitude_k16_s3_69f00d608b27,69f00d608b27b7b7ff29327bb81b188360674a42bcafad54c0666e5b631fbcb5,ieee14_structural_group_02_realization_02_seed_14202_8x8__stability_balanced_magnitude_even_positions_69f00d608b27,69f00d608b27b7b7ff29327bb81b188360674a42bcafad54c0666e5b631fbcb5,supports/stability/ieee14_structural_group_02_realization_02_seed_14202_8x8/ieee14_structural_group_02_realization_02_seed_14202_8x8__stability_balanced_magnitude_even_positions_69f00d608b27.json,1.0,0.1151247428047117,optimal,0,training_only,False,completed,,ieee14_structural_group_02,2,2,14202,ieee14_lexicographic_metadata_v02,lexicographic_metadata
ieee14_structural_group_02_realization_02_seed_14202_8x8,ieee14,balanced_magnitude,16,3,first_half,"[0,1,2,3,4,5,6,7,8,9]","[14531000,14531001,14531002,14531003,14531004,14531005,14531006,14531007,14531008,14531009]",ieee14_structural_group_02_realization_02_seed_14202_8x8__balanced_magnitude_k16_s3_69f00d608b27,69f00d608b27b7b7ff29327bb81b188360674a42bcafad54c0666e5b631fbcb5,ieee14_structural_group_02_realization_02_seed_14202_8x8__stability_balanced_magnitude_first_half_69f00d608b27,69f00d608b27b7b7ff29327bb81b188360674a42bcafad54c0666e5b631fbcb5,supports/stability/ieee14_structural_group_02_realization_02_seed_14202_8x8/ieee14_structural_group_02_realization_02_seed_14202_8x8__stability_balanced_magnitude_first_half_69f00d608b27.json,1.0,0.1151247428047117,optimal,0,training_only,False,completed,,ieee14_structural_group_02,2,2,14202,ieee14_lexicographic_metadata_v02,lexicographic_metadata
ieee14_structural_group_02_realization_02_seed_14202_8x8,ieee14,balanced_magnitude,16,3,odd_positions,"[1,3,5,7,9,11,13,15,17,19]","[14531001,14531003,14531005,14531007,14531009,14531011,14531013,14531015,14531017,14531019]",ieee14_structural_group_02_realization_02_seed_14202_8x8__balanced_magnitude_k16_s3_69f00d608b27,69f00d608b27b7b7ff29327bb81b188360674a42bcafad54c0666e5b631fbcb5,ieee14_structural_group_02_realization_02_seed_14202_8x8__stability_balanced_magnitude_odd_positions_69f00d608b27,69f00d608b27b7b7ff29327bb81b188360674a42bcafad54c0666e5b631fbcb5,supports/stability/ieee14_structural_group_02_realization_02_seed_14202_8x8/ieee14_structural_group_02_realization_02_seed_14202_8x8__stability_balanced_magnitude_odd_positions_69f00d608b27.json,1.0,0.1151247428047117,optimal,0,training_only,False,completed,,ieee14_structural_group_02,2,2,14202,ieee14_lexicographic_metadata_v02,lexicographic_metadata
ieee14_structural_group_02_realization_02_seed_14202_8x8,ieee14,balanced_magnitude,16,3,second_half,"[10,11,12,13,14,15,16,17,18,19]","[14531010,14531011,14531012,14531013,14531014,14531015,14531016,14531017,14531018,14531019]",ieee14_structural_group_02_realization_02_seed_14202_8x8__balanced_magnitude_k16_s3_69f00d608b27,69f00d608b27b7b7ff29327bb81b188360674a42bcafad54c0666e5b631fbcb5,ieee14_structural_group_02_realization_02_seed_14202_8x8__stability_balanced_magnitude_second_half_69f00d608b27,69f00d608b27b7b7ff29327bb81b188360674a42bcafad54c0666e5b631fbcb5,supports/stability/ieee14_structural_group_02_realization_02_seed_14202_8x8/ieee14_structural_group_02_realization_02_seed_14202_8x8__stability_balanced_magnitude_second_half_69f00d608b27.json,1.0,0.1151247428047117,optimal,0,training_only,False,completed,,ieee14_structural_group_02,2,2,14202,ieee14_lexicographic_metadata_v02,lexicographic_metadata
ieee14_structural_group_02_realization_02_seed_14202_8x8,ieee14,sensitivity_initial_mean,16,3,even_positions,"[0,2,4,6,8,10,12,14,16,18]","[14531000,14531002,14531004,14531006,14531008,14531010,14531012,14531014,14531016,14531018]",ieee14_structural_group_02_realization_02_seed_14202_8x8__sensitivity_initial_mean_k16_s3_9313b4a1c8fd,9313b4a1c8fdd692848c9773c4b6c532a4ac23a29a549c73345dec488e42c1df,ieee14_structural_group_02_realization_02_seed_14202_8x8__stability_sensitivity_initial_mean_even_positions_9313b4a1c8fd,9313b4a1c8fdd692848c9773c4b6c532a4ac23a29a549c73345dec488e42c1df,supports/stability/ieee14_structural_group_02_realization_02_seed_14202_8x8/ieee14_structural_group_02_realization_02_seed_14202_8x8__stability_sensitivity_initial_mean_even_positions_9313b4a1c8fd.json,1.0,0.1162638510612766,optimal,0,training_only,False,completed,,ieee14_structural_group_02,2,2,14202,ieee14_lexicographic_metadata_v02,lexicographic_metadata
ieee14_structural_group_02_realization_02_seed_14202_8x8,ieee14,sensitivity_initial_mean,16,3,first_half,"[0,1,2,3,4,5,6,7,8,9]","[14531000,14531001,14531002,14531003,14531004,14531005,14531006,14531007,14531008,14531009]",ieee14_structural_group_02_realization_02_seed_14202_8x8__sensitivity_initial_mean_k16_s3_9313b4a1c8fd,9313b4a1c8fdd692848c9773c4b6c532a4ac23a29a549c73345dec488e42c1df,ieee14_structural_group_02_realization_02_seed_14202_8x8__stability_sensitivity_initial_mean_first_half_9313b4a1c8fd,9313b4a1c8fdd692848c9773c4b6c532a4ac23a29a549c73345dec488e42c1df,supports/stability/ieee14_structural_group_02_realization_02_seed_14202_8x8/ieee14_structural_group_02_realization_02_seed_14202_8x8__stability_sensitivity_initial_mean_first_half_9313b4a1c8fd.json,1.0,0.1162638510612766,optimal,0,training_only,False,completed,,ieee14_structural_group_02,2,2,14202,ieee14_lexicographic_metadata_v02,lexicographic_metadata
ieee14_structural_group_02_realization_02_seed_14202_8x8,ieee14,sensitivity_initial_mean,16,3,odd_positions,"[1,3,5,7,9,11,13,15,17,19]","[14531001,14531003,14531005,14531007,14531009,14531011,14531013,14531015,14531017,14531019]",ieee14_structural_group_02_realization_02_seed_14202_8x8__sensitivity_initial_mean_k16_s3_9313b4a1c8fd,9313b4a1c8fdd692848c9773c4b6c532a4ac23a29a549c73345dec488e42c1df,ieee14_structural_group_02_realization_02_seed_14202_8x8__stability_sensitivity_initial_mean_odd_positions_9313b4a1c8fd,9313b4a1c8fdd692848c9773c4b6c532a4ac23a29a549c73345dec488e42c1df,supports/stability/ieee14_structural_group_02_realization_02_seed_14202_8x8/ieee14_structural_group_02_realization_02_seed_14202_8x8__stability_sensitivity_initial_mean_odd_positions_9313b4a1c8fd.json,1.0,0.1162638510612766,optimal,0,training_only,False,completed,,ieee14_structural_group_02,2,2,14202,ieee14_lexicographic_metadata_v02,lexicographic_metadata
ieee14_structural_group_02_realization_02_seed_14202_8x8,ieee14,sensitivity_initial_mean,16,3,second_half,"[10,11,12,13,14,15,16,17,18,19]","[14531010,14531011,14531012,14531013,14531014,14531015,14531016,14531017,14531018,14531019]",ieee14_structural_group_02_realization_02_seed_14202_8x8__sensitivity_initial_mean_k16_s3_9313b4a1c8fd,9313b4a1c8fdd692848c9773c4b6c532a4ac23a29a549c73345dec488e42c1df,ieee14_structural_group_02_realization_02_seed_14202_8x8__stability_sensitivity_initial_mean_second_half_9313b4a1c8fd,9313b4a1c8fdd692848c9773c4b6c532a4ac23a29a549c73345dec488e42c1df,supports/stability/ieee14_structural_group_02_realization_02_seed_14202_8x8/ieee14_structural_group_02_realization_02_seed_14202_8x8__stability_sensitivity_initial_mean_second_half_9313b4a1c8fd.json,1.0,0.1162638510612766,optimal,0,training_only,False,completed,,ieee14_structural_group_02,2,2,14202,ieee14_lexicographic_metadata_v02,lexicographic_metadata
ieee14_structural_group_02_realization_02_seed_14202_8x8,ieee14,sensitivity_refined_mean,16,3,even_positions,"[0,2,4,6,8,10,12,14,16,18]","[14531000,14531002,14531004,14531006,14531008,14531010,14531012,14531014,14531016,14531018]",ieee14_structural_group_02_realization_02_seed_14202_8x8__sensitivity_refined_mean_k16_s3_d52e819e90df,d52e819e90dfa32fe5b38ac93bad0e6ae1089eb775fe3ad883593b1510c7ee87,ieee14_structural_group_02_realization_02_seed_14202_8x8__stability_sensitivity_refined_mean_even_positions_d52e819e90df,d52e819e90dfa32fe5b38ac93bad0e6ae1089eb775fe3ad883593b1510c7ee87,supports/stability/ieee14_structural_group_02_realization_02_seed_14202_8x8/ieee14_structural_group_02_realization_02_seed_14202_8x8__stability_sensitivity_refined_mean_even_positions_d52e819e90df.json,1.0,0.0930443460377701,optimal,1,training_only,False,completed,,ieee14_structural_group_02,2,2,14202,ieee14_lexicographic_metadata_v02,lexicographic_metadata
ieee14_structural_group_02_realization_02_seed_14202_8x8,ieee14,sensitivity_refined_mean,16,3,first_half,"[0,1,2,3,4,5,6,7,8,9]","[14531000,14531001,14531002,14531003,14531004,14531005,14531006,14531007,14531008,14531009]",ieee14_structural_group_02_realization_02_seed_14202_8x8__sensitivity_refined_mean_k16_s3_d52e819e90df,d52e819e90dfa32fe5b38ac93bad0e6ae1089eb775fe3ad883593b1510c7ee87,ieee14_structural_group_02_realization_02_seed_14202_8x8__stability_sensitivity_refined_mean_first_half_d52e819e90df,d52e819e90dfa32fe5b38ac93bad0e6ae1089eb775fe3ad883593b1510c7ee87,supports/stability/ieee14_structural_group_02_realization_02_seed_14202_8x8/ieee14_structural_group_02_realization_02_seed_14202_8x8__stability_sensitivity_refined_mean_first_half_d52e819e90df.json,1.0,0.0930443460377701,optimal,1,training_only,False,completed,,ieee14_structural_group_02,2,2,14202,ieee14_lexicographic_metadata_v02,lexicographic_metadata
ieee14_structural_group_02_realization_02_seed_14202_8x8,ieee14,sensitivity_refined_mean,16,3,odd_positions,"[1,3,5,7,9,11,13,15,17,19]","[14531001,14531003,14531005,14531007,14531009,14531011,14531013,14531015,14531017,14531019]",ieee14_structural_group_02_realization_02_seed_14202_8x8__sensitivity_refined_mean_k16_s3_d52e819e90df,d52e819e90dfa32fe5b38ac93bad0e6ae1089eb775fe3ad883593b1510c7ee87,ieee14_structural_group_02_realization_02_seed_14202_8x8__stability_sensitivity_refined_mean_odd_positions_1d193b8dd434,1d193b8dd434d7cbee959426ea031f980c90bb1a41af94f032ce600a1112850f,supports/stability/ieee14_structural_group_02_realization_02_seed_14202_8x8/ieee14_structural_group_02_realization_02_seed_14202_8x8__stability_sensitivity_refined_mean_odd_positions_1d193b8dd434.json,0.8823529411764706,0.0930443460377701,optimal,1,training_only,False,completed,,ieee14_structural_group_02,2,2,14202,ieee14_lexicographic_metadata_v02,lexicographic_metadata
ieee14_structural_group_02_realization_02_seed_14202_8x8,ieee14,sensitivity_refined_mean,16,3,second_half,"[10,11,12,13,14,15,16,17,18,19]","[14531010,14531011,14531012,14531013,14531014,14531015,14531016,14531017,14531018,14531019]",ieee14_structural_group_02_realization_02_seed_14202_8x8__sensitivity_refined_mean_k16_s3_d52e819e90df,d52e819e90dfa32fe5b38ac93bad0e6ae1089eb775fe3ad883593b1510c7ee87,ieee14_structural_group_02_realization_02_seed_14202_8x8__stability_sensitivity_refined_mean_second_half_1d193b8dd434,1d193b8dd434d7cbee959426ea031f980c90bb1a41af94f032ce600a1112850f,supports/stability/ieee14_structural_group_02_realization_02_seed_14202_8x8/ieee14_structural_group_02_realization_02_seed_14202_8x8__stability_sensitivity_refined_mean_second_half_1d193b8dd434.json,0.8823529411764706,0.0930443460377701,optimal,1,training_only,False,completed,,ieee14_structural_group_02,2,2,14202,ieee14_lexicographic_metadata_v02,lexicographic_metadata
ieee14_structural_group_03_realization_01_seed_14201_8x8,ieee14,balanced_magnitude,16,3,even_positions,"[0,2,4,6,8,10,12,14,16,18]","[14541000,14541002,14541004,14541006,14541008,14541010,14541012,14541014,14541016,14541018]",ieee14_structural_group_03_realization_01_seed_14201_8x8__balanced_magnitude_k16_s3_8cb22e41450c,8cb22e41450ccccd9b2a9561de7656bc5900bce917065bb386a4b6b727039cce,ieee14_structural_group_03_realization_01_seed_14201_8x8__stability_balanced_magnitude_even_positions_8cb22e41450c,8cb22e41450ccccd9b2a9561de7656bc5900bce917065bb386a4b6b727039cce,supports/stability/ieee14_structural_group_03_realization_01_seed_14201_8x8/ieee14_structural_group_03_realization_01_seed_14201_8x8__stability_balanced_magnitude_even_positions_8cb22e41450c.json,1.0,0.0215819176845456,optimal,0,training_only,False,completed,,ieee14_structural_group_03,3,1,14201,ieee14_lexicographic_metadata_v03,lexicographic_metadata
ieee14_structural_group_03_realization_01_seed_14201_8x8,ieee14,balanced_magnitude,16,3,first_half,"[0,1,2,3,4,5,6,7,8,9]","[14541000,14541001,14541002,14541003,14541004,14541005,14541006,14541007,14541008,14541009]",ieee14_structural_group_03_realization_01_seed_14201_8x8__balanced_magnitude_k16_s3_8cb22e41450c,8cb22e41450ccccd9b2a9561de7656bc5900bce917065bb386a4b6b727039cce,ieee14_structural_group_03_realization_01_seed_14201_8x8__stability_balanced_magnitude_first_half_8cb22e41450c,8cb22e41450ccccd9b2a9561de7656bc5900bce917065bb386a4b6b727039cce,supports/stability/ieee14_structural_group_03_realization_01_seed_14201_8x8/ieee14_structural_group_03_realization_01_seed_14201_8x8__stability_balanced_magnitude_first_half_8cb22e41450c.json,1.0,0.0215819176845456,optimal,0,training_only,False,completed,,ieee14_structural_group_03,3,1,14201,ieee14_lexicographic_metadata_v03,lexicographic_metadata
ieee14_structural_group_03_realization_01_seed_14201_8x8,ieee14,balanced_magnitude,16,3,odd_positions,"[1,3,5,7,9,11,13,15,17,19]","[14541001,14541003,14541005,14541007,14541009,14541011,14541013,14541015,14541017,14541019]",ieee14_structural_group_03_realization_01_seed_14201_8x8__balanced_magnitude_k16_s3_8cb22e41450c,8cb22e41450ccccd9b2a9561de7656bc5900bce917065bb386a4b6b727039cce,ieee14_structural_group_03_realization_01_seed_14201_8x8__stability_balanced_magnitude_odd_positions_8cb22e41450c,8cb22e41450ccccd9b2a9561de7656bc5900bce917065bb386a4b6b727039cce,supports/stability/ieee14_structural_group_03_realization_01_seed_14201_8x8/ieee14_structural_group_03_realization_01_seed_14201_8x8__stability_balanced_magnitude_odd_positions_8cb22e41450c.json,1.0,0.0215819176845456,optimal,0,training_only,False,completed,,ieee14_structural_group_03,3,1,14201,ieee14_lexicographic_metadata_v03,lexicographic_metadata
ieee14_structural_group_03_realization_01_seed_14201_8x8,ieee14,balanced_magnitude,16,3,second_half,"[10,11,12,13,14,15,16,17,18,19]","[14541010,14541011,14541012,14541013,14541014,14541015,14541016,14541017,14541018,14541019]",ieee14_structural_group_03_realization_01_seed_14201_8x8__balanced_magnitude_k16_s3_8cb22e41450c,8cb22e41450ccccd9b2a9561de7656bc5900bce917065bb386a4b6b727039cce,ieee14_structural_group_03_realization_01_seed_14201_8x8__stability_balanced_magnitude_second_half_8cb22e41450c,8cb22e41450ccccd9b2a9561de7656bc5900bce917065bb386a4b6b727039cce,supports/stability/ieee14_structural_group_03_realization_01_seed_14201_8x8/ieee14_structural_group_03_realization_01_seed_14201_8x8__stability_balanced_magnitude_second_half_8cb22e41450c.json,1.0,0.0215819176845456,optimal,0,training_only,False,completed,,ieee14_structural_group_03,3,1,14201,ieee14_lexicographic_metadata_v03,lexicographic_metadata
ieee14_structural_group_03_realization_01_seed_14201_8x8,ieee14,sensitivity_initial_mean,16,3,even_positions,"[0,2,4,6,8,10,12,14,16,18]","[14541000,14541002,14541004,14541006,14541008,14541010,14541012,14541014,14541016,14541018]",ieee14_structural_group_03_realization_01_seed_14201_8x8__sensitivity_initial_mean_k16_s3_ecb133b05b9b,ecb133b05b9b98dc178485ed55aaa74092734f0a38da434c9e2037875ba4fb5c,ieee14_structural_group_03_realization_01_seed_14201_8x8__stability_sensitivity_initial_mean_even_positions_ecb133b05b9b,ecb133b05b9b98dc178485ed55aaa74092734f0a38da434c9e2037875ba4fb5c,supports/stability/ieee14_structural_group_03_realization_01_seed_14201_8x8/ieee14_structural_group_03_realization_01_seed_14201_8x8__stability_sensitivity_initial_mean_even_positions_ecb133b05b9b.json,1.0,0.0210588030978772,optimal,0,training_only,False,completed,,ieee14_structural_group_03,3,1,14201,ieee14_lexicographic_metadata_v03,lexicographic_metadata
ieee14_structural_group_03_realization_01_seed_14201_8x8,ieee14,sensitivity_initial_mean,16,3,first_half,"[0,1,2,3,4,5,6,7,8,9]","[14541000,14541001,14541002,14541003,14541004,14541005,14541006,14541007,14541008,14541009]",ieee14_structural_group_03_realization_01_seed_14201_8x8__sensitivity_initial_mean_k16_s3_ecb133b05b9b,ecb133b05b9b98dc178485ed55aaa74092734f0a38da434c9e2037875ba4fb5c,ieee14_structural_group_03_realization_01_seed_14201_8x8__stability_sensitivity_initial_mean_first_half_ecb133b05b9b,ecb133b05b9b98dc178485ed55aaa74092734f0a38da434c9e2037875ba4fb5c,supports/stability/ieee14_structural_group_03_realization_01_seed_14201_8x8/ieee14_structural_group_03_realization_01_seed_14201_8x8__stability_sensitivity_initial_mean_first_half_ecb133b05b9b.json,1.0,0.0210588030978772,optimal,0,training_only,False,completed,,ieee14_structural_group_03,3,1,14201,ieee14_lexicographic_metadata_v03,lexicographic_metadata
ieee14_structural_group_03_realization_01_seed_14201_8x8,ieee14,sensitivity_initial_mean,16,3,odd_positions,"[1,3,5,7,9,11,13,15,17,19]","[14541001,14541003,14541005,14541007,14541009,14541011,14541013,14541015,14541017,14541019]",ieee14_structural_group_03_realization_01_seed_14201_8x8__sensitivity_initial_mean_k16_s3_ecb133b05b9b,ecb133b05b9b98dc178485ed55aaa74092734f0a38da434c9e2037875ba4fb5c,ieee14_structural_group_03_realization_01_seed_14201_8x8__stability_sensitivity_initial_mean_odd_positions_ecb133b05b9b,ecb133b05b9b98dc178485ed55aaa74092734f0a38da434c9e2037875ba4fb5c,supports/stability/ieee14_structural_group_03_realization_01_seed_14201_8x8/ieee14_structural_group_03_realization_01_seed_14201_8x8__stability_sensitivity_initial_mean_odd_positions_ecb133b05b9b.json,1.0,0.0210588030978772,optimal,0,training_only,False,completed,,ieee14_structural_group_03,3,1,14201,ieee14_lexicographic_metadata_v03,lexicographic_metadata
ieee14_structural_group_03_realization_01_seed_14201_8x8,ieee14,sensitivity_initial_mean,16,3,second_half,"[10,11,12,13,14,15,16,17,18,19]","[14541010,14541011,14541012,14541013,14541014,14541015,14541016,14541017,14541018,14541019]",ieee14_structural_group_03_realization_01_seed_14201_8x8__sensitivity_initial_mean_k16_s3_ecb133b05b9b,ecb133b05b9b98dc178485ed55aaa74092734f0a38da434c9e2037875ba4fb5c,ieee14_structural_group_03_realization_01_seed_14201_8x8__stability_sensitivity_initial_mean_second_half_ecb133b05b9b,ecb133b05b9b98dc178485ed55aaa74092734f0a38da434c9e2037875ba4fb5c,supports/stability/ieee14_structural_group_03_realization_01_seed_14201_8x8/ieee14_structural_group_03_realization_01_seed_14201_8x8__stability_sensitivity_initial_mean_second_half_ecb133b05b9b.json,1.0,0.0210588030978772,optimal,0,training_only,False,completed,,ieee14_structural_group_03,3,1,14201,ieee14_lexicographic_metadata_v03,lexicographic_metadata
ieee14_structural_group_03_realization_01_seed_14201_8x8,ieee14,sensitivity_refined_mean,16,3,even_positions,"[0,2,4,6,8,10,12,14,16,18]","[14541000,14541002,14541004,14541006,14541008,14541010,14541012,14541014,14541016,14541018]",ieee14_structural_group_03_realization_01_seed_14201_8x8__sensitivity_refined_mean_k16_s3_715cce58759e,715cce58759e5dd17eefdd6d898b49ac7f7950c8ca589911defc1682fc5d08e5,ieee14_structural_group_03_realization_01_seed_14201_8x8__stability_sensitivity_refined_mean_even_positions_55fa5e6843ca,55fa5e6843ca647ed08351a860d7780ba82df4ad0e443405d51b19d05ca7e615,supports/stability/ieee14_structural_group_03_realization_01_seed_14201_8x8/ieee14_structural_group_03_realization_01_seed_14201_8x8__stability_sensitivity_refined_mean_even_positions_55fa5e6843ca.json,0.8823529411764706,0.0105180502918082,optimal,3,training_only,False,completed,,ieee14_structural_group_03,3,1,14201,ieee14_lexicographic_metadata_v03,lexicographic_metadata
ieee14_structural_group_03_realization_01_seed_14201_8x8,ieee14,sensitivity_refined_mean,16,3,first_half,"[0,1,2,3,4,5,6,7,8,9]","[14541000,14541001,14541002,14541003,14541004,14541005,14541006,14541007,14541008,14541009]",ieee14_structural_group_03_realization_01_seed_14201_8x8__sensitivity_refined_mean_k16_s3_715cce58759e,715cce58759e5dd17eefdd6d898b49ac7f7950c8ca589911defc1682fc5d08e5,ieee14_structural_group_03_realization_01_seed_14201_8x8__stability_sensitivity_refined_mean_first_half_8bab53819212,8bab5381921268c246f27b98643e864c6f54c8d9e0433cd13f4f4b007e07f253,supports/stability/ieee14_structural_group_03_realization_01_seed_14201_8x8/ieee14_structural_group_03_realization_01_seed_14201_8x8__stability_sensitivity_refined_mean_first_half_8bab53819212.json,0.6,0.0105180502918082,optimal,5,training_only,False,completed,,ieee14_structural_group_03,3,1,14201,ieee14_lexicographic_metadata_v03,lexicographic_metadata
ieee14_structural_group_03_realization_01_seed_14201_8x8,ieee14,sensitivity_refined_mean,16,3,odd_positions,"[1,3,5,7,9,11,13,15,17,19]","[14541001,14541003,14541005,14541007,14541009,14541011,14541013,14541015,14541017,14541019]",ieee14_structural_group_03_realization_01_seed_14201_8x8__sensitivity_refined_mean_k16_s3_715cce58759e,715cce58759e5dd17eefdd6d898b49ac7f7950c8ca589911defc1682fc5d08e5,ieee14_structural_group_03_realization_01_seed_14201_8x8__stability_sensitivity_refined_mean_odd_positions_185d181a9d75,185d181a9d753c42a4dd35230b64f2408aa81ed813ec2f97bdb95067eacdb6de,supports/stability/ieee14_structural_group_03_realization_01_seed_14201_8x8/ieee14_structural_group_03_realization_01_seed_14201_8x8__stability_sensitivity_refined_mean_odd_positions_185d181a9d75.json,0.8823529411764706,0.0105180502918082,optimal,1,training_only,False,completed,,ieee14_structural_group_03,3,1,14201,ieee14_lexicographic_metadata_v03,lexicographic_metadata
ieee14_structural_group_03_realization_01_seed_14201_8x8,ieee14,sensitivity_refined_mean,16,3,second_half,"[10,11,12,13,14,15,16,17,18,19]","[14541010,14541011,14541012,14541013,14541014,14541015,14541016,14541017,14541018,14541019]",ieee14_structural_group_03_realization_01_seed_14201_8x8__sensitivity_refined_mean_k16_s3_715cce58759e,715cce58759e5dd17eefdd6d898b49ac7f7950c8ca589911defc1682fc5d08e5,ieee14_structural_group_03_realization_01_seed_14201_8x8__stability_sensitivity_refined_mean_second_half_185d181a9d75,185d181a9d753c42a4dd35230b64f2408aa81ed813ec2f97bdb95067eacdb6de,supports/stability/ieee14_structural_group_03_realization_01_seed_14201_8x8/ieee14_structural_group_03_realization_01_seed_14201_8x8__stability_sensitivity_refined_mean_second_half_185d181a9d75.json,0.8823529411764706,0.0105180502918082,optimal,1,training_only,False,completed,,ieee14_structural_group_03,3,1,14201,ieee14_lexicographic_metadata_v03,lexicographic_metadata
ieee14_structural_group_03_realization_02_seed_14202_8x8,ieee14,balanced_magnitude,16,3,even_positions,"[0,2,4,6,8,10,12,14,16,18]","[14551000,14551002,14551004,14551006,14551008,14551010,14551012,14551014,14551016,14551018]",ieee14_structural_group_03_realization_02_seed_14202_8x8__balanced_magnitude_k16_s3_8cb22e41450c,8cb22e41450ccccd9b2a9561de7656bc5900bce917065bb386a4b6b727039cce,ieee14_structural_group_03_realization_02_seed_14202_8x8__stability_balanced_magnitude_even_positions_8cb22e41450c,8cb22e41450ccccd9b2a9561de7656bc5900bce917065bb386a4b6b727039cce,supports/stability/ieee14_structural_group_03_realization_02_seed_14202_8x8/ieee14_structural_group_03_realization_02_seed_14202_8x8__stability_balanced_magnitude_even_positions_8cb22e41450c.json,1.0,0.0494650863120373,optimal,0,training_only,False,completed,,ieee14_structural_group_03,3,2,14202,ieee14_lexicographic_metadata_v03,lexicographic_metadata
ieee14_structural_group_03_realization_02_seed_14202_8x8,ieee14,balanced_magnitude,16,3,first_half,"[0,1,2,3,4,5,6,7,8,9]","[14551000,14551001,14551002,14551003,14551004,14551005,14551006,14551007,14551008,14551009]",ieee14_structural_group_03_realization_02_seed_14202_8x8__balanced_magnitude_k16_s3_8cb22e41450c,8cb22e41450ccccd9b2a9561de7656bc5900bce917065bb386a4b6b727039cce,ieee14_structural_group_03_realization_02_seed_14202_8x8__stability_balanced_magnitude_first_half_8cb22e41450c,8cb22e41450ccccd9b2a9561de7656bc5900bce917065bb386a4b6b727039cce,supports/stability/ieee14_structural_group_03_realization_02_seed_14202_8x8/ieee14_structural_group_03_realization_02_seed_14202_8x8__stability_balanced_magnitude_first_half_8cb22e41450c.json,1.0,0.0494650863120373,optimal,0,training_only,False,completed,,ieee14_structural_group_03,3,2,14202,ieee14_lexicographic_metadata_v03,lexicographic_metadata
ieee14_structural_group_03_realization_02_seed_14202_8x8,ieee14,balanced_magnitude,16,3,odd_positions,"[1,3,5,7,9,11,13,15,17,19]","[14551001,14551003,14551005,14551007,14551009,14551011,14551013,14551015,14551017,14551019]",ieee14_structural_group_03_realization_02_seed_14202_8x8__balanced_magnitude_k16_s3_8cb22e41450c,8cb22e41450ccccd9b2a9561de7656bc5900bce917065bb386a4b6b727039cce,ieee14_structural_group_03_realization_02_seed_14202_8x8__stability_balanced_magnitude_odd_positions_8cb22e41450c,8cb22e41450ccccd9b2a9561de7656bc5900bce917065bb386a4b6b727039cce,supports/stability/ieee14_structural_group_03_realization_02_seed_14202_8x8/ieee14_structural_group_03_realization_02_seed_14202_8x8__stability_balanced_magnitude_odd_positions_8cb22e41450c.json,1.0,0.0494650863120373,optimal,0,training_only,False,completed,,ieee14_structural_group_03,3,2,14202,ieee14_lexicographic_metadata_v03,lexicographic_metadata
ieee14_structural_group_03_realization_02_seed_14202_8x8,ieee14,balanced_magnitude,16,3,second_half,"[10,11,12,13,14,15,16,17,18,19]","[14551010,14551011,14551012,14551013,14551014,14551015,14551016,14551017,14551018,14551019]",ieee14_structural_group_03_realization_02_seed_14202_8x8__balanced_magnitude_k16_s3_8cb22e41450c,8cb22e41450ccccd9b2a9561de7656bc5900bce917065bb386a4b6b727039cce,ieee14_structural_group_03_realization_02_seed_14202_8x8__stability_balanced_magnitude_second_half_8cb22e41450c,8cb22e41450ccccd9b2a9561de7656bc5900bce917065bb386a4b6b727039cce,supports/stability/ieee14_structural_group_03_realization_02_seed_14202_8x8/ieee14_structural_group_03_realization_02_seed_14202_8x8__stability_balanced_magnitude_second_half_8cb22e41450c.json,1.0,0.0494650863120373,optimal,0,training_only,False,completed,,ieee14_structural_group_03,3,2,14202,ieee14_lexicographic_metadata_v03,lexicographic_metadata
ieee14_structural_group_03_realization_02_seed_14202_8x8,ieee14,sensitivity_initial_mean,16,3,even_positions,"[0,2,4,6,8,10,12,14,16,18]","[14551000,14551002,14551004,14551006,14551008,14551010,14551012,14551014,14551016,14551018]",ieee14_structural_group_03_realization_02_seed_14202_8x8__sensitivity_initial_mean_k16_s3_ecb133b05b9b,ecb133b05b9b98dc178485ed55aaa74092734f0a38da434c9e2037875ba4fb5c,ieee14_structural_group_03_realization_02_seed_14202_8x8__stability_sensitivity_initial_mean_even_positions_0f2bedef4104,0f2bedef4104bd67b457f050d310a16ff3046560c3283af92953e3588acbd9cf,supports/stability/ieee14_structural_group_03_realization_02_seed_14202_8x8/ieee14_structural_group_03_realization_02_seed_14202_8x8__stability_sensitivity_initial_mean_even_positions_0f2bedef4104.json,0.8823529411764706,0.037496134184197,optimal,0,training_only,False,completed,,ieee14_structural_group_03,3,2,14202,ieee14_lexicographic_metadata_v03,lexicographic_metadata
ieee14_structural_group_03_realization_02_seed_14202_8x8,ieee14,sensitivity_initial_mean,16,3,first_half,"[0,1,2,3,4,5,6,7,8,9]","[14551000,14551001,14551002,14551003,14551004,14551005,14551006,14551007,14551008,14551009]",ieee14_structural_group_03_realization_02_seed_14202_8x8__sensitivity_initial_mean_k16_s3_ecb133b05b9b,ecb133b05b9b98dc178485ed55aaa74092734f0a38da434c9e2037875ba4fb5c,ieee14_structural_group_03_realization_02_seed_14202_8x8__stability_sensitivity_initial_mean_first_half_ecb133b05b9b,ecb133b05b9b98dc178485ed55aaa74092734f0a38da434c9e2037875ba4fb5c,supports/stability/ieee14_structural_group_03_realization_02_seed_14202_8x8/ieee14_structural_group_03_realization_02_seed_14202_8x8__stability_sensitivity_initial_mean_first_half_ecb133b05b9b.json,1.0,0.037496134184197,optimal,0,training_only,False,completed,,ieee14_structural_group_03,3,2,14202,ieee14_lexicographic_metadata_v03,lexicographic_metadata
ieee14_structural_group_03_realization_02_seed_14202_8x8,ieee14,sensitivity_initial_mean,16,3,odd_positions,"[1,3,5,7,9,11,13,15,17,19]","[14551001,14551003,14551005,14551007,14551009,14551011,14551013,14551015,14551017,14551019]",ieee14_structural_group_03_realization_02_seed_14202_8x8__sensitivity_initial_mean_k16_s3_ecb133b05b9b,ecb133b05b9b98dc178485ed55aaa74092734f0a38da434c9e2037875ba4fb5c,ieee14_structural_group_03_realization_02_seed_14202_8x8__stability_sensitivity_initial_mean_odd_positions_ecb133b05b9b,ecb133b05b9b98dc178485ed55aaa74092734f0a38da434c9e2037875ba4fb5c,supports/stability/ieee14_structural_group_03_realization_02_seed_14202_8x8/ieee14_structural_group_03_realization_02_seed_14202_8x8__stability_sensitivity_initial_mean_odd_positions_ecb133b05b9b.json,1.0,0.037496134184197,optimal,0,training_only,False,completed,,ieee14_structural_group_03,3,2,14202,ieee14_lexicographic_metadata_v03,lexicographic_metadata
ieee14_structural_group_03_realization_02_seed_14202_8x8,ieee14,sensitivity_initial_mean,16,3,second_half,"[10,11,12,13,14,15,16,17,18,19]","[14551010,14551011,14551012,14551013,14551014,14551015,14551016,14551017,14551018,14551019]",ieee14_structural_group_03_realization_02_seed_14202_8x8__sensitivity_initial_mean_k16_s3_ecb133b05b9b,ecb133b05b9b98dc178485ed55aaa74092734f0a38da434c9e2037875ba4fb5c,ieee14_structural_group_03_realization_02_seed_14202_8x8__stability_sensitivity_initial_mean_second_half_5f6b99a847f5,5f6b99a847f543c0ae488c1505eede32893c5025e10240373dc19b00cb5eed9a,supports/stability/ieee14_structural_group_03_realization_02_seed_14202_8x8/ieee14_structural_group_03_realization_02_seed_14202_8x8__stability_sensitivity_initial_mean_second_half_5f6b99a847f5.json,0.7777777777777778,0.037496134184197,optimal,0,training_only,False,completed,,ieee14_structural_group_03,3,2,14202,ieee14_lexicographic_metadata_v03,lexicographic_metadata
ieee14_structural_group_03_realization_02_seed_14202_8x8,ieee14,sensitivity_refined_mean,16,3,even_positions,"[0,2,4,6,8,10,12,14,16,18]","[14551000,14551002,14551004,14551006,14551008,14551010,14551012,14551014,14551016,14551018]",ieee14_structural_group_03_realization_02_seed_14202_8x8__sensitivity_refined_mean_k16_s3_0f2bedef4104,0f2bedef4104bd67b457f050d310a16ff3046560c3283af92953e3588acbd9cf,ieee14_structural_group_03_realization_02_seed_14202_8x8__stability_sensitivity_refined_mean_even_positions_a7a8c52804f7,a7a8c52804f7f1aecf1cdacf74b2fe9f46b85f81a29dc30469f057d52c42f2ca,supports/stability/ieee14_structural_group_03_realization_02_seed_14202_8x8/ieee14_structural_group_03_realization_02_seed_14202_8x8__stability_sensitivity_refined_mean_even_positions_a7a8c52804f7.json,0.8823529411764706,0.0258593976912294,optimal,1,training_only,False,completed,,ieee14_structural_group_03,3,2,14202,ieee14_lexicographic_metadata_v03,lexicographic_metadata
ieee14_structural_group_03_realization_02_seed_14202_8x8,ieee14,sensitivity_refined_mean,16,3,first_half,"[0,1,2,3,4,5,6,7,8,9]","[14551000,14551001,14551002,14551003,14551004,14551005,14551006,14551007,14551008,14551009]",ieee14_structural_group_03_realization_02_seed_14202_8x8__sensitivity_refined_mean_k16_s3_0f2bedef4104,0f2bedef4104bd67b457f050d310a16ff3046560c3283af92953e3588acbd9cf,ieee14_structural_group_03_realization_02_seed_14202_8x8__stability_sensitivity_refined_mean_first_half_189d252667a2,189d252667a2343a766fccb58b43a04720db0d89816dd109211077ef11c29ef2,supports/stability/ieee14_structural_group_03_realization_02_seed_14202_8x8/ieee14_structural_group_03_realization_02_seed_14202_8x8__stability_sensitivity_refined_mean_first_half_189d252667a2.json,0.6842105263157895,0.0258593976912294,optimal,4,training_only,False,completed,,ieee14_structural_group_03,3,2,14202,ieee14_lexicographic_metadata_v03,lexicographic_metadata
ieee14_structural_group_03_realization_02_seed_14202_8x8,ieee14,sensitivity_refined_mean,16,3,odd_positions,"[1,3,5,7,9,11,13,15,17,19]","[14551001,14551003,14551005,14551007,14551009,14551011,14551013,14551015,14551017,14551019]",ieee14_structural_group_03_realization_02_seed_14202_8x8__sensitivity_refined_mean_k16_s3_0f2bedef4104,0f2bedef4104bd67b457f050d310a16ff3046560c3283af92953e3588acbd9cf,ieee14_structural_group_03_realization_02_seed_14202_8x8__stability_sensitivity_refined_mean_odd_positions_dd1cdb295e81,dd1cdb295e81d8bdc0668acd68a6da2f622639735f927f44a64fcdc4063999bd,supports/stability/ieee14_structural_group_03_realization_02_seed_14202_8x8/ieee14_structural_group_03_realization_02_seed_14202_8x8__stability_sensitivity_refined_mean_odd_positions_dd1cdb295e81.json,0.6842105263157895,0.0258593976912294,optimal,3,training_only,False,completed,,ieee14_structural_group_03,3,2,14202,ieee14_lexicographic_metadata_v03,lexicographic_metadata
ieee14_structural_group_03_realization_02_seed_14202_8x8,ieee14,sensitivity_refined_mean,16,3,second_half,"[10,11,12,13,14,15,16,17,18,19]","[14551010,14551011,14551012,14551013,14551014,14551015,14551016,14551017,14551018,14551019]",ieee14_structural_group_03_realization_02_seed_14202_8x8__sensitivity_refined_mean_k16_s3_0f2bedef4104,0f2bedef4104bd67b457f050d310a16ff3046560c3283af92953e3588acbd9cf,ieee14_structural_group_03_realization_02_seed_14202_8x8__stability_sensitivity_refined_mean_second_half_38508dccf78b,38508dccf78b2c650034ee96a2f828c7d873b08ba8317a29b3c0064343df07ec,supports/stability/ieee14_structural_group_03_realization_02_seed_14202_8x8/ieee14_structural_group_03_realization_02_seed_14202_8x8__stability_sensitivity_refined_mean_second_half_38508dccf78b.json,0.7777777777777778,0.0258593976912294,optimal,1,training_only,False,completed,,ieee14_structural_group_03,3,2,14202,ieee14_lexicographic_metadata_v03,lexicographic_metadata
ieee14_structural_group_04_realization_01_seed_14201_8x8,ieee14,balanced_magnitude,16,3,even_positions,"[0,2,4,6,8,10,12,14,16,18]","[14561000,14561002,14561004,14561006,14561008,14561010,14561012,14561014,14561016,14561018]",ieee14_structural_group_04_realization_01_seed_14201_8x8__balanced_magnitude_k16_s3_d08ba7e251ed,d08ba7e251ed7058dba2dc3e82961e0bc68233817d8059959e631ea94f18a1ed,ieee14_structural_group_04_realization_01_seed_14201_8x8__stability_balanced_magnitude_even_positions_d08ba7e251ed,d08ba7e251ed7058dba2dc3e82961e0bc68233817d8059959e631ea94f18a1ed,supports/stability/ieee14_structural_group_04_realization_01_seed_14201_8x8/ieee14_structural_group_04_realization_01_seed_14201_8x8__stability_balanced_magnitude_even_positions_d08ba7e251ed.json,1.0,0.0333866132624928,optimal,0,training_only,False,completed,,ieee14_structural_group_04,4,1,14201,ieee14_voltage_measurement_heavy_v00,voltage_measurement_heavy
ieee14_structural_group_04_realization_01_seed_14201_8x8,ieee14,balanced_magnitude,16,3,first_half,"[0,1,2,3,4,5,6,7,8,9]","[14561000,14561001,14561002,14561003,14561004,14561005,14561006,14561007,14561008,14561009]",ieee14_structural_group_04_realization_01_seed_14201_8x8__balanced_magnitude_k16_s3_d08ba7e251ed,d08ba7e251ed7058dba2dc3e82961e0bc68233817d8059959e631ea94f18a1ed,ieee14_structural_group_04_realization_01_seed_14201_8x8__stability_balanced_magnitude_first_half_d08ba7e251ed,d08ba7e251ed7058dba2dc3e82961e0bc68233817d8059959e631ea94f18a1ed,supports/stability/ieee14_structural_group_04_realization_01_seed_14201_8x8/ieee14_structural_group_04_realization_01_seed_14201_8x8__stability_balanced_magnitude_first_half_d08ba7e251ed.json,1.0,0.0333866132624928,optimal,0,training_only,False,completed,,ieee14_structural_group_04,4,1,14201,ieee14_voltage_measurement_heavy_v00,voltage_measurement_heavy
ieee14_structural_group_04_realization_01_seed_14201_8x8,ieee14,balanced_magnitude,16,3,odd_positions,"[1,3,5,7,9,11,13,15,17,19]","[14561001,14561003,14561005,14561007,14561009,14561011,14561013,14561015,14561017,14561019]",ieee14_structural_group_04_realization_01_seed_14201_8x8__balanced_magnitude_k16_s3_d08ba7e251ed,d08ba7e251ed7058dba2dc3e82961e0bc68233817d8059959e631ea94f18a1ed,ieee14_structural_group_04_realization_01_seed_14201_8x8__stability_balanced_magnitude_odd_positions_d08ba7e251ed,d08ba7e251ed7058dba2dc3e82961e0bc68233817d8059959e631ea94f18a1ed,supports/stability/ieee14_structural_group_04_realization_01_seed_14201_8x8/ieee14_structural_group_04_realization_01_seed_14201_8x8__stability_balanced_magnitude_odd_positions_d08ba7e251ed.json,1.0,0.0333866132624928,optimal,0,training_only,False,completed,,ieee14_structural_group_04,4,1,14201,ieee14_voltage_measurement_heavy_v00,voltage_measurement_heavy
ieee14_structural_group_04_realization_01_seed_14201_8x8,ieee14,balanced_magnitude,16,3,second_half,"[10,11,12,13,14,15,16,17,18,19]","[14561010,14561011,14561012,14561013,14561014,14561015,14561016,14561017,14561018,14561019]",ieee14_structural_group_04_realization_01_seed_14201_8x8__balanced_magnitude_k16_s3_d08ba7e251ed,d08ba7e251ed7058dba2dc3e82961e0bc68233817d8059959e631ea94f18a1ed,ieee14_structural_group_04_realization_01_seed_14201_8x8__stability_balanced_magnitude_second_half_d08ba7e251ed,d08ba7e251ed7058dba2dc3e82961e0bc68233817d8059959e631ea94f18a1ed,supports/stability/ieee14_structural_group_04_realization_01_seed_14201_8x8/ieee14_structural_group_04_realization_01_seed_14201_8x8__stability_balanced_magnitude_second_half_d08ba7e251ed.json,1.0,0.0333866132624928,optimal,0,training_only,False,completed,,ieee14_structural_group_04,4,1,14201,ieee14_voltage_measurement_heavy_v00,voltage_measurement_heavy
ieee14_structural_group_04_realization_01_seed_14201_8x8,ieee14,sensitivity_initial_mean,16,3,even_positions,"[0,2,4,6,8,10,12,14,16,18]","[14561000,14561002,14561004,14561006,14561008,14561010,14561012,14561014,14561016,14561018]",ieee14_structural_group_04_realization_01_seed_14201_8x8__sensitivity_initial_mean_k16_s3_7a278b21018e,7a278b21018e4722475f73e4da092b16dc33ee20376173d5d34b4c0ab492c5b3,ieee14_structural_group_04_realization_01_seed_14201_8x8__stability_sensitivity_initial_mean_even_positions_7a278b21018e,7a278b21018e4722475f73e4da092b16dc33ee20376173d5d34b4c0ab492c5b3,supports/stability/ieee14_structural_group_04_realization_01_seed_14201_8x8/ieee14_structural_group_04_realization_01_seed_14201_8x8__stability_sensitivity_initial_mean_even_positions_7a278b21018e.json,1.0,6.865963148008274e-17,optimal,0,training_only,False,completed,,ieee14_structural_group_04,4,1,14201,ieee14_voltage_measurement_heavy_v00,voltage_measurement_heavy
ieee14_structural_group_04_realization_01_seed_14201_8x8,ieee14,sensitivity_initial_mean,16,3,first_half,"[0,1,2,3,4,5,6,7,8,9]","[14561000,14561001,14561002,14561003,14561004,14561005,14561006,14561007,14561008,14561009]",ieee14_structural_group_04_realization_01_seed_14201_8x8__sensitivity_initial_mean_k16_s3_7a278b21018e,7a278b21018e4722475f73e4da092b16dc33ee20376173d5d34b4c0ab492c5b3,ieee14_structural_group_04_realization_01_seed_14201_8x8__stability_sensitivity_initial_mean_first_half_7a278b21018e,7a278b21018e4722475f73e4da092b16dc33ee20376173d5d34b4c0ab492c5b3,supports/stability/ieee14_structural_group_04_realization_01_seed_14201_8x8/ieee14_structural_group_04_realization_01_seed_14201_8x8__stability_sensitivity_initial_mean_first_half_7a278b21018e.json,1.0,6.865963148008274e-17,optimal,0,training_only,False,completed,,ieee14_structural_group_04,4,1,14201,ieee14_voltage_measurement_heavy_v00,voltage_measurement_heavy
ieee14_structural_group_04_realization_01_seed_14201_8x8,ieee14,sensitivity_initial_mean,16,3,odd_positions,"[1,3,5,7,9,11,13,15,17,19]","[14561001,14561003,14561005,14561007,14561009,14561011,14561013,14561015,14561017,14561019]",ieee14_structural_group_04_realization_01_seed_14201_8x8__sensitivity_initial_mean_k16_s3_7a278b21018e,7a278b21018e4722475f73e4da092b16dc33ee20376173d5d34b4c0ab492c5b3,ieee14_structural_group_04_realization_01_seed_14201_8x8__stability_sensitivity_initial_mean_odd_positions_7a278b21018e,7a278b21018e4722475f73e4da092b16dc33ee20376173d5d34b4c0ab492c5b3,supports/stability/ieee14_structural_group_04_realization_01_seed_14201_8x8/ieee14_structural_group_04_realization_01_seed_14201_8x8__stability_sensitivity_initial_mean_odd_positions_7a278b21018e.json,1.0,6.865963148008274e-17,optimal,0,training_only,False,completed,,ieee14_structural_group_04,4,1,14201,ieee14_voltage_measurement_heavy_v00,voltage_measurement_heavy
ieee14_structural_group_04_realization_01_seed_14201_8x8,ieee14,sensitivity_initial_mean,16,3,second_half,"[10,11,12,13,14,15,16,17,18,19]","[14561010,14561011,14561012,14561013,14561014,14561015,14561016,14561017,14561018,14561019]",ieee14_structural_group_04_realization_01_seed_14201_8x8__sensitivity_initial_mean_k16_s3_7a278b21018e,7a278b21018e4722475f73e4da092b16dc33ee20376173d5d34b4c0ab492c5b3,ieee14_structural_group_04_realization_01_seed_14201_8x8__stability_sensitivity_initial_mean_second_half_7a278b21018e,7a278b21018e4722475f73e4da092b16dc33ee20376173d5d34b4c0ab492c5b3,supports/stability/ieee14_structural_group_04_realization_01_seed_14201_8x8/ieee14_structural_group_04_realization_01_seed_14201_8x8__stability_sensitivity_initial_mean_second_half_7a278b21018e.json,1.0,6.865963148008274e-17,optimal,0,training_only,False,completed,,ieee14_structural_group_04,4,1,14201,ieee14_voltage_measurement_heavy_v00,voltage_measurement_heavy
ieee14_structural_group_04_realization_01_seed_14201_8x8,ieee14,sensitivity_refined_mean,16,3,even_positions,"[0,2,4,6,8,10,12,14,16,18]","[14561000,14561002,14561004,14561006,14561008,14561010,14561012,14561014,14561016,14561018]",ieee14_structural_group_04_realization_01_seed_14201_8x8__sensitivity_refined_mean_k16_s3_18871d423a40,18871d423a404120c9d460e0db0807d24bde14f9ffc7bff7413cfa42fd0df74d,ieee14_structural_group_04_realization_01_seed_14201_8x8__stability_sensitivity_refined_mean_even_positions_18871d423a40,18871d423a404120c9d460e0db0807d24bde14f9ffc7bff7413cfa42fd0df74d,supports/stability/ieee14_structural_group_04_realization_01_seed_14201_8x8/ieee14_structural_group_04_realization_01_seed_14201_8x8__stability_sensitivity_refined_mean_even_positions_18871d423a40.json,1.0,1.8144768612695063e-16,optimal,1,training_only,False,completed,,ieee14_structural_group_04,4,1,14201,ieee14_voltage_measurement_heavy_v00,voltage_measurement_heavy
ieee14_structural_group_04_realization_01_seed_14201_8x8,ieee14,sensitivity_refined_mean,16,3,first_half,"[0,1,2,3,4,5,6,7,8,9]","[14561000,14561001,14561002,14561003,14561004,14561005,14561006,14561007,14561008,14561009]",ieee14_structural_group_04_realization_01_seed_14201_8x8__sensitivity_refined_mean_k16_s3_18871d423a40,18871d423a404120c9d460e0db0807d24bde14f9ffc7bff7413cfa42fd0df74d,ieee14_structural_group_04_realization_01_seed_14201_8x8__stability_sensitivity_refined_mean_first_half_18871d423a40,18871d423a404120c9d460e0db0807d24bde14f9ffc7bff7413cfa42fd0df74d,supports/stability/ieee14_structural_group_04_realization_01_seed_14201_8x8/ieee14_structural_group_04_realization_01_seed_14201_8x8__stability_sensitivity_refined_mean_first_half_18871d423a40.json,1.0,1.8144768612695063e-16,optimal,1,training_only,False,completed,,ieee14_structural_group_04,4,1,14201,ieee14_voltage_measurement_heavy_v00,voltage_measurement_heavy
ieee14_structural_group_04_realization_01_seed_14201_8x8,ieee14,sensitivity_refined_mean,16,3,odd_positions,"[1,3,5,7,9,11,13,15,17,19]","[14561001,14561003,14561005,14561007,14561009,14561011,14561013,14561015,14561017,14561019]",ieee14_structural_group_04_realization_01_seed_14201_8x8__sensitivity_refined_mean_k16_s3_18871d423a40,18871d423a404120c9d460e0db0807d24bde14f9ffc7bff7413cfa42fd0df74d,ieee14_structural_group_04_realization_01_seed_14201_8x8__stability_sensitivity_refined_mean_odd_positions_18871d423a40,18871d423a404120c9d460e0db0807d24bde14f9ffc7bff7413cfa42fd0df74d,supports/stability/ieee14_structural_group_04_realization_01_seed_14201_8x8/ieee14_structural_group_04_realization_01_seed_14201_8x8__stability_sensitivity_refined_mean_odd_positions_18871d423a40.json,1.0,1.8144768612695063e-16,optimal,1,training_only,False,completed,,ieee14_structural_group_04,4,1,14201,ieee14_voltage_measurement_heavy_v00,voltage_measurement_heavy
ieee14_structural_group_04_realization_01_seed_14201_8x8,ieee14,sensitivity_refined_mean,16,3,second_half,"[10,11,12,13,14,15,16,17,18,19]","[14561010,14561011,14561012,14561013,14561014,14561015,14561016,14561017,14561018,14561019]",ieee14_structural_group_04_realization_01_seed_14201_8x8__sensitivity_refined_mean_k16_s3_18871d423a40,18871d423a404120c9d460e0db0807d24bde14f9ffc7bff7413cfa42fd0df74d,ieee14_structural_group_04_realization_01_seed_14201_8x8__stability_sensitivity_refined_mean_second_half_18871d423a40,18871d423a404120c9d460e0db0807d24bde14f9ffc7bff7413cfa42fd0df74d,supports/stability/ieee14_structural_group_04_realization_01_seed_14201_8x8/ieee14_structural_group_04_realization_01_seed_14201_8x8__stability_sensitivity_refined_mean_second_half_18871d423a40.json,1.0,1.8144768612695063e-16,optimal,1,training_only,False,completed,,ieee14_structural_group_04,4,1,14201,ieee14_voltage_measurement_heavy_v00,voltage_measurement_heavy
ieee14_structural_group_04_realization_02_seed_14202_8x8,ieee14,balanced_magnitude,16,3,even_positions,"[0,2,4,6,8,10,12,14,16,18]","[14571000,14571002,14571004,14571006,14571008,14571010,14571012,14571014,14571016,14571018]",ieee14_structural_group_04_realization_02_seed_14202_8x8__balanced_magnitude_k16_s3_d08ba7e251ed,d08ba7e251ed7058dba2dc3e82961e0bc68233817d8059959e631ea94f18a1ed,ieee14_structural_group_04_realization_02_seed_14202_8x8__stability_balanced_magnitude_even_positions_d08ba7e251ed,d08ba7e251ed7058dba2dc3e82961e0bc68233817d8059959e631ea94f18a1ed,supports/stability/ieee14_structural_group_04_realization_02_seed_14202_8x8/ieee14_structural_group_04_realization_02_seed_14202_8x8__stability_balanced_magnitude_even_positions_d08ba7e251ed.json,1.0,0.0304170168033443,optimal,0,training_only,False,completed,,ieee14_structural_group_04,4,2,14202,ieee14_voltage_measurement_heavy_v00,voltage_measurement_heavy
ieee14_structural_group_04_realization_02_seed_14202_8x8,ieee14,balanced_magnitude,16,3,first_half,"[0,1,2,3,4,5,6,7,8,9]","[14571000,14571001,14571002,14571003,14571004,14571005,14571006,14571007,14571008,14571009]",ieee14_structural_group_04_realization_02_seed_14202_8x8__balanced_magnitude_k16_s3_d08ba7e251ed,d08ba7e251ed7058dba2dc3e82961e0bc68233817d8059959e631ea94f18a1ed,ieee14_structural_group_04_realization_02_seed_14202_8x8__stability_balanced_magnitude_first_half_d08ba7e251ed,d08ba7e251ed7058dba2dc3e82961e0bc68233817d8059959e631ea94f18a1ed,supports/stability/ieee14_structural_group_04_realization_02_seed_14202_8x8/ieee14_structural_group_04_realization_02_seed_14202_8x8__stability_balanced_magnitude_first_half_d08ba7e251ed.json,1.0,0.0304170168033443,optimal,0,training_only,False,completed,,ieee14_structural_group_04,4,2,14202,ieee14_voltage_measurement_heavy_v00,voltage_measurement_heavy
ieee14_structural_group_04_realization_02_seed_14202_8x8,ieee14,balanced_magnitude,16,3,odd_positions,"[1,3,5,7,9,11,13,15,17,19]","[14571001,14571003,14571005,14571007,14571009,14571011,14571013,14571015,14571017,14571019]",ieee14_structural_group_04_realization_02_seed_14202_8x8__balanced_magnitude_k16_s3_d08ba7e251ed,d08ba7e251ed7058dba2dc3e82961e0bc68233817d8059959e631ea94f18a1ed,ieee14_structural_group_04_realization_02_seed_14202_8x8__stability_balanced_magnitude_odd_positions_d08ba7e251ed,d08ba7e251ed7058dba2dc3e82961e0bc68233817d8059959e631ea94f18a1ed,supports/stability/ieee14_structural_group_04_realization_02_seed_14202_8x8/ieee14_structural_group_04_realization_02_seed_14202_8x8__stability_balanced_magnitude_odd_positions_d08ba7e251ed.json,1.0,0.0304170168033443,optimal,0,training_only,False,completed,,ieee14_structural_group_04,4,2,14202,ieee14_voltage_measurement_heavy_v00,voltage_measurement_heavy
ieee14_structural_group_04_realization_02_seed_14202_8x8,ieee14,balanced_magnitude,16,3,second_half,"[10,11,12,13,14,15,16,17,18,19]","[14571010,14571011,14571012,14571013,14571014,14571015,14571016,14571017,14571018,14571019]",ieee14_structural_group_04_realization_02_seed_14202_8x8__balanced_magnitude_k16_s3_d08ba7e251ed,d08ba7e251ed7058dba2dc3e82961e0bc68233817d8059959e631ea94f18a1ed,ieee14_structural_group_04_realization_02_seed_14202_8x8__stability_balanced_magnitude_second_half_d08ba7e251ed,d08ba7e251ed7058dba2dc3e82961e0bc68233817d8059959e631ea94f18a1ed,supports/stability/ieee14_structural_group_04_realization_02_seed_14202_8x8/ieee14_structural_group_04_realization_02_seed_14202_8x8__stability_balanced_magnitude_second_half_d08ba7e251ed.json,1.0,0.0304170168033443,optimal,0,training_only,False,completed,,ieee14_structural_group_04,4,2,14202,ieee14_voltage_measurement_heavy_v00,voltage_measurement_heavy
ieee14_structural_group_04_realization_02_seed_14202_8x8,ieee14,sensitivity_initial_mean,16,3,even_positions,"[0,2,4,6,8,10,12,14,16,18]","[14571000,14571002,14571004,14571006,14571008,14571010,14571012,14571014,14571016,14571018]",ieee14_structural_group_04_realization_02_seed_14202_8x8__sensitivity_initial_mean_k16_s3_7a278b21018e,7a278b21018e4722475f73e4da092b16dc33ee20376173d5d34b4c0ab492c5b3,ieee14_structural_group_04_realization_02_seed_14202_8x8__stability_sensitivity_initial_mean_even_positions_7a278b21018e,7a278b21018e4722475f73e4da092b16dc33ee20376173d5d34b4c0ab492c5b3,supports/stability/ieee14_structural_group_04_realization_02_seed_14202_8x8/ieee14_structural_group_04_realization_02_seed_14202_8x8__stability_sensitivity_initial_mean_even_positions_7a278b21018e.json,1.0,2.038188246602981e-16,optimal,0,training_only,False,completed,,ieee14_structural_group_04,4,2,14202,ieee14_voltage_measurement_heavy_v00,voltage_measurement_heavy
ieee14_structural_group_04_realization_02_seed_14202_8x8,ieee14,sensitivity_initial_mean,16,3,first_half,"[0,1,2,3,4,5,6,7,8,9]","[14571000,14571001,14571002,14571003,14571004,14571005,14571006,14571007,14571008,14571009]",ieee14_structural_group_04_realization_02_seed_14202_8x8__sensitivity_initial_mean_k16_s3_7a278b21018e,7a278b21018e4722475f73e4da092b16dc33ee20376173d5d34b4c0ab492c5b3,ieee14_structural_group_04_realization_02_seed_14202_8x8__stability_sensitivity_initial_mean_first_half_7a278b21018e,7a278b21018e4722475f73e4da092b16dc33ee20376173d5d34b4c0ab492c5b3,supports/stability/ieee14_structural_group_04_realization_02_seed_14202_8x8/ieee14_structural_group_04_realization_02_seed_14202_8x8__stability_sensitivity_initial_mean_first_half_7a278b21018e.json,1.0,2.038188246602981e-16,optimal,0,training_only,False,completed,,ieee14_structural_group_04,4,2,14202,ieee14_voltage_measurement_heavy_v00,voltage_measurement_heavy
ieee14_structural_group_04_realization_02_seed_14202_8x8,ieee14,sensitivity_initial_mean,16,3,odd_positions,"[1,3,5,7,9,11,13,15,17,19]","[14571001,14571003,14571005,14571007,14571009,14571011,14571013,14571015,14571017,14571019]",ieee14_structural_group_04_realization_02_seed_14202_8x8__sensitivity_initial_mean_k16_s3_7a278b21018e,7a278b21018e4722475f73e4da092b16dc33ee20376173d5d34b4c0ab492c5b3,ieee14_structural_group_04_realization_02_seed_14202_8x8__stability_sensitivity_initial_mean_odd_positions_7a278b21018e,7a278b21018e4722475f73e4da092b16dc33ee20376173d5d34b4c0ab492c5b3,supports/stability/ieee14_structural_group_04_realization_02_seed_14202_8x8/ieee14_structural_group_04_realization_02_seed_14202_8x8__stability_sensitivity_initial_mean_odd_positions_7a278b21018e.json,1.0,2.038188246602981e-16,optimal,0,training_only,False,completed,,ieee14_structural_group_04,4,2,14202,ieee14_voltage_measurement_heavy_v00,voltage_measurement_heavy
ieee14_structural_group_04_realization_02_seed_14202_8x8,ieee14,sensitivity_initial_mean,16,3,second_half,"[10,11,12,13,14,15,16,17,18,19]","[14571010,14571011,14571012,14571013,14571014,14571015,14571016,14571017,14571018,14571019]",ieee14_structural_group_04_realization_02_seed_14202_8x8__sensitivity_initial_mean_k16_s3_7a278b21018e,7a278b21018e4722475f73e4da092b16dc33ee20376173d5d34b4c0ab492c5b3,ieee14_structural_group_04_realization_02_seed_14202_8x8__stability_sensitivity_initial_mean_second_half_7a278b21018e,7a278b21018e4722475f73e4da092b16dc33ee20376173d5d34b4c0ab492c5b3,supports/stability/ieee14_structural_group_04_realization_02_seed_14202_8x8/ieee14_structural_group_04_realization_02_seed_14202_8x8__stability_sensitivity_initial_mean_second_half_7a278b21018e.json,1.0,2.038188246602981e-16,optimal,0,training_only,False,completed,,ieee14_structural_group_04,4,2,14202,ieee14_voltage_measurement_heavy_v00,voltage_measurement_heavy
ieee14_structural_group_04_realization_02_seed_14202_8x8,ieee14,sensitivity_refined_mean,16,3,even_positions,"[0,2,4,6,8,10,12,14,16,18]","[14571000,14571002,14571004,14571006,14571008,14571010,14571012,14571014,14571016,14571018]",ieee14_structural_group_04_realization_02_seed_14202_8x8__sensitivity_refined_mean_k16_s3_18871d423a40,18871d423a404120c9d460e0db0807d24bde14f9ffc7bff7413cfa42fd0df74d,ieee14_structural_group_04_realization_02_seed_14202_8x8__stability_sensitivity_refined_mean_even_positions_18871d423a40,18871d423a404120c9d460e0db0807d24bde14f9ffc7bff7413cfa42fd0df74d,supports/stability/ieee14_structural_group_04_realization_02_seed_14202_8x8/ieee14_structural_group_04_realization_02_seed_14202_8x8__stability_sensitivity_refined_mean_even_positions_18871d423a40.json,1.0,6.716451928627155e-16,optimal,1,training_only,False,completed,,ieee14_structural_group_04,4,2,14202,ieee14_voltage_measurement_heavy_v00,voltage_measurement_heavy
ieee14_structural_group_04_realization_02_seed_14202_8x8,ieee14,sensitivity_refined_mean,16,3,first_half,"[0,1,2,3,4,5,6,7,8,9]","[14571000,14571001,14571002,14571003,14571004,14571005,14571006,14571007,14571008,14571009]",ieee14_structural_group_04_realization_02_seed_14202_8x8__sensitivity_refined_mean_k16_s3_18871d423a40,18871d423a404120c9d460e0db0807d24bde14f9ffc7bff7413cfa42fd0df74d,ieee14_structural_group_04_realization_02_seed_14202_8x8__stability_sensitivity_refined_mean_first_half_18871d423a40,18871d423a404120c9d460e0db0807d24bde14f9ffc7bff7413cfa42fd0df74d,supports/stability/ieee14_structural_group_04_realization_02_seed_14202_8x8/ieee14_structural_group_04_realization_02_seed_14202_8x8__stability_sensitivity_refined_mean_first_half_18871d423a40.json,1.0,6.716451928627155e-16,optimal,1,training_only,False,completed,,ieee14_structural_group_04,4,2,14202,ieee14_voltage_measurement_heavy_v00,voltage_measurement_heavy
ieee14_structural_group_04_realization_02_seed_14202_8x8,ieee14,sensitivity_refined_mean,16,3,odd_positions,"[1,3,5,7,9,11,13,15,17,19]","[14571001,14571003,14571005,14571007,14571009,14571011,14571013,14571015,14571017,14571019]",ieee14_structural_group_04_realization_02_seed_14202_8x8__sensitivity_refined_mean_k16_s3_18871d423a40,18871d423a404120c9d460e0db0807d24bde14f9ffc7bff7413cfa42fd0df74d,ieee14_structural_group_04_realization_02_seed_14202_8x8__stability_sensitivity_refined_mean_odd_positions_18871d423a40,18871d423a404120c9d460e0db0807d24bde14f9ffc7bff7413cfa42fd0df74d,supports/stability/ieee14_structural_group_04_realization_02_seed_14202_8x8/ieee14_structural_group_04_realization_02_seed_14202_8x8__stability_sensitivity_refined_mean_odd_positions_18871d423a40.json,1.0,6.716451928627155e-16,optimal,1,training_only,False,completed,,ieee14_structural_group_04,4,2,14202,ieee14_voltage_measurement_heavy_v00,voltage_measurement_heavy
ieee14_structural_group_04_realization_02_seed_14202_8x8,ieee14,sensitivity_refined_mean,16,3,second_half,"[10,11,12,13,14,15,16,17,18,19]","[14571010,14571011,14571012,14571013,14571014,14571015,14571016,14571017,14571018,14571019]",ieee14_structural_group_04_realization_02_seed_14202_8x8__sensitivity_refined_mean_k16_s3_18871d423a40,18871d423a404120c9d460e0db0807d24bde14f9ffc7bff7413cfa42fd0df74d,ieee14_structural_group_04_realization_02_seed_14202_8x8__stability_sensitivity_refined_mean_second_half_18871d423a40,18871d423a404120c9d460e0db0807d24bde14f9ffc7bff7413cfa42fd0df74d,supports/stability/ieee14_structural_group_04_realization_02_seed_14202_8x8/ieee14_structural_group_04_realization_02_seed_14202_8x8__stability_sensitivity_refined_mean_second_half_18871d423a40.json,1.0,6.716451928627155e-16,optimal,1,training_only,False,completed,,ieee14_structural_group_04,4,2,14202,ieee14_voltage_measurement_heavy_v00,voltage_measurement_heavy
ieee30_structural_group_01_realization_01_seed_30201_8x8,ieee30,balanced_magnitude,16,3,even_positions,"[0,2,4,6,8,10,12,14,16,18]","[30501000,30501002,30501004,30501006,30501008,30501010,30501012,30501014,30501016,30501018]",ieee30_structural_group_01_realization_01_seed_30201_8x8__balanced_magnitude_k16_s3_94dc914aa762,94dc914aa7623555ff5b707bd98245ca574e6f30acf584ba6093070a7d9ba643,ieee30_structural_group_01_realization_01_seed_30201_8x8__stability_balanced_magnitude_even_positions_94dc914aa762,94dc914aa7623555ff5b707bd98245ca574e6f30acf584ba6093070a7d9ba643,supports/stability/ieee30_structural_group_01_realization_01_seed_30201_8x8/ieee30_structural_group_01_realization_01_seed_30201_8x8__stability_balanced_magnitude_even_positions_94dc914aa762.json,1.0,0.0958278023068244,optimal,0,training_only,False,completed,,ieee30_structural_group_01,1,1,30201,ieee30_lexicographic_metadata_v03,lexicographic_metadata
ieee30_structural_group_01_realization_01_seed_30201_8x8,ieee30,balanced_magnitude,16,3,first_half,"[0,1,2,3,4,5,6,7,8,9]","[30501000,30501001,30501002,30501003,30501004,30501005,30501006,30501007,30501008,30501009]",ieee30_structural_group_01_realization_01_seed_30201_8x8__balanced_magnitude_k16_s3_94dc914aa762,94dc914aa7623555ff5b707bd98245ca574e6f30acf584ba6093070a7d9ba643,ieee30_structural_group_01_realization_01_seed_30201_8x8__stability_balanced_magnitude_first_half_94dc914aa762,94dc914aa7623555ff5b707bd98245ca574e6f30acf584ba6093070a7d9ba643,supports/stability/ieee30_structural_group_01_realization_01_seed_30201_8x8/ieee30_structural_group_01_realization_01_seed_30201_8x8__stability_balanced_magnitude_first_half_94dc914aa762.json,1.0,0.0958278023068244,optimal,0,training_only,False,completed,,ieee30_structural_group_01,1,1,30201,ieee30_lexicographic_metadata_v03,lexicographic_metadata
ieee30_structural_group_01_realization_01_seed_30201_8x8,ieee30,balanced_magnitude,16,3,odd_positions,"[1,3,5,7,9,11,13,15,17,19]","[30501001,30501003,30501005,30501007,30501009,30501011,30501013,30501015,30501017,30501019]",ieee30_structural_group_01_realization_01_seed_30201_8x8__balanced_magnitude_k16_s3_94dc914aa762,94dc914aa7623555ff5b707bd98245ca574e6f30acf584ba6093070a7d9ba643,ieee30_structural_group_01_realization_01_seed_30201_8x8__stability_balanced_magnitude_odd_positions_94dc914aa762,94dc914aa7623555ff5b707bd98245ca574e6f30acf584ba6093070a7d9ba643,supports/stability/ieee30_structural_group_01_realization_01_seed_30201_8x8/ieee30_structural_group_01_realization_01_seed_30201_8x8__stability_balanced_magnitude_odd_positions_94dc914aa762.json,1.0,0.0958278023068244,optimal,0,training_only,False,completed,,ieee30_structural_group_01,1,1,30201,ieee30_lexicographic_metadata_v03,lexicographic_metadata
ieee30_structural_group_01_realization_01_seed_30201_8x8,ieee30,balanced_magnitude,16,3,second_half,"[10,11,12,13,14,15,16,17,18,19]","[30501010,30501011,30501012,30501013,30501014,30501015,30501016,30501017,30501018,30501019]",ieee30_structural_group_01_realization_01_seed_30201_8x8__balanced_magnitude_k16_s3_94dc914aa762,94dc914aa7623555ff5b707bd98245ca574e6f30acf584ba6093070a7d9ba643,ieee30_structural_group_01_realization_01_seed_30201_8x8__stability_balanced_magnitude_second_half_94dc914aa762,94dc914aa7623555ff5b707bd98245ca574e6f30acf584ba6093070a7d9ba643,supports/stability/ieee30_structural_group_01_realization_01_seed_30201_8x8/ieee30_structural_group_01_realization_01_seed_30201_8x8__stability_balanced_magnitude_second_half_94dc914aa762.json,1.0,0.0958278023068244,optimal,0,training_only,False,completed,,ieee30_structural_group_01,1,1,30201,ieee30_lexicographic_metadata_v03,lexicographic_metadata
ieee30_structural_group_01_realization_01_seed_30201_8x8,ieee30,sensitivity_initial_mean,16,3,even_positions,"[0,2,4,6,8,10,12,14,16,18]","[30501000,30501002,30501004,30501006,30501008,30501010,30501012,30501014,30501016,30501018]",ieee30_structural_group_01_realization_01_seed_30201_8x8__sensitivity_initial_mean_k16_s3_2046ac98086c,2046ac98086ccb0465a460ee235fba7d5436f9647570b8d968f1667677cb5c6c,ieee30_structural_group_01_realization_01_seed_30201_8x8__stability_sensitivity_initial_mean_even_positions_2046ac98086c,2046ac98086ccb0465a460ee235fba7d5436f9647570b8d968f1667677cb5c6c,supports/stability/ieee30_structural_group_01_realization_01_seed_30201_8x8/ieee30_structural_group_01_realization_01_seed_30201_8x8__stability_sensitivity_initial_mean_even_positions_2046ac98086c.json,1.0,0.0910137711794623,optimal,0,training_only,False,completed,,ieee30_structural_group_01,1,1,30201,ieee30_lexicographic_metadata_v03,lexicographic_metadata
ieee30_structural_group_01_realization_01_seed_30201_8x8,ieee30,sensitivity_initial_mean,16,3,first_half,"[0,1,2,3,4,5,6,7,8,9]","[30501000,30501001,30501002,30501003,30501004,30501005,30501006,30501007,30501008,30501009]",ieee30_structural_group_01_realization_01_seed_30201_8x8__sensitivity_initial_mean_k16_s3_2046ac98086c,2046ac98086ccb0465a460ee235fba7d5436f9647570b8d968f1667677cb5c6c,ieee30_structural_group_01_realization_01_seed_30201_8x8__stability_sensitivity_initial_mean_first_half_2046ac98086c,2046ac98086ccb0465a460ee235fba7d5436f9647570b8d968f1667677cb5c6c,supports/stability/ieee30_structural_group_01_realization_01_seed_30201_8x8/ieee30_structural_group_01_realization_01_seed_30201_8x8__stability_sensitivity_initial_mean_first_half_2046ac98086c.json,1.0,0.0910137711794623,optimal,0,training_only,False,completed,,ieee30_structural_group_01,1,1,30201,ieee30_lexicographic_metadata_v03,lexicographic_metadata
ieee30_structural_group_01_realization_01_seed_30201_8x8,ieee30,sensitivity_initial_mean,16,3,odd_positions,"[1,3,5,7,9,11,13,15,17,19]","[30501001,30501003,30501005,30501007,30501009,30501011,30501013,30501015,30501017,30501019]",ieee30_structural_group_01_realization_01_seed_30201_8x8__sensitivity_initial_mean_k16_s3_2046ac98086c,2046ac98086ccb0465a460ee235fba7d5436f9647570b8d968f1667677cb5c6c,ieee30_structural_group_01_realization_01_seed_30201_8x8__stability_sensitivity_initial_mean_odd_positions_849b5090b0e7,849b5090b0e72fae1ac38cbf89b83e28bd5c35b453552b8cbc0da55219aa3c36,supports/stability/ieee30_structural_group_01_realization_01_seed_30201_8x8/ieee30_structural_group_01_realization_01_seed_30201_8x8__stability_sensitivity_initial_mean_odd_positions_849b5090b0e7.json,0.8823529411764706,0.0910137711794623,optimal,0,training_only,False,completed,,ieee30_structural_group_01,1,1,30201,ieee30_lexicographic_metadata_v03,lexicographic_metadata
ieee30_structural_group_01_realization_01_seed_30201_8x8,ieee30,sensitivity_initial_mean,16,3,second_half,"[10,11,12,13,14,15,16,17,18,19]","[30501010,30501011,30501012,30501013,30501014,30501015,30501016,30501017,30501018,30501019]",ieee30_structural_group_01_realization_01_seed_30201_8x8__sensitivity_initial_mean_k16_s3_2046ac98086c,2046ac98086ccb0465a460ee235fba7d5436f9647570b8d968f1667677cb5c6c,ieee30_structural_group_01_realization_01_seed_30201_8x8__stability_sensitivity_initial_mean_second_half_849b5090b0e7,849b5090b0e72fae1ac38cbf89b83e28bd5c35b453552b8cbc0da55219aa3c36,supports/stability/ieee30_structural_group_01_realization_01_seed_30201_8x8/ieee30_structural_group_01_realization_01_seed_30201_8x8__stability_sensitivity_initial_mean_second_half_849b5090b0e7.json,0.8823529411764706,0.0910137711794623,optimal,0,training_only,False,completed,,ieee30_structural_group_01,1,1,30201,ieee30_lexicographic_metadata_v03,lexicographic_metadata
ieee30_structural_group_01_realization_01_seed_30201_8x8,ieee30,sensitivity_refined_mean,16,3,even_positions,"[0,2,4,6,8,10,12,14,16,18]","[30501000,30501002,30501004,30501006,30501008,30501010,30501012,30501014,30501016,30501018]",ieee30_structural_group_01_realization_01_seed_30201_8x8__sensitivity_refined_mean_k16_s3_42800b8758f6,42800b8758f6506fe509c968f1cee0e588fbca8477b4ba17a600152d2c9218e7,ieee30_structural_group_01_realization_01_seed_30201_8x8__stability_sensitivity_refined_mean_even_positions_ac6fc4a09b7b,ac6fc4a09b7b55b08c7501849cd15620b8f4c8928ebb47f80739102e2575254f,supports/stability/ieee30_structural_group_01_realization_01_seed_30201_8x8/ieee30_structural_group_01_realization_01_seed_30201_8x8__stability_sensitivity_refined_mean_even_positions_ac6fc4a09b7b.json,0.8823529411764706,0.0345373931226484,optimal,3,training_only,False,completed,,ieee30_structural_group_01,1,1,30201,ieee30_lexicographic_metadata_v03,lexicographic_metadata
ieee30_structural_group_01_realization_01_seed_30201_8x8,ieee30,sensitivity_refined_mean,16,3,first_half,"[0,1,2,3,4,5,6,7,8,9]","[30501000,30501001,30501002,30501003,30501004,30501005,30501006,30501007,30501008,30501009]",ieee30_structural_group_01_realization_01_seed_30201_8x8__sensitivity_refined_mean_k16_s3_42800b8758f6,42800b8758f6506fe509c968f1cee0e588fbca8477b4ba17a600152d2c9218e7,ieee30_structural_group_01_realization_01_seed_30201_8x8__stability_sensitivity_refined_mean_first_half_42800b8758f6,42800b8758f6506fe509c968f1cee0e588fbca8477b4ba17a600152d2c9218e7,supports/stability/ieee30_structural_group_01_realization_01_seed_30201_8x8/ieee30_structural_group_01_realization_01_seed_30201_8x8__stability_sensitivity_refined_mean_first_half_42800b8758f6.json,1.0,0.0345373931226484,optimal,2,training_only,False,completed,,ieee30_structural_group_01,1,1,30201,ieee30_lexicographic_metadata_v03,lexicographic_metadata
ieee30_structural_group_01_realization_01_seed_30201_8x8,ieee30,sensitivity_refined_mean,16,3,odd_positions,"[1,3,5,7,9,11,13,15,17,19]","[30501001,30501003,30501005,30501007,30501009,30501011,30501013,30501015,30501017,30501019]",ieee30_structural_group_01_realization_01_seed_30201_8x8__sensitivity_refined_mean_k16_s3_42800b8758f6,42800b8758f6506fe509c968f1cee0e588fbca8477b4ba17a600152d2c9218e7,ieee30_structural_group_01_realization_01_seed_30201_8x8__stability_sensitivity_refined_mean_odd_positions_42800b8758f6,42800b8758f6506fe509c968f1cee0e588fbca8477b4ba17a600152d2c9218e7,supports/stability/ieee30_structural_group_01_realization_01_seed_30201_8x8/ieee30_structural_group_01_realization_01_seed_30201_8x8__stability_sensitivity_refined_mean_odd_positions_42800b8758f6.json,1.0,0.0345373931226484,optimal,3,training_only,False,completed,,ieee30_structural_group_01,1,1,30201,ieee30_lexicographic_metadata_v03,lexicographic_metadata
ieee30_structural_group_01_realization_01_seed_30201_8x8,ieee30,sensitivity_refined_mean,16,3,second_half,"[10,11,12,13,14,15,16,17,18,19]","[30501010,30501011,30501012,30501013,30501014,30501015,30501016,30501017,30501018,30501019]",ieee30_structural_group_01_realization_01_seed_30201_8x8__sensitivity_refined_mean_k16_s3_42800b8758f6,42800b8758f6506fe509c968f1cee0e588fbca8477b4ba17a600152d2c9218e7,ieee30_structural_group_01_realization_01_seed_30201_8x8__stability_sensitivity_refined_mean_second_half_e912c0bdb679,e912c0bdb679a1db36e963fc8eee8a592f122d4a6ec0be3d31a147590445dcdf,supports/stability/ieee30_structural_group_01_realization_01_seed_30201_8x8/ieee30_structural_group_01_realization_01_seed_30201_8x8__stability_sensitivity_refined_mean_second_half_e912c0bdb679.json,0.7777777777777778,0.0345373931226484,optimal,2,training_only,False,completed,,ieee30_structural_group_01,1,1,30201,ieee30_lexicographic_metadata_v03,lexicographic_metadata
ieee30_structural_group_01_realization_02_seed_30202_8x8,ieee30,balanced_magnitude,16,3,even_positions,"[0,2,4,6,8,10,12,14,16,18]","[30511000,30511002,30511004,30511006,30511008,30511010,30511012,30511014,30511016,30511018]",ieee30_structural_group_01_realization_02_seed_30202_8x8__balanced_magnitude_k16_s3_94dc914aa762,94dc914aa7623555ff5b707bd98245ca574e6f30acf584ba6093070a7d9ba643,ieee30_structural_group_01_realization_02_seed_30202_8x8__stability_balanced_magnitude_even_positions_94dc914aa762,94dc914aa7623555ff5b707bd98245ca574e6f30acf584ba6093070a7d9ba643,supports/stability/ieee30_structural_group_01_realization_02_seed_30202_8x8/ieee30_structural_group_01_realization_02_seed_30202_8x8__stability_balanced_magnitude_even_positions_94dc914aa762.json,1.0,0.0410569417361629,optimal,0,training_only,False,completed,,ieee30_structural_group_01,1,2,30202,ieee30_lexicographic_metadata_v03,lexicographic_metadata
ieee30_structural_group_01_realization_02_seed_30202_8x8,ieee30,balanced_magnitude,16,3,first_half,"[0,1,2,3,4,5,6,7,8,9]","[30511000,30511001,30511002,30511003,30511004,30511005,30511006,30511007,30511008,30511009]",ieee30_structural_group_01_realization_02_seed_30202_8x8__balanced_magnitude_k16_s3_94dc914aa762,94dc914aa7623555ff5b707bd98245ca574e6f30acf584ba6093070a7d9ba643,ieee30_structural_group_01_realization_02_seed_30202_8x8__stability_balanced_magnitude_first_half_94dc914aa762,94dc914aa7623555ff5b707bd98245ca574e6f30acf584ba6093070a7d9ba643,supports/stability/ieee30_structural_group_01_realization_02_seed_30202_8x8/ieee30_structural_group_01_realization_02_seed_30202_8x8__stability_balanced_magnitude_first_half_94dc914aa762.json,1.0,0.0410569417361629,optimal,0,training_only,False,completed,,ieee30_structural_group_01,1,2,30202,ieee30_lexicographic_metadata_v03,lexicographic_metadata
ieee30_structural_group_01_realization_02_seed_30202_8x8,ieee30,balanced_magnitude,16,3,odd_positions,"[1,3,5,7,9,11,13,15,17,19]","[30511001,30511003,30511005,30511007,30511009,30511011,30511013,30511015,30511017,30511019]",ieee30_structural_group_01_realization_02_seed_30202_8x8__balanced_magnitude_k16_s3_94dc914aa762,94dc914aa7623555ff5b707bd98245ca574e6f30acf584ba6093070a7d9ba643,ieee30_structural_group_01_realization_02_seed_30202_8x8__stability_balanced_magnitude_odd_positions_94dc914aa762,94dc914aa7623555ff5b707bd98245ca574e6f30acf584ba6093070a7d9ba643,supports/stability/ieee30_structural_group_01_realization_02_seed_30202_8x8/ieee30_structural_group_01_realization_02_seed_30202_8x8__stability_balanced_magnitude_odd_positions_94dc914aa762.json,1.0,0.0410569417361629,optimal,0,training_only,False,completed,,ieee30_structural_group_01,1,2,30202,ieee30_lexicographic_metadata_v03,lexicographic_metadata
ieee30_structural_group_01_realization_02_seed_30202_8x8,ieee30,balanced_magnitude,16,3,second_half,"[10,11,12,13,14,15,16,17,18,19]","[30511010,30511011,30511012,30511013,30511014,30511015,30511016,30511017,30511018,30511019]",ieee30_structural_group_01_realization_02_seed_30202_8x8__balanced_magnitude_k16_s3_94dc914aa762,94dc914aa7623555ff5b707bd98245ca574e6f30acf584ba6093070a7d9ba643,ieee30_structural_group_01_realization_02_seed_30202_8x8__stability_balanced_magnitude_second_half_94dc914aa762,94dc914aa7623555ff5b707bd98245ca574e6f30acf584ba6093070a7d9ba643,supports/stability/ieee30_structural_group_01_realization_02_seed_30202_8x8/ieee30_structural_group_01_realization_02_seed_30202_8x8__stability_balanced_magnitude_second_half_94dc914aa762.json,1.0,0.0410569417361629,optimal,0,training_only,False,completed,,ieee30_structural_group_01,1,2,30202,ieee30_lexicographic_metadata_v03,lexicographic_metadata
ieee30_structural_group_01_realization_02_seed_30202_8x8,ieee30,sensitivity_initial_mean,16,3,even_positions,"[0,2,4,6,8,10,12,14,16,18]","[30511000,30511002,30511004,30511006,30511008,30511010,30511012,30511014,30511016,30511018]",ieee30_structural_group_01_realization_02_seed_30202_8x8__sensitivity_initial_mean_k16_s3_b890275e6a89,b890275e6a89aa917cc410b764af1ff2d6b4d81b5443c5bf4c367004511557a1,ieee30_structural_group_01_realization_02_seed_30202_8x8__stability_sensitivity_initial_mean_even_positions_b890275e6a89,b890275e6a89aa917cc410b764af1ff2d6b4d81b5443c5bf4c367004511557a1,supports/stability/ieee30_structural_group_01_realization_02_seed_30202_8x8/ieee30_structural_group_01_realization_02_seed_30202_8x8__stability_sensitivity_initial_mean_even_positions_b890275e6a89.json,1.0,0.0445872259678116,optimal,0,training_only,False,completed,,ieee30_structural_group_01,1,2,30202,ieee30_lexicographic_metadata_v03,lexicographic_metadata
ieee30_structural_group_01_realization_02_seed_30202_8x8,ieee30,sensitivity_initial_mean,16,3,first_half,"[0,1,2,3,4,5,6,7,8,9]","[30511000,30511001,30511002,30511003,30511004,30511005,30511006,30511007,30511008,30511009]",ieee30_structural_group_01_realization_02_seed_30202_8x8__sensitivity_initial_mean_k16_s3_b890275e6a89,b890275e6a89aa917cc410b764af1ff2d6b4d81b5443c5bf4c367004511557a1,ieee30_structural_group_01_realization_02_seed_30202_8x8__stability_sensitivity_initial_mean_first_half_b890275e6a89,b890275e6a89aa917cc410b764af1ff2d6b4d81b5443c5bf4c367004511557a1,supports/stability/ieee30_structural_group_01_realization_02_seed_30202_8x8/ieee30_structural_group_01_realization_02_seed_30202_8x8__stability_sensitivity_initial_mean_first_half_b890275e6a89.json,1.0,0.0445872259678116,optimal,0,training_only,False,completed,,ieee30_structural_group_01,1,2,30202,ieee30_lexicographic_metadata_v03,lexicographic_metadata
ieee30_structural_group_01_realization_02_seed_30202_8x8,ieee30,sensitivity_initial_mean,16,3,odd_positions,"[1,3,5,7,9,11,13,15,17,19]","[30511001,30511003,30511005,30511007,30511009,30511011,30511013,30511015,30511017,30511019]",ieee30_structural_group_01_realization_02_seed_30202_8x8__sensitivity_initial_mean_k16_s3_b890275e6a89,b890275e6a89aa917cc410b764af1ff2d6b4d81b5443c5bf4c367004511557a1,ieee30_structural_group_01_realization_02_seed_30202_8x8__stability_sensitivity_initial_mean_odd_positions_2cc5dcd415eb,2cc5dcd415ebc7fbd684a0e3f8830f13188d9cde8bb6965598aaf7a6a3d67526,supports/stability/ieee30_structural_group_01_realization_02_seed_30202_8x8/ieee30_structural_group_01_realization_02_seed_30202_8x8__stability_sensitivity_initial_mean_odd_positions_2cc5dcd415eb.json,0.7777777777777778,0.0445872259678116,optimal,0,training_only,False,completed,,ieee30_structural_group_01,1,2,30202,ieee30_lexicographic_metadata_v03,lexicographic_metadata
ieee30_structural_group_01_realization_02_seed_30202_8x8,ieee30,sensitivity_initial_mean,16,3,second_half,"[10,11,12,13,14,15,16,17,18,19]","[30511010,30511011,30511012,30511013,30511014,30511015,30511016,30511017,30511018,30511019]",ieee30_structural_group_01_realization_02_seed_30202_8x8__sensitivity_initial_mean_k16_s3_b890275e6a89,b890275e6a89aa917cc410b764af1ff2d6b4d81b5443c5bf4c367004511557a1,ieee30_structural_group_01_realization_02_seed_30202_8x8__stability_sensitivity_initial_mean_second_half_849b5090b0e7,849b5090b0e72fae1ac38cbf89b83e28bd5c35b453552b8cbc0da55219aa3c36,supports/stability/ieee30_structural_group_01_realization_02_seed_30202_8x8/ieee30_structural_group_01_realization_02_seed_30202_8x8__stability_sensitivity_initial_mean_second_half_849b5090b0e7.json,0.7777777777777778,0.0445872259678116,optimal,0,training_only,False,completed,,ieee30_structural_group_01,1,2,30202,ieee30_lexicographic_metadata_v03,lexicographic_metadata
ieee30_structural_group_01_realization_02_seed_30202_8x8,ieee30,sensitivity_refined_mean,16,3,even_positions,"[0,2,4,6,8,10,12,14,16,18]","[30511000,30511002,30511004,30511006,30511008,30511010,30511012,30511014,30511016,30511018]",ieee30_structural_group_01_realization_02_seed_30202_8x8__sensitivity_refined_mean_k16_s3_948748f22d5f,948748f22d5ff605e36845eb20cf7048b287ec2849f14d08211f1d7145c1efaf,ieee30_structural_group_01_realization_02_seed_30202_8x8__stability_sensitivity_refined_mean_even_positions_948748f22d5f,948748f22d5ff605e36845eb20cf7048b287ec2849f14d08211f1d7145c1efaf,supports/stability/ieee30_structural_group_01_realization_02_seed_30202_8x8/ieee30_structural_group_01_realization_02_seed_30202_8x8__stability_sensitivity_refined_mean_even_positions_948748f22d5f.json,1.0,0.0327054528508238,optimal,3,training_only,False,completed,,ieee30_structural_group_01,1,2,30202,ieee30_lexicographic_metadata_v03,lexicographic_metadata
ieee30_structural_group_01_realization_02_seed_30202_8x8,ieee30,sensitivity_refined_mean,16,3,first_half,"[0,1,2,3,4,5,6,7,8,9]","[30511000,30511001,30511002,30511003,30511004,30511005,30511006,30511007,30511008,30511009]",ieee30_structural_group_01_realization_02_seed_30202_8x8__sensitivity_refined_mean_k16_s3_948748f22d5f,948748f22d5ff605e36845eb20cf7048b287ec2849f14d08211f1d7145c1efaf,ieee30_structural_group_01_realization_02_seed_30202_8x8__stability_sensitivity_refined_mean_first_half_948748f22d5f,948748f22d5ff605e36845eb20cf7048b287ec2849f14d08211f1d7145c1efaf,supports/stability/ieee30_structural_group_01_realization_02_seed_30202_8x8/ieee30_structural_group_01_realization_02_seed_30202_8x8__stability_sensitivity_refined_mean_first_half_948748f22d5f.json,1.0,0.0327054528508238,optimal,3,training_only,False,completed,,ieee30_structural_group_01,1,2,30202,ieee30_lexicographic_metadata_v03,lexicographic_metadata
ieee30_structural_group_01_realization_02_seed_30202_8x8,ieee30,sensitivity_refined_mean,16,3,odd_positions,"[1,3,5,7,9,11,13,15,17,19]","[30511001,30511003,30511005,30511007,30511009,30511011,30511013,30511015,30511017,30511019]",ieee30_structural_group_01_realization_02_seed_30202_8x8__sensitivity_refined_mean_k16_s3_948748f22d5f,948748f22d5ff605e36845eb20cf7048b287ec2849f14d08211f1d7145c1efaf,ieee30_structural_group_01_realization_02_seed_30202_8x8__stability_sensitivity_refined_mean_odd_positions_42800b8758f6,42800b8758f6506fe509c968f1cee0e588fbca8477b4ba17a600152d2c9218e7,supports/stability/ieee30_structural_group_01_realization_02_seed_30202_8x8/ieee30_structural_group_01_realization_02_seed_30202_8x8__stability_sensitivity_refined_mean_odd_positions_42800b8758f6.json,0.7777777777777778,0.0327054528508238,optimal,3,training_only,False,completed,,ieee30_structural_group_01,1,2,30202,ieee30_lexicographic_metadata_v03,lexicographic_metadata
ieee30_structural_group_01_realization_02_seed_30202_8x8,ieee30,sensitivity_refined_mean,16,3,second_half,"[10,11,12,13,14,15,16,17,18,19]","[30511010,30511011,30511012,30511013,30511014,30511015,30511016,30511017,30511018,30511019]",ieee30_structural_group_01_realization_02_seed_30202_8x8__sensitivity_refined_mean_k16_s3_948748f22d5f,948748f22d5ff605e36845eb20cf7048b287ec2849f14d08211f1d7145c1efaf,ieee30_structural_group_01_realization_02_seed_30202_8x8__stability_sensitivity_refined_mean_second_half_42800b8758f6,42800b8758f6506fe509c968f1cee0e588fbca8477b4ba17a600152d2c9218e7,supports/stability/ieee30_structural_group_01_realization_02_seed_30202_8x8/ieee30_structural_group_01_realization_02_seed_30202_8x8__stability_sensitivity_refined_mean_second_half_42800b8758f6.json,0.7777777777777778,0.0327054528508238,optimal,2,training_only,False,completed,,ieee30_structural_group_01,1,2,30202,ieee30_lexicographic_metadata_v03,lexicographic_metadata
ieee30_structural_group_02_realization_01_seed_30201_8x8,ieee30,balanced_magnitude,16,3,even_positions,"[0,2,4,6,8,10,12,14,16,18]","[30521000,30521002,30521004,30521006,30521008,30521010,30521012,30521014,30521016,30521018]",ieee30_structural_group_02_realization_01_seed_30201_8x8__balanced_magnitude_k16_s3_274348250735,274348250735ad03faae2ba9892f9cf81ed08a5d7b915d3a032127b3dc494888,ieee30_structural_group_02_realization_01_seed_30201_8x8__stability_balanced_magnitude_even_positions_274348250735,274348250735ad03faae2ba9892f9cf81ed08a5d7b915d3a032127b3dc494888,supports/stability/ieee30_structural_group_02_realization_01_seed_30201_8x8/ieee30_structural_group_02_realization_01_seed_30201_8x8__stability_balanced_magnitude_even_positions_274348250735.json,1.0,0.2890282532471142,optimal,0,training_only,False,completed,,ieee30_structural_group_02,2,1,30201,ieee30_voltage_dominant_v01,voltage_dominant
ieee30_structural_group_02_realization_01_seed_30201_8x8,ieee30,balanced_magnitude,16,3,first_half,"[0,1,2,3,4,5,6,7,8,9]","[30521000,30521001,30521002,30521003,30521004,30521005,30521006,30521007,30521008,30521009]",ieee30_structural_group_02_realization_01_seed_30201_8x8__balanced_magnitude_k16_s3_274348250735,274348250735ad03faae2ba9892f9cf81ed08a5d7b915d3a032127b3dc494888,ieee30_structural_group_02_realization_01_seed_30201_8x8__stability_balanced_magnitude_first_half_274348250735,274348250735ad03faae2ba9892f9cf81ed08a5d7b915d3a032127b3dc494888,supports/stability/ieee30_structural_group_02_realization_01_seed_30201_8x8/ieee30_structural_group_02_realization_01_seed_30201_8x8__stability_balanced_magnitude_first_half_274348250735.json,1.0,0.2890282532471142,optimal,0,training_only,False,completed,,ieee30_structural_group_02,2,1,30201,ieee30_voltage_dominant_v01,voltage_dominant
ieee30_structural_group_02_realization_01_seed_30201_8x8,ieee30,balanced_magnitude,16,3,odd_positions,"[1,3,5,7,9,11,13,15,17,19]","[30521001,30521003,30521005,30521007,30521009,30521011,30521013,30521015,30521017,30521019]",ieee30_structural_group_02_realization_01_seed_30201_8x8__balanced_magnitude_k16_s3_274348250735,274348250735ad03faae2ba9892f9cf81ed08a5d7b915d3a032127b3dc494888,ieee30_structural_group_02_realization_01_seed_30201_8x8__stability_balanced_magnitude_odd_positions_274348250735,274348250735ad03faae2ba9892f9cf81ed08a5d7b915d3a032127b3dc494888,supports/stability/ieee30_structural_group_02_realization_01_seed_30201_8x8/ieee30_structural_group_02_realization_01_seed_30201_8x8__stability_balanced_magnitude_odd_positions_274348250735.json,1.0,0.2890282532471142,optimal,0,training_only,False,completed,,ieee30_structural_group_02,2,1,30201,ieee30_voltage_dominant_v01,voltage_dominant
ieee30_structural_group_02_realization_01_seed_30201_8x8,ieee30,balanced_magnitude,16,3,second_half,"[10,11,12,13,14,15,16,17,18,19]","[30521010,30521011,30521012,30521013,30521014,30521015,30521016,30521017,30521018,30521019]",ieee30_structural_group_02_realization_01_seed_30201_8x8__balanced_magnitude_k16_s3_274348250735,274348250735ad03faae2ba9892f9cf81ed08a5d7b915d3a032127b3dc494888,ieee30_structural_group_02_realization_01_seed_30201_8x8__stability_balanced_magnitude_second_half_274348250735,274348250735ad03faae2ba9892f9cf81ed08a5d7b915d3a032127b3dc494888,supports/stability/ieee30_structural_group_02_realization_01_seed_30201_8x8/ieee30_structural_group_02_realization_01_seed_30201_8x8__stability_balanced_magnitude_second_half_274348250735.json,1.0,0.2890282532471142,optimal,0,training_only,False,completed,,ieee30_structural_group_02,2,1,30201,ieee30_voltage_dominant_v01,voltage_dominant
ieee30_structural_group_02_realization_01_seed_30201_8x8,ieee30,sensitivity_initial_mean,16,3,even_positions,"[0,2,4,6,8,10,12,14,16,18]","[30521000,30521002,30521004,30521006,30521008,30521010,30521012,30521014,30521016,30521018]",ieee30_structural_group_02_realization_01_seed_30201_8x8__sensitivity_initial_mean_k16_s3_915130606a1b,915130606a1b0e2649aa8a664cd58af252d45257ab150be36e4ce83f35bcbbb7,ieee30_structural_group_02_realization_01_seed_30201_8x8__stability_sensitivity_initial_mean_even_positions_915130606a1b,915130606a1b0e2649aa8a664cd58af252d45257ab150be36e4ce83f35bcbbb7,supports/stability/ieee30_structural_group_02_realization_01_seed_30201_8x8/ieee30_structural_group_02_realization_01_seed_30201_8x8__stability_sensitivity_initial_mean_even_positions_915130606a1b.json,1.0,0.1856419259241812,optimal,0,training_only,False,completed,,ieee30_structural_group_02,2,1,30201,ieee30_voltage_dominant_v01,voltage_dominant
ieee30_structural_group_02_realization_01_seed_30201_8x8,ieee30,sensitivity_initial_mean,16,3,first_half,"[0,1,2,3,4,5,6,7,8,9]","[30521000,30521001,30521002,30521003,30521004,30521005,30521006,30521007,30521008,30521009]",ieee30_structural_group_02_realization_01_seed_30201_8x8__sensitivity_initial_mean_k16_s3_915130606a1b,915130606a1b0e2649aa8a664cd58af252d45257ab150be36e4ce83f35bcbbb7,ieee30_structural_group_02_realization_01_seed_30201_8x8__stability_sensitivity_initial_mean_first_half_d8c26c12d029,d8c26c12d029b22c93cc306a2f6a851d06d5f24a1e3bbb53ebf8be13140971ca,supports/stability/ieee30_structural_group_02_realization_01_seed_30201_8x8/ieee30_structural_group_02_realization_01_seed_30201_8x8__stability_sensitivity_initial_mean_first_half_d8c26c12d029.json,0.7777777777777778,0.1856419259241812,optimal,0,training_only,False,completed,,ieee30_structural_group_02,2,1,30201,ieee30_voltage_dominant_v01,voltage_dominant
ieee30_structural_group_02_realization_01_seed_30201_8x8,ieee30,sensitivity_initial_mean,16,3,odd_positions,"[1,3,5,7,9,11,13,15,17,19]","[30521001,30521003,30521005,30521007,30521009,30521011,30521013,30521015,30521017,30521019]",ieee30_structural_group_02_realization_01_seed_30201_8x8__sensitivity_initial_mean_k16_s3_915130606a1b,915130606a1b0e2649aa8a664cd58af252d45257ab150be36e4ce83f35bcbbb7,ieee30_structural_group_02_realization_01_seed_30201_8x8__stability_sensitivity_initial_mean_odd_positions_87e3f19ca33d,87e3f19ca33da137285a62f3f1bf97c2de623b373ca075856deedc5a6eef950e,supports/stability/ieee30_structural_group_02_realization_01_seed_30201_8x8/ieee30_structural_group_02_realization_01_seed_30201_8x8__stability_sensitivity_initial_mean_odd_positions_87e3f19ca33d.json,0.7777777777777778,0.1856419259241812,optimal,0,training_only,False,completed,,ieee30_structural_group_02,2,1,30201,ieee30_voltage_dominant_v01,voltage_dominant
ieee30_structural_group_02_realization_01_seed_30201_8x8,ieee30,sensitivity_initial_mean,16,3,second_half,"[10,11,12,13,14,15,16,17,18,19]","[30521010,30521011,30521012,30521013,30521014,30521015,30521016,30521017,30521018,30521019]",ieee30_structural_group_02_realization_01_seed_30201_8x8__sensitivity_initial_mean_k16_s3_915130606a1b,915130606a1b0e2649aa8a664cd58af252d45257ab150be36e4ce83f35bcbbb7,ieee30_structural_group_02_realization_01_seed_30201_8x8__stability_sensitivity_initial_mean_second_half_63977b9633b9,63977b9633b9964d02bdb2fd71b06ae6f96706e645b31f600b0b77fdead9b56f,supports/stability/ieee30_structural_group_02_realization_01_seed_30201_8x8/ieee30_structural_group_02_realization_01_seed_30201_8x8__stability_sensitivity_initial_mean_second_half_63977b9633b9.json,0.8823529411764706,0.1856419259241812,optimal,0,training_only,False,completed,,ieee30_structural_group_02,2,1,30201,ieee30_voltage_dominant_v01,voltage_dominant
ieee30_structural_group_02_realization_01_seed_30201_8x8,ieee30,sensitivity_refined_mean,16,3,even_positions,"[0,2,4,6,8,10,12,14,16,18]","[30521000,30521002,30521004,30521006,30521008,30521010,30521012,30521014,30521016,30521018]",ieee30_structural_group_02_realization_01_seed_30201_8x8__sensitivity_refined_mean_k16_s3_8f8cdb03f537,8f8cdb03f53712833961526ec88805c74e7da7ba5d5a574a779fbdf953722cd1,ieee30_structural_group_02_realization_01_seed_30201_8x8__stability_sensitivity_refined_mean_even_positions_d61ed2c84bbe,d61ed2c84bbe2605ef4bd534173a37de5cb8e7e71121dce959f591179812badf,supports/stability/ieee30_structural_group_02_realization_01_seed_30201_8x8/ieee30_structural_group_02_realization_01_seed_30201_8x8__stability_sensitivity_refined_mean_even_positions_d61ed2c84bbe.json,0.6842105263157895,0.1259049885601257,optimal,3,training_only,False,completed,,ieee30_structural_group_02,2,1,30201,ieee30_voltage_dominant_v01,voltage_dominant
ieee30_structural_group_02_realization_01_seed_30201_8x8,ieee30,sensitivity_refined_mean,16,3,first_half,"[0,1,2,3,4,5,6,7,8,9]","[30521000,30521001,30521002,30521003,30521004,30521005,30521006,30521007,30521008,30521009]",ieee30_structural_group_02_realization_01_seed_30201_8x8__sensitivity_refined_mean_k16_s3_8f8cdb03f537,8f8cdb03f53712833961526ec88805c74e7da7ba5d5a574a779fbdf953722cd1,ieee30_structural_group_02_realization_01_seed_30201_8x8__stability_sensitivity_refined_mean_first_half_f96a90788c4e,f96a90788c4e4aa8d064ca92b3d42cd4a5480b2165854e65759212e29e8b03a7,supports/stability/ieee30_structural_group_02_realization_01_seed_30201_8x8/ieee30_structural_group_02_realization_01_seed_30201_8x8__stability_sensitivity_refined_mean_first_half_f96a90788c4e.json,0.6842105263157895,0.1259049885601257,optimal,3,training_only,False,completed,,ieee30_structural_group_02,2,1,30201,ieee30_voltage_dominant_v01,voltage_dominant
ieee30_structural_group_02_realization_01_seed_30201_8x8,ieee30,sensitivity_refined_mean,16,3,odd_positions,"[1,3,5,7,9,11,13,15,17,19]","[30521001,30521003,30521005,30521007,30521009,30521011,30521013,30521015,30521017,30521019]",ieee30_structural_group_02_realization_01_seed_30201_8x8__sensitivity_refined_mean_k16_s3_8f8cdb03f537,8f8cdb03f53712833961526ec88805c74e7da7ba5d5a574a779fbdf953722cd1,ieee30_structural_group_02_realization_01_seed_30201_8x8__stability_sensitivity_refined_mean_odd_positions_deccb3c3f0ce,deccb3c3f0cef7b69e7c81631c2fd595f8cd110a5d97ef26d344eb142de26201,supports/stability/ieee30_structural_group_02_realization_01_seed_30201_8x8/ieee30_structural_group_02_realization_01_seed_30201_8x8__stability_sensitivity_refined_mean_odd_positions_deccb3c3f0ce.json,0.4545454545454545,0.1259049885601257,optimal,6,training_only,False,completed,,ieee30_structural_group_02,2,1,30201,ieee30_voltage_dominant_v01,voltage_dominant
ieee30_structural_group_02_realization_01_seed_30201_8x8,ieee30,sensitivity_refined_mean,16,3,second_half,"[10,11,12,13,14,15,16,17,18,19]","[30521010,30521011,30521012,30521013,30521014,30521015,30521016,30521017,30521018,30521019]",ieee30_structural_group_02_realization_01_seed_30201_8x8__sensitivity_refined_mean_k16_s3_8f8cdb03f537,8f8cdb03f53712833961526ec88805c74e7da7ba5d5a574a779fbdf953722cd1,ieee30_structural_group_02_realization_01_seed_30201_8x8__stability_sensitivity_refined_mean_second_half_f076ab1e9479,f076ab1e94795a69eec5d996c95fb04e660ebe956623b5ce3c6a17d950776149,supports/stability/ieee30_structural_group_02_realization_01_seed_30201_8x8/ieee30_structural_group_02_realization_01_seed_30201_8x8__stability_sensitivity_refined_mean_second_half_f076ab1e9479.json,0.5238095238095238,0.1259049885601257,optimal,7,training_only,False,completed,,ieee30_structural_group_02,2,1,30201,ieee30_voltage_dominant_v01,voltage_dominant
ieee30_structural_group_02_realization_02_seed_30202_8x8,ieee30,balanced_magnitude,16,3,even_positions,"[0,2,4,6,8,10,12,14,16,18]","[30531000,30531002,30531004,30531006,30531008,30531010,30531012,30531014,30531016,30531018]",ieee30_structural_group_02_realization_02_seed_30202_8x8__balanced_magnitude_k16_s3_274348250735,274348250735ad03faae2ba9892f9cf81ed08a5d7b915d3a032127b3dc494888,ieee30_structural_group_02_realization_02_seed_30202_8x8__stability_balanced_magnitude_even_positions_274348250735,274348250735ad03faae2ba9892f9cf81ed08a5d7b915d3a032127b3dc494888,supports/stability/ieee30_structural_group_02_realization_02_seed_30202_8x8/ieee30_structural_group_02_realization_02_seed_30202_8x8__stability_balanced_magnitude_even_positions_274348250735.json,1.0,0.2724066721626913,optimal,0,training_only,False,completed,,ieee30_structural_group_02,2,2,30202,ieee30_voltage_dominant_v01,voltage_dominant
ieee30_structural_group_02_realization_02_seed_30202_8x8,ieee30,balanced_magnitude,16,3,first_half,"[0,1,2,3,4,5,6,7,8,9]","[30531000,30531001,30531002,30531003,30531004,30531005,30531006,30531007,30531008,30531009]",ieee30_structural_group_02_realization_02_seed_30202_8x8__balanced_magnitude_k16_s3_274348250735,274348250735ad03faae2ba9892f9cf81ed08a5d7b915d3a032127b3dc494888,ieee30_structural_group_02_realization_02_seed_30202_8x8__stability_balanced_magnitude_first_half_274348250735,274348250735ad03faae2ba9892f9cf81ed08a5d7b915d3a032127b3dc494888,supports/stability/ieee30_structural_group_02_realization_02_seed_30202_8x8/ieee30_structural_group_02_realization_02_seed_30202_8x8__stability_balanced_magnitude_first_half_274348250735.json,1.0,0.2724066721626913,optimal,0,training_only,False,completed,,ieee30_structural_group_02,2,2,30202,ieee30_voltage_dominant_v01,voltage_dominant
ieee30_structural_group_02_realization_02_seed_30202_8x8,ieee30,balanced_magnitude,16,3,odd_positions,"[1,3,5,7,9,11,13,15,17,19]","[30531001,30531003,30531005,30531007,30531009,30531011,30531013,30531015,30531017,30531019]",ieee30_structural_group_02_realization_02_seed_30202_8x8__balanced_magnitude_k16_s3_274348250735,274348250735ad03faae2ba9892f9cf81ed08a5d7b915d3a032127b3dc494888,ieee30_structural_group_02_realization_02_seed_30202_8x8__stability_balanced_magnitude_odd_positions_274348250735,274348250735ad03faae2ba9892f9cf81ed08a5d7b915d3a032127b3dc494888,supports/stability/ieee30_structural_group_02_realization_02_seed_30202_8x8/ieee30_structural_group_02_realization_02_seed_30202_8x8__stability_balanced_magnitude_odd_positions_274348250735.json,1.0,0.2724066721626913,optimal,0,training_only,False,completed,,ieee30_structural_group_02,2,2,30202,ieee30_voltage_dominant_v01,voltage_dominant
ieee30_structural_group_02_realization_02_seed_30202_8x8,ieee30,balanced_magnitude,16,3,second_half,"[10,11,12,13,14,15,16,17,18,19]","[30531010,30531011,30531012,30531013,30531014,30531015,30531016,30531017,30531018,30531019]",ieee30_structural_group_02_realization_02_seed_30202_8x8__balanced_magnitude_k16_s3_274348250735,274348250735ad03faae2ba9892f9cf81ed08a5d7b915d3a032127b3dc494888,ieee30_structural_group_02_realization_02_seed_30202_8x8__stability_balanced_magnitude_second_half_274348250735,274348250735ad03faae2ba9892f9cf81ed08a5d7b915d3a032127b3dc494888,supports/stability/ieee30_structural_group_02_realization_02_seed_30202_8x8/ieee30_structural_group_02_realization_02_seed_30202_8x8__stability_balanced_magnitude_second_half_274348250735.json,1.0,0.2724066721626913,optimal,0,training_only,False,completed,,ieee30_structural_group_02,2,2,30202,ieee30_voltage_dominant_v01,voltage_dominant
ieee30_structural_group_02_realization_02_seed_30202_8x8,ieee30,sensitivity_initial_mean,16,3,even_positions,"[0,2,4,6,8,10,12,14,16,18]","[30531000,30531002,30531004,30531006,30531008,30531010,30531012,30531014,30531016,30531018]",ieee30_structural_group_02_realization_02_seed_30202_8x8__sensitivity_initial_mean_k16_s3_63977b9633b9,63977b9633b9964d02bdb2fd71b06ae6f96706e645b31f600b0b77fdead9b56f,ieee30_structural_group_02_realization_02_seed_30202_8x8__stability_sensitivity_initial_mean_even_positions_63977b9633b9,63977b9633b9964d02bdb2fd71b06ae6f96706e645b31f600b0b77fdead9b56f,supports/stability/ieee30_structural_group_02_realization_02_seed_30202_8x8/ieee30_structural_group_02_realization_02_seed_30202_8x8__stability_sensitivity_initial_mean_even_positions_63977b9633b9.json,1.0,0.237809411164811,optimal,0,training_only,False,completed,,ieee30_structural_group_02,2,2,30202,ieee30_voltage_dominant_v01,voltage_dominant
ieee30_structural_group_02_realization_02_seed_30202_8x8,ieee30,sensitivity_initial_mean,16,3,first_half,"[0,1,2,3,4,5,6,7,8,9]","[30531000,30531001,30531002,30531003,30531004,30531005,30531006,30531007,30531008,30531009]",ieee30_structural_group_02_realization_02_seed_30202_8x8__sensitivity_initial_mean_k16_s3_63977b9633b9,63977b9633b9964d02bdb2fd71b06ae6f96706e645b31f600b0b77fdead9b56f,ieee30_structural_group_02_realization_02_seed_30202_8x8__stability_sensitivity_initial_mean_first_half_63977b9633b9,63977b9633b9964d02bdb2fd71b06ae6f96706e645b31f600b0b77fdead9b56f,supports/stability/ieee30_structural_group_02_realization_02_seed_30202_8x8/ieee30_structural_group_02_realization_02_seed_30202_8x8__stability_sensitivity_initial_mean_first_half_63977b9633b9.json,1.0,0.237809411164811,optimal,0,training_only,False,completed,,ieee30_structural_group_02,2,2,30202,ieee30_voltage_dominant_v01,voltage_dominant
ieee30_structural_group_02_realization_02_seed_30202_8x8,ieee30,sensitivity_initial_mean,16,3,odd_positions,"[1,3,5,7,9,11,13,15,17,19]","[30531001,30531003,30531005,30531007,30531009,30531011,30531013,30531015,30531017,30531019]",ieee30_structural_group_02_realization_02_seed_30202_8x8__sensitivity_initial_mean_k16_s3_63977b9633b9,63977b9633b9964d02bdb2fd71b06ae6f96706e645b31f600b0b77fdead9b56f,ieee30_structural_group_02_realization_02_seed_30202_8x8__stability_sensitivity_initial_mean_odd_positions_63977b9633b9,63977b9633b9964d02bdb2fd71b06ae6f96706e645b31f600b0b77fdead9b56f,supports/stability/ieee30_structural_group_02_realization_02_seed_30202_8x8/ieee30_structural_group_02_realization_02_seed_30202_8x8__stability_sensitivity_initial_mean_odd_positions_63977b9633b9.json,1.0,0.237809411164811,optimal,0,training_only,False,completed,,ieee30_structural_group_02,2,2,30202,ieee30_voltage_dominant_v01,voltage_dominant
ieee30_structural_group_02_realization_02_seed_30202_8x8,ieee30,sensitivity_initial_mean,16,3,second_half,"[10,11,12,13,14,15,16,17,18,19]","[30531010,30531011,30531012,30531013,30531014,30531015,30531016,30531017,30531018,30531019]",ieee30_structural_group_02_realization_02_seed_30202_8x8__sensitivity_initial_mean_k16_s3_63977b9633b9,63977b9633b9964d02bdb2fd71b06ae6f96706e645b31f600b0b77fdead9b56f,ieee30_structural_group_02_realization_02_seed_30202_8x8__stability_sensitivity_initial_mean_second_half_63977b9633b9,63977b9633b9964d02bdb2fd71b06ae6f96706e645b31f600b0b77fdead9b56f,supports/stability/ieee30_structural_group_02_realization_02_seed_30202_8x8/ieee30_structural_group_02_realization_02_seed_30202_8x8__stability_sensitivity_initial_mean_second_half_63977b9633b9.json,1.0,0.237809411164811,optimal,0,training_only,False,completed,,ieee30_structural_group_02,2,2,30202,ieee30_voltage_dominant_v01,voltage_dominant
ieee30_structural_group_02_realization_02_seed_30202_8x8,ieee30,sensitivity_refined_mean,16,3,even_positions,"[0,2,4,6,8,10,12,14,16,18]","[30531000,30531002,30531004,30531006,30531008,30531010,30531012,30531014,30531016,30531018]",ieee30_structural_group_02_realization_02_seed_30202_8x8__sensitivity_refined_mean_k16_s3_f243314959ec,f243314959ec95f3e977b0389bcbae15aeb1561cf2cbb4fafddcf9b2309eec39,ieee30_structural_group_02_realization_02_seed_30202_8x8__stability_sensitivity_refined_mean_even_positions_a0bc064d014b,a0bc064d014b16ecf8d03eb732edef92d5748b4b9baf9ed7d00bc55446dec3aa,supports/stability/ieee30_structural_group_02_realization_02_seed_30202_8x8/ieee30_structural_group_02_realization_02_seed_30202_8x8__stability_sensitivity_refined_mean_even_positions_a0bc064d014b.json,0.6,0.2043968648048238,optimal,4,training_only,False,completed,,ieee30_structural_group_02,2,2,30202,ieee30_voltage_dominant_v01,voltage_dominant
ieee30_structural_group_02_realization_02_seed_30202_8x8,ieee30,sensitivity_refined_mean,16,3,first_half,"[0,1,2,3,4,5,6,7,8,9]","[30531000,30531001,30531002,30531003,30531004,30531005,30531006,30531007,30531008,30531009]",ieee30_structural_group_02_realization_02_seed_30202_8x8__sensitivity_refined_mean_k16_s3_f243314959ec,f243314959ec95f3e977b0389bcbae15aeb1561cf2cbb4fafddcf9b2309eec39,ieee30_structural_group_02_realization_02_seed_30202_8x8__stability_sensitivity_refined_mean_first_half_9dc850780620,9dc850780620d01228044196e3087efb14548e60cb6239cdbdb5e3f6f36f3877,supports/stability/ieee30_structural_group_02_realization_02_seed_30202_8x8/ieee30_structural_group_02_realization_02_seed_30202_8x8__stability_sensitivity_refined_mean_first_half_9dc850780620.json,0.8823529411764706,0.2043968648048238,optimal,4,training_only,False,completed,,ieee30_structural_group_02,2,2,30202,ieee30_voltage_dominant_v01,voltage_dominant
ieee30_structural_group_02_realization_02_seed_30202_8x8,ieee30,sensitivity_refined_mean,16,3,odd_positions,"[1,3,5,7,9,11,13,15,17,19]","[30531001,30531003,30531005,30531007,30531009,30531011,30531013,30531015,30531017,30531019]",ieee30_structural_group_02_realization_02_seed_30202_8x8__sensitivity_refined_mean_k16_s3_f243314959ec,f243314959ec95f3e977b0389bcbae15aeb1561cf2cbb4fafddcf9b2309eec39,ieee30_structural_group_02_realization_02_seed_30202_8x8__stability_sensitivity_refined_mean_odd_positions_3781fcc784b5,3781fcc784b50d0913b65b03648e1fbe251dc11a005285a26dbf4d1f88ecf417,supports/stability/ieee30_structural_group_02_realization_02_seed_30202_8x8/ieee30_structural_group_02_realization_02_seed_30202_8x8__stability_sensitivity_refined_mean_odd_positions_3781fcc784b5.json,0.6,0.2043968648048238,optimal,5,training_only,False,completed,,ieee30_structural_group_02,2,2,30202,ieee30_voltage_dominant_v01,voltage_dominant
ieee30_structural_group_02_realization_02_seed_30202_8x8,ieee30,sensitivity_refined_mean,16,3,second_half,"[10,11,12,13,14,15,16,17,18,19]","[30531010,30531011,30531012,30531013,30531014,30531015,30531016,30531017,30531018,30531019]",ieee30_structural_group_02_realization_02_seed_30202_8x8__sensitivity_refined_mean_k16_s3_f243314959ec,f243314959ec95f3e977b0389bcbae15aeb1561cf2cbb4fafddcf9b2309eec39,ieee30_structural_group_02_realization_02_seed_30202_8x8__stability_sensitivity_refined_mean_second_half_54230bac64ec,54230bac64ec1ec6d853d5fad390bcd6d56c0fc1d14f31a7f650f4706aba562a,supports/stability/ieee30_structural_group_02_realization_02_seed_30202_8x8/ieee30_structural_group_02_realization_02_seed_30202_8x8__stability_sensitivity_refined_mean_second_half_54230bac64ec.json,0.5238095238095238,0.2043968648048238,optimal,5,training_only,False,completed,,ieee30_structural_group_02,2,2,30202,ieee30_voltage_dominant_v01,voltage_dominant
ieee30_structural_group_03_realization_01_seed_30201_8x8,ieee30,balanced_magnitude,16,3,even_positions,"[0,2,4,6,8,10,12,14,16,18]","[30541000,30541002,30541004,30541006,30541008,30541010,30541012,30541014,30541016,30541018]",ieee30_structural_group_03_realization_01_seed_30201_8x8__balanced_magnitude_k16_s3_c9f2a95420ec,c9f2a95420ecb762ad00ece0e32b368bec56937cbdd07571b6e7b697ab201561,ieee30_structural_group_03_realization_01_seed_30201_8x8__stability_balanced_magnitude_even_positions_c9f2a95420ec,c9f2a95420ecb762ad00ece0e32b368bec56937cbdd07571b6e7b697ab201561,supports/stability/ieee30_structural_group_03_realization_01_seed_30201_8x8/ieee30_structural_group_03_realization_01_seed_30201_8x8__stability_balanced_magnitude_even_positions_c9f2a95420ec.json,1.0,0.1031075623281035,optimal,0,training_only,False,completed,,ieee30_structural_group_03,3,1,30201,ieee30_voltage_measurement_heavy_v03,voltage_measurement_heavy
ieee30_structural_group_03_realization_01_seed_30201_8x8,ieee30,balanced_magnitude,16,3,first_half,"[0,1,2,3,4,5,6,7,8,9]","[30541000,30541001,30541002,30541003,30541004,30541005,30541006,30541007,30541008,30541009]",ieee30_structural_group_03_realization_01_seed_30201_8x8__balanced_magnitude_k16_s3_c9f2a95420ec,c9f2a95420ecb762ad00ece0e32b368bec56937cbdd07571b6e7b697ab201561,ieee30_structural_group_03_realization_01_seed_30201_8x8__stability_balanced_magnitude_first_half_c9f2a95420ec,c9f2a95420ecb762ad00ece0e32b368bec56937cbdd07571b6e7b697ab201561,supports/stability/ieee30_structural_group_03_realization_01_seed_30201_8x8/ieee30_structural_group_03_realization_01_seed_30201_8x8__stability_balanced_magnitude_first_half_c9f2a95420ec.json,1.0,0.1031075623281035,optimal,0,training_only,False,completed,,ieee30_structural_group_03,3,1,30201,ieee30_voltage_measurement_heavy_v03,voltage_measurement_heavy
ieee30_structural_group_03_realization_01_seed_30201_8x8,ieee30,balanced_magnitude,16,3,odd_positions,"[1,3,5,7,9,11,13,15,17,19]","[30541001,30541003,30541005,30541007,30541009,30541011,30541013,30541015,30541017,30541019]",ieee30_structural_group_03_realization_01_seed_30201_8x8__balanced_magnitude_k16_s3_c9f2a95420ec,c9f2a95420ecb762ad00ece0e32b368bec56937cbdd07571b6e7b697ab201561,ieee30_structural_group_03_realization_01_seed_30201_8x8__stability_balanced_magnitude_odd_positions_c9f2a95420ec,c9f2a95420ecb762ad00ece0e32b368bec56937cbdd07571b6e7b697ab201561,supports/stability/ieee30_structural_group_03_realization_01_seed_30201_8x8/ieee30_structural_group_03_realization_01_seed_30201_8x8__stability_balanced_magnitude_odd_positions_c9f2a95420ec.json,1.0,0.1031075623281035,optimal,0,training_only,False,completed,,ieee30_structural_group_03,3,1,30201,ieee30_voltage_measurement_heavy_v03,voltage_measurement_heavy
ieee30_structural_group_03_realization_01_seed_30201_8x8,ieee30,balanced_magnitude,16,3,second_half,"[10,11,12,13,14,15,16,17,18,19]","[30541010,30541011,30541012,30541013,30541014,30541015,30541016,30541017,30541018,30541019]",ieee30_structural_group_03_realization_01_seed_30201_8x8__balanced_magnitude_k16_s3_c9f2a95420ec,c9f2a95420ecb762ad00ece0e32b368bec56937cbdd07571b6e7b697ab201561,ieee30_structural_group_03_realization_01_seed_30201_8x8__stability_balanced_magnitude_second_half_c9f2a95420ec,c9f2a95420ecb762ad00ece0e32b368bec56937cbdd07571b6e7b697ab201561,supports/stability/ieee30_structural_group_03_realization_01_seed_30201_8x8/ieee30_structural_group_03_realization_01_seed_30201_8x8__stability_balanced_magnitude_second_half_c9f2a95420ec.json,1.0,0.1031075623281035,optimal,0,training_only,False,completed,,ieee30_structural_group_03,3,1,30201,ieee30_voltage_measurement_heavy_v03,voltage_measurement_heavy
ieee30_structural_group_03_realization_01_seed_30201_8x8,ieee30,sensitivity_initial_mean,16,3,even_positions,"[0,2,4,6,8,10,12,14,16,18]","[30541000,30541002,30541004,30541006,30541008,30541010,30541012,30541014,30541016,30541018]",ieee30_structural_group_03_realization_01_seed_30201_8x8__sensitivity_initial_mean_k16_s3_9d2dfcda2426,9d2dfcda2426ccd12bf0607b27db35eb0b79554cc8a417a04553234a2b82b0b6,ieee30_structural_group_03_realization_01_seed_30201_8x8__stability_sensitivity_initial_mean_even_positions_9d2dfcda2426,9d2dfcda2426ccd12bf0607b27db35eb0b79554cc8a417a04553234a2b82b0b6,supports/stability/ieee30_structural_group_03_realization_01_seed_30201_8x8/ieee30_structural_group_03_realization_01_seed_30201_8x8__stability_sensitivity_initial_mean_even_positions_9d2dfcda2426.json,1.0,0.0545392089647734,optimal,0,training_only,False,completed,,ieee30_structural_group_03,3,1,30201,ieee30_voltage_measurement_heavy_v03,voltage_measurement_heavy
ieee30_structural_group_03_realization_01_seed_30201_8x8,ieee30,sensitivity_initial_mean,16,3,first_half,"[0,1,2,3,4,5,6,7,8,9]","[30541000,30541001,30541002,30541003,30541004,30541005,30541006,30541007,30541008,30541009]",ieee30_structural_group_03_realization_01_seed_30201_8x8__sensitivity_initial_mean_k16_s3_9d2dfcda2426,9d2dfcda2426ccd12bf0607b27db35eb0b79554cc8a417a04553234a2b82b0b6,ieee30_structural_group_03_realization_01_seed_30201_8x8__stability_sensitivity_initial_mean_first_half_e485184ba038,e485184ba0388362587931331b922af65c2ff4fa4988ad682fa4789d0d17eb9f,supports/stability/ieee30_structural_group_03_realization_01_seed_30201_8x8/ieee30_structural_group_03_realization_01_seed_30201_8x8__stability_sensitivity_initial_mean_first_half_e485184ba038.json,0.8666666666666667,0.0545392089647734,optimal,0,training_only,False,completed,,ieee30_structural_group_03,3,1,30201,ieee30_voltage_measurement_heavy_v03,voltage_measurement_heavy
ieee30_structural_group_03_realization_01_seed_30201_8x8,ieee30,sensitivity_initial_mean,16,3,odd_positions,"[1,3,5,7,9,11,13,15,17,19]","[30541001,30541003,30541005,30541007,30541009,30541011,30541013,30541015,30541017,30541019]",ieee30_structural_group_03_realization_01_seed_30201_8x8__sensitivity_initial_mean_k16_s3_9d2dfcda2426,9d2dfcda2426ccd12bf0607b27db35eb0b79554cc8a417a04553234a2b82b0b6,ieee30_structural_group_03_realization_01_seed_30201_8x8__stability_sensitivity_initial_mean_odd_positions_9d2dfcda2426,9d2dfcda2426ccd12bf0607b27db35eb0b79554cc8a417a04553234a2b82b0b6,supports/stability/ieee30_structural_group_03_realization_01_seed_30201_8x8/ieee30_structural_group_03_realization_01_seed_30201_8x8__stability_sensitivity_initial_mean_odd_positions_9d2dfcda2426.json,1.0,0.0545392089647734,optimal,0,training_only,False,completed,,ieee30_structural_group_03,3,1,30201,ieee30_voltage_measurement_heavy_v03,voltage_measurement_heavy
ieee30_structural_group_03_realization_01_seed_30201_8x8,ieee30,sensitivity_initial_mean,16,3,second_half,"[10,11,12,13,14,15,16,17,18,19]","[30541010,30541011,30541012,30541013,30541014,30541015,30541016,30541017,30541018,30541019]",ieee30_structural_group_03_realization_01_seed_30201_8x8__sensitivity_initial_mean_k16_s3_9d2dfcda2426,9d2dfcda2426ccd12bf0607b27db35eb0b79554cc8a417a04553234a2b82b0b6,ieee30_structural_group_03_realization_01_seed_30201_8x8__stability_sensitivity_initial_mean_second_half_9d2dfcda2426,9d2dfcda2426ccd12bf0607b27db35eb0b79554cc8a417a04553234a2b82b0b6,supports/stability/ieee30_structural_group_03_realization_01_seed_30201_8x8/ieee30_structural_group_03_realization_01_seed_30201_8x8__stability_sensitivity_initial_mean_second_half_9d2dfcda2426.json,1.0,0.0545392089647734,optimal,0,training_only,False,completed,,ieee30_structural_group_03,3,1,30201,ieee30_voltage_measurement_heavy_v03,voltage_measurement_heavy
ieee30_structural_group_03_realization_01_seed_30201_8x8,ieee30,sensitivity_refined_mean,16,3,even_positions,"[0,2,4,6,8,10,12,14,16,18]","[30541000,30541002,30541004,30541006,30541008,30541010,30541012,30541014,30541016,30541018]",ieee30_structural_group_03_realization_01_seed_30201_8x8__sensitivity_refined_mean_k16_s3_0592c731e187,0592c731e1870d7f2be987eccfc4cf49ca545ca9298b61aa5f1716357cb1ec0f,ieee30_structural_group_03_realization_01_seed_30201_8x8__stability_sensitivity_refined_mean_even_positions_e485184ba038,e485184ba0388362587931331b922af65c2ff4fa4988ad682fa4789d0d17eb9f,supports/stability/ieee30_structural_group_03_realization_01_seed_30201_8x8/ieee30_structural_group_03_realization_01_seed_30201_8x8__stability_sensitivity_refined_mean_even_positions_e485184ba038.json,0.75,0.0238515498815033,optimal,1,training_only,False,completed,,ieee30_structural_group_03,3,1,30201,ieee30_voltage_measurement_heavy_v03,voltage_measurement_heavy
ieee30_structural_group_03_realization_01_seed_30201_8x8,ieee30,sensitivity_refined_mean,16,3,first_half,"[0,1,2,3,4,5,6,7,8,9]","[30541000,30541001,30541002,30541003,30541004,30541005,30541006,30541007,30541008,30541009]",ieee30_structural_group_03_realization_01_seed_30201_8x8__sensitivity_refined_mean_k16_s3_0592c731e187,0592c731e1870d7f2be987eccfc4cf49ca545ca9298b61aa5f1716357cb1ec0f,ieee30_structural_group_03_realization_01_seed_30201_8x8__stability_sensitivity_refined_mean_first_half_e485184ba038,e485184ba0388362587931331b922af65c2ff4fa4988ad682fa4789d0d17eb9f,supports/stability/ieee30_structural_group_03_realization_01_seed_30201_8x8/ieee30_structural_group_03_realization_01_seed_30201_8x8__stability_sensitivity_refined_mean_first_half_e485184ba038.json,0.75,0.0238515498815033,optimal,0,training_only,False,completed,,ieee30_structural_group_03,3,1,30201,ieee30_voltage_measurement_heavy_v03,voltage_measurement_heavy
ieee30_structural_group_03_realization_01_seed_30201_8x8,ieee30,sensitivity_refined_mean,16,3,odd_positions,"[1,3,5,7,9,11,13,15,17,19]","[30541001,30541003,30541005,30541007,30541009,30541011,30541013,30541015,30541017,30541019]",ieee30_structural_group_03_realization_01_seed_30201_8x8__sensitivity_refined_mean_k16_s3_0592c731e187,0592c731e1870d7f2be987eccfc4cf49ca545ca9298b61aa5f1716357cb1ec0f,ieee30_structural_group_03_realization_01_seed_30201_8x8__stability_sensitivity_refined_mean_odd_positions_0592c731e187,0592c731e1870d7f2be987eccfc4cf49ca545ca9298b61aa5f1716357cb1ec0f,supports/stability/ieee30_structural_group_03_realization_01_seed_30201_8x8/ieee30_structural_group_03_realization_01_seed_30201_8x8__stability_sensitivity_refined_mean_odd_positions_0592c731e187.json,1.0,0.0238515498815033,optimal,1,training_only,False,completed,,ieee30_structural_group_03,3,1,30201,ieee30_voltage_measurement_heavy_v03,voltage_measurement_heavy
ieee30_structural_group_03_realization_01_seed_30201_8x8,ieee30,sensitivity_refined_mean,16,3,second_half,"[10,11,12,13,14,15,16,17,18,19]","[30541010,30541011,30541012,30541013,30541014,30541015,30541016,30541017,30541018,30541019]",ieee30_structural_group_03_realization_01_seed_30201_8x8__sensitivity_refined_mean_k16_s3_0592c731e187,0592c731e1870d7f2be987eccfc4cf49ca545ca9298b61aa5f1716357cb1ec0f,ieee30_structural_group_03_realization_01_seed_30201_8x8__stability_sensitivity_refined_mean_second_half_0592c731e187,0592c731e1870d7f2be987eccfc4cf49ca545ca9298b61aa5f1716357cb1ec0f,supports/stability/ieee30_structural_group_03_realization_01_seed_30201_8x8/ieee30_structural_group_03_realization_01_seed_30201_8x8__stability_sensitivity_refined_mean_second_half_0592c731e187.json,1.0,0.0238515498815033,optimal,1,training_only,False,completed,,ieee30_structural_group_03,3,1,30201,ieee30_voltage_measurement_heavy_v03,voltage_measurement_heavy
ieee30_structural_group_03_realization_02_seed_30202_8x8,ieee30,balanced_magnitude,16,3,even_positions,"[0,2,4,6,8,10,12,14,16,18]","[30551000,30551002,30551004,30551006,30551008,30551010,30551012,30551014,30551016,30551018]",ieee30_structural_group_03_realization_02_seed_30202_8x8__balanced_magnitude_k16_s3_c9f2a95420ec,c9f2a95420ecb762ad00ece0e32b368bec56937cbdd07571b6e7b697ab201561,ieee30_structural_group_03_realization_02_seed_30202_8x8__stability_balanced_magnitude_even_positions_c9f2a95420ec,c9f2a95420ecb762ad00ece0e32b368bec56937cbdd07571b6e7b697ab201561,supports/stability/ieee30_structural_group_03_realization_02_seed_30202_8x8/ieee30_structural_group_03_realization_02_seed_30202_8x8__stability_balanced_magnitude_even_positions_c9f2a95420ec.json,1.0,0.0769609069416455,optimal,0,training_only,False,completed,,ieee30_structural_group_03,3,2,30202,ieee30_voltage_measurement_heavy_v03,voltage_measurement_heavy
ieee30_structural_group_03_realization_02_seed_30202_8x8,ieee30,balanced_magnitude,16,3,first_half,"[0,1,2,3,4,5,6,7,8,9]","[30551000,30551001,30551002,30551003,30551004,30551005,30551006,30551007,30551008,30551009]",ieee30_structural_group_03_realization_02_seed_30202_8x8__balanced_magnitude_k16_s3_c9f2a95420ec,c9f2a95420ecb762ad00ece0e32b368bec56937cbdd07571b6e7b697ab201561,ieee30_structural_group_03_realization_02_seed_30202_8x8__stability_balanced_magnitude_first_half_c9f2a95420ec,c9f2a95420ecb762ad00ece0e32b368bec56937cbdd07571b6e7b697ab201561,supports/stability/ieee30_structural_group_03_realization_02_seed_30202_8x8/ieee30_structural_group_03_realization_02_seed_30202_8x8__stability_balanced_magnitude_first_half_c9f2a95420ec.json,1.0,0.0769609069416455,optimal,0,training_only,False,completed,,ieee30_structural_group_03,3,2,30202,ieee30_voltage_measurement_heavy_v03,voltage_measurement_heavy
ieee30_structural_group_03_realization_02_seed_30202_8x8,ieee30,balanced_magnitude,16,3,odd_positions,"[1,3,5,7,9,11,13,15,17,19]","[30551001,30551003,30551005,30551007,30551009,30551011,30551013,30551015,30551017,30551019]",ieee30_structural_group_03_realization_02_seed_30202_8x8__balanced_magnitude_k16_s3_c9f2a95420ec,c9f2a95420ecb762ad00ece0e32b368bec56937cbdd07571b6e7b697ab201561,ieee30_structural_group_03_realization_02_seed_30202_8x8__stability_balanced_magnitude_odd_positions_c9f2a95420ec,c9f2a95420ecb762ad00ece0e32b368bec56937cbdd07571b6e7b697ab201561,supports/stability/ieee30_structural_group_03_realization_02_seed_30202_8x8/ieee30_structural_group_03_realization_02_seed_30202_8x8__stability_balanced_magnitude_odd_positions_c9f2a95420ec.json,1.0,0.0769609069416455,optimal,0,training_only,False,completed,,ieee30_structural_group_03,3,2,30202,ieee30_voltage_measurement_heavy_v03,voltage_measurement_heavy
ieee30_structural_group_03_realization_02_seed_30202_8x8,ieee30,balanced_magnitude,16,3,second_half,"[10,11,12,13,14,15,16,17,18,19]","[30551010,30551011,30551012,30551013,30551014,30551015,30551016,30551017,30551018,30551019]",ieee30_structural_group_03_realization_02_seed_30202_8x8__balanced_magnitude_k16_s3_c9f2a95420ec,c9f2a95420ecb762ad00ece0e32b368bec56937cbdd07571b6e7b697ab201561,ieee30_structural_group_03_realization_02_seed_30202_8x8__stability_balanced_magnitude_second_half_c9f2a95420ec,c9f2a95420ecb762ad00ece0e32b368bec56937cbdd07571b6e7b697ab201561,supports/stability/ieee30_structural_group_03_realization_02_seed_30202_8x8/ieee30_structural_group_03_realization_02_seed_30202_8x8__stability_balanced_magnitude_second_half_c9f2a95420ec.json,1.0,0.0769609069416455,optimal,0,training_only,False,completed,,ieee30_structural_group_03,3,2,30202,ieee30_voltage_measurement_heavy_v03,voltage_measurement_heavy
ieee30_structural_group_03_realization_02_seed_30202_8x8,ieee30,sensitivity_initial_mean,16,3,even_positions,"[0,2,4,6,8,10,12,14,16,18]","[30551000,30551002,30551004,30551006,30551008,30551010,30551012,30551014,30551016,30551018]",ieee30_structural_group_03_realization_02_seed_30202_8x8__sensitivity_initial_mean_k16_s3_e9b82b933c6d,e9b82b933c6df8a15fbd78f7077034196a1363d3bcb883f9be2069b36dc9bf1e,ieee30_structural_group_03_realization_02_seed_30202_8x8__stability_sensitivity_initial_mean_even_positions_7b4fa552ed30,7b4fa552ed30c66cf0ccd71e9d067c35938573499d41ed2c1b5b4bd0d18c3989,supports/stability/ieee30_structural_group_03_realization_02_seed_30202_8x8/ieee30_structural_group_03_realization_02_seed_30202_8x8__stability_sensitivity_initial_mean_even_positions_7b4fa552ed30.json,0.8666666666666667,0.044427500880919,optimal,0,training_only,False,completed,,ieee30_structural_group_03,3,2,30202,ieee30_voltage_measurement_heavy_v03,voltage_measurement_heavy
ieee30_structural_group_03_realization_02_seed_30202_8x8,ieee30,sensitivity_initial_mean,16,3,first_half,"[0,1,2,3,4,5,6,7,8,9]","[30551000,30551001,30551002,30551003,30551004,30551005,30551006,30551007,30551008,30551009]",ieee30_structural_group_03_realization_02_seed_30202_8x8__sensitivity_initial_mean_k16_s3_e9b82b933c6d,e9b82b933c6df8a15fbd78f7077034196a1363d3bcb883f9be2069b36dc9bf1e,ieee30_structural_group_03_realization_02_seed_30202_8x8__stability_sensitivity_initial_mean_first_half_e9b82b933c6d,e9b82b933c6df8a15fbd78f7077034196a1363d3bcb883f9be2069b36dc9bf1e,supports/stability/ieee30_structural_group_03_realization_02_seed_30202_8x8/ieee30_structural_group_03_realization_02_seed_30202_8x8__stability_sensitivity_initial_mean_first_half_e9b82b933c6d.json,1.0,0.044427500880919,optimal,0,training_only,False,completed,,ieee30_structural_group_03,3,2,30202,ieee30_voltage_measurement_heavy_v03,voltage_measurement_heavy
ieee30_structural_group_03_realization_02_seed_30202_8x8,ieee30,sensitivity_initial_mean,16,3,odd_positions,"[1,3,5,7,9,11,13,15,17,19]","[30551001,30551003,30551005,30551007,30551009,30551011,30551013,30551015,30551017,30551019]",ieee30_structural_group_03_realization_02_seed_30202_8x8__sensitivity_initial_mean_k16_s3_e9b82b933c6d,e9b82b933c6df8a15fbd78f7077034196a1363d3bcb883f9be2069b36dc9bf1e,ieee30_structural_group_03_realization_02_seed_30202_8x8__stability_sensitivity_initial_mean_odd_positions_e9b82b933c6d,e9b82b933c6df8a15fbd78f7077034196a1363d3bcb883f9be2069b36dc9bf1e,supports/stability/ieee30_structural_group_03_realization_02_seed_30202_8x8/ieee30_structural_group_03_realization_02_seed_30202_8x8__stability_sensitivity_initial_mean_odd_positions_e9b82b933c6d.json,1.0,0.044427500880919,optimal,0,training_only,False,completed,,ieee30_structural_group_03,3,2,30202,ieee30_voltage_measurement_heavy_v03,voltage_measurement_heavy
ieee30_structural_group_03_realization_02_seed_30202_8x8,ieee30,sensitivity_initial_mean,16,3,second_half,"[10,11,12,13,14,15,16,17,18,19]","[30551010,30551011,30551012,30551013,30551014,30551015,30551016,30551017,30551018,30551019]",ieee30_structural_group_03_realization_02_seed_30202_8x8__sensitivity_initial_mean_k16_s3_e9b82b933c6d,e9b82b933c6df8a15fbd78f7077034196a1363d3bcb883f9be2069b36dc9bf1e,ieee30_structural_group_03_realization_02_seed_30202_8x8__stability_sensitivity_initial_mean_second_half_e9b82b933c6d,e9b82b933c6df8a15fbd78f7077034196a1363d3bcb883f9be2069b36dc9bf1e,supports/stability/ieee30_structural_group_03_realization_02_seed_30202_8x8/ieee30_structural_group_03_realization_02_seed_30202_8x8__stability_sensitivity_initial_mean_second_half_e9b82b933c6d.json,1.0,0.044427500880919,optimal,0,training_only,False,completed,,ieee30_structural_group_03,3,2,30202,ieee30_voltage_measurement_heavy_v03,voltage_measurement_heavy
ieee30_structural_group_03_realization_02_seed_30202_8x8,ieee30,sensitivity_refined_mean,16,3,even_positions,"[0,2,4,6,8,10,12,14,16,18]","[30551000,30551002,30551004,30551006,30551008,30551010,30551012,30551014,30551016,30551018]",ieee30_structural_group_03_realization_02_seed_30202_8x8__sensitivity_refined_mean_k16_s3_e9b82b933c6d,e9b82b933c6df8a15fbd78f7077034196a1363d3bcb883f9be2069b36dc9bf1e,ieee30_structural_group_03_realization_02_seed_30202_8x8__stability_sensitivity_refined_mean_even_positions_e9b82b933c6d,e9b82b933c6df8a15fbd78f7077034196a1363d3bcb883f9be2069b36dc9bf1e,supports/stability/ieee30_structural_group_03_realization_02_seed_30202_8x8/ieee30_structural_group_03_realization_02_seed_30202_8x8__stability_sensitivity_refined_mean_even_positions_e9b82b933c6d.json,1.0,0.044427500880919,optimal,1,training_only,False,completed,,ieee30_structural_group_03,3,2,30202,ieee30_voltage_measurement_heavy_v03,voltage_measurement_heavy
ieee30_structural_group_03_realization_02_seed_30202_8x8,ieee30,sensitivity_refined_mean,16,3,first_half,"[0,1,2,3,4,5,6,7,8,9]","[30551000,30551001,30551002,30551003,30551004,30551005,30551006,30551007,30551008,30551009]",ieee30_structural_group_03_realization_02_seed_30202_8x8__sensitivity_refined_mean_k16_s3_e9b82b933c6d,e9b82b933c6df8a15fbd78f7077034196a1363d3bcb883f9be2069b36dc9bf1e,ieee30_structural_group_03_realization_02_seed_30202_8x8__stability_sensitivity_refined_mean_first_half_0592c731e187,0592c731e1870d7f2be987eccfc4cf49ca545ca9298b61aa5f1716357cb1ec0f,supports/stability/ieee30_structural_group_03_realization_02_seed_30202_8x8/ieee30_structural_group_03_realization_02_seed_30202_8x8__stability_sensitivity_refined_mean_first_half_0592c731e187.json,0.75,0.044427500880919,optimal,2,training_only,False,completed,,ieee30_structural_group_03,3,2,30202,ieee30_voltage_measurement_heavy_v03,voltage_measurement_heavy
ieee30_structural_group_03_realization_02_seed_30202_8x8,ieee30,sensitivity_refined_mean,16,3,odd_positions,"[1,3,5,7,9,11,13,15,17,19]","[30551001,30551003,30551005,30551007,30551009,30551011,30551013,30551015,30551017,30551019]",ieee30_structural_group_03_realization_02_seed_30202_8x8__sensitivity_refined_mean_k16_s3_e9b82b933c6d,e9b82b933c6df8a15fbd78f7077034196a1363d3bcb883f9be2069b36dc9bf1e,ieee30_structural_group_03_realization_02_seed_30202_8x8__stability_sensitivity_refined_mean_odd_positions_7b4fa552ed30,7b4fa552ed30c66cf0ccd71e9d067c35938573499d41ed2c1b5b4bd0d18c3989,supports/stability/ieee30_structural_group_03_realization_02_seed_30202_8x8/ieee30_structural_group_03_realization_02_seed_30202_8x8__stability_sensitivity_refined_mean_odd_positions_7b4fa552ed30.json,0.8666666666666667,0.044427500880919,optimal,1,training_only,False,completed,,ieee30_structural_group_03,3,2,30202,ieee30_voltage_measurement_heavy_v03,voltage_measurement_heavy
ieee30_structural_group_03_realization_02_seed_30202_8x8,ieee30,sensitivity_refined_mean,16,3,second_half,"[10,11,12,13,14,15,16,17,18,19]","[30551010,30551011,30551012,30551013,30551014,30551015,30551016,30551017,30551018,30551019]",ieee30_structural_group_03_realization_02_seed_30202_8x8__sensitivity_refined_mean_k16_s3_e9b82b933c6d,e9b82b933c6df8a15fbd78f7077034196a1363d3bcb883f9be2069b36dc9bf1e,ieee30_structural_group_03_realization_02_seed_30202_8x8__stability_sensitivity_refined_mean_second_half_7b4fa552ed30,7b4fa552ed30c66cf0ccd71e9d067c35938573499d41ed2c1b5b4bd0d18c3989,supports/stability/ieee30_structural_group_03_realization_02_seed_30202_8x8/ieee30_structural_group_03_realization_02_seed_30202_8x8__stability_sensitivity_refined_mean_second_half_7b4fa552ed30.json,0.8666666666666667,0.044427500880919,optimal,1,training_only,False,completed,,ieee30_structural_group_03,3,2,30202,ieee30_voltage_measurement_heavy_v03,voltage_measurement_heavy
ieee30_structural_group_04_realization_01_seed_30201_8x8,ieee30,balanced_magnitude,16,3,even_positions,"[0,2,4,6,8,10,12,14,16,18]","[30561000,30561002,30561004,30561006,30561008,30561010,30561012,30561014,30561016,30561018]",ieee30_structural_group_04_realization_01_seed_30201_8x8__balanced_magnitude_k16_s3_4009895dbcee,4009895dbcee4097421fb74030957946b995961286436bfd6de0f3fee17e0c65,ieee30_structural_group_04_realization_01_seed_30201_8x8__stability_balanced_magnitude_even_positions_4009895dbcee,4009895dbcee4097421fb74030957946b995961286436bfd6de0f3fee17e0c65,supports/stability/ieee30_structural_group_04_realization_01_seed_30201_8x8/ieee30_structural_group_04_realization_01_seed_30201_8x8__stability_balanced_magnitude_even_positions_4009895dbcee.json,1.0,0.0,optimal,0,training_only,False,completed,,ieee30_structural_group_04,4,1,30201,ieee30_angle_dominant_v03,angle_dominant
ieee30_structural_group_04_realization_01_seed_30201_8x8,ieee30,balanced_magnitude,16,3,first_half,"[0,1,2,3,4,5,6,7,8,9]","[30561000,30561001,30561002,30561003,30561004,30561005,30561006,30561007,30561008,30561009]",ieee30_structural_group_04_realization_01_seed_30201_8x8__balanced_magnitude_k16_s3_4009895dbcee,4009895dbcee4097421fb74030957946b995961286436bfd6de0f3fee17e0c65,ieee30_structural_group_04_realization_01_seed_30201_8x8__stability_balanced_magnitude_first_half_4009895dbcee,4009895dbcee4097421fb74030957946b995961286436bfd6de0f3fee17e0c65,supports/stability/ieee30_structural_group_04_realization_01_seed_30201_8x8/ieee30_structural_group_04_realization_01_seed_30201_8x8__stability_balanced_magnitude_first_half_4009895dbcee.json,1.0,0.0,optimal,0,training_only,False,completed,,ieee30_structural_group_04,4,1,30201,ieee30_angle_dominant_v03,angle_dominant
ieee30_structural_group_04_realization_01_seed_30201_8x8,ieee30,balanced_magnitude,16,3,odd_positions,"[1,3,5,7,9,11,13,15,17,19]","[30561001,30561003,30561005,30561007,30561009,30561011,30561013,30561015,30561017,30561019]",ieee30_structural_group_04_realization_01_seed_30201_8x8__balanced_magnitude_k16_s3_4009895dbcee,4009895dbcee4097421fb74030957946b995961286436bfd6de0f3fee17e0c65,ieee30_structural_group_04_realization_01_seed_30201_8x8__stability_balanced_magnitude_odd_positions_4009895dbcee,4009895dbcee4097421fb74030957946b995961286436bfd6de0f3fee17e0c65,supports/stability/ieee30_structural_group_04_realization_01_seed_30201_8x8/ieee30_structural_group_04_realization_01_seed_30201_8x8__stability_balanced_magnitude_odd_positions_4009895dbcee.json,1.0,0.0,optimal,0,training_only,False,completed,,ieee30_structural_group_04,4,1,30201,ieee30_angle_dominant_v03,angle_dominant
ieee30_structural_group_04_realization_01_seed_30201_8x8,ieee30,balanced_magnitude,16,3,second_half,"[10,11,12,13,14,15,16,17,18,19]","[30561010,30561011,30561012,30561013,30561014,30561015,30561016,30561017,30561018,30561019]",ieee30_structural_group_04_realization_01_seed_30201_8x8__balanced_magnitude_k16_s3_4009895dbcee,4009895dbcee4097421fb74030957946b995961286436bfd6de0f3fee17e0c65,ieee30_structural_group_04_realization_01_seed_30201_8x8__stability_balanced_magnitude_second_half_4009895dbcee,4009895dbcee4097421fb74030957946b995961286436bfd6de0f3fee17e0c65,supports/stability/ieee30_structural_group_04_realization_01_seed_30201_8x8/ieee30_structural_group_04_realization_01_seed_30201_8x8__stability_balanced_magnitude_second_half_4009895dbcee.json,1.0,0.0,optimal,0,training_only,False,completed,,ieee30_structural_group_04,4,1,30201,ieee30_angle_dominant_v03,angle_dominant
ieee30_structural_group_04_realization_01_seed_30201_8x8,ieee30,sensitivity_initial_mean,16,3,even_positions,"[0,2,4,6,8,10,12,14,16,18]","[30561000,30561002,30561004,30561006,30561008,30561010,30561012,30561014,30561016,30561018]",ieee30_structural_group_04_realization_01_seed_30201_8x8__sensitivity_initial_mean_k16_s3_1f9c962aac78,1f9c962aac785ee7fc873025b5b7df13f9db211c915479ce88a7046eb3188033,ieee30_structural_group_04_realization_01_seed_30201_8x8__stability_sensitivity_initial_mean_even_positions_1f9c962aac78,1f9c962aac785ee7fc873025b5b7df13f9db211c915479ce88a7046eb3188033,supports/stability/ieee30_structural_group_04_realization_01_seed_30201_8x8/ieee30_structural_group_04_realization_01_seed_30201_8x8__stability_sensitivity_initial_mean_even_positions_1f9c962aac78.json,1.0,0.0,optimal,0,training_only,False,completed,,ieee30_structural_group_04,4,1,30201,ieee30_angle_dominant_v03,angle_dominant
ieee30_structural_group_04_realization_01_seed_30201_8x8,ieee30,sensitivity_initial_mean,16,3,first_half,"[0,1,2,3,4,5,6,7,8,9]","[30561000,30561001,30561002,30561003,30561004,30561005,30561006,30561007,30561008,30561009]",ieee30_structural_group_04_realization_01_seed_30201_8x8__sensitivity_initial_mean_k16_s3_1f9c962aac78,1f9c962aac785ee7fc873025b5b7df13f9db211c915479ce88a7046eb3188033,ieee30_structural_group_04_realization_01_seed_30201_8x8__stability_sensitivity_initial_mean_first_half_1f9c962aac78,1f9c962aac785ee7fc873025b5b7df13f9db211c915479ce88a7046eb3188033,supports/stability/ieee30_structural_group_04_realization_01_seed_30201_8x8/ieee30_structural_group_04_realization_01_seed_30201_8x8__stability_sensitivity_initial_mean_first_half_1f9c962aac78.json,1.0,0.0,optimal,0,training_only,False,completed,,ieee30_structural_group_04,4,1,30201,ieee30_angle_dominant_v03,angle_dominant
ieee30_structural_group_04_realization_01_seed_30201_8x8,ieee30,sensitivity_initial_mean,16,3,odd_positions,"[1,3,5,7,9,11,13,15,17,19]","[30561001,30561003,30561005,30561007,30561009,30561011,30561013,30561015,30561017,30561019]",ieee30_structural_group_04_realization_01_seed_30201_8x8__sensitivity_initial_mean_k16_s3_1f9c962aac78,1f9c962aac785ee7fc873025b5b7df13f9db211c915479ce88a7046eb3188033,ieee30_structural_group_04_realization_01_seed_30201_8x8__stability_sensitivity_initial_mean_odd_positions_1f9c962aac78,1f9c962aac785ee7fc873025b5b7df13f9db211c915479ce88a7046eb3188033,supports/stability/ieee30_structural_group_04_realization_01_seed_30201_8x8/ieee30_structural_group_04_realization_01_seed_30201_8x8__stability_sensitivity_initial_mean_odd_positions_1f9c962aac78.json,1.0,0.0,optimal,0,training_only,False,completed,,ieee30_structural_group_04,4,1,30201,ieee30_angle_dominant_v03,angle_dominant
ieee30_structural_group_04_realization_01_seed_30201_8x8,ieee30,sensitivity_initial_mean,16,3,second_half,"[10,11,12,13,14,15,16,17,18,19]","[30561010,30561011,30561012,30561013,30561014,30561015,30561016,30561017,30561018,30561019]",ieee30_structural_group_04_realization_01_seed_30201_8x8__sensitivity_initial_mean_k16_s3_1f9c962aac78,1f9c962aac785ee7fc873025b5b7df13f9db211c915479ce88a7046eb3188033,ieee30_structural_group_04_realization_01_seed_30201_8x8__stability_sensitivity_initial_mean_second_half_1f9c962aac78,1f9c962aac785ee7fc873025b5b7df13f9db211c915479ce88a7046eb3188033,supports/stability/ieee30_structural_group_04_realization_01_seed_30201_8x8/ieee30_structural_group_04_realization_01_seed_30201_8x8__stability_sensitivity_initial_mean_second_half_1f9c962aac78.json,1.0,0.0,optimal,0,training_only,False,completed,,ieee30_structural_group_04,4,1,30201,ieee30_angle_dominant_v03,angle_dominant
ieee30_structural_group_04_realization_01_seed_30201_8x8,ieee30,sensitivity_refined_mean,16,3,even_positions,"[0,2,4,6,8,10,12,14,16,18]","[30561000,30561002,30561004,30561006,30561008,30561010,30561012,30561014,30561016,30561018]",ieee30_structural_group_04_realization_01_seed_30201_8x8__sensitivity_refined_mean_k16_s3_dcae52c0022f,dcae52c0022f205c3f434dd24e94a2483980664731c6ba31e2493b2a4ca6679c,ieee30_structural_group_04_realization_01_seed_30201_8x8__stability_sensitivity_refined_mean_even_positions_85d3900d70c8,85d3900d70c8acaa6042fee0e7ce1c19261c3f62b398993b8bbe5681844a49f5,supports/stability/ieee30_structural_group_04_realization_01_seed_30201_8x8/ieee30_structural_group_04_realization_01_seed_30201_8x8__stability_sensitivity_refined_mean_even_positions_85d3900d70c8.json,0.8823529411764706,0.0,optimal,1,training_only,False,completed,,ieee30_structural_group_04,4,1,30201,ieee30_angle_dominant_v03,angle_dominant
ieee30_structural_group_04_realization_01_seed_30201_8x8,ieee30,sensitivity_refined_mean,16,3,first_half,"[0,1,2,3,4,5,6,7,8,9]","[30561000,30561001,30561002,30561003,30561004,30561005,30561006,30561007,30561008,30561009]",ieee30_structural_group_04_realization_01_seed_30201_8x8__sensitivity_refined_mean_k16_s3_dcae52c0022f,dcae52c0022f205c3f434dd24e94a2483980664731c6ba31e2493b2a4ca6679c,ieee30_structural_group_04_realization_01_seed_30201_8x8__stability_sensitivity_refined_mean_first_half_dcae52c0022f,dcae52c0022f205c3f434dd24e94a2483980664731c6ba31e2493b2a4ca6679c,supports/stability/ieee30_structural_group_04_realization_01_seed_30201_8x8/ieee30_structural_group_04_realization_01_seed_30201_8x8__stability_sensitivity_refined_mean_first_half_dcae52c0022f.json,1.0,0.0,optimal,2,training_only,False,completed,,ieee30_structural_group_04,4,1,30201,ieee30_angle_dominant_v03,angle_dominant
ieee30_structural_group_04_realization_01_seed_30201_8x8,ieee30,sensitivity_refined_mean,16,3,odd_positions,"[1,3,5,7,9,11,13,15,17,19]","[30561001,30561003,30561005,30561007,30561009,30561011,30561013,30561015,30561017,30561019]",ieee30_structural_group_04_realization_01_seed_30201_8x8__sensitivity_refined_mean_k16_s3_dcae52c0022f,dcae52c0022f205c3f434dd24e94a2483980664731c6ba31e2493b2a4ca6679c,ieee30_structural_group_04_realization_01_seed_30201_8x8__stability_sensitivity_refined_mean_odd_positions_3e3aa35efb2e,3e3aa35efb2ec9159e5068ddc41d52a98e0ca9751706ce2eb2658f9913aa14e5,supports/stability/ieee30_structural_group_04_realization_01_seed_30201_8x8/ieee30_structural_group_04_realization_01_seed_30201_8x8__stability_sensitivity_refined_mean_odd_positions_3e3aa35efb2e.json,0.8823529411764706,0.0,optimal,1,training_only,False,completed,,ieee30_structural_group_04,4,1,30201,ieee30_angle_dominant_v03,angle_dominant
ieee30_structural_group_04_realization_01_seed_30201_8x8,ieee30,sensitivity_refined_mean,16,3,second_half,"[10,11,12,13,14,15,16,17,18,19]","[30561010,30561011,30561012,30561013,30561014,30561015,30561016,30561017,30561018,30561019]",ieee30_structural_group_04_realization_01_seed_30201_8x8__sensitivity_refined_mean_k16_s3_dcae52c0022f,dcae52c0022f205c3f434dd24e94a2483980664731c6ba31e2493b2a4ca6679c,ieee30_structural_group_04_realization_01_seed_30201_8x8__stability_sensitivity_refined_mean_second_half_851d49c58bb7,851d49c58bb7382471cd62780a5c63547ff20ae8f1c14dace2396572ce5a4248,supports/stability/ieee30_structural_group_04_realization_01_seed_30201_8x8/ieee30_structural_group_04_realization_01_seed_30201_8x8__stability_sensitivity_refined_mean_second_half_851d49c58bb7.json,0.8823529411764706,0.0,optimal,1,training_only,False,completed,,ieee30_structural_group_04,4,1,30201,ieee30_angle_dominant_v03,angle_dominant
ieee30_structural_group_04_realization_02_seed_30202_8x8,ieee30,balanced_magnitude,16,3,even_positions,"[0,2,4,6,8,10,12,14,16,18]","[30571000,30571002,30571004,30571006,30571008,30571010,30571012,30571014,30571016,30571018]",ieee30_structural_group_04_realization_02_seed_30202_8x8__balanced_magnitude_k16_s3_4009895dbcee,4009895dbcee4097421fb74030957946b995961286436bfd6de0f3fee17e0c65,ieee30_structural_group_04_realization_02_seed_30202_8x8__stability_balanced_magnitude_even_positions_4009895dbcee,4009895dbcee4097421fb74030957946b995961286436bfd6de0f3fee17e0c65,supports/stability/ieee30_structural_group_04_realization_02_seed_30202_8x8/ieee30_structural_group_04_realization_02_seed_30202_8x8__stability_balanced_magnitude_even_positions_4009895dbcee.json,1.0,0.0,optimal,0,training_only,False,completed,,ieee30_structural_group_04,4,2,30202,ieee30_angle_dominant_v03,angle_dominant
ieee30_structural_group_04_realization_02_seed_30202_8x8,ieee30,balanced_magnitude,16,3,first_half,"[0,1,2,3,4,5,6,7,8,9]","[30571000,30571001,30571002,30571003,30571004,30571005,30571006,30571007,30571008,30571009]",ieee30_structural_group_04_realization_02_seed_30202_8x8__balanced_magnitude_k16_s3_4009895dbcee,4009895dbcee4097421fb74030957946b995961286436bfd6de0f3fee17e0c65,ieee30_structural_group_04_realization_02_seed_30202_8x8__stability_balanced_magnitude_first_half_4009895dbcee,4009895dbcee4097421fb74030957946b995961286436bfd6de0f3fee17e0c65,supports/stability/ieee30_structural_group_04_realization_02_seed_30202_8x8/ieee30_structural_group_04_realization_02_seed_30202_8x8__stability_balanced_magnitude_first_half_4009895dbcee.json,1.0,0.0,optimal,0,training_only,False,completed,,ieee30_structural_group_04,4,2,30202,ieee30_angle_dominant_v03,angle_dominant
ieee30_structural_group_04_realization_02_seed_30202_8x8,ieee30,balanced_magnitude,16,3,odd_positions,"[1,3,5,7,9,11,13,15,17,19]","[30571001,30571003,30571005,30571007,30571009,30571011,30571013,30571015,30571017,30571019]",ieee30_structural_group_04_realization_02_seed_30202_8x8__balanced_magnitude_k16_s3_4009895dbcee,4009895dbcee4097421fb74030957946b995961286436bfd6de0f3fee17e0c65,ieee30_structural_group_04_realization_02_seed_30202_8x8__stability_balanced_magnitude_odd_positions_4009895dbcee,4009895dbcee4097421fb74030957946b995961286436bfd6de0f3fee17e0c65,supports/stability/ieee30_structural_group_04_realization_02_seed_30202_8x8/ieee30_structural_group_04_realization_02_seed_30202_8x8__stability_balanced_magnitude_odd_positions_4009895dbcee.json,1.0,0.0,optimal,0,training_only,False,completed,,ieee30_structural_group_04,4,2,30202,ieee30_angle_dominant_v03,angle_dominant
ieee30_structural_group_04_realization_02_seed_30202_8x8,ieee30,balanced_magnitude,16,3,second_half,"[10,11,12,13,14,15,16,17,18,19]","[30571010,30571011,30571012,30571013,30571014,30571015,30571016,30571017,30571018,30571019]",ieee30_structural_group_04_realization_02_seed_30202_8x8__balanced_magnitude_k16_s3_4009895dbcee,4009895dbcee4097421fb74030957946b995961286436bfd6de0f3fee17e0c65,ieee30_structural_group_04_realization_02_seed_30202_8x8__stability_balanced_magnitude_second_half_4009895dbcee,4009895dbcee4097421fb74030957946b995961286436bfd6de0f3fee17e0c65,supports/stability/ieee30_structural_group_04_realization_02_seed_30202_8x8/ieee30_structural_group_04_realization_02_seed_30202_8x8__stability_balanced_magnitude_second_half_4009895dbcee.json,1.0,0.0,optimal,0,training_only,False,completed,,ieee30_structural_group_04,4,2,30202,ieee30_angle_dominant_v03,angle_dominant
ieee30_structural_group_04_realization_02_seed_30202_8x8,ieee30,sensitivity_initial_mean,16,3,even_positions,"[0,2,4,6,8,10,12,14,16,18]","[30571000,30571002,30571004,30571006,30571008,30571010,30571012,30571014,30571016,30571018]",ieee30_structural_group_04_realization_02_seed_30202_8x8__sensitivity_initial_mean_k16_s3_851d49c58bb7,851d49c58bb7382471cd62780a5c63547ff20ae8f1c14dace2396572ce5a4248,ieee30_structural_group_04_realization_02_seed_30202_8x8__stability_sensitivity_initial_mean_even_positions_851d49c58bb7,851d49c58bb7382471cd62780a5c63547ff20ae8f1c14dace2396572ce5a4248,supports/stability/ieee30_structural_group_04_realization_02_seed_30202_8x8/ieee30_structural_group_04_realization_02_seed_30202_8x8__stability_sensitivity_initial_mean_even_positions_851d49c58bb7.json,1.0,0.0,optimal,0,training_only,False,completed,,ieee30_structural_group_04,4,2,30202,ieee30_angle_dominant_v03,angle_dominant
ieee30_structural_group_04_realization_02_seed_30202_8x8,ieee30,sensitivity_initial_mean,16,3,first_half,"[0,1,2,3,4,5,6,7,8,9]","[30571000,30571001,30571002,30571003,30571004,30571005,30571006,30571007,30571008,30571009]",ieee30_structural_group_04_realization_02_seed_30202_8x8__sensitivity_initial_mean_k16_s3_851d49c58bb7,851d49c58bb7382471cd62780a5c63547ff20ae8f1c14dace2396572ce5a4248,ieee30_structural_group_04_realization_02_seed_30202_8x8__stability_sensitivity_initial_mean_first_half_1f9c962aac78,1f9c962aac785ee7fc873025b5b7df13f9db211c915479ce88a7046eb3188033,supports/stability/ieee30_structural_group_04_realization_02_seed_30202_8x8/ieee30_structural_group_04_realization_02_seed_30202_8x8__stability_sensitivity_initial_mean_first_half_1f9c962aac78.json,0.8823529411764706,0.0,optimal,0,training_only,False,completed,,ieee30_structural_group_04,4,2,30202,ieee30_angle_dominant_v03,angle_dominant
ieee30_structural_group_04_realization_02_seed_30202_8x8,ieee30,sensitivity_initial_mean,16,3,odd_positions,"[1,3,5,7,9,11,13,15,17,19]","[30571001,30571003,30571005,30571007,30571009,30571011,30571013,30571015,30571017,30571019]",ieee30_structural_group_04_realization_02_seed_30202_8x8__sensitivity_initial_mean_k16_s3_851d49c58bb7,851d49c58bb7382471cd62780a5c63547ff20ae8f1c14dace2396572ce5a4248,ieee30_structural_group_04_realization_02_seed_30202_8x8__stability_sensitivity_initial_mean_odd_positions_1f9c962aac78,1f9c962aac785ee7fc873025b5b7df13f9db211c915479ce88a7046eb3188033,supports/stability/ieee30_structural_group_04_realization_02_seed_30202_8x8/ieee30_structural_group_04_realization_02_seed_30202_8x8__stability_sensitivity_initial_mean_odd_positions_1f9c962aac78.json,0.8823529411764706,0.0,optimal,0,training_only,False,completed,,ieee30_structural_group_04,4,2,30202,ieee30_angle_dominant_v03,angle_dominant
ieee30_structural_group_04_realization_02_seed_30202_8x8,ieee30,sensitivity_initial_mean,16,3,second_half,"[10,11,12,13,14,15,16,17,18,19]","[30571010,30571011,30571012,30571013,30571014,30571015,30571016,30571017,30571018,30571019]",ieee30_structural_group_04_realization_02_seed_30202_8x8__sensitivity_initial_mean_k16_s3_851d49c58bb7,851d49c58bb7382471cd62780a5c63547ff20ae8f1c14dace2396572ce5a4248,ieee30_structural_group_04_realization_02_seed_30202_8x8__stability_sensitivity_initial_mean_second_half_851d49c58bb7,851d49c58bb7382471cd62780a5c63547ff20ae8f1c14dace2396572ce5a4248,supports/stability/ieee30_structural_group_04_realization_02_seed_30202_8x8/ieee30_structural_group_04_realization_02_seed_30202_8x8__stability_sensitivity_initial_mean_second_half_851d49c58bb7.json,1.0,0.0,optimal,0,training_only,False,completed,,ieee30_structural_group_04,4,2,30202,ieee30_angle_dominant_v03,angle_dominant
ieee30_structural_group_04_realization_02_seed_30202_8x8,ieee30,sensitivity_refined_mean,16,3,even_positions,"[0,2,4,6,8,10,12,14,16,18]","[30571000,30571002,30571004,30571006,30571008,30571010,30571012,30571014,30571016,30571018]",ieee30_structural_group_04_realization_02_seed_30202_8x8__sensitivity_refined_mean_k16_s3_dcae52c0022f,dcae52c0022f205c3f434dd24e94a2483980664731c6ba31e2493b2a4ca6679c,ieee30_structural_group_04_realization_02_seed_30202_8x8__stability_sensitivity_refined_mean_even_positions_85d3900d70c8,85d3900d70c8acaa6042fee0e7ce1c19261c3f62b398993b8bbe5681844a49f5,supports/stability/ieee30_structural_group_04_realization_02_seed_30202_8x8/ieee30_structural_group_04_realization_02_seed_30202_8x8__stability_sensitivity_refined_mean_even_positions_85d3900d70c8.json,0.8823529411764706,0.0,optimal,1,training_only,False,completed,,ieee30_structural_group_04,4,2,30202,ieee30_angle_dominant_v03,angle_dominant
ieee30_structural_group_04_realization_02_seed_30202_8x8,ieee30,sensitivity_refined_mean,16,3,first_half,"[0,1,2,3,4,5,6,7,8,9]","[30571000,30571001,30571002,30571003,30571004,30571005,30571006,30571007,30571008,30571009]",ieee30_structural_group_04_realization_02_seed_30202_8x8__sensitivity_refined_mean_k16_s3_dcae52c0022f,dcae52c0022f205c3f434dd24e94a2483980664731c6ba31e2493b2a4ca6679c,ieee30_structural_group_04_realization_02_seed_30202_8x8__stability_sensitivity_refined_mean_first_half_dcae52c0022f,dcae52c0022f205c3f434dd24e94a2483980664731c6ba31e2493b2a4ca6679c,supports/stability/ieee30_structural_group_04_realization_02_seed_30202_8x8/ieee30_structural_group_04_realization_02_seed_30202_8x8__stability_sensitivity_refined_mean_first_half_dcae52c0022f.json,1.0,0.0,optimal,2,training_only,False,completed,,ieee30_structural_group_04,4,2,30202,ieee30_angle_dominant_v03,angle_dominant
ieee30_structural_group_04_realization_02_seed_30202_8x8,ieee30,sensitivity_refined_mean,16,3,odd_positions,"[1,3,5,7,9,11,13,15,17,19]","[30571001,30571003,30571005,30571007,30571009,30571011,30571013,30571015,30571017,30571019]",ieee30_structural_group_04_realization_02_seed_30202_8x8__sensitivity_refined_mean_k16_s3_dcae52c0022f,dcae52c0022f205c3f434dd24e94a2483980664731c6ba31e2493b2a4ca6679c,ieee30_structural_group_04_realization_02_seed_30202_8x8__stability_sensitivity_refined_mean_odd_positions_dcae52c0022f,dcae52c0022f205c3f434dd24e94a2483980664731c6ba31e2493b2a4ca6679c,supports/stability/ieee30_structural_group_04_realization_02_seed_30202_8x8/ieee30_structural_group_04_realization_02_seed_30202_8x8__stability_sensitivity_refined_mean_odd_positions_dcae52c0022f.json,1.0,0.0,optimal,2,training_only,False,completed,,ieee30_structural_group_04,4,2,30202,ieee30_angle_dominant_v03,angle_dominant
ieee30_structural_group_04_realization_02_seed_30202_8x8,ieee30,sensitivity_refined_mean,16,3,second_half,"[10,11,12,13,14,15,16,17,18,19]","[30571010,30571011,30571012,30571013,30571014,30571015,30571016,30571017,30571018,30571019]",ieee30_structural_group_04_realization_02_seed_30202_8x8__sensitivity_refined_mean_k16_s3_dcae52c0022f,dcae52c0022f205c3f434dd24e94a2483980664731c6ba31e2493b2a4ca6679c,ieee30_structural_group_04_realization_02_seed_30202_8x8__stability_sensitivity_refined_mean_second_half_85d3900d70c8,85d3900d70c8acaa6042fee0e7ce1c19261c3f62b398993b8bbe5681844a49f5,supports/stability/ieee30_structural_group_04_realization_02_seed_30202_8x8/ieee30_structural_group_04_realization_02_seed_30202_8x8__stability_sensitivity_refined_mean_second_half_85d3900d70c8.json,0.8823529411764706,0.0,optimal,1,training_only,False,completed,,ieee30_structural_group_04,4,2,30202,ieee30_angle_dominant_v03,angle_dominant
ieee57_structural_group_01_realization_01_seed_57201_8x8,ieee57,balanced_magnitude,16,3,even_positions,"[0,2,4,6,8,10,12,14,16,18]","[57501000,57501002,57501004,57501006,57501008,57501010,57501012,57501014,57501016,57501018]",ieee57_structural_group_01_realization_01_seed_57201_8x8__balanced_magnitude_k16_s3_8645c7b3919c,8645c7b3919c24888787135b7c925be3d5b3d393b116fb48c3846ad039feabd5,ieee57_structural_group_01_realization_01_seed_57201_8x8__stability_balanced_magnitude_even_positions_8645c7b3919c,8645c7b3919c24888787135b7c925be3d5b3d393b116fb48c3846ad039feabd5,supports/stability/ieee57_structural_group_01_realization_01_seed_57201_8x8/ieee57_structural_group_01_realization_01_seed_57201_8x8__stability_balanced_magnitude_even_positions_8645c7b3919c.json,1.0,0.0,optimal,0,training_only,False,completed,,ieee57_structural_group_01,1,1,57201,ieee57_lexicographic_metadata_v03,lexicographic_metadata
ieee57_structural_group_01_realization_01_seed_57201_8x8,ieee57,balanced_magnitude,16,3,first_half,"[0,1,2,3,4,5,6,7,8,9]","[57501000,57501001,57501002,57501003,57501004,57501005,57501006,57501007,57501008,57501009]",ieee57_structural_group_01_realization_01_seed_57201_8x8__balanced_magnitude_k16_s3_8645c7b3919c,8645c7b3919c24888787135b7c925be3d5b3d393b116fb48c3846ad039feabd5,ieee57_structural_group_01_realization_01_seed_57201_8x8__stability_balanced_magnitude_first_half_8645c7b3919c,8645c7b3919c24888787135b7c925be3d5b3d393b116fb48c3846ad039feabd5,supports/stability/ieee57_structural_group_01_realization_01_seed_57201_8x8/ieee57_structural_group_01_realization_01_seed_57201_8x8__stability_balanced_magnitude_first_half_8645c7b3919c.json,1.0,0.0,optimal,0,training_only,False,completed,,ieee57_structural_group_01,1,1,57201,ieee57_lexicographic_metadata_v03,lexicographic_metadata
ieee57_structural_group_01_realization_01_seed_57201_8x8,ieee57,balanced_magnitude,16,3,odd_positions,"[1,3,5,7,9,11,13,15,17,19]","[57501001,57501003,57501005,57501007,57501009,57501011,57501013,57501015,57501017,57501019]",ieee57_structural_group_01_realization_01_seed_57201_8x8__balanced_magnitude_k16_s3_8645c7b3919c,8645c7b3919c24888787135b7c925be3d5b3d393b116fb48c3846ad039feabd5,ieee57_structural_group_01_realization_01_seed_57201_8x8__stability_balanced_magnitude_odd_positions_8645c7b3919c,8645c7b3919c24888787135b7c925be3d5b3d393b116fb48c3846ad039feabd5,supports/stability/ieee57_structural_group_01_realization_01_seed_57201_8x8/ieee57_structural_group_01_realization_01_seed_57201_8x8__stability_balanced_magnitude_odd_positions_8645c7b3919c.json,1.0,0.0,optimal,0,training_only,False,completed,,ieee57_structural_group_01,1,1,57201,ieee57_lexicographic_metadata_v03,lexicographic_metadata
ieee57_structural_group_01_realization_01_seed_57201_8x8,ieee57,balanced_magnitude,16,3,second_half,"[10,11,12,13,14,15,16,17,18,19]","[57501010,57501011,57501012,57501013,57501014,57501015,57501016,57501017,57501018,57501019]",ieee57_structural_group_01_realization_01_seed_57201_8x8__balanced_magnitude_k16_s3_8645c7b3919c,8645c7b3919c24888787135b7c925be3d5b3d393b116fb48c3846ad039feabd5,ieee57_structural_group_01_realization_01_seed_57201_8x8__stability_balanced_magnitude_second_half_8645c7b3919c,8645c7b3919c24888787135b7c925be3d5b3d393b116fb48c3846ad039feabd5,supports/stability/ieee57_structural_group_01_realization_01_seed_57201_8x8/ieee57_structural_group_01_realization_01_seed_57201_8x8__stability_balanced_magnitude_second_half_8645c7b3919c.json,1.0,0.0,optimal,0,training_only,False,completed,,ieee57_structural_group_01,1,1,57201,ieee57_lexicographic_metadata_v03,lexicographic_metadata
ieee57_structural_group_01_realization_01_seed_57201_8x8,ieee57,sensitivity_initial_mean,16,3,even_positions,"[0,2,4,6,8,10,12,14,16,18]","[57501000,57501002,57501004,57501006,57501008,57501010,57501012,57501014,57501016,57501018]",ieee57_structural_group_01_realization_01_seed_57201_8x8__sensitivity_initial_mean_k16_s3_8645c7b3919c,8645c7b3919c24888787135b7c925be3d5b3d393b116fb48c3846ad039feabd5,ieee57_structural_group_01_realization_01_seed_57201_8x8__stability_sensitivity_initial_mean_even_positions_8645c7b3919c,8645c7b3919c24888787135b7c925be3d5b3d393b116fb48c3846ad039feabd5,supports/stability/ieee57_structural_group_01_realization_01_seed_57201_8x8/ieee57_structural_group_01_realization_01_seed_57201_8x8__stability_sensitivity_initial_mean_even_positions_8645c7b3919c.json,1.0,0.0,optimal,0,training_only,False,completed,,ieee57_structural_group_01,1,1,57201,ieee57_lexicographic_metadata_v03,lexicographic_metadata
ieee57_structural_group_01_realization_01_seed_57201_8x8,ieee57,sensitivity_initial_mean,16,3,first_half,"[0,1,2,3,4,5,6,7,8,9]","[57501000,57501001,57501002,57501003,57501004,57501005,57501006,57501007,57501008,57501009]",ieee57_structural_group_01_realization_01_seed_57201_8x8__sensitivity_initial_mean_k16_s3_8645c7b3919c,8645c7b3919c24888787135b7c925be3d5b3d393b116fb48c3846ad039feabd5,ieee57_structural_group_01_realization_01_seed_57201_8x8__stability_sensitivity_initial_mean_first_half_8645c7b3919c,8645c7b3919c24888787135b7c925be3d5b3d393b116fb48c3846ad039feabd5,supports/stability/ieee57_structural_group_01_realization_01_seed_57201_8x8/ieee57_structural_group_01_realization_01_seed_57201_8x8__stability_sensitivity_initial_mean_first_half_8645c7b3919c.json,1.0,0.0,optimal,0,training_only,False,completed,,ieee57_structural_group_01,1,1,57201,ieee57_lexicographic_metadata_v03,lexicographic_metadata
ieee57_structural_group_01_realization_01_seed_57201_8x8,ieee57,sensitivity_initial_mean,16,3,odd_positions,"[1,3,5,7,9,11,13,15,17,19]","[57501001,57501003,57501005,57501007,57501009,57501011,57501013,57501015,57501017,57501019]",ieee57_structural_group_01_realization_01_seed_57201_8x8__sensitivity_initial_mean_k16_s3_8645c7b3919c,8645c7b3919c24888787135b7c925be3d5b3d393b116fb48c3846ad039feabd5,ieee57_structural_group_01_realization_01_seed_57201_8x8__stability_sensitivity_initial_mean_odd_positions_8645c7b3919c,8645c7b3919c24888787135b7c925be3d5b3d393b116fb48c3846ad039feabd5,supports/stability/ieee57_structural_group_01_realization_01_seed_57201_8x8/ieee57_structural_group_01_realization_01_seed_57201_8x8__stability_sensitivity_initial_mean_odd_positions_8645c7b3919c.json,1.0,0.0,optimal,0,training_only,False,completed,,ieee57_structural_group_01,1,1,57201,ieee57_lexicographic_metadata_v03,lexicographic_metadata
ieee57_structural_group_01_realization_01_seed_57201_8x8,ieee57,sensitivity_initial_mean,16,3,second_half,"[10,11,12,13,14,15,16,17,18,19]","[57501010,57501011,57501012,57501013,57501014,57501015,57501016,57501017,57501018,57501019]",ieee57_structural_group_01_realization_01_seed_57201_8x8__sensitivity_initial_mean_k16_s3_8645c7b3919c,8645c7b3919c24888787135b7c925be3d5b3d393b116fb48c3846ad039feabd5,ieee57_structural_group_01_realization_01_seed_57201_8x8__stability_sensitivity_initial_mean_second_half_8645c7b3919c,8645c7b3919c24888787135b7c925be3d5b3d393b116fb48c3846ad039feabd5,supports/stability/ieee57_structural_group_01_realization_01_seed_57201_8x8/ieee57_structural_group_01_realization_01_seed_57201_8x8__stability_sensitivity_initial_mean_second_half_8645c7b3919c.json,1.0,0.0,optimal,0,training_only,False,completed,,ieee57_structural_group_01,1,1,57201,ieee57_lexicographic_metadata_v03,lexicographic_metadata
ieee57_structural_group_01_realization_01_seed_57201_8x8,ieee57,sensitivity_refined_mean,16,3,even_positions,"[0,2,4,6,8,10,12,14,16,18]","[57501000,57501002,57501004,57501006,57501008,57501010,57501012,57501014,57501016,57501018]",ieee57_structural_group_01_realization_01_seed_57201_8x8__sensitivity_refined_mean_k16_s3_8645c7b3919c,8645c7b3919c24888787135b7c925be3d5b3d393b116fb48c3846ad039feabd5,ieee57_structural_group_01_realization_01_seed_57201_8x8__stability_sensitivity_refined_mean_even_positions_8645c7b3919c,8645c7b3919c24888787135b7c925be3d5b3d393b116fb48c3846ad039feabd5,supports/stability/ieee57_structural_group_01_realization_01_seed_57201_8x8/ieee57_structural_group_01_realization_01_seed_57201_8x8__stability_sensitivity_refined_mean_even_positions_8645c7b3919c.json,1.0,0.0,optimal,0,training_only,False,completed,,ieee57_structural_group_01,1,1,57201,ieee57_lexicographic_metadata_v03,lexicographic_metadata
ieee57_structural_group_01_realization_01_seed_57201_8x8,ieee57,sensitivity_refined_mean,16,3,first_half,"[0,1,2,3,4,5,6,7,8,9]","[57501000,57501001,57501002,57501003,57501004,57501005,57501006,57501007,57501008,57501009]",ieee57_structural_group_01_realization_01_seed_57201_8x8__sensitivity_refined_mean_k16_s3_8645c7b3919c,8645c7b3919c24888787135b7c925be3d5b3d393b116fb48c3846ad039feabd5,ieee57_structural_group_01_realization_01_seed_57201_8x8__stability_sensitivity_refined_mean_first_half_8645c7b3919c,8645c7b3919c24888787135b7c925be3d5b3d393b116fb48c3846ad039feabd5,supports/stability/ieee57_structural_group_01_realization_01_seed_57201_8x8/ieee57_structural_group_01_realization_01_seed_57201_8x8__stability_sensitivity_refined_mean_first_half_8645c7b3919c.json,1.0,0.0,optimal,0,training_only,False,completed,,ieee57_structural_group_01,1,1,57201,ieee57_lexicographic_metadata_v03,lexicographic_metadata
ieee57_structural_group_01_realization_01_seed_57201_8x8,ieee57,sensitivity_refined_mean,16,3,odd_positions,"[1,3,5,7,9,11,13,15,17,19]","[57501001,57501003,57501005,57501007,57501009,57501011,57501013,57501015,57501017,57501019]",ieee57_structural_group_01_realization_01_seed_57201_8x8__sensitivity_refined_mean_k16_s3_8645c7b3919c,8645c7b3919c24888787135b7c925be3d5b3d393b116fb48c3846ad039feabd5,ieee57_structural_group_01_realization_01_seed_57201_8x8__stability_sensitivity_refined_mean_odd_positions_8645c7b3919c,8645c7b3919c24888787135b7c925be3d5b3d393b116fb48c3846ad039feabd5,supports/stability/ieee57_structural_group_01_realization_01_seed_57201_8x8/ieee57_structural_group_01_realization_01_seed_57201_8x8__stability_sensitivity_refined_mean_odd_positions_8645c7b3919c.json,1.0,0.0,optimal,0,training_only,False,completed,,ieee57_structural_group_01,1,1,57201,ieee57_lexicographic_metadata_v03,lexicographic_metadata
ieee57_structural_group_01_realization_01_seed_57201_8x8,ieee57,sensitivity_refined_mean,16,3,second_half,"[10,11,12,13,14,15,16,17,18,19]","[57501010,57501011,57501012,57501013,57501014,57501015,57501016,57501017,57501018,57501019]",ieee57_structural_group_01_realization_01_seed_57201_8x8__sensitivity_refined_mean_k16_s3_8645c7b3919c,8645c7b3919c24888787135b7c925be3d5b3d393b116fb48c3846ad039feabd5,ieee57_structural_group_01_realization_01_seed_57201_8x8__stability_sensitivity_refined_mean_second_half_8645c7b3919c,8645c7b3919c24888787135b7c925be3d5b3d393b116fb48c3846ad039feabd5,supports/stability/ieee57_structural_group_01_realization_01_seed_57201_8x8/ieee57_structural_group_01_realization_01_seed_57201_8x8__stability_sensitivity_refined_mean_second_half_8645c7b3919c.json,1.0,0.0,optimal,0,training_only,False,completed,,ieee57_structural_group_01,1,1,57201,ieee57_lexicographic_metadata_v03,lexicographic_metadata
ieee57_structural_group_01_realization_02_seed_57202_8x8,ieee57,balanced_magnitude,16,3,even_positions,"[0,2,4,6,8,10,12,14,16,18]","[57511000,57511002,57511004,57511006,57511008,57511010,57511012,57511014,57511016,57511018]",ieee57_structural_group_01_realization_02_seed_57202_8x8__balanced_magnitude_k16_s3_8645c7b3919c,8645c7b3919c24888787135b7c925be3d5b3d393b116fb48c3846ad039feabd5,ieee57_structural_group_01_realization_02_seed_57202_8x8__stability_balanced_magnitude_even_positions_8645c7b3919c,8645c7b3919c24888787135b7c925be3d5b3d393b116fb48c3846ad039feabd5,supports/stability/ieee57_structural_group_01_realization_02_seed_57202_8x8/ieee57_structural_group_01_realization_02_seed_57202_8x8__stability_balanced_magnitude_even_positions_8645c7b3919c.json,1.0,0.0,optimal,0,training_only,False,completed,,ieee57_structural_group_01,1,2,57202,ieee57_lexicographic_metadata_v03,lexicographic_metadata
ieee57_structural_group_01_realization_02_seed_57202_8x8,ieee57,balanced_magnitude,16,3,first_half,"[0,1,2,3,4,5,6,7,8,9]","[57511000,57511001,57511002,57511003,57511004,57511005,57511006,57511007,57511008,57511009]",ieee57_structural_group_01_realization_02_seed_57202_8x8__balanced_magnitude_k16_s3_8645c7b3919c,8645c7b3919c24888787135b7c925be3d5b3d393b116fb48c3846ad039feabd5,ieee57_structural_group_01_realization_02_seed_57202_8x8__stability_balanced_magnitude_first_half_8645c7b3919c,8645c7b3919c24888787135b7c925be3d5b3d393b116fb48c3846ad039feabd5,supports/stability/ieee57_structural_group_01_realization_02_seed_57202_8x8/ieee57_structural_group_01_realization_02_seed_57202_8x8__stability_balanced_magnitude_first_half_8645c7b3919c.json,1.0,0.0,optimal,0,training_only,False,completed,,ieee57_structural_group_01,1,2,57202,ieee57_lexicographic_metadata_v03,lexicographic_metadata
ieee57_structural_group_01_realization_02_seed_57202_8x8,ieee57,balanced_magnitude,16,3,odd_positions,"[1,3,5,7,9,11,13,15,17,19]","[57511001,57511003,57511005,57511007,57511009,57511011,57511013,57511015,57511017,57511019]",ieee57_structural_group_01_realization_02_seed_57202_8x8__balanced_magnitude_k16_s3_8645c7b3919c,8645c7b3919c24888787135b7c925be3d5b3d393b116fb48c3846ad039feabd5,ieee57_structural_group_01_realization_02_seed_57202_8x8__stability_balanced_magnitude_odd_positions_8645c7b3919c,8645c7b3919c24888787135b7c925be3d5b3d393b116fb48c3846ad039feabd5,supports/stability/ieee57_structural_group_01_realization_02_seed_57202_8x8/ieee57_structural_group_01_realization_02_seed_57202_8x8__stability_balanced_magnitude_odd_positions_8645c7b3919c.json,1.0,0.0,optimal,0,training_only,False,completed,,ieee57_structural_group_01,1,2,57202,ieee57_lexicographic_metadata_v03,lexicographic_metadata
ieee57_structural_group_01_realization_02_seed_57202_8x8,ieee57,balanced_magnitude,16,3,second_half,"[10,11,12,13,14,15,16,17,18,19]","[57511010,57511011,57511012,57511013,57511014,57511015,57511016,57511017,57511018,57511019]",ieee57_structural_group_01_realization_02_seed_57202_8x8__balanced_magnitude_k16_s3_8645c7b3919c,8645c7b3919c24888787135b7c925be3d5b3d393b116fb48c3846ad039feabd5,ieee57_structural_group_01_realization_02_seed_57202_8x8__stability_balanced_magnitude_second_half_8645c7b3919c,8645c7b3919c24888787135b7c925be3d5b3d393b116fb48c3846ad039feabd5,supports/stability/ieee57_structural_group_01_realization_02_seed_57202_8x8/ieee57_structural_group_01_realization_02_seed_57202_8x8__stability_balanced_magnitude_second_half_8645c7b3919c.json,1.0,0.0,optimal,0,training_only,False,completed,,ieee57_structural_group_01,1,2,57202,ieee57_lexicographic_metadata_v03,lexicographic_metadata
ieee57_structural_group_01_realization_02_seed_57202_8x8,ieee57,sensitivity_initial_mean,16,3,even_positions,"[0,2,4,6,8,10,12,14,16,18]","[57511000,57511002,57511004,57511006,57511008,57511010,57511012,57511014,57511016,57511018]",ieee57_structural_group_01_realization_02_seed_57202_8x8__sensitivity_initial_mean_k16_s3_8645c7b3919c,8645c7b3919c24888787135b7c925be3d5b3d393b116fb48c3846ad039feabd5,ieee57_structural_group_01_realization_02_seed_57202_8x8__stability_sensitivity_initial_mean_even_positions_8645c7b3919c,8645c7b3919c24888787135b7c925be3d5b3d393b116fb48c3846ad039feabd5,supports/stability/ieee57_structural_group_01_realization_02_seed_57202_8x8/ieee57_structural_group_01_realization_02_seed_57202_8x8__stability_sensitivity_initial_mean_even_positions_8645c7b3919c.json,1.0,0.0,optimal,0,training_only,False,completed,,ieee57_structural_group_01,1,2,57202,ieee57_lexicographic_metadata_v03,lexicographic_metadata
ieee57_structural_group_01_realization_02_seed_57202_8x8,ieee57,sensitivity_initial_mean,16,3,first_half,"[0,1,2,3,4,5,6,7,8,9]","[57511000,57511001,57511002,57511003,57511004,57511005,57511006,57511007,57511008,57511009]",ieee57_structural_group_01_realization_02_seed_57202_8x8__sensitivity_initial_mean_k16_s3_8645c7b3919c,8645c7b3919c24888787135b7c925be3d5b3d393b116fb48c3846ad039feabd5,ieee57_structural_group_01_realization_02_seed_57202_8x8__stability_sensitivity_initial_mean_first_half_8645c7b3919c,8645c7b3919c24888787135b7c925be3d5b3d393b116fb48c3846ad039feabd5,supports/stability/ieee57_structural_group_01_realization_02_seed_57202_8x8/ieee57_structural_group_01_realization_02_seed_57202_8x8__stability_sensitivity_initial_mean_first_half_8645c7b3919c.json,1.0,0.0,optimal,0,training_only,False,completed,,ieee57_structural_group_01,1,2,57202,ieee57_lexicographic_metadata_v03,lexicographic_metadata
ieee57_structural_group_01_realization_02_seed_57202_8x8,ieee57,sensitivity_initial_mean,16,3,odd_positions,"[1,3,5,7,9,11,13,15,17,19]","[57511001,57511003,57511005,57511007,57511009,57511011,57511013,57511015,57511017,57511019]",ieee57_structural_group_01_realization_02_seed_57202_8x8__sensitivity_initial_mean_k16_s3_8645c7b3919c,8645c7b3919c24888787135b7c925be3d5b3d393b116fb48c3846ad039feabd5,ieee57_structural_group_01_realization_02_seed_57202_8x8__stability_sensitivity_initial_mean_odd_positions_8645c7b3919c,8645c7b3919c24888787135b7c925be3d5b3d393b116fb48c3846ad039feabd5,supports/stability/ieee57_structural_group_01_realization_02_seed_57202_8x8/ieee57_structural_group_01_realization_02_seed_57202_8x8__stability_sensitivity_initial_mean_odd_positions_8645c7b3919c.json,1.0,0.0,optimal,0,training_only,False,completed,,ieee57_structural_group_01,1,2,57202,ieee57_lexicographic_metadata_v03,lexicographic_metadata
ieee57_structural_group_01_realization_02_seed_57202_8x8,ieee57,sensitivity_initial_mean,16,3,second_half,"[10,11,12,13,14,15,16,17,18,19]","[57511010,57511011,57511012,57511013,57511014,57511015,57511016,57511017,57511018,57511019]",ieee57_structural_group_01_realization_02_seed_57202_8x8__sensitivity_initial_mean_k16_s3_8645c7b3919c,8645c7b3919c24888787135b7c925be3d5b3d393b116fb48c3846ad039feabd5,ieee57_structural_group_01_realization_02_seed_57202_8x8__stability_sensitivity_initial_mean_second_half_8645c7b3919c,8645c7b3919c24888787135b7c925be3d5b3d393b116fb48c3846ad039feabd5,supports/stability/ieee57_structural_group_01_realization_02_seed_57202_8x8/ieee57_structural_group_01_realization_02_seed_57202_8x8__stability_sensitivity_initial_mean_second_half_8645c7b3919c.json,1.0,0.0,optimal,0,training_only,False,completed,,ieee57_structural_group_01,1,2,57202,ieee57_lexicographic_metadata_v03,lexicographic_metadata
ieee57_structural_group_01_realization_02_seed_57202_8x8,ieee57,sensitivity_refined_mean,16,3,even_positions,"[0,2,4,6,8,10,12,14,16,18]","[57511000,57511002,57511004,57511006,57511008,57511010,57511012,57511014,57511016,57511018]",ieee57_structural_group_01_realization_02_seed_57202_8x8__sensitivity_refined_mean_k16_s3_8645c7b3919c,8645c7b3919c24888787135b7c925be3d5b3d393b116fb48c3846ad039feabd5,ieee57_structural_group_01_realization_02_seed_57202_8x8__stability_sensitivity_refined_mean_even_positions_8645c7b3919c,8645c7b3919c24888787135b7c925be3d5b3d393b116fb48c3846ad039feabd5,supports/stability/ieee57_structural_group_01_realization_02_seed_57202_8x8/ieee57_structural_group_01_realization_02_seed_57202_8x8__stability_sensitivity_refined_mean_even_positions_8645c7b3919c.json,1.0,0.0,optimal,0,training_only,False,completed,,ieee57_structural_group_01,1,2,57202,ieee57_lexicographic_metadata_v03,lexicographic_metadata
ieee57_structural_group_01_realization_02_seed_57202_8x8,ieee57,sensitivity_refined_mean,16,3,first_half,"[0,1,2,3,4,5,6,7,8,9]","[57511000,57511001,57511002,57511003,57511004,57511005,57511006,57511007,57511008,57511009]",ieee57_structural_group_01_realization_02_seed_57202_8x8__sensitivity_refined_mean_k16_s3_8645c7b3919c,8645c7b3919c24888787135b7c925be3d5b3d393b116fb48c3846ad039feabd5,ieee57_structural_group_01_realization_02_seed_57202_8x8__stability_sensitivity_refined_mean_first_half_8645c7b3919c,8645c7b3919c24888787135b7c925be3d5b3d393b116fb48c3846ad039feabd5,supports/stability/ieee57_structural_group_01_realization_02_seed_57202_8x8/ieee57_structural_group_01_realization_02_seed_57202_8x8__stability_sensitivity_refined_mean_first_half_8645c7b3919c.json,1.0,0.0,optimal,0,training_only,False,completed,,ieee57_structural_group_01,1,2,57202,ieee57_lexicographic_metadata_v03,lexicographic_metadata
ieee57_structural_group_01_realization_02_seed_57202_8x8,ieee57,sensitivity_refined_mean,16,3,odd_positions,"[1,3,5,7,9,11,13,15,17,19]","[57511001,57511003,57511005,57511007,57511009,57511011,57511013,57511015,57511017,57511019]",ieee57_structural_group_01_realization_02_seed_57202_8x8__sensitivity_refined_mean_k16_s3_8645c7b3919c,8645c7b3919c24888787135b7c925be3d5b3d393b116fb48c3846ad039feabd5,ieee57_structural_group_01_realization_02_seed_57202_8x8__stability_sensitivity_refined_mean_odd_positions_8645c7b3919c,8645c7b3919c24888787135b7c925be3d5b3d393b116fb48c3846ad039feabd5,supports/stability/ieee57_structural_group_01_realization_02_seed_57202_8x8/ieee57_structural_group_01_realization_02_seed_57202_8x8__stability_sensitivity_refined_mean_odd_positions_8645c7b3919c.json,1.0,0.0,optimal,0,training_only,False,completed,,ieee57_structural_group_01,1,2,57202,ieee57_lexicographic_metadata_v03,lexicographic_metadata
ieee57_structural_group_01_realization_02_seed_57202_8x8,ieee57,sensitivity_refined_mean,16,3,second_half,"[10,11,12,13,14,15,16,17,18,19]","[57511010,57511011,57511012,57511013,57511014,57511015,57511016,57511017,57511018,57511019]",ieee57_structural_group_01_realization_02_seed_57202_8x8__sensitivity_refined_mean_k16_s3_8645c7b3919c,8645c7b3919c24888787135b7c925be3d5b3d393b116fb48c3846ad039feabd5,ieee57_structural_group_01_realization_02_seed_57202_8x8__stability_sensitivity_refined_mean_second_half_8645c7b3919c,8645c7b3919c24888787135b7c925be3d5b3d393b116fb48c3846ad039feabd5,supports/stability/ieee57_structural_group_01_realization_02_seed_57202_8x8/ieee57_structural_group_01_realization_02_seed_57202_8x8__stability_sensitivity_refined_mean_second_half_8645c7b3919c.json,1.0,0.0,optimal,0,training_only,False,completed,,ieee57_structural_group_01,1,2,57202,ieee57_lexicographic_metadata_v03,lexicographic_metadata
ieee57_structural_group_02_realization_01_seed_57201_8x8,ieee57,balanced_magnitude,16,3,even_positions,"[0,2,4,6,8,10,12,14,16,18]","[57521000,57521002,57521004,57521006,57521008,57521010,57521012,57521014,57521016,57521018]",ieee57_structural_group_02_realization_01_seed_57201_8x8__balanced_magnitude_k16_s3_3bd84b42e0ee,3bd84b42e0ee0dd81c1c093aae17421cbbf07dbff37701b1d49b0beedee0164a,ieee57_structural_group_02_realization_01_seed_57201_8x8__stability_balanced_magnitude_even_positions_3bd84b42e0ee,3bd84b42e0ee0dd81c1c093aae17421cbbf07dbff37701b1d49b0beedee0164a,supports/stability/ieee57_structural_group_02_realization_01_seed_57201_8x8/ieee57_structural_group_02_realization_01_seed_57201_8x8__stability_balanced_magnitude_even_positions_3bd84b42e0ee.json,1.0,0.5882525724297081,optimal,0,training_only,False,completed,,ieee57_structural_group_02,2,1,57201,ieee57_voltage_dominant_v00,voltage_dominant
ieee57_structural_group_02_realization_01_seed_57201_8x8,ieee57,balanced_magnitude,16,3,first_half,"[0,1,2,3,4,5,6,7,8,9]","[57521000,57521001,57521002,57521003,57521004,57521005,57521006,57521007,57521008,57521009]",ieee57_structural_group_02_realization_01_seed_57201_8x8__balanced_magnitude_k16_s3_3bd84b42e0ee,3bd84b42e0ee0dd81c1c093aae17421cbbf07dbff37701b1d49b0beedee0164a,ieee57_structural_group_02_realization_01_seed_57201_8x8__stability_balanced_magnitude_first_half_3bd84b42e0ee,3bd84b42e0ee0dd81c1c093aae17421cbbf07dbff37701b1d49b0beedee0164a,supports/stability/ieee57_structural_group_02_realization_01_seed_57201_8x8/ieee57_structural_group_02_realization_01_seed_57201_8x8__stability_balanced_magnitude_first_half_3bd84b42e0ee.json,1.0,0.5882525724297081,optimal,0,training_only,False,completed,,ieee57_structural_group_02,2,1,57201,ieee57_voltage_dominant_v00,voltage_dominant
ieee57_structural_group_02_realization_01_seed_57201_8x8,ieee57,balanced_magnitude,16,3,odd_positions,"[1,3,5,7,9,11,13,15,17,19]","[57521001,57521003,57521005,57521007,57521009,57521011,57521013,57521015,57521017,57521019]",ieee57_structural_group_02_realization_01_seed_57201_8x8__balanced_magnitude_k16_s3_3bd84b42e0ee,3bd84b42e0ee0dd81c1c093aae17421cbbf07dbff37701b1d49b0beedee0164a,ieee57_structural_group_02_realization_01_seed_57201_8x8__stability_balanced_magnitude_odd_positions_3bd84b42e0ee,3bd84b42e0ee0dd81c1c093aae17421cbbf07dbff37701b1d49b0beedee0164a,supports/stability/ieee57_structural_group_02_realization_01_seed_57201_8x8/ieee57_structural_group_02_realization_01_seed_57201_8x8__stability_balanced_magnitude_odd_positions_3bd84b42e0ee.json,1.0,0.5882525724297081,optimal,0,training_only,False,completed,,ieee57_structural_group_02,2,1,57201,ieee57_voltage_dominant_v00,voltage_dominant
ieee57_structural_group_02_realization_01_seed_57201_8x8,ieee57,balanced_magnitude,16,3,second_half,"[10,11,12,13,14,15,16,17,18,19]","[57521010,57521011,57521012,57521013,57521014,57521015,57521016,57521017,57521018,57521019]",ieee57_structural_group_02_realization_01_seed_57201_8x8__balanced_magnitude_k16_s3_3bd84b42e0ee,3bd84b42e0ee0dd81c1c093aae17421cbbf07dbff37701b1d49b0beedee0164a,ieee57_structural_group_02_realization_01_seed_57201_8x8__stability_balanced_magnitude_second_half_3bd84b42e0ee,3bd84b42e0ee0dd81c1c093aae17421cbbf07dbff37701b1d49b0beedee0164a,supports/stability/ieee57_structural_group_02_realization_01_seed_57201_8x8/ieee57_structural_group_02_realization_01_seed_57201_8x8__stability_balanced_magnitude_second_half_3bd84b42e0ee.json,1.0,0.5882525724297081,optimal,0,training_only,False,completed,,ieee57_structural_group_02,2,1,57201,ieee57_voltage_dominant_v00,voltage_dominant
ieee57_structural_group_02_realization_01_seed_57201_8x8,ieee57,sensitivity_initial_mean,16,3,even_positions,"[0,2,4,6,8,10,12,14,16,18]","[57521000,57521002,57521004,57521006,57521008,57521010,57521012,57521014,57521016,57521018]",ieee57_structural_group_02_realization_01_seed_57201_8x8__sensitivity_initial_mean_k16_s3_10319689c6a8,10319689c6a8f40ffd3c4117c6cca9784013529f02dcdc2dce9d61895a3fed2d,ieee57_structural_group_02_realization_01_seed_57201_8x8__stability_sensitivity_initial_mean_even_positions_555bf880ea59,555bf880ea5955ab05a0a9f873d84ee839e7dabda065928f3e91c4ab18bf6c08,supports/stability/ieee57_structural_group_02_realization_01_seed_57201_8x8/ieee57_structural_group_02_realization_01_seed_57201_8x8__stability_sensitivity_initial_mean_even_positions_555bf880ea59.json,0.8823529411764706,1.7569711914130933e-15,optimal,0,training_only,False,completed,,ieee57_structural_group_02,2,1,57201,ieee57_voltage_dominant_v00,voltage_dominant
ieee57_structural_group_02_realization_01_seed_57201_8x8,ieee57,sensitivity_initial_mean,16,3,first_half,"[0,1,2,3,4,5,6,7,8,9]","[57521000,57521001,57521002,57521003,57521004,57521005,57521006,57521007,57521008,57521009]",ieee57_structural_group_02_realization_01_seed_57201_8x8__sensitivity_initial_mean_k16_s3_10319689c6a8,10319689c6a8f40ffd3c4117c6cca9784013529f02dcdc2dce9d61895a3fed2d,ieee57_structural_group_02_realization_01_seed_57201_8x8__stability_sensitivity_initial_mean_first_half_10319689c6a8,10319689c6a8f40ffd3c4117c6cca9784013529f02dcdc2dce9d61895a3fed2d,supports/stability/ieee57_structural_group_02_realization_01_seed_57201_8x8/ieee57_structural_group_02_realization_01_seed_57201_8x8__stability_sensitivity_initial_mean_first_half_10319689c6a8.json,1.0,1.7569711914130933e-15,optimal,0,training_only,False,completed,,ieee57_structural_group_02,2,1,57201,ieee57_voltage_dominant_v00,voltage_dominant
ieee57_structural_group_02_realization_01_seed_57201_8x8,ieee57,sensitivity_initial_mean,16,3,odd_positions,"[1,3,5,7,9,11,13,15,17,19]","[57521001,57521003,57521005,57521007,57521009,57521011,57521013,57521015,57521017,57521019]",ieee57_structural_group_02_realization_01_seed_57201_8x8__sensitivity_initial_mean_k16_s3_10319689c6a8,10319689c6a8f40ffd3c4117c6cca9784013529f02dcdc2dce9d61895a3fed2d,ieee57_structural_group_02_realization_01_seed_57201_8x8__stability_sensitivity_initial_mean_odd_positions_b6afe6151978,b6afe61519782f89ffe19fc312bdc005dbeedf569acfbc8f37876ae68f2f6b0b,supports/stability/ieee57_structural_group_02_realization_01_seed_57201_8x8/ieee57_structural_group_02_realization_01_seed_57201_8x8__stability_sensitivity_initial_mean_odd_positions_b6afe6151978.json,0.8823529411764706,1.7569711914130933e-15,optimal,0,training_only,False,completed,,ieee57_structural_group_02,2,1,57201,ieee57_voltage_dominant_v00,voltage_dominant
ieee57_structural_group_02_realization_01_seed_57201_8x8,ieee57,sensitivity_initial_mean,16,3,second_half,"[10,11,12,13,14,15,16,17,18,19]","[57521010,57521011,57521012,57521013,57521014,57521015,57521016,57521017,57521018,57521019]",ieee57_structural_group_02_realization_01_seed_57201_8x8__sensitivity_initial_mean_k16_s3_10319689c6a8,10319689c6a8f40ffd3c4117c6cca9784013529f02dcdc2dce9d61895a3fed2d,ieee57_structural_group_02_realization_01_seed_57201_8x8__stability_sensitivity_initial_mean_second_half_1f58d245718a,1f58d245718a29d24b809a2fb93e1aeba0f50c50ebc04d237a33ae91802daf5a,supports/stability/ieee57_structural_group_02_realization_01_seed_57201_8x8/ieee57_structural_group_02_realization_01_seed_57201_8x8__stability_sensitivity_initial_mean_second_half_1f58d245718a.json,0.8823529411764706,1.7569711914130933e-15,optimal,0,training_only,False,completed,,ieee57_structural_group_02,2,1,57201,ieee57_voltage_dominant_v00,voltage_dominant
ieee57_structural_group_02_realization_01_seed_57201_8x8,ieee57,sensitivity_refined_mean,16,3,even_positions,"[0,2,4,6,8,10,12,14,16,18]","[57521000,57521002,57521004,57521006,57521008,57521010,57521012,57521014,57521016,57521018]",ieee57_structural_group_02_realization_01_seed_57201_8x8__sensitivity_refined_mean_k16_s3_19d6c6fecc1b,19d6c6fecc1bb2584f6de76e4f9335cc291e5a3eeaaf6316b527a7705297e0fa,ieee57_structural_group_02_realization_01_seed_57201_8x8__stability_sensitivity_refined_mean_even_positions_5c9169d12f15,5c9169d12f150ea470f10e9b1e0959008fa1c33c80b0cfe10c27564b1592aa25,supports/stability/ieee57_structural_group_02_realization_01_seed_57201_8x8/ieee57_structural_group_02_realization_01_seed_57201_8x8__stability_sensitivity_refined_mean_even_positions_5c9169d12f15.json,0.6842105263157895,1.7569711914130933e-15,optimal,1,training_only,False,completed,,ieee57_structural_group_02,2,1,57201,ieee57_voltage_dominant_v00,voltage_dominant
ieee57_structural_group_02_realization_01_seed_57201_8x8,ieee57,sensitivity_refined_mean,16,3,first_half,"[0,1,2,3,4,5,6,7,8,9]","[57521000,57521001,57521002,57521003,57521004,57521005,57521006,57521007,57521008,57521009]",ieee57_structural_group_02_realization_01_seed_57201_8x8__sensitivity_refined_mean_k16_s3_19d6c6fecc1b,19d6c6fecc1bb2584f6de76e4f9335cc291e5a3eeaaf6316b527a7705297e0fa,ieee57_structural_group_02_realization_01_seed_57201_8x8__stability_sensitivity_refined_mean_first_half_16253044161f,16253044161f267fd7226ca73428c4763fc7e64c9fc670e669da94b7262b4a8f,supports/stability/ieee57_structural_group_02_realization_01_seed_57201_8x8/ieee57_structural_group_02_realization_01_seed_57201_8x8__stability_sensitivity_refined_mean_first_half_16253044161f.json,0.6842105263157895,1.7569711914130933e-15,optimal,1,training_only,False,completed,,ieee57_structural_group_02,2,1,57201,ieee57_voltage_dominant_v00,voltage_dominant
ieee57_structural_group_02_realization_01_seed_57201_8x8,ieee57,sensitivity_refined_mean,16,3,odd_positions,"[1,3,5,7,9,11,13,15,17,19]","[57521001,57521003,57521005,57521007,57521009,57521011,57521013,57521015,57521017,57521019]",ieee57_structural_group_02_realization_01_seed_57201_8x8__sensitivity_refined_mean_k16_s3_19d6c6fecc1b,19d6c6fecc1bb2584f6de76e4f9335cc291e5a3eeaaf6316b527a7705297e0fa,ieee57_structural_group_02_realization_01_seed_57201_8x8__stability_sensitivity_refined_mean_odd_positions_19d6c6fecc1b,19d6c6fecc1bb2584f6de76e4f9335cc291e5a3eeaaf6316b527a7705297e0fa,supports/stability/ieee57_structural_group_02_realization_01_seed_57201_8x8/ieee57_structural_group_02_realization_01_seed_57201_8x8__stability_sensitivity_refined_mean_odd_positions_19d6c6fecc1b.json,1.0,1.7569711914130933e-15,optimal,1,training_only,False,completed,,ieee57_structural_group_02,2,1,57201,ieee57_voltage_dominant_v00,voltage_dominant
ieee57_structural_group_02_realization_01_seed_57201_8x8,ieee57,sensitivity_refined_mean,16,3,second_half,"[10,11,12,13,14,15,16,17,18,19]","[57521010,57521011,57521012,57521013,57521014,57521015,57521016,57521017,57521018,57521019]",ieee57_structural_group_02_realization_01_seed_57201_8x8__sensitivity_refined_mean_k16_s3_19d6c6fecc1b,19d6c6fecc1bb2584f6de76e4f9335cc291e5a3eeaaf6316b527a7705297e0fa,ieee57_structural_group_02_realization_01_seed_57201_8x8__stability_sensitivity_refined_mean_second_half_c247089d3107,c247089d3107f71829293e692d3e11d924835b6db5a25a2b7e1bc3254b2f2e52,supports/stability/ieee57_structural_group_02_realization_01_seed_57201_8x8/ieee57_structural_group_02_realization_01_seed_57201_8x8__stability_sensitivity_refined_mean_second_half_c247089d3107.json,0.6842105263157895,1.7569711914130933e-15,optimal,1,training_only,False,completed,,ieee57_structural_group_02,2,1,57201,ieee57_voltage_dominant_v00,voltage_dominant
ieee57_structural_group_02_realization_02_seed_57202_8x8,ieee57,balanced_magnitude,16,3,even_positions,"[0,2,4,6,8,10,12,14,16,18]","[57531000,57531002,57531004,57531006,57531008,57531010,57531012,57531014,57531016,57531018]",ieee57_structural_group_02_realization_02_seed_57202_8x8__balanced_magnitude_k16_s3_3bd84b42e0ee,3bd84b42e0ee0dd81c1c093aae17421cbbf07dbff37701b1d49b0beedee0164a,ieee57_structural_group_02_realization_02_seed_57202_8x8__stability_balanced_magnitude_even_positions_3bd84b42e0ee,3bd84b42e0ee0dd81c1c093aae17421cbbf07dbff37701b1d49b0beedee0164a,supports/stability/ieee57_structural_group_02_realization_02_seed_57202_8x8/ieee57_structural_group_02_realization_02_seed_57202_8x8__stability_balanced_magnitude_even_positions_3bd84b42e0ee.json,1.0,0.7269322170386225,optimal,0,training_only,False,completed,,ieee57_structural_group_02,2,2,57202,ieee57_voltage_dominant_v00,voltage_dominant
ieee57_structural_group_02_realization_02_seed_57202_8x8,ieee57,balanced_magnitude,16,3,first_half,"[0,1,2,3,4,5,6,7,8,9]","[57531000,57531001,57531002,57531003,57531004,57531005,57531006,57531007,57531008,57531009]",ieee57_structural_group_02_realization_02_seed_57202_8x8__balanced_magnitude_k16_s3_3bd84b42e0ee,3bd84b42e0ee0dd81c1c093aae17421cbbf07dbff37701b1d49b0beedee0164a,ieee57_structural_group_02_realization_02_seed_57202_8x8__stability_balanced_magnitude_first_half_3bd84b42e0ee,3bd84b42e0ee0dd81c1c093aae17421cbbf07dbff37701b1d49b0beedee0164a,supports/stability/ieee57_structural_group_02_realization_02_seed_57202_8x8/ieee57_structural_group_02_realization_02_seed_57202_8x8__stability_balanced_magnitude_first_half_3bd84b42e0ee.json,1.0,0.7269322170386225,optimal,0,training_only,False,completed,,ieee57_structural_group_02,2,2,57202,ieee57_voltage_dominant_v00,voltage_dominant
ieee57_structural_group_02_realization_02_seed_57202_8x8,ieee57,balanced_magnitude,16,3,odd_positions,"[1,3,5,7,9,11,13,15,17,19]","[57531001,57531003,57531005,57531007,57531009,57531011,57531013,57531015,57531017,57531019]",ieee57_structural_group_02_realization_02_seed_57202_8x8__balanced_magnitude_k16_s3_3bd84b42e0ee,3bd84b42e0ee0dd81c1c093aae17421cbbf07dbff37701b1d49b0beedee0164a,ieee57_structural_group_02_realization_02_seed_57202_8x8__stability_balanced_magnitude_odd_positions_3bd84b42e0ee,3bd84b42e0ee0dd81c1c093aae17421cbbf07dbff37701b1d49b0beedee0164a,supports/stability/ieee57_structural_group_02_realization_02_seed_57202_8x8/ieee57_structural_group_02_realization_02_seed_57202_8x8__stability_balanced_magnitude_odd_positions_3bd84b42e0ee.json,1.0,0.7269322170386225,optimal,0,training_only,False,completed,,ieee57_structural_group_02,2,2,57202,ieee57_voltage_dominant_v00,voltage_dominant
ieee57_structural_group_02_realization_02_seed_57202_8x8,ieee57,balanced_magnitude,16,3,second_half,"[10,11,12,13,14,15,16,17,18,19]","[57531010,57531011,57531012,57531013,57531014,57531015,57531016,57531017,57531018,57531019]",ieee57_structural_group_02_realization_02_seed_57202_8x8__balanced_magnitude_k16_s3_3bd84b42e0ee,3bd84b42e0ee0dd81c1c093aae17421cbbf07dbff37701b1d49b0beedee0164a,ieee57_structural_group_02_realization_02_seed_57202_8x8__stability_balanced_magnitude_second_half_3bd84b42e0ee,3bd84b42e0ee0dd81c1c093aae17421cbbf07dbff37701b1d49b0beedee0164a,supports/stability/ieee57_structural_group_02_realization_02_seed_57202_8x8/ieee57_structural_group_02_realization_02_seed_57202_8x8__stability_balanced_magnitude_second_half_3bd84b42e0ee.json,1.0,0.7269322170386225,optimal,0,training_only,False,completed,,ieee57_structural_group_02,2,2,57202,ieee57_voltage_dominant_v00,voltage_dominant
ieee57_structural_group_02_realization_02_seed_57202_8x8,ieee57,sensitivity_initial_mean,16,3,even_positions,"[0,2,4,6,8,10,12,14,16,18]","[57531000,57531002,57531004,57531006,57531008,57531010,57531012,57531014,57531016,57531018]",ieee57_structural_group_02_realization_02_seed_57202_8x8__sensitivity_initial_mean_k16_s3_d19ae210752c,d19ae210752ce0ccc4043ded34cbdef5a886c2ece0cee58ba1e0d3a0a4985444,ieee57_structural_group_02_realization_02_seed_57202_8x8__stability_sensitivity_initial_mean_even_positions_a9e1fb1f3fb8,a9e1fb1f3fb8976b260ef46aaee23f8ad6973c85ddd4855c598bbf26224e225d,supports/stability/ieee57_structural_group_02_realization_02_seed_57202_8x8/ieee57_structural_group_02_realization_02_seed_57202_8x8__stability_sensitivity_initial_mean_even_positions_a9e1fb1f3fb8.json,0.8823529411764706,0.0,optimal,0,training_only,False,completed,,ieee57_structural_group_02,2,2,57202,ieee57_voltage_dominant_v00,voltage_dominant
ieee57_structural_group_02_realization_02_seed_57202_8x8,ieee57,sensitivity_initial_mean,16,3,first_half,"[0,1,2,3,4,5,6,7,8,9]","[57531000,57531001,57531002,57531003,57531004,57531005,57531006,57531007,57531008,57531009]",ieee57_structural_group_02_realization_02_seed_57202_8x8__sensitivity_initial_mean_k16_s3_d19ae210752c,d19ae210752ce0ccc4043ded34cbdef5a886c2ece0cee58ba1e0d3a0a4985444,ieee57_structural_group_02_realization_02_seed_57202_8x8__stability_sensitivity_initial_mean_first_half_d19ae210752c,d19ae210752ce0ccc4043ded34cbdef5a886c2ece0cee58ba1e0d3a0a4985444,supports/stability/ieee57_structural_group_02_realization_02_seed_57202_8x8/ieee57_structural_group_02_realization_02_seed_57202_8x8__stability_sensitivity_initial_mean_first_half_d19ae210752c.json,1.0,0.0,optimal,0,training_only,False,completed,,ieee57_structural_group_02,2,2,57202,ieee57_voltage_dominant_v00,voltage_dominant
ieee57_structural_group_02_realization_02_seed_57202_8x8,ieee57,sensitivity_initial_mean,16,3,odd_positions,"[1,3,5,7,9,11,13,15,17,19]","[57531001,57531003,57531005,57531007,57531009,57531011,57531013,57531015,57531017,57531019]",ieee57_structural_group_02_realization_02_seed_57202_8x8__sensitivity_initial_mean_k16_s3_d19ae210752c,d19ae210752ce0ccc4043ded34cbdef5a886c2ece0cee58ba1e0d3a0a4985444,ieee57_structural_group_02_realization_02_seed_57202_8x8__stability_sensitivity_initial_mean_odd_positions_10319689c6a8,10319689c6a8f40ffd3c4117c6cca9784013529f02dcdc2dce9d61895a3fed2d,supports/stability/ieee57_structural_group_02_realization_02_seed_57202_8x8/ieee57_structural_group_02_realization_02_seed_57202_8x8__stability_sensitivity_initial_mean_odd_positions_10319689c6a8.json,0.7777777777777778,0.0,optimal,0,training_only,False,completed,,ieee57_structural_group_02,2,2,57202,ieee57_voltage_dominant_v00,voltage_dominant
ieee57_structural_group_02_realization_02_seed_57202_8x8,ieee57,sensitivity_initial_mean,16,3,second_half,"[10,11,12,13,14,15,16,17,18,19]","[57531010,57531011,57531012,57531013,57531014,57531015,57531016,57531017,57531018,57531019]",ieee57_structural_group_02_realization_02_seed_57202_8x8__sensitivity_initial_mean_k16_s3_d19ae210752c,d19ae210752ce0ccc4043ded34cbdef5a886c2ece0cee58ba1e0d3a0a4985444,ieee57_structural_group_02_realization_02_seed_57202_8x8__stability_sensitivity_initial_mean_second_half_a9e1fb1f3fb8,a9e1fb1f3fb8976b260ef46aaee23f8ad6973c85ddd4855c598bbf26224e225d,supports/stability/ieee57_structural_group_02_realization_02_seed_57202_8x8/ieee57_structural_group_02_realization_02_seed_57202_8x8__stability_sensitivity_initial_mean_second_half_a9e1fb1f3fb8.json,0.8823529411764706,0.0,optimal,0,training_only,False,completed,,ieee57_structural_group_02,2,2,57202,ieee57_voltage_dominant_v00,voltage_dominant
ieee57_structural_group_02_realization_02_seed_57202_8x8,ieee57,sensitivity_refined_mean,16,3,even_positions,"[0,2,4,6,8,10,12,14,16,18]","[57531000,57531002,57531004,57531006,57531008,57531010,57531012,57531014,57531016,57531018]",ieee57_structural_group_02_realization_02_seed_57202_8x8__sensitivity_refined_mean_k16_s3_e7d3c4b41c87,e7d3c4b41c876bf4b5a63f799c528a1604f9da888b476701775db727ddf207db,ieee57_structural_group_02_realization_02_seed_57202_8x8__stability_sensitivity_refined_mean_even_positions_ff36ae6ccc95,ff36ae6ccc95c398465a9cb27bd3f5ba8ef16257ece83aa64f356a4d3e8ab15d,supports/stability/ieee57_structural_group_02_realization_02_seed_57202_8x8/ieee57_structural_group_02_realization_02_seed_57202_8x8__stability_sensitivity_refined_mean_even_positions_ff36ae6ccc95.json,0.7777777777777778,9.914787621087582e-15,optimal,1,training_only,False,completed,,ieee57_structural_group_02,2,2,57202,ieee57_voltage_dominant_v00,voltage_dominant
ieee57_structural_group_02_realization_02_seed_57202_8x8,ieee57,sensitivity_refined_mean,16,3,first_half,"[0,1,2,3,4,5,6,7,8,9]","[57531000,57531001,57531002,57531003,57531004,57531005,57531006,57531007,57531008,57531009]",ieee57_structural_group_02_realization_02_seed_57202_8x8__sensitivity_refined_mean_k16_s3_e7d3c4b41c87,e7d3c4b41c876bf4b5a63f799c528a1604f9da888b476701775db727ddf207db,ieee57_structural_group_02_realization_02_seed_57202_8x8__stability_sensitivity_refined_mean_first_half_5048ef37c937,5048ef37c9373cbe9db0cb07cf8320551d24a67ce293aa1577a99fb073d69dfb,supports/stability/ieee57_structural_group_02_realization_02_seed_57202_8x8/ieee57_structural_group_02_realization_02_seed_57202_8x8__stability_sensitivity_refined_mean_first_half_5048ef37c937.json,0.6842105263157895,9.914787621087582e-15,optimal,2,training_only,False,completed,,ieee57_structural_group_02,2,2,57202,ieee57_voltage_dominant_v00,voltage_dominant
ieee57_structural_group_02_realization_02_seed_57202_8x8,ieee57,sensitivity_refined_mean,16,3,odd_positions,"[1,3,5,7,9,11,13,15,17,19]","[57531001,57531003,57531005,57531007,57531009,57531011,57531013,57531015,57531017,57531019]",ieee57_structural_group_02_realization_02_seed_57202_8x8__sensitivity_refined_mean_k16_s3_e7d3c4b41c87,e7d3c4b41c876bf4b5a63f799c528a1604f9da888b476701775db727ddf207db,ieee57_structural_group_02_realization_02_seed_57202_8x8__stability_sensitivity_refined_mean_odd_positions_6bb812a3c0d6,6bb812a3c0d600c40fe7f784dfdb91c911a013e17856d2564d7369e02ff6d25b,supports/stability/ieee57_structural_group_02_realization_02_seed_57202_8x8/ieee57_structural_group_02_realization_02_seed_57202_8x8__stability_sensitivity_refined_mean_odd_positions_6bb812a3c0d6.json,0.5238095238095238,9.914787621087582e-15,optimal,1,training_only,False,completed,,ieee57_structural_group_02,2,2,57202,ieee57_voltage_dominant_v00,voltage_dominant
ieee57_structural_group_02_realization_02_seed_57202_8x8,ieee57,sensitivity_refined_mean,16,3,second_half,"[10,11,12,13,14,15,16,17,18,19]","[57531010,57531011,57531012,57531013,57531014,57531015,57531016,57531017,57531018,57531019]",ieee57_structural_group_02_realization_02_seed_57202_8x8__sensitivity_refined_mean_k16_s3_e7d3c4b41c87,e7d3c4b41c876bf4b5a63f799c528a1604f9da888b476701775db727ddf207db,ieee57_structural_group_02_realization_02_seed_57202_8x8__stability_sensitivity_refined_mean_second_half_e7d3c4b41c87,e7d3c4b41c876bf4b5a63f799c528a1604f9da888b476701775db727ddf207db,supports/stability/ieee57_structural_group_02_realization_02_seed_57202_8x8/ieee57_structural_group_02_realization_02_seed_57202_8x8__stability_sensitivity_refined_mean_second_half_e7d3c4b41c87.json,1.0,9.914787621087582e-15,optimal,3,training_only,False,completed,,ieee57_structural_group_02,2,2,57202,ieee57_voltage_dominant_v00,voltage_dominant
ieee57_structural_group_03_realization_01_seed_57201_8x8,ieee57,balanced_magnitude,16,3,even_positions,"[0,2,4,6,8,10,12,14,16,18]","[57541000,57541002,57541004,57541006,57541008,57541010,57541012,57541014,57541016,57541018]",ieee57_structural_group_03_realization_01_seed_57201_8x8__balanced_magnitude_k16_s3_13baebeb2c00,13baebeb2c005705f01ee2daab033578ca2a57ff6b1d5a8837e33b19fece18ff,ieee57_structural_group_03_realization_01_seed_57201_8x8__stability_balanced_magnitude_even_positions_13baebeb2c00,13baebeb2c005705f01ee2daab033578ca2a57ff6b1d5a8837e33b19fece18ff,supports/stability/ieee57_structural_group_03_realization_01_seed_57201_8x8/ieee57_structural_group_03_realization_01_seed_57201_8x8__stability_balanced_magnitude_even_positions_13baebeb2c00.json,1.0,0.2612911493811373,optimal,0,training_only,False,completed,,ieee57_structural_group_03,3,1,57201,ieee57_branch_flow_heavy_v00,branch_flow_heavy
ieee57_structural_group_03_realization_01_seed_57201_8x8,ieee57,balanced_magnitude,16,3,first_half,"[0,1,2,3,4,5,6,7,8,9]","[57541000,57541001,57541002,57541003,57541004,57541005,57541006,57541007,57541008,57541009]",ieee57_structural_group_03_realization_01_seed_57201_8x8__balanced_magnitude_k16_s3_13baebeb2c00,13baebeb2c005705f01ee2daab033578ca2a57ff6b1d5a8837e33b19fece18ff,ieee57_structural_group_03_realization_01_seed_57201_8x8__stability_balanced_magnitude_first_half_13baebeb2c00,13baebeb2c005705f01ee2daab033578ca2a57ff6b1d5a8837e33b19fece18ff,supports/stability/ieee57_structural_group_03_realization_01_seed_57201_8x8/ieee57_structural_group_03_realization_01_seed_57201_8x8__stability_balanced_magnitude_first_half_13baebeb2c00.json,1.0,0.2612911493811373,optimal,0,training_only,False,completed,,ieee57_structural_group_03,3,1,57201,ieee57_branch_flow_heavy_v00,branch_flow_heavy
ieee57_structural_group_03_realization_01_seed_57201_8x8,ieee57,balanced_magnitude,16,3,odd_positions,"[1,3,5,7,9,11,13,15,17,19]","[57541001,57541003,57541005,57541007,57541009,57541011,57541013,57541015,57541017,57541019]",ieee57_structural_group_03_realization_01_seed_57201_8x8__balanced_magnitude_k16_s3_13baebeb2c00,13baebeb2c005705f01ee2daab033578ca2a57ff6b1d5a8837e33b19fece18ff,ieee57_structural_group_03_realization_01_seed_57201_8x8__stability_balanced_magnitude_odd_positions_13baebeb2c00,13baebeb2c005705f01ee2daab033578ca2a57ff6b1d5a8837e33b19fece18ff,supports/stability/ieee57_structural_group_03_realization_01_seed_57201_8x8/ieee57_structural_group_03_realization_01_seed_57201_8x8__stability_balanced_magnitude_odd_positions_13baebeb2c00.json,1.0,0.2612911493811373,optimal,0,training_only,False,completed,,ieee57_structural_group_03,3,1,57201,ieee57_branch_flow_heavy_v00,branch_flow_heavy
ieee57_structural_group_03_realization_01_seed_57201_8x8,ieee57,balanced_magnitude,16,3,second_half,"[10,11,12,13,14,15,16,17,18,19]","[57541010,57541011,57541012,57541013,57541014,57541015,57541016,57541017,57541018,57541019]",ieee57_structural_group_03_realization_01_seed_57201_8x8__balanced_magnitude_k16_s3_13baebeb2c00,13baebeb2c005705f01ee2daab033578ca2a57ff6b1d5a8837e33b19fece18ff,ieee57_structural_group_03_realization_01_seed_57201_8x8__stability_balanced_magnitude_second_half_13baebeb2c00,13baebeb2c005705f01ee2daab033578ca2a57ff6b1d5a8837e33b19fece18ff,supports/stability/ieee57_structural_group_03_realization_01_seed_57201_8x8/ieee57_structural_group_03_realization_01_seed_57201_8x8__stability_balanced_magnitude_second_half_13baebeb2c00.json,1.0,0.2612911493811373,optimal,0,training_only,False,completed,,ieee57_structural_group_03,3,1,57201,ieee57_branch_flow_heavy_v00,branch_flow_heavy
ieee57_structural_group_03_realization_01_seed_57201_8x8,ieee57,sensitivity_initial_mean,16,3,even_positions,"[0,2,4,6,8,10,12,14,16,18]","[57541000,57541002,57541004,57541006,57541008,57541010,57541012,57541014,57541016,57541018]",ieee57_structural_group_03_realization_01_seed_57201_8x8__sensitivity_initial_mean_k16_s3_90db3ede79e2,90db3ede79e2377888be2b8b7dfdf6201f05962127ce6a0c763cdb59955e6ded,ieee57_structural_group_03_realization_01_seed_57201_8x8__stability_sensitivity_initial_mean_even_positions_d9577550fead,d9577550feadce3eacebab0b175b94b088020df412393ea8194c7c80fff97806,supports/stability/ieee57_structural_group_03_realization_01_seed_57201_8x8/ieee57_structural_group_03_realization_01_seed_57201_8x8__stability_sensitivity_initial_mean_even_positions_d9577550fead.json,0.8823529411764706,0.1931252917751539,optimal,0,training_only,False,completed,,ieee57_structural_group_03,3,1,57201,ieee57_branch_flow_heavy_v00,branch_flow_heavy
ieee57_structural_group_03_realization_01_seed_57201_8x8,ieee57,sensitivity_initial_mean,16,3,first_half,"[0,1,2,3,4,5,6,7,8,9]","[57541000,57541001,57541002,57541003,57541004,57541005,57541006,57541007,57541008,57541009]",ieee57_structural_group_03_realization_01_seed_57201_8x8__sensitivity_initial_mean_k16_s3_90db3ede79e2,90db3ede79e2377888be2b8b7dfdf6201f05962127ce6a0c763cdb59955e6ded,ieee57_structural_group_03_realization_01_seed_57201_8x8__stability_sensitivity_initial_mean_first_half_90db3ede79e2,90db3ede79e2377888be2b8b7dfdf6201f05962127ce6a0c763cdb59955e6ded,supports/stability/ieee57_structural_group_03_realization_01_seed_57201_8x8/ieee57_structural_group_03_realization_01_seed_57201_8x8__stability_sensitivity_initial_mean_first_half_90db3ede79e2.json,1.0,0.1931252917751539,optimal,0,training_only,False,completed,,ieee57_structural_group_03,3,1,57201,ieee57_branch_flow_heavy_v00,branch_flow_heavy
ieee57_structural_group_03_realization_01_seed_57201_8x8,ieee57,sensitivity_initial_mean,16,3,odd_positions,"[1,3,5,7,9,11,13,15,17,19]","[57541001,57541003,57541005,57541007,57541009,57541011,57541013,57541015,57541017,57541019]",ieee57_structural_group_03_realization_01_seed_57201_8x8__sensitivity_initial_mean_k16_s3_90db3ede79e2,90db3ede79e2377888be2b8b7dfdf6201f05962127ce6a0c763cdb59955e6ded,ieee57_structural_group_03_realization_01_seed_57201_8x8__stability_sensitivity_initial_mean_odd_positions_90db3ede79e2,90db3ede79e2377888be2b8b7dfdf6201f05962127ce6a0c763cdb59955e6ded,supports/stability/ieee57_structural_group_03_realization_01_seed_57201_8x8/ieee57_structural_group_03_realization_01_seed_57201_8x8__stability_sensitivity_initial_mean_odd_positions_90db3ede79e2.json,1.0,0.1931252917751539,optimal,0,training_only,False,completed,,ieee57_structural_group_03,3,1,57201,ieee57_branch_flow_heavy_v00,branch_flow_heavy
ieee57_structural_group_03_realization_01_seed_57201_8x8,ieee57,sensitivity_initial_mean,16,3,second_half,"[10,11,12,13,14,15,16,17,18,19]","[57541010,57541011,57541012,57541013,57541014,57541015,57541016,57541017,57541018,57541019]",ieee57_structural_group_03_realization_01_seed_57201_8x8__sensitivity_initial_mean_k16_s3_90db3ede79e2,90db3ede79e2377888be2b8b7dfdf6201f05962127ce6a0c763cdb59955e6ded,ieee57_structural_group_03_realization_01_seed_57201_8x8__stability_sensitivity_initial_mean_second_half_90db3ede79e2,90db3ede79e2377888be2b8b7dfdf6201f05962127ce6a0c763cdb59955e6ded,supports/stability/ieee57_structural_group_03_realization_01_seed_57201_8x8/ieee57_structural_group_03_realization_01_seed_57201_8x8__stability_sensitivity_initial_mean_second_half_90db3ede79e2.json,1.0,0.1931252917751539,optimal,0,training_only,False,completed,,ieee57_structural_group_03,3,1,57201,ieee57_branch_flow_heavy_v00,branch_flow_heavy
ieee57_structural_group_03_realization_01_seed_57201_8x8,ieee57,sensitivity_refined_mean,16,3,even_positions,"[0,2,4,6,8,10,12,14,16,18]","[57541000,57541002,57541004,57541006,57541008,57541010,57541012,57541014,57541016,57541018]",ieee57_structural_group_03_realization_01_seed_57201_8x8__sensitivity_refined_mean_k16_s3_05f0d8f1e7a8,05f0d8f1e7a8315ce9783ee86568ba3424b2d65aae7bb189088fd38f506676d2,ieee57_structural_group_03_realization_01_seed_57201_8x8__stability_sensitivity_refined_mean_even_positions_e932e7281cfa,e932e7281cfae8f225117698ae8f7d74e031d852e1460f6f9a42ae24a676e163,supports/stability/ieee57_structural_group_03_realization_01_seed_57201_8x8/ieee57_structural_group_03_realization_01_seed_57201_8x8__stability_sensitivity_refined_mean_even_positions_e932e7281cfa.json,0.6842105263157895,0.0278718630729924,optimal,1,training_only,False,completed,,ieee57_structural_group_03,3,1,57201,ieee57_branch_flow_heavy_v00,branch_flow_heavy
ieee57_structural_group_03_realization_01_seed_57201_8x8,ieee57,sensitivity_refined_mean,16,3,first_half,"[0,1,2,3,4,5,6,7,8,9]","[57541000,57541001,57541002,57541003,57541004,57541005,57541006,57541007,57541008,57541009]",ieee57_structural_group_03_realization_01_seed_57201_8x8__sensitivity_refined_mean_k16_s3_05f0d8f1e7a8,05f0d8f1e7a8315ce9783ee86568ba3424b2d65aae7bb189088fd38f506676d2,ieee57_structural_group_03_realization_01_seed_57201_8x8__stability_sensitivity_refined_mean_first_half_05f0d8f1e7a8,05f0d8f1e7a8315ce9783ee86568ba3424b2d65aae7bb189088fd38f506676d2,supports/stability/ieee57_structural_group_03_realization_01_seed_57201_8x8/ieee57_structural_group_03_realization_01_seed_57201_8x8__stability_sensitivity_refined_mean_first_half_05f0d8f1e7a8.json,1.0,0.0278718630729924,optimal,1,training_only,False,completed,,ieee57_structural_group_03,3,1,57201,ieee57_branch_flow_heavy_v00,branch_flow_heavy
ieee57_structural_group_03_realization_01_seed_57201_8x8,ieee57,sensitivity_refined_mean,16,3,odd_positions,"[1,3,5,7,9,11,13,15,17,19]","[57541001,57541003,57541005,57541007,57541009,57541011,57541013,57541015,57541017,57541019]",ieee57_structural_group_03_realization_01_seed_57201_8x8__sensitivity_refined_mean_k16_s3_05f0d8f1e7a8,05f0d8f1e7a8315ce9783ee86568ba3424b2d65aae7bb189088fd38f506676d2,ieee57_structural_group_03_realization_01_seed_57201_8x8__stability_sensitivity_refined_mean_odd_positions_05f0d8f1e7a8,05f0d8f1e7a8315ce9783ee86568ba3424b2d65aae7bb189088fd38f506676d2,supports/stability/ieee57_structural_group_03_realization_01_seed_57201_8x8/ieee57_structural_group_03_realization_01_seed_57201_8x8__stability_sensitivity_refined_mean_odd_positions_05f0d8f1e7a8.json,1.0,0.0278718630729924,optimal,1,training_only,False,completed,,ieee57_structural_group_03,3,1,57201,ieee57_branch_flow_heavy_v00,branch_flow_heavy
ieee57_structural_group_03_realization_01_seed_57201_8x8,ieee57,sensitivity_refined_mean,16,3,second_half,"[10,11,12,13,14,15,16,17,18,19]","[57541010,57541011,57541012,57541013,57541014,57541015,57541016,57541017,57541018,57541019]",ieee57_structural_group_03_realization_01_seed_57201_8x8__sensitivity_refined_mean_k16_s3_05f0d8f1e7a8,05f0d8f1e7a8315ce9783ee86568ba3424b2d65aae7bb189088fd38f506676d2,ieee57_structural_group_03_realization_01_seed_57201_8x8__stability_sensitivity_refined_mean_second_half_05f0d8f1e7a8,05f0d8f1e7a8315ce9783ee86568ba3424b2d65aae7bb189088fd38f506676d2,supports/stability/ieee57_structural_group_03_realization_01_seed_57201_8x8/ieee57_structural_group_03_realization_01_seed_57201_8x8__stability_sensitivity_refined_mean_second_half_05f0d8f1e7a8.json,1.0,0.0278718630729924,optimal,1,training_only,False,completed,,ieee57_structural_group_03,3,1,57201,ieee57_branch_flow_heavy_v00,branch_flow_heavy
ieee57_structural_group_03_realization_02_seed_57202_8x8,ieee57,balanced_magnitude,16,3,even_positions,"[0,2,4,6,8,10,12,14,16,18]","[57551000,57551002,57551004,57551006,57551008,57551010,57551012,57551014,57551016,57551018]",ieee57_structural_group_03_realization_02_seed_57202_8x8__balanced_magnitude_k16_s3_13baebeb2c00,13baebeb2c005705f01ee2daab033578ca2a57ff6b1d5a8837e33b19fece18ff,ieee57_structural_group_03_realization_02_seed_57202_8x8__stability_balanced_magnitude_even_positions_13baebeb2c00,13baebeb2c005705f01ee2daab033578ca2a57ff6b1d5a8837e33b19fece18ff,supports/stability/ieee57_structural_group_03_realization_02_seed_57202_8x8/ieee57_structural_group_03_realization_02_seed_57202_8x8__stability_balanced_magnitude_even_positions_13baebeb2c00.json,1.0,0.2500297980795952,optimal,0,training_only,False,completed,,ieee57_structural_group_03,3,2,57202,ieee57_branch_flow_heavy_v00,branch_flow_heavy
ieee57_structural_group_03_realization_02_seed_57202_8x8,ieee57,balanced_magnitude,16,3,first_half,"[0,1,2,3,4,5,6,7,8,9]","[57551000,57551001,57551002,57551003,57551004,57551005,57551006,57551007,57551008,57551009]",ieee57_structural_group_03_realization_02_seed_57202_8x8__balanced_magnitude_k16_s3_13baebeb2c00,13baebeb2c005705f01ee2daab033578ca2a57ff6b1d5a8837e33b19fece18ff,ieee57_structural_group_03_realization_02_seed_57202_8x8__stability_balanced_magnitude_first_half_13baebeb2c00,13baebeb2c005705f01ee2daab033578ca2a57ff6b1d5a8837e33b19fece18ff,supports/stability/ieee57_structural_group_03_realization_02_seed_57202_8x8/ieee57_structural_group_03_realization_02_seed_57202_8x8__stability_balanced_magnitude_first_half_13baebeb2c00.json,1.0,0.2500297980795952,optimal,0,training_only,False,completed,,ieee57_structural_group_03,3,2,57202,ieee57_branch_flow_heavy_v00,branch_flow_heavy
ieee57_structural_group_03_realization_02_seed_57202_8x8,ieee57,balanced_magnitude,16,3,odd_positions,"[1,3,5,7,9,11,13,15,17,19]","[57551001,57551003,57551005,57551007,57551009,57551011,57551013,57551015,57551017,57551019]",ieee57_structural_group_03_realization_02_seed_57202_8x8__balanced_magnitude_k16_s3_13baebeb2c00,13baebeb2c005705f01ee2daab033578ca2a57ff6b1d5a8837e33b19fece18ff,ieee57_structural_group_03_realization_02_seed_57202_8x8__stability_balanced_magnitude_odd_positions_13baebeb2c00,13baebeb2c005705f01ee2daab033578ca2a57ff6b1d5a8837e33b19fece18ff,supports/stability/ieee57_structural_group_03_realization_02_seed_57202_8x8/ieee57_structural_group_03_realization_02_seed_57202_8x8__stability_balanced_magnitude_odd_positions_13baebeb2c00.json,1.0,0.2500297980795952,optimal,0,training_only,False,completed,,ieee57_structural_group_03,3,2,57202,ieee57_branch_flow_heavy_v00,branch_flow_heavy
ieee57_structural_group_03_realization_02_seed_57202_8x8,ieee57,balanced_magnitude,16,3,second_half,"[10,11,12,13,14,15,16,17,18,19]","[57551010,57551011,57551012,57551013,57551014,57551015,57551016,57551017,57551018,57551019]",ieee57_structural_group_03_realization_02_seed_57202_8x8__balanced_magnitude_k16_s3_13baebeb2c00,13baebeb2c005705f01ee2daab033578ca2a57ff6b1d5a8837e33b19fece18ff,ieee57_structural_group_03_realization_02_seed_57202_8x8__stability_balanced_magnitude_second_half_13baebeb2c00,13baebeb2c005705f01ee2daab033578ca2a57ff6b1d5a8837e33b19fece18ff,supports/stability/ieee57_structural_group_03_realization_02_seed_57202_8x8/ieee57_structural_group_03_realization_02_seed_57202_8x8__stability_balanced_magnitude_second_half_13baebeb2c00.json,1.0,0.2500297980795952,optimal,0,training_only,False,completed,,ieee57_structural_group_03,3,2,57202,ieee57_branch_flow_heavy_v00,branch_flow_heavy
ieee57_structural_group_03_realization_02_seed_57202_8x8,ieee57,sensitivity_initial_mean,16,3,even_positions,"[0,2,4,6,8,10,12,14,16,18]","[57551000,57551002,57551004,57551006,57551008,57551010,57551012,57551014,57551016,57551018]",ieee57_structural_group_03_realization_02_seed_57202_8x8__sensitivity_initial_mean_k16_s3_a53ed6b33528,a53ed6b3352859119d82f3e9196aa50b0ca0b7cde346bb3d7a33986464b0711d,ieee57_structural_group_03_realization_02_seed_57202_8x8__stability_sensitivity_initial_mean_even_positions_a53ed6b33528,a53ed6b3352859119d82f3e9196aa50b0ca0b7cde346bb3d7a33986464b0711d,supports/stability/ieee57_structural_group_03_realization_02_seed_57202_8x8/ieee57_structural_group_03_realization_02_seed_57202_8x8__stability_sensitivity_initial_mean_even_positions_a53ed6b33528.json,1.0,0.3493266190716078,optimal,0,training_only,False,completed,,ieee57_structural_group_03,3,2,57202,ieee57_branch_flow_heavy_v00,branch_flow_heavy
ieee57_structural_group_03_realization_02_seed_57202_8x8,ieee57,sensitivity_initial_mean,16,3,first_half,"[0,1,2,3,4,5,6,7,8,9]","[57551000,57551001,57551002,57551003,57551004,57551005,57551006,57551007,57551008,57551009]",ieee57_structural_group_03_realization_02_seed_57202_8x8__sensitivity_initial_mean_k16_s3_a53ed6b33528,a53ed6b3352859119d82f3e9196aa50b0ca0b7cde346bb3d7a33986464b0711d,ieee57_structural_group_03_realization_02_seed_57202_8x8__stability_sensitivity_initial_mean_first_half_a53ed6b33528,a53ed6b3352859119d82f3e9196aa50b0ca0b7cde346bb3d7a33986464b0711d,supports/stability/ieee57_structural_group_03_realization_02_seed_57202_8x8/ieee57_structural_group_03_realization_02_seed_57202_8x8__stability_sensitivity_initial_mean_first_half_a53ed6b33528.json,1.0,0.3493266190716078,optimal,0,training_only,False,completed,,ieee57_structural_group_03,3,2,57202,ieee57_branch_flow_heavy_v00,branch_flow_heavy
ieee57_structural_group_03_realization_02_seed_57202_8x8,ieee57,sensitivity_initial_mean,16,3,odd_positions,"[1,3,5,7,9,11,13,15,17,19]","[57551001,57551003,57551005,57551007,57551009,57551011,57551013,57551015,57551017,57551019]",ieee57_structural_group_03_realization_02_seed_57202_8x8__sensitivity_initial_mean_k16_s3_a53ed6b33528,a53ed6b3352859119d82f3e9196aa50b0ca0b7cde346bb3d7a33986464b0711d,ieee57_structural_group_03_realization_02_seed_57202_8x8__stability_sensitivity_initial_mean_odd_positions_a53ed6b33528,a53ed6b3352859119d82f3e9196aa50b0ca0b7cde346bb3d7a33986464b0711d,supports/stability/ieee57_structural_group_03_realization_02_seed_57202_8x8/ieee57_structural_group_03_realization_02_seed_57202_8x8__stability_sensitivity_initial_mean_odd_positions_a53ed6b33528.json,1.0,0.3493266190716078,optimal,0,training_only,False,completed,,ieee57_structural_group_03,3,2,57202,ieee57_branch_flow_heavy_v00,branch_flow_heavy
ieee57_structural_group_03_realization_02_seed_57202_8x8,ieee57,sensitivity_initial_mean,16,3,second_half,"[10,11,12,13,14,15,16,17,18,19]","[57551010,57551011,57551012,57551013,57551014,57551015,57551016,57551017,57551018,57551019]",ieee57_structural_group_03_realization_02_seed_57202_8x8__sensitivity_initial_mean_k16_s3_a53ed6b33528,a53ed6b3352859119d82f3e9196aa50b0ca0b7cde346bb3d7a33986464b0711d,ieee57_structural_group_03_realization_02_seed_57202_8x8__stability_sensitivity_initial_mean_second_half_a53ed6b33528,a53ed6b3352859119d82f3e9196aa50b0ca0b7cde346bb3d7a33986464b0711d,supports/stability/ieee57_structural_group_03_realization_02_seed_57202_8x8/ieee57_structural_group_03_realization_02_seed_57202_8x8__stability_sensitivity_initial_mean_second_half_a53ed6b33528.json,1.0,0.3493266190716078,optimal,0,training_only,False,completed,,ieee57_structural_group_03,3,2,57202,ieee57_branch_flow_heavy_v00,branch_flow_heavy
ieee57_structural_group_03_realization_02_seed_57202_8x8,ieee57,sensitivity_refined_mean,16,3,even_positions,"[0,2,4,6,8,10,12,14,16,18]","[57551000,57551002,57551004,57551006,57551008,57551010,57551012,57551014,57551016,57551018]",ieee57_structural_group_03_realization_02_seed_57202_8x8__sensitivity_refined_mean_k16_s3_05f0d8f1e7a8,05f0d8f1e7a8315ce9783ee86568ba3424b2d65aae7bb189088fd38f506676d2,ieee57_structural_group_03_realization_02_seed_57202_8x8__stability_sensitivity_refined_mean_even_positions_05f0d8f1e7a8,05f0d8f1e7a8315ce9783ee86568ba3424b2d65aae7bb189088fd38f506676d2,supports/stability/ieee57_structural_group_03_realization_02_seed_57202_8x8/ieee57_structural_group_03_realization_02_seed_57202_8x8__stability_sensitivity_refined_mean_even_positions_05f0d8f1e7a8.json,1.0,0.0393099586818678,optimal,1,training_only,False,completed,,ieee57_structural_group_03,3,2,57202,ieee57_branch_flow_heavy_v00,branch_flow_heavy
ieee57_structural_group_03_realization_02_seed_57202_8x8,ieee57,sensitivity_refined_mean,16,3,first_half,"[0,1,2,3,4,5,6,7,8,9]","[57551000,57551001,57551002,57551003,57551004,57551005,57551006,57551007,57551008,57551009]",ieee57_structural_group_03_realization_02_seed_57202_8x8__sensitivity_refined_mean_k16_s3_05f0d8f1e7a8,05f0d8f1e7a8315ce9783ee86568ba3424b2d65aae7bb189088fd38f506676d2,ieee57_structural_group_03_realization_02_seed_57202_8x8__stability_sensitivity_refined_mean_first_half_05f0d8f1e7a8,05f0d8f1e7a8315ce9783ee86568ba3424b2d65aae7bb189088fd38f506676d2,supports/stability/ieee57_structural_group_03_realization_02_seed_57202_8x8/ieee57_structural_group_03_realization_02_seed_57202_8x8__stability_sensitivity_refined_mean_first_half_05f0d8f1e7a8.json,1.0,0.0393099586818678,optimal,1,training_only,False,completed,,ieee57_structural_group_03,3,2,57202,ieee57_branch_flow_heavy_v00,branch_flow_heavy
ieee57_structural_group_03_realization_02_seed_57202_8x8,ieee57,sensitivity_refined_mean,16,3,odd_positions,"[1,3,5,7,9,11,13,15,17,19]","[57551001,57551003,57551005,57551007,57551009,57551011,57551013,57551015,57551017,57551019]",ieee57_structural_group_03_realization_02_seed_57202_8x8__sensitivity_refined_mean_k16_s3_05f0d8f1e7a8,05f0d8f1e7a8315ce9783ee86568ba3424b2d65aae7bb189088fd38f506676d2,ieee57_structural_group_03_realization_02_seed_57202_8x8__stability_sensitivity_refined_mean_odd_positions_05f0d8f1e7a8,05f0d8f1e7a8315ce9783ee86568ba3424b2d65aae7bb189088fd38f506676d2,supports/stability/ieee57_structural_group_03_realization_02_seed_57202_8x8/ieee57_structural_group_03_realization_02_seed_57202_8x8__stability_sensitivity_refined_mean_odd_positions_05f0d8f1e7a8.json,1.0,0.0393099586818678,optimal,1,training_only,False,completed,,ieee57_structural_group_03,3,2,57202,ieee57_branch_flow_heavy_v00,branch_flow_heavy
ieee57_structural_group_03_realization_02_seed_57202_8x8,ieee57,sensitivity_refined_mean,16,3,second_half,"[10,11,12,13,14,15,16,17,18,19]","[57551010,57551011,57551012,57551013,57551014,57551015,57551016,57551017,57551018,57551019]",ieee57_structural_group_03_realization_02_seed_57202_8x8__sensitivity_refined_mean_k16_s3_05f0d8f1e7a8,05f0d8f1e7a8315ce9783ee86568ba3424b2d65aae7bb189088fd38f506676d2,ieee57_structural_group_03_realization_02_seed_57202_8x8__stability_sensitivity_refined_mean_second_half_05f0d8f1e7a8,05f0d8f1e7a8315ce9783ee86568ba3424b2d65aae7bb189088fd38f506676d2,supports/stability/ieee57_structural_group_03_realization_02_seed_57202_8x8/ieee57_structural_group_03_realization_02_seed_57202_8x8__stability_sensitivity_refined_mean_second_half_05f0d8f1e7a8.json,1.0,0.0393099586818678,optimal,1,training_only,False,completed,,ieee57_structural_group_03,3,2,57202,ieee57_branch_flow_heavy_v00,branch_flow_heavy
ieee57_structural_group_04_realization_01_seed_57201_8x8,ieee57,balanced_magnitude,16,3,even_positions,"[0,2,4,6,8,10,12,14,16,18]","[57561000,57561002,57561004,57561006,57561008,57561010,57561012,57561014,57561016,57561018]",ieee57_structural_group_04_realization_01_seed_57201_8x8__balanced_magnitude_k16_s3_cc29911b5277,cc29911b52774cdeea9d40cb032337b656b7bfcf5ff2d6267ced7c0e8935a6cf,ieee57_structural_group_04_realization_01_seed_57201_8x8__stability_balanced_magnitude_even_positions_cc29911b5277,cc29911b52774cdeea9d40cb032337b656b7bfcf5ff2d6267ced7c0e8935a6cf,supports/stability/ieee57_structural_group_04_realization_01_seed_57201_8x8/ieee57_structural_group_04_realization_01_seed_57201_8x8__stability_balanced_magnitude_even_positions_cc29911b5277.json,1.0,0.0,optimal,0,training_only,False,completed,,ieee57_structural_group_04,4,1,57201,ieee57_voltage_measurement_heavy_v02,voltage_measurement_heavy
ieee57_structural_group_04_realization_01_seed_57201_8x8,ieee57,balanced_magnitude,16,3,first_half,"[0,1,2,3,4,5,6,7,8,9]","[57561000,57561001,57561002,57561003,57561004,57561005,57561006,57561007,57561008,57561009]",ieee57_structural_group_04_realization_01_seed_57201_8x8__balanced_magnitude_k16_s3_cc29911b5277,cc29911b52774cdeea9d40cb032337b656b7bfcf5ff2d6267ced7c0e8935a6cf,ieee57_structural_group_04_realization_01_seed_57201_8x8__stability_balanced_magnitude_first_half_cc29911b5277,cc29911b52774cdeea9d40cb032337b656b7bfcf5ff2d6267ced7c0e8935a6cf,supports/stability/ieee57_structural_group_04_realization_01_seed_57201_8x8/ieee57_structural_group_04_realization_01_seed_57201_8x8__stability_balanced_magnitude_first_half_cc29911b5277.json,1.0,0.0,optimal,0,training_only,False,completed,,ieee57_structural_group_04,4,1,57201,ieee57_voltage_measurement_heavy_v02,voltage_measurement_heavy
ieee57_structural_group_04_realization_01_seed_57201_8x8,ieee57,balanced_magnitude,16,3,odd_positions,"[1,3,5,7,9,11,13,15,17,19]","[57561001,57561003,57561005,57561007,57561009,57561011,57561013,57561015,57561017,57561019]",ieee57_structural_group_04_realization_01_seed_57201_8x8__balanced_magnitude_k16_s3_cc29911b5277,cc29911b52774cdeea9d40cb032337b656b7bfcf5ff2d6267ced7c0e8935a6cf,ieee57_structural_group_04_realization_01_seed_57201_8x8__stability_balanced_magnitude_odd_positions_cc29911b5277,cc29911b52774cdeea9d40cb032337b656b7bfcf5ff2d6267ced7c0e8935a6cf,supports/stability/ieee57_structural_group_04_realization_01_seed_57201_8x8/ieee57_structural_group_04_realization_01_seed_57201_8x8__stability_balanced_magnitude_odd_positions_cc29911b5277.json,1.0,0.0,optimal,0,training_only,False,completed,,ieee57_structural_group_04,4,1,57201,ieee57_voltage_measurement_heavy_v02,voltage_measurement_heavy
ieee57_structural_group_04_realization_01_seed_57201_8x8,ieee57,balanced_magnitude,16,3,second_half,"[10,11,12,13,14,15,16,17,18,19]","[57561010,57561011,57561012,57561013,57561014,57561015,57561016,57561017,57561018,57561019]",ieee57_structural_group_04_realization_01_seed_57201_8x8__balanced_magnitude_k16_s3_cc29911b5277,cc29911b52774cdeea9d40cb032337b656b7bfcf5ff2d6267ced7c0e8935a6cf,ieee57_structural_group_04_realization_01_seed_57201_8x8__stability_balanced_magnitude_second_half_cc29911b5277,cc29911b52774cdeea9d40cb032337b656b7bfcf5ff2d6267ced7c0e8935a6cf,supports/stability/ieee57_structural_group_04_realization_01_seed_57201_8x8/ieee57_structural_group_04_realization_01_seed_57201_8x8__stability_balanced_magnitude_second_half_cc29911b5277.json,1.0,0.0,optimal,0,training_only,False,completed,,ieee57_structural_group_04,4,1,57201,ieee57_voltage_measurement_heavy_v02,voltage_measurement_heavy
ieee57_structural_group_04_realization_01_seed_57201_8x8,ieee57,sensitivity_initial_mean,16,3,even_positions,"[0,2,4,6,8,10,12,14,16,18]","[57561000,57561002,57561004,57561006,57561008,57561010,57561012,57561014,57561016,57561018]",ieee57_structural_group_04_realization_01_seed_57201_8x8__sensitivity_initial_mean_k16_s3_cc29911b5277,cc29911b52774cdeea9d40cb032337b656b7bfcf5ff2d6267ced7c0e8935a6cf,ieee57_structural_group_04_realization_01_seed_57201_8x8__stability_sensitivity_initial_mean_even_positions_cc29911b5277,cc29911b52774cdeea9d40cb032337b656b7bfcf5ff2d6267ced7c0e8935a6cf,supports/stability/ieee57_structural_group_04_realization_01_seed_57201_8x8/ieee57_structural_group_04_realization_01_seed_57201_8x8__stability_sensitivity_initial_mean_even_positions_cc29911b5277.json,1.0,0.0,optimal,0,training_only,False,completed,,ieee57_structural_group_04,4,1,57201,ieee57_voltage_measurement_heavy_v02,voltage_measurement_heavy
ieee57_structural_group_04_realization_01_seed_57201_8x8,ieee57,sensitivity_initial_mean,16,3,first_half,"[0,1,2,3,4,5,6,7,8,9]","[57561000,57561001,57561002,57561003,57561004,57561005,57561006,57561007,57561008,57561009]",ieee57_structural_group_04_realization_01_seed_57201_8x8__sensitivity_initial_mean_k16_s3_cc29911b5277,cc29911b52774cdeea9d40cb032337b656b7bfcf5ff2d6267ced7c0e8935a6cf,ieee57_structural_group_04_realization_01_seed_57201_8x8__stability_sensitivity_initial_mean_first_half_cc29911b5277,cc29911b52774cdeea9d40cb032337b656b7bfcf5ff2d6267ced7c0e8935a6cf,supports/stability/ieee57_structural_group_04_realization_01_seed_57201_8x8/ieee57_structural_group_04_realization_01_seed_57201_8x8__stability_sensitivity_initial_mean_first_half_cc29911b5277.json,1.0,0.0,optimal,0,training_only,False,completed,,ieee57_structural_group_04,4,1,57201,ieee57_voltage_measurement_heavy_v02,voltage_measurement_heavy
ieee57_structural_group_04_realization_01_seed_57201_8x8,ieee57,sensitivity_initial_mean,16,3,odd_positions,"[1,3,5,7,9,11,13,15,17,19]","[57561001,57561003,57561005,57561007,57561009,57561011,57561013,57561015,57561017,57561019]",ieee57_structural_group_04_realization_01_seed_57201_8x8__sensitivity_initial_mean_k16_s3_cc29911b5277,cc29911b52774cdeea9d40cb032337b656b7bfcf5ff2d6267ced7c0e8935a6cf,ieee57_structural_group_04_realization_01_seed_57201_8x8__stability_sensitivity_initial_mean_odd_positions_cc29911b5277,cc29911b52774cdeea9d40cb032337b656b7bfcf5ff2d6267ced7c0e8935a6cf,supports/stability/ieee57_structural_group_04_realization_01_seed_57201_8x8/ieee57_structural_group_04_realization_01_seed_57201_8x8__stability_sensitivity_initial_mean_odd_positions_cc29911b5277.json,1.0,0.0,optimal,0,training_only,False,completed,,ieee57_structural_group_04,4,1,57201,ieee57_voltage_measurement_heavy_v02,voltage_measurement_heavy
ieee57_structural_group_04_realization_01_seed_57201_8x8,ieee57,sensitivity_initial_mean,16,3,second_half,"[10,11,12,13,14,15,16,17,18,19]","[57561010,57561011,57561012,57561013,57561014,57561015,57561016,57561017,57561018,57561019]",ieee57_structural_group_04_realization_01_seed_57201_8x8__sensitivity_initial_mean_k16_s3_cc29911b5277,cc29911b52774cdeea9d40cb032337b656b7bfcf5ff2d6267ced7c0e8935a6cf,ieee57_structural_group_04_realization_01_seed_57201_8x8__stability_sensitivity_initial_mean_second_half_cc29911b5277,cc29911b52774cdeea9d40cb032337b656b7bfcf5ff2d6267ced7c0e8935a6cf,supports/stability/ieee57_structural_group_04_realization_01_seed_57201_8x8/ieee57_structural_group_04_realization_01_seed_57201_8x8__stability_sensitivity_initial_mean_second_half_cc29911b5277.json,1.0,0.0,optimal,0,training_only,False,completed,,ieee57_structural_group_04,4,1,57201,ieee57_voltage_measurement_heavy_v02,voltage_measurement_heavy
ieee57_structural_group_04_realization_01_seed_57201_8x8,ieee57,sensitivity_refined_mean,16,3,even_positions,"[0,2,4,6,8,10,12,14,16,18]","[57561000,57561002,57561004,57561006,57561008,57561010,57561012,57561014,57561016,57561018]",ieee57_structural_group_04_realization_01_seed_57201_8x8__sensitivity_refined_mean_k16_s3_cc29911b5277,cc29911b52774cdeea9d40cb032337b656b7bfcf5ff2d6267ced7c0e8935a6cf,ieee57_structural_group_04_realization_01_seed_57201_8x8__stability_sensitivity_refined_mean_even_positions_cc29911b5277,cc29911b52774cdeea9d40cb032337b656b7bfcf5ff2d6267ced7c0e8935a6cf,supports/stability/ieee57_structural_group_04_realization_01_seed_57201_8x8/ieee57_structural_group_04_realization_01_seed_57201_8x8__stability_sensitivity_refined_mean_even_positions_cc29911b5277.json,1.0,0.0,optimal,0,training_only,False,completed,,ieee57_structural_group_04,4,1,57201,ieee57_voltage_measurement_heavy_v02,voltage_measurement_heavy
ieee57_structural_group_04_realization_01_seed_57201_8x8,ieee57,sensitivity_refined_mean,16,3,first_half,"[0,1,2,3,4,5,6,7,8,9]","[57561000,57561001,57561002,57561003,57561004,57561005,57561006,57561007,57561008,57561009]",ieee57_structural_group_04_realization_01_seed_57201_8x8__sensitivity_refined_mean_k16_s3_cc29911b5277,cc29911b52774cdeea9d40cb032337b656b7bfcf5ff2d6267ced7c0e8935a6cf,ieee57_structural_group_04_realization_01_seed_57201_8x8__stability_sensitivity_refined_mean_first_half_cc29911b5277,cc29911b52774cdeea9d40cb032337b656b7bfcf5ff2d6267ced7c0e8935a6cf,supports/stability/ieee57_structural_group_04_realization_01_seed_57201_8x8/ieee57_structural_group_04_realization_01_seed_57201_8x8__stability_sensitivity_refined_mean_first_half_cc29911b5277.json,1.0,0.0,optimal,0,training_only,False,completed,,ieee57_structural_group_04,4,1,57201,ieee57_voltage_measurement_heavy_v02,voltage_measurement_heavy
ieee57_structural_group_04_realization_01_seed_57201_8x8,ieee57,sensitivity_refined_mean,16,3,odd_positions,"[1,3,5,7,9,11,13,15,17,19]","[57561001,57561003,57561005,57561007,57561009,57561011,57561013,57561015,57561017,57561019]",ieee57_structural_group_04_realization_01_seed_57201_8x8__sensitivity_refined_mean_k16_s3_cc29911b5277,cc29911b52774cdeea9d40cb032337b656b7bfcf5ff2d6267ced7c0e8935a6cf,ieee57_structural_group_04_realization_01_seed_57201_8x8__stability_sensitivity_refined_mean_odd_positions_cc29911b5277,cc29911b52774cdeea9d40cb032337b656b7bfcf5ff2d6267ced7c0e8935a6cf,supports/stability/ieee57_structural_group_04_realization_01_seed_57201_8x8/ieee57_structural_group_04_realization_01_seed_57201_8x8__stability_sensitivity_refined_mean_odd_positions_cc29911b5277.json,1.0,0.0,optimal,0,training_only,False,completed,,ieee57_structural_group_04,4,1,57201,ieee57_voltage_measurement_heavy_v02,voltage_measurement_heavy
ieee57_structural_group_04_realization_01_seed_57201_8x8,ieee57,sensitivity_refined_mean,16,3,second_half,"[10,11,12,13,14,15,16,17,18,19]","[57561010,57561011,57561012,57561013,57561014,57561015,57561016,57561017,57561018,57561019]",ieee57_structural_group_04_realization_01_seed_57201_8x8__sensitivity_refined_mean_k16_s3_cc29911b5277,cc29911b52774cdeea9d40cb032337b656b7bfcf5ff2d6267ced7c0e8935a6cf,ieee57_structural_group_04_realization_01_seed_57201_8x8__stability_sensitivity_refined_mean_second_half_cc29911b5277,cc29911b52774cdeea9d40cb032337b656b7bfcf5ff2d6267ced7c0e8935a6cf,supports/stability/ieee57_structural_group_04_realization_01_seed_57201_8x8/ieee57_structural_group_04_realization_01_seed_57201_8x8__stability_sensitivity_refined_mean_second_half_cc29911b5277.json,1.0,0.0,optimal,0,training_only,False,completed,,ieee57_structural_group_04,4,1,57201,ieee57_voltage_measurement_heavy_v02,voltage_measurement_heavy
ieee57_structural_group_04_realization_02_seed_57202_8x8,ieee57,balanced_magnitude,16,3,even_positions,"[0,2,4,6,8,10,12,14,16,18]","[57571000,57571002,57571004,57571006,57571008,57571010,57571012,57571014,57571016,57571018]",ieee57_structural_group_04_realization_02_seed_57202_8x8__balanced_magnitude_k16_s3_cc29911b5277,cc29911b52774cdeea9d40cb032337b656b7bfcf5ff2d6267ced7c0e8935a6cf,ieee57_structural_group_04_realization_02_seed_57202_8x8__stability_balanced_magnitude_even_positions_cc29911b5277,cc29911b52774cdeea9d40cb032337b656b7bfcf5ff2d6267ced7c0e8935a6cf,supports/stability/ieee57_structural_group_04_realization_02_seed_57202_8x8/ieee57_structural_group_04_realization_02_seed_57202_8x8__stability_balanced_magnitude_even_positions_cc29911b5277.json,1.0,0.0,optimal,0,training_only,False,completed,,ieee57_structural_group_04,4,2,57202,ieee57_voltage_measurement_heavy_v02,voltage_measurement_heavy
ieee57_structural_group_04_realization_02_seed_57202_8x8,ieee57,balanced_magnitude,16,3,first_half,"[0,1,2,3,4,5,6,7,8,9]","[57571000,57571001,57571002,57571003,57571004,57571005,57571006,57571007,57571008,57571009]",ieee57_structural_group_04_realization_02_seed_57202_8x8__balanced_magnitude_k16_s3_cc29911b5277,cc29911b52774cdeea9d40cb032337b656b7bfcf5ff2d6267ced7c0e8935a6cf,ieee57_structural_group_04_realization_02_seed_57202_8x8__stability_balanced_magnitude_first_half_cc29911b5277,cc29911b52774cdeea9d40cb032337b656b7bfcf5ff2d6267ced7c0e8935a6cf,supports/stability/ieee57_structural_group_04_realization_02_seed_57202_8x8/ieee57_structural_group_04_realization_02_seed_57202_8x8__stability_balanced_magnitude_first_half_cc29911b5277.json,1.0,0.0,optimal,0,training_only,False,completed,,ieee57_structural_group_04,4,2,57202,ieee57_voltage_measurement_heavy_v02,voltage_measurement_heavy
ieee57_structural_group_04_realization_02_seed_57202_8x8,ieee57,balanced_magnitude,16,3,odd_positions,"[1,3,5,7,9,11,13,15,17,19]","[57571001,57571003,57571005,57571007,57571009,57571011,57571013,57571015,57571017,57571019]",ieee57_structural_group_04_realization_02_seed_57202_8x8__balanced_magnitude_k16_s3_cc29911b5277,cc29911b52774cdeea9d40cb032337b656b7bfcf5ff2d6267ced7c0e8935a6cf,ieee57_structural_group_04_realization_02_seed_57202_8x8__stability_balanced_magnitude_odd_positions_cc29911b5277,cc29911b52774cdeea9d40cb032337b656b7bfcf5ff2d6267ced7c0e8935a6cf,supports/stability/ieee57_structural_group_04_realization_02_seed_57202_8x8/ieee57_structural_group_04_realization_02_seed_57202_8x8__stability_balanced_magnitude_odd_positions_cc29911b5277.json,1.0,0.0,optimal,0,training_only,False,completed,,ieee57_structural_group_04,4,2,57202,ieee57_voltage_measurement_heavy_v02,voltage_measurement_heavy
ieee57_structural_group_04_realization_02_seed_57202_8x8,ieee57,balanced_magnitude,16,3,second_half,"[10,11,12,13,14,15,16,17,18,19]","[57571010,57571011,57571012,57571013,57571014,57571015,57571016,57571017,57571018,57571019]",ieee57_structural_group_04_realization_02_seed_57202_8x8__balanced_magnitude_k16_s3_cc29911b5277,cc29911b52774cdeea9d40cb032337b656b7bfcf5ff2d6267ced7c0e8935a6cf,ieee57_structural_group_04_realization_02_seed_57202_8x8__stability_balanced_magnitude_second_half_cc29911b5277,cc29911b52774cdeea9d40cb032337b656b7bfcf5ff2d6267ced7c0e8935a6cf,supports/stability/ieee57_structural_group_04_realization_02_seed_57202_8x8/ieee57_structural_group_04_realization_02_seed_57202_8x8__stability_balanced_magnitude_second_half_cc29911b5277.json,1.0,0.0,optimal,0,training_only,False,completed,,ieee57_structural_group_04,4,2,57202,ieee57_voltage_measurement_heavy_v02,voltage_measurement_heavy
ieee57_structural_group_04_realization_02_seed_57202_8x8,ieee57,sensitivity_initial_mean,16,3,even_positions,"[0,2,4,6,8,10,12,14,16,18]","[57571000,57571002,57571004,57571006,57571008,57571010,57571012,57571014,57571016,57571018]",ieee57_structural_group_04_realization_02_seed_57202_8x8__sensitivity_initial_mean_k16_s3_cc29911b5277,cc29911b52774cdeea9d40cb032337b656b7bfcf5ff2d6267ced7c0e8935a6cf,ieee57_structural_group_04_realization_02_seed_57202_8x8__stability_sensitivity_initial_mean_even_positions_cc29911b5277,cc29911b52774cdeea9d40cb032337b656b7bfcf5ff2d6267ced7c0e8935a6cf,supports/stability/ieee57_structural_group_04_realization_02_seed_57202_8x8/ieee57_structural_group_04_realization_02_seed_57202_8x8__stability_sensitivity_initial_mean_even_positions_cc29911b5277.json,1.0,0.0,optimal,0,training_only,False,completed,,ieee57_structural_group_04,4,2,57202,ieee57_voltage_measurement_heavy_v02,voltage_measurement_heavy
ieee57_structural_group_04_realization_02_seed_57202_8x8,ieee57,sensitivity_initial_mean,16,3,first_half,"[0,1,2,3,4,5,6,7,8,9]","[57571000,57571001,57571002,57571003,57571004,57571005,57571006,57571007,57571008,57571009]",ieee57_structural_group_04_realization_02_seed_57202_8x8__sensitivity_initial_mean_k16_s3_cc29911b5277,cc29911b52774cdeea9d40cb032337b656b7bfcf5ff2d6267ced7c0e8935a6cf,ieee57_structural_group_04_realization_02_seed_57202_8x8__stability_sensitivity_initial_mean_first_half_cc29911b5277,cc29911b52774cdeea9d40cb032337b656b7bfcf5ff2d6267ced7c0e8935a6cf,supports/stability/ieee57_structural_group_04_realization_02_seed_57202_8x8/ieee57_structural_group_04_realization_02_seed_57202_8x8__stability_sensitivity_initial_mean_first_half_cc29911b5277.json,1.0,0.0,optimal,0,training_only,False,completed,,ieee57_structural_group_04,4,2,57202,ieee57_voltage_measurement_heavy_v02,voltage_measurement_heavy
ieee57_structural_group_04_realization_02_seed_57202_8x8,ieee57,sensitivity_initial_mean,16,3,odd_positions,"[1,3,5,7,9,11,13,15,17,19]","[57571001,57571003,57571005,57571007,57571009,57571011,57571013,57571015,57571017,57571019]",ieee57_structural_group_04_realization_02_seed_57202_8x8__sensitivity_initial_mean_k16_s3_cc29911b5277,cc29911b52774cdeea9d40cb032337b656b7bfcf5ff2d6267ced7c0e8935a6cf,ieee57_structural_group_04_realization_02_seed_57202_8x8__stability_sensitivity_initial_mean_odd_positions_cc29911b5277,cc29911b52774cdeea9d40cb032337b656b7bfcf5ff2d6267ced7c0e8935a6cf,supports/stability/ieee57_structural_group_04_realization_02_seed_57202_8x8/ieee57_structural_group_04_realization_02_seed_57202_8x8__stability_sensitivity_initial_mean_odd_positions_cc29911b5277.json,1.0,0.0,optimal,0,training_only,False,completed,,ieee57_structural_group_04,4,2,57202,ieee57_voltage_measurement_heavy_v02,voltage_measurement_heavy
ieee57_structural_group_04_realization_02_seed_57202_8x8,ieee57,sensitivity_initial_mean,16,3,second_half,"[10,11,12,13,14,15,16,17,18,19]","[57571010,57571011,57571012,57571013,57571014,57571015,57571016,57571017,57571018,57571019]",ieee57_structural_group_04_realization_02_seed_57202_8x8__sensitivity_initial_mean_k16_s3_cc29911b5277,cc29911b52774cdeea9d40cb032337b656b7bfcf5ff2d6267ced7c0e8935a6cf,ieee57_structural_group_04_realization_02_seed_57202_8x8__stability_sensitivity_initial_mean_second_half_cc29911b5277,cc29911b52774cdeea9d40cb032337b656b7bfcf5ff2d6267ced7c0e8935a6cf,supports/stability/ieee57_structural_group_04_realization_02_seed_57202_8x8/ieee57_structural_group_04_realization_02_seed_57202_8x8__stability_sensitivity_initial_mean_second_half_cc29911b5277.json,1.0,0.0,optimal,0,training_only,False,completed,,ieee57_structural_group_04,4,2,57202,ieee57_voltage_measurement_heavy_v02,voltage_measurement_heavy
ieee57_structural_group_04_realization_02_seed_57202_8x8,ieee57,sensitivity_refined_mean,16,3,even_positions,"[0,2,4,6,8,10,12,14,16,18]","[57571000,57571002,57571004,57571006,57571008,57571010,57571012,57571014,57571016,57571018]",ieee57_structural_group_04_realization_02_seed_57202_8x8__sensitivity_refined_mean_k16_s3_cc29911b5277,cc29911b52774cdeea9d40cb032337b656b7bfcf5ff2d6267ced7c0e8935a6cf,ieee57_structural_group_04_realization_02_seed_57202_8x8__stability_sensitivity_refined_mean_even_positions_cc29911b5277,cc29911b52774cdeea9d40cb032337b656b7bfcf5ff2d6267ced7c0e8935a6cf,supports/stability/ieee57_structural_group_04_realization_02_seed_57202_8x8/ieee57_structural_group_04_realization_02_seed_57202_8x8__stability_sensitivity_refined_mean_even_positions_cc29911b5277.json,1.0,0.0,optimal,0,training_only,False,completed,,ieee57_structural_group_04,4,2,57202,ieee57_voltage_measurement_heavy_v02,voltage_measurement_heavy
ieee57_structural_group_04_realization_02_seed_57202_8x8,ieee57,sensitivity_refined_mean,16,3,first_half,"[0,1,2,3,4,5,6,7,8,9]","[57571000,57571001,57571002,57571003,57571004,57571005,57571006,57571007,57571008,57571009]",ieee57_structural_group_04_realization_02_seed_57202_8x8__sensitivity_refined_mean_k16_s3_cc29911b5277,cc29911b52774cdeea9d40cb032337b656b7bfcf5ff2d6267ced7c0e8935a6cf,ieee57_structural_group_04_realization_02_seed_57202_8x8__stability_sensitivity_refined_mean_first_half_cc29911b5277,cc29911b52774cdeea9d40cb032337b656b7bfcf5ff2d6267ced7c0e8935a6cf,supports/stability/ieee57_structural_group_04_realization_02_seed_57202_8x8/ieee57_structural_group_04_realization_02_seed_57202_8x8__stability_sensitivity_refined_mean_first_half_cc29911b5277.json,1.0,0.0,optimal,0,training_only,False,completed,,ieee57_structural_group_04,4,2,57202,ieee57_voltage_measurement_heavy_v02,voltage_measurement_heavy
ieee57_structural_group_04_realization_02_seed_57202_8x8,ieee57,sensitivity_refined_mean,16,3,odd_positions,"[1,3,5,7,9,11,13,15,17,19]","[57571001,57571003,57571005,57571007,57571009,57571011,57571013,57571015,57571017,57571019]",ieee57_structural_group_04_realization_02_seed_57202_8x8__sensitivity_refined_mean_k16_s3_cc29911b5277,cc29911b52774cdeea9d40cb032337b656b7bfcf5ff2d6267ced7c0e8935a6cf,ieee57_structural_group_04_realization_02_seed_57202_8x8__stability_sensitivity_refined_mean_odd_positions_cc29911b5277,cc29911b52774cdeea9d40cb032337b656b7bfcf5ff2d6267ced7c0e8935a6cf,supports/stability/ieee57_structural_group_04_realization_02_seed_57202_8x8/ieee57_structural_group_04_realization_02_seed_57202_8x8__stability_sensitivity_refined_mean_odd_positions_cc29911b5277.json,1.0,0.0,optimal,0,training_only,False,completed,,ieee57_structural_group_04,4,2,57202,ieee57_voltage_measurement_heavy_v02,voltage_measurement_heavy
ieee57_structural_group_04_realization_02_seed_57202_8x8,ieee57,sensitivity_refined_mean,16,3,second_half,"[10,11,12,13,14,15,16,17,18,19]","[57571010,57571011,57571012,57571013,57571014,57571015,57571016,57571017,57571018,57571019]",ieee57_structural_group_04_realization_02_seed_57202_8x8__sensitivity_refined_mean_k16_s3_cc29911b5277,cc29911b52774cdeea9d40cb032337b656b7bfcf5ff2d6267ced7c0e8935a6cf,ieee57_structural_group_04_realization_02_seed_57202_8x8__stability_sensitivity_refined_mean_second_half_cc29911b5277,cc29911b52774cdeea9d40cb032337b656b7bfcf5ff2d6267ced7c0e8935a6cf,supports/stability/ieee57_structural_group_04_realization_02_seed_57202_8x8/ieee57_structural_group_04_realization_02_seed_57202_8x8__stability_sensitivity_refined_mean_second_half_cc29911b5277.json,1.0,0.0,optimal,0,training_only,False,completed,,ieee57_structural_group_04,4,2,57202,ieee57_voltage_measurement_heavy_v02,voltage_measurement_heavy
