arm,scenario,seed,iteration,state_rmse,angle_rmse,voltage_rmse,weighted_residual_norm,step_norm,selected_coordinate_rmse,frozen_coordinate_rmse,selected_output_benchmark_error,convergence_status
full_system_exact_ridge,gaussian_noise_baseline,101,0,0.006371533539056902,0.00542958767919551,0.004396442592894402,22.807552354615517,0.02502508006303735,0.0047638394467801074,0.004947861770400394,,running
full_system_exact_ridge,gaussian_noise_baseline,101,1,0.0005125715137168227,0.00034880195460155024,0.0004350626524843112,0.9140038091445868,0.0006874333725976488,0.00017906371855736967,0.0004223780681754521,,running
full_system_exact_ridge,gaussian_noise_baseline,101,2,0.0005244638235043118,0.00036642203654861064,0.0004379101944476297,0.9057668714078319,1.311659085927702e-07,0.0001715705359655521,0.0004330084524559002,,running
full_system_exact_ridge,gaussian_noise_baseline,101,3,0.000524465589225351,0.00036642684496315033,0.00043790889120295874,0.9057668712122743,5.034388379012265e-11,0.00017157031287227937,0.00043300996544981405,,converged
block_full_support_ridge,gaussian_noise_baseline,101,0,0.006371533539056902,0.00542958767919551,0.004396442592894402,22.807552354615517,0.0044953022636481646,0.0047638394467801074,0.004947861770400394,0.0019149003345464355,running
block_full_support_ridge,gaussian_noise_baseline,101,1,0.006112801505062246,0.005362965895422514,0.004034893471209934,16.884231327597963,0.0016505566499335723,0.003112580352394816,0.004947861770400394,0.0012216218721811016,running
block_full_support_ridge,gaussian_noise_baseline,101,2,0.006023081320252912,0.00531689502016457,0.003935050610076391,15.862681841949755,0.0013798950834188323,0.002303032810131709,0.004947861770400394,0.00064135974343325,running
block_full_support_ridge,gaussian_noise_baseline,101,3,0.005968481853494839,0.0052884827810092405,0.0038744287303874936,15.190173313837118,0.0012099507682396028,0.0016333013473155196,0.004947861770400394,0.00013587316196345383,running
block_full_support_ridge,gaussian_noise_baseline,101,4,0.005936886017550592,0.005273257010474739,0.0038376784802043396,14.665653765919485,0.001062045060817435,0.0010738073439795636,0.004947861770400394,0.000306385022296728,running
block_full_support_ridge,gaussian_noise_baseline,101,5,0.0059217086540935,0.0052674230585739975,0.003818091210904076,14.252103989860897,0.0009322538561217229,0.000654494168071619,0.004947861770400394,0.0006934573812818702,running
block_full_support_ridge,gaussian_noise_baseline,101,6,0.0059181107821203284,0.005268080235518757,0.0038108247315786934,13.927422062464094,0.0008183367983077183,0.0005067946805229286,0.004947861770400394,0.0010322151222633437,running
block_full_support_ridge,gaussian_noise_baseline,101,7,0.005922457002051803,0.00527306792117295,0.003812186741459275,13.673902764074201,0.0007183508384036954,0.0006812134696239394,0.004947861770400394,0.0013286678448417067,running
block_full_support_ridge,gaussian_noise_baseline,101,8,0.005932041767552264,0.005280801525776797,0.003819383872018441,13.47694634279521,0.0006305913322963599,0.0009599760152375403,0.004947861770400394,0.001588081140839714,running
block_full_support_ridge,gaussian_noise_baseline,101,9,0.005944879557596047,0.005290136066917528,0.003830336356061574,13.324620147650624,0.0005535623051834534,0.0012391486004205046,0.004947861770400394,0.001815068351207879,running
block_full_support_ridge,gaussian_noise_baseline,101,10,0.005959535630376285,0.005300257843091423,0.003843521508229638,13.20728666153772,0.0004859508883671821,0.001495995282800696,0.004947861770400394,0.002013670702381811,running
block_full_support_ridge,gaussian_noise_baseline,101,11,0.005974991399685291,0.0053106001723893055,0.003857844029013174,13.11724327596924,0.00042660490640158586,0.0017264763201887317,0.004947861770400394,0.002187427762860081,running
block_full_support_ridge,gaussian_noise_baseline,101,12,0.005990539273433371,0.005320778757655146,0.0038725317377583095,13.048387227739768,0.0003745132070840855,0.0019312705795250895,0.004947861770400394,0.0023394393383870922,running
block_full_support_ridge,gaussian_noise_baseline,101,13,0.0060057016992026814,0.005330542629920934,0.003887053717858489,12.995917581285466,0.0003287883979122059,0.0021123910435060394,0.004947861770400394,0.00247241981097103,running
block_full_support_ridge,gaussian_noise_baseline,101,14,0.0060201695450129615,0.005339737232517805,0.003901057169618322,12.956079254012886,0.00028865169510656666,0.002272171128702851,0.004947861770400394,0.002588745824397955,running
block_full_support_ridge,gaussian_noise_baseline,101,15,0.006033755616542059,0.0053482768441969674,0.003914319323850092,12.92594889412392,0.0002534196270999751,0.0024129161878533303,0.004947861770400394,0.002690498117345952,running
block_full_support_ridge,gaussian_noise_baseline,101,16,0.006046359856255915,0.005356124117617901,0.00392671118942632,12.903259328959571,0.00022249236576697134,0.002536778112036213,0.004947861770400394,0.0027794982121483983,running
block_full_support_ridge,gaussian_noise_baseline,101,17,0.006057943466114247,0.00536327499962459,0.003938170445829685,12.886257820725682,0.00019534348628377212,0.002645714626981783,0.004947861770400394,0.002857340583939807,running
block_full_support_ridge,gaussian_noise_baseline,101,18,0.006068509794874389,0.005369747698446021,0.003948681320632425,12.873592948276785,0.0001715109807952657,0.00274148329443016,0.004947861770400394,0.0029254208608170693,running
block_full_support_ridge,gaussian_noise_baseline,101,19,0.006078090322923141,0.005375574678968311,0.003958259757187892,12.864225137559298,0.00015058937241851266,0.0028256501321646584,0.004947861770400394,0.002984960539917548,running
block_full_support_ridge,gaussian_noise_baseline,101,20,0.006086734469484049,0.005380796913385917,0.003966942563571337,12.857356380799416,0.0001322227948743997,0.0028996041307830043,0.004947861770400394,0.0030370286461225285,running
block_full_support_ridge,gaussian_noise_baseline,101,21,0.0060945022533377795,0.005385459804047086,0.00397477954240415,12.852375320042192,0.00011609891951283841,0.002964573678723856,0.004947861770400394,0.003082560708642438,running
block_full_support_ridge,gaussian_noise_baseline,101,22,0.006101459074508876,0.005389610340022074,0.003981827842591094,12.848814511330836,0.00010194362596887463,0.003021643025749996,0.004947861770400394,0.0031223753853124574,running
block_full_support_ridge,gaussian_noise_baseline,101,23,0.006107672065119364,0.005393295158800357,0.003988147960093206,12.84631727366189,8.951632538547154e-05,0.0030717679174534916,0.004947861770400394,0.0031571890243546996,running
block_full_support_ridge,gaussian_noise_baseline,101,24,0.006113207595034503,0.005396559267609421,0.003993800956947941,12.844612037546547,7.860585628761281e-05,0.00311579002702231,0.004947861770400394,0.0031876284180531573,running
block_full_support_ridge,gaussian_noise_baseline,101,25,0.006118129621981171,0.005399445241483624,0.00399884657554961,12.84349253644522,6.902688298018703e-05,0.0031544500596524653,0.004947861770400394,0.003214241971694375,running
block_full_support_ridge,gaussian_noise_baseline,101,26,0.006122498654377138,0.005401992762317365,0.004003342006645834,12.84280253535579,6.061673492616655e-05,0.0031883995314015657,0.004947861770400394,0.003237509483769808,running
block_full_support_ridge,gaussian_noise_baseline,101,27,0.0061263711542885735,0.005404238398490796,0.004007341130860746,12.842424073681443,5.323263310027374e-05,0.003218211286990915,0.004947861770400394,0.003257850709377514,running
block_full_support_ridge,gaussian_noise_baseline,101,28,0.006129799252436034,0.005406215551139438,0.004010894099687372,12.842268424709713,4.674925592761333e-05,0.003244388849918366,0.004947861770400394,0.0032756328576191303,running
block_full_support_ridge,gaussian_noise_baseline,101,29,0.006132830680583117,0.005407954512938187,0.004014047156527,12.842269151791042,4.105660321962003e-05,0.003267374708877972,0.004947861770400394,0.003291177155212581,running
sparse_exact_ridge,gaussian_noise_baseline,101,0,0.006371533539056902,0.00542958767919551,0.004396442592894402,22.807552354615517,0.004596591594694701,0.0047638394467801074,0.004947861770400394,0.0027204506015598064,running
sparse_exact_ridge,gaussian_noise_baseline,101,1,0.006122535529387569,0.005350525887859359,0.0040670796333426296,16.97776277168809,0.0019958590522373715,0.0031886846322203644,0.004947861770400394,0.001185463198893151,running
sparse_exact_ridge,gaussian_noise_baseline,101,2,0.006032762994717705,0.005297136162916386,0.003976637207667549,15.797814075616522,0.0014002851488036758,0.002402901804751631,0.004947861770400394,0.0002649566255519774,running
sparse_exact_ridge,gaussian_noise_baseline,101,3,0.00598371773253371,0.005274580335026817,0.003918808104372841,15.232116102414802,0.0011932252514482919,0.0018441554561833132,0.004947861770400394,0.00030619551385072964,running
sparse_exact_ridge,gaussian_noise_baseline,101,4,0.005954129536635173,0.00526666520407664,0.003876619439047308,14.74292678108361,0.0010537051382784723,0.0014066517346024228,0.004947861770400394,0.000775877582456621,running
sparse_exact_ridge,gaussian_noise_baseline,101,5,0.005938705382795676,0.005269122028910817,0.0038461813730416286,14.329119124465034,0.0009347849834261852,0.001113579398390797,0.004947861770400394,0.0011943415576308788,running
sparse_exact_ridge,gaussian_noise_baseline,101,6,0.005934063454051207,0.005278366776812784,0.003826116051548873,13.996413421924888,0.000829051045582032,0.0010090332104802048,0.004947861770400394,0.001559541592445817,running
sparse_exact_ridge,gaussian_noise_baseline,101,7,0.005937118172433891,0.005291456837734289,0.0038147615173401814,13.73273848918898,0.0007351899659546662,0.0010789632587134852,0.004947861770400394,0.00187266743920707,running
sparse_exact_ridge,gaussian_noise_baseline,101,8,0.005945373552063268,0.005306350909504371,0.0038103394103324775,13.524435442347535,0.0006520849779925799,0.0012486552068794103,0.004947861770400394,0.002139790470934089,running
sparse_exact_ridge,gaussian_noise_baseline,101,9,0.00595696638109868,0.005321706241984935,0.003811283838371495,13.360454052029732,0.0005785235099516766,0.0014542092278829106,0.004947861770400394,0.0023673113572881266,running
sparse_exact_ridge,gaussian_noise_baseline,101,10,0.0059705335547765295,0.00533665997401255,0.0038162877390757787,13.231956830405462,0.0005133869456461717,0.0016632208996459974,0.004947861770400394,0.0025606720898569604,running
sparse_exact_ridge,gaussian_noise_baseline,101,11,0.005985084978151385,0.005350681375388065,0.0038242706687859613,13.131757837036993,0.00045569537189179014,0.001861934555050881,0.004947861770400394,0.0027244972753461315,running
sparse_exact_ridge,gaussian_noise_baseline,101,12,0.005999912097780243,0.005363472576452641,0.0038343478275209984,13.054021028023842,0.00040458910083189065,0.0020450727625025947,0.004947861770400394,0.002862811094940903,running
sparse_exact_ridge,gaussian_noise_baseline,101,13,0.006014519928764105,0.005374896701932258,0.0038458049182324354,12.994040450498806,0.00035930873062806653,0.0022111069356996623,0.004947861770400394,0.0029791372147944324,running
sparse_exact_ridge,gaussian_noise_baseline,101,14,0.006028574183927575,0.005384924930052238,0.0038580745078351966,12.948044916780495,0.00031918217565535565,0.002360192204314112,0.004947861770400394,0.003076554561616428,running
sparse_exact_ridge,gaussian_noise_baseline,101,15,0.006041860093125093,0.005393598194617998,0.0038707133931313075,12.913026680812548,0.0002836148573881838,0.0024932358208153045,0.004947861770400394,0.0031577466185181992,running
sparse_exact_ridge,gaussian_noise_baseline,101,16,0.006054250735181139,0.0054010000360983045,0.0038833818127094093,12.88659608798089,0.00025208103271993584,0.002611457832242734,0.004947861770400394,0.003225048176954189,running
sparse_exact_ridge,gaussian_noise_baseline,101,17,0.006065682921693501,0.005407237671650948,0.0038958250241417137,12.866860625556876,0.0002241159412656673,0.0027161763784691088,0.004947861770400394,0.0032804876577610487,running
sparse_exact_ridge,gaussian_noise_baseline,101,18,0.00607613894715323,0.005412429028326263,0.003907857349667076,12.85232556566073,0.00019930878529399485,0.0028087007879439552,0.004947861770400394,0.0033258245928356254,running
sparse_exact_ridge,gaussian_noise_baseline,101,19,0.00608563285607425,0.005416694071773742,0.0039193485830765085,12.841813169777874,0.00017729649937006593,0.002890278828071104,0.004947861770400394,0.0033625827410269805,running
sparse_exact_ridge,gaussian_noise_baseline,101,20,0.006094200174943367,0.005420149206405227,0.003930212559857052,12.834397503542965,0.00015775822756222105,0.0029620722011156155,0.004947861770400394,0.003392079372172399,running
sparse_exact_ridge,gaussian_noise_baseline,101,21,0.006101890292885581,0.0054229038492109695,0.003940397654100261,12.829352157922251,0.0001404104275785644,0.0030251471529750785,0.004947861770400394,0.0034154511525320446,running
sparse_exact_ridge,gaussian_noise_baseline,101,22,0.006108760859726705,0.005425058521133129,0.0039498789552937785,12.826108509337773,0.0001250025318489941,0.003080473252367352,0.004947861770400394,0.003433676999484436,running
sparse_exact_ridge,gaussian_noise_baseline,101,23,0.006114873714817585,0.005426703979448771,0.00395865188567256,12.824222507630727,0.00011131310427069261,0.0031289265450681184,0.004947861770400394,0.003447598234988319,running
sparse_exact_ridge,gaussian_noise_baseline,101,24,0.0061202919727934785,0.005427921047478084,0.003966727036932848,12.823348317554409,9.914643799010626e-05,0.003171294955938163,0.004947861770400394,0.00345793633565411,running
sparse_exact_ridge,gaussian_noise_baseline,101,25,0.006125077979880045,0.005428780895768264,0.003974126028310418,12.823217439812815,8.832954532139857e-05,0.0032082847268095184,0.004947861770400394,0.003465308547420232,running
sparse_exact_ridge,gaussian_noise_baseline,101,26,0.006129291921827676,0.005429345600638421,0.0039808782127133185,12.823622196196135,7.870949605137881e-05,0.0032405271951816508,0.004947861770400394,0.003470241605153667,running
sparse_exact_ridge,gaussian_noise_baseline,101,27,0.006132990916473636,0.005429668858347754,0.003987018081673471,12.824402680554362,7.01510650447088e-05,0.0032685855174892278,0.004947861770400394,0.00347318377234983,running
sparse_exact_ridge,gaussian_noise_baseline,101,28,0.0061362284638099875,0.0054297967712039485,0.003992583242205438,12.82543645658979,6.253465424390456e-05,0.003292961116605022,0.004947861770400394,0.0034745153933849445,running
sparse_exact_ridge,gaussian_noise_baseline,101,29,0.006139054157026576,0.005429768649407631,0.0039976128587033795,12.826630429464547,5.575445791437314e-05,0.003314099738065911,0.004947861770400394,0.003474558130249631,running
sparse_quantized_ridge,gaussian_noise_baseline,101,0,0.006371533539056902,0.00542958767919551,0.004396442592894402,22.807552354615517,0.004592562389687762,0.0047638394467801074,0.004947861770400394,0.0027195690352076612,running
sparse_quantized_ridge,gaussian_noise_baseline,101,1,0.006123306218551923,0.005350274844589395,0.00406872076783846,16.98598113733716,0.0020010093420061025,0.003194637819870784,0.004947861770400394,0.0011832346392131434,running
sparse_quantized_ridge,gaussian_noise_baseline,101,2,0.006033216775634248,0.005296653131243173,0.0039780264042701,15.799039285248416,0.0014052576786793905,0.0024074848832039914,0.004947861770400394,0.0002573284585177778,running
sparse_quantized_ridge,gaussian_noise_baseline,101,3,0.005984069405939371,0.005274230951183201,0.003919862391031985,15.230935233805745,0.001195753655649717,0.001848744416587867,0.004947861770400394,0.00031668745702359286,running
sparse_quantized_ridge,gaussian_noise_baseline,101,4,0.005954508227600196,0.005266584799882544,0.0038773899452966584,14.741631497935884,0.0010552674731743436,0.0014130914390320772,0.004947861770400394,0.0007876014684566044,running
sparse_quantized_ridge,gaussian_noise_baseline,101,5,0.00593913805152369,0.005269309988107804,0.0038467108163214776,14.327886354038215,0.0009358658894919895,0.0011228321273620747,0.004947861770400394,0.0012067025069090434,running
sparse_quantized_ridge,gaussian_noise_baseline,101,6,0.0059345528132532825,0.005278795503383374,0.003826439979828061,13.995281082369635,0.0008297781953407452,0.0010205557502453054,0.004947861770400394,0.001572203916558564,running
sparse_quantized_ridge,gaussian_noise_baseline,101,7,0.005937656753115712,0.0052920868985231635,0.003814914293987429,13.731753846879153,0.0007356507901023794,0.0010908314890001756,0.004947861770400394,0.0018853510596226648,running
sparse_quantized_ridge,gaussian_noise_baseline,101,8,0.005945948236474277,0.005307137769195637,0.0038103534458254168,13.52361893441394,0.0006523592395965315,0.0012596253400043098,0.004947861770400394,0.0021522709054324247,running
sparse_quantized_ridge,gaussian_noise_baseline,101,9,0.0059575623078324935,0.005322606139397232,0.003811188551874886,13.359798828478988,0.0005786761889667486,0.001464005952119494,0.004947861770400394,0.002379422508763027,running
sparse_quantized_ridge,gaussian_noise_baseline,101,10,0.005971136616401181,0.005337633400392663,0.00381610908589109,13.231441057248668,0.0005134662910774798,0.0016719153402579203,0.004947861770400394,0.0025722962731071644,running
sparse_quantized_ridge,gaussian_noise_baseline,101,11,0.0059856829917367795,0.005351694541766135,0.0038240309815331533,13.131354506284639,0.0004656290733297909,0.001869658998333295,0.004947861770400394,0.0027355545398171344,running
sparse_quantized_ridge,gaussian_noise_baseline,101,12,0.006000693659253051,0.005364497740877227,0.0038344231674144673,13.052112256861953,0.0004117650736499463,0.0020542852925593486,0.004947861770400394,0.0028736698345933746,running
sparse_quantized_ridge,gaussian_noise_baseline,101,13,0.006015447699069444,0.005375824177711508,0.003846270487361574,12.991335589809866,0.0003648764167494228,0.002221246027356948,0.004947861770400394,0.002988512972442872,running
sparse_quantized_ridge,gaussian_noise_baseline,101,14,0.0060296431058632005,0.005385724036514948,0.0038589603558151398,12.945059897123693,0.0003234269607080037,0.0023711613335668487,0.004947861770400394,0.003084250761520036,running
sparse_quantized_ridge,gaussian_noise_baseline,101,15,0.0060430539632833945,0.0053942590712284634,0.0038720020891481214,12.91008871768,0.00028674081122486306,0.002504858991953304,0.004947861770400394,0.003163917195315868,running
sparse_quantized_ridge,gaussian_noise_baseline,101,16,0.00605554988641397,0.005401522921009473,0.0038850364728510545,12.883897879377844,0.00025425149799679434,0.002623558438413224,0.004947861770400394,0.0032298480706087302,running
sparse_quantized_ridge,gaussian_noise_baseline,101,17,0.006067064568428208,0.005407627321845667,0.0038977973869723692,12.864508760498538,0.00022547514431886777,0.002728573096753576,0.004947861770400394,0.0032840444211548856,running
sparse_quantized_ridge,gaussian_noise_baseline,101,18,0.0060775788501781745,0.005412693133621171,0.003910092971012767,12.850371058144145,0.00019998571715164448,0.0028212168817051014,0.004947861770400394,0.0033282595834710437,running
sparse_quantized_ridge,gaussian_noise_baseline,101,19,0.006087107220029493,0.005416842442129961,0.00392179137469989,12.8402691478768,0.00017740530622617918,0.002902753111005515,0.004947861770400394,0.0033640167953705893,running
sparse_quantized_ridge,gaussian_noise_baseline,101,20,0.006095686921739582,0.005420192979185717,0.003932808121151659,12.833251445647306,0.00015739915570914592,0.002974364675160482,0.004947861770400394,0.0033926305293317345,running
sparse_quantized_ridge,gaussian_noise_baseline,101,21,0.0061033697524731445,0.005422854794822453,0.003943095388716489,12.828575285050384,0.00013967114427748613,0.0030371405458487107,0.004947861770400394,0.0034152322175924473,running
sparse_quantized_ridge,gaussian_noise_baseline,101,22,0.006110216086267827,0.00542492851182496,0.00395263328002858,12.825662799457596,0.00012395940641965524,0.0030920724939770094,0.004947861770400394,0.003432794197138103,running
sparse_quantized_ridge,gaussian_noise_baseline,101,23,0.0061162905659477565,0.005426504606331923,0.003961422811519244,12.824065672366107,0.00011003236014788393,0.0031400572669549732,0.004947861770400394,0.0034461504904621564,running
sparse_quantized_ridge,gaussian_noise_baseline,101,24,0.0061216590332594245,0.005427663353711864,0.003969480318973009,12.823437201897244,9.768519747426674e-05,0.003181901515492751,0.004947861770400394,0.003456014880890892,running
sparse_quantized_ridge,gaussian_noise_baseline,101,25,0.0061263863852973836,0.005428475199672138,0.003976833024347615,12.823510263705865,8.673678756239932e-05,0.0032183280320588156,0.004947861770400394,0.0034629967598225385,running
sparse_quantized_ridge,gaussian_noise_baseline,101,26,0.006130535123674569,0.005429001388521815,0.00398351555382787,12.82407995719283,7.702693711040187e-05,0.0032499825024494117,0.004947861770400394,0.0034676150358443885,running
sparse_quantized_ridge,gaussian_noise_baseline,101,27,0.006134164418079774,0.005429294730652894,0.003989567230655014,12.824989953764495,6.841396501972793e-05,0.003277440308148392,0.004947861770400394,0.0034703103229618655,running
sparse_quantized_ridge,gaussian_noise_baseline,101,28,0.0061373295481000735,0.005429400428479678,0.00399502999461005,12.826121768694227,6.0772555922832095e-05,0.0033012131141063454,0.004947861770400394,0.0034714556032913253,running
sparse_quantized_ridge,gaussian_noise_baseline,101,29,0.006140081620000019,0.005429356907214825,0.003999946825009052,12.827386339332648,5.399186123850259e-05,0.003321755097114072,0.004947861770400394,0.00347136554251647,running
sparse_exact_polynomial,gaussian_noise_baseline,101,0,0.006371533539056902,0.00542958767919551,0.004396442592894402,22.807552354615517,0.004592498983654485,0.0047638394467801074,0.004947861770400394,0.0027195560049624885,running
sparse_exact_polynomial,gaussian_noise_baseline,101,1,0.006123309896701826,0.005350275946503536,0.004068725790562801,16.986015336331125,0.0020009296367078486,0.0031946662069320527,0.004947861770400394,0.0011833195919551285,running
sparse_exact_polynomial,gaussian_noise_baseline,101,2,0.006033221826660665,0.005296654785028992,0.003978033172523461,15.799091079664679,0.0014052300658692412,0.0024075358502009874,0.004947861770400394,0.0002574031523523508,running
sparse_exact_polynomial,gaussian_noise_baseline,101,3,0.0059840740475840416,0.005274231795747048,0.003919869487711557,15.230988842740864,0.0011957318876358667,0.0018488049107074367,0.004947861770400394,0.0003166323121176973,running
sparse_exact_polynomial,gaussian_noise_baseline,101,4,0.005954512128178501,0.005266584927132686,0.003877396676013026,14.74169564610753,0.0010552507910823988,0.0014131576184689873,0.004947861770400394,0.0007875472984335072,running
sparse_exact_polynomial,gaussian_noise_baseline,101,5,0.005939140731222047,0.005269309177026965,0.0038467166077017882,14.32795399493044,0.0009358545132679941,0.001122889197907159,0.004947861770400394,0.0012066448000167163,running
sparse_exact_polynomial,gaussian_noise_baseline,101,6,0.0059345539946084255,0.00527879380363908,0.0038264442650508958,13.9953465735779,0.0008297715134671354,0.0010205834103843524,0.004947861770400394,0.0015721457274334861,running
sparse_exact_polynomial,gaussian_noise_baseline,101,7,0.005937656415736413,0.005292084509806052,0.003814916766848123,13.731814734260409,0.0007356479239375997,0.0010908240945519492,0.004947861770400394,0.0018852950590545912,running
sparse_exact_polynomial,gaussian_noise_baseline,101,8,0.005945946500768455,0.0053071349143533,0.0038103540221233706,13.523674165825016,0.0006523594169849328,0.001259592349425207,0.004947861770400394,0.0021522183049043045,running
sparse_exact_polynomial,gaussian_noise_baseline,101,9,0.005957559352664385,0.005322603021498358,0.0038111872808664032,13.35984792921833,0.0005786787983744231,0.0014639575300355251,0.004947861770400394,0.0023793738859663152,running
sparse_exact_polynomial,gaussian_noise_baseline,101,10,0.005971132643640771,0.005337630194088045,0.003816106098882876,13.231483938498286,0.0005134708313682914,0.0016718582093883001,0.004947861770400394,0.0025722519920738313,running
sparse_exact_polynomial,gaussian_noise_baseline,101,11,0.005985678207913172,0.005351691390543509,0.003824026462174377,13.131391367115897,0.0004656350610582242,0.0018695973300421,0.004947861770400394,0.00273551240449848,running
sparse_exact_polynomial,gaussian_noise_baseline,101,12,0.006000688129517925,0.005364494545532324,0.0038344173629321202,13.052143339937176,0.00041177355250496343,0.002054220252614683,0.004947861770400394,0.002873630565105495,running
sparse_exact_polynomial,gaussian_noise_baseline,101,13,0.006015441664172793,0.005375821039625562,0.003846263701873929,12.991361257883083,0.00036488567163319775,0.002221180219794676,0.004947861770400394,0.0029884769319768445,running
sparse_exact_polynomial,gaussian_noise_baseline,101,14,0.006029636762644983,0.005385721045499484,0.003858952829755833,12.945080805067162,0.0003234366955334721,0.0023710963842878984,0.004947861770400394,0.0030842181461700193,running
sparse_exact_polynomial,gaussian_noise_baseline,101,15,0.006043047477361872,0.00539425629388376,0.003871994036651515,12.910105501901262,0.00028675079027950216,0.002504795986438018,0.004947861770400394,0.003163888104688616,running
sparse_exact_polynomial,gaussian_noise_baseline,101,16,0.006055543394239317,0.00540152040344801,0.0038850280815915243,12.883911140395666,0.0002542615333540477,0.002623498101059401,0.004947861770400394,0.0032298225164244868,running
sparse_exact_polynomial,gaussian_noise_baseline,101,17,0.006067058179734954,0.00540762509240022,0.0038977888189167006,12.864519045815795,0.00022548508789833836,0.0027285158978316007,0.004947861770400394,0.0032840223296471084,running
sparse_exact_polynomial,gaussian_noise_baseline,101,18,0.006077572650639679,0.005412691205720371,0.003910084363446854,12.85037885587139,0.0001999954549094912,0.002821163106030591,0.004947861770400394,0.003328240813409179,running
sparse_exact_polynomial,gaussian_noise_baseline,101,19,0.006087101274234584,0.005416840817304105,0.003921782841751513,12.840274886460566,0.0001774147525066312,0.002902702906489983,0.004947861770400394,0.003364001159026273,running
sparse_exact_polynomial,gaussian_noise_baseline,101,20,0.006095681276251362,0.0054201916498735165,0.003932799755766091,12.833255496283599,0.00015740824806051288,0.0029743180884974057,0.004947861770400394,0.003392617808908196,running
sparse_exact_polynomial,gaussian_noise_baseline,101,21,0.006103364438728538,0.005422853746804036,0.003943087264848417,12.828577965709789,0.000139679839075495,0.0030370975489815285,0.004947861770400394,0.0034152221773314307,running
sparse_exact_polynomial,gaussian_noise_baseline,101,22,0.006110211123211363,0.005424927726258134,0.003952625454869833,12.825664379905135,0.00012396767524873613,0.0030920330039733057,0.004947861770400394,0.003432786592637893,running
sparse_exact_polynomial,gaussian_noise_baseline,101,23,0.006116285962371377,0.00542650406141868,0.003961415327665185,12.824066379574294,0.0001100401867928547,0.0031400211611786926,0.004947861770400394,0.0034461450759796213,running
sparse_exact_polynomial,gaussian_noise_baseline,101,24,0.006121654789847422,0.005427663026031452,0.003969473206472932,12.82343722541042,9.769257540965685e-05,0.0031818686433392725,0.004947861770400394,0.0034560114149650963,running
sparse_exact_polynomial,gaussian_noise_baseline,101,25,0.006126382496387631,0.00542847506522096,0.003976826302604759,12.823509760702859,8.67437178653827e-05,0.0032182982240975145,0.004947861770400394,0.0034629950094739325,running
sparse_exact_polynomial,gaussian_noise_baseline,101,26,0.006130531578755566,0.005429001423502386,0.003983509233329709,12.824079057122555,7.703342673274583e-05,0.003249955577567211,0.004947861770400394,0.0034676147795970696,running
sparse_exact_polynomial,gaussian_noise_baseline,101,27,0.006134161203047853,0.005429294912053215,0.0039895613145257925,12.824988762502329,6.842002536597002e-05,0.0032774160791276207,0.004947861770400394,0.0034703113529151257,running
sparse_exact_polynomial,gaussian_noise_baseline,101,28,0.006137326646303306,0.005429400734481242,0.003995024479986283,12.826120372209108,6.07782016847971e-05,0.003301191391963758,0.004947861770400394,0.0034714577264245215,running
sparse_exact_polynomial,gaussian_noise_baseline,101,29,0.006140079013095139,0.005429357317462982,0.0039999417042444274,12.82738480688259,5.399710944729438e-05,0.0033217356944504305,0.004947861770400394,0.003471368581384953,running
sparse_qsvt_statevector_closed_loop,gaussian_noise_baseline,101,0,0.006371533539056902,0.00542958767919551,0.004396442592894402,22.807552354615517,0.0045924990108947555,0.0047638394467801074,0.004947861770400394,0.0027195560007097735,running
sparse_qsvt_statevector_closed_loop,gaussian_noise_baseline,101,1,0.006123309895814012,0.005350275946143821,0.004068725789464901,16.986015318412832,0.002000929639356882,0.003194666200080149,0.004947861770400394,0.001183319578367604,running
sparse_qsvt_statevector_closed_loop,gaussian_noise_baseline,101,2,0.006033221825859206,0.0052966547846521935,0.003978033171590952,15.799091070430114,0.0014052300712909366,0.0024075358421140076,0.004947861770400394,0.00025740313943433107,running
sparse_qsvt_statevector_closed_loop,gaussian_noise_baseline,101,3,0.005984074046883712,0.005274231795523296,0.003919869486761162,15.230988833406352,0.0011957318915522257,0.0018488049015802598,0.004947861770400394,0.0003166323239069301,running
sparse_qsvt_statevector_closed_loop,gaussian_noise_baseline,101,4,0.0059545121276395685,0.005266584927096301,0.003877396675106776,14.741695635467535,0.0010552507939496703,0.0014131576093253642,0.004947861770400394,0.0007875473107734765,running
sparse_qsvt_statevector_closed_loop,gaussian_noise_baseline,101,5,0.005939140730912141,0.005269309177212755,0.003846716606915009,14.327953983876741,0.0009358545151842619,0.0011228891913071177,0.004947861770400394,0.0012066448130418545,running
sparse_qsvt_statevector_closed_loop,gaussian_noise_baseline,101,6,0.005934553994562726,0.005278793804033103,0.0038264442644646087,13.995346562942341,0.0008297715145731325,0.0010205834093143862,0.004947861770400394,0.0015721457405924162,running
sparse_qsvt_statevector_closed_loop,gaussian_noise_baseline,101,7,0.005937656415951036,0.005292084510369179,0.0038149167665070443,13.731814724425503,0.0007356479243975825,0.0010908240992559513,0.004947861770400394,0.0018852950719058614,running
sparse_qsvt_statevector_closed_loop,gaussian_noise_baseline,101,8,0.005945946501217822,0.005307134915040275,0.003810354022041593,13.523674156951808,0.0006523594169361455,0.0012595923579664426,0.004947861770400394,0.0021522183172005362,running
sparse_qsvt_statevector_closed_loop,gaussian_noise_baseline,101,9,0.005957559353313967,0.005322603022265718,0.0038111872810394384,13.359847921370166,0.0005786787979272157,0.0014639575406794748,0.004947861770400394,0.0023793738975608084,running
sparse_qsvt_statevector_closed_loop,gaussian_noise_baseline,101,10,0.005971132644453149,0.005337630194897058,0.0038161060992944877,13.231483931674832,0.0005134708306124015,0.001671858221071012,0.004947861770400394,0.0025722520028642654,running
sparse_qsvt_statevector_closed_loop,gaussian_noise_baseline,101,11,0.005985678208851188,0.005351691391361398,0.003824026462800637,13.131391361272382,0.0004656350598026988,0.0018695973421342556,0.004947861770400394,0.0027355124144210793,running
sparse_qsvt_statevector_closed_loop,gaussian_noise_baseline,101,12,0.006000688130544536,0.005364494546332891,0.003834417363740382,13.05214333506234,0.0004117735511472986,0.0020542202646897365,0.004947861770400394,0.0028736305741733762,running
sparse_qsvt_statevector_closed_loop,gaussian_noise_baseline,101,13,0.006015441665256738,0.005375821040391771,0.0038462637028297895,12.991361253860788,0.00036488567018406337,0.0022211802316147327,0.004947861770400394,0.0029884769401614104,running
sparse_qsvt_statevector_closed_loop,gaussian_noise_baseline,101,14,0.006029636763757704,0.005385721046216739,0.0038589528308264802,12.94508080179081,0.00032343669403340987,0.0023710963956813835,0.004947861770400394,0.003084218153484325,running
sparse_qsvt_statevector_closed_loop,gaussian_noise_baseline,101,15,0.006043047478479696,0.005394256294542465,0.003871994037806427,12.91010549926872,0.00028675078875960397,0.002504795997296911,0.004947861770400394,0.003163888111165065,running
sparse_qsvt_statevector_closed_loop,gaussian_noise_baseline,101,16,0.006055543395343177,0.005401520404042539,0.003885028082803367,12.883911138311262,0.00025426153183838023,0.002623498111318636,0.004947861770400394,0.003229822522103261,running
sparse_qsvt_statevector_closed_loop,gaussian_noise_baseline,101,17,0.006067058180809825,0.005407625092928066,0.003897788820161456,12.864519044193159,0.00022548508640598882,0.002728515907455169,0.004947861770400394,0.00328402233457471,running
sparse_qsvt_statevector_closed_loop,gaussian_noise_baseline,101,18,0.006077572651674061,0.0054126912061814554,0.003910084364703802,12.850378854634194,0.0001999954534550448,0.0028211631150030472,0.004947861770400394,0.0033282408176371894,running
sparse_qsvt_statevector_closed_loop,gaussian_noise_baseline,101,19,0.006087101275220061,0.005416840817700199,0.0039217828430031815,12.840274885542234,0.00017741475110073156,0.002902702914811137,0.004947861770400394,0.0033640011626087985,running
sparse_qsvt_statevector_closed_loop,gaussian_noise_baseline,101,20,0.00609568127718211,0.005420191650207714,0.003932799756998034,12.833255495626721,0.00015740824671109957,0.0029743180961780027,0.004947861770400394,0.003392617811901156,running
sparse_qsvt_statevector_closed_loop,gaussian_noise_baseline,101,21,0.0061033644396008965,0.005422853747080347,0.003943087266048973,12.82857796526528,0.00013967983778758125,0.00303709755604038,0.004947861770400394,0.003415222179790032,running
sparse_qsvt_statevector_closed_loop,gaussian_noise_baseline,101,22,0.006110211124023425,0.005424927726481132,0.003952625456029809,12.825664379631537,0.00012396767402596845,0.00309203301043475,0.004947861770400394,0.0034327865946158476,running
sparse_qsvt_statevector_closed_loop,gaussian_noise_baseline,101,23,0.00611628596312267,0.005426504061593232,0.0039614153287776226,12.824066379436708,0.0001100401856368913,0.0031400211670711132,0.004947861770400394,0.003446145077529135,running
sparse_qsvt_statevector_closed_loop,gaussian_noise_baseline,101,24,0.006121654790538599,0.005427663026162525,0.0039694732075327786,12.823437225379635,9.769257432111437e-05,0.003181868648693593,0.004947861770400394,0.003456011416135093,running
sparse_qsvt_statevector_closed_loop,gaussian_noise_baseline,101,25,0.0061263824970202154,0.005428475065313452,0.003976826303608627,12.82350976075464,8.674371684338606e-05,0.0032182982289462067,0.004947861770400394,0.003462995010309991,running
sparse_qsvt_statevector_closed_loop,gaussian_noise_baseline,101,26,0.006130531579331719,0.005429001423561019,0.00398350923427558,12.824079057237167,7.703342577628007e-05,0.003249955581943314,0.004947861770400394,0.0034676147801427355,running
sparse_qsvt_statevector_closed_loop,gaussian_noise_baseline,101,27,0.006134161203570216,0.005429294912082473,0.003989561315412801,12.824988762663347,6.842002447303696e-05,0.003277416083064251,0.004947861770400394,0.003470311353209728,running
sparse_qsvt_statevector_closed_loop,gaussian_noise_baseline,101,28,0.0061373266467748475,0.0054294007344853,0.003995024480814535,12.82612037240317,6.077820085315229e-05,0.0033011913954936033,0.004947861770400394,0.0034714577265041874,running
sparse_qsvt_statevector_closed_loop,gaussian_noise_baseline,101,29,0.0061400790135190016,0.005429357317445687,0.00399994170501475,12.827384807099158,5.399710867420041e-05,0.0033217356976051582,0.004947861770400394,0.00347136858128254,running
full_system_exact_ridge,gaussian_noise_baseline,202,0,0.005999920314578795,0.005231262122382075,0.004000377345060787,26.6446798948547,0.024516541642258576,0.0032233922002469478,0.004837537010952493,,running
full_system_exact_ridge,gaussian_noise_baseline,202,1,0.0009311806799810271,0.0006909578297851666,0.000744455726210667,0.8387195195350922,0.0005590784272846755,0.00020825970493042596,0.0007743723284412672,,running
full_system_exact_ridge,gaussian_noise_baseline,202,2,0.0008838654684841715,0.0006576046423101176,0.0007051115131996023,0.8304132250378496,1.9750377038743272e-07,0.0002077935942725993,0.0007345394589694365,,running
full_system_exact_ridge,gaussian_noise_baseline,202,3,0.0008838444542791543,0.0006576023046463507,0.0007050832333024117,0.8304132246795571,1.8200627377975787e-10,0.00020780876042304094,0.000734521005788801,,converged
block_full_support_ridge,gaussian_noise_baseline,202,0,0.005999920314578795,0.005231262122382075,0.004000377345060787,26.6446798948547,0.004855970706038268,0.0032233922002469478,0.004837537010952493,0.0019673286388274193,running
block_full_support_ridge,gaussian_noise_baseline,202,1,0.005850781755730117,0.0050772175931593925,0.00392992247054275,22.969372817168168,0.0014622694955302982,0.0018093707087479874,0.004837537010952493,0.0009433394651989075,running
block_full_support_ridge,gaussian_noise_baseline,202,2,0.005821396080523016,0.005028603910168056,0.003937751716035695,22.577346357113672,0.0011859473715175063,0.0013757729778134287,0.004837537010952493,0.0002894591918540581,running
block_full_support_ridge,gaussian_noise_baseline,202,3,0.0058083168314375655,0.00499982464126569,0.003949543614947826,22.274539503658882,0.0010391539185270167,0.0011314979948989484,0.004837537010952493,0.00025397897665361657,running
block_full_support_ridge,gaussian_noise_baseline,202,4,0.005808605047647701,0.004986376459824818,0.003965784950855123,22.03895989922439,0.000912081415974202,0.0011374397582435399,0.004837537010952493,0.0007267337569527543,running
block_full_support_ridge,gaussian_noise_baseline,202,5,0.005818322046363221,0.004983954728884393,0.0039849523669779835,21.85912782809284,0.0008005608472751788,0.001322376375115764,0.004837537010952493,0.001140728787903636,running
block_full_support_ridge,gaussian_noise_baseline,202,6,0.00583416178842834,0.004989072040773655,0.004005595249569549,21.72288225591869,0.0007026628106001821,0.001578562983215344,0.004837537010952493,0.001503609382200032,running
block_full_support_ridge,gaussian_noise_baseline,202,7,0.005853660882836666,0.004999107902688813,0.004026648567786736,21.62031256064025,0.0006167260335809248,0.0018464858305813606,0.004837537010952493,0.0018217319089646865,running
block_full_support_ridge,gaussian_noise_baseline,202,8,0.005875046917367143,0.005012144630976835,0.004047378197083987,21.54361542441102,0.0005412917917314721,0.0021022561430110755,0.004837537010952493,0.002100624875047045,running
block_full_support_ridge,gaussian_noise_baseline,202,9,0.005897074194844117,0.005026804711357701,0.004067299636613483,21.48670072147549,0.00047507862061686414,0.0023374313846560787,0.004837537010952493,0.0023451285267677806,running
block_full_support_ridge,gaussian_noise_baseline,202,10,0.005918889701715741,0.005042117610305625,0.004086110991183632,21.44484219655635,0.00041696089719274823,0.0025498045394744388,0.004837537010952493,0.002559484667990236,running
block_full_support_ridge,gaussian_noise_baseline,202,11,0.00593992928443709,0.005057415472391186,0.004103641711515137,21.414389422685595,0.0003659500105616028,0.0027397326918912174,0.004837537010952493,0.0027474113133567324,running
block_full_support_ridge,gaussian_noise_baseline,202,12,0.005959838739563108,0.005072253051702402,0.004119814173778799,21.392534674628553,0.0003211777806250804,0.002908622835355625,0.004837537010952493,0.0029121675652569456,running
block_full_support_ridge,gaussian_noise_baseline,202,13,0.005978414525060852,0.005086347034648198,0.0041346151897704835,21.37712657052618,0.00028188186040703625,0.0030582699006297238,0.004837537010952493,0.003056610369500789,running
block_full_support_ridge,gaussian_noise_baseline,202,14,0.00599555960691705,0.005099530503078178,0.004148075065440506,21.36652253854247,0.0002473928901060518,0.0031905541215211516,0.004837537010952493,0.0031832442193766566,running
block_full_support_ridge,gaussian_noise_baseline,202,15,0.006011250831110546,0.005111719032796945,0.0041602523417563885,21.359472905890303,0.00021712319695561068,0.0033073003767765392,0.004837537010952493,0.0032942646958734486,running
block_full_support_ridge,gaussian_noise_baseline,202,16,0.006025514992938372,0.005122885635585005,0.004171222783571081,21.35503037519665,0.00019055685813682607,0.0034102147130909096,0.004837537010952493,0.003391596613833594,running
block_full_support_ridge,gaussian_noise_baseline,202,17,0.006038411425140145,0.00513304236869956,0.004181071526159995,21.352479662123613,0.0001672409647980661,0.003500859155894993,0.004837537010952493,0.0034769274460035647,running
block_full_support_ridge,gaussian_noise_baseline,202,18,0.006050019445270998,0.005142226940220084,0.004189887556699869,21.351283012460186,0.0001467779438695209,0.00358064594196201,0.004837537010952493,0.0035517366123356403,running
block_full_support_ridge,gaussian_noise_baseline,202,19,0.006060429407836921,0.0051504930387137856,0.0041977599131436385,21.35103814753883,0.0001288188110064507,0.0036508415960480787,0.004837537010952493,0.003617321148183213,running
block_full_support_ridge,gaussian_noise_baseline,202,20,0.0060697364180633045,0.005157903426689443,0.004204775138793101,21.351445889458756,0.00011305724281710743,0.0037125758165112775,0.004837537010952493,0.0036748182007239876,running
block_full_support_ridge,gaussian_noise_baseline,202,21,0.006078036001108216,0.005164525075827934,0.004211015648517923,21.35228529656493,9.922436970650212e-05,0.003766852459623689,0.004837537010952493,0.003725224746802919,running
block_full_support_ridge,gaussian_noise_baseline,202,22,0.0060854211996445974,0.005170425803294732,0.004216558751012766,21.353394608067124,8.70842023532566e-05,0.003814561147844248,0.004837537010952493,0.0037694148763450816,running
block_full_support_ridge,gaussian_noise_baseline,202,23,0.006091980707530926,0.005175672005452215,0.00422147613778719,21.354656670753904,7.642961518685362e-05,0.0038564887043548665,0.004837537010952493,0.003808154942633683,running
block_full_support_ridge,gaussian_noise_baseline,202,24,0.006097797748424447,0.005180327188405381,0.004225833699184714,21.355987816624236,6.70788193860504e-05,0.0038933299958621263,0.004837537010952493,0.003842116843281852,running
block_full_support_ridge,gaussian_noise_baseline,202,25,0.006102949483907625,0.005184451072202293,0.004229691564775301,21.35732939261392,5.887226601153898e-05,0.0039256979819168175,0.004837537010952493,0.0038718896629599355,running
block_full_support_ridge,gaussian_noise_baseline,202,26,0.006107506792291374,0.005188099103471625,0.004233104293094119,21.358641325102084,5.166992702097748e-05,0.003954132892936735,0.004837537010952493,0.0038979898802756195,running
block_full_support_ridge,gaussian_noise_baseline,202,27,0.0061115343014960695,0.005191322254620579,0.004236121156268986,21.359897243089286,4.5348908215628e-05,0.003979110529744433,0.004837537010952493,0.003920870316119036,running
block_full_support_ridge,gaussian_noise_baseline,202,28,0.006115090590888021,0.005194167020077733,0.004238786480362376,21.361080793458168,3.980135371551981e-05,0.004001049716754106,0.004837537010952493,0.003940927978827764,running
block_full_support_ridge,gaussian_noise_baseline,202,29,0.006118228500367123,0.0051966755441918665,0.0042411400135820764,21.36218286645502,3.493260645009522e-05,0.004020318961674941,0.004837537010952493,0.003958510942304384,running
sparse_exact_ridge,gaussian_noise_baseline,202,0,0.005999920314578795,0.005231262122382075,0.004000377345060787,26.6446798948547,0.00493753962592163,0.0032233922002469478,0.004837537010952493,0.0012382746408103077,running
sparse_exact_ridge,gaussian_noise_baseline,202,1,0.005856183110090734,0.005083134723277943,0.003932074580275722,23.426926556428942,0.0019626514056932907,0.0018784121897974743,0.004837537010952493,0.00047640969230802743,running
sparse_exact_ridge,gaussian_noise_baseline,202,2,0.005820438589913912,0.005029906769671541,0.003934576981183619,22.670730251782512,0.0012318579707608227,0.0013593630952554124,0.004837537010952493,0.00010958894055635923,running
sparse_exact_ridge,gaussian_noise_baseline,202,3,0.005800013239883781,0.004995301539134835,0.003940810014524467,22.276702913013857,0.0010407170885968352,0.0009445471684670447,0.004837537010952493,0.00039538883583705223,running
sparse_exact_ridge,gaussian_noise_baseline,202,4,0.005794365293938201,0.004983364016766202,0.003945283287797467,22.02038887434551,0.0009155508591714974,0.0007927773105874456,0.004837537010952493,0.0009123251228467948,running
sparse_exact_ridge,gaussian_noise_baseline,202,5,0.005800419084850116,0.004985278222104882,0.0039532635477801375,21.832383455949532,0.0008085427325692533,0.0009545292327246307,0.004837537010952493,0.0013665224497914237,running
sparse_exact_ridge,gaussian_noise_baseline,202,6,0.005813870620966422,0.004995469280413454,0.003964035244929444,21.687740618570274,0.0007150025220752298,0.0012410428668159811,0.004837537010952493,0.0017559179086386518,running
sparse_exact_ridge,gaussian_noise_baseline,202,7,0.005831794821256459,0.005010591276470228,0.003976582928908934,21.577186386439944,0.000632709480576967,0.0015429443963623894,0.004837537010952493,0.0020924617749088,running
sparse_exact_ridge,gaussian_noise_baseline,202,8,0.0058523124120914,0.005028422997729123,0.003990335566718096,21.49392142878485,0.0005600568820584086,0.0018291940451802542,0.004837537010952493,0.0023845877748377054,running
sparse_exact_ridge,gaussian_noise_baseline,202,9,0.005874102917075786,0.005047391296311395,0.004004905940930091,21.431968461062862,0.0004958478582418425,0.00209160753794128,0.004837537010952493,0.0026379306366780112,running
sparse_exact_ridge,gaussian_noise_baseline,202,10,0.00589621058460109,0.005066403858659797,0.0040199596665434125,21.38649425280176,0.00043909890301187997,0.002328642588115968,0.004837537010952493,0.0028571768009060155,running
sparse_exact_ridge,gaussian_noise_baseline,202,11,0.005917961561107358,0.005084740311753242,0.004035202728656326,21.353726978865375,0.000388945024437491,0.0025411152919956855,0.004837537010952493,0.0030465509594531513,running
sparse_exact_ridge,gaussian_noise_baseline,202,12,0.0059389002611206,0.005101954642085601,0.004050388092536546,21.330718847913122,0.000344616263929854,0.0027307355862130457,0.004837537010952493,0.003209828898719625,running
sparse_exact_ridge,gaussian_noise_baseline,202,13,0.0059587343396115405,0.005117795993321757,0.004065315481332749,21.315159590559063,0.00030543030492874163,0.002899497612318635,0.004837537010952493,0.0033503425818911174,running
sparse_exact_ridge,gaussian_noise_baseline,202,14,0.005977290984154144,0.0051321494696047795,0.00407982698015962,21.305243084251643,0.00027078438321671524,0.003049414341622339,0.004837537010952493,0.0034710214853097914,running
sparse_exact_ridge,gaussian_noise_baseline,202,15,0.005994483821743848,0.005144992968433832,0.004093801853890476,21.299562947804592,0.00024014639711614764,0.0031824045708067493,0.004837537010952493,0.0035744399873410193,running
sparse_exact_ridge,gaussian_noise_baseline,202,16,0.006010288109481285,0.005156365837486578,0.004107151505860063,21.297027992728516,0.00021304665206521055,0.0033002477821942986,0.004837537010952493,0.0036628591461696975,running
sparse_exact_ridge,gaussian_noise_baseline,202,17,0.00602472215631805,0.005166346257695764,0.004119814704632871,21.296794500225015,0.0001890705869477554,0.003404569821237011,0.004837537010952493,0.003738262886078159,running
sparse_exact_ridge,gaussian_noise_baseline,202,18,0.0060378334673790324,0.00517503511140599,0.004131753145070873,21.29821261355607,0.00016785237077104876,0.0034968430883168056,0.004837537010952493,0.0038023900145351085,running
sparse_exact_ridge,gaussian_noise_baseline,202,19,0.0060496884838036865,0.0051825446533388395,0.004142947413666799,21.300784089678633,0.00014906923418171327,0.003578393643105508,0.004837537010952493,0.003856762771659613,running
sparse_exact_ridge,gaussian_noise_baseline,202,20,0.006060365052173093,0.005188990710184398,0.004153393397760323,21.304129049475097,0.0001324364440739971,0.003650411417328781,0.004837537010952493,0.0039027122635242367,running
sparse_exact_ridge,gaussian_noise_baseline,202,21,0.006069946956536955,0.005194487451535895,0.004163099144725794,21.30795984171758,0.00011770285114172502,0.0037139615538483357,0.004837537010952493,0.003941401075446074,running
sparse_exact_ridge,gaussian_noise_baseline,202,22,0.006078520002620388,0.005199144019003096,0.004172082154635283,21.31206052645848,0.00010464694822595819,0.0037699958329227984,0.004837537010952493,0.0039738433532685805,running
sparse_exact_ridge,gaussian_noise_baseline,202,23,0.006086169265495366,0.005203062485020267,0.0041803670769029605,21.31627078933428,9.307338291345894e-05,0.0038193636519313705,0.004837537010952493,0.004000922620273591,running
sparse_exact_ridge,gaussian_noise_baseline,202,24,0.006092977205412951,0.005206336751316548,0.004187983774565368,21.32047334303306,8.280987351639744e-05,0.0038628223000168943,0.004837537010952493,0.0040234075713627155,running
sparse_exact_ridge,gaussian_noise_baseline,202,25,0.006099022427824113,0.005209052100478766,0.004194965716963669,21.324584069418712,7.370448302994297e-05,0.003901046420475766,0.004837537010952493,0.0040419660615905835,running
sparse_exact_ridge,gaussian_noise_baseline,202,26,0.00610437891800686,0.005211285191199355,0.004201348661357307,21.32854431366297,6.562321061214196e-05,0.0039346366372421445,0.004837537010952493,0.004057177484194795,running
sparse_exact_ridge,gaussian_noise_baseline,202,27,0.0061091156221518995,0.005213104345218946,0.004207169585494781,21.3323148671166,5.8447864559470854e-05,0.003964127367267983,0.004837537010952493,0.004069543713510247,running
sparse_exact_ridge,gaussian_noise_baseline,202,28,0.006113296278297654,0.005214570016582979,0.004212465835721144,21.335871274786065,5.2074184704238534e-05,0.003989993864279152,0.004837537010952493,0.0040794987702270896,running
sparse_exact_ridge,gaussian_noise_baseline,202,29,0.006116979424491542,0.005215735365354687,0.004217274458325382,21.339200181442713,4.641018569908685e-05,0.004012658550464153,0.004837537010952493,0.004087417350198539,running
sparse_quantized_ridge,gaussian_noise_baseline,202,0,0.005999920314578795,0.005231262122382075,0.004000377345060787,26.6446798948547,0.0049471059601571945,0.0032233922002469478,0.004837537010952493,0.0012380161223037364,running
sparse_quantized_ridge,gaussian_noise_baseline,202,1,0.005857104765215761,0.00508449468999183,0.003932021128831194,23.43653154024364,0.0019639970238080834,0.0018899473435493158,0.004837537010952493,0.000486263369482418,running
sparse_quantized_ridge,gaussian_noise_baseline,202,2,0.005821192452965209,0.005030878186798809,0.003934706760704118,22.678274644410536,0.0012308525629500231,0.0013722993250221962,0.004837537010952493,0.00012359616028853658,running
sparse_quantized_ridge,gaussian_noise_baseline,202,3,0.005800467656455034,0.004995830358611309,0.003940956977281162,22.282561000203735,0.0010391127867280883,0.0009557169491430219,0.004837537010952493,0.00038071121905016814,running
sparse_quantized_ridge,gaussian_noise_baseline,202,4,0.005794572659609092,0.004983524755672914,0.00394544512600605,22.02573160478203,0.0009142962961871386,0.0007988567806718323,0.004837537010952493,0.0008971823672949821,running
sparse_quantized_ridge,gaussian_noise_baseline,202,5,0.0058004068188947195,0.004985077939602204,0.003953477359297655,21.837302324514766,0.0008079181558077277,0.0009542290623600849,0.004837537010952493,0.0013507473640188904,running
sparse_quantized_ridge,gaussian_noise_baseline,202,6,0.005813653422070306,0.004994931258935582,0.003964298316897137,21.692110470637722,0.0007149034667184776,0.0012369391709611999,0.004837537010952493,0.0017397775945321235,running
sparse_quantized_ridge,gaussian_noise_baseline,202,7,0.005831399252630567,0.00500976404244117,0.003976883360872901,21.58098404572151,0.00063298109656378,0.001536912731118265,0.004837537010952493,0.0020763224822645614,running
sparse_quantized_ridge,gaussian_noise_baseline,202,8,0.00585177337729553,0.0050273649107783844,0.003990664089834406,21.49718020200535,0.0005605817229021819,0.0018222370829861752,0.004837537010952493,0.0023687215546475777,running
sparse_quantized_ridge,gaussian_noise_baseline,202,9,0.005873456010066386,0.005046159842156548,0.00400525538699959,21.434739144494674,0.0004965405914628214,0.0020842798127443407,0.004837537010952493,0.0026225202575515965,running
sparse_quantized_ridge,gaussian_noise_baseline,202,10,0.005895488384272417,0.005065051520788049,0.004020323517684905,21.38883489241668,0.00043989399358636353,0.00232126833753019,0.004837537010952493,0.0028423509190735508,running
sparse_quantized_ridge,gaussian_noise_baseline,202,11,0.005917192426259822,0.005083313016861895,0.004035574936659063,21.355697264887848,0.0003897912536890429,0.002533893115540318,0.004837537010952493,0.003032400961610283,running
sparse_quantized_ridge,gaussian_noise_baseline,202,12,0.005938108019609984,0.005100491191412385,0.004050763269195748,21.332375535675904,0.00034547429698943784,0.002723789564053456,0.004837537010952493,0.003196415806687882,running
sparse_quantized_ridge,gaussian_noise_baseline,202,13,0.005957938366693607,0.005116328132130445,0.004065688992242341,21.31655394759588,0.0003062707823523436,0.0028929040047347182,0.004837537010952493,0.0033377022918196966,running
sparse_quantized_ridge,gaussian_noise_baseline,202,14,0.005976506529624584,0.005130702388296053,0.004080194939056347,21.306419944759703,0.00027158612504424095,0.0030432171172368695,0.004837537010952493,0.0034591697944064983,running
sparse_quantized_ridge,gaussian_noise_baseline,202,15,0.005993722480521946,0.005143586030542058,0.004094161079040798,21.300560630037367,0.00024089481134463965,0.003176625325277687,0.004837537010952493,0.0035633770067243524,running
sparse_quantized_ridge,gaussian_noise_baseline,202,16,0.00600955834563054,0.005155013386189858,0.004107499463125525,21.29787866013282,0.00021373238838140566,0.0032948924589323693,0.004837537010952493,0.003652572940033504,running
sparse_quantized_ridge,gaussian_noise_baseline,202,17,0.006024029821620199,0.005165058413979001,0.004120149443288183,21.297524759151703,0.00018968841459100674,0.0033996334326027128,0.004837537010952493,0.0037287324331072773,running
sparse_quantized_ridge,gaussian_noise_baseline,202,18,0.00603718228245,0.005173818517701741,0.004132073229880444,21.29884421685054,0.00016840024754141835,0.0034923131137932772,0.004837537010952493,0.003793587618788124,running
sparse_quantized_ridge,gaussian_noise_baseline,202,19,0.006049080466669394,0.005181403140207987,0.004143251856721625,21.301334656746295,0.0001495475380837455,0.003574252514481698,0.004837537010952493,0.003848656019736557,running
sparse_quantized_ridge,gaussian_noise_baseline,202,20,0.006059800889111406,0.00518792587774674,0.004153681592840015,21.30461274802926,0.00013284734374953915,0.0036466383516530697,0.004837537010952493,0.0038952656027117236,running
sparse_quantized_ridge,gaussian_noise_baseline,202,21,0.006069426315786472,0.005193499165909684,0.00416337080597835,21.308388002550423,0.00011804979435284908,0.003710533908053861,0.004837537010952493,0.003934577075455795,running
sparse_quantized_ridge,gaussian_noise_baseline,202,22,0.006078041794840546,0.005198230828925324,0.004172337260595641,21.31244217954432,0.00010493425015530724,0.0037668901013542602,0.004837537010952493,0.00396760370521403,running
sparse_quantized_ridge,gaussian_noise_baseline,202,23,0.0060857318565132,0.005202221966330577,0.0041806058203323615,21.316613119771613,9.330589836021875e-05,0.0038165561942963464,0.004837537010952493,0.003995228918461741,running
sparse_quantized_ridge,gaussian_noise_baseline,202,24,0.006092578587395879,0.005205565787974233,0.004188206518219238,21.320782071179973,8.299273920761802e-05,0.0038602898645668385,0.004837537010952493,0.004018221916303228,running
sparse_quantized_ridge,gaussian_noise_baseline,202,25,0.006098660354986449,0.005208347110847263,0.004195172955137188,21.324863762648643,7.384291819656251e-05,0.003898766511264076,0.004837537010952493,0.004037251516455778,running
sparse_quantized_ridge,gaussian_noise_baseline,202,26,0.0061040510125677325,0.005210642307870503,0.0042015409868878485,21.328798638452312,6.572236568749621e-05,0.003932587762742259,0.004837537010952493,0.004052898411723686,running
sparse_quantized_ridge,gaussian_noise_baseline,202,27,0.006108819455692324,0.005212519555912196,0.004207347661797217,21.33254679035592,5.851270935772122e-05,0.003962289199045482,0.004837537010952493,0.004065666015906203,running
sparse_quantized_ridge,gaussian_noise_baseline,202,28,0.006113029433025741,0.005214039272800687,0.004212630373377702,21.336083222730817,5.210942874383992e-05,0.00398834732790898,0.004837537010952493,0.004075990050839699,running
sparse_quantized_ridge,gaussian_noise_baseline,202,29,0.006116739538285724,0.005215254664600999,0.004217426195733761,21.3393941639031,4.64202244742503e-05,0.004011185865897445,0.004837537010952493,0.004084247012602282,running
sparse_exact_polynomial,gaussian_noise_baseline,202,0,0.005999920314578795,0.005231262122382075,0.004000377345060787,26.6446798948547,0.00494693142502456,0.0032233922002469478,0.004837537010952493,0.0012381815378243411,running
sparse_exact_polynomial,gaussian_noise_baseline,202,1,0.005857104263029258,0.005084493682909447,0.003932021477487769,23.43650076744378,0.0019639412183490973,0.0018899410770141095,0.004837537010952493,0.0004863206255186843,running
sparse_exact_polynomial,gaussian_noise_baseline,202,2,0.005821193227612983,0.005030880277583163,0.0039347055968455445,22.678294618238446,0.00123082039503122,0.0013723125560560323,0.004837537010952493,0.0001236284866512295,running
sparse_exact_polynomial,gaussian_noise_baseline,202,3,0.005800468581124047,0.004995832467429356,0.003940956060643655,22.282591386304958,0.0010390923245296084,0.0009557395457580186,0.004837537010952493,0.0003806545898540182,running
sparse_exact_polynomial,gaussian_noise_baseline,202,4,0.005794572365972792,0.004983525366737902,0.003945443913165968,22.02576012909866,0.0009142822210006839,0.0007988482045091632,0.004837537010952493,0.0008971095206471605,running
sparse_exact_polynomial,gaussian_noise_baseline,202,5,0.005800404895615116,0.004985076987509351,0.0039534752278221905,21.837328941486845,0.0008079090884551931,0.0009541819876839437,0.004837537010952493,0.0013506705139092118,running
sparse_exact_polynomial,gaussian_noise_baseline,202,6,0.005813649952999125,0.004994928940069188,0.003964295177222397,21.69213499617589,0.0007148982273054293,0.0012368735180691046,0.004837537010952493,0.0017397009156138847,running
sparse_exact_polynomial,gaussian_noise_baseline,202,7,0.005831394413212735,0.005009760573086926,0.00397687925548613,21.581005720557386,0.0006329789196987334,0.0015368387952095746,0.004837537010952493,0.002076247021215864,running
sparse_exact_polynomial,gaussian_noise_baseline,202,8,0.005851767357067345,0.00502736052232868,0.0039906590675937775,21.49719861802589,0.000560582023969978,0.0018221592375629928,0.004837537010952493,0.0023686481844054637,running
sparse_exact_polynomial,gaussian_noise_baseline,202,9,0.0058734490169221965,0.00504615478129745,0.004005249509988092,21.43475427810539,0.0004965428657897514,0.0020842004627958217,0.004837537010952493,0.0026224499034991225,running
sparse_exact_polynomial,gaussian_noise_baseline,202,10,0.005895480634604552,0.005065046026529532,0.004020316871447609,21.388846906817193,0.0004398978078315695,0.002321189085003243,0.004837537010952493,0.0028422843114143236,running
sparse_exact_polynomial,gaussian_noise_baseline,202,11,0.005917184129003875,0.005083307302168218,0.004035567624822579,21.35570641029622,0.0003897962454935184,0.002533815097196046,0.004837537010952493,0.0030323385825291424,running
sparse_exact_polynomial,gaussian_noise_baseline,202,12,0.005938099365818001,0.0051004854356940695,0.0040507554046801605,21.332382109880708,0.00034548016692388596,0.002723713598764715,0.004837537010952493,0.003196357939719699,running
sparse_exact_polynomial,gaussian_noise_baseline,202,13,0.005957929524899665,0.005116322480248981,0.004065680690576685,21.316558269091335,0.00030627728383635067,0.0028928306824457595,0.004837537010952493,0.0033376490716277934,running
sparse_exact_polynomial,gaussian_noise_baseline,202,14,0.005976497644487864,0.005130696952506029,0.0040801863137479135,21.306422331376446,0.00027159305569149215,0.0030431468566576923,0.004837537010952493,0.003459121240543748,running
sparse_exact_polynomial,gaussian_noise_baseline,202,15,0.005993713673192661,0.005143580893790401,0.0040941522382454505,21.30056138465906,0.00024090200593475275,0.0031765584127270373,0.004837537010952493,0.0035633330488482533,running
sparse_exact_polynomial,gaussian_noise_baseline,202,16,0.006009549715112657,0.005155008606028728,0.004107490507283979,21.297878062536256,0.00021373971298173014,0.0032948290762676935,0.004837537010952493,0.003652533438975806,running
sparse_exact_polynomial,gaussian_noise_baseline,202,17,0.006024021446707525,0.005165054026620925,0.0041201404635791234,21.297523061977753,0.00018969576154403235,0.0033995736785613333,0.004837537010952493,0.003728697198698022,running
sparse_exact_polynomial,gaussian_noise_baseline,202,18,0.006037174223935859,0.005173814541908354,0.0041320643073525076,21.298841644208977,0.00016840753118775538,0.0034922570209125954,0.004837537010952493,0.003793556424639878,running
sparse_exact_polynomial,gaussian_noise_baseline,202,19,0.006049072769623587,0.00518139958083716,0.004143243061962115,21.301331404514826,0.0001495546911277657,0.003574200062781358,0.004837537010952493,0.003848628615331243,running
sparse_exact_polynomial,gaussian_noise_baseline,202,20,0.00605979358509416,0.005187922728878026,0.004153672986051527,21.3046089852169,0.00013285431417865871,0.00364658947982802,0.004837537010952493,0.00389524172318158,running
sparse_exact_polynomial,gaussian_noise_baseline,202,21,0.006069419424922815,0.005193496413527096,0.004163362437354121,21.3083838732848,0.00011805654283146677,0.003710488522695925,0.004837537010952493,0.003934556449426439,running
sparse_exact_polynomial,gaussian_noise_baseline,202,22,0.006078035327714639,0.005198228453171291,0.004172329170904034,21.312437805370248,0.00010494074782326667,0.0037668480845807926,0.004837537010952493,0.003967586061009635,running
sparse_exact_polynomial,gaussian_noise_baseline,202,23,0.006085725815865396,0.005202219943363824,0.0041805980416382985,21.316608602053602,9.331212497562392e-05,0.0038165174100713364,0.004837537010952493,0.003995213988936433,running
sparse_exact_polynomial,gaussian_noise_baseline,202,24,0.006092572969619999,0.005205564091473807,0.004188199074684943,21.320777493473155,8.299868158394385e-05,0.0038602541639351936,0.004837537010952493,0.004018209442521001,running
sparse_exact_polynomial,gaussian_noise_baseline,202,25,0.006098655151434368,0.005208345713208029,0.004195165863858133,21.324859192954268,7.384856888882208e-05,0.003898733736677219,0.004837537010952493,0.004037241250416147,running
sparse_exact_polynomial,gaussian_noise_baseline,202,26,0.006104046210673685,0.005210641181134941,0.004201534258730233,21.328794131311035,6.572772189040539e-05,0.0039325577516190246,0.004837537010952493,0.0040528901182984006,running
sparse_exact_polynomial,gaussian_noise_baseline,202,27,0.0061088150399321375,0.005212518672480351,0.004207341302212421,21.332542388753282,5.851777198302717e-05,0.0039622617866869325,0.004837537010952493,0.004065659474129239,running
sparse_exact_polynomial,gaussian_noise_baseline,202,28,0.006113025385727524,0.005214038605956279,0.004212624383176476,21.33607895980866,5.211420165146009e-05,0.003988322349866702,0.004837537010952493,0.004075985054673968,running
sparse_exact_polynomial,gaussian_noise_baseline,202,29,0.006116735840308542,0.0052152541888872,0.0042174205718087596,21.339390064479467,4.642471382919743e-05,0.004011163159879008,0.004837537010952493,0.004084243371284451,running
sparse_qsvt_statevector_closed_loop,gaussian_noise_baseline,202,0,0.005999920314578795,0.005231262122382075,0.004000377345060787,26.6446798948547,0.004946931444731453,0.0032233922002469478,0.004837537010952493,0.0012381815223754368,running
sparse_qsvt_statevector_closed_loop,gaussian_noise_baseline,202,1,0.005857104262827235,0.0050844936827570434,0.003932021477324563,23.436500763119945,0.0019639412236258846,0.0018899410744931506,0.004837537010952493,0.00048632061865131165,running
sparse_qsvt_statevector_closed_loop,gaussian_noise_baseline,202,2,0.0058211932274147265,0.005030880277091705,0.003934705597091602,22.678294613218206,0.0012308203989016473,0.001372312552669816,0.004837537010952493,0.00012362848003263954,running
sparse_qsvt_statevector_closed_loop,gaussian_noise_baseline,202,3,0.005800468580927342,0.0049958324670312535,0.003940956060779198,22.28259138082422,0.0010390923281535938,0.000955739540951083,0.004837537010952493,0.0003806546011176352,running
sparse_qsvt_statevector_closed_loop,gaussian_noise_baseline,202,4,0.005794572365987542,0.004983525366625708,0.003945443913322482,22.025760123966144,0.0009142822234372819,0.0007988482049399823,0.004837537010952493,0.0008971095346048559,running
sparse_qsvt_statevector_closed_loop,gaussian_noise_baseline,202,5,0.005800404895914022,0.004985076987691653,0.003953475228113254,21.837328936672904,0.0008079090900152392,0.0009541819950002037,0.004837537010952493,0.0013506705285616064,running
sparse_qsvt_statevector_closed_loop,gaussian_noise_baseline,202,6,0.005813649953567167,0.004994928940514532,0.0039642951776597025,21.692134991723844,0.0007148982281915604,0.0012368735288196962,0.004837537010952493,0.0017397009302977178,running
sparse_qsvt_statevector_closed_loop,gaussian_noise_baseline,202,7,0.005831394414018542,0.00500976057375752,0.003976879256061028,21.581005716606548,0.0006329789200450138,0.0015368388075208677,0.004837537010952493,0.0020762470357359245,running
sparse_qsvt_statevector_closed_loop,gaussian_noise_baseline,202,8,0.005851767358077131,0.0050273605231817035,0.0039906590682993745,21.49719861464585,0.0005605820238836475,0.0018221592506204606,0.004837537010952493,0.002368648198584325,running
sparse_qsvt_statevector_closed_loop,gaussian_noise_baseline,202,9,0.005873449018099148,0.005046154782286557,0.004005249510816502,21.43475427529722,0.0004965428653636999,0.0020842004761507365,0.004837537010952493,0.002622449917157405,running
sparse_qsvt_statevector_closed_loop,gaussian_noise_baseline,202,10,0.005895480635910611,0.00506504602760959,0.004020316872387423,21.388846904550217,0.00043989780714482945,0.002321189098359967,0.004837537010952493,0.002842284324411968,running
sparse_qsvt_statevector_closed_loop,gaussian_noise_baseline,202,11,0.005917184130402532,0.005083307303298748,0.004035567625859545,21.355706408525435,0.00038979624461163794,0.002533815110347682,0.004837537010952493,0.0030323385947724456,running
sparse_qsvt_statevector_closed_loop,gaussian_noise_baseline,202,12,0.005938099367276079,0.005100485436840681,0.004050755405798502,21.33238210855342,0.0003454801659002789,0.0027237136115642814,0.004837537010952493,0.003196357951148709,running
sparse_qsvt_statevector_closed_loop,gaussian_noise_baseline,202,13,0.005957929526388048,0.00511632248138357,0.004065680691760096,21.31655826815196,0.0003062772827149679,0.0028928306947886206,0.004837537010952493,0.003337649082212944,running
sparse_qsvt_statevector_closed_loop,gaussian_noise_baseline,202,14,0.0059764976459817576,0.0051306969536065675,0.004080186314980241,21.3064223307701,0.00027159305450780705,0.003043146868471011,0.004837537010952493,0.0034591212502768287,running
sparse_qsvt_statevector_closed_loop,gaussian_noise_baseline,202,15,0.0059937136746714545,0.005143580894840313,0.004094152239511215,21.300561384333708,0.00024090200471716888,0.0031765584239620945,0.004837537010952493,0.0035633330577369946,running
sparse_qsvt_statevector_closed_loop,gaussian_noise_baseline,202,16,0.006009549716559618,0.005155008607016184,0.004107490508568686,21.29787806244412,0.0002137397117530688,0.003294829086894295,0.004837537010952493,0.00365253344704117,running
sparse_qsvt_statevector_closed_loop,gaussian_noise_baseline,202,17,0.006024021448109463,0.005165054027538125,0.004120140464869549,21.297523062076102,0.00018969576032213154,0.003399573688564082,0.004837537010952493,0.003728697205971589,running
sparse_qsvt_statevector_closed_loop,gaussian_noise_baseline,202,18,0.006037174225282716,0.005173814542750834,0.004132064308636828,21.298841644460083,0.00016840752998663867,0.003492257030287721,0.004837537010952493,0.0037935564311598756,running
sparse_qsvt_statevector_closed_loop,gaussian_noise_baseline,202,19,0.006049072770908021,0.005181399581603123,0.004143243063229997,21.301331404885627,0.0001495546899578707,0.003574200071534222,0.004837537010952493,0.0038486286211402796,running
sparse_qsvt_statevector_closed_loop,gaussian_noise_baseline,202,20,0.006059793586311106,0.005187922729567753,0.00415367298729407,21.30460898567931,0.0001328543130478888,0.003646589487970762,0.004837537010952493,0.003895241728325806,running
sparse_qsvt_statevector_closed_loop,gaussian_noise_baseline,202,21,0.0060694194260691595,0.005193496414142478,0.004163362438563862,21.308383873814815,0.00011805654174551392,0.003710488530246149,0.004837537010952493,0.003934556453953601,running
sparse_qsvt_statevector_closed_loop,gaussian_noise_baseline,202,22,0.006078035328788886,0.005198228453715396,0.004172329172074883,21.312437805947624,0.00010494074678591924,0.003766848091560189,0.004837537010952493,0.00396758606496824,running
sparse_qsvt_statevector_closed_loop,gaussian_noise_baseline,202,23,0.0060857258168673534,0.005202219943840555,0.0041805980427654064,21.316608602661468,9.331212398922625e-05,0.003816517416504468,0.004837537010952493,0.00399521399237321,running
sparse_qsvt_statevector_closed_loop,gaussian_noise_baseline,202,24,0.006092572970550498,0.005205564091887585,0.004188199075764608,21.320777494097698,8.299868064987761e-05,0.0038602541698484864,0.004837537010952493,0.00401820944548271,running
sparse_qsvt_statevector_closed_loop,gaussian_noise_baseline,202,25,0.006098655152295093,0.005208345713563614,0.004195165864887696,21.324859193584338,7.384856800717867e-05,0.0038987337420985156,0.004837537010952493,0.004037241252947476,running
sparse_qsvt_statevector_closed_loop,gaussian_noise_baseline,202,26,0.006104046211466947,0.0052106411814372205,0.004201534259707958,21.32879413193741,6.572772106073434e-05,0.003932557756576812,0.004837537010952493,0.004052890120441703,running
sparse_qsvt_statevector_closed_loop,gaussian_noise_baseline,202,27,0.0061088150406607075,0.005212518672734212,0.004207341303137348,21.33254238936881,5.8517771204486945e-05,0.003962261791209798,0.004837537010952493,0.004065659475924498,running
sparse_qsvt_statevector_closed_loop,gaussian_noise_baseline,202,28,0.006113025386394518,0.005214038606166495,0.004212624384048361,21.33607896040786,5.211420092242967e-05,0.003988322353983091,0.004837537010952493,0.004075985056158873,running
sparse_qsvt_statevector_closed_loop,gaussian_noise_baseline,202,29,0.006116735840917281,0.005215254189058371,0.004217420572627906,21.33939006505806,4.6424713148096784e-05,0.004011163163616751,0.004837537010952493,0.004084243372494058,running
full_system_exact_ridge,gaussian_noise_baseline,303,0,0.007363449092045407,0.00477085595926476,0.006421955287960037,46.00644893380574,0.030406716436240898,0.008252349756149292,0.005111240365453798,,running
full_system_exact_ridge,gaussian_noise_baseline,303,1,0.0009603830714730125,0.0008564236603974961,0.0006164509266738246,0.9187943002507689,0.0018452136990460125,0.0005399022725180722,0.0007714803920873256,,running
full_system_exact_ridge,gaussian_noise_baseline,303,2,0.001042510786986071,0.0010309155908981404,0.0005132712844796905,0.7391671530686438,6.22890685906716e-07,0.0004349220777334861,0.0008533276379801809,,running
full_system_exact_ridge,gaussian_noise_baseline,303,3,0.001042444358269642,0.0010308784483010786,0.0005131853331555111,0.7391671300950236,1.708122938137314e-10,0.00043476859515734824,0.0008532844104633219,,converged
block_full_support_ridge,gaussian_noise_baseline,303,0,0.007363449092045407,0.00477085595926476,0.006421955287960037,46.00644893380574,0.013621828041921625,0.008252349756149292,0.005111240365453798,0.0013420148363914213,running
block_full_support_ridge,gaussian_noise_baseline,303,1,0.006297156550500637,0.0046201665356181195,0.005079188212623829,26.62974563176859,0.0019889771658811424,0.0030741441703086166,0.005111240365453798,0.0008049904804392222,running
block_full_support_ridge,gaussian_noise_baseline,303,2,0.006225320286234737,0.004611270817239514,0.004983925857498691,26.253170343312437,0.001077708515503671,0.002414175987910821,0.005111240365453798,0.0006039340127547372,running
block_full_support_ridge,gaussian_noise_baseline,303,3,0.006180712167216524,0.004607777996321729,0.004922677917814244,25.94970146626627,0.0009354600217386292,0.001897350092254494,0.005111240365453798,0.00046412052110594555,running
block_full_support_ridge,gaussian_noise_baseline,303,4,0.006149899042838354,0.0046055993881852254,0.004879989398863816,25.667282954268124,0.0008254545732727831,0.0014387798816171095,0.005111240365453798,0.000347912829039915,running
block_full_support_ridge,gaussian_noise_baseline,303,5,0.006129839108801434,0.004604207724861804,0.004852093525028973,25.430259758830996,0.0007287291773687557,0.001038381002736646,0.005111240365453798,0.000248346798742264,running
block_full_support_ridge,gaussian_noise_baseline,303,6,0.006117814556045158,0.0046033545140176735,0.004835357233150842,25.234004676378397,0.000643421858915548,0.0006965925071032756,0.005111240365453798,0.0001626763179944357,running
block_full_support_ridge,gaussian_noise_baseline,303,7,0.0061116651357412425,0.004602872294488184,0.004826829670662418,25.071456789930348,0.000568166724384067,0.000427119232993222,0.005111240365453798,8.894525733179884e-05,running
block_full_support_ridge,gaussian_noise_baseline,303,8,0.006109730825386914,0.004602641981217948,0.004824215711886266,24.93648933711061,0.0005017684056919917,0.0002953715002478534,0.005111240365453798,2.5515009268521188e-05,running
block_full_support_ridge,gaussian_noise_baseline,303,9,0.006110752254143616,0.004602578745429678,0.004825759819553845,24.824083166932954,0.00044317570893693625,0.0003708161328475771,0.005111240365453798,2.9025025789175795e-05,running
block_full_support_ridge,gaussian_noise_baseline,303,10,0.0061137830071179115,0.004602622603656057,0.0048301351824581035,24.7301617425853,0.0003914637370457999,0.0005354296065239272,0.005111240365453798,7.589404524101969e-05,running
block_full_support_ridge,gaussian_noise_baseline,303,11,0.006118118596459193,0.004602731586417123,0.004836350331275305,24.65141869470441,0.0003458184271557522,0.0007072627556610098,0.005111240365453798,0.00011614629986228748,running
block_full_support_ridge,gaussian_noise_baseline,303,12,0.00612324019567052,0.004602876727579192,0.004843673242421242,24.585171761046077,0.000305523042601685,0.0008675619894881638,0.005111240365453798,0.00015069332668615553,running
block_full_support_ridge,gaussian_noise_baseline,303,13,0.0061287705564004565,0.004603038393231891,0.0048515708203318375,24.52924293467226,0.0002699463548160823,0.0010126658013487673,0.005111240365453798,0.00018032311375295847,running
block_full_support_ridge,gaussian_noise_baseline,303,14,0.0061344397341955275,0.004603203599986645,0.004859661277432475,24.481861032329828,0.0002385322947133912,0.0011425515883478387,0.005111240365453798,0.0002057166863004964,running
block_full_support_ridge,gaussian_noise_baseline,303,15,0.00614005860149397,0.004603364063064518,0.00486767703630201,24.44158288904747,0.00021079088411105656,0.00125822390591352,0.005111240365453798,0.00022746247178208367,running
block_full_support_ridge,gaussian_noise_baseline,303,16,0.006145498482239951,0.00460351478147942,0.004875436056143197,24.407229837355327,0.00018629028351616896,0.0013609653833998937,0.005111240365453798,0.00024606874372071804,running
block_full_support_ridge,gaussian_noise_baseline,303,17,0.006150675563688898,0.004603653017527739,0.004882819813901852,24.377836627801102,0.00016464981458172022,0.0014520837937716006,0.005111240365453798,0.00026197440233676904,running
block_full_support_ridge,gaussian_noise_baseline,303,18,0.006155539015407996,0.004603777564968096,0.0048897564906027115,24.352610415830185,0.00014553383435453768,0.0015328197965194007,0.005111240365453798,0.0002755583146637456,running
block_full_support_ridge,gaussian_noise_baseline,303,19,0.006160061972418425,0.0046038882279153944,0.004896208199217888,24.330897856916753,0.00012864635459456804,0.0016043144274746949,0.005111240365453798,0.0002871474066881624,running
block_full_support_ridge,gaussian_noise_baseline,303,20,0.006164234723085342,0.004603985452992544,0.0049021613327158925,24.312158711103354,0.00011372631334695692,0.0016676009134532362,0.005111240365453798,0.0002970236740761083,running
block_full_support_ridge,gaussian_noise_baseline,303,21,0.006168059588799345,0.004604070072491902,0.004907619309990657,24.29594466105911,0.00010054341794089774,0.0017236068589798067,0.005111240365453798,0.0003054302556575244,running
block_full_support_ridge,gaussian_noise_baseline,303,22,0.0061715470980383295,0.004604143127554135,0.004912597157452717,24.28188229919979,8.889448894313073e-05,0.0017731608188210617,0.005111240365453798,0.00031257669451589093,running
block_full_support_ridge,gaussian_noise_baseline,303,23,0.00617471314789024,0.004604205748689061,0.004917117490964311,24.269659445630364,7.86002435606533e-05,0.0018170005284424274,0.005111240365453798,0.0003186434948380256,running
block_full_support_ridge,gaussian_noise_baseline,303,24,0.006177576916608033,0.004604259077098355,0.00492120756239232,24.259014126298435,6.950246475416457e-05,0.0018557815037335698,0.005111240365453798,0.00032378606825014393,running
block_full_support_ridge,gaussian_noise_baseline,303,25,0.006180159345463659,0.004604304214777518,0.004924897112663726,24.24972567608687,6.146150907191226e-05,0.0018900853964930432,0.005111240365453798,0.0003281381508839504,running
block_full_support_ridge,gaussian_noise_baseline,303,26,0.006182482050485246,0.004604342194694285,0.004928216833386818,24.241607540270337,5.4354112078379944e-05,0.0019204278236249154,0.005111240365453798,0.00033181476161178546,running
block_full_support_ridge,gaussian_noise_baseline,303,27,0.006184566557330972,0.004604373964774425,0.004931197285595475,24.234501434725438,4.80714553552794e-05,0.0019472655558939401,0.005111240365453798,0.0003349147625321515,running
block_full_support_ridge,gaussian_noise_baseline,303,28,0.0061864337777301276,0.004604400381205541,0.004933868159999533,24.228272594645155,4.25174635063298e-05,0.0019710030384411377,0.005111240365453798,0.00033752307468138656,running
block_full_support_ridge,gaussian_noise_baseline,303,29,0.006188103665298536,0.004604422207866829,0.004936257790675472,24.222805896715425,3.7607303477815436e-05,0.001991998259456201,0.005111240365453798,0.00033971259491909466,running
sparse_exact_ridge,gaussian_noise_baseline,303,0,0.007363449092045407,0.00477085595926476,0.006421955287960037,46.00644893380574,0.013923116347414775,0.008252349756149292,0.005111240365453798,0.0016153085796910566,running
sparse_exact_ridge,gaussian_noise_baseline,303,1,0.006352708630359305,0.004691846068287631,0.005097723729889668,28.006446425283777,0.004246294156777706,0.0035042680886771607,0.005111240365453798,0.0002644213485207725,running
sparse_exact_ridge,gaussian_noise_baseline,303,2,0.006233276339971976,0.0046161521212315796,0.00499116464415561,26.56017973232576,0.0015386249900434848,0.002495467524548684,0.005111240365453798,0.0003989010491452946,running
sparse_exact_ridge,gaussian_noise_baseline,303,3,0.006186196354473055,0.004604261016009947,0.004933646447668192,26.143200162926348,0.0009830860576448904,0.001968000231527162,0.005111240365453798,0.00026380864779133325,running
sparse_exact_ridge,gaussian_noise_baseline,303,4,0.00615423035353461,0.004603282422184518,0.004888294084491844,25.77577643546818,0.0008234975005655861,0.0015115132203012368,0.005111240365453798,1.2967156739763434e-05,running
sparse_exact_ridge,gaussian_noise_baseline,303,5,0.006133949865293699,0.004603249571210203,0.00485890942029976,25.52040210901252,0.0007245203538265971,0.0011319121950575865,0.005111240365453798,0.0001670559183406722,running
sparse_exact_ridge,gaussian_noise_baseline,303,6,0.006121870370365901,0.004604327444825296,0.004840399835807539,25.332008473898927,0.0006430106227538072,0.0008277224998164577,0.005111240365453798,0.0002930761182525894,running
sparse_exact_ridge,gaussian_noise_baseline,303,7,0.006115421114309006,0.004605834086998139,0.004829678219475172,25.176686092071964,0.0005723996775023151,0.0006060914622818613,0.005111240365453798,0.0003904465879615887,running
sparse_exact_ridge,gaussian_noise_baseline,303,8,0.006113002005851504,0.0046073730944785314,0.00482478946766166,25.04375744702085,0.0005100299067420055,0.0004982320806680165,0.005111240365453798,0.00046769951948659916,running
sparse_exact_ridge,gaussian_noise_baseline,303,9,0.006113490564386286,0.004608755539572527,0.004824275552336093,24.929863720931532,0.0004545877247656633,0.0005218112410047775,0.005111240365453798,0.0005276355128661633,running
sparse_exact_ridge,gaussian_noise_baseline,303,10,0.006116022244647565,0.004609896559810234,0.004826954112010684,24.832401180936582,0.00040527099256460896,0.0006300416853532109,0.005111240365453798,0.0005726541879100702,running
sparse_exact_ridge,gaussian_noise_baseline,303,11,0.006119929789628306,0.00461076822698574,0.004831876213737174,24.748824848841764,0.00036140533446835685,0.000767769512589101,0.005111240365453798,0.0006052184937555305,running
sparse_exact_ridge,gaussian_noise_baseline,303,12,0.006124708865627934,0.004611376221844159,0.00483829951466074,24.676915578482408,0.0003223764235837645,0.0009083465187879934,0.005111240365453798,0.0006275394900266776,running
sparse_exact_ridge,gaussian_noise_baseline,303,13,0.006129984266628706,0.004611745189767884,0.004845653284238823,24.614843339117026,0.0002876344755257875,0.0010418256650057303,0.005111240365453798,0.0006414909739418436,running
sparse_exact_ridge,gaussian_noise_baseline,303,14,0.006135480458924828,0.004611908867948525,0.00485350473974824,24.561105484536213,0.00025669413257853395,0.0011648352045259284,0.005111240365453798,0.0006486513263805722,running
sparse_exact_ridge,gaussian_noise_baseline,303,15,0.006140998322261154,0.004611903746807904,0.004861530850489225,24.514458306664118,0.00022912763426538726,0.001276556448230059,0.005111240365453798,0.0006503537698019643,running
sparse_exact_ridge,gaussian_noise_baseline,303,16,0.006146397152206162,0.004611765262698377,0.004869495359847732,24.473866190904676,0.00020455736391934796,0.0013772091382476094,0.005111240365453798,0.0006477232451455449,running
sparse_exact_ridge,gaussian_noise_baseline,303,17,0.0061515806766692695,0.004611525695478175,0.0048772300721169415,24.438463358924285,0.00018264954376457536,0.0014674407058352023,0.005111240365453798,0.0006417054206782195,running
sparse_exact_ridge,gaussian_noise_baseline,303,18,0.0061564861744145515,0.0046112131757562085,0.004884619673695791,24.40752334870424,0.00016310891703645,0.001548060535270263,0.005111240365453798,0.0006330917285755212,running
sparse_exact_ridge,gaussian_noise_baseline,303,19,0.006161076030701912,0.0046108513925374565,0.004891589515760583,24.38043420425769,0.00014567413028565627,0.0016199177072775707,0.005111240365453798,0.000622541350210452,running
sparse_exact_ridge,gaussian_noise_baseline,303,20,0.006165331209324909,0.0046104597228704015,0.0048980958573505715,24.356678326364907,0.00013011368297692602,0.0016838432105337519,0.005111240365453798,0.0006106003779997252,running
sparse_exact_ridge,gaussian_noise_baseline,303,21,0.00616924622540868,0.004610053596581739,0.0049041181281111665,24.335816135420256,0.00011622237465704787,0.00174062295148697,0.005111240365453798,0.0005977184272792684,running
sparse_exact_ridge,gaussian_noise_baseline,303,22,0.006172825289841653,0.004609644973390505,0.00490965283372789,24.31747281026253,0.000103818191002424,0.0017909861618805578,0.005111240365453798,0.0005842630113152295,running
sparse_exact_ridge,gaussian_noise_baseline,303,23,0.006176079366638831,0.004609242854380184,0.004914708788392316,24.301327497139802,9.273957396651372e-05,0.0018356017361551673,0.005111240365453798,0.0005705319674428732,running
sparse_exact_ridge,gaussian_noise_baseline,303,24,0.0061790239404601955,0.004608853780470025,0.0049193034131763125,24.28710450350906,8.284302710963502e-05,0.0018750786990152214,0.005111240365453798,0.0005567641841846528,running
sparse_exact_ridge,gaussian_noise_baseline,303,25,0.0061816773354994295,0.004608482291210818,0.0049234598860545785,24.274566089370477,7.400101350209319e-05,0.0019099687938726956,0.005111240365453798,0.0005431488467785035,running
sparse_exact_ridge,gaussian_noise_baseline,303,26,0.006184059461502741,0.004608131330880887,0.0049272049689220426,24.26350654647451,6.610010919215695e-05,0.0019407700988242679,0.005111240365453798,0.0005298333917472202,running
sparse_exact_ridge,gaussian_noise_baseline,303,27,0.006186190889788682,0.004607802597598207,0.004930567370039778,24.253747317573843,5.903938002715245e-05,0.0019679310644317408,0.005111240365453798,0.0005169303378845851,running
sparse_exact_ridge,gaussian_noise_baseline,303,28,0.006188092183398406,0.004607496836519245,0.004933576527720407,24.245132957334054,5.272895376130153e-05,0.001991854635758297,0.005111240365453798,0.0005045231404740961,running
sparse_exact_ridge,gaussian_noise_baseline,303,29,0.006189783422163979,0.004607214081252734,0.00493626172354567,24.23752777602696,4.70887629892709e-05,0.0020129022724654365,0.005111240365453798,0.0004926711973907433,running
sparse_quantized_ridge,gaussian_noise_baseline,303,0,0.007363449092045407,0.00477085595926476,0.006421955287960037,46.00644893380574,0.013959420863972108,0.008252349756149292,0.005111240365453798,0.0016178842899214653,running
sparse_quantized_ridge,gaussian_noise_baseline,303,1,0.006353216339298608,0.004693493997285774,0.005097042958350871,28.01320768201095,0.0042504237015572885,0.0035079722744724407,0.005111240365453798,0.00024755360126552843,running
sparse_quantized_ridge,gaussian_noise_baseline,303,2,0.006233065220542303,0.004616284232472544,0.004990747851305201,26.56137796425668,0.0015395715639918409,0.0024933433086799647,0.005111240365453798,0.00041167870496202437,running
sparse_quantized_ridge,gaussian_noise_baseline,303,3,0.006185825206825464,0.004604381279752141,0.004933006822280774,26.139351700194947,0.00098472595852571,0.001963297177801839,0.005111240365453798,0.00027264933377489956,running
sparse_quantized_ridge,gaussian_noise_baseline,303,4,0.006153822921151313,0.004603295761023401,0.004887692293874602,25.770228000598987,0.000824430346569885,0.0015048190896355502,0.005111240365453798,2.1145849150094507e-05,running
sparse_quantized_ridge,gaussian_noise_baseline,303,5,0.006133584235139715,0.004603184733370059,0.004858435439906582,25.51508008803399,0.0007252039552960705,0.0011239060466795008,0.005111240365453798,0.00015832346801339478,running
sparse_quantized_ridge,gaussian_noise_baseline,303,6,0.006121566107200194,0.004604204724407789,0.004840065527554365,25.32694173056089,0.0006434411144858967,0.0008186115593537921,0.005111240365453798,0.00028413869214885155,running
sparse_quantized_ridge,gaussian_noise_baseline,303,7,0.006115184491698375,0.004605667952637899,0.0048294806501910205,25.171728688027226,0.0005725862010819817,0.0005964008694200163,0.005111240365453798,0.00038171111074056035,running
sparse_quantized_ridge,gaussian_noise_baseline,303,8,0.006112836232394352,0.0046071774738862155,0.00482472129858962,25.038938255362485,0.0005099912052773457,0.0004899740871162408,0.005111240365453798,0.00045932205929578927,running
sparse_quantized_ridge,gaussian_noise_baseline,303,9,0.006113394804729178,0.004608542762733905,0.00482432469594842,24.925263459787924,0.00045435539843240755,0.0005172741693780188,0.005111240365453798,0.0005196628136558007,running
sparse_quantized_ridge,gaussian_noise_baseline,303,10,0.006115991744440971,0.004609676734469663,0.004827104590732682,24.828074781554175,0.0004048794532731927,0.000628848408012413,0.005111240365453798,0.0005651130966233084,running
sparse_quantized_ridge,gaussian_noise_baseline,303,11,0.006119957355221054,0.004610549152824224,0.004832110486695833,24.744797414419306,0.00036088643260272137,0.0007686537366704364,0.005111240365453798,0.0005981289672576516,running
sparse_quantized_ridge,gaussian_noise_baseline,303,12,0.006124786197429546,0.004611163619472262,0.00483860027794374,24.67319428539881,0.0003217584639860217,0.0009104436334697143,0.005111240365453798,0.0006209110423391855,running
sparse_quantized_ridge,gaussian_noise_baseline,303,13,0.006130102810785906,0.004611543028979856,0.004846004451627338,24.61142495265781,0.0002869424026653507,0.0010446304070333525,0.005111240365453798,0.0006353227770344194,running
sparse_quantized_ridge,gaussian_noise_baseline,303,14,0.006135631928934425,0.0046117197011800596,0.004853891917375175,24.55798000497525,0.000255949730353809,0.0011680432973463085,0.005111240365453798,0.00064293472162409,running
sparse_quantized_ridge,gaussian_noise_baseline,303,15,0.006141175021558382,0.004611729015502446,0.004861941533259135,24.51161126099077,0.00022834967268042499,0.001279974569274475,0.005111240365453798,0.0006450746185332316,running
sparse_quantized_ridge,gaussian_noise_baseline,303,16,0.006146592159481066,0.004611605564504911,0.004869918956409863,24.471280402886215,0.00020376177746515422,0.001380709036349446,0.005111240365453798,0.0006428636173691126,running
sparse_quantized_ridge,gaussian_noise_baseline,303,17,0.0061517879308702105,0.004611381008555071,0.004877657819602381,24.436120297464107,0.00018184965599544854,0.0014709349120022646,0.005111240365453798,0.0006372448337366781,running
sparse_quantized_ridge,gaussian_noise_baseline,303,18,0.006156700489374807,0.004611083041299349,0.004885044487244364,24.405404093047114,0.0001623156907342543,0.001551488630528227,0.005111240365453798,0.0006290081061729842,running
sparse_quantized_ridge,gaussian_noise_baseline,303,19,0.006161293063456451,0.004610735059390099,0.004892005805687321,24.37852010348625,0.00014489642385538134,0.001623238028882206,0.005111240365453798,0.0006188117722304933,running
sparse_quantized_ridge,gaussian_noise_baseline,303,20,0.006165547400058982,0.004610356259295618,0.004898499336019407,24.35495143222744,0.00012935850150495247,0.0016870275360585908,0.005111240365453798,0.0006072016589541976,running
sparse_quantized_ridge,gaussian_noise_baseline,303,21,0.006169458721834681,0.004609961974544091,0.004904505620403481,24.334259470670066,0.00011549510898732755,0.0017436529131685417,0.005111240365453798,0.0005946275554228592,running
sparse_quantized_ridge,gaussian_noise_baseline,303,22,0.006173031864912554,0.004609564130423261,0.004910022099342289,24.316070518736936,0.00010312284081219979,0.0017938507238270149,0.005111240365453798,0.0005814574765059596,running
sparse_quantized_ridge,gaussian_noise_baseline,303,23,0.006176278335633363,0.0046091717375796514,0.004915058360413731,24.3000649101565,9.207895253128388e-05,0.0018382953586911673,0.005111240365453798,0.0005679900007531312,running
sparse_quantized_ridge,gaussian_noise_baseline,303,24,0.006179214081360165,0.004608791376523468,0.004919632454828893,24.285968148509184,8.221894672409924e-05,0.0018775999680033407,0.005111240365453798,0.0005544649276169809,running
sparse_quantized_ridge,gaussian_noise_baseline,303,25,0.006181857815042308,0.00460842764572303,0.004923768065917586,24.273543660052805,7.341445145466228e-05,0.0019123193773736614,0.005111240365453798,0.0005410724677513433,running
sparse_quantized_ridge,gaussian_noise_baseline,303,26,0.006184229768197751,0.004608083559667033,0.004927492353874948,24.262586848483913,6.555135483661365e-05,0.001942953942009666,0.005111240365453798,0.0005279611541316934,running
sparse_quantized_ridge,gaussian_noise_baseline,303,27,0.006186350774423981,0.004607760892080906,0.004930834334619246,24.252920199852227,5.852816392117136e-05,0.001969953762712148,0.005111240365453798,0.0005152446390769867,running
sparse_quantized_ridge,gaussian_noise_baseline,303,28,0.006188241607055534,0.004607460464913717,0.00493382367827942,24.244389236263945,5.225456009475934e-05,0.001993722944164328,0.005111240365453798,0.0005030075221394278,running
sparse_quantized_ridge,gaussian_noise_baseline,303,29,0.006189922511425645,0.004607182386844467,0.004936489835502657,24.236859157283288,4.665012666805752e-05,0.0020146237209789962,0.005111240365453798,0.0004913103360243078,running
sparse_exact_polynomial,gaussian_noise_baseline,303,0,0.007363449092045407,0.00477085595926476,0.006421955287960037,46.00644893380574,0.01395944437294866,0.008252349756149292,0.005111240365453798,0.0016176349980800498,running
sparse_exact_polynomial,gaussian_noise_baseline,303,1,0.0063532052709047515,0.004693479050209736,0.0050970398673055115,28.012889602423602,0.004250013436564607,0.003507891559300858,0.005111240365453798,0.0002475338399346135,running
sparse_exact_polynomial,gaussian_noise_baseline,303,2,0.006233068515612503,0.004616284346398101,0.0049907524878120965,26.561369459472655,0.001539485219364494,0.002493376475966903,0.005111240365453798,0.0004116417013355065,running
sparse_exact_polynomial,gaussian_noise_baseline,303,3,0.006185829700176566,0.004604381255290301,0.004933013325594715,26.139378365912897,0.0009846941017092627,0.001963354181662423,0.005111240365453798,0.0002726582939053047,running
sparse_exact_polynomial,gaussian_noise_baseline,303,4,0.006153827462519246,0.004603295741284726,0.004887698889049643,25.77027703522342,0.0008244101907478833,0.001504893866150752,0.005111240365453798,2.117456641794412e-05,running
sparse_exact_polynomial,gaussian_noise_baseline,303,5,0.006133587952248192,0.0046031846690441315,0.004858440895128049,25.515131607172474,0.0007251915893619167,0.0011239877241674963,0.005111240365453798,0.00015829753762079628,running
sparse_exact_polynomial,gaussian_noise_baseline,303,6,0.006121568735889593,0.004604204547883814,0.004840069508300845,25.32699145270504,0.0006434335762490798,0.000818690705815373,0.005111240365453798,0.00028411794534284477,running
sparse_exact_polynomial,gaussian_noise_baseline,303,7,0.006115186014403736,0.0046056677195450875,0.004829483074725354,25.17177726969199,0.000572582339749782,0.0005964637320865658,0.005111240365453798,0.00038169370012501006,running
sparse_exact_polynomial,gaussian_noise_baseline,303,8,0.0061128366926655716,0.0046071772384705355,0.004824722178213151,25.038985657392253,0.0005099903974216498,0.0004899972078544457,0.005111240365453798,0.00045930754066128267,running
sparse_exact_polynomial,gaussian_noise_baseline,303,9,0.006113394286554008,0.0046085425638173316,0.004824324116984702,24.92530910805834,0.00045435708722871743,0.0005172495102881461,0.005111240365453798,0.0005196514746528712,running
sparse_exact_polynomial,gaussian_noise_baseline,303,10,0.006115990364911986,0.004609676597857152,0.004827102701061283,24.82811822581436,0.00040488312070022405,0.0006287943825091513,0.005111240365453798,0.0005651051164505827,running
sparse_exact_polynomial,gaussian_noise_baseline,303,11,0.006119955248087334,0.004610549093839856,0.004832107468773742,24.744838433341794,0.0003608916336177156,0.0007685861817137459,0.005111240365453798,0.0005981243082696301,running
sparse_exact_polynomial,gaussian_noise_baseline,303,12,0.0061247834989361875,0.00461116364469369,0.004838596325982219,24.673232800572283,0.00032176482895877,0.0009103705355492586,0.005111240365453798,0.0006209095465841264,running
sparse_exact_polynomial,gaussian_noise_baseline,303,13,0.006130099651167878,0.004611543138077528,0.004845999757116972,24.611460964205705,0.0002869496253082345,0.0010445557477965807,0.005111240365453798,0.0006353242268761235,running
sparse_exact_polynomial,gaussian_noise_baseline,303,14,0.006135628427811928,0.0046117198888227405,0.004853886660430889,24.558013562254956,0.00025595755661774925,0.0011679692431340774,0.005111240365453798,0.0006429388629562599,running
sparse_exact_polynomial,gaussian_noise_baseline,303,15,0.006141171285584924,0.004611729273077565,0.004861935877563246,24.51164244651957,0.00022835789263744367,0.0012799023929954945,0.005111240365453798,0.0006450811742072865,running
sparse_exact_polynomial,gaussian_noise_baseline,303,16,0.006146588281422223,0.004611605881537999,0.004869913046610053,24.47130932043471,0.0002037702188152015,0.0013806395201723986,0.005111240365453798,0.0006428722990363042,running
sparse_exact_polynomial,gaussian_noise_baseline,303,17,0.006151783989647444,0.004611381373812275,0.004877651780457826,24.43614706299788,0.00018185817846522214,0.0014708685412100676,0.005111240365453798,0.0006372553518591762,running
sparse_exact_polynomial,gaussian_noise_baseline,303,18,0.006156696550732508,0.004611083443598004,0.004885038423967368,24.40542882827149,0.0001623241812071785,0.0015514256968523561,0.005111240365453798,0.0006290201776713678,running
sparse_exact_polynomial,gaussian_noise_baseline,303,19,0.006161289180996186,0.004610735488158311,0.004891999805048924,24.37854293145033,0.00014490479217477327,0.0016231786908775434,0.005111240365453798,0.0006188251260328455,running
sparse_exact_polynomial,gaussian_noise_baseline,303,20,0.006165543616460904,0.0046103567049269375,0.00489849346790234,24.354972474402686,0.00012936667687500332,0.0016869718572467636,0.005111240365453798,0.0006072160398872619,running
sparse_exact_polynomial,gaussian_noise_baseline,303,21,0.00616945507014524,0.004609962428592358,0.004904499939579493,24.33427884505911,0.00011550303688826156,0.0017436008877396803,0.005111240365453798,0.0005946427267920727,running
sparse_exact_polynomial,gaussian_noise_baseline,303,22,0.00617302836981967,0.004609564585678107,0.004910016647320578,24.316088338703917,0.00010313048035696476,0.001793802294867373,0.005111240365453798,0.0005814732216395138,running
sparse_exact_polynomial,gaussian_noise_baseline,303,23,0.0061762750146794314,0.004609172188057032,0.004915053167257999,24.300081283756974,9.208627420374493e-05,0.0018382504316239168,0.005111240365453798,0.0005680061237291313,running
sparse_exact_polynomial,gaussian_noise_baseline,303,24,0.006179210946063993,0.004608791817399184,0.004919627540877919,24.28598317816246,8.222593044368519e-05,0.0018775584207900778,0.005111240365453798,0.0005544812533523789,running
sparse_exact_polynomial,gaussian_noise_baseline,303,25,0.00618185487191495,0.004608428073231128,0.004923763443370527,24.273557442444694,7.342108492457403e-05,0.0019122810684148706,0.005111240365453798,0.0005410888416093424,running
sparse_exact_polynomial,gaussian_noise_baseline,303,26,0.006184227019647031,0.004608083970979613,0.004927488028221742,24.26259947461832,6.555763213663504e-05,0.001942918716347403,0.005111240365453798,0.0005279774411691984,running
sparse_exact_polynomial,gaussian_noise_baseline,303,27,0.006186348219548844,0.00460776128518136,0.004930830305909552,24.25293175519721,5.853408430928805e-05,0.0019699214569404325,0.005111240365453798,0.0005152607230356395,running
sparse_exact_polynomial,gaussian_noise_baseline,303,28,0.006188239242335194,0.004607460838471746,0.004933819942232079,24.244399800954078,5.22601269904361e-05,0.001993693390329808,0.005111240365453798,0.0005030233042614572,running
sparse_exact_polynomial,gaussian_noise_baseline,303,29,0.006189920331311074,0.004607182740098354,0.004936486384463483,24.236868806352113,4.665534679211193e-05,0.0020145967496791478,0.005111240365453798,0.0004913257337589865,running
sparse_qsvt_statevector_closed_loop,gaussian_noise_baseline,303,0,0.007363449092045407,0.00477085595926476,0.006421955287960037,46.00644893380574,0.013959444461648346,0.008252349756149292,0.005111240365453798,0.0016176350180368325,running
sparse_qsvt_statevector_closed_loop,gaussian_noise_baseline,303,1,0.006353205269055619,0.004693479051335045,0.005097039863691743,28.012889577628474,0.004250013421820824,0.0035078915458160967,0.005111240365453798,0.0002475338220977875,running
sparse_qsvt_statevector_closed_loop,gaussian_noise_baseline,303,2,0.006233068515209167,0.004616284345899367,0.004990752487660946,26.56136946753085,0.00153948521946704,0.002493376471907061,0.005111240365453798,0.0004116417106825067,running
sparse_qsvt_statevector_closed_loop,gaussian_noise_baseline,303,3,0.006185829699526997,0.004604381255295804,0.004933013324652877,26.139378361552883,0.0009846941053206454,0.0019633541734219257,0.005111240365453798,0.00027265829025229676,running
sparse_qsvt_statevector_closed_loop,gaussian_noise_baseline,303,4,0.006153827461871635,0.0046032957412810525,0.004887698888114829,25.77027702732302,0.0008244101931752456,0.0015048938554876991,0.005111240365453798,2.1174559636034018e-05,running
sparse_qsvt_statevector_closed_loop,gaussian_noise_baseline,303,5,0.006133587951745366,0.00460318466906153,0.004858440894382453,25.515131599976584,0.0007251915909675833,0.0011239877131191053,0.005111240365453798,0.00015829754336925105,running
sparse_qsvt_statevector_closed_loop,gaussian_noise_baseline,303,6,0.006121568735549395,0.004604204547931373,0.004840069507763836,25.326991446160278,0.0006434335772320461,0.0008186906955729283,0.005111240365453798,0.00028411795007395664,running
sparse_qsvt_statevector_closed_loop,gaussian_noise_baseline,303,7,0.0061151860142184865,0.004605667719609786,0.00482948307439821,25.171777263338484,0.0005725823402477631,0.0005964637244392372,0.005111240365453798,0.00038169370430243875,running
sparse_qsvt_statevector_closed_loop,gaussian_noise_baseline,303,8,0.006112836692626638,0.0046071772385410815,0.0048247221780938505,25.03898565116922,0.0005099903975091629,0.0004899972058987777,0.005111240365453798,0.000459307544359849,running
sparse_qsvt_statevector_closed_loop,gaussian_noise_baseline,303,9,0.006113394286649063,0.00460854256388559,0.004824324117062728,24.925309102055024,0.0004543570869800256,0.0005172495148117708,0.005111240365453798,0.0005196514778039521,running
sparse_qsvt_statevector_closed_loop,gaussian_noise_baseline,303,10,0.00611599036512421,0.004609676597917439,0.004827102701317164,24.828118220098574,0.0004048831201875659,0.0006287943908207031,0.005111240365453798,0.000565105119013272,running
sparse_qsvt_statevector_closed_loop,gaussian_noise_baseline,303,11,0.006119955248397715,0.004610549093888452,0.004832107469182925,24.74483842794246,0.0003608916329027403,0.0007685861916650303,0.005111240365453798,0.0005981243102459611,running
sparse_qsvt_statevector_closed_loop,gaussian_noise_baseline,303,12,0.006124783499325605,0.004611163644728544,0.00483859632651846,24.673232795497732,0.0003217648280916402,0.0009103705460983894,0.005111240365453798,0.0006209095479976673,running
sparse_qsvt_statevector_closed_loop,gaussian_noise_baseline,303,13,0.006130099651618254,0.00461154313809794,0.004845999757754356,24.611460959454895,0.0002869496243302342,0.001044555758439002,0.005111240365453798,0.0006353242277599343,running
sparse_qsvt_statevector_closed_loop,gaussian_noise_baseline,303,14,0.006135628428306803,0.004611719888829019,0.004853886661145004,24.558013557821333,0.00025595755556287057,0.0011679692536017653,0.005111240365453798,0.000642938863352265,running
sparse_qsvt_statevector_closed_loop,gaussian_noise_baseline,303,15,0.0061411712861097175,0.004611729273070718,0.004861935878331868,24.51164244239232,0.00022835789153345136,0.0012799024031344233,0.005111240365453798,0.0006450811741575885,running
sparse_qsvt_statevector_closed_loop,gaussian_noise_baseline,303,16,0.006146588281964335,0.004611605881519473,0.004869913047413503,24.471309316600955,0.00020377021768465961,0.0013806395298902798,0.005111240365453798,0.0006428722985887222,running
sparse_qsvt_statevector_closed_loop,gaussian_noise_baseline,303,17,0.006151783990196212,0.0046113813737837465,0.004877651781279104,24.436147059442867,0.00018185817732655556,0.0014708685504516176,0.005111240365453798,0.0006372553510616284,running
sparse_qsvt_statevector_closed_loop,gaussian_noise_baseline,303,18,0.006156696551279107,0.004611083443561228,0.004885038424792119,24.405428824979843,0.0001623241800746959,0.0015514257055863603,0.005111240365453798,0.0006290201765695209,running
sparse_qsvt_statevector_closed_loop,gaussian_noise_baseline,303,19,0.006161289181533453,0.004610735488115005,0.004891999805865282,24.378542928406887,0.00014490479106021544,0.0016231786990890552,0.005111240365453798,0.0006188251246729073,running
sparse_qsvt_statevector_closed_loop,gaussian_noise_baseline,303,20,0.006165543616983177,0.0046103567048787165,0.004898493468700735,24.35497247159193,0.00012936667578734555,0.0016869718649325642,0.005111240365453798,0.0006072160383118652,running
sparse_qsvt_statevector_closed_loop,gaussian_noise_baseline,303,21,0.006169455070648177,0.004609962428540678,0.004904499940352423,24.33427884246639,0.00011550303583416743,0.0017436008949051067,0.005111240365453798,0.0005946427250406232,running
sparse_qsvt_statevector_closed_loop,gaussian_noise_baseline,303,22,0.0061730283703000585,0.004609564585624249,0.004910016648062343,24.316088336314976,0.0001031304793416936,0.0017938023015238583,0.005111240365453798,0.0005814732197498851,running
sparse_qsvt_statevector_closed_loop,gaussian_noise_baseline,303,23,0.0061762750151350245,0.0046091721880020895,0.004915053167964464,24.300081281558025,9.208627323079652e-05,0.0018382504377874274,0.005111240365453798,0.0005680061217341233,running
sparse_qsvt_statevector_closed_loop,gaussian_noise_baseline,303,24,0.006179210946493359,0.004608791817344074,0.004919627541546284,24.285983176140782,8.222592951555229e-05,0.0018775584264798504,0.005111240365453798,0.0005544812512829915,running
sparse_qsvt_statevector_closed_loop,gaussian_noise_baseline,303,25,0.006181854872317316,0.004608428073176593,0.0049237634439990964,24.273557440587847,7.342108404270437e-05,0.0019122810736523028,0.005111240365453798,0.0005410888394922699,running
sparse_qsvt_statevector_closed_loop,gaussian_noise_baseline,303,26,0.006184227020022187,0.004608083970926245,0.004927488028809751,24.262599472914705,6.55576313015241e-05,0.001942918721155465,0.005111240365453798,0.0005279774390284068,running
sparse_qsvt_statevector_closed_loop,gaussian_noise_baseline,303,27,0.006186348219896999,0.004607761285129613,0.004930830306456969,24.252931753635995,5.853408352105141e-05,0.0019699214613428167,0.005111240365453798,0.000515260720892143,running
sparse_qsvt_statevector_closed_loop,gaussian_noise_baseline,303,28,0.006188239242656918,0.0046074608384219585,0.004933819942739475,24.244399799524817,5.226012624848585e-05,0.001993693394350682,0.005111240365453798,0.0005030233021329991,running
sparse_qsvt_statevector_closed_loop,gaussian_noise_baseline,303,29,0.006189920331607209,0.004607182740050764,0.004936486384931914,24.236868805045233,4.665534609553055e-05,0.002014596753342816,0.005111240365453798,0.0004913257316611244,running
full_system_exact_ridge,random_missing_measurement_stress,101,0,0.006371533539056902,0.00542958767919551,0.004396442592894402,21.915740317834015,0.025004671476743116,0.0047638394467801074,0.004947861770400394,,running
full_system_exact_ridge,random_missing_measurement_stress,101,1,0.0006361872713749377,0.0003849779145148771,0.0005727101709262867,0.8225363909534672,0.0007209537163961292,0.00041668781316066457,0.0005032134197786426,,running
full_system_exact_ridge,random_missing_measurement_stress,101,2,0.0006883680806811726,0.00041712756081447715,0.000619326307981283,0.8146504474672659,1.8145208217085963e-07,0.0003694575510309255,0.0005550501645341759,,running
full_system_exact_ridge,random_missing_measurement_stress,101,3,0.0006883688240636554,0.00041712955850603723,0.0006193260091506176,0.814650447096953,9.13840681324172e-11,0.00036947703474905677,0.0005550485546034983,,converged
block_full_support_ridge,random_missing_measurement_stress,101,0,0.006371533539056902,0.00542958767919551,0.004396442592894402,21.915740317834015,0.0044953022636481646,0.0047638394467801074,0.004947861770400394,0.0019149003345464355,running
block_full_support_ridge,random_missing_measurement_stress,101,1,0.006112801505062246,0.005362965895422514,0.004034893471209934,15.655869092807837,0.0016505566499335723,0.003112580352394816,0.004947861770400394,0.0012216218721811016,running
block_full_support_ridge,random_missing_measurement_stress,101,2,0.006023081320252912,0.00531689502016457,0.003935050610076391,14.578428000589705,0.0013798950834188323,0.002303032810131709,0.004947861770400394,0.00064135974343325,running
block_full_support_ridge,random_missing_measurement_stress,101,3,0.005968481853494839,0.0052884827810092405,0.0038744287303874936,13.871494746955399,0.0012099507682396028,0.0016333013473155196,0.004947861770400394,0.00013587316196345383,running
block_full_support_ridge,random_missing_measurement_stress,101,4,0.005936886017550592,0.005273257010474739,0.0038376784802043396,13.316628130821138,0.001062045060817435,0.0010738073439795636,0.004947861770400394,0.000306385022296728,running
block_full_support_ridge,random_missing_measurement_stress,101,5,0.0059217086540935,0.0052674230585739975,0.003818091210904076,12.875770178889297,0.0009322538561217229,0.000654494168071619,0.004947861770400394,0.0006934573812818702,running
block_full_support_ridge,random_missing_measurement_stress,101,6,0.0059181107821203284,0.005268080235518757,0.0038108247315786934,12.526943206525917,0.0008183367983077183,0.0005067946805229286,0.004947861770400394,0.0010322151222633437,running
block_full_support_ridge,random_missing_measurement_stress,101,7,0.005922457002051803,0.00527306792117295,0.003812186741459275,12.252451828378893,0.0007183508384036954,0.0006812134696239394,0.004947861770400394,0.0013286678448417067,running
block_full_support_ridge,random_missing_measurement_stress,101,8,0.005932041767552264,0.005280801525776797,0.003819383872018441,12.037530841134975,0.0006305913322963599,0.0009599760152375403,0.004947861770400394,0.001588081140839714,running
block_full_support_ridge,random_missing_measurement_stress,101,9,0.005944879557596047,0.005290136066917528,0.003830336356061574,11.86997088269523,0.0005535623051834534,0.0012391486004205046,0.004947861770400394,0.001815068351207879,running
block_full_support_ridge,random_missing_measurement_stress,101,10,0.005959535630376285,0.005300257843091423,0.003843521508229638,11.739807299083886,0.0004859508883671821,0.001495995282800696,0.004947861770400394,0.002013670702381811,running
block_full_support_ridge,random_missing_measurement_stress,101,11,0.005974991399685291,0.0053106001723893055,0.003857844029013174,11.639002733057715,0.00042660490640158586,0.0017264763201887317,0.004947861770400394,0.002187427762860081,running
block_full_support_ridge,random_missing_measurement_stress,101,12,0.005990539273433371,0.005320778757655146,0.0038725317377583095,11.561138213069245,0.0003745132070840855,0.0019312705795250895,0.004947861770400394,0.0023394393383870922,running
block_full_support_ridge,random_missing_measurement_stress,101,13,0.0060057016992026814,0.005330542629920934,0.003887053717858489,11.501128728137491,0.0003287883979122059,0.0021123910435060394,0.004947861770400394,0.00247241981097103,running
block_full_support_ridge,random_missing_measurement_stress,101,14,0.0060201695450129615,0.005339737232517805,0.003901057169618322,11.45497238130307,0.00028865169510656666,0.002272171128702851,0.004947861770400394,0.002588745824397955,running
block_full_support_ridge,random_missing_measurement_stress,101,15,0.006033755616542059,0.0053482768441969674,0.003914319323850092,11.41953622964577,0.0002534196270999751,0.0024129161878533303,0.004947861770400394,0.002690498117345952,running
block_full_support_ridge,random_missing_measurement_stress,101,16,0.006046359856255915,0.005356124117617901,0.00392671118942632,11.392377889922608,0.00022249236576697134,0.002536778112036213,0.004947861770400394,0.0027794982121483983,running
block_full_support_ridge,random_missing_measurement_stress,101,17,0.006057943466114247,0.00536327499962459,0.003938170445829685,11.371599693733854,0.00019534348628377212,0.002645714626981783,0.004947861770400394,0.002857340583939807,running
block_full_support_ridge,random_missing_measurement_stress,101,18,0.006068509794874389,0.005369747698446021,0.003948681320632425,11.355731145671177,0.0001715109807952657,0.00274148329443016,0.004947861770400394,0.0029254208608170693,running
block_full_support_ridge,random_missing_measurement_stress,101,19,0.006078090322923141,0.005375574678968311,0.003958259757187892,11.343635222134155,0.00015058937241851266,0.0028256501321646584,0.004947861770400394,0.002984960539917548,running
block_full_support_ridge,random_missing_measurement_stress,101,20,0.006086734469484049,0.005380796913385917,0.003966942563571337,11.334434298315959,0.0001322227948743997,0.0028996041307830043,0.004947861770400394,0.0030370286461225285,running
block_full_support_ridge,random_missing_measurement_stress,101,21,0.0060945022533377795,0.005385459804047086,0.00397477954240415,11.327451966660961,0.00011609891951283841,0.002964573678723856,0.004947861770400394,0.003082560708642438,running
block_full_support_ridge,random_missing_measurement_stress,101,22,0.006101459074508876,0.005389610340022074,0.003981827842591094,11.322167562348124,0.00010194362596887463,0.003021643025749996,0.004947861770400394,0.0031223753853124574,running
block_full_support_ridge,random_missing_measurement_stress,101,23,0.006107672065119364,0.005393295158800357,0.003988147960093206,11.318180755191259,8.951632538547154e-05,0.0030717679174534916,0.004947861770400394,0.0031571890243546996,running
block_full_support_ridge,random_missing_measurement_stress,101,24,0.006113207595034503,0.005396559267609421,0.003993800956947941,11.315184060236932,7.860585628761281e-05,0.00311579002702231,0.004947861770400394,0.0031876284180531573,running
block_full_support_ridge,random_missing_measurement_stress,101,25,0.006118129621981171,0.005399445241483624,0.00399884657554961,11.312941544504785,6.902688298018703e-05,0.0031544500596524653,0.004947861770400394,0.003214241971694375,running
block_full_support_ridge,random_missing_measurement_stress,101,26,0.006122498654377138,0.005401992762317365,0.004003342006645834,11.311272362446822,6.061673492616655e-05,0.0031883995314015657,0.004947861770400394,0.003237509483769808,running
block_full_support_ridge,random_missing_measurement_stress,101,27,0.0061263711542885735,0.005404238398490796,0.004007341130860746,11.310038042883253,5.323263310027374e-05,0.003218211286990915,0.004947861770400394,0.003257850709377514,running
block_full_support_ridge,random_missing_measurement_stress,101,28,0.006129799252436034,0.005406215551139438,0.004010894099687372,11.309132683614532,4.674925592761333e-05,0.003244388849918366,0.004947861770400394,0.0032756328576191303,running
block_full_support_ridge,random_missing_measurement_stress,101,29,0.006132830680583117,0.005407954512938187,0.004014047156527,11.308475395605813,4.105660321962003e-05,0.003267374708877972,0.004947861770400394,0.003291177155212581,running
sparse_exact_ridge,random_missing_measurement_stress,101,0,0.006371533539056902,0.00542958767919551,0.004396442592894402,21.915740317834015,0.004596591594694701,0.0047638394467801074,0.004947861770400394,0.0027204506015598064,running
sparse_exact_ridge,random_missing_measurement_stress,101,1,0.006122535529387569,0.005350525887859359,0.0040670796333426296,15.719059446889275,0.0019958590522373715,0.0031886846322203644,0.004947861770400394,0.001185463198893151,running
sparse_exact_ridge,random_missing_measurement_stress,101,2,0.006032762994717705,0.005297136162916386,0.003976637207667549,14.501058064007777,0.0014002851488036758,0.002402901804751631,0.004947861770400394,0.0002649566255519774,running
sparse_exact_ridge,random_missing_measurement_stress,101,3,0.00598371773253371,0.005274580335026817,0.003918808104372841,13.932078495383163,0.0011932252514482919,0.0018441554561833132,0.004947861770400394,0.00030619551385072964,running
sparse_exact_ridge,random_missing_measurement_stress,101,4,0.005954129536635173,0.00526666520407664,0.003876619439047308,13.425555482636984,0.0010537051382784723,0.0014066517346024228,0.004947861770400394,0.000775877582456621,running
sparse_exact_ridge,random_missing_measurement_stress,101,5,0.005938705382795676,0.005269122028910817,0.0038461813730416286,12.991472321417376,0.0009347849834261852,0.001113579398390797,0.004947861770400394,0.0011943415576308788,running
sparse_exact_ridge,random_missing_measurement_stress,101,6,0.005934063454051207,0.005278366776812784,0.003826116051548873,12.640633651380393,0.000829051045582032,0.0010090332104802048,0.004947861770400394,0.001559541592445817,running
sparse_exact_ridge,random_missing_measurement_stress,101,7,0.005937118172433891,0.005291456837734289,0.0038147615173401814,12.361064229304787,0.0007351899659546662,0.0010789632587134852,0.004947861770400394,0.00187266743920707,running
sparse_exact_ridge,random_missing_measurement_stress,101,8,0.005945373552063268,0.005306350909504371,0.0038103394103324775,12.138564845230242,0.0006520849779925799,0.0012486552068794103,0.004947861770400394,0.002139790470934089,running
sparse_exact_ridge,random_missing_measurement_stress,101,9,0.00595696638109868,0.005321706241984935,0.003811283838371495,11.96179568797987,0.0005785235099516766,0.0014542092278829106,0.004947861770400394,0.0023673113572881266,running
sparse_exact_ridge,random_missing_measurement_stress,101,10,0.0059705335547765295,0.00533665997401255,0.0038162877390757787,11.821740552283815,0.0005133869456461717,0.0016632208996459974,0.004947861770400394,0.0025606720898569604,running
sparse_exact_ridge,random_missing_measurement_stress,101,11,0.005985084978151385,0.005350681375388065,0.0038242706687859613,11.711053282926436,0.00045569537189179014,0.001861934555050881,0.004947861770400394,0.0027244972753461315,running
sparse_exact_ridge,random_missing_measurement_stress,101,12,0.005999912097780243,0.005363472576452641,0.0038343478275209984,11.623751943163894,0.00040458910083189065,0.0020450727625025947,0.004947861770400394,0.002862811094940903,running
sparse_exact_ridge,random_missing_measurement_stress,101,13,0.006014519928764105,0.005374896701932258,0.0038458049182324354,11.55500678043147,0.00035930873062806653,0.0022111069356996623,0.004947861770400394,0.0029791372147944324,running
sparse_exact_ridge,random_missing_measurement_stress,101,14,0.006028574183927575,0.005384924930052238,0.0038580745078351966,11.500945815220938,0.00031918217565535565,0.002360192204314112,0.004947861770400394,0.003076554561616428,running
sparse_exact_ridge,random_missing_measurement_stress,101,15,0.006041860093125093,0.005393598194617998,0.0038707133931313075,11.458480632345609,0.0002836148573881838,0.0024932358208153045,0.004947861770400394,0.0031577466185181992,running
sparse_exact_ridge,random_missing_measurement_stress,101,16,0.006054250735181139,0.0054010000360983045,0.0038833818127094093,11.425157359556875,0.00025208103271993584,0.002611457832242734,0.004947861770400394,0.003225048176954189,running
sparse_exact_ridge,random_missing_measurement_stress,101,17,0.006065682921693501,0.005407237671650948,0.0038958250241417137,11.399032215302688,0.0002241159412656673,0.0027161763784691088,0.004947861770400394,0.0032804876577610487,running
sparse_exact_ridge,random_missing_measurement_stress,101,18,0.00607613894715323,0.005412429028326263,0.003907857349667076,11.378569072428647,0.00019930878529399485,0.0028087007879439552,0.004947861770400394,0.0033258245928356254,running
sparse_exact_ridge,random_missing_measurement_stress,101,19,0.00608563285607425,0.005416694071773742,0.0039193485830765085,11.36255610197664,0.00017729649937006593,0.002890278828071104,0.004947861770400394,0.0033625827410269805,running
sparse_exact_ridge,random_missing_measurement_stress,101,20,0.006094200174943367,0.005420149206405227,0.003930212559857052,11.350038559704672,0.00015775822756222105,0.0029620722011156155,0.004947861770400394,0.003392079372172399,running
sparse_exact_ridge,random_missing_measurement_stress,101,21,0.006101890292885581,0.0054229038492109695,0.003940397654100261,11.340264966582541,0.0001404104275785644,0.0030251471529750785,0.004947861770400394,0.0034154511525320446,running
sparse_exact_ridge,random_missing_measurement_stress,101,22,0.006108760859726705,0.005425058521133129,0.0039498789552937785,11.33264424153947,0.0001250025318489941,0.003080473252367352,0.004947861770400394,0.003433676999484436,running
sparse_exact_ridge,random_missing_measurement_stress,101,23,0.006114873714817585,0.005426703979448771,0.00395865188567256,11.326711694346765,0.00011131310427069261,0.0031289265450681184,0.004947861770400394,0.003447598234988319,running
sparse_exact_ridge,random_missing_measurement_stress,101,24,0.0061202919727934785,0.005427921047478084,0.003966727036932848,11.322102128684945,9.914643799010626e-05,0.003171294955938163,0.004947861770400394,0.00345793633565411,running
sparse_exact_ridge,random_missing_measurement_stress,101,25,0.006125077979880045,0.005428780895768264,0.003974126028310418,11.31852861624225,8.832954532139857e-05,0.0032082847268095184,0.004947861770400394,0.003465308547420232,running
sparse_exact_ridge,random_missing_measurement_stress,101,26,0.006129291921827676,0.005429345600638421,0.0039808782127133185,11.315765773057054,7.870949605137881e-05,0.0032405271951816508,0.004947861770400394,0.003470241605153667,running
sparse_exact_ridge,random_missing_measurement_stress,101,27,0.006132990916473636,0.005429668858347754,0.003987018081673471,11.313636597825088,7.01510650447088e-05,0.0032685855174892278,0.004947861770400394,0.00347318377234983,running
sparse_exact_ridge,random_missing_measurement_stress,101,28,0.0061362284638099875,0.0054297967712039485,0.003992583242205438,11.312002121073865,6.253465424390456e-05,0.003292961116605022,0.004947861770400394,0.0034745153933849445,running
sparse_exact_ridge,random_missing_measurement_stress,101,29,0.006139054157026576,0.005429768649407631,0.0039976128587033795,11.310753268398296,5.575445791437314e-05,0.003314099738065911,0.004947861770400394,0.003474558130249631,running
sparse_quantized_ridge,random_missing_measurement_stress,101,0,0.006371533539056902,0.00542958767919551,0.004396442592894402,21.915740317834015,0.004592562389687762,0.0047638394467801074,0.004947861770400394,0.0027195690352076612,running
sparse_quantized_ridge,random_missing_measurement_stress,101,1,0.006123306218551923,0.005350274844589395,0.00406872076783846,15.727861201882734,0.0020010093420061025,0.003194637819870784,0.004947861770400394,0.0011832346392131434,running
sparse_quantized_ridge,random_missing_measurement_stress,101,2,0.006033216775634248,0.005296653131243173,0.0039780264042701,14.50230513365716,0.0014052576786793905,0.0024074848832039914,0.004947861770400394,0.0002573284585177778,running
sparse_quantized_ridge,random_missing_measurement_stress,101,3,0.005984069405939371,0.005274230951183201,0.003919862391031985,13.931028370490925,0.001195753655649717,0.001848744416587867,0.004947861770400394,0.00031668745702359286,running
sparse_quantized_ridge,random_missing_measurement_stress,101,4,0.005954508227600196,0.005266584799882544,0.0038773899452966584,13.424593583566924,0.0010552674731743436,0.0014130914390320772,0.004947861770400394,0.0007876014684566044,running
sparse_quantized_ridge,random_missing_measurement_stress,101,5,0.00593913805152369,0.005269309988107804,0.0038467108163214776,12.990704909254173,0.0009358658894919895,0.0011228321273620747,0.004947861770400394,0.0012067025069090434,running
sparse_quantized_ridge,random_missing_measurement_stress,101,6,0.0059345528132532825,0.005278795503383374,0.003826439979828061,12.640066136381897,0.0008297781953407452,0.0010205557502453054,0.004947861770400394,0.001572203916558564,running
sparse_quantized_ridge,random_missing_measurement_stress,101,7,0.005937656753115712,0.0052920868985231635,0.003814914293987429,12.360724737317783,0.0007356507901023794,0.0010908314890001756,0.004947861770400394,0.0018853510596226648,running
sparse_quantized_ridge,random_missing_measurement_stress,101,8,0.005945948236474277,0.005307137769195637,0.0038103534458254168,12.138453658250352,0.0006523592395965315,0.0012596253400043098,0.004947861770400394,0.0021522709054324247,running
sparse_quantized_ridge,random_missing_measurement_stress,101,9,0.0059575623078324935,0.005322606139397232,0.003811188551874886,11.961885272840616,0.0005786761889667486,0.001464005952119494,0.004947861770400394,0.002379422508763027,running
sparse_quantized_ridge,random_missing_measurement_stress,101,10,0.005971136616401181,0.005337633400392663,0.00381610908589109,11.821989924920558,0.0005134662910774798,0.0016719153402579203,0.004947861770400394,0.0025722962731071644,running
sparse_quantized_ridge,random_missing_measurement_stress,101,11,0.0059856829917367795,0.005351694541766135,0.0038240309815331533,11.71141879020922,0.0004656290733297909,0.001869658998333295,0.004947861770400394,0.0027355545398171344,running
sparse_quantized_ridge,random_missing_measurement_stress,101,12,0.006000693659253051,0.005364497740877227,0.0038344231674144673,11.622131082899786,0.0004117650736499463,0.0020542852925593486,0.004947861770400394,0.0028736698345933746,running
sparse_quantized_ridge,random_missing_measurement_stress,101,13,0.006015447699069444,0.005375824177711508,0.003846270487361574,11.552192347304874,0.0003648764167494228,0.002221246027356948,0.004947861770400394,0.002988512972442872,running
sparse_quantized_ridge,random_missing_measurement_stress,101,14,0.0060296431058632005,0.005385724036514948,0.0038589603558151398,11.497487623115855,0.0003234269607080037,0.0023711613335668487,0.004947861770400394,0.003084250761520036,running
sparse_quantized_ridge,random_missing_measurement_stress,101,15,0.0060430539632833945,0.0053942590712284634,0.0038720020891481214,11.454763776581109,0.00028674081122486306,0.002504858991953304,0.004947861770400394,0.003163917195315868,running
sparse_quantized_ridge,random_missing_measurement_stress,101,16,0.00605554988641397,0.005401522921009473,0.0038850364728510545,11.421436662669048,0.00025425149799679434,0.002623558438413224,0.004947861770400394,0.0032298480706087302,running
sparse_quantized_ridge,random_missing_measurement_stress,101,17,0.006067064568428208,0.005407627321845667,0.0038977973869723692,11.395468691887842,0.00022547514431886777,0.002728573096753576,0.004947861770400394,0.0032840444211548856,running
sparse_quantized_ridge,random_missing_measurement_stress,101,18,0.0060775788501781745,0.005412693133621171,0.003910092971012767,11.375260134174425,0.00019998571715164448,0.0028212168817051014,0.004947861770400394,0.0033282595834710437,running
sparse_quantized_ridge,random_missing_measurement_stress,101,19,0.006087107220029493,0.005416842442129961,0.00392179137469989,11.359554657460825,0.00017740530622617918,0.002902753111005515,0.004947861770400394,0.0033640167953705893,running
sparse_quantized_ridge,random_missing_measurement_stress,101,20,0.006095686921739582,0.005420192979185717,0.003932808121151659,11.347366082697448,0.00015739915570914592,0.002974364675160482,0.004947861770400394,0.0033926305293317345,running
sparse_quantized_ridge,random_missing_measurement_stress,101,21,0.0061033697524731445,0.005422854794822453,0.003943095388716489,11.337921457669388,0.00013967114427748613,0.0030371405458487107,0.004947861770400394,0.0034152322175924473,running
sparse_quantized_ridge,random_missing_measurement_stress,101,22,0.006110216086267827,0.00542492851182496,0.00395263328002858,11.330615789370274,0.00012395940641965524,0.0030920724939770094,0.004947861770400394,0.003432794197138103,running
sparse_quantized_ridge,random_missing_measurement_stress,101,23,0.0061162905659477565,0.005426504606331923,0.003961422811519244,11.32497598884798,0.00011003236014788393,0.0031400572669549732,0.004947861770400394,0.0034461504904621564,running
sparse_quantized_ridge,random_missing_measurement_stress,101,24,0.0061216590332594245,0.005427663353711864,0.003969480318973009,11.320632362986213,9.768519747426674e-05,0.003181901515492751,0.004947861770400394,0.003456014880890892,running
sparse_quantized_ridge,random_missing_measurement_stress,101,25,0.0061263863852973836,0.005428475199672138,0.003976833024347615,11.31729618788343,8.673678756239932e-05,0.0032183280320588156,0.004947861770400394,0.0034629967598225385,running
sparse_quantized_ridge,random_missing_measurement_stress,101,26,0.006130535123674569,0.005429001388521815,0.00398351555382787,11.314742103857537,7.702693711040187e-05,0.0032499825024494117,0.004947861770400394,0.0034676150358443885,running
sparse_quantized_ridge,random_missing_measurement_stress,101,27,0.006134164418079774,0.005429294730652894,0.003989567230655014,11.312794310397882,6.841396501972793e-05,0.003277440308148392,0.004947861770400394,0.0034703103229618655,running
sparse_quantized_ridge,random_missing_measurement_stress,101,28,0.0061373295481000735,0.005429400428479678,0.00399502999461005,11.311315750783496,6.0772555922832095e-05,0.0033012131141063454,0.004947861770400394,0.0034714556032913253,running
sparse_quantized_ridge,random_missing_measurement_stress,101,29,0.006140081620000019,0.005429356907214825,0.003999946825009052,11.310199645588773,5.399186123850259e-05,0.003321755097114072,0.004947861770400394,0.00347136554251647,running
sparse_exact_polynomial,random_missing_measurement_stress,101,0,0.006371533539056902,0.00542958767919551,0.004396442592894402,21.915740317834015,0.004592498983654485,0.0047638394467801074,0.004947861770400394,0.0027195560049624885,running
sparse_exact_polynomial,random_missing_measurement_stress,101,1,0.006123309896701826,0.005350275946503536,0.004068725790562801,15.727898865877407,0.0020009296367078486,0.0031946662069320527,0.004947861770400394,0.0011833195919551285,running
sparse_exact_polynomial,random_missing_measurement_stress,101,2,0.006033221826660665,0.005296654785028992,0.003978033172523461,14.502357605808015,0.0014052300658692412,0.0024075358502009874,0.004947861770400394,0.0002574031523523508,running
sparse_exact_polynomial,random_missing_measurement_stress,101,3,0.0059840740475840416,0.005274231795747048,0.003919869487711557,13.931082994510614,0.0011957318876358667,0.0018488049107074367,0.004947861770400394,0.0003166323121176973,running
sparse_exact_polynomial,random_missing_measurement_stress,101,4,0.005954512128178501,0.005266584927132686,0.003877396676013026,13.424661245293638,0.0010552507910823988,0.0014131576184689873,0.004947861770400394,0.0007875472984335072,running
sparse_exact_polynomial,random_missing_measurement_stress,101,5,0.005939140731222047,0.005269309177026965,0.0038467166077017882,12.990777389434584,0.0009358545132679941,0.001122889197907159,0.004947861770400394,0.0012066448000167163,running
sparse_exact_polynomial,random_missing_measurement_stress,101,6,0.0059345539946084255,0.00527879380363908,0.0038264442650508958,12.640136991534987,0.0008297715134671354,0.0010205834103843524,0.004947861770400394,0.0015721457274334861,running
sparse_exact_polynomial,random_missing_measurement_stress,101,7,0.005937656415736413,0.005292084509806052,0.003814916766848123,12.360791331015523,0.0007356479239375997,0.0010908240945519492,0.004947861770400394,0.0018852950590545912,running
sparse_exact_polynomial,random_missing_measurement_stress,101,8,0.005945946500768455,0.0053071349143533,0.0038103540221233706,12.138514885513972,0.0006523594169849328,0.001259592349425207,0.004947861770400394,0.0021522183049043045,running
sparse_exact_polynomial,random_missing_measurement_stress,101,9,0.005957559352664385,0.005322603021498358,0.0038111872808664032,11.961940581496155,0.0005786787983744231,0.0014639575300355251,0.004947861770400394,0.0023793738859663152,running
sparse_exact_polynomial,random_missing_measurement_stress,101,10,0.005971132643640771,0.005337630194088045,0.003816106098882876,11.822039143330167,0.0005134708313682914,0.0016718582093883001,0.004947861770400394,0.0025722519920738313,running
sparse_exact_polynomial,random_missing_measurement_stress,101,11,0.005985678207913172,0.005351691390543509,0.003824026462174377,11.71146204891338,0.0004656350610582242,0.0018695973300421,0.004947861770400394,0.00273551240449848,running
sparse_exact_polynomial,random_missing_measurement_stress,101,12,0.006000688129517925,0.005364494545532324,0.0038344173629321202,11.62216838126908,0.00041177355250496343,0.002054220252614683,0.004947861770400394,0.002873630565105495,running
sparse_exact_polynomial,random_missing_measurement_stress,101,13,0.006015441664172793,0.005375821039625562,0.003846263701873929,11.552223978960072,0.00036488567163319775,0.002221180219794676,0.004947861770400394,0.0029884769319768445,running
sparse_exact_polynomial,random_missing_measurement_stress,101,14,0.006029636762644983,0.005385721045499484,0.003858952829755833,11.497514245846265,0.0003234366955334721,0.0023710963842878984,0.004947861770400394,0.0030842181461700193,running
sparse_exact_polynomial,random_missing_measurement_stress,101,15,0.006043047477361872,0.00539425629388376,0.003871994036651515,11.454786031467538,0.00028675079027950216,0.002504795986438018,0.004947861770400394,0.003163888104688616,running
sparse_exact_polynomial,random_missing_measurement_stress,101,16,0.006055543394239317,0.00540152040344801,0.0038850280815915243,11.421455157724237,0.0002542615333540477,0.002623498101059401,0.004947861770400394,0.0032298225164244868,running
sparse_exact_polynomial,random_missing_measurement_stress,101,17,0.006067058179734954,0.00540762509240022,0.0038977888189167006,11.395483982636055,0.00022548508789833836,0.0027285158978316007,0.004947861770400394,0.0032840223296471084,running
sparse_exact_polynomial,random_missing_measurement_stress,101,18,0.006077572650639679,0.005412691205720371,0.003910084363446854,11.375272715728487,0.0001999954549094912,0.002821163106030591,0.004947861770400394,0.003328240813409179,running
sparse_exact_polynomial,random_missing_measurement_stress,101,19,0.006087101274234584,0.005416840817304105,0.003921782841751513,11.359564964034107,0.0001774147525066312,0.002902702906489983,0.004947861770400394,0.003364001159026273,running
sparse_exact_polynomial,random_missing_measurement_stress,101,20,0.006095681276251362,0.0054201916498735165,0.003932799755766091,11.347374490269855,0.00015740824806051288,0.0029743180884974057,0.004947861770400394,0.003392617808908196,running
sparse_exact_polynomial,random_missing_measurement_stress,101,21,0.006103364438728538,0.005422853746804036,0.003943087264848417,11.33792828830561,0.000139679839075495,0.0030370975489815285,0.004947861770400394,0.0034152221773314307,running
sparse_exact_polynomial,random_missing_measurement_stress,101,22,0.006110211123211363,0.005424927726258134,0.003952625454869833,11.330621316511836,0.00012396767524873613,0.0030920330039733057,0.004947861770400394,0.003432786592637893,running
sparse_exact_polynomial,random_missing_measurement_stress,101,23,0.006116285962371377,0.00542650406141868,0.003961415327665185,11.324980442976354,0.0001100401867928547,0.0031400211611786926,0.004947861770400394,0.0034461450759796213,running
sparse_exact_polynomial,random_missing_measurement_stress,101,24,0.006121654789847422,0.005427663026031452,0.003969473206472932,11.320635937200654,9.769257540965685e-05,0.0031818686433392725,0.004947861770400394,0.0034560114149650963,running
sparse_exact_polynomial,random_missing_measurement_stress,101,25,0.006126382496387631,0.00542847506522096,0.003976826302604759,11.317299043128997,8.67437178653827e-05,0.0032182982240975145,0.004947861770400394,0.0034629950094739325,running
sparse_exact_polynomial,random_missing_measurement_stress,101,26,0.006130531578755566,0.005429001423502386,0.003983509233329709,11.3147443736756,7.703342673274583e-05,0.003249955577567211,0.004947861770400394,0.0034676147795970696,running
sparse_exact_polynomial,random_missing_measurement_stress,101,27,0.006134161203047853,0.005429294912053215,0.0039895613145257925,11.312796105151302,6.842002536597002e-05,0.0032774160791276207,0.004947861770400394,0.0034703113529151257,running
sparse_exact_polynomial,random_missing_measurement_stress,101,28,0.006137326646303306,0.005429400734481242,0.003995024479986283,11.311317161353266,6.07782016847971e-05,0.003301191391963758,0.004947861770400394,0.0034714577264245215,running
sparse_exact_polynomial,random_missing_measurement_stress,101,29,0.006140079013095139,0.005429357317462982,0.0039999417042444274,11.31020074656764,5.399710944729438e-05,0.0033217356944504305,0.004947861770400394,0.003471368581384953,running
sparse_qsvt_statevector_closed_loop,random_missing_measurement_stress,101,0,0.006371533539056902,0.00542958767919551,0.004396442592894402,21.915740317834015,0.0045924990108947555,0.0047638394467801074,0.004947861770400394,0.0027195560007097735,running
sparse_qsvt_statevector_closed_loop,random_missing_measurement_stress,101,1,0.006123309895814012,0.005350275946143821,0.004068725789464901,15.727898846342738,0.002000929639356882,0.003194666200080149,0.004947861770400394,0.001183319578367604,running
sparse_qsvt_statevector_closed_loop,random_missing_measurement_stress,101,2,0.006033221825859206,0.0052966547846521935,0.003978033171590952,14.502357596291224,0.0014052300712909366,0.0024075358421140076,0.004947861770400394,0.00025740313943433107,running
sparse_qsvt_statevector_closed_loop,random_missing_measurement_stress,101,3,0.005984074046883712,0.005274231795523296,0.003919869486761162,13.93108298497153,0.0011957318915522257,0.0018488049015802598,0.004947861770400394,0.0003166323239069301,running
sparse_qsvt_statevector_closed_loop,random_missing_measurement_stress,101,4,0.0059545121276395685,0.005266584927096301,0.003877396675106776,13.424661234189381,0.0010552507939496703,0.0014131576093253642,0.004947861770400394,0.0007875473107734765,running
sparse_qsvt_statevector_closed_loop,random_missing_measurement_stress,101,5,0.005939140730912141,0.005269309177212755,0.003846716606915009,12.990777377768142,0.0009358545151842619,0.0011228891913071177,0.004947861770400394,0.0012066448130418545,running
sparse_qsvt_statevector_closed_loop,random_missing_measurement_stress,101,6,0.005934553994562726,0.005278793804033103,0.0038264442644646087,12.6401369802353,0.0008297715145731325,0.0010205834093143862,0.004947861770400394,0.0015721457405924162,running
sparse_qsvt_statevector_closed_loop,random_missing_measurement_stress,101,7,0.005937656415951036,0.005292084510369179,0.0038149167665070443,12.360791320489865,0.0007356479243975825,0.0010908240992559513,0.004947861770400394,0.0018852950719058614,running
sparse_qsvt_statevector_closed_loop,random_missing_measurement_stress,101,8,0.005945946501217822,0.005307134915040275,0.003810354022041593,12.138514875929259,0.0006523594169361455,0.0012595923579664426,0.004947861770400394,0.0021522183172005362,running
sparse_qsvt_statevector_closed_loop,random_missing_measurement_stress,101,9,0.005957559353313967,0.005322603022265718,0.0038111872810394384,11.961940572922504,0.0005786787979272157,0.0014639575406794748,0.004947861770400394,0.0023793738975608084,running
sparse_qsvt_statevector_closed_loop,random_missing_measurement_stress,101,10,0.005971132644453149,0.005337630194897058,0.0038161060992944877,11.822039135773982,0.0005134708306124015,0.001671858221071012,0.004947861770400394,0.0025722520028642654,running
sparse_qsvt_statevector_closed_loop,random_missing_measurement_stress,101,11,0.005985678208851188,0.005351691391361398,0.003824026462800637,11.711462042334704,0.0004656350598026988,0.0018695973421342556,0.004947861770400394,0.0027355124144210793,running
sparse_qsvt_statevector_closed_loop,random_missing_measurement_stress,101,12,0.006000688130544536,0.005364494546332891,0.003834417363740382,11.62216837567322,0.0004117735511472986,0.0020542202646897365,0.004947861770400394,0.0028736305741733762,running
sparse_qsvt_statevector_closed_loop,random_missing_measurement_stress,101,13,0.006015441665256738,0.005375821040391771,0.0038462637028297895,11.552223974232911,0.00036488567018406337,0.0022211802316147327,0.004947861770400394,0.0029884769401614104,running
sparse_qsvt_statevector_closed_loop,random_missing_measurement_stress,101,14,0.006029636763757704,0.005385721046216739,0.0038589528308264802,11.497514241881081,0.00032343669403340987,0.0023710963956813835,0.004947861770400394,0.003084218153484325,running
sparse_qsvt_statevector_closed_loop,random_missing_measurement_stress,101,15,0.006043047478479696,0.005394256294542465,0.003871994037806427,11.454786028162694,0.00028675078875960397,0.002504795997296911,0.004947861770400394,0.003163888111165065,running
sparse_qsvt_statevector_closed_loop,random_missing_measurement_stress,101,16,0.006055543395343177,0.005401520404042539,0.003885028082803367,11.42145515498472,0.00025426153183838023,0.002623498111318636,0.004947861770400394,0.003229822522103261,running
sparse_qsvt_statevector_closed_loop,random_missing_measurement_stress,101,17,0.006067058180809825,0.005407625092928066,0.003897788820161456,11.395483980376133,0.00022548508640598882,0.002728515907455169,0.004947861770400394,0.00328402233457471,running
sparse_qsvt_statevector_closed_loop,random_missing_measurement_stress,101,18,0.006077572651674061,0.0054126912061814554,0.003910084364703802,11.375272713872548,0.0001999954534550448,0.0028211631150030472,0.004947861770400394,0.0033282408176371894,running
sparse_qsvt_statevector_closed_loop,random_missing_measurement_stress,101,19,0.006087101275220061,0.005416840817700199,0.0039217828430031815,11.359564962516373,0.00017741475110073156,0.002902702914811137,0.004947861770400394,0.0033640011626087985,running
sparse_qsvt_statevector_closed_loop,random_missing_measurement_stress,101,20,0.00609568127718211,0.005420191650207714,0.003932799756998034,11.347374489033749,0.00015740824671109957,0.0029743180961780027,0.004947861770400394,0.003392617811901156,running
sparse_qsvt_statevector_closed_loop,random_missing_measurement_stress,101,21,0.0061033644396008965,0.005422853747080347,0.003943087266048973,11.337928287302855,0.00013967983778758125,0.00303709755604038,0.004947861770400394,0.003415222179790032,running
sparse_qsvt_statevector_closed_loop,random_missing_measurement_stress,101,22,0.006110211124023425,0.005424927726481132,0.003952625456029809,11.330621315701721,0.00012396767402596845,0.00309203301043475,0.004947861770400394,0.0034327865946158476,running
sparse_qsvt_statevector_closed_loop,random_missing_measurement_stress,101,23,0.00611628596312267,0.005426504061593232,0.0039614153287776226,11.3249804423246,0.0001100401856368913,0.0031400211670711132,0.004947861770400394,0.003446145077529135,running
sparse_qsvt_statevector_closed_loop,random_missing_measurement_stress,101,24,0.006121654790538599,0.005427663026162525,0.0039694732075327786,11.320635936678539,9.769257432111437e-05,0.003181868648693593,0.004947861770400394,0.003456011416135093,running
sparse_qsvt_statevector_closed_loop,random_missing_measurement_stress,101,25,0.0061263824970202154,0.005428475065313452,0.003976826303608627,11.317299042712579,8.674371684338606e-05,0.0032182982289462067,0.004947861770400394,0.003462995010309991,running
sparse_qsvt_statevector_closed_loop,random_missing_measurement_stress,101,26,0.006130531579331719,0.005429001423561019,0.00398350923427558,11.31474437334532,7.703342577628007e-05,0.003249955581943314,0.004947861770400394,0.0034676147801427355,running
sparse_qsvt_statevector_closed_loop,random_missing_measurement_stress,101,27,0.006134161203570216,0.005429294912082473,0.003989561315412801,11.312796104890761,6.842002447303696e-05,0.003277416083064251,0.004947861770400394,0.003470311353209728,running
sparse_qsvt_statevector_closed_loop,random_missing_measurement_stress,101,28,0.0061373266467748475,0.0054294007344853,0.003995024480814535,11.311317161148933,6.077820085315229e-05,0.0033011913954936033,0.004947861770400394,0.0034714577265041874,running
sparse_qsvt_statevector_closed_loop,random_missing_measurement_stress,101,29,0.0061400790135190016,0.005429357317445687,0.00399994170501475,11.310200746408684,5.399710867420041e-05,0.0033217356976051582,0.004947861770400394,0.00347136858128254,running
full_system_exact_ridge,random_missing_measurement_stress,202,0,0.005999920314578795,0.005231262122382075,0.004000377345060787,22.330867235468503,0.024312241344718113,0.0021951497715104683,0.004936672346361995,,running
full_system_exact_ridge,random_missing_measurement_stress,202,1,0.0007977075598531139,0.0005454199545985508,0.0006751502040788541,0.8303770829945063,0.0005567536758566261,0.00011070581685497726,0.0006659365458337816,,running
full_system_exact_ridge,random_missing_measurement_stress,202,2,0.0007439801095384876,0.0005129551897417018,0.0006264520452190453,0.8224462003732835,2.3729791619683878e-07,0.00014657518241192595,0.0006195669076375458,,running
full_system_exact_ridge,random_missing_measurement_stress,202,3,0.0007439290010051845,0.0005129059363754643,0.0006264196665735834,0.8224462000319034,2.1734713860150255e-10,0.00014658459133432114,0.0006195235443508224,,converged
block_full_support_ridge,random_missing_measurement_stress,202,0,0.005999920314578795,0.005231262122382075,0.004000377345060787,22.330867235468503,0.0022113193647054492,0.0021951497715104683,0.004936672346361995,0.0029221687961130042,running
block_full_support_ridge,random_missing_measurement_stress,202,1,0.005987375229050172,0.005264248811920295,0.003938087421151905,21.166703608400336,0.000880652353961856,0.00205260073075795,0.004936672346361995,0.0033421383003159576,running
block_full_support_ridge,random_missing_measurement_stress,202,2,0.005996459309125829,0.005283435072468823,0.003930121533974791,20.954563781121184,0.00037169564539540824,0.0021567345268704062,0.004936672346361995,0.003540220689546966,running
block_full_support_ridge,random_missing_measurement_stress,202,3,0.006001720442885335,0.005293349922723611,0.003926970634209535,20.888708517520218,0.00018378178193418265,0.002214875428307454,0.004936672346361995,0.0036362053585746396,running
block_full_support_ridge,random_missing_measurement_stress,202,4,0.006003382472863748,0.005298352582397704,0.003923627250425577,20.844768945051076,0.00012014154760815609,0.0022329382922197482,0.004936672346361995,0.0036844420627767994,running
block_full_support_ridge,random_missing_measurement_stress,202,5,0.006003245618748706,0.005300915342150734,0.003920170573690971,20.80518062589491,9.731986968990926e-05,0.002231456303817248,0.004936672346361995,0.0037099878075637217,running
block_full_support_ridge,random_missing_measurement_stress,202,6,0.006002356874175223,0.005302285728153544,0.0039168826564550665,20.768074067301278,8.543658385866576e-05,0.002221808891881682,0.004936672346361995,0.003724537637203994,running
block_full_support_ridge,random_missing_measurement_stress,202,7,0.006001210203014407,0.005303070317767503,0.003913873854188878,20.733476931721828,7.674805722242662e-05,0.002209301547761357,0.004936672346361995,0.0037336112956749654,running
block_full_support_ridge,random_missing_measurement_stress,202,8,0.006000020951489311,0.005303561104315231,0.00391115779307035,20.70141623838231,6.950162222128961e-05,0.0021962570610636837,0.004936672346361995,0.0037398449864267723,running
block_full_support_ridge,random_missing_measurement_stress,202,9,0.005998876173784432,0.00530389894503584,0.003908711453824102,20.67177619243973,6.325020733931818e-05,0.0021836292488566647,0.004936672346361995,0.003744516351934675,running
block_full_support_ridge,random_missing_measurement_stress,202,10,0.005997805997016397,0.005304152469356762,0.003906502021765312,20.644361406435166,5.7827004043152695e-05,0.0021717601391765444,0.004936672346361995,0.003748257499612761,running
block_full_support_ridge,random_missing_measurement_stress,202,11,0.005996816152418158,0.005304355728367757,0.0039044970156142567,20.618950389722556,5.3131857394803054e-05,0.002160725836746761,0.004936672346361995,0.0037513910190048556,running
block_full_support_ridge,random_missing_measurement_stress,202,12,0.005995902566654011,0.005304526124734994,0.003902667523798224,20.595324384293253,4.908486703345616e-05,0.0021504930161226365,0.004936672346361995,0.0037540894428471877,running
block_full_support_ridge,random_missing_measurement_stress,202,13,0.005995057805061311,0.005304672970934903,0.003900988832472183,20.573280347256155,4.561526151878294e-05,0.002140988953362559,0.004936672346361995,0.0037564514235278353,running
block_full_support_ridge,random_missing_measurement_stress,202,14,0.005994273832908851,0.005304801591474267,0.003899440152297179,20.55263554706494,4.265819882090135e-05,0.002132132111875122,0.004936672346361995,0.003758538376295946,running
block_full_support_ridge,random_missing_measurement_stress,202,15,0.005993543121948727,0.005304915300219714,0.0038980040932685986,20.533228108197594,4.0153592189422614e-05,0.002123844776331334,0.004936672346361995,0.003760392252938255,running
block_full_support_ridge,random_missing_measurement_stress,202,16,0.005992859023469934,0.005305016360610142,0.0038966661217113207,20.51491576887126,3.8045618948416065e-05,0.0021160575988748587,0.004936672346361995,0.0037620442623671297,running
block_full_support_ridge,random_missing_measurement_stress,202,17,0.005992215826535835,0.00530510645697932,0.0038954140748335246,20.497573972894767,3.628256159614644e-05,0.0021087105946248725,0.004936672346361995,0.003763519224772476,running
block_full_support_ridge,random_missing_measurement_stress,202,18,0.005991608690729946,0.00530518692980102,0.003894237749505541,20.481093824571243,3.4816838150287056e-05,0.002101752667682105,0.004936672346361995,0.003764837806629131,running
block_full_support_ridge,random_missing_measurement_stress,202,19,0.0059910335376868575,0.0053052588962904925,0.0038931285616038112,20.46538013958873,3.360511761995019e-05,0.0020951406112983606,0.004936672346361995,0.00376601771846032,running
block_full_support_ridge,random_missing_measurement_stress,202,20,0.005990486937579714,0.005305323314893879,0.003892079266376426,20.45034968126726,3.260843121667342e-05,0.0020888379981539034,0.004936672346361995,0.003767074398305989,running
block_full_support_ridge,random_missing_measurement_stress,202,21,0.005989966004856118,0.005305381021978831,0.003891083729614568,20.43592960441506,3.179221201111788e-05,0.002082814132870301,0.004936672346361995,0.0037680214348459217,running
block_full_support_ridge,random_missing_measurement_stress,202,22,0.005989468307746849,0.005305432754479395,0.003890136740443615,20.422056099495553,3.11262256889595e-05,0.0020770431277489037,0.004936672346361995,0.003768870854272018,running
block_full_support_ridge,random_missing_measurement_stress,202,23,0.005988991791888302,0.005305479165213287,0.003889233857979282,20.40867321829554,3.05843851558596e-05,0.002071503113603895,0.004936672346361995,0.003769633332128588,running
block_full_support_ridge,random_missing_measurement_stress,202,24,0.0059885347167672204,0.005305520834181732,0.0038883712854750827,20.395731859163327,3.0144464925482087e-05,0.002066175577266044,0.004936672346361995,0.003770318360788251,running
block_full_support_ridge,random_missing_measurement_stress,202,25,0.005988095603204288,0.005305558277506101,0.003887545766783704,20.383188890450057,2.9787744301831144e-05,0.0020610448102355307,0.004936672346361995,0.003770934388319559,running
block_full_support_ridge,random_missing_measurement_stress,202,26,0.005987673190087479,0.005305591954847766,0.003886754500947278,20.371006392796787,2.9498611946054103e-05,0.002056097451706359,0.004936672346361995,0.003771488937172205,running
block_full_support_ridge,random_missing_measurement_stress,202,27,0.005987266398747021,0.00530562227576117,0.003885995071539745,20.359151003324268,2.9264161284366125e-05,0.0020513221103362054,0.004936672346361995,0.003771988707461975,running
block_full_support_ridge,random_missing_measurement_stress,202,28,0.005986874303597624,0.005305649605233587,0.003885265388036942,20.34759334715245,2.90737996087265e-05,0.0020467090511158575,0.004936672346361995,0.0037724396677914617,running
block_full_support_ridge,random_missing_measurement_stress,202,29,0.00598649610790349,0.005305674268566009,0.0038845636370149926,20.336307543816705,2.8918886239715664e-05,0.002042249935803778,0.004936672346361995,0.0037728471355792997,running
sparse_exact_ridge,random_missing_measurement_stress,202,0,0.005999920314578795,0.005231262122382075,0.004000377345060787,22.330867235468503,0.0021814541016526804,0.0021951497715104683,0.004936672346361995,0.003233798934511845,running
sparse_exact_ridge,random_missing_measurement_stress,202,1,0.006003017234447749,0.005278246265244141,0.00394807201533895,21.30808497478069,0.0009051912648946375,0.0022289810193703652,0.004936672346361995,0.003628940507729013,running
sparse_exact_ridge,random_missing_measurement_stress,202,2,0.006013383787896568,0.005297969429123947,0.003941685368901107,21.118282976550663,0.00037724823266397815,0.002338788785147726,0.004936672346361995,0.0037307665724150407,running
sparse_exact_ridge,random_missing_measurement_stress,202,3,0.006017059300172092,0.005303407112009932,0.00394134799879979,21.07161888422341,0.0001702866288153294,0.002376547334823173,0.004936672346361995,0.0037410275322243987,running
sparse_exact_ridge,random_missing_measurement_stress,202,4,0.006017210170400263,0.005303963095382543,0.003940918232391873,21.050247637048688,9.755031254223771e-05,0.0023780849045087907,0.004936672346361995,0.0037300184719751,running
sparse_exact_ridge,random_missing_measurement_stress,202,5,0.0060163056436724075,0.005303366634127898,0.003940074801079943,21.03582997175884,7.328295995806632e-05,0.002368852200355438,0.004936672346361995,0.003718915210429434,running
sparse_exact_ridge,random_missing_measurement_stress,202,6,0.006015324754283955,0.005302766781950444,0.003939101430384676,21.02505202598468,6.252704819386828e-05,0.002358800781125417,0.004936672346361995,0.0037120855986711903,running
sparse_exact_ridge,random_missing_measurement_stress,202,7,0.006014531969205871,0.005302398667789894,0.003938168784935677,21.0166866526107,5.547773319162253e-05,0.002350646711365526,0.004936672346361995,0.0037090384167475033,running
sparse_exact_ridge,random_missing_measurement_stress,202,8,0.006013942298623936,0.005302234635606933,0.003937337782395508,21.009957246038358,4.9879297044254524e-05,0.0023445640537307225,0.004936672346361995,0.0037084265047690893,running
sparse_exact_ridge,random_missing_measurement_stress,202,9,0.006013509232170849,0.005302201711537115,0.003936617937247162,21.004350037110356,4.510654843919805e-05,0.002340087133475326,0.004936672346361995,0.0037091485917092625,running
sparse_exact_ridge,random_missing_measurement_stress,202,10,0.006013185413270842,0.005302240564152372,0.003936000239367702,20.999541751006436,4.091030614529532e-05,0.002336734190562917,0.004936672346361995,0.0037105026801186854,running
sparse_exact_ridge,random_missing_measurement_stress,202,11,0.006012936185839843,0.0053023134418684606,0.003935471018231459,20.995334081185163,3.716194417830058e-05,0.0023341504390083892,0.004936672346361995,0.0037120935471025374,running
sparse_exact_ridge,random_missing_measurement_stress,202,12,0.006012738808101671,0.005302399095829668,0.003935016901894856,20.991603799594685,3.37847120552747e-05,0.002332102260353448,0.004936672346361995,0.003713717616775324,running
sparse_exact_ridge,random_missing_measurement_stress,202,13,0.006012578840071334,0.005302486573904055,0.0039346262265341735,20.98827059433569,3.072758923220425e-05,0.0023304410090336314,0.004936672346361995,0.003715278914170707,running
sparse_exact_ridge,random_missing_measurement_stress,202,14,0.006012447018437607,0.005302570705556662,0.003934289190786582,20.985278303972105,2.7953271237974706e-05,0.0023290711978281747,0.004936672346361995,0.0037167376713742113,running
sparse_exact_ridge,random_missing_measurement_stress,202,15,0.006012337169070098,0.005302649342504255,0.003933997638840197,20.98258460307858,2.5432258044796444e-05,0.002327929116467209,0.004936672346361995,0.0037180817654302737,running
sparse_exact_ridge,random_missing_measurement_stress,202,16,0.006012244955711847,0.005302721824619908,0.003933744780891103,20.98015551647062,2.3139855862395874e-05,0.0023269699764299034,0.004936672346361995,0.0037193118370468957,running
sparse_exact_ridge,random_missing_measurement_stress,202,17,0.006012167167841767,0.005302788180017084,0.00393352494282561,20.97796252675905,2.1054618043487646e-05,0.002326160584342901,0.004936672346361995,0.003720433922771039,running
sparse_exact_ridge,random_missing_measurement_stress,202,18,0.006012101322209747,0.005302848728605757,0.003933333362365473,20.97598101930485,1.9157506058075852e-05,0.0023254752407000164,0.004936672346361995,0.0037214559738010422,running
sparse_exact_ridge,random_missing_measurement_stress,202,19,0.006012045436884642,0.0053029038945397134,0.003933166026971284,20.974189400599993,1.743141224841492e-05,0.0023248934146968053,0.004936672346361995,0.0037223862930161676,running
sparse_exact_ridge,random_missing_measurement_stress,202,20,0.0060119978975683944,0.005302954121858096,0.003933019544706639,20.97256855393031,1.5860864868522123e-05,0.002324398369192772,0.004936672346361995,0.003723232880434653,running
sparse_exact_ridge,random_missing_measurement_stress,202,21,0.0060119573731110725,0.005302999839049217,0.003932891040291153,20.971101467383104,1.4431826034649456e-05,0.0023239762919913484,0.004936672346361995,0.003724003191723469,running
sparse_exact_ridge,random_missing_measurement_stress,202,22,0.006011922757909731,0.005303041445887772,0.003932778070478212,20.969772954837772,1.3131538650518956e-05,0.002323615703414342,0.004936672346361995,0.003724704076050542,running
sparse_exact_ridge,random_missing_measurement_stress,202,23,0.006011893129808825,0.00530307930996138,0.003932678554512201,20.96856943189481,1.1948400970875638e-05,0.0023233070229522895,0.004936672346361995,0.003725341787064496,running
sparse_exact_ridge,random_missing_measurement_stress,202,24,0.006011867717662973,0.005303113767161321,0.0039325907165772,20.967478728117715,1.0871858492068117e-05,0.0023230422349660926,0.004936672346361995,0.0037259220205957413,running
sparse_exact_ridge,random_missing_measurement_stress,202,25,0.0060118458754644865,0.005303145123632831,0.003932513037935432,20.96648992592454,9.89230810022639e-06,0.002322814621680891,0.004936672346361995,0.003726449959731911,running
sparse_exact_ridge,random_missing_measurement_stress,202,26,0.006011827061281894,0.005303173658138509,0.003932444216988606,20.965593220593888,9.001011857679193e-06,0.0023226185455393566,0.004936672346361995,0.0037269303197110587,running
sparse_exact_ridge,random_missing_measurement_stress,202,27,0.006011810819922534,0.005303199624424572,0.003932383135869806,20.96477979779102,8.190018928679634e-06,0.0023224492698213427,0.004936672346361995,0.003727367390000112,running
sparse_exact_ridge,random_missing_measurement_stress,202,28,0.006011796768577683,0.005303223253445564,0.003932328832446443,20.964041725999007,7.452094661871239e-06,0.0023223028099635555,0.004936672346361995,0.0037277650728735562,running
sparse_exact_ridge,random_missing_measurement_stress,202,29,0.0060117845849021224,0.005303244755408744,0.003932280476821924,20.96337186178838,6.780656094740811e-06,0.002322175809980357,0.004936672346361995,0.0037281269185194363,running
sparse_quantized_ridge,random_missing_measurement_stress,202,0,0.005999920314578795,0.005231262122382075,0.004000377345060787,22.330867235468503,0.002180033702540189,0.0021951497715104683,0.004936672346361995,0.0032337774084566836,running
sparse_quantized_ridge,random_missing_measurement_stress,202,1,0.0060029730061610664,0.00527824525076515,0.003947995909194511,21.308083369234186,0.0009057755249817028,0.002228501355588812,0.004936672346361995,0.0036301610481727195,running
sparse_quantized_ridge,random_missing_measurement_stress,202,2,0.006013393249443726,0.005298033749654016,0.003941621696464151,21.118325749190976,0.0003786739208546325,0.0023388867363531717,0.004936672346361995,0.0037308980256780967,running
sparse_quantized_ridge,random_missing_measurement_stress,202,3,0.00601705706560992,0.005303414225430541,0.003941335186202284,21.07143726007418,0.0001703419308516336,0.0023765245544556876,0.004936672346361995,0.0037399172503596746,running
sparse_quantized_ridge,random_missing_measurement_stress,202,4,0.006017177832093044,0.005303902864625811,0.003940936701090268,21.049997799344897,9.718997494745275e-05,0.002377755414319831,0.004936672346361995,0.0037280503994645674,running
sparse_quantized_ridge,random_missing_measurement_stress,202,5,0.006016249057436351,0.0053032601838392136,0.003940108446024347,21.03555537045881,7.283944393982659e-05,0.0023682734620799704,0.004936672346361995,0.003716451008881056,running
sparse_quantized_ridge,random_missing_measurement_stress,202,6,0.006015253739099736,0.005302633887098659,0.00393914279198937,21.024784018187823,6.207946132363924e-05,0.0023580714712835783,0.004936672346361995,0.0037093641761677624,running
sparse_quantized_ridge,random_missing_measurement_stress,202,7,0.0060144539996723105,0.005302252165302498,0.003938214955022624,21.0164458877055,5.503518221878476e-05,0.002349843297578499,0.004936672346361995,0.0037061947878049306,running
sparse_quantized_ridge,random_missing_measurement_stress,202,8,0.006013861831003404,0.005302081677776924,0.003937387652362685,21.009754739716485,4.9441767295130166e-05,0.0023437328243964837,0.004936672346361995,0.0037055291595528995,running
sparse_quantized_ridge,random_missing_measurement_stress,202,9,0.006013428525258677,0.005302045890167706,0.003936670986052162,21.004190400712638,4.467430626764422e-05,0.002339251896441106,0.004936672346361995,0.0037062289538018563,running
sparse_quantized_ridge,random_missing_measurement_stress,202,10,0.006013105420412712,0.005302083514884122,0.00393605609642417,20.999426028517064,4.048450292705374e-05,0.002335905200909121,0.004936672346361995,0.0037075734866728774,running
sparse_quantized_ridge,random_missing_measurement_stress,202,11,0.006012857179736234,0.005302155823418637,0.003935529337778359,20.995261556730604,3.674420466510005e-05,0.0023333308044534676,0.004936672346361995,0.0037091589516861125,running
sparse_quantized_ridge,random_missing_measurement_stress,202,12,0.0060126607478233115,0.005302241121634335,0.003935077343609,20.991572979110472,3.337673785942731e-05,0.002331291754866227,0.004936672346361995,0.0037107782457434665,running
sparse_quantized_ridge,random_missing_measurement_stress,202,13,0.006012501563638147,0.005302328276083148,0.003934688464080993,20.988279684580736,3.0330920768952077e-05,0.0023296380928193145,0.004936672346361995,0.0037123341872786868,running
sparse_quantized_ridge,random_missing_measurement_stress,202,14,0.006012370334501897,0.005302412055227728,0.003934352922579314,20.98532542649295,2.7569184569144297e-05,0.0023282739875024974,0.004936672346361995,0.003713786765724632,running
sparse_quantized_ridge,random_missing_measurement_stress,202,15,0.0060122608959401695,0.005302490299325619,0.0039340625947017266,20.982667882263918,2.5061742377300492e-05,0.0023271358029494592,0.004936672346361995,0.0037151239601630483,running
sparse_quantized_ridge,random_missing_measurement_stress,202,16,0.006012168935146375,0.005302562354225593,0.003933810724505265,20.98027311325292,2.278362962647826e-05,0.0023261789763688746,0.004936672346361995,0.003716346600733614,running
sparse_quantized_ridge,random_missing_measurement_stress,202,17,0.006012091267779082,0.005302628258219349,0.003933591671278315,20.97811265115718,2.0713159585813256e-05,0.0023253705736642166,0.004936672346361995,0.0037174609074047387,running
sparse_quantized_ridge,random_missing_measurement_stress,202,18,0.00601202543518003,0.005302688340865494,0.003933400704010854,20.97616193567704,1.8831087532920328e-05,0.0023246851414886987,0.004936672346361995,0.0037184749830720823,running
sparse_quantized_ridge,random_missing_measurement_stress,202,19,0.0060119694770721915,0.005302743034188216,0.00393323383848419,20.974399430688543,1.712013198881752e-05,0.0023241023669505014,0.004936672346361995,0.0037193972494081085,running
sparse_quantized_ridge,random_missing_measurement_stress,202,20,0.006011921797708615,0.005302792788314353,0.00393308770784911,20.972806079201845,1.556467659916815e-05,0.0023236057001751087,0.004936672346361995,0.003720235798009766,running
sparse_quantized_ridge,random_missing_measurement_stress,202,21,0.006011881081630084,0.005302838036367317,0.003932959458692243,20.971364930923723,1.4150564577164462e-05,0.0023231814876692207,0.004936672346361995,0.0037209981551272627,running
sparse_quantized_ridge,random_missing_measurement_stress,202,22,0.0060118462364060895,0.005302879181647378,0.003932846666586313,20.97006086274283,1.2864942256066938e-05,0.0023228183831573725,0.004936672346361995,0.00372169122451099,running
sparse_quantized_ridge,random_missing_measurement_stress,202,23,0.006011816350869723,0.005302916594428743,0.0039327472667974326,20.96888035408645,1.1696130581854602e-05,0.002322506917503546,0.004936672346361995,0.003722321302031537,running
sparse_quantized_ridge,random_missing_measurement_stress,202,24,0.006011790662978989,0.005302950612645439,0.00393265949701518,20.967811298582536,1.0633514268414235e-05,0.0023222391673671902,0.004936672346361995,0.0037228941159735294,running
sparse_quantized_ridge,random_missing_measurement_stress,202,25,0.0060117685342050906,0.005302981543979466,0.003932581849777647,20.966842842416842,9.667443537590608e-06,0.0023220084907966095,0.004936672346361995,0.003723414873987844,running
sparse_quantized_ridge,random_missing_measurement_stress,202,26,0.006011749428698887,0.005303009668323424,0.003932513032810099,20.965965243876628,8.789145798099042e-06,0.002321809311867549,0.004936672346361995,0.0037238883093926884,running
sparse_quantized_ridge,random_missing_measurement_stress,202,27,0.0060117328961537325,0.005303035240220816,0.003932451935876875,20.965169750496596,7.990645733090052e-06,0.0023216369433195277,0.004936672346361995,0.0037243187243529204,running
sparse_quantized_ridge,random_missing_measurement_stress,202,28,0.006011718557627069,0.005303058491148468,0.003932397603023032,20.964448491187483,7.264692785909606e-06,0.0023214874396597254,0.004936672346361995,0.0037247100293511842,running
sparse_quantized_ridge,random_missing_measurement_stress,202,29,0.006011706093775522,0.0053030796316075966,0.0039323492092915805,20.9637943812734,6.604695277621705e-06,0.002321357475160956,0.004936672346361995,0.0037250657790367627,running
sparse_exact_polynomial,random_missing_measurement_stress,202,0,0.005999920314578795,0.005231262122382075,0.004000377345060787,22.330867235468503,0.0021799496369459244,0.0021951497715104683,0.004936672346361995,0.003233762077200099,running
sparse_exact_polynomial,random_missing_measurement_stress,202,1,0.006002973352908303,0.005278244528238357,0.003947997412718041,21.308116641143965,0.0009057934248483241,0.002228505116513203,0.004936672346361995,0.0036301520724186694,running
sparse_exact_polynomial,random_missing_measurement_stress,202,2,0.006013393084735069,0.005298033276570032,0.003941621997845704,21.118340126690082,0.000378703138333444,0.0023388850312312005,0.004936672346361995,0.0037308933070135906,running
sparse_exact_polynomial,random_missing_measurement_stress,202,3,0.006017056939842668,0.005303413970082039,0.003941335284367508,21.071443492286367,0.0001703598568589876,0.002376523272308243,0.004936672346361995,0.0037399141190400955,running
sparse_exact_polynomial,random_missing_measurement_stress,202,4,0.006017177835663719,0.005303902694781776,0.003940936919619085,21.05000155841705,9.719584788909099e-05,0.0023777554507033384,0.004936672346361995,0.0037280474402806955,running
sparse_exact_polynomial,random_missing_measurement_stress,202,5,0.006016249134477923,0.005303260023821791,0.0039401087813513425,21.03555836349078,7.283981743124013e-05,0.002368274250118556,0.004936672346361995,0.0037164478218417968,running
sparse_exact_polynomial,random_missing_measurement_stress,202,6,0.00601525384257056,0.005302633715275915,0.003939143188538908,21.024786752838878,6.207863485651851e-05,0.0023580725340633115,0.004936672346361995,0.003709360794963944,running
sparse_exact_polynomial,random_missing_measurement_stress,202,7,0.00601445410752285,0.0053022519833462785,0.003938215371989626,21.016448541180953,5.5034416715158835e-05,0.002349844409074711,0.004936672346361995,0.003706191347922613,running
sparse_exact_polynomial,random_missing_measurement_stress,202,8,0.006013861935347828,0.005302081492815199,0.003937388066988721,21.009757377101554,4.9441297326608026e-05,0.002343733902456536,0.004936672346361995,0.0037055257743555817,running
sparse_exact_polynomial,random_missing_measurement_stress,202,9,0.0060134286238041935,0.005302045708177843,0.003936671386831603,21.00419303796458,4.467413514285289e-05,0.0023392529164651308,0.004936672346361995,0.0037062256907346366,running
sparse_exact_polynomial,random_missing_measurement_stress,202,10,0.006013105512560182,0.005302083339428147,0.00393605647784107,20.99942865896816,4.048459216130567e-05,0.002335906156023518,0.004936672346361995,0.0037075703770321233,running
sparse_exact_polynomial,random_missing_measurement_stress,202,11,0.00601285726527723,0.005302155656154062,0.003935529697382984,20.99526416496213,3.674451197443141e-05,0.002333331692032951,0.004936672346361995,0.0037091560052740875,running
sparse_exact_polynomial,random_missing_measurement_stress,202,12,0.006012660826653262,0.00530224096308445,0.003935077680552901,20.991575548105292,3.33772242065724e-05,0.0023312925735000985,0.004936672346361995,0.0037107754617131295,running
sparse_exact_polynomial,random_missing_measurement_stress,202,13,0.006012501635753111,0.005302328126208269,0.003934688778397923,20.988282198963265,3.0331551559102537e-05,0.0023296388422311062,0.004936672346361995,0.003712331560384584,running
sparse_exact_polynomial,random_missing_measurement_stress,202,14,0.006012370400024807,0.005302411913755025,0.003934353214819097,20.98532787365888,2.7569929661169007e-05,0.0023282746687943753,0.004936672346361995,0.0037137842893539,running
sparse_exact_polynomial,random_missing_measurement_stress,202,15,0.006012260955119546,0.005302490165909208,0.003934062865727697,20.982670252500558,2.5062575780153927e-05,0.002327136418572526,0.004936672346361995,0.0037151216275641335,running
sparse_exact_polynomial,random_missing_measurement_stress,202,16,0.006012168988331963,0.005302562228511458,0.003933810975370091,20.9802753994512,2.278452909185389e-05,0.002326179529859691,0.004936672346361995,0.003716344405390456,running
sparse_exact_polynomial,random_missing_measurement_stress,202,17,0.006012091315388755,0.0053026281398650685,0.003933591903140956,20.978114848407433,2.0714106181210006e-05,0.0023253710692935537,0.004936672346361995,0.0037174588430748576,running
sparse_exact_polynomial,random_missing_measurement_stress,202,18,0.0060120254776681314,0.005302688229542229,0.003933400918078248,20.976164040873318,1.8832065233978757e-05,0.0023246855839267025,0.004936672346361995,0.003718473043729448,running
sparse_exact_polynomial,random_missing_measurement_stress,202,19,0.006011969514903828,0.0053027429295776935,0.003933234035969681,20.974401442183463,1.7121127306479765e-05,0.0023241027609948225,0.004936672346361995,0.0037193954291844422,running
sparse_exact_polynomial,random_missing_measurement_stress,202,20,0.006011921831340912,0.005302792690105822,0.003933087889943179,20.97280799651966,1.5565678248573547e-05,0.0023236060505523234,0.004936672346361995,0.003720234091159772,running
sparse_exact_polynomial,random_missing_measurement_stress,202,21,0.006011881111499624,0.005302837944255783,0.0039329596265425155,20.971366754525196,1.4151563184920115e-05,0.0023231817989011957,0.004936672346361995,0.0037209965560172018,running
sparse_exact_polynomial,random_missing_measurement_stress,202,22,0.006011846262921259,0.0053028790953331,0.0039328468212846465,20.97006259383343,1.286593010350972e-05,0.0023228186594793677,0.004936672346361995,0.0037216897276228845,running
sparse_exact_polynomial,random_missing_measurement_stress,202,23,0.0060118163744066555,0.005302916513617564,0.0039327474093722925,20.968881994459334,1.1697101380234108e-05,0.0023225071628201737,0.004936672346361995,0.0037223199019753976,running
sparse_exact_polynomial,random_missing_measurement_stress,202,24,0.006011790683880017,0.005302950537049529,0.003932659628427926,20.967812850489132,1.0634462961506254e-05,0.002322239385234965,0.004936672346361995,0.003722892807502376,running
sparse_exact_polynomial,random_missing_measurement_stress,202,25,0.0060117685527789,0.005302981473318218,0.003932581970921632,20.96684430846008,9.668366129310234e-06,0.002322008684424477,0.004936672346361995,0.003723413652012477,running
sparse_exact_polynomial,random_missing_measurement_stress,202,26,0.006011749445221761,0.005303009602324321,0.003932513144511739,20.96596662692246,8.790039201201567e-06,0.0023218094841290847,0.004936672346361995,0.0037238871689944655,running
sparse_exact_polynomial,random_missing_measurement_stress,202,27,0.006011732910871462,0.005303035178620173,0.003932452038898043,20.965171053600447,7.991507636878903e-06,0.0023216370967722613,0.004936672346361995,0.0037243176607938203,running
sparse_exact_polynomial,random_missing_measurement_stress,202,28,0.006011718570757251,0.0053030584336920365,0.003932397698064308,20.964449717533537,7.2655215404697415e-06,0.0023214875765685777,0.004936672346361995,0.0037247090380811395,running
sparse_exact_polynomial,random_missing_measurement_stress,202,29,0.006011706105510007,0.0053030795780510094,0.003932349296995989,20.96379553412389,6.6054897927994195e-06,0.0023213575975234275,0.004936672346361995,0.0037250648556984367,running
sparse_qsvt_statevector_closed_loop,random_missing_measurement_stress,202,0,0.005999920314578795,0.005231262122382075,0.004000377345060787,22.330867235468503,0.0021799496880682634,0.0021951497715104683,0.004936672346361995,0.0032337620941375843,running
sparse_qsvt_statevector_closed_loop,random_missing_measurement_stress,202,1,0.006002973353083508,0.00527824452903658,0.003947997412033567,21.30811662415867,0.0009057934145916667,0.0022285051184135255,0.004936672346361995,0.003630152082346557,running
sparse_qsvt_statevector_closed_loop,random_missing_measurement_stress,202,2,0.006013393085112497,0.0052980332770932986,0.003941621997855034,21.11834012016619,0.0003787031213119845,0.002338885035138462,0.004936672346361995,0.0037308933104299273,running
sparse_qsvt_statevector_closed_loop,random_missing_measurement_stress,202,3,0.00601705694005214,0.005303413970266911,0.003941335284504411,21.071443489880686,0.00017035984634207016,0.002376523274443727,0.004936672346361995,0.0037399141193037565,running
sparse_qsvt_statevector_closed_loop,random_missing_measurement_stress,202,4,0.006017177835716981,0.005303902694796076,0.003940936919694768,21.050001557181606,9.719584392265399e-05,0.0023777554512460475,0.004936672346361995,0.003728047439591356,running
sparse_qsvt_statevector_closed_loop,random_missing_measurement_stress,202,5,0.006016249134457234,0.005303260023784515,0.003940108781361587,21.0355583626653,7.283981649257976e-05,0.0023682742499069277,0.004936672346361995,0.0037164478211689296,running
sparse_qsvt_statevector_closed_loop,random_missing_measurement_stress,202,6,0.006015253842529115,0.0053026337152396385,0.003939143188511444,21.024786752224195,6.207863472765218e-05,0.0023580725336376116,0.004936672346361995,0.0037093607945868426,running
sparse_qsvt_statevector_closed_loop,random_missing_measurement_stress,202,7,0.006014454107483159,0.005302251983325984,0.003938215371945263,21.01644854069303,5.503441674132973e-05,0.00234984440866566,0.004936672346361995,0.003706191347834695,running
sparse_qsvt_statevector_closed_loop,random_missing_measurement_stress,202,8,0.0060138619353159815,0.005302081492810472,0.003937388066938674,21.00975737668846,4.944129736404242e-05,0.0023437339021275144,0.004936672346361995,0.0037055257744709165,running
sparse_qsvt_statevector_closed_loop,random_missing_measurement_stress,202,9,0.006013428623779871,0.005302045708184043,0.003936671386781107,21.00419303759343,4.4674135162075616e-05,0.002339252916213377,0.004936672346361995,0.003706225690969503,running
sparse_qsvt_statevector_closed_loop,random_missing_measurement_stress,202,10,0.006013105512541443,0.005302083339440777,0.00393605647779234,20.999428658619987,4.048459215635327e-05,0.0023359061558292896,0.004936672346361995,0.0037075703773267856,running
sparse_qsvt_statevector_closed_loop,random_missing_measurement_stress,202,11,0.00601285726526227,0.00530215565616991,0.003935529697336864,20.99526416462743,3.674451194544337e-05,0.002333331691877736,0.004936672346361995,0.003709156005591769,running
sparse_qsvt_statevector_closed_loop,random_missing_measurement_stress,202,12,0.006012660826640824,0.005302240963101544,0.003935077680509646,20.991575547780077,3.337722415585941e-05,0.002331292573370919,0.004936672346361995,0.0037107754620333733,running
sparse_qsvt_statevector_closed_loop,random_missing_measurement_stress,202,13,0.006012501635742417,0.005302328126225509,0.003934688778357551,20.988282198646363,3.033155148959803e-05,0.002329638842119977,0.004936672346361995,0.0037123315606968975,running
sparse_qsvt_statevector_closed_loop,random_missing_measurement_stress,202,14,0.006012370400015412,0.005302411913771844,0.003934353214781531,20.98532787335049,2.756992957611294e-05,0.0023282746686966844,0.004936672346361995,0.0037137842896533646,running
sparse_qsvt_statevector_closed_loop,random_missing_measurement_stress,202,15,0.006012260955111191,0.005302490165925342,0.0039340628656928155,20.982670252201356,2.5062575682560766e-05,0.0023271364184856095,0.004936672346361995,0.0037151216278487726,running
sparse_qsvt_statevector_closed_loop,random_missing_measurement_stress,202,16,0.0060121689883244935,0.005302562228526798,0.003933810975337758,20.980275399161982,2.278452898460199e-05,0.0023261795297819586,0.004936672346361995,0.003716344405659782,running
sparse_qsvt_statevector_closed_loop,random_missing_measurement_stress,202,17,0.006012091315382069,0.005302628139879589,0.0039335919031110245,20.978114848128833,2.071410606685246e-05,0.0023253710692239574,0.004936672346361995,0.0037174588433290033,running
sparse_qsvt_statevector_closed_loop,random_missing_measurement_stress,202,18,0.00601202547766215,0.005302688229555933,0.003933400918050575,20.976164040605774,1.8832065114493125e-05,0.0023246855838644155,0.004936672346361995,0.0037184730439687817,running
sparse_qsvt_statevector_closed_loop,random_missing_measurement_stress,202,19,0.006011969514898483,0.005302742929590604,0.00393323403594412,20.97440144192733,1.712112718392636e-05,0.0023241027609391444,0.004936672346361995,0.0037193954294095608,running
sparse_qsvt_statevector_closed_loop,random_missing_measurement_stress,202,20,0.006011921831336138,0.005302792690117967,0.0039330878899195764,20.972807996275115,1.5565678124423647e-05,0.0023236060505025754,0.004936672346361995,0.00372023409137127,running
sparse_qsvt_statevector_closed_loop,random_missing_measurement_stress,202,21,0.006011881111495364,0.005302837944267197,0.003932959626520735,20.971366754292205,1.4151563060429366e-05,0.0023231817988568124,0.004936672346361995,0.00372099655621571,running
sparse_qsvt_statevector_closed_loop,random_missing_measurement_stress,202,22,0.006011846262917459,0.005302879095343814,0.00393284682126455,20.97006259361194,1.2865929979740815e-05,0.002322818659439771,0.004936672346361995,0.003721689727809077,running
sparse_qsvt_statevector_closed_loop,random_missing_measurement_stress,202,23,0.006011816374403271,0.0053029165136276165,0.003932747409353755,20.968881994249177,1.1697101258163399e-05,0.002322507162784906,0.004936672346361995,0.003722319902149824,running
sparse_qsvt_statevector_closed_loop,random_missing_measurement_stress,202,24,0.006011790683877,0.0053029505370589475,0.003932659628410824,20.96781285029006,1.0634462841834466e-05,0.0023222393852035056,0.004936672346361995,0.00372289280766565,running
sparse_qsvt_statevector_closed_loop,random_missing_measurement_stress,202,25,0.0060117685527762066,0.0053029814733270364,0.003932581970905856,20.966844308271817,9.668366012650888e-06,0.002322008684396408,0.004936672346361995,0.0037234136521652017,running
sparse_qsvt_statevector_closed_loop,random_missing_measurement_stress,202,26,0.006011749445219355,0.005303009602332569,0.00393251314449718,20.96596662674466,8.790039087869401e-06,0.002321809484104005,0.004936672346361995,0.003723887169137188,running
sparse_qsvt_statevector_closed_loop,random_missing_measurement_stress,202,27,0.006011732910869311,0.005303035178627882,0.003932452038884607,20.965171053432833,7.991507527302478e-06,0.0023216370967498365,0.004936672346361995,0.0037243176609271108,running
sparse_qsvt_statevector_closed_loop,random_missing_measurement_stress,202,28,0.0060117185707553285,0.005303058433699239,0.003932397698051909,20.964449717375647,7.2655214349275474e-06,0.002321487576548528,0.004936672346361995,0.003724709038205532,running
sparse_qsvt_statevector_closed_loop,random_missing_measurement_stress,202,29,0.006011706105508283,0.005303079578057731,0.003932349296984539,20.963795533975336,6.605489691454321e-06,0.0023213575975054423,0.004936672346361995,0.003725064855814453,running
full_system_exact_ridge,random_missing_measurement_stress,303,0,0.007363449092045407,0.00477085595926476,0.006421955287960037,43.9173005551115,0.030388946635773247,0.008452278793543266,0.005054102657486001,,running
full_system_exact_ridge,random_missing_measurement_stress,303,1,0.0009357378981361896,0.0008579754388144481,0.0005690180299574069,0.8846198833440885,0.0017564629762958888,0.0004884066853757471,0.0007560872101029374,,running
full_system_exact_ridge,random_missing_measurement_stress,303,2,0.001014868887799446,0.0009907684977647523,0.0005228669227981667,0.725849099116165,6.284660865101494e-07,0.0003687411939521905,0.0008352210330476729,,running
full_system_exact_ridge,random_missing_measurement_stress,303,3,0.0010148222623798805,0.0009907583026699568,0.0005227807442812404,0.7258490803714147,3.107850297148198e-10,0.00036859110235346314,0.000835192882574303,,converged
block_full_support_ridge,random_missing_measurement_stress,303,0,0.007363449092045407,0.00477085595926476,0.006421955287960037,43.9173005551115,0.009130516850815222,0.008452278793543266,0.005054102657486001,0.004036840426483017,running
block_full_support_ridge,random_missing_measurement_stress,303,1,0.0065115741755004805,0.0046964588404843945,0.005319558192722835,29.44848042329974,0.00335433570662532,0.004883500025086383,0.005054102657486001,0.004075393267379585,running
block_full_support_ridge,random_missing_measurement_stress,303,2,0.006321358453340254,0.004649523111266248,0.0050888895182850434,26.84958825056782,0.0017338846717468914,0.0037442977997744673,0.005054102657486001,0.004030386195633429,running
block_full_support_ridge,random_missing_measurement_stress,303,3,0.006239680873506297,0.004629650766582375,0.00498876074605436,26.033255804377237,0.0012234627915149949,0.003144638267773241,0.005054102657486001,0.003943074160314239,running
block_full_support_ridge,random_missing_measurement_stress,303,4,0.006189853798806765,0.004620822662249487,0.004924537709327486,25.551902589144543,0.0009991576777426464,0.002719379323960476,0.005054102657486001,0.0038366252860738415,running
block_full_support_ridge,random_missing_measurement_stress,303,5,0.006155977426394563,0.004615086489110775,0.0048804835184194555,25.186916826036946,0.0008662803657114191,0.002389771939442114,0.005054102657486001,0.0037240123159389166,running
block_full_support_ridge,random_missing_measurement_stress,303,6,0.006132651320544133,0.004609846864013722,0.004851209735370501,24.886963476597984,0.0007709725987427485,0.0021346728971864738,0.005054102657486001,0.003612371465540967,running
block_full_support_ridge,random_missing_measurement_stress,303,7,0.006117183500085662,0.004604580110836499,0.004833354736149239,24.633209023875974,0.0006941435380161387,0.001947791799286405,0.005054102657486001,0.0035054773331930117,running
block_full_support_ridge,random_missing_measurement_stress,303,8,0.006107820312439903,0.004599355978349515,0.004824342657376203,24.41606769362689,0.0006281394968586779,0.001825650226500539,0.005054102657486001,0.003405170900635327,running
block_full_support_ridge,random_missing_measurement_stress,303,9,0.006103233404771089,0.004594333452935824,0.0048221076950419745,24.229335063732506,0.0005696539108376431,0.0017628017932220718,0.005054102657486001,0.0033121902690616484,running
block_full_support_ridge,random_missing_measurement_stress,303,10,0.006102351953894233,0.004589628744345816,0.004824983643743885,24.068337503205306,0.0005170991623746692,0.0017504715043532946,0.005054102657486001,0.003226655338394456,running
block_full_support_ridge,random_missing_measurement_stress,303,11,0.006104298428333714,0.00458530112093242,0.004831632316287284,23.92927767418478,0.00046958329667779575,0.0017775882605959319,0.005054102657486001,0.0031483503102232133,running
block_full_support_ridge,random_missing_measurement_stress,303,12,0.006108355213891222,0.004581367428194125,0.004840986586586711,23.808971987890132,0.0004265092666587258,0.0018328419894624555,0.005054102657486001,0.0030768876157852123,running
block_full_support_ridge,random_missing_measurement_stress,303,13,0.006113940446684544,0.00457781843307283,0.0048522024485222704,23.70472126696299,0.0003874172525885589,0.0019063516750086296,0.005054102657486001,0.003011802222138126,running
block_full_support_ridge,random_missing_measurement_stress,303,14,0.006120587230795678,0.004574630891784369,0.0048646183700497714,23.614229241513073,0.000351921558431509,0.001990380195507853,0.005054102657486001,0.0029526050917191003,running
block_full_support_ridge,random_missing_measurement_stress,303,15,0.006127925040947552,0.004571775256700834,0.004877721045865617,23.53554090943673,0.0003196842857728643,0.0020793039053808643,0.005054102657486001,0.002898812737350251,running
block_full_support_ridge,random_missing_measurement_stress,303,16,0.006135663231417291,0.004569220209387308,0.004891116800329932,23.466991626845374,0.00029040339089832646,0.002169242291767327,0.005054102657486001,0.002849962850851278,running
block_full_support_ridge,random_missing_measurement_stress,303,17,0.0061435766943397545,0.0045669351466380795,0.004904507915844268,23.407163771491398,0.000263806460214296,0.0022576255404473788,0.005054102657486001,0.002805621878388227,running
block_full_support_ridge,random_missing_measurement_stress,303,18,0.006151493613759179,0.004564891427099253,0.0049176731875950975,23.354849623225718,0.0002396468449633748,0.0023428208579710707,0.005054102657486001,0.0027653879944337535,running
block_full_support_ridge,random_missing_measurement_stress,303,19,0.006159285163574706,0.0045630628996924365,0.004930452053768837,23.309019619013558,0.00021770084445192476,0.0024238465938961843,0.005054102657486001,0.0027288914981272415,running
block_full_support_ridge,random_missing_measurement_stress,303,20,0.006166856940906288,0.004561426032872345,0.004942731715438335,23.26879529214359,0.00019776541840683782,0.002500165883476007,0.005054102657486001,0.0026957938139099916,running
block_full_support_ridge,random_missing_measurement_stress,303,21,0.006174141906910575,0.004559959833644286,0.004954436733011525,23.233426273771062,0.0001796562157953325,0.002571541862981838,0.005054102657486001,0.002665785782408956,running
block_full_support_ridge,random_missing_measurement_stress,303,22,0.006181094611766636,0.004558645665331654,0.004965520659021862,23.202270792555964,0.00016320582711876723,0.0026379374174566044,0.005054102657486001,0.002638585635859671,running
block_full_support_ridge,random_missing_measurement_stress,303,23,0.006187686498424698,0.004557467025291331,0.004975959335447723,23.1747791679988,0.00014826221456683565,0.0026994461363898364,0.005054102657486001,0.002613936881161976,running
block_full_support_ridge,random_missing_measurement_stress,303,24,0.006193902103352347,0.00455640931574136,0.004985745545223463,23.150479853692993,0.00013468729372494569,0.0027562448458966185,0.005054102657486001,0.0025916062135124224,running
block_full_support_ridge,random_missing_measurement_stress,303,25,0.006199735997472211,0.004555459624694843,0.004994884761230802,23.12896764490591,0.00012235564887422095,0.0028085609983237326,0.005054102657486001,0.0025713815252648518,running
block_full_support_ridge,random_missing_measurement_stress,303,26,0.006205190334337295,0.004554606524838451,0.005003391781863209,23.109893718495186,0.00011115336791878929,0.00285665030251248,0.005054102657486001,0.0025530700410099946,running
block_full_support_ridge,random_missing_measurement_stress,303,27,0.006210272894171309,0.004553839893137768,0.005011288080789203,23.092957221171734,0.00010097698520411109,0.002900781436794475,0.005054102657486001,0.0025364965906718383,running
block_full_support_ridge,random_missing_measurement_stress,303,28,0.006214995531284519,0.004553150751264215,0.005018599730596378,23.07789816432173,9.173252195947341e-05,0.00294122568185521,0.005054102657486001,0.0025215020216999774,running
block_full_support_ridge,random_missing_measurement_stress,303,29,0.006219372948544218,0.004552531125601025,0.00502535578644888,23.0644914202589,8.333461520894546e-05,0.0029782499855003316,0.005054102657486001,0.002507941745662467,running
sparse_exact_ridge,random_missing_measurement_stress,303,0,0.007363449092045407,0.00477085595926476,0.006421955287960037,43.9173005551115,0.009231161689603796,0.008452278793543266,0.005054102657486001,0.003840421487284057,running
sparse_exact_ridge,random_missing_measurement_stress,303,1,0.006465874638960906,0.004626663594221902,0.005312217189573779,29.251704818090456,0.003525471006290505,0.004632558534081355,0.005054102657486001,0.003840421487284057,running
sparse_exact_ridge,random_missing_measurement_stress,303,2,0.006278871371689942,0.004614185195003174,0.005058151269063249,26.367670502356155,0.0016532245956328827,0.003444443001561654,0.005054102657486001,0.003840421487284057,running
sparse_exact_ridge,random_missing_measurement_stress,303,3,0.006211681468516498,0.004617078529935987,0.004959294977322589,25.63969209314034,0.0010893228015797685,0.0029128998830522204,0.005054102657486001,0.003840421487284057,running
sparse_exact_ridge,random_missing_measurement_stress,303,4,0.006173683362208341,0.00461997599401514,0.004901870892521582,25.28416841394107,0.0008977646226232717,0.0025671052471866376,0.005054102657486001,0.003840421487284057,running
sparse_exact_ridge,random_missing_measurement_stress,303,5,0.006149036593099382,0.004621622442284974,0.004864648598448181,25.02544231238601,0.0007951508766914818,0.0023167040883240323,0.005054102657486001,0.003840421487284057,running
sparse_exact_ridge,random_missing_measurement_stress,303,6,0.006133361946848905,0.0046224110924546246,0.0048411313686821155,24.81405508373225,0.0007177363464516176,0.0021428778860324506,0.005054102657486001,0.003840421487284057,running
sparse_exact_ridge,random_missing_measurement_stress,303,7,0.006124458995664105,0.004622718209942687,0.004827874170932478,24.636275394837494,0.0006515236695684243,0.0020377707863373333,0.005054102657486001,0.003840421487284057,running
sparse_exact_ridge,random_missing_measurement_stress,303,8,0.006120778511147582,0.004622770991744883,0.0048224545410032425,24.48542348949661,0.0005926507412953964,0.0019927472295031773,0.005054102657486001,0.003840421487284057,running
sparse_exact_ridge,random_missing_measurement_stress,303,9,0.006121106584881178,0.004622695132609628,0.004823001084682056,24.356919169210865,0.0005395979695150965,0.0019968006768417987,0.005054102657486001,0.003840421487284057,running
sparse_exact_ridge,random_missing_measurement_stress,303,10,0.006124467285665727,0.004622558570181401,0.0048280282021345,24.24718561544302,0.0004915268493429172,0.0020378711057725592,0.005054102657486001,0.003840421487284057,running
sparse_exact_ridge,random_missing_measurement_stress,303,11,0.006130073841148874,0.004622397620101687,0.004836349783197361,24.15330108660349,0.0004478561196817736,0.0021046526761489947,0.005054102657486001,0.003840421487284057,running
sparse_exact_ridge,random_missing_measurement_stress,303,12,0.006137294579200106,0.004622231395053431,0.00484702080281755,24.072836951097806,0.0004081286603686547,0.002187745113028,0.005054102657486001,0.003840421487284057,running
sparse_exact_ridge,random_missing_measurement_stress,303,13,0.006145625709219569,0.004622069648761849,0.004859292474210054,24.003758460009294,0.00037196055073470964,0.0022799700835488905,0.005054102657486001,0.003840421487284057,running
sparse_exact_ridge,random_missing_measurement_stress,303,14,0.006154668652597181,0.004621917052224511,0.004872575969808912,23.944353872212012,0.00033901792830578516,0.002376159809747419,0.005054102657486001,0.003840421487284057,running
sparse_exact_ridge,random_missing_measurement_stress,303,15,0.006164111007026115,0.004621775535799932,0.004886412527371692,23.89317974641333,0.00030900484572206414,0.0024727498511248297,0.005054102657486001,0.003840421487284057,running
sparse_exact_ridge,random_missing_measurement_stress,303,16,0.00617371059795227,0.004621645575848846,0.004900448714116137,23.849017007825818,0.000281656073354996,0.0025673689695929155,0.005054102657486001,0.003840421487284057,running
sparse_exact_ridge,random_missing_measurement_stress,303,17,0.006183282184688894,0.0046215269015483515,0.004914415991132475,23.810834915258283,0.0002567323685548202,0.002658500081426288,0.005054102657486001,0.003840421487284057,running
sparse_exact_ridge,random_missing_measurement_stress,303,18,0.006192686440360217,0.0046214188816221915,0.004928113893026025,23.77776115906182,0.0002340170854353709,0.0027452240056107793,0.005054102657486001,0.003840421487284057,running
sparse_exact_ridge,random_missing_measurement_stress,303,19,0.006201820863863834,0.004621320733918172,0.0049413962428156545,23.74905687997232,0.00021331357031460747,0.002827034239643237,0.005054102657486001,0.003840421487284057,running
sparse_exact_ridge,random_missing_measurement_stress,303,20,0.006210612319940388,0.004621231636920799,0.0049541599028473235,23.72409571867346,0.00019444305136279388,0.002903706006268986,0.005054102657486001,0.003840421487284057,running
sparse_exact_ridge,random_missing_measurement_stress,303,21,0.006219010941274901,0.004621150787117742,0.0049663356325906,23.702346207674825,0.00017724286120499987,0.0029752046113171297,0.005054102657486001,0.003840421487284057,running
sparse_exact_ridge,random_missing_measurement_stress,303,22,0.006226985163079401,0.004621077426653542,0.004977880687295755,23.683356955068177,0.00016156489904076653,0.0030416215672160974,0.005054102657486001,0.003840421487284057,running
sparse_exact_ridge,random_missing_measurement_stress,303,23,0.006234517694544514,0.004621010854865771,0.00498877284813846,23.66674417030839,0.00014727427561038136,0.0031031301185013883,0.005054102657486001,0.003840421487284057,running
sparse_exact_ridge,random_missing_measurement_stress,303,24,0.006241602262107122,0.004620950431255086,0.00499900562457263,23.652181159199802,0.00013424810489786335,0.0031599542861913345,0.005054102657486001,0.003840421487284057,running
sparse_exact_ridge,random_missing_measurement_stress,303,25,0.006248240986344327,0.004620895574065985,0.00500858441317301,23.639389476455776,0.00012237441829096119,0.0032123473447171857,0.005054102657486001,0.003840421487284057,running
sparse_exact_ridge,random_missing_measurement_stress,303,26,0.006254442277495927,0.004620845756770552,0.005017523434567812,23.628131474049116,0.00011155118391218084,0.0032605769032103575,0.005054102657486001,0.003840421487284057,running
sparse_exact_ridge,random_missing_measurement_stress,303,27,0.006260219154370344,0.004620800503696347,0.005025843301638019,23.618204024873982,0.00010168541810844743,0.003304914630735545,0.005054102657486001,0.003840421487284057,running
sparse_exact_ridge,random_missing_measurement_stress,303,28,0.0062655879080428314,0.004620759385455086,0.0050335690986147595,23.609433235818702,9.269237879953957e-05,0.0033456292606763704,0.005054102657486001,0.003840421487284057,running
sparse_exact_ridge,random_missing_measurement_stress,303,29,0.006270567045688324,0.004620722014505524,0.0050407288726975535,23.601669993476232,8.44948321892035e-05,0.0033829819186133752,0.005054102657486001,0.003840421487284057,running
sparse_quantized_ridge,random_missing_measurement_stress,303,0,0.007363449092045407,0.00477085595926476,0.006421955287960037,43.9173005551115,0.009237358861597988,0.008452278793543266,0.005054102657486001,0.003840421487284057,running
sparse_quantized_ridge,random_missing_measurement_stress,303,1,0.006465676709079916,0.00462626467811165,0.005312262642677921,29.249275141706153,0.003533144669406171,0.0046314460554178665,0.005054102657486001,0.003840421487284057,running
sparse_quantized_ridge,random_missing_measurement_stress,303,2,0.006277962653770185,0.004614191743258789,0.005056847933360738,26.35917410778628,0.0016540797626952645,0.0034377671022326737,0.005054102657486001,0.003840421487284057,running
sparse_quantized_ridge,random_missing_measurement_stress,303,3,0.006210717801482522,0.00461711379251764,0.004957875799142204,25.632120141573253,0.0010928132760532976,0.002904614291969463,0.005054102657486001,0.003840421487284057,running
sparse_quantized_ridge,random_missing_measurement_stress,303,4,0.006172768153868752,0.004620001649941691,0.00490052229283997,25.27591586490682,0.000901672394653214,0.002558228201430157,0.005054102657486001,0.003840421487284057,running
sparse_quantized_ridge,random_missing_measurement_stress,303,5,0.006148264795001948,0.004621640075474137,0.004863510652267093,25.01652876406507,0.0007983152194457839,0.0023084414912785947,0.005054102657486001,0.003840421487284057,running
sparse_quantized_ridge,random_missing_measurement_stress,303,6,0.006132798314993965,0.00462242409454351,0.004840298306639508,24.804839848592618,0.0007200117376004706,0.0021363726222181326,0.005054102657486001,0.003840421487284057,running
sparse_quantized_ridge,random_missing_measurement_stress,303,7,0.006124136459873159,0.004622728232604855,0.004827394541800715,24.627067966381123,0.0006530084196867466,0.0020338639622849955,0.005054102657486001,0.003840421487284057,running
sparse_quantized_ridge,random_missing_measurement_stress,303,8,0.0061207060050498495,0.004622778692130785,0.00482234181588836,24.47644270642068,0.0005934750067069456,0.001991850311757472,0.005054102657486001,0.003840421487284057,running
sparse_quantized_ridge,random_missing_measurement_stress,303,9,0.006121276728601488,0.004622700822004395,0.004823244439746022,24.348309779957724,0.0005398816104544424,0.001998899701028789,0.005054102657486001,0.003840421487284057,running
sparse_quantized_ridge,random_missing_measurement_stress,303,10,0.006124862338014794,0.0046225624834327576,0.004828601226578448,24.23903730985818,0.0004913731747253155,0.0020426461808868385,0.005054102657486001,0.003840421487284057,running
sparse_quantized_ridge,random_missing_measurement_stress,303,11,0.006130670053876096,0.004622399990470409,0.004837217024065002,24.145663472352595,0.00044735259726779266,0.0021116336566748767,0.005054102657486001,0.003840421487284057,running
sparse_quantized_ridge,random_missing_measurement_stress,303,12,0.006138065293447626,0.004622232459609053,0.00484814248059855,24.065730869736594,0.00040734883305652874,0.002196434072755408,0.005054102657486001,0.003840421487284057,running
sparse_quantized_ridge,random_missing_measurement_stress,303,13,0.006146543497736419,0.004622069637337193,0.004860627753599872,23.997184509323397,0.000370965999654306,0.0022899102756810835,0.005054102657486001,0.003840421487284057,running
sparse_quantized_ridge,random_missing_measurement_stress,303,14,0.006155706750809964,0.004621916177214591,0.004874085132642477,23.938298799922723,0.0003378600457975873,0.0023869628609208106,0.005054102657486001,0.003840421487284057,running
sparse_quantized_ridge,random_missing_measurement_stress,303,15,0.0061652442224751644,0.004621773986407224,0.004888058335439294,23.887621209602308,0.0003077263802495155,0.0024840993218086267,0.005054102657486001,0.003840421487284057,running
sparse_quantized_ridge,random_missing_measurement_stress,303,16,0.006174915843555245,0.004621643516186121,0.004902197189328137,23.84392707732212,0.00028029245666529235,0.0025790134633517816,0.005054102657486001,0.003840421487284057,running
sparse_quantized_ridge,random_missing_measurement_stress,303,17,0.006184538745955605,0.004621524471232198,0.004916236787205351,23.806182620699893,0.0002553128479814735,0.0026702431210195573,0.005054102657486001,0.003840421487284057,running
sparse_quantized_ridge,random_missing_measurement_stress,303,18,0.006193976058837956,0.0046214161977079175,0.004929980388893815,23.77351430565474,0.00023256568654299797,0.002756913952438787,0.005054102657486001,0.003840421487284057,running
sparse_quantized_ridge,random_missing_measurement_stress,303,19,0.006203127697502065,0.004621317893408858,0.004943285453202734,23.745183316665248,0.00021184991386637774,0.0028385554634228084,0.005054102657486001,0.003840421487284057,running
sparse_quantized_ridge,random_missing_measurement_stress,303,20,0.006211922824555007,0.004621228719396963,0.004956052274718475,23.720564196705773,0.00019298304612537506,0.002914971570691508,0.005054102657486001,0.003840421487284057,running
sparse_quantized_ridge,random_missing_measurement_stress,303,21,0.006220313704821322,0.004621147857245603,0.004968214776080809,23.699126936262985,0.00017579929133243306,0.0029861503701763934,0.005054102657486001,0.003840421487284057,running
sparse_quantized_ridge,random_missing_measurement_stress,303,22,0.006228270715123666,0.004621074536459324,0.004979733074825208,23.680421935750264,0.0001601479221090884,0.003052201452043144,0.005054102657486001,0.003840421487284057,running
sparse_quantized_ridge,random_missing_measurement_stress,303,23,0.006235778306425397,0.004621008045737356,0.00499058750453536,23.664067371798126,0.00014589184496013313,0.0031133123905489426,0.005054102657486001,0.003840421487284057,running
sparse_quantized_ridge,random_missing_measurement_stress,303,24,0.006242831748228901,0.004620947735671797,0.005000773823174877,23.649738579369227,0.00013290632784696484,0.0031697185540630695,0.005054102657486001,0.003840421487284057,running
sparse_quantized_ridge,random_missing_measurement_stress,303,25,0.006249434513375489,0.004620893017076394,0.005010299387287134,23.637159126329227,0.00012107785998250066,0.0032216821854655843,0.005054102657486001,0.003840421487284057,running
sparse_quantized_ridge,random_missing_measurement_stress,303,26,0.00625559618562167,0.004620843357246,0.005019180109733607,23.62609330969349,0.00011030312504347281,0.0032694779586553402,0.005054102657486001,0.003840421487284057,running
sparse_quantized_ridge,random_missing_measurement_stress,303,27,0.006261330792889085,0.00462079827538945,0.005027438051431292,23.616339846204593,0.00010048807350449664,0.0033133830789804086,0.005054102657486001,0.003840421487284057,running
sparse_quantized_ridge,random_missing_measurement_stress,303,28,0.006266655486305162,0.004620757337891151,0.005035099524880823,23.607726566131618,9.154708271777275e-05,0.003353670585149312,0.005054102657486001,0.003840421487284057,running
sparse_quantized_ridge,random_missing_measurement_stress,303,29,0.006271589499499611,0.004620720153732009,0.005042193609897784,23.600105949583853,8.340219533701804e-05,0.0033906049142712435,0.005054102657486001,0.003840421487284057,running
sparse_exact_polynomial,random_missing_measurement_stress,303,0,0.007363449092045407,0.00477085595926476,0.006421955287960037,43.9173005551115,0.009237729727723578,0.008452278793543266,0.005054102657486001,0.003840421487284056,running
sparse_exact_polynomial,random_missing_measurement_stress,303,1,0.006465661944707622,0.00462626455636495,0.005312242067811389,29.24885691461356,0.0035329900887042247,0.0046313630618914385,0.005054102657486001,0.0038404214872840565,running
sparse_exact_polynomial,random_missing_measurement_stress,303,2,0.00627796511395726,0.004614191727965698,0.005056851460039718,26.359105207410977,0.0016539509435823591,0.0034377851922011995,0.005054102657486001,0.003840421487284057,running
sparse_exact_polynomial,random_missing_measurement_stress,303,3,0.00621072497536588,0.0046171135922068755,0.0049578863109353295,25.632160614686967,0.0010927495168338874,0.0029046760554455927,0.005054102657486001,0.003840421487284057,running
sparse_exact_polynomial,random_missing_measurement_stress,303,4,0.006172775672204018,0.004620001485793793,0.004900533331343048,25.27598241985727,0.0009016361999452444,0.002558301245488666,0.005054102657486001,0.003840421487284057,running
sparse_exact_polynomial,random_missing_measurement_stress,303,5,0.006148271249693935,0.004621640058434503,0.004863520054553892,25.01660231193015,0.000798290062601181,0.00230851071124613,0.005054102657486001,0.003840421487284057,running
sparse_exact_polynomial,random_missing_measurement_stress,303,6,0.0061328031088000905,0.004622424223094828,0.004840305180231727,24.80491514789885,0.0007199933621692543,0.002136428031834368,0.005054102657486001,0.003840421487284057,running
sparse_exact_polynomial,random_missing_measurement_stress,303,7,0.006124139312579295,0.004622728466065631,0.004827398497619261,24.627142717645583,0.0006529954867798922,0.002033898548645371,0.005054102657486001,0.003840421487284057,running
sparse_exact_polynomial,random_missing_measurement_stress,303,8,0.006120706822146383,0.004622778988532896,0.004822342745148966,24.476515506206212,0.0005934667307149992,0.0019918604216275907,0.005054102657486001,0.003840421487284057,running
sparse_exact_polynomial,random_missing_measurement_stress,303,9,0.0061212755411926304,0.0046227011495279255,0.0048232424146039616,24.348379693295975,0.0005398773272897146,0.0019988850596727157,0.005054102657486001,0.003840421487284057,running
sparse_exact_polynomial,random_missing_measurement_stress,303,10,0.006124859261747566,0.004622562820927827,0.004828596437459418,24.239103729643467,0.0004913722817183952,0.002042609039377925,0.005054102657486001,0.003840421487284057,running
sparse_exact_polynomial,random_missing_measurement_stress,303,11,0.00613066525786734,0.004622400324939473,0.004837209734449857,24.145726038333212,0.0004473545501395957,0.0021115775901819943,0.005054102657486001,0.003840421487284057,running
sparse_exact_polynomial,random_missing_measurement_stress,303,12,0.006138058976898998,0.004622232783556201,0.004848132993621391,24.065789407960395,0.0004073531467647385,0.0021963629958618018,0.005054102657486001,0.003840421487284057,running
sparse_exact_polynomial,random_missing_measurement_stress,303,13,0.00614653587280658,0.004622069946748977,0.004860616387745037,23.99723898409672,0.00037097224667179655,0.002289827864839267,0.005054102657486001,0.003840421487284057,running
sparse_exact_polynomial,random_missing_measurement_stress,303,14,0.006155698030471791,0.004621916470197642,0.004874072204597279,23.938349275590266,0.0003378678524145448,0.002386872308101216,0.005054102657486001,0.003840421487284057,running
sparse_exact_polynomial,random_missing_measurement_stress,303,15,0.006165234612236372,0.004621774262322615,0.004888044148501413,23.887667820448673,0.0003077354219374196,0.002484003281836761,0.005054102657486001,0.003840421487284057,running
sparse_exact_polynomial,random_missing_measurement_stress,303,16,0.006174905536103071,0.00462164377511756,0.004902182026032109,23.843970004189735,0.00028030245317306213,0.0025789140910782156,0.005054102657486001,0.003840421487284057,running
sparse_exact_polynomial,random_missing_measurement_stress,303,17,0.006184527917968661,0.0046215247136659615,0.004916220905078322,23.806222073103584,0.00025532355853284986,0.002670142139820159,0.005054102657486001,0.003840421487284057,running
sparse_exact_polynomial,random_missing_measurement_stress,303,18,0.006193964869371761,0.00462141642434291,0.004929964018474803,23.773550508335667,0.00023257690531811216,0.002756812726521704,0.005054102657486001,0.003840421487284057,running
sparse_exact_polynomial,random_missing_measurement_stress,303,19,0.006203116287491799,0.004621318105045175,0.0049432687976541465,23.745216499683725,0.00021186146584830642,0.0028384550630990656,0.005054102657486001,0.003840421487284057,running
sparse_exact_polynomial,random_missing_measurement_stress,303,20,0.006211911317089498,0.004621228916871269,0.004956035510519953,23.720594588319393,0.0001929947833362411,0.0029148728275766194,0.005054102657486001,0.003840421487284057,running
sparse_exact_polynomial,random_missing_measurement_stress,303,21,0.006220302205929642,0.004621148041394256,0.0049681980544253185,23.699154757968497,0.0001758110894544756,0.002986053922522188,0.005054102657486001,0.003840421487284057,running
sparse_exact_polynomial,random_missing_measurement_stress,303,22,0.006228259314883377,0.004621074708097831,0.004979716523439015,23.680447398983898,0.0001601596774690912,0.0030521077815043748,0.005054102657486001,0.003840421487284057,running
sparse_exact_polynomial,random_missing_measurement_stress,303,23,0.006235767080253359,0.004621008205649415,0.004990571229721567,23.664090675889714,0.0001459034718507753,0.003113221851892849,0.005054102657486001,0.003840421487284057,running
sparse_exact_polynomial,random_missing_measurement_stress,303,24,0.00624282075825504,0.0046209478846039286,0.005000757911939468,23.64975991042881,0.00013291775615403351,0.003169631399197786,0.005054102657486001,0.003840421487284057,running
sparse_exact_polynomial,random_missing_measurement_stress,303,25,0.006249423809829577,0.004620893155735816,0.0050102839094505755,23.637178656814257,0.00012108903308948911,0.0032215985829347126,0.005054102657486001,0.003840421487284057,running
sparse_exact_polynomial,random_missing_measurement_stress,303,26,0.006255585808185503,0.004620843486300348,0.005019165119963915,23.626111198461235,0.00011031399798327976,0.003269398009519784,0.005054102657486001,0.003840421487284057,running
sparse_exact_polynomial,random_missing_measurement_stress,303,27,0.006261320771982617,0.0046207983954675595,0.005027423591157889,23.616356238900266,0.00010049861133324097,0.00331330682981113,0.005054102657486001,0.003840421487284057,running
sparse_exact_polynomial,random_missing_measurement_stress,303,28,0.006266645844287532,0.0046207574495843815,0.005035085624066134,23.60774159579835,9.155725908514065e-05,0.0033535980386998608,0.005054102657486001,0.003840421487284057,running
sparse_exact_polynomial,random_missing_measurement_stress,303,29,0.006271580251774426,0.00462072025759587,0.0050421802886552475,23.600119737409283,8.341199123286167e-05,0.003390536038273512,0.005054102657486001,0.003840421487284057,running
sparse_qsvt_statevector_closed_loop,random_missing_measurement_stress,303,0,0.007363449092045407,0.00477085595926476,0.006421955287960037,43.9173005551115,0.00923772993195348,0.008452278793543266,0.005054102657486001,0.0038404214872839394,running
sparse_qsvt_statevector_closed_loop,random_missing_measurement_stress,303,1,0.006465661933734989,0.004626264556501757,0.005312242052336684,29.24885667681764,0.0035329900182740482,0.004631363000211559,0.005054102657486001,0.0038404214872839147,running
sparse_qsvt_statevector_closed_loop,random_missing_measurement_stress,303,2,0.006277965110498898,0.0046141917279431295,0.0050568514551194935,26.3591051437349,0.0016539508964514783,0.003437785166771624,0.005054102657486001,0.003840421487283935,running
sparse_qsvt_statevector_closed_loop,random_missing_measurement_stress,303,3,0.006210724973820262,0.004617113591909484,0.004957886308965049,25.632160599913718,0.001092749507827547,0.0029046760421387583,0.005054102657486001,0.003840421487283961,running
sparse_qsvt_statevector_closed_loop,random_missing_measurement_stress,303,4,0.006172775671058441,0.004620001485417803,0.004900533330012142,25.275982412719056,0.0009016362026712468,0.0025583012343590125,0.005054102657486001,0.0038404214872839832,running
sparse_qsvt_statevector_closed_loop,random_missing_measurement_stress,303,5,0.006148271248754502,0.004621640058092983,0.004863520053488999,25.01660230489394,0.0007982900666633054,0.0023085107011718,0.005054102657486001,0.00384042148728401,running
sparse_qsvt_statevector_closed_loop,random_missing_measurement_stress,303,6,0.0061328031080908575,0.004622424222818088,0.004840305179443334,24.8049151401857,0.0007199933654871047,0.0021364280236367363,0.005054102657486001,0.0038404214872840357,running
sparse_qsvt_statevector_closed_loop,random_missing_measurement_stress,303,7,0.006124139312130317,0.004622728465848772,0.0048273984971568245,24.62714270950784,0.0006529954891699302,0.002033898543201972,0.005054102657486001,0.003840421487284049,running
sparse_qsvt_statevector_closed_loop,random_missing_measurement_stress,303,8,0.006120706821968002,0.00462277898836215,0.004822342745040487,24.476515497949865,0.0005934667323065415,0.001991860419420496,0.005054102657486001,0.003840421487284063,running
sparse_qsvt_statevector_closed_loop,random_missing_measurement_stress,303,9,0.006121275541278938,0.0046227011493904,0.004823242414852365,24.34837968515057,0.0005398773282306696,0.0019988850607369373,0.005054102657486001,0.0038404214872840695,running
sparse_qsvt_statevector_closed_loop,random_missing_measurement_stress,303,10,0.006124859262082023,0.0046225628208138485,0.0048285964380488005,24.239103721763637,0.0004913722821318418,0.002042609043416027,0.005054102657486001,0.0038404214872840813,running
sparse_qsvt_statevector_closed_loop,random_missing_measurement_stress,303,11,0.006130665258427036,0.004622400324842383,0.004837209735352073,24.145726030817467,0.0004473545501252165,0.002111577596725049,0.005054102657486001,0.0038404214872840977,running
sparse_qsvt_statevector_closed_loop,random_missing_measurement_stress,303,12,0.006138058977657651,0.004622232783471584,0.0048481329948012976,24.06578940086619,0.00040735314640330566,0.002196363004398674,0.005054102657486001,0.003840421487284109,running
sparse_qsvt_statevector_closed_loop,random_missing_measurement_stress,303,13,0.006146535873736597,0.004622069946673925,0.004860616389164282,23.997238977452575,0.0003709722460298586,0.002289827874891126,0.005054102657486001,0.0038404214872841194,running
sparse_qsvt_statevector_closed_loop,random_missing_measurement_stress,303,14,0.006155698031545667,0.004621916470130223,0.004874072206216916,23.93834926940461,0.00033786785154805207,0.0023868723192526577,0.005054102657486001,0.003840421487284115,running
sparse_qsvt_statevector_closed_loop,random_missing_measurement_stress,303,15,0.006165234613427682,0.0046217742622615115,0.004888044150283681,23.887667814715822,0.00030773542089295944,0.0024840032937423324,0.005054102657486001,0.0038404214872841155,running
sparse_qsvt_statevector_closed_loop,random_missing_measurement_stress,303,16,0.006174905537387048,0.004621643775061841,0.004902182027941509,23.843969998894988,0.00028030245199041527,0.0025789141034570215,0.005054102657486001,0.0038404214872841138,running
sparse_qsvt_statevector_closed_loop,random_missing_measurement_stress,303,17,0.0061845279193225985,0.004621524713614946,0.004916220907082305,23.80622206822626,0.00025532355724538185,0.0026701421524471343,0.005054102657486001,0.003840421487284111,running
sparse_qsvt_statevector_closed_loop,random_missing_measurement_stress,303,18,0.006193964870775181,0.004621416424296072,0.004929964020544063,23.773550503851673,0.00023257690395425947,0.002756812739218009,0.005054102657486001,0.003840421487284111,running
sparse_qsvt_statevector_closed_loop,random_missing_measurement_stress,303,19,0.006203116288926519,0.004621318105002091,0.0049432687997627515,23.745216495567284,0.00021186146443207085,0.002838455075723825,0.005054102657486001,0.0038404214872841116,running
sparse_qsvt_statevector_closed_loop,random_missing_measurement_stress,303,20,0.006211911318539585,0.00462122891683159,0.0049560355126452675,23.720594584544145,0.0001929947818879234,0.00291487284001971,0.005054102657486001,0.0038404214872841077,running
sparse_qsvt_statevector_closed_loop,random_missing_measurement_stress,303,21,0.006220302207381348,0.004621148041357682,0.0049681980565478975,23.699154754508385,0.00017581108799114164,0.0029860539346986473,0.005054102657486001,0.003840421487284108,running
sparse_qsvt_statevector_closed_loop,random_missing_measurement_stress,303,22,0.006228259316324986,0.004621074708064099,0.004979716525542373,23.680447395813744,0.00016015967600481115,0.0030521077933495793,0.005054102657486001,0.0038404214872841064,running
sparse_qsvt_statevector_closed_loop,random_missing_measurement_stress,303,23,0.00623576708167501,0.004621008205618293,0.004990571231791915,23.664090672985655,0.0001459034703973638,0.0031132218633585732,0.005054102657486001,0.003840421487284106,running
sparse_qsvt_statevector_closed_loop,random_missing_measurement_stress,303,24,0.006242820759648583,0.004620947884575205,0.005000757913965477,23.649759907768253,0.00013291775472115062,0.0031696314102492773,0.005054102657486001,0.003840421487284105,running
sparse_qsvt_statevector_closed_loop,random_missing_measurement_stress,303,25,0.006249423811188389,0.0046208931557093,0.005010283911423114,23.6371786543763,0.0001210890316850464,0.0032215985935481464,0.005054102657486001,0.0038404214872840904,running
sparse_qsvt_statevector_closed_loop,random_missing_measurement_stress,303,26,0.006255585809504313,0.004620843486275869,0.005019165121875787,23.626111196226457,0.00011031399661350449,0.0032693980196801813,0.005054102657486001,0.0038404214872840765,running
sparse_qsvt_statevector_closed_loop,random_missing_measurement_stress,303,27,0.00626132077325736,0.004620798395444957,0.00502742359300361,23.61635623685086,0.00010049861000298645,0.003313306839510766,0.005054102657486001,0.0038404214872840617,running
sparse_qsvt_statevector_closed_loop,random_missing_measurement_stress,303,28,0.0062666458455151635,0.00462075744956351,0.005035085625841668,23.60774159391804,9.155725779832971e-05,0.0033535980479366466,0.005054102657486001,0.0038404214872840474,running
sparse_qsvt_statevector_closed_loop,random_missing_measurement_stress,303,29,0.00627158025295281,0.004620720257576598,0.005042180290357834,23.60011973568325,8.34119899922857e-05,0.0033905360470500648,0.005054102657486001,0.003840421487284033,running
full_system_exact_ridge,sparse_signed_bad_data_stress,101,0,0.006371533539056902,0.00542958767919551,0.004396442592894402,23.447240061704836,0.06436861014174307,0.0047638394467801074,0.004947861770400394,,running
full_system_exact_ridge,sparse_signed_bad_data_stress,101,1,0.012567092785273968,0.011110718267356648,0.008188971477642379,4.236173628557266,0.0037277209389842275,0.00018513935571428912,0.010516068932320492,,running
full_system_exact_ridge,sparse_signed_bad_data_stress,101,2,0.011733951279811562,0.010315191185404261,0.00771976655408829,4.21744058308348,0.0001365570741906304,0.00018925973846592762,0.009818848470491774,,running
full_system_exact_ridge,sparse_signed_bad_data_stress,101,3,0.011767724075520009,0.01034466399449779,0.007742254287336158,4.217433821564132,5.747707852416955e-06,0.00018922487561699427,0.009847111134855323,,running
full_system_exact_ridge,sparse_signed_bad_data_stress,101,4,0.01176630609130469,0.010343387999352973,0.007741357946654492,4.217433809732277,2.4177362617893523e-07,0.00018922505213893255,0.009845924503373198,,running
full_system_exact_ridge,sparse_signed_bad_data_stress,101,5,0.011766365641127138,0.010343443039961724,0.007741393785807248,4.217433809711295,1.019864224742052e-08,0.00018922504564009335,0.009845974337277725,,converged
block_full_support_ridge,sparse_signed_bad_data_stress,101,0,0.006371533539056902,0.00542958767919551,0.004396442592894402,23.447240061704836,0.0044953022636481646,0.0047638394467801074,0.004947861770400394,0.0019149003345464355,running
block_full_support_ridge,sparse_signed_bad_data_stress,101,1,0.006112801505062246,0.005362965895422514,0.004034893471209934,17.738824358635743,0.0016505566499335723,0.003112580352394816,0.004947861770400394,0.0012216218721811016,running
block_full_support_ridge,sparse_signed_bad_data_stress,101,2,0.006023081320252912,0.00531689502016457,0.003935050610076391,16.769415533095085,0.0013798950834188323,0.002303032810131709,0.004947861770400394,0.00064135974343325,running
block_full_support_ridge,sparse_signed_bad_data_stress,101,3,0.005968481853494839,0.0052884827810092405,0.0038744287303874936,16.134744727050926,0.0012099507682396028,0.0016333013473155196,0.004947861770400394,0.00013587316196345383,running
block_full_support_ridge,sparse_signed_bad_data_stress,101,4,0.005936886017550592,0.005273257010474739,0.0038376784802043396,15.641931545832715,0.001062045060817435,0.0010738073439795636,0.004947861770400394,0.000306385022296728,running
block_full_support_ridge,sparse_signed_bad_data_stress,101,5,0.0059217086540935,0.0052674230585739975,0.003818091210904076,15.254871033230572,0.0009322538561217229,0.000654494168071619,0.004947861770400394,0.0006934573812818702,running
block_full_support_ridge,sparse_signed_bad_data_stress,101,6,0.0059181107821203284,0.005268080235518757,0.0038108247315786934,14.951980049769325,0.0008183367983077183,0.0005067946805229286,0.004947861770400394,0.0010322151222633437,running
block_full_support_ridge,sparse_signed_bad_data_stress,101,7,0.005922457002051803,0.00527306792117295,0.003812186741459275,14.71612173448033,0.0007183508384036954,0.0006812134696239394,0.004947861770400394,0.0013286678448417067,running
block_full_support_ridge,sparse_signed_bad_data_stress,101,8,0.005932041767552264,0.005280801525776797,0.003819383872018441,14.533296419920344,0.0006305913322963599,0.0009599760152375403,0.004947861770400394,0.001588081140839714,running
block_full_support_ridge,sparse_signed_bad_data_stress,101,9,0.005944879557596047,0.005290136066917528,0.003830336356061574,14.392154952677002,0.0005535623051834534,0.0012391486004205046,0.004947861770400394,0.001815068351207879,running
block_full_support_ridge,sparse_signed_bad_data_stress,101,10,0.005959535630376285,0.005300257843091423,0.003843521508229638,14.283593492630642,0.0004859508883671821,0.001495995282800696,0.004947861770400394,0.002013670702381811,running
block_full_support_ridge,sparse_signed_bad_data_stress,101,11,0.005974991399685291,0.0053106001723893055,0.003857844029013174,14.200376518376142,0.00042660490640158586,0.0017264763201887317,0.004947861770400394,0.002187427762860081,running
block_full_support_ridge,sparse_signed_bad_data_stress,101,12,0.005990539273433371,0.005320778757655146,0.0038725317377583095,14.136797068209283,0.0003745132070840855,0.0019312705795250895,0.004947861770400394,0.0023394393383870922,running
block_full_support_ridge,sparse_signed_bad_data_stress,101,13,0.0060057016992026814,0.005330542629920934,0.003887053717858489,14.088381592015915,0.0003287883979122059,0.0021123910435060394,0.004947861770400394,0.00247241981097103,running
block_full_support_ridge,sparse_signed_bad_data_stress,101,14,0.0060201695450129615,0.005339737232517805,0.003901057169618322,14.051640891331923,0.00028865169510656666,0.002272171128702851,0.004947861770400394,0.002588745824397955,running
block_full_support_ridge,sparse_signed_bad_data_stress,101,15,0.006033755616542059,0.0053482768441969674,0.003914319323850092,14.023864549980212,0.0002534196270999751,0.0024129161878533303,0.004947861770400394,0.002690498117345952,running
block_full_support_ridge,sparse_signed_bad_data_stress,101,16,0.006046359856255915,0.005356124117617901,0.00392671118942632,14.002954095942416,0.00022249236576697134,0.002536778112036213,0.004947861770400394,0.0027794982121483983,running
block_full_support_ridge,sparse_signed_bad_data_stress,101,17,0.006057943466114247,0.00536327499962459,0.003938170445829685,13.987289327275032,0.00019534348628377212,0.002645714626981783,0.004947861770400394,0.002857340583939807,running
block_full_support_ridge,sparse_signed_bad_data_stress,101,18,0.006068509794874389,0.005369747698446021,0.003948681320632425,13.975622258082467,0.0001715109807952657,0.00274148329443016,0.004947861770400394,0.0029254208608170693,running
block_full_support_ridge,sparse_signed_bad_data_stress,101,19,0.006078090322923141,0.005375574678968311,0.003958259757187892,13.96699360966779,0.00015058937241851266,0.0028256501321646584,0.004947861770400394,0.002984960539917548,running
block_full_support_ridge,sparse_signed_bad_data_stress,101,20,0.006086734469484049,0.005380796913385917,0.003966942563571337,13.960667434101127,0.0001322227948743997,0.0028996041307830043,0.004947861770400394,0.0030370286461225285,running
block_full_support_ridge,sparse_signed_bad_data_stress,101,21,0.0060945022533377795,0.005385459804047086,0.00397477954240415,13.95608016134609,0.00011609891951283841,0.002964573678723856,0.004947861770400394,0.003082560708642438,running
block_full_support_ridge,sparse_signed_bad_data_stress,101,22,0.006101459074508876,0.005389610340022074,0.003981827842591094,13.952801025216196,0.00010194362596887463,0.003021643025749996,0.004947861770400394,0.0031223753853124574,running
block_full_support_ridge,sparse_signed_bad_data_stress,101,23,0.006107672065119364,0.005393295158800357,0.003988147960093206,13.950501410281714,8.951632538547154e-05,0.0030717679174534916,0.004947861770400394,0.0031571890243546996,running
block_full_support_ridge,sparse_signed_bad_data_stress,101,24,0.006113207595034503,0.005396559267609421,0.003993800956947941,13.948931159690119,7.860585628761281e-05,0.00311579002702231,0.004947861770400394,0.0031876284180531573,running
block_full_support_ridge,sparse_signed_bad_data_stress,101,25,0.006118129621981171,0.005399445241483624,0.00399884657554961,13.947900294897881,6.902688298018703e-05,0.0031544500596524653,0.004947861770400394,0.003214241971694375,running
block_full_support_ridge,sparse_signed_bad_data_stress,101,26,0.006122498654377138,0.005401992762317365,0.004003342006645834,13.947264931334367,6.061673492616655e-05,0.0031883995314015657,0.004947861770400394,0.003237509483769808,running
block_full_support_ridge,sparse_signed_bad_data_stress,101,27,0.0061263711542885735,0.005404238398490796,0.004007341130860746,13.94691644023728,5.323263310027374e-05,0.003218211286990915,0.004947861770400394,0.003257850709377514,running
block_full_support_ridge,sparse_signed_bad_data_stress,101,28,0.006129799252436034,0.005406215551139438,0.004010894099687372,13.9467731176421,4.674925592761333e-05,0.003244388849918366,0.004947861770400394,0.0032756328576191303,running
block_full_support_ridge,sparse_signed_bad_data_stress,101,29,0.006132830680583117,0.005407954512938187,0.004014047156527,13.94677378714275,4.105660321962003e-05,0.003267374708877972,0.004947861770400394,0.003291177155212581,running
sparse_exact_ridge,sparse_signed_bad_data_stress,101,0,0.006371533539056902,0.00542958767919551,0.004396442592894402,23.447240061704836,0.004596591594694701,0.0047638394467801074,0.004947861770400394,0.0027204506015598064,running
sparse_exact_ridge,sparse_signed_bad_data_stress,101,1,0.006122535529387569,0.005350525887859359,0.0040670796333426296,17.827872863423906,0.0019958590522373715,0.0031886846322203644,0.004947861770400394,0.001185463198893151,running
sparse_exact_ridge,sparse_signed_bad_data_stress,101,2,0.006032762994717705,0.005297136162916386,0.003976637207667549,16.708068460191193,0.0014002851488036758,0.002402901804751631,0.004947861770400394,0.0002649566255519774,running
sparse_exact_ridge,sparse_signed_bad_data_stress,101,3,0.00598371773253371,0.005274580335026817,0.003918808104372841,16.174238252855453,0.0011932252514482919,0.0018441554561833132,0.004947861770400394,0.00030619551385072964,running
sparse_exact_ridge,sparse_signed_bad_data_stress,101,4,0.005954129536635173,0.00526666520407664,0.003876619439047308,15.714404607718379,0.0010537051382784723,0.0014066517346024228,0.004947861770400394,0.000775877582456621,running
sparse_exact_ridge,sparse_signed_bad_data_stress,101,5,0.005938705382795676,0.005269122028910817,0.0038461813730416286,15.326848240450412,0.0009347849834261852,0.001113579398390797,0.004947861770400394,0.0011943415576308788,running
sparse_exact_ridge,sparse_signed_bad_data_stress,101,6,0.005934063454051207,0.005278366776812784,0.003826116051548873,15.0162648744662,0.000829051045582032,0.0010090332104802048,0.004947861770400394,0.001559541592445817,running
sparse_exact_ridge,sparse_signed_bad_data_stress,101,7,0.005937118172433891,0.005291456837734289,0.0038147615173401814,14.770806630483683,0.0007351899659546662,0.0010789632587134852,0.004947861770400394,0.00187266743920707,running
sparse_exact_ridge,sparse_signed_bad_data_stress,101,8,0.005945373552063268,0.005306350909504371,0.0038103394103324775,14.57734461885684,0.0006520849779925799,0.0012486552068794103,0.004947861770400394,0.002139790470934089,running
sparse_exact_ridge,sparse_signed_bad_data_stress,101,9,0.00595696638109868,0.005321706241984935,0.003811283838371495,14.425337243166481,0.0005785235099516766,0.0014542092278829106,0.004947861770400394,0.0023673113572881266,running
sparse_exact_ridge,sparse_signed_bad_data_stress,101,10,0.0059705335547765295,0.00533665997401255,0.0038162877390757787,14.306407783381616,0.0005133869456461717,0.0016632208996459974,0.004947861770400394,0.0025606720898569604,running
sparse_exact_ridge,sparse_signed_bad_data_stress,101,11,0.005985084978151385,0.005350681375388065,0.0038242706687859613,14.213785069195,0.00045569537189179014,0.001861934555050881,0.004947861770400394,0.0027244972753461315,running
sparse_exact_ridge,sparse_signed_bad_data_stress,101,12,0.005999912097780243,0.005363472576452641,0.0038343478275209984,14.14199728124627,0.00040458910083189065,0.0020450727625025947,0.004947861770400394,0.002862811094940903,running
sparse_exact_ridge,sparse_signed_bad_data_stress,101,13,0.006014519928764105,0.005374896701932258,0.0038458049182324354,14.086650039377266,0.00035930873062806653,0.0022111069356996623,0.004947861770400394,0.0029791372147944324,running
sparse_exact_ridge,sparse_signed_bad_data_stress,101,14,0.006028574183927575,0.005384924930052238,0.0038580745078351966,14.04423331014027,0.00031918217565535565,0.002360192204314112,0.004947861770400394,0.003076554561616428,running
sparse_exact_ridge,sparse_signed_bad_data_stress,101,15,0.006041860093125093,0.005393598194617998,0.0038707133931313075,14.011954901514102,0.0002836148573881838,0.0024932358208153045,0.004947861770400394,0.0031577466185181992,running
sparse_exact_ridge,sparse_signed_bad_data_stress,101,16,0.006054250735181139,0.0054010000360983045,0.0038833818127094093,13.987600967909138,0.00025208103271993584,0.002611457832242734,0.004947861770400394,0.003225048176954189,running
sparse_exact_ridge,sparse_signed_bad_data_stress,101,17,0.006065682921693501,0.005407237671650948,0.0038958250241417137,13.969421049570888,0.0002241159412656673,0.0027161763784691088,0.004947861770400394,0.0032804876577610487,running
sparse_exact_ridge,sparse_signed_bad_data_stress,101,18,0.00607613894715323,0.005412429028326263,0.003907857349667076,13.95603434176144,0.00019930878529399485,0.0028087007879439552,0.004947861770400394,0.0033258245928356254,running
sparse_exact_ridge,sparse_signed_bad_data_stress,101,19,0.00608563285607425,0.005416694071773742,0.0039193485830765085,13.946353917428338,0.00017729649937006593,0.002890278828071104,0.004947861770400394,0.0033625827410269805,running
sparse_exact_ridge,sparse_signed_bad_data_stress,101,20,0.006094200174943367,0.005420149206405227,0.003930212559857052,13.939525866457517,0.00015775822756222105,0.0029620722011156155,0.004947861770400394,0.003392079372172399,running
sparse_exact_ridge,sparse_signed_bad_data_stress,101,21,0.006101890292885581,0.0054229038492109695,0.003940397654100261,13.93488065591782,0.0001404104275785644,0.0030251471529750785,0.004947861770400394,0.0034154511525320446,running
sparse_exact_ridge,sparse_signed_bad_data_stress,101,22,0.006108760859726705,0.005425058521133129,0.0039498789552937785,13.931894400834192,0.0001250025318489941,0.003080473252367352,0.004947861770400394,0.003433676999484436,running
sparse_exact_ridge,sparse_signed_bad_data_stress,101,23,0.006114873714817585,0.005426703979448771,0.00395865188567256,13.930158112093014,0.00011131310427069261,0.0031289265450681184,0.004947861770400394,0.003447598234988319,running
sparse_exact_ridge,sparse_signed_bad_data_stress,101,24,0.0061202919727934785,0.005427921047478084,0.003966727036932848,13.92935332942681,9.914643799010626e-05,0.003171294955938163,0.004947861770400394,0.00345793633565411,running
sparse_exact_ridge,sparse_signed_bad_data_stress,101,25,0.006125077979880045,0.005428780895768264,0.003974126028310418,13.929232843606565,8.832954532139857e-05,0.0032082847268095184,0.004947861770400394,0.003465308547420232,running
sparse_exact_ridge,sparse_signed_bad_data_stress,101,26,0.006129291921827676,0.005429345600638421,0.0039808782127133185,13.92960546223268,7.870949605137881e-05,0.0032405271951816508,0.004947861770400394,0.003470241605153667,running
sparse_exact_ridge,sparse_signed_bad_data_stress,101,27,0.006132990916473636,0.005429668858347754,0.003987018081673471,13.930323981002672,7.01510650447088e-05,0.0032685855174892278,0.004947861770400394,0.00347318377234983,running
sparse_exact_ridge,sparse_signed_bad_data_stress,101,28,0.0061362284638099875,0.0054297967712039485,0.003992583242205438,13.931275691935422,6.253465424390456e-05,0.003292961116605022,0.004947861770400394,0.0034745153933849445,running
sparse_exact_ridge,sparse_signed_bad_data_stress,101,29,0.006139054157026576,0.005429768649407631,0.0039976128587033795,13.932374897222447,5.575445791437314e-05,0.003314099738065911,0.004947861770400394,0.003474558130249631,running
sparse_quantized_ridge,sparse_signed_bad_data_stress,101,0,0.006371533539056902,0.00542958767919551,0.004396442592894402,23.447240061704836,0.004592562389687762,0.0047638394467801074,0.004947861770400394,0.0027195690352076612,running
sparse_quantized_ridge,sparse_signed_bad_data_stress,101,1,0.006123306218551923,0.005350274844589395,0.00406872076783846,17.835699518119892,0.0020010093420061025,0.003194637819870784,0.004947861770400394,0.0011832346392131434,running
sparse_quantized_ridge,sparse_signed_bad_data_stress,101,2,0.006033216775634248,0.005296653131243173,0.0039780264042701,16.709226925250345,0.0014052576786793905,0.0024074848832039914,0.004947861770400394,0.0002573284585177778,running
sparse_quantized_ridge,sparse_signed_bad_data_stress,101,3,0.005984069405939371,0.005274230951183201,0.003919862391031985,16.173126172730907,0.001195753655649717,0.001848744416587867,0.004947861770400394,0.00031668745702359286,running
sparse_quantized_ridge,sparse_signed_bad_data_stress,101,4,0.005954508227600196,0.005266584799882544,0.0038773899452966584,15.713189406470722,0.0010552674731743436,0.0014130914390320772,0.004947861770400394,0.0007876014684566044,running
sparse_quantized_ridge,sparse_signed_bad_data_stress,101,5,0.00593913805152369,0.005269309988107804,0.0038467108163214776,15.325695725705986,0.0009358658894919895,0.0011228321273620747,0.004947861770400394,0.0012067025069090434,running
sparse_quantized_ridge,sparse_signed_bad_data_stress,101,6,0.0059345528132532825,0.005278795503383374,0.003826439979828061,15.01520944500015,0.0008297781953407452,0.0010205557502453054,0.004947861770400394,0.001572203916558564,running
sparse_quantized_ridge,sparse_signed_bad_data_stress,101,7,0.005937656753115712,0.0052920868985231635,0.003814914293987429,14.76989119167669,0.0007356507901023794,0.0010908314890001756,0.004947861770400394,0.0018853510596226648,running
sparse_quantized_ridge,sparse_signed_bad_data_stress,101,8,0.005945948236474277,0.005307137769195637,0.0038103534458254168,14.576587089779538,0.0006523592395965315,0.0012596253400043098,0.004947861770400394,0.0021522709054324247,running
sparse_quantized_ridge,sparse_signed_bad_data_stress,101,9,0.0059575623078324935,0.005322606139397232,0.003811188551874886,14.424730390552082,0.0005786761889667486,0.001464005952119494,0.004947861770400394,0.002379422508763027,running
sparse_quantized_ridge,sparse_signed_bad_data_stress,101,10,0.005971136616401181,0.005337633400392663,0.00381610908589109,14.305930747565293,0.0005134662910774798,0.0016719153402579203,0.004947861770400394,0.0025722962731071644,running
sparse_quantized_ridge,sparse_signed_bad_data_stress,101,11,0.0059856829917367795,0.005351694541766135,0.0038240309815331533,14.213412442914974,0.0004656290733297909,0.001869658998333295,0.004947861770400394,0.0027355545398171344,running
sparse_quantized_ridge,sparse_signed_bad_data_stress,101,12,0.006000693659253051,0.005364497740877227,0.0038344231674144673,14.14023537528334,0.0004117650736499463,0.0020542852925593486,0.004947861770400394,0.0028736698345933746,running
sparse_quantized_ridge,sparse_signed_bad_data_stress,101,13,0.006015447699069444,0.005375824177711508,0.003846270487361574,14.084155015823589,0.0003648764167494228,0.002221246027356948,0.004947861770400394,0.002988512972442872,running
sparse_quantized_ridge,sparse_signed_bad_data_stress,101,14,0.0060296431058632005,0.005385724036514948,0.0038589603558151398,14.041481326512825,0.0003234269607080037,0.0023711613335668487,0.004947861770400394,0.003084250761520036,running
sparse_quantized_ridge,sparse_signed_bad_data_stress,101,15,0.0060430539632833945,0.0053942590712284634,0.0038720020891481214,14.0092474030926,0.00028674081122486306,0.002504858991953304,0.004947861770400394,0.003163917195315868,running
sparse_quantized_ridge,sparse_signed_bad_data_stress,101,16,0.00605554988641397,0.005401522921009473,0.0038850364728510545,13.985115182540513,0.00025425149799679434,0.002623558438413224,0.004947861770400394,0.0032298480706087302,running
sparse_quantized_ridge,sparse_signed_bad_data_stress,101,17,0.006067064568428208,0.005407627321845667,0.0038977973869723692,13.967254839503429,0.00022547514431886777,0.002728573096753576,0.004947861770400394,0.0032840444211548856,running
sparse_quantized_ridge,sparse_signed_bad_data_stress,101,18,0.0060775788501781745,0.005412693133621171,0.003910092971012767,13.954234426677695,0.00019998571715164448,0.0028212168817051014,0.004947861770400394,0.0033282595834710437,running
sparse_quantized_ridge,sparse_signed_bad_data_stress,101,19,0.006087107220029493,0.005416842442129961,0.00392179137469989,13.94493219390489,0.00017740530622617918,0.002902753111005515,0.004947861770400394,0.0033640167953705893,running
sparse_quantized_ridge,sparse_signed_bad_data_stress,101,20,0.006095686921739582,0.005420192979185717,0.003932808121151659,13.938470675432688,0.00015739915570914592,0.002974364675160482,0.004947861770400394,0.0033926305293317345,running
sparse_quantized_ridge,sparse_signed_bad_data_stress,101,21,0.0061033697524731445,0.005422854794822453,0.003943095388716489,13.93416541981951,0.00013967114427748613,0.0030371405458487107,0.004947861770400394,0.0034152322175924473,running
sparse_quantized_ridge,sparse_signed_bad_data_stress,101,22,0.006110216086267827,0.00542492851182496,0.00395263328002858,13.931484068399847,0.00012395940641965524,0.0030920724939770094,0.004947861770400394,0.003432794197138103,running
sparse_quantized_ridge,sparse_signed_bad_data_stress,101,23,0.0061162905659477565,0.005426504606331923,0.003961422811519244,13.930013728343813,0.00011003236014788393,0.0031400572669549732,0.004947861770400394,0.0034461504904621564,running
sparse_quantized_ridge,sparse_signed_bad_data_stress,101,24,0.0061216590332594245,0.005427663353711864,0.003969480318973009,13.929435156304455,9.768519747426674e-05,0.003181901515492751,0.004947861770400394,0.003456014880890892,running
sparse_quantized_ridge,sparse_signed_bad_data_stress,101,25,0.0061263863852973836,0.005428475199672138,0.003976833024347615,13.929502417030479,8.673678756239932e-05,0.0032183280320588156,0.004947861770400394,0.0034629967598225385,running
sparse_quantized_ridge,sparse_signed_bad_data_stress,101,26,0.006130535123674569,0.005429001388521815,0.00398351555382787,13.930026879053862,7.702693711040187e-05,0.0032499825024494117,0.004947861770400394,0.0034676150358443885,running
sparse_quantized_ridge,sparse_signed_bad_data_stress,101,27,0.006134164418079774,0.005429294730652894,0.003989567230655014,13.930864632780281,6.841396501972793e-05,0.003277440308148392,0.004947861770400394,0.0034703103229618655,running
sparse_quantized_ridge,sparse_signed_bad_data_stress,101,28,0.0061373295481000735,0.005429400428479678,0.00399502999461005,13.931906607785606,6.0772555922832095e-05,0.0033012131141063454,0.004947861770400394,0.0034714556032913253,running
sparse_quantized_ridge,sparse_signed_bad_data_stress,101,29,0.006140081620000019,0.005429356907214825,0.003999946825009052,13.933070817346264,5.399186123850259e-05,0.003321755097114072,0.004947861770400394,0.00347136554251647,running
sparse_exact_polynomial,sparse_signed_bad_data_stress,101,0,0.006371533539056902,0.00542958767919551,0.004396442592894402,23.447240061704836,0.004592498983654485,0.0047638394467801074,0.004947861770400394,0.0027195560049624885,running
sparse_exact_polynomial,sparse_signed_bad_data_stress,101,1,0.006123309896701826,0.005350275946503536,0.004068725790562801,17.83573208782764,0.0020009296367078486,0.0031946662069320527,0.004947861770400394,0.0011833195919551285,running
sparse_exact_polynomial,sparse_signed_bad_data_stress,101,2,0.006033221826660665,0.005296654785028992,0.003978033172523461,16.709275898321515,0.0014052300658692412,0.0024075358502009874,0.004947861770400394,0.0002574031523523508,running
sparse_exact_polynomial,sparse_signed_bad_data_stress,101,3,0.0059840740475840416,0.005274231795747048,0.003919869487711557,16.173176658603126,0.0011957318876358667,0.0018488049107074367,0.004947861770400394,0.0003166323121176973,running
sparse_exact_polynomial,sparse_signed_bad_data_stress,101,4,0.005954512128178501,0.005266584927132686,0.003877396676013026,15.713249588330036,0.0010552507910823988,0.0014131576184689873,0.004947861770400394,0.0007875472984335072,running
sparse_exact_polynomial,sparse_signed_bad_data_stress,101,5,0.005939140731222047,0.005269309177026965,0.0038467166077017882,15.325758962724535,0.0009358545132679941,0.001122889197907159,0.004947861770400394,0.0012066448000167163,running
sparse_exact_polynomial,sparse_signed_bad_data_stress,101,6,0.0059345539946084255,0.00527879380363908,0.0038264442650508958,15.015270487648463,0.0008297715134671354,0.0010205834103843524,0.004947861770400394,0.0015721457274334861,running
sparse_exact_polynomial,sparse_signed_bad_data_stress,101,7,0.005937656415736413,0.005292084509806052,0.003814916766848123,14.769947799458858,0.0007356479239375997,0.0010908240945519492,0.004947861770400394,0.0018852950590545912,running
sparse_exact_polynomial,sparse_signed_bad_data_stress,101,8,0.005945946500768455,0.0053071349143533,0.0038103540221233706,14.576638331456646,0.0006523594169849328,0.001259592349425207,0.004947861770400394,0.0021522183049043045,running
sparse_exact_polynomial,sparse_signed_bad_data_stress,101,9,0.005957559352664385,0.005322603021498358,0.0038111872808664032,14.424775866353265,0.0005786787983744231,0.0014639575300355251,0.004947861770400394,0.0023793738859663152,running
sparse_exact_polynomial,sparse_signed_bad_data_stress,101,10,0.005971132643640771,0.005337630194088045,0.003816106098882876,14.305970408099773,0.0005134708313682914,0.0016718582093883001,0.004947861770400394,0.0025722519920738313,running
sparse_exact_polynomial,sparse_signed_bad_data_stress,101,11,0.005985678207913172,0.005351691390543509,0.003824026462174377,14.213446497561886,0.0004656350610582242,0.0018695973300421,0.004947861770400394,0.00273551240449848,running
sparse_exact_polynomial,sparse_signed_bad_data_stress,101,12,0.006000688129517925,0.005364494545532324,0.0038344173629321202,14.140264066450623,0.00041177355250496343,0.002054220252614683,0.004947861770400394,0.002873630565105495,running
sparse_exact_polynomial,sparse_signed_bad_data_stress,101,13,0.006015441664172793,0.005375821039625562,0.003846263701873929,14.084178692260116,0.00036488567163319775,0.002221180219794676,0.004947861770400394,0.0029884769319768445,running
sparse_exact_polynomial,sparse_signed_bad_data_stress,101,14,0.006029636762644983,0.005385721045499484,0.003858952829755833,14.04150060187324,0.0003234366955334721,0.0023710963842878984,0.004947861770400394,0.0030842181461700193,running
sparse_exact_polynomial,sparse_signed_bad_data_stress,101,15,0.006043047477361872,0.00539425629388376,0.003871994036651515,14.009262870433602,0.00028675079027950216,0.002504795986438018,0.004947861770400394,0.003163888104688616,running
sparse_exact_polynomial,sparse_signed_bad_data_stress,101,16,0.006055543394239317,0.00540152040344801,0.0038850280815915243,13.985127399358928,0.0002542615333540477,0.002623498101059401,0.004947861770400394,0.0032298225164244868,running
sparse_exact_polynomial,sparse_signed_bad_data_stress,101,17,0.006067058179734954,0.00540762509240022,0.0038977888189167006,13.967264312772407,0.00022548508789833836,0.0027285158978316007,0.004947861770400394,0.0032840223296471084,running
sparse_exact_polynomial,sparse_signed_bad_data_stress,101,18,0.006077572650639679,0.005412691205720371,0.003910084363446854,13.954241607558426,0.0001999954549094912,0.002821163106030591,0.004947861770400394,0.003328240813409179,running
sparse_exact_polynomial,sparse_signed_bad_data_stress,101,19,0.006087101274234584,0.005416840817304105,0.003921782841751513,13.944937477900654,0.0001774147525066312,0.002902702906489983,0.004947861770400394,0.003364001159026273,running
sparse_exact_polynomial,sparse_signed_bad_data_stress,101,20,0.006095681276251362,0.0054201916498735165,0.003932799755766091,13.938474404883108,0.00015740824806051288,0.0029743180884974057,0.004947861770400394,0.003392617808908196,running
sparse_exact_polynomial,sparse_signed_bad_data_stress,101,21,0.006103364438728538,0.005422853746804036,0.003943087264848417,13.934167887785154,0.000139679839075495,0.0030370975489815285,0.004947861770400394,0.0034152221773314307,running
sparse_exact_polynomial,sparse_signed_bad_data_stress,101,22,0.006110211123211363,0.005424927726258134,0.003952625454869833,13.931485523398273,0.00012396767524873613,0.0030920330039733057,0.004947861770400394,0.003432786592637893,running
sparse_exact_polynomial,sparse_signed_bad_data_stress,101,23,0.006116285962371377,0.00542650406141868,0.003961415327665185,13.930014379404497,0.0001100401867928547,0.0031400211611786926,0.004947861770400394,0.0034461450759796213,running
sparse_exact_polynomial,sparse_signed_bad_data_stress,101,24,0.006121654789847422,0.005427663026031452,0.003969473206472932,13.929435177950682,9.769257540965685e-05,0.0031818686433392725,0.004947861770400394,0.0034560114149650963,running
sparse_exact_polynomial,sparse_signed_bad_data_stress,101,25,0.006126382496387631,0.00542847506522096,0.003976826302604759,13.929501953965541,8.67437178653827e-05,0.0032182982240975145,0.004947861770400394,0.0034629950094739325,running
sparse_exact_polynomial,sparse_signed_bad_data_stress,101,26,0.006130531578755566,0.005429001423502386,0.003983509233329709,13.93002605044289,7.703342673274583e-05,0.003249955577567211,0.004947861770400394,0.0034676147795970696,running
sparse_exact_polynomial,sparse_signed_bad_data_stress,101,27,0.006134161203047853,0.005429294912053215,0.0039895613145257925,13.930863536084162,6.842002536597002e-05,0.0032774160791276207,0.004947861770400394,0.0034703113529151257,running
sparse_exact_polynomial,sparse_signed_bad_data_stress,101,28,0.006137326646303306,0.005429400734481242,0.003995024479986283,13.931905322140464,6.07782016847971e-05,0.003301191391963758,0.004947861770400394,0.0034714577264245215,running
sparse_exact_polynomial,sparse_signed_bad_data_stress,101,29,0.006140079013095139,0.005429357317462982,0.0039999417042444274,13.933069406506615,5.399710944729438e-05,0.0033217356944504305,0.004947861770400394,0.003471368581384953,running
sparse_qsvt_statevector_closed_loop,sparse_signed_bad_data_stress,101,0,0.006371533539056902,0.00542958767919551,0.004396442592894402,23.447240061704836,0.0045924990108947555,0.0047638394467801074,0.004947861770400394,0.0027195560007097735,running
sparse_qsvt_statevector_closed_loop,sparse_signed_bad_data_stress,101,1,0.006123309895814012,0.005350275946143821,0.004068725789464901,17.835732070762997,0.002000929639356882,0.003194666200080149,0.004947861770400394,0.001183319578367604,running
sparse_qsvt_statevector_closed_loop,sparse_signed_bad_data_stress,101,2,0.006033221825859206,0.0052966547846521935,0.003978033171590952,16.709275889589975,0.0014052300712909366,0.0024075358421140076,0.004947861770400394,0.00025740313943433107,running
sparse_qsvt_statevector_closed_loop,sparse_signed_bad_data_stress,101,3,0.005984074046883712,0.005274231795523296,0.003919869486761162,16.173176649812408,0.0011957318915522257,0.0018488049015802598,0.004947861770400394,0.0003166323239069301,running
sparse_qsvt_statevector_closed_loop,sparse_signed_bad_data_stress,101,4,0.0059545121276395685,0.005266584927096301,0.003877396675106776,15.713249578347913,0.0010552507939496703,0.0014131576093253642,0.004947861770400394,0.0007875473107734765,running
sparse_qsvt_statevector_closed_loop,sparse_signed_bad_data_stress,101,5,0.005939140730912141,0.005269309177212755,0.003846716606915009,15.325758952390503,0.0009358545151842619,0.0011228891913071177,0.004947861770400394,0.0012066448130418545,running
sparse_qsvt_statevector_closed_loop,sparse_signed_bad_data_stress,101,6,0.005934553994562726,0.005278793804033103,0.0038264442644646087,15.015270477735335,0.0008297715145731325,0.0010205834093143862,0.004947861770400394,0.0015721457405924162,running
sparse_qsvt_statevector_closed_loop,sparse_signed_bad_data_stress,101,7,0.005937656415951036,0.005292084510369179,0.0038149167665070443,14.769947790315216,0.0007356479243975825,0.0010908240992559513,0.004947861770400394,0.0018852950719058614,running
sparse_qsvt_statevector_closed_loop,sparse_signed_bad_data_stress,101,8,0.005945946501217822,0.005307134915040275,0.003810354022041593,14.576638323224408,0.0006523594169361455,0.0012595923579664426,0.004947861770400394,0.0021522183172005362,running
sparse_qsvt_statevector_closed_loop,sparse_signed_bad_data_stress,101,9,0.005957559353313967,0.005322603022265718,0.0038111872810394384,14.4247758590845,0.0005786787979272157,0.0014639575406794748,0.004947861770400394,0.0023793738975608084,running
sparse_qsvt_statevector_closed_loop,sparse_signed_bad_data_stress,101,10,0.005971132644453149,0.005337630194897058,0.0038161060992944877,14.305970401788812,0.0005134708306124015,0.001671858221071012,0.004947861770400394,0.0025722520028642654,running
sparse_qsvt_statevector_closed_loop,sparse_signed_bad_data_stress,101,11,0.005985678208851188,0.005351691391361398,0.003824026462800637,14.213446492163229,0.0004656350598026988,0.0018695973421342556,0.004947861770400394,0.0027355124144210793,running
sparse_qsvt_statevector_closed_loop,sparse_signed_bad_data_stress,101,12,0.006000688130544536,0.005364494546332891,0.003834417363740382,14.140264061950914,0.0004117735511472986,0.0020542202646897365,0.004947861770400394,0.0028736305741733762,running
sparse_qsvt_statevector_closed_loop,sparse_signed_bad_data_stress,101,13,0.006015441665256738,0.005375821040391771,0.0038462637028297895,14.084178688549917,0.00036488567018406337,0.0022211802316147327,0.004947861770400394,0.0029884769401614104,running
sparse_qsvt_statevector_closed_loop,sparse_signed_bad_data_stress,101,14,0.006029636763757704,0.005385721046216739,0.0038589528308264802,14.041500598852721,0.00032343669403340987,0.0023710963956813835,0.004947861770400394,0.003084218153484325,running
sparse_qsvt_statevector_closed_loop,sparse_signed_bad_data_stress,101,15,0.006043047478479696,0.005394256294542465,0.003871994037806427,14.009262868007609,0.00028675078875960397,0.002504795997296911,0.004947861770400394,0.003163888111165065,running
sparse_qsvt_statevector_closed_loop,sparse_signed_bad_data_stress,101,16,0.006055543395343177,0.005401520404042539,0.003885028082803367,13.985127397438657,0.00025426153183838023,0.002623498111318636,0.004947861770400394,0.003229822522103261,running
sparse_qsvt_statevector_closed_loop,sparse_signed_bad_data_stress,101,17,0.006067058180809825,0.005407625092928066,0.003897788820161456,13.967264311277882,0.00022548508640598882,0.002728515907455169,0.004947861770400394,0.00328402233457471,running
sparse_qsvt_statevector_closed_loop,sparse_signed_bad_data_stress,101,18,0.006077572651674061,0.0054126912061814554,0.003910084364703802,13.9542416064191,0.0001999954534550448,0.0028211631150030472,0.004947861770400394,0.0033282408176371894,running
sparse_qsvt_statevector_closed_loop,sparse_signed_bad_data_stress,101,19,0.006087101275220061,0.005416840817700199,0.0039217828430031815,13.944937477055065,0.00017741475110073156,0.002902702914811137,0.004947861770400394,0.0033640011626087985,running
sparse_qsvt_statevector_closed_loop,sparse_signed_bad_data_stress,101,20,0.00609568127718211,0.005420191650207714,0.003932799756998034,13.938474404278315,0.00015740824671109957,0.0029743180961780027,0.004947861770400394,0.003392617811901156,running
sparse_qsvt_statevector_closed_loop,sparse_signed_bad_data_stress,101,21,0.0061033644396008965,0.005422853747080347,0.003943087266048973,13.934167887375915,0.00013967983778758125,0.00303709755604038,0.004947861770400394,0.003415222179790032,running
sparse_qsvt_statevector_closed_loop,sparse_signed_bad_data_stress,101,22,0.006110211124023425,0.005424927726481132,0.003952625456029809,13.931485523146392,0.00012396767402596845,0.00309203301043475,0.004947861770400394,0.0034327865946158476,running
sparse_qsvt_statevector_closed_loop,sparse_signed_bad_data_stress,101,23,0.00611628596312267,0.005426504061593232,0.0039614153287776226,13.930014379277834,0.0001100401856368913,0.0031400211670711132,0.004947861770400394,0.003446145077529135,running
sparse_qsvt_statevector_closed_loop,sparse_signed_bad_data_stress,101,24,0.006121654790538599,0.005427663026162525,0.0039694732075327786,13.929435177922343,9.769257432111437e-05,0.003181868648693593,0.004947861770400394,0.003456011416135093,running
sparse_qsvt_statevector_closed_loop,sparse_signed_bad_data_stress,101,25,0.0061263824970202154,0.005428475065313452,0.003976826303608627,13.929501954013206,8.674371684338606e-05,0.0032182982289462067,0.004947861770400394,0.003462995010309991,running
sparse_qsvt_statevector_closed_loop,sparse_signed_bad_data_stress,101,26,0.006130531579331719,0.005429001423561019,0.00398350923427558,13.930026050548404,7.703342577628007e-05,0.003249955581943314,0.004947861770400394,0.0034676147801427355,running
sparse_qsvt_statevector_closed_loop,sparse_signed_bad_data_stress,101,27,0.006134161203570216,0.005429294912082473,0.003989561315412801,13.930863536232398,6.842002447303696e-05,0.003277416083064251,0.004947861770400394,0.003470311353209728,running
sparse_qsvt_statevector_closed_loop,sparse_signed_bad_data_stress,101,28,0.0061373266467748475,0.0054294007344853,0.003995024480814535,13.931905322319123,6.077820085315229e-05,0.0033011913954936033,0.004947861770400394,0.0034714577265041874,running
sparse_qsvt_statevector_closed_loop,sparse_signed_bad_data_stress,101,29,0.0061400790135190016,0.005429357317445687,0.00399994170501475,13.933069406705997,5.399710867420041e-05,0.0033217356976051582,0.004947861770400394,0.00347136858128254,running
full_system_exact_ridge,sparse_signed_bad_data_stress,202,0,0.005999920314578795,0.005231262122382075,0.004000377345060787,27.124691864160344,0.03229221997423226,0.0032233922002469478,0.004837537010952493,,running
full_system_exact_ridge,sparse_signed_bad_data_stress,202,1,0.004667958858619789,0.00054637167071296,0.0049790058287232115,5.032564404449512,0.0005964029933333962,0.0002040343056002781,0.0039052988119055937,,running
full_system_exact_ridge,sparse_signed_bad_data_stress,202,2,0.004602611081366074,0.0005268801107835078,0.004910496970489483,5.031206861006169,1.2242504714631037e-06,0.00018177885266034422,0.0038507954413755,,running
full_system_exact_ridge,sparse_signed_bad_data_stress,202,3,0.004602899137518483,0.0005268578170024491,0.004910809802078723,5.031206860317604,1.532560309004224e-08,0.00018179574588483066,0.003851036399572723,,converged
block_full_support_ridge,sparse_signed_bad_data_stress,202,0,0.005999920314578795,0.005231262122382075,0.004000377345060787,27.124691864160344,0.004855970706038268,0.0032233922002469478,0.004837537010952493,0.0019673286388274193,running
block_full_support_ridge,sparse_signed_bad_data_stress,202,1,0.005850781755730117,0.0050772175931593925,0.00392992247054275,23.52449849923343,0.0014622694955302982,0.0018093707087479874,0.004837537010952493,0.0009433394651989075,running
block_full_support_ridge,sparse_signed_bad_data_stress,202,2,0.005821396080523016,0.005028603910168056,0.003937751716035695,23.14187785283308,0.0011859473715175063,0.0013757729778134287,0.004837537010952493,0.0002894591918540581,running
block_full_support_ridge,sparse_signed_bad_data_stress,202,3,0.0058083168314375655,0.00499982464126569,0.003949543614947826,22.846554491354535,0.0010391539185270167,0.0011314979948989484,0.004837537010952493,0.00025397897665361657,running
block_full_support_ridge,sparse_signed_bad_data_stress,202,4,0.005808605047647701,0.004986376459824818,0.003965784950855123,22.61693382105525,0.000912081415974202,0.0011374397582435399,0.004837537010952493,0.0007267337569527543,running
block_full_support_ridge,sparse_signed_bad_data_stress,202,5,0.005818322046363221,0.004983954728884393,0.0039849523669779835,22.44173369932178,0.0008005608472751788,0.001322376375115764,0.004837537010952493,0.001140728787903636,running
block_full_support_ridge,sparse_signed_bad_data_stress,202,6,0.00583416178842834,0.004989072040773655,0.004005595249569549,22.309046495331874,0.0007026628106001821,0.001578562983215344,0.004837537010952493,0.001503609382200032,running
block_full_support_ridge,sparse_signed_bad_data_stress,202,7,0.005853660882836666,0.004999107902688813,0.004026648567786736,22.20918407430022,0.0006167260335809248,0.0018464858305813606,0.004837537010952493,0.0018217319089646865,running
block_full_support_ridge,sparse_signed_bad_data_stress,202,8,0.005875046917367143,0.005012144630976835,0.004047378197083987,22.134527498487348,0.0005412917917314721,0.0021022561430110755,0.004837537010952493,0.002100624875047045,running
block_full_support_ridge,sparse_signed_bad_data_stress,202,9,0.005897074194844117,0.005026804711357701,0.004067299636613483,22.079136077315784,0.00047507862061686414,0.0023374313846560787,0.004837537010952493,0.0023451285267677806,running
block_full_support_ridge,sparse_signed_bad_data_stress,202,10,0.005918889701715741,0.005042117610305625,0.004086110991183632,22.038402820113255,0.00041696089719274823,0.0025498045394744388,0.004837537010952493,0.002559484667990236,running
block_full_support_ridge,sparse_signed_bad_data_stress,202,11,0.00593992928443709,0.005057415472391186,0.004103641711515137,22.00877135082285,0.0003659500105616028,0.0027397326918912174,0.004837537010952493,0.0027474113133567324,running
block_full_support_ridge,sparse_signed_bad_data_stress,202,12,0.005959838739563108,0.005072253051702402,0.004119814173778799,21.987507403786296,0.0003211777806250804,0.002908622835355625,0.004837537010952493,0.0029121675652569456,running
block_full_support_ridge,sparse_signed_bad_data_stress,202,13,0.005978414525060852,0.005086347034648198,0.0041346151897704835,21.972516524937888,0.00028188186040703625,0.0030582699006297238,0.004837537010952493,0.003056610369500789,running
block_full_support_ridge,sparse_signed_bad_data_stress,202,14,0.00599555960691705,0.005099530503078178,0.004148075065440506,21.96219996759012,0.0002473928901060518,0.0031905541215211516,0.004837537010952493,0.0031832442193766566,running
block_full_support_ridge,sparse_signed_bad_data_stress,202,15,0.006011250831110546,0.005111719032796945,0.0041602523417563885,21.955341601620187,0.00021712319695561068,0.0033073003767765392,0.004837537010952493,0.0032942646958734486,running
block_full_support_ridge,sparse_signed_bad_data_stress,202,16,0.006025514992938372,0.005122885635585005,0.004171222783571081,21.951019665426564,0.00019055685813682607,0.0034102147130909096,0.004837537010952493,0.003391596613833594,running
block_full_support_ridge,sparse_signed_bad_data_stress,202,17,0.006038411425140145,0.00513304236869956,0.004181071526159995,21.948538214372604,0.0001672409647980661,0.003500859155894993,0.004837537010952493,0.0034769274460035647,running
block_full_support_ridge,sparse_signed_bad_data_stress,202,18,0.006050019445270998,0.005142226940220084,0.004189887556699869,21.947374063986402,0.0001467779438695209,0.00358064594196201,0.004837537010952493,0.0035517366123356403,running
block_full_support_ridge,sparse_signed_bad_data_stress,202,19,0.006060429407836921,0.0051504930387137856,0.0041977599131436385,21.947135849673657,0.0001288188110064507,0.0036508415960480787,0.004837537010952493,0.003617321148183213,running
block_full_support_ridge,sparse_signed_bad_data_stress,202,20,0.0060697364180633045,0.005157903426689443,0.004204775138793101,21.947532517275313,0.00011305724281710743,0.0037125758165112775,0.004837537010952493,0.0036748182007239876,running
block_full_support_ridge,sparse_signed_bad_data_stress,202,21,0.006078036001108216,0.005164525075827934,0.004211015648517923,21.948349127264102,9.922436970650212e-05,0.003766852459623689,0.004837537010952493,0.003725224746802919,running
block_full_support_ridge,sparse_signed_bad_data_stress,202,22,0.0060854211996445974,0.005170425803294732,0.004216558751012766,21.949428314063265,8.70842023532566e-05,0.003814561147844248,0.004837537010952493,0.0037694148763450816,running
block_full_support_ridge,sparse_signed_bad_data_stress,202,23,0.006091980707530926,0.005175672005452215,0.00422147613778719,21.95065610755511,7.642961518685362e-05,0.0038564887043548665,0.004837537010952493,0.003808154942633683,running
block_full_support_ridge,sparse_signed_bad_data_stress,202,24,0.006097797748424447,0.005180327188405381,0.004225833699184714,21.951951112604426,6.70788193860504e-05,0.0038933299958621263,0.004837537010952493,0.003842116843281852,running
block_full_support_ridge,sparse_signed_bad_data_stress,202,25,0.006102949483907625,0.005184451072202293,0.004229691564775301,21.953256268967994,5.887226601153898e-05,0.0039256979819168175,0.004837537010952493,0.0038718896629599355,running
block_full_support_ridge,sparse_signed_bad_data_stress,202,26,0.006107506792291374,0.005188099103471625,0.004233104293094119,21.954532590805268,5.166992702097748e-05,0.003954132892936735,0.004837537010952493,0.0038979898802756195,running
block_full_support_ridge,sparse_signed_bad_data_stress,202,27,0.0061115343014960695,0.005191322254620579,0.004236121156268986,21.95575442251314,4.5348908215628e-05,0.003979110529744433,0.004837537010952493,0.003920870316119036,running
block_full_support_ridge,sparse_signed_bad_data_stress,202,28,0.006115090590888021,0.005194167020077733,0.004238786480362376,21.95690585421861,3.980135371551981e-05,0.004001049716754106,0.004837537010952493,0.003940927978827764,running
block_full_support_ridge,sparse_signed_bad_data_stress,202,29,0.006118228500367123,0.0051966755441918665,0.0042411400135820764,21.95797802271959,3.493260645009522e-05,0.004020318961674941,0.004837537010952493,0.003958510942304384,running
sparse_exact_ridge,sparse_signed_bad_data_stress,202,0,0.005999920314578795,0.005231262122382075,0.004000377345060787,27.124691864160344,0.00493753962592163,0.0032233922002469478,0.004837537010952493,0.0012382746408103077,running
sparse_exact_ridge,sparse_signed_bad_data_stress,202,1,0.005856183110090734,0.005083134723277943,0.003932074580275722,23.971458652044678,0.0019626514056932907,0.0018784121897974743,0.004837537010952493,0.00047640969230802743,running
sparse_exact_ridge,sparse_signed_bad_data_stress,202,2,0.005820438589913912,0.005029906769671541,0.003934576981183619,23.232992751160126,0.0012318579707608227,0.0013593630952554124,0.004837537010952493,0.00010958894055635923,running
sparse_exact_ridge,sparse_signed_bad_data_stress,202,3,0.005800013239883781,0.004995301539134835,0.003940810014524467,22.848663739944445,0.0010407170885968352,0.0009445471684670447,0.004837537010952493,0.00039538883583705223,running
sparse_exact_ridge,sparse_signed_bad_data_stress,202,4,0.005794365293938201,0.004983364016766202,0.003945283287797467,22.598837762233963,0.0009155508591714974,0.0007927773105874456,0.004837537010952493,0.0009123251228467948,running
sparse_exact_ridge,sparse_signed_bad_data_stress,202,5,0.005800419084850116,0.004985278222104882,0.0039532635477801375,22.415684450714213,0.0008085427325692533,0.0009545292327246307,0.004837537010952493,0.0013665224497914237,running
sparse_exact_ridge,sparse_signed_bad_data_stress,202,6,0.005813870620966422,0.004995469280413454,0.003964035244929444,22.274829632676322,0.0007150025220752298,0.0012410428668159811,0.004837537010952493,0.0017559179086386518,running
sparse_exact_ridge,sparse_signed_bad_data_stress,202,7,0.005831794821256459,0.005010591276470228,0.003976582928908934,22.167203576038666,0.000632709480576967,0.0015429443963623894,0.004837537010952493,0.0020924617749088,running
sparse_exact_ridge,sparse_signed_bad_data_stress,202,8,0.0058523124120914,0.005028422997729123,0.003990335566718096,22.08616309849107,0.0005600568820584086,0.0018291940451802542,0.004837537010952493,0.0023845877748377054,running
sparse_exact_ridge,sparse_signed_bad_data_stress,202,9,0.005874102917075786,0.005047391296311395,0.004004905940930091,22.02587601305259,0.0004958478582418425,0.00209160753794128,0.004837537010952493,0.0026379306366780112,running
sparse_exact_ridge,sparse_signed_bad_data_stress,202,10,0.00589621058460109,0.005066403858659797,0.0040199596665434125,21.98163047754863,0.00043909890301187997,0.002328642588115968,0.004837537010952493,0.0028571768009060155,running
sparse_exact_ridge,sparse_signed_bad_data_stress,202,11,0.005917961561107358,0.005084740311753242,0.004035202728656326,21.94975165951303,0.000388945024437491,0.0025411152919956855,0.004837537010952493,0.0030465509594531513,running
sparse_exact_ridge,sparse_signed_bad_data_stress,202,12,0.0059389002611206,0.005101954642085601,0.004050388092536546,21.92736893918393,0.000344616263929854,0.0027307355862130457,0.004837537010952493,0.003209828898719625,running
sparse_exact_ridge,sparse_signed_bad_data_stress,202,13,0.0059587343396115405,0.005117795993321757,0.004065315481332749,21.912233350285728,0.00030543030492874163,0.002899497612318635,0.004837537010952493,0.0033503425818911174,running
sparse_exact_ridge,sparse_signed_bad_data_stress,202,14,0.005977290984154144,0.0051321494696047795,0.00407982698015962,21.902587173788955,0.00027078438321671524,0.003049414341622339,0.004837537010952493,0.0034710214853097914,running
sparse_exact_ridge,sparse_signed_bad_data_stress,202,15,0.005994483821743848,0.005144992968433832,0.004093801853890476,21.897061989999077,0.00024014639711614764,0.0031824045708067493,0.004837537010952493,0.0035744399873410193,running
sparse_exact_ridge,sparse_signed_bad_data_stress,202,16,0.006010288109481285,0.005156365837486578,0.004107151505860063,21.89459621343664,0.00021304665206521055,0.0033002477821942986,0.004837537010952493,0.0036628591461696975,running
sparse_exact_ridge,sparse_signed_bad_data_stress,202,17,0.00602472215631805,0.005166346257695764,0.004119814704632871,21.894369093700476,0.0001890705869477554,0.003404569821237011,0.004837537010952493,0.003738262886078159,running
sparse_exact_ridge,sparse_signed_bad_data_stress,202,18,0.0060378334673790324,0.00517503511140599,0.004131753145070873,21.895748504187086,0.00016785237077104876,0.0034968430883168056,0.004837537010952493,0.0038023900145351085,running
sparse_exact_ridge,sparse_signed_bad_data_stress,202,19,0.0060496884838036865,0.0051825446533388395,0.004142947413666799,21.8982498127471,0.00014906923418171327,0.003578393643105508,0.004837537010952493,0.003856762771659613,running
sparse_exact_ridge,sparse_signed_bad_data_stress,202,20,0.006060365052173093,0.005188990710184398,0.004153393397760323,21.901503523344253,0.0001324364440739971,0.003650411417328781,0.004837537010952493,0.0039027122635242367,running
sparse_exact_ridge,sparse_signed_bad_data_stress,202,21,0.006069946956536955,0.005194487451535895,0.004163099144725794,21.905229846833866,0.00011770285114172502,0.0037139615538483357,0.004837537010952493,0.003941401075446074,running
sparse_exact_ridge,sparse_signed_bad_data_stress,202,22,0.006078520002620388,0.005199144019003096,0.004172082154635283,21.909218742570488,0.00010464694822595819,0.0037699958329227984,0.004837537010952493,0.0039738433532685805,running
sparse_exact_ridge,sparse_signed_bad_data_stress,202,23,0.006086169265495366,0.005203062485020267,0.0041803670769029605,21.913314272163348,9.307338291345894e-05,0.0038193636519313705,0.004837537010952493,0.004000922620273591,running
sparse_exact_ridge,sparse_signed_bad_data_stress,202,24,0.006092977205412951,0.005206336751316548,0.004187983774565368,21.91740234602074,8.280987351639744e-05,0.0038628223000168943,0.004837537010952493,0.0040234075713627155,running
sparse_exact_ridge,sparse_signed_bad_data_stress,202,25,0.006099022427824113,0.005209052100478766,0.004194965716963669,21.921401135878117,7.370448302994297e-05,0.003901046420475766,0.004837537010952493,0.0040419660615905835,running
sparse_exact_ridge,sparse_signed_bad_data_stress,202,26,0.00610437891800686,0.005211285191199355,0.004201348661357307,21.925253580432248,6.562321061214196e-05,0.0039346366372421445,0.004837537010952493,0.004057177484194795,running
sparse_exact_ridge,sparse_signed_bad_data_stress,202,27,0.0061091156221518995,0.005213104345218946,0.004207169585494781,21.928921533358086,5.8447864559470854e-05,0.003964127367267983,0.004837537010952493,0.004069543713510247,running
sparse_exact_ridge,sparse_signed_bad_data_stress,202,28,0.006113296278297654,0.005214570016582979,0.004212465835721144,21.932381199509855,5.2074184704238534e-05,0.003989993864279152,0.004837537010952493,0.0040794987702270896,running
sparse_exact_ridge,sparse_signed_bad_data_stress,202,29,0.006116979424491542,0.005215735365354687,0.004217274458325382,21.935619581175658,4.641018569908685e-05,0.004012658550464153,0.004837537010952493,0.004087417350198539,running
sparse_quantized_ridge,sparse_signed_bad_data_stress,202,0,0.005999920314578795,0.005231262122382075,0.004000377345060787,27.124691864160344,0.0049471059601571945,0.0032233922002469478,0.004837537010952493,0.0012380161223037364,running
sparse_quantized_ridge,sparse_signed_bad_data_stress,202,1,0.005857104765215761,0.00508449468999183,0.003932021128831194,23.980845536869776,0.0019639970238080834,0.0018899473435493158,0.004837537010952493,0.000486263369482418,running
sparse_quantized_ridge,sparse_signed_bad_data_stress,202,2,0.005821192452965209,0.005030878186798809,0.003934706760704118,23.240354620222256,0.0012308525629500231,0.0013722993250221962,0.004837537010952493,0.00012359616028853658,running
sparse_quantized_ridge,sparse_signed_bad_data_stress,202,3,0.005800467656455034,0.004995830358611309,0.003940956977281162,22.854375221260646,0.0010391127867280883,0.0009557169491430219,0.004837537010952493,0.00038071121905016814,running
sparse_quantized_ridge,sparse_signed_bad_data_stress,202,4,0.005794572659609092,0.004983524755672914,0.00394544512600605,22.60404376991573,0.0009142962961871386,0.0007988567806718323,0.004837537010952493,0.0008971823672949821,running
sparse_quantized_ridge,sparse_signed_bad_data_stress,202,5,0.0058004068188947195,0.004985077939602204,0.003953477359297655,22.42047534818631,0.0008079181558077277,0.0009542290623600849,0.004837537010952493,0.0013507473640188904,running
sparse_quantized_ridge,sparse_signed_bad_data_stress,202,6,0.005813653422070306,0.004994931258935582,0.003964298316897137,22.279084332546585,0.0007149034667184776,0.0012369391709611999,0.004837537010952493,0.0017397775945321235,running
sparse_quantized_ridge,sparse_signed_bad_data_stress,202,7,0.005831399252630567,0.00500976404244117,0.003976883360872901,22.170900171352052,0.00063298109656378,0.001536912731118265,0.004837537010952493,0.0020763224822645614,running
sparse_quantized_ridge,sparse_signed_bad_data_stress,202,8,0.00585177337729553,0.0050273649107783844,0.003990664089834406,22.089334500248366,0.0005605817229021819,0.0018222370829861752,0.004837537010952493,0.0023687215546475777,running
sparse_quantized_ridge,sparse_signed_bad_data_stress,202,9,0.005873456010066386,0.005046159842156548,0.00400525538699959,22.028571996815963,0.0004965405914628214,0.0020842798127443407,0.004837537010952493,0.0026225202575515965,running
sparse_quantized_ridge,sparse_signed_bad_data_stress,202,10,0.005895488384272417,0.005065051520788049,0.004020323517684905,21.983907752750266,0.00043989399358636353,0.00232126833753019,0.004837537010952493,0.0028423509190735508,running
sparse_quantized_ridge,sparse_signed_bad_data_stress,202,11,0.005917192426259822,0.005083313016861895,0.004035574936659063,21.95166844902479,0.0003897912536890429,0.002533893115540318,0.004837537010952493,0.003032400961610283,running
sparse_quantized_ridge,sparse_signed_bad_data_stress,202,12,0.005938108019609984,0.005100491191412385,0.004050763269195748,21.92898055134976,0.00034547429698943784,0.002723789564053456,0.004837537010952493,0.003196415806687882,running
sparse_quantized_ridge,sparse_signed_bad_data_stress,202,13,0.005957938366693607,0.005116328132130445,0.004065688992242341,21.913589715679574,0.0003062707823523436,0.0028929040047347182,0.004837537010952493,0.0033377022918196966,running
sparse_quantized_ridge,sparse_signed_bad_data_stress,202,14,0.005976506529624584,0.005130702388296053,0.004080194939056347,21.903731939759172,0.00027158612504424095,0.0030432171172368695,0.004837537010952493,0.0034591697944064983,running
sparse_quantized_ridge,sparse_signed_bad_data_stress,202,15,0.005993722480521946,0.005143586030542058,0.004094161079040798,21.898032449977556,0.00024089481134463965,0.003176625325277687,0.004837537010952493,0.0035633770067243524,running
sparse_quantized_ridge,sparse_signed_bad_data_stress,202,16,0.00600955834563054,0.005155013386189858,0.004107499463125525,21.895423664503802,0.00021373238838140566,0.0032948924589323693,0.004837537010952493,0.003652572940033504,running
sparse_quantized_ridge,sparse_signed_bad_data_stress,202,17,0.006024029821620199,0.005165058413979001,0.004120149443288183,21.895079421939805,0.00018968841459100674,0.0033996334326027128,0.004837537010952493,0.0037287324331072773,running
sparse_quantized_ridge,sparse_signed_bad_data_stress,202,18,0.00603718228245,0.005173818517701741,0.004132073229880444,21.896362871491693,0.00016840024754141835,0.0034923131137932772,0.004837537010952493,0.003793587618788124,running
sparse_quantized_ridge,sparse_signed_bad_data_stress,202,19,0.006049080466669394,0.005181403140207987,0.004143251856721625,21.898785358669393,0.0001495475380837455,0.003574252514481698,0.004837537010952493,0.003848656019736557,running
sparse_quantized_ridge,sparse_signed_bad_data_stress,202,20,0.006059800889111406,0.00518792587774674,0.004153681592840015,21.901974029065574,0.00013284734374953915,0.0036466383516530697,0.004837537010952493,0.0038952656027117236,running
sparse_quantized_ridge,sparse_signed_bad_data_stress,202,21,0.006069426315786472,0.005193499165909684,0.00416337080597835,21.90564633361926,0.00011804979435284908,0.003710533908053861,0.004837537010952493,0.003934577075455795,running
sparse_quantized_ridge,sparse_signed_bad_data_stress,202,22,0.006078041794840546,0.005198230828925324,0.004172337260595641,21.909589993488968,0.00010493425015530724,0.0037668901013542602,0.004837537010952493,0.00396760370521403,running
sparse_quantized_ridge,sparse_signed_bad_data_stress,202,23,0.0060857318565132,0.005202221966330577,0.0041806058203323615,21.91364727571363,9.330589836021875e-05,0.0038165561942963464,0.004837537010952493,0.003995228918461741,running
sparse_quantized_ridge,sparse_signed_bad_data_stress,202,24,0.006092578587395879,0.005205565787974233,0.004188206518219238,21.91770266595296,8.299273920761802e-05,0.0038602898645668385,0.004837537010952493,0.004018221916303228,running
sparse_quantized_ridge,sparse_signed_bad_data_stress,202,25,0.006098660354986449,0.005208347110847263,0.004195172955137188,21.921673214467397,7.384291819656251e-05,0.003898766511264076,0.004837537010952493,0.004037251516455778,running
sparse_quantized_ridge,sparse_signed_bad_data_stress,202,26,0.0061040510125677325,0.005210642307870503,0.0042015409868878485,21.925500983695155,6.572236568749621e-05,0.003932587762742259,0.004837537010952493,0.004052898411723686,running
sparse_quantized_ridge,sparse_signed_bad_data_stress,202,27,0.006108819455692324,0.005212519555912196,0.004207347661797217,21.92914714687046,5.851270935772122e-05,0.003962289199045482,0.004837537010952493,0.004065666015906203,running
sparse_quantized_ridge,sparse_signed_bad_data_stress,202,28,0.006113029433025741,0.005214039272800687,0.004212630373377702,21.932587383016795,5.210942874383992e-05,0.00398834732790898,0.004837537010952493,0.004075990050839699,running
sparse_quantized_ridge,sparse_signed_bad_data_stress,202,29,0.006116739538285724,0.005215254664600999,0.004217426195733761,21.935808289388238,4.64202244742503e-05,0.004011185865897445,0.004837537010952493,0.004084247012602282,running
sparse_exact_polynomial,sparse_signed_bad_data_stress,202,0,0.005999920314578795,0.005231262122382075,0.004000377345060787,27.124691864160344,0.00494693142502456,0.0032233922002469478,0.004837537010952493,0.0012381815378243411,running
sparse_exact_polynomial,sparse_signed_bad_data_stress,202,1,0.005857104263029258,0.005084493682909447,0.003932021477487769,23.980815462547657,0.0019639412183490973,0.0018899410770141095,0.004837537010952493,0.0004863206255186843,running
sparse_exact_polynomial,sparse_signed_bad_data_stress,202,2,0.005821193227612983,0.005030880277583163,0.0039347055968455445,23.240374110973235,0.00123082039503122,0.0013723125560560323,0.004837537010952493,0.0001236284866512295,running
sparse_exact_polynomial,sparse_signed_bad_data_stress,202,3,0.005800468581124047,0.004995832467429356,0.003940956060643655,22.8544048471056,0.0010390923245296084,0.0009557395457580186,0.004837537010952493,0.0003806545898540182,running
sparse_exact_polynomial,sparse_signed_bad_data_stress,202,4,0.005794572365972792,0.004983525366737902,0.003945443913165968,22.60407156445414,0.0009142822210006839,0.0007988482045091632,0.004837537010952493,0.0008971095206471605,running
sparse_exact_polynomial,sparse_signed_bad_data_stress,202,5,0.005800404895615116,0.004985076987509351,0.0039534752278221905,22.42050127283222,0.0008079090884551931,0.0009541819876839437,0.004837537010952493,0.0013506705139092118,running
sparse_exact_polynomial,sparse_signed_bad_data_stress,202,6,0.005813649952999125,0.004994928940069188,0.003964295177222397,22.279108211925603,0.0007148982273054293,0.0012368735180691046,0.004837537010952493,0.0017397009156138847,running
sparse_exact_polynomial,sparse_signed_bad_data_stress,202,7,0.005831394413212735,0.005009760573086926,0.00397687925548613,22.170921269471478,0.0006329789196987334,0.0015368387952095746,0.004837537010952493,0.002076247021215864,running
sparse_exact_polynomial,sparse_signed_bad_data_stress,202,8,0.005851767357067345,0.00502736052232868,0.0039906590675937775,22.08935242258646,0.000560582023969978,0.0018221592375629928,0.004837537010952493,0.0023686481844054637,running
sparse_exact_polynomial,sparse_signed_bad_data_stress,202,9,0.0058734490169221965,0.00504615478129745,0.004005249509988092,22.028586722464276,0.0004965428657897514,0.0020842004627958217,0.004837537010952493,0.0026224499034991225,running
sparse_exact_polynomial,sparse_signed_bad_data_stress,202,10,0.005895480634604552,0.005065046026529532,0.004020316871447609,21.983919441938365,0.0004398978078315695,0.002321189085003243,0.004837537010952493,0.0028422843114143236,running
sparse_exact_polynomial,sparse_signed_bad_data_stress,202,11,0.005917184129003875,0.005083307302168218,0.004035567624822579,21.95167734614235,0.0003897962454935184,0.002533815097196046,0.004837537010952493,0.0030323385825291424,running
sparse_exact_polynomial,sparse_signed_bad_data_stress,202,12,0.005938099365818001,0.0051004854356940695,0.0040507554046801605,21.928986946695247,0.00034548016692388596,0.002723713598764715,0.004837537010952493,0.003196357939719699,running
sparse_exact_polynomial,sparse_signed_bad_data_stress,202,13,0.005957929524899665,0.005116322480248981,0.004065680690576685,21.913593919435904,0.00030627728383635067,0.0028928306824457595,0.004837537010952493,0.0033376490716277934,running
sparse_exact_polynomial,sparse_signed_bad_data_stress,202,14,0.005976497644487864,0.005130696952506029,0.0040801863137479135,21.903734261293188,0.00027159305569149215,0.0030431468566576923,0.004837537010952493,0.003459121240543748,running
sparse_exact_polynomial,sparse_signed_bad_data_stress,202,15,0.005993713673192661,0.005143580893790401,0.0040941522382454505,21.898033184009947,0.00024090200593475275,0.0031765584127270373,0.004837537010952493,0.0035633330488482533,running
sparse_exact_polynomial,sparse_signed_bad_data_stress,202,16,0.006009549715112657,0.005155008606028728,0.004107490507283979,21.895423083216166,0.00021373971298173014,0.0032948290762676935,0.004837537010952493,0.003652533438975806,running
sparse_exact_polynomial,sparse_signed_bad_data_stress,202,17,0.006024021446707525,0.005165054026620925,0.0041201404635791234,21.895077771084676,0.00018969576154403235,0.0033995736785613333,0.004837537010952493,0.003728697198698022,running
sparse_exact_polynomial,sparse_signed_bad_data_stress,202,18,0.006037174223935859,0.005173814541908354,0.0041320643073525076,21.896360369053635,0.00016840753118775538,0.0034922570209125954,0.004837537010952493,0.003793556424639878,running
sparse_exact_polynomial,sparse_signed_bad_data_stress,202,19,0.006049072769623587,0.00518139958083716,0.004143243061962115,21.898782195166508,0.0001495546911277657,0.003574200062781358,0.004837537010952493,0.003848628615331243,running
sparse_exact_polynomial,sparse_signed_bad_data_stress,202,20,0.00605979358509416,0.005187922728878026,0.004153672986051527,21.90197036888135,0.00013285431417865871,0.00364658947982802,0.004837537010952493,0.00389524172318158,running
sparse_exact_polynomial,sparse_signed_bad_data_stress,202,21,0.006069419424922815,0.005193496413527096,0.004163362437354121,21.905642316938252,0.00011805654283146677,0.003710488522695925,0.004837537010952493,0.003934556449426439,running
sparse_exact_polynomial,sparse_signed_bad_data_stress,202,22,0.006078035327714639,0.005198228453171291,0.004172329170904034,21.909585738533423,0.00010494074782326667,0.0037668480845807926,0.004837537010952493,0.003967586061009635,running
sparse_exact_polynomial,sparse_signed_bad_data_stress,202,23,0.006085725815865396,0.005202219943363824,0.0041805980416382985,21.913642881080218,9.331212497562392e-05,0.0038165174100713364,0.004837537010952493,0.003995213988936433,running
sparse_exact_polynomial,sparse_signed_bad_data_stress,202,24,0.006092572969619999,0.005205564091473807,0.004188199074684943,21.917698212918335,8.299868158394385e-05,0.0038602541639351936,0.004837537010952493,0.004018209442521001,running
sparse_exact_polynomial,sparse_signed_bad_data_stress,202,25,0.006098655151434368,0.005208345713208029,0.004195165863858133,21.921668769181288,7.384856888882208e-05,0.003898733736677219,0.004837537010952493,0.004037241250416147,running
sparse_exact_polynomial,sparse_signed_bad_data_stress,202,26,0.006104046210673685,0.005210641181134941,0.004201534258730233,21.92549659921572,6.572772189040539e-05,0.0039325577516190246,0.004837537010952493,0.0040528901182984006,running
sparse_exact_polynomial,sparse_signed_bad_data_stress,202,27,0.0061088150399321375,0.005212518672480351,0.004207341302212421,21.929142865017038,5.851777198302717e-05,0.0039622617866869325,0.004837537010952493,0.004065659474129239,running
sparse_exact_polynomial,sparse_signed_bad_data_stress,202,28,0.006113025385727524,0.005214038605956279,0.004212624383176476,21.93258323603405,5.211420165146009e-05,0.003988322349866702,0.004837537010952493,0.004075985054673968,running
sparse_exact_polynomial,sparse_signed_bad_data_stress,202,29,0.006116735840308542,0.0052152541888872,0.0042174205718087596,21.935804301424128,4.642471382919743e-05,0.004011163159879008,0.004837537010952493,0.004084243371284451,running
sparse_qsvt_statevector_closed_loop,sparse_signed_bad_data_stress,202,0,0.005999920314578795,0.005231262122382075,0.004000377345060787,27.124691864160344,0.004946931444731453,0.0032233922002469478,0.004837537010952493,0.0012381815223754368,running
sparse_qsvt_statevector_closed_loop,sparse_signed_bad_data_stress,202,1,0.005857104262827235,0.0050844936827570434,0.003932021477324563,23.98081545832197,0.0019639412236258846,0.0018899410744931506,0.004837537010952493,0.00048632061865131165,running
sparse_qsvt_statevector_closed_loop,sparse_signed_bad_data_stress,202,2,0.0058211932274147265,0.005030880277091705,0.003934705597091602,23.24037410607441,0.0012308203989016473,0.001372312552669816,0.004837537010952493,0.00012362848003263954,running
sparse_qsvt_statevector_closed_loop,sparse_signed_bad_data_stress,202,3,0.005800468580927342,0.0049958324670312535,0.003940956060779198,22.85440484176199,0.0010390923281535938,0.000955739540951083,0.004837537010952493,0.0003806546011176352,running
sparse_qsvt_statevector_closed_loop,sparse_signed_bad_data_stress,202,4,0.005794572365987542,0.004983525366625708,0.003945443913322482,22.60407155945294,0.0009142822234372819,0.0007988482049399823,0.004837537010952493,0.0008971095346048559,running
sparse_qsvt_statevector_closed_loop,sparse_signed_bad_data_stress,202,5,0.005800404895914022,0.004985076987691653,0.003953475228113254,22.42050126814349,0.0008079090900152392,0.0009541819950002037,0.004837537010952493,0.0013506705285616064,running
sparse_qsvt_statevector_closed_loop,sparse_signed_bad_data_stress,202,6,0.005813649953567167,0.004994928940514532,0.0039642951776597025,22.279108207590852,0.0007148982281915604,0.0012368735288196962,0.004837537010952493,0.0017397009302977178,running
sparse_qsvt_statevector_closed_loop,sparse_signed_bad_data_stress,202,7,0.005831394414018542,0.00500976057375752,0.003976879256061028,22.17092126562576,0.0006329789200450138,0.0015368388075208677,0.004837537010952493,0.0020762470357359245,running
sparse_qsvt_statevector_closed_loop,sparse_signed_bad_data_stress,202,8,0.005851767358077131,0.0050273605231817035,0.0039906590682993745,22.089352419297033,0.0005605820238836475,0.0018221592506204606,0.004837537010952493,0.002368648198584325,running
sparse_qsvt_statevector_closed_loop,sparse_signed_bad_data_stress,202,9,0.005873449018099148,0.005046154782286557,0.004005249510816502,22.028586719731805,0.0004965428653636999,0.0020842004761507365,0.004837537010952493,0.002622449917157405,running
sparse_qsvt_statevector_closed_loop,sparse_signed_bad_data_stress,202,10,0.005895480635910611,0.00506504602760959,0.004020316872387423,21.983919439732748,0.00043989780714482945,0.002321189098359967,0.004837537010952493,0.002842284324411968,running
sparse_qsvt_statevector_closed_loop,sparse_signed_bad_data_stress,202,11,0.005917184130402532,0.005083307303298748,0.004035567625859545,21.951677344419636,0.00038979624461163794,0.002533815110347682,0.004837537010952493,0.0030323385947724456,running
sparse_qsvt_statevector_closed_loop,sparse_signed_bad_data_stress,202,12,0.005938099367276079,0.005100485436840681,0.004050755405798502,21.928986945404073,0.0003454801659002789,0.0027237136115642814,0.004837537010952493,0.003196357951148709,running
sparse_qsvt_statevector_closed_loop,sparse_signed_bad_data_stress,202,13,0.005957929526388048,0.00511632248138357,0.004065680691760096,21.913593918522125,0.0003062772827149679,0.0028928306947886206,0.004837537010952493,0.003337649082212944,running
sparse_qsvt_statevector_closed_loop,sparse_signed_bad_data_stress,202,14,0.0059764976459817576,0.0051306969536065675,0.004080186314980241,21.903734260703377,0.00027159305450780705,0.003043146868471011,0.004837537010952493,0.0034591212502768287,running
sparse_qsvt_statevector_closed_loop,sparse_signed_bad_data_stress,202,15,0.0059937136746714545,0.005143580894840313,0.004094152239511215,21.89803318369347,0.00024090200471716888,0.0031765584239620945,0.004837537010952493,0.0035633330577369946,running
sparse_qsvt_statevector_closed_loop,sparse_signed_bad_data_stress,202,16,0.006009549716559618,0.005155008607016184,0.004107490508568686,21.89542308312654,0.0002137397117530688,0.003294829086894295,0.004837537010952493,0.00365253344704117,running
sparse_qsvt_statevector_closed_loop,sparse_signed_bad_data_stress,202,17,0.006024021448109463,0.005165054027538125,0.004120140464869549,21.89507777118034,0.00018969576032213154,0.003399573688564082,0.004837537010952493,0.003728697205971589,running
sparse_qsvt_statevector_closed_loop,sparse_signed_bad_data_stress,202,18,0.006037174225282716,0.005173814542750834,0.004132064308636828,21.89636036929789,0.00016840752998663867,0.003492257030287721,0.004837537010952493,0.0037935564311598756,running
sparse_qsvt_statevector_closed_loop,sparse_signed_bad_data_stress,202,19,0.006049072770908021,0.005181399581603123,0.004143243063229997,21.898782195527193,0.0001495546899578707,0.003574200071534222,0.004837537010952493,0.0038486286211402796,running
sparse_qsvt_statevector_closed_loop,sparse_signed_bad_data_stress,202,20,0.006059793586311106,0.005187922729567753,0.00415367298729407,21.90197036933115,0.0001328543130478888,0.003646589487970762,0.004837537010952493,0.003895241728325806,running
sparse_qsvt_statevector_closed_loop,sparse_signed_bad_data_stress,202,21,0.0060694194260691595,0.005193496414142478,0.004163362438563862,21.905642317453815,0.00011805654174551392,0.003710488530246149,0.004837537010952493,0.003934556453953601,running
sparse_qsvt_statevector_closed_loop,sparse_signed_bad_data_stress,202,22,0.006078035328788886,0.005198228453715396,0.004172329172074883,21.90958573909506,0.00010494074678591924,0.003766848091560189,0.004837537010952493,0.00396758606496824,running
sparse_qsvt_statevector_closed_loop,sparse_signed_bad_data_stress,202,23,0.0060857258168673534,0.005202219943840555,0.0041805980427654064,21.913642881671525,9.331212398922625e-05,0.003816517416504468,0.004837537010952493,0.00399521399237321,running
sparse_qsvt_statevector_closed_loop,sparse_signed_bad_data_stress,202,24,0.006092572970550498,0.005205564091887585,0.004188199075764608,21.917698213525867,8.299868064987761e-05,0.0038602541698484864,0.004837537010952493,0.00401820944548271,running
sparse_qsvt_statevector_closed_loop,sparse_signed_bad_data_stress,202,25,0.006098655152295093,0.005208345713563614,0.004195165864887696,21.921668769794206,7.384856800717867e-05,0.0038987337420985156,0.004837537010952493,0.004037241252947476,running
sparse_qsvt_statevector_closed_loop,sparse_signed_bad_data_stress,202,26,0.006104046211466947,0.0052106411814372205,0.004201534259707958,21.92549659982505,6.572772106073434e-05,0.003932557756576812,0.004837537010952493,0.004052890120441703,running
sparse_qsvt_statevector_closed_loop,sparse_signed_bad_data_stress,202,27,0.0061088150406607075,0.005212518672734212,0.004207341303137348,21.929142865615823,5.8517771204486945e-05,0.003962261791209798,0.004837537010952493,0.004065659475924498,running
sparse_qsvt_statevector_closed_loop,sparse_signed_bad_data_stress,202,28,0.006113025386394518,0.005214038606166495,0.004212624384048361,21.932583236616956,5.211420092242967e-05,0.003988322353983091,0.004837537010952493,0.004075985056158873,running
sparse_qsvt_statevector_closed_loop,sparse_signed_bad_data_stress,202,29,0.006116735840917281,0.005215254189058371,0.004217420572627906,21.935804301986984,4.6424713148096784e-05,0.004011163163616751,0.004837537010952493,0.004084243372494058,running
full_system_exact_ridge,sparse_signed_bad_data_stress,303,0,0.007363449092045407,0.00477085595926476,0.006421955287960037,46.29106258401931,0.0506870017578556,0.008252349756149292,0.005111240365453798,,running
full_system_exact_ridge,sparse_signed_bad_data_stress,303,1,0.007634982076248867,0.003858401176349805,0.007296444991881912,4.819004276494793,0.0022749179969958184,0.0005907797431922388,0.006384328045890472,,running
full_system_exact_ridge,sparse_signed_bad_data_stress,303,2,0.007908298176546211,0.004144901350846751,0.0074830632867963045,4.78638175873589,1.595356953000271e-05,0.0004868680388157045,0.006614680109644026,,running
full_system_exact_ridge,sparse_signed_bad_data_stress,303,3,0.0079113983216278,0.00414860108753273,0.007484929194819658,4.786381672158824,2.5701987737540785e-07,0.00048672721499410943,0.006617277385682312,,running
full_system_exact_ridge,sparse_signed_bad_data_stress,303,4,0.007911450744494335,0.004148662586211408,0.007484961288259623,4.786381672138939,4.160049054955431e-09,0.0004867281028484166,0.0066173212632849,,converged
block_full_support_ridge,sparse_signed_bad_data_stress,303,0,0.007363449092045407,0.00477085595926476,0.006421955287960037,46.29106258401931,0.013621828041921625,0.008252349756149292,0.005111240365453798,0.0013420148363914213,running
block_full_support_ridge,sparse_signed_bad_data_stress,303,1,0.006297156550500637,0.0046201665356181195,0.005079188212623829,27.118489708525722,0.0019889771658811424,0.0030741441703086166,0.005111240365453798,0.0008049904804392222,running
block_full_support_ridge,sparse_signed_bad_data_stress,303,2,0.006225320286234737,0.004611270817239514,0.004983925857498691,26.74879594923287,0.001077708515503671,0.002414175987910821,0.005111240365453798,0.0006039340127547372,running
block_full_support_ridge,sparse_signed_bad_data_stress,303,3,0.006180712167216524,0.004607777996321729,0.004922677917814244,26.45101392852567,0.0009354600217386292,0.001897350092254494,0.005111240365453798,0.00046412052110594555,running
block_full_support_ridge,sparse_signed_bad_data_stress,303,4,0.006149899042838354,0.0046055993881852254,0.004879989398863816,26.174005156131155,0.0008254545732727831,0.0014387798816171095,0.005111240365453798,0.000347912829039915,running
block_full_support_ridge,sparse_signed_bad_data_stress,303,5,0.006129839108801434,0.004604207724861804,0.004852093525028973,25.941612190847668,0.0007287291773687557,0.001038381002736646,0.005111240365453798,0.000248346798742264,running
block_full_support_ridge,sparse_signed_bad_data_stress,303,6,0.006117814556045158,0.0046033545140176735,0.004835357233150842,25.74925481768752,0.000643421858915548,0.0006965925071032756,0.005111240365453798,0.0001626763179944357,running
block_full_support_ridge,sparse_signed_bad_data_stress,303,7,0.0061116651357412425,0.004602872294488184,0.004826829670662418,25.5899800161716,0.000568166724384067,0.000427119232993222,0.005111240365453798,8.894525733179884e-05,running
block_full_support_ridge,sparse_signed_bad_data_stress,303,8,0.006109730825386914,0.004602641981217948,0.004824215711886266,25.457761726407693,0.0005017684056919917,0.0002953715002478534,0.005111240365453798,2.5515009268521188e-05,running
block_full_support_ridge,sparse_signed_bad_data_stress,303,9,0.006110752254143616,0.004602578745429678,0.004825759819553845,25.347667283943927,0.00044317570893693625,0.0003708161328475771,0.005111240365453798,2.9025025789175795e-05,running
block_full_support_ridge,sparse_signed_bad_data_stress,303,10,0.0061137830071179115,0.004602622603656057,0.0048301351824581035,25.255693050739012,0.0003914637370457999,0.0005354296065239272,0.005111240365453798,7.589404524101969e-05,running
block_full_support_ridge,sparse_signed_bad_data_stress,303,11,0.006118118596459193,0.004602731586417123,0.004836350331275305,25.178593592977734,0.0003458184271557522,0.0007072627556610098,0.005111240365453798,0.00011614629986228748,running
block_full_support_ridge,sparse_signed_bad_data_stress,303,12,0.00612324019567052,0.004602876727579192,0.004843673242421242,25.113737320017798,0.000305523042601685,0.0008675619894881638,0.005111240365453798,0.00015069332668615553,running
block_full_support_ridge,sparse_signed_bad_data_stress,303,13,0.0061287705564004565,0.004603038393231891,0.0048515708203318375,25.0589882199359,0.0002699463548160823,0.0010126658013487673,0.005111240365453798,0.00018032311375295847,running
block_full_support_ridge,sparse_signed_bad_data_stress,303,14,0.0061344397341955275,0.004603203599986645,0.004859661277432475,25.01260984513665,0.0002385322947133912,0.0011425515883478387,0.005111240365453798,0.0002057166863004964,running
block_full_support_ridge,sparse_signed_bad_data_stress,303,15,0.00614005860149397,0.004603364063064518,0.00486767703630201,24.973187737669683,0.00021079088411105656,0.00125822390591352,0.005111240365453798,0.00022746247178208367,running
block_full_support_ridge,sparse_signed_bad_data_stress,303,16,0.006145498482239951,0.00460351478147942,0.004875436056143197,24.939566956789875,0.00018629028351616896,0.0013609653833998937,0.005111240365453798,0.00024606874372071804,running
block_full_support_ridge,sparse_signed_bad_data_stress,303,17,0.006150675563688898,0.004603653017527739,0.004882819813901852,24.910801880117756,0.00016464981458172022,0.0014520837937716006,0.005111240365453798,0.00026197440233676904,running
block_full_support_ridge,sparse_signed_bad_data_stress,303,18,0.006155539015407996,0.004603777564968096,0.0048897564906027115,24.88611592281765,0.00014553383435453768,0.0015328197965194007,0.005111240365453798,0.0002755583146637456,running
block_full_support_ridge,sparse_signed_bad_data_stress,303,19,0.006160061972418425,0.0046038882279153944,0.004896208199217888,24.864869237187502,0.00012864635459456804,0.0016043144274746949,0.005111240365453798,0.0002871474066881624,running
block_full_support_ridge,sparse_signed_bad_data_stress,303,20,0.006164234723085342,0.004603985452992544,0.0049021613327158925,24.846532813505306,0.00011372631334695692,0.0016676009134532362,0.005111240365453798,0.0002970236740761083,running
block_full_support_ridge,sparse_signed_bad_data_stress,303,21,0.006168059588799345,0.004604070072491902,0.004907619309990657,24.830667704110656,0.00010054341794089774,0.0017236068589798067,0.005111240365453798,0.0003054302556575244,running
block_full_support_ridge,sparse_signed_bad_data_stress,303,22,0.0061715470980383295,0.004604143127554135,0.004912597157452717,24.816908341912967,8.889448894313073e-05,0.0017731608188210617,0.005111240365453798,0.00031257669451589093,running
block_full_support_ridge,sparse_signed_bad_data_stress,303,23,0.00617471314789024,0.004604205748689061,0.004917117490964311,24.80494912846209,7.86002435606533e-05,0.0018170005284424274,0.005111240365453798,0.0003186434948380256,running
block_full_support_ridge,sparse_signed_bad_data_stress,303,24,0.006177576916608033,0.004604259077098355,0.00492120756239232,24.794533632207408,6.950246475416457e-05,0.0018557815037335698,0.005111240365453798,0.00032378606825014393,running
block_full_support_ridge,sparse_signed_bad_data_stress,303,25,0.006180159345463659,0.004604304214777518,0.004924897112663726,24.78544587099825,6.146150907191226e-05,0.0018900853964930432,0.005111240365453798,0.0003281381508839504,running
block_full_support_ridge,sparse_signed_bad_data_stress,303,26,0.006182482050485246,0.004604342194694285,0.004928216833386818,24.77750325991723,5.4354112078379944e-05,0.0019204278236249154,0.005111240365453798,0.00033181476161178546,running
block_full_support_ridge,sparse_signed_bad_data_stress,303,27,0.006184566557330972,0.004604373964774425,0.004931197285595475,24.770550891097006,4.80714553552794e-05,0.0019472655558939401,0.005111240365453798,0.0003349147625321515,running
block_full_support_ridge,sparse_signed_bad_data_stress,303,28,0.0061864337777301276,0.004604400381205541,0.004933868159999533,24.76445688035881,4.25174635063298e-05,0.0019710030384411377,0.005111240365453798,0.00033752307468138656,running
block_full_support_ridge,sparse_signed_bad_data_stress,303,29,0.006188103665298536,0.004604422207866829,0.004936257790675472,24.75910856975002,3.7607303477815436e-05,0.001991998259456201,0.005111240365453798,0.00033971259491909466,running
sparse_exact_ridge,sparse_signed_bad_data_stress,303,0,0.007363449092045407,0.00477085595926476,0.006421955287960037,46.29106258401931,0.013923116347414775,0.008252349756149292,0.005111240365453798,0.0016153085796910566,running
sparse_exact_ridge,sparse_signed_bad_data_stress,303,1,0.006352708630359305,0.004691846068287631,0.005097723729889668,28.471567800720205,0.004246294156777706,0.0035042680886771607,0.005111240365453798,0.0002644213485207725,running
sparse_exact_ridge,sparse_signed_bad_data_stress,303,2,0.006233276339971976,0.0046161521212315796,0.00499116464415561,27.050180758585796,0.0015386249900434848,0.002495467524548684,0.005111240365453798,0.0003989010491452946,running
sparse_exact_ridge,sparse_signed_bad_data_stress,303,3,0.006186196354473055,0.004604261016009947,0.004933646447668192,26.64087172780856,0.0009830860576448904,0.001968000231527162,0.005111240365453798,0.00026380864779133325,running
sparse_exact_ridge,sparse_signed_bad_data_stress,303,4,0.00615423035353461,0.004603282422184518,0.004888294084491844,26.280406817816843,0.0008234975005655861,0.0015115132203012368,0.005111240365453798,1.2967156739763434e-05,running
sparse_exact_ridge,sparse_signed_bad_data_stress,303,5,0.006133949865293699,0.004603249571210203,0.00485890942029976,26.029983777643967,0.0007245203538265971,0.0011319121950575865,0.005111240365453798,0.0001670559183406722,running
sparse_exact_ridge,sparse_signed_bad_data_stress,303,6,0.006121870370365901,0.004604327444825296,0.004840399835807539,25.845304892386242,0.0006430106227538072,0.0008277224998164577,0.005111240365453798,0.0002930761182525894,running
sparse_exact_ridge,sparse_signed_bad_data_stress,303,7,0.006115421114309006,0.004605834086998139,0.004829678219475172,25.693085728215816,0.0005723996775023151,0.0006060914622818613,0.005111240365453798,0.0003904465879615887,running
sparse_exact_ridge,sparse_signed_bad_data_stress,303,8,0.006113002005851504,0.0046073730944785314,0.00482478946766166,25.562842539982316,0.0005100299067420055,0.0004982320806680165,0.005111240365453798,0.00046769951948659916,running
sparse_exact_ridge,sparse_signed_bad_data_stress,303,9,0.006113490564386286,0.004608755539572527,0.004824275552336093,25.451271811108683,0.0004545877247656633,0.0005218112410047775,0.005111240365453798,0.0005276355128661633,running
sparse_exact_ridge,sparse_signed_bad_data_stress,303,10,0.006116022244647565,0.004609896559810234,0.004826954112010684,25.355813535946698,0.00040527099256460896,0.0006300416853532109,0.005111240365453798,0.0005726541879100702,running
sparse_exact_ridge,sparse_signed_bad_data_stress,303,11,0.006119929789628306,0.00461076822698574,0.004831876213737174,25.273968090851202,0.00036140533446835685,0.000767769512589101,0.005111240365453798,0.0006052184937555305,running
sparse_exact_ridge,sparse_signed_bad_data_stress,303,12,0.006124708865627934,0.004611376221844159,0.00483829951466074,25.2035571720792,0.0003223764235837645,0.0009083465187879934,0.005111240365453798,0.0006275394900266776,running
sparse_exact_ridge,sparse_signed_bad_data_stress,303,13,0.006129984266628706,0.004611745189767884,0.004845653284238823,25.142785133473005,0.0002876344755257875,0.0010418256650057303,0.005111240365453798,0.0006414909739418436,running
sparse_exact_ridge,sparse_signed_bad_data_stress,303,14,0.006135480458924828,0.004611908867948525,0.00485350473974824,25.090178044032132,0.00025669413257853395,0.0011648352045259284,0.005111240365453798,0.0006486513263805722,running
sparse_exact_ridge,sparse_signed_bad_data_stress,303,15,0.006140998322261154,0.004611903746807904,0.004861530850489225,25.044516320501994,0.00022912763426538726,0.001276556448230059,0.005111240365453798,0.0006503537698019643,running
sparse_exact_ridge,sparse_signed_bad_data_stress,303,16,0.006146397152206162,0.004611765262698377,0.004869495359847732,25.00478470191304,0.00020455736391934796,0.0013772091382476094,0.005111240365453798,0.0006477232451455449,running
sparse_exact_ridge,sparse_signed_bad_data_stress,303,17,0.0061515806766692695,0.004611525695478175,0.0048772300721169415,24.970134621267103,0.00018264954376457536,0.0014674407058352023,0.005111240365453798,0.0006417054206782195,running
sparse_exact_ridge,sparse_signed_bad_data_stress,303,18,0.0061564861744145515,0.0046112131757562085,0.004884619673695791,24.939854203187714,0.00016310891703645,0.001548060535270263,0.005111240365453798,0.0006330917285755212,running
sparse_exact_ridge,sparse_signed_bad_data_stress,303,19,0.006161076030701912,0.0046108513925374565,0.004891589515760583,24.913343887299742,0.00014567413028565627,0.0016199177072775707,0.005111240365453798,0.000622541350210452,running
sparse_exact_ridge,sparse_signed_bad_data_stress,303,20,0.006165331209324909,0.0046104597228704015,0.0048980958573505715,24.89009664008421,0.00013011368297692602,0.0016838432105337519,0.005111240365453798,0.0006106003779997252,running
sparse_exact_ridge,sparse_signed_bad_data_stress,303,21,0.00616924622540868,0.004610053596581739,0.0049041181281111665,24.86968191665704,0.00011622237465704787,0.00174062295148697,0.005111240365453798,0.0005977184272792684,running
sparse_exact_ridge,sparse_signed_bad_data_stress,303,22,0.006172825289841653,0.004609644973390505,0.00490965283372789,24.85173264656963,0.000103818191002424,0.0017909861618805578,0.005111240365453798,0.0005842630113152295,running
sparse_exact_ridge,sparse_signed_bad_data_stress,303,23,0.006176079366638831,0.004609242854380184,0.004914708788392316,24.835934646837035,9.273957396651372e-05,0.0018356017361551673,0.005111240365453798,0.0005705319674428732,running
sparse_exact_ridge,sparse_signed_bad_data_stress,303,24,0.0061790239404601955,0.004608853780470025,0.0049193034131763125,24.822017984504953,8.284302710963502e-05,0.0018750786990152214,0.005111240365453798,0.0005567641841846528,running
sparse_exact_ridge,sparse_signed_bad_data_stress,303,25,0.0061816773354994295,0.004608482291210818,0.0049234598860545785,24.80974990776675,7.400101350209319e-05,0.0019099687938726956,0.005111240365453798,0.0005431488467785035,running
sparse_exact_ridge,sparse_signed_bad_data_stress,303,26,0.006184059461502741,0.004608131330880887,0.0049272049689220426,24.798929041180962,6.610010919215695e-05,0.0019407700988242679,0.005111240365453798,0.0005298333917472202,running
sparse_exact_ridge,sparse_signed_bad_data_stress,303,27,0.006186190889788682,0.004607802597598207,0.004930567370039778,24.789380601447824,5.903938002715245e-05,0.0019679310644317408,0.005111240365453798,0.0005169303378845851,running
sparse_exact_ridge,sparse_signed_bad_data_stress,303,28,0.006188092183398406,0.004607496836519245,0.004933576527720407,24.780952438869722,5.272895376130153e-05,0.001991854635758297,0.005111240365453798,0.0005045231404740961,running
sparse_exact_ridge,sparse_signed_bad_data_stress,303,29,0.006189783422163979,0.004607214081252734,0.00493626172354567,24.773511748486435,4.70887629892709e-05,0.0020129022724654365,0.005111240365453798,0.0004926711973907433,running
sparse_quantized_ridge,sparse_signed_bad_data_stress,303,0,0.007363449092045407,0.00477085595926476,0.006421955287960037,46.29106258401931,0.013959420863972108,0.008252349756149292,0.005111240365453798,0.0016178842899214653,running
sparse_quantized_ridge,sparse_signed_bad_data_stress,303,1,0.006353216339298608,0.004693493997285774,0.005097042958350871,28.47821862922951,0.0042504237015572885,0.0035079722744724407,0.005111240365453798,0.00024755360126552843,running
sparse_quantized_ridge,sparse_signed_bad_data_stress,303,2,0.006233065220542303,0.004616284232472544,0.004990747851305201,27.05135728607379,0.0015395715639918409,0.0024933433086799647,0.005111240365453798,0.00041167870496202437,running
sparse_quantized_ridge,sparse_signed_bad_data_stress,303,3,0.006185825206825464,0.004604381279752141,0.004933006822280774,26.637095167551617,0.00098472595852571,0.001963297177801839,0.005111240365453798,0.00027264933377489956,running
sparse_quantized_ridge,sparse_signed_bad_data_stress,303,4,0.006153822921151313,0.004603295761023401,0.004887692293874602,26.274964945011313,0.000824430346569885,0.0015048190896355502,0.005111240365453798,2.1145849150094507e-05,running
sparse_quantized_ridge,sparse_signed_bad_data_stress,303,5,0.006133584235139715,0.004603184733370059,0.004858435439906582,26.024765965470387,0.0007252039552960705,0.0011239060466795008,0.005111240365453798,0.00015832346801339478,running
sparse_quantized_ridge,sparse_signed_bad_data_stress,303,6,0.006121566107200194,0.004604204724407789,0.004840065527554365,25.840338795804204,0.0006434411144858967,0.0008186115593537921,0.005111240365453798,0.00028413869214885155,running
sparse_quantized_ridge,sparse_signed_bad_data_stress,303,7,0.006115184491698375,0.004605667952637899,0.0048294806501910205,25.68822798097156,0.0005725862010819817,0.0005964008694200163,0.005111240365453798,0.00038171111074056035,running
sparse_quantized_ridge,sparse_signed_bad_data_stress,303,8,0.006112836232394352,0.0046071774738862155,0.00482472129858962,25.558121226228117,0.0005099912052773457,0.0004899740871162408,0.005111240365453798,0.00045932205929578927,running
sparse_quantized_ridge,sparse_signed_bad_data_stress,303,9,0.006113394804729178,0.004608542762733905,0.00482432469594842,25.44676581018807,0.00045435539843240755,0.0005172741693780188,0.005111240365453798,0.0005196628136558007,running
sparse_quantized_ridge,sparse_signed_bad_data_stress,303,10,0.006115991744440971,0.004609676734469663,0.004827104590732682,25.351576460195997,0.0004048794532731927,0.000628848408012413,0.005111240365453798,0.0005651130966233084,running
sparse_quantized_ridge,sparse_signed_bad_data_stress,303,11,0.006119957355221054,0.004610549152824224,0.004832110486695833,25.270024351776346,0.00036088643260272137,0.0007686537366704364,0.005111240365453798,0.0005981289672576516,running
sparse_quantized_ridge,sparse_signed_bad_data_stress,303,12,0.006124786197429546,0.004611163619472262,0.00483860027794374,25.199913648736057,0.0003217584639860217,0.0009104436334697143,0.005111240365453798,0.0006209110423391855,running
sparse_quantized_ridge,sparse_signed_bad_data_stress,303,13,0.006130102810785906,0.004611543028979856,0.004846004451627338,25.139438535079194,0.0002869424026653507,0.0010446304070333525,0.005111240365453798,0.0006353227770344194,running
sparse_quantized_ridge,sparse_signed_bad_data_stress,303,14,0.006135631928934425,0.0046117197011800596,0.004853891917375175,25.087118479081678,0.000255949730353809,0.0011680432973463085,0.005111240365453798,0.00064293472162409,running
sparse_quantized_ridge,sparse_signed_bad_data_stress,303,15,0.006141175021558382,0.004611729015502446,0.004861941533259135,25.041729538285622,0.00022834967268042499,0.001279974569274475,0.005111240365453798,0.0006450746185332316,running
sparse_quantized_ridge,sparse_signed_bad_data_stress,303,16,0.006146592159481066,0.004611605564504911,0.004869918956409863,25.002253822713666,0.00020376177746515422,0.001380709036349446,0.005111240365453798,0.0006428636173691126,running
sparse_quantized_ridge,sparse_signed_bad_data_stress,303,17,0.0061517879308702105,0.004611381008555071,0.004877657819602381,24.967841453574927,0.00018184965599544854,0.0014709349120022646,0.005111240365453798,0.0006372448337366781,running
sparse_quantized_ridge,sparse_signed_bad_data_stress,303,18,0.006156700489374807,0.004611083041299349,0.004885044487244364,24.9377801859676,0.0001623156907342543,0.001551488630528227,0.005111240365453798,0.0006290081061729842,running
sparse_quantized_ridge,sparse_signed_bad_data_stress,303,19,0.006161293063456451,0.004610735059390099,0.004892005805687321,24.91147073327467,0.00014489642385538134,0.001623238028882206,0.005111240365453798,0.0006188117722304933,running
sparse_quantized_ridge,sparse_signed_bad_data_stress,303,20,0.006165547400058982,0.004610356259295618,0.004898499336019407,24.888406757461894,0.00012935850150495247,0.0016870275360585908,0.005111240365453798,0.0006072016589541976,running
sparse_quantized_ridge,sparse_signed_bad_data_stress,303,21,0.006169458721834681,0.004609961974544091,0.004904505620403481,24.86815867016722,0.00011549510898732755,0.0017436529131685417,0.005111240365453798,0.0005946275554228592,running
sparse_quantized_ridge,sparse_signed_bad_data_stress,303,22,0.006173031864912554,0.004609564130423261,0.004910022099342289,24.85036050303707,0.00010312284081219979,0.0017938507238270149,0.005111240365453798,0.0005814574765059596,running
sparse_quantized_ridge,sparse_signed_bad_data_stress,303,23,0.006176278335633363,0.0046091717375796514,0.004915058360413731,24.834699239099645,9.207895253128388e-05,0.0018382953586911673,0.005111240365453798,0.0005679900007531312,running
sparse_quantized_ridge,sparse_signed_bad_data_stress,303,24,0.006179214081360165,0.004608791376523468,0.004919632454828893,24.820906119018296,8.221894672409924e-05,0.0018775999680033407,0.005111240365453798,0.0005544649276169809,running
sparse_quantized_ridge,sparse_signed_bad_data_stress,303,25,0.006181857815042308,0.00460842764572303,0.004923768065917586,24.808749534694552,7.341445145466228e-05,0.0019123193773736614,0.005111240365453798,0.0005410724677513433,running
sparse_quantized_ridge,sparse_signed_bad_data_stress,303,26,0.006184229768197751,0.004608083559667033,0.004927492353874948,24.798029200703464,6.555135483661365e-05,0.001942953942009666,0.005111240365453798,0.0005279611541316934,running
sparse_quantized_ridge,sparse_signed_bad_data_stress,303,27,0.006186350774423981,0.004607760892080906,0.004930834334619246,24.788571356153575,5.852816392117136e-05,0.001969953762712148,0.005111240365453798,0.0005152446390769867,running
sparse_quantized_ridge,sparse_signed_bad_data_stress,303,28,0.006188241607055534,0.004607460464913717,0.00493382367827942,24.780224799185905,5.225456009475934e-05,0.001993722944164328,0.005111240365453798,0.0005030075221394278,running
sparse_quantized_ridge,sparse_signed_bad_data_stress,303,29,0.006189922511425645,0.004607182386844467,0.004936489835502657,24.772857595939634,4.665012666805752e-05,0.0020146237209789962,0.005111240365453798,0.0004913103360243078,running
sparse_exact_polynomial,sparse_signed_bad_data_stress,303,0,0.007363449092045407,0.00477085595926476,0.006421955287960037,46.29106258401931,0.01395944437294866,0.008252349756149292,0.005111240365453798,0.0016176349980800498,running
sparse_exact_polynomial,sparse_signed_bad_data_stress,303,1,0.0063532052709047515,0.004693479050209736,0.0050970398673055115,28.47790574351087,0.004250013436564607,0.003507891559300858,0.005111240365453798,0.0002475338399346135,running
sparse_exact_polynomial,sparse_signed_bad_data_stress,303,2,0.006233068515612503,0.004616284346398101,0.0049907524878120965,27.051348935336364,0.001539485219364494,0.002493376475966903,0.005111240365453798,0.0004116417013355065,running
sparse_exact_polynomial,sparse_signed_bad_data_stress,303,3,0.006185829700176566,0.004604381255290301,0.004933013325594715,26.637121334991747,0.0009846941017092627,0.001963354181662423,0.005111240365453798,0.0002726582939053047,running
sparse_exact_polynomial,sparse_signed_bad_data_stress,303,4,0.006153827462519246,0.004603295741284726,0.004887698889049643,26.275013037691927,0.0008244101907478833,0.001504893866150752,0.005111240365453798,2.117456641794412e-05,running
sparse_exact_polynomial,sparse_signed_bad_data_stress,303,5,0.006133587952248192,0.0046031846690441315,0.004858440895128049,26.02481647562666,0.0007251915893619167,0.0011239877241674963,0.005111240365453798,0.00015829753762079628,running
sparse_exact_polynomial,sparse_signed_bad_data_stress,303,6,0.006121568735889593,0.004604204547883814,0.004840069508300845,25.84038753006834,0.0006434335762490798,0.000818690705815373,0.005111240365453798,0.00028411794534284477,running
sparse_exact_polynomial,sparse_signed_bad_data_stress,303,7,0.006115186014403736,0.0046056677195450875,0.004829483074725354,25.68827558583292,0.000572582339749782,0.0005964637320865658,0.005111240365453798,0.00038169370012501006,running
sparse_exact_polynomial,sparse_signed_bad_data_stress,303,8,0.0061128366926655716,0.0046071772384705355,0.004824722178213151,25.558167665343543,0.0005099903974216498,0.0004899972078544457,0.005111240365453798,0.00045930754066128267,running
sparse_exact_polynomial,sparse_signed_bad_data_stress,303,9,0.006113394286554008,0.0046085425638173316,0.004824324116984702,25.44681052295107,0.00045435708722871743,0.0005172495102881461,0.005111240365453798,0.0005196514746528712,running
sparse_exact_polynomial,sparse_signed_bad_data_stress,303,10,0.006115990364911986,0.004609676597857152,0.004827102701061283,25.35161900734808,0.00040488312070022405,0.0006287943825091513,0.005111240365453798,0.0005651051164505827,running
sparse_exact_polynomial,sparse_signed_bad_data_stress,303,11,0.006119955248087334,0.004610549093839856,0.004832107468773742,25.270064518138977,0.0003608916336177156,0.0007685861817137459,0.005111240365453798,0.0005981243082696301,running
sparse_exact_polynomial,sparse_signed_bad_data_stress,303,12,0.0061247834989361875,0.00461116364469369,0.004838596325982219,25.1999513588807,0.00032176482895877,0.0009103705355492586,0.005111240365453798,0.0006209095465841264,running
sparse_exact_polynomial,sparse_signed_bad_data_stress,303,13,0.006130099651167878,0.004611543138077528,0.004845999757116972,25.13947379026336,0.0002869496253082345,0.0010445557477965807,0.005111240365453798,0.0006353242268761235,running
sparse_exact_polynomial,sparse_signed_bad_data_stress,303,14,0.006135628427811928,0.0046117198888227405,0.004853886660430889,25.08715132857088,0.00025595755661774925,0.0011679692431340774,0.005111240365453798,0.0006429388629562599,running
sparse_exact_polynomial,sparse_signed_bad_data_stress,303,15,0.006141171285584924,0.004611729273077565,0.004861935877563246,25.041760063636445,0.00022835789263744367,0.0012799023929954945,0.005111240365453798,0.0006450811742072865,running
sparse_exact_polynomial,sparse_signed_bad_data_stress,303,16,0.006146588281422223,0.004611605881537999,0.004869913046610053,25.002282126140244,0.0002037702188152015,0.0013806395201723986,0.005111240365453798,0.0006428722990363042,running
sparse_exact_polynomial,sparse_signed_bad_data_stress,303,17,0.006151783989647444,0.004611381373812275,0.004877651780457826,24.967867649104058,0.00018185817846522214,0.0014708685412100676,0.005111240365453798,0.0006372553518591762,running
sparse_exact_polynomial,sparse_signed_bad_data_stress,303,18,0.006156696550732508,0.004611083443598004,0.004885038423967368,24.937804393140595,0.0001623241812071785,0.0015514256968523561,0.005111240365453798,0.0006290201776713678,running
sparse_exact_polynomial,sparse_signed_bad_data_stress,303,19,0.006161289180996186,0.004610735488158311,0.004891999805048924,24.911493072862655,0.00014490479217477327,0.0016231786908775434,0.005111240365453798,0.0006188251260328455,running
sparse_exact_polynomial,sparse_signed_bad_data_stress,303,20,0.006165543616460904,0.0046103567049269375,0.00489849346790234,24.888427348621885,0.00012936667687500332,0.0016869718572467636,0.005111240365453798,0.0006072160398872619,running
sparse_exact_polynomial,sparse_signed_bad_data_stress,303,21,0.00616945507014524,0.004609962428592358,0.004904499939579493,24.868177628604165,0.00011550303688826156,0.0017436008877396803,0.005111240365453798,0.0005946427267920727,running
sparse_exact_polynomial,sparse_signed_bad_data_stress,303,22,0.00617302836981967,0.004609564585678107,0.004910016647320578,24.850377939869848,0.00010313048035696476,0.001793802294867373,0.005111240365453798,0.0005814732216395138,running
sparse_exact_polynomial,sparse_signed_bad_data_stress,303,23,0.0061762750146794314,0.004609172188057032,0.004915053167257999,24.834715260214143,9.208627420374493e-05,0.0018382504316239168,0.005111240365453798,0.0005680061237291313,running
sparse_exact_polynomial,sparse_signed_bad_data_stress,303,24,0.006179210946063993,0.004608791817399184,0.004919627540877919,24.82092082475401,8.222593044368519e-05,0.0018775584207900778,0.005111240365453798,0.0005544812533523789,running
sparse_exact_polynomial,sparse_signed_bad_data_stress,303,25,0.00618185487191495,0.004608428073231128,0.004923763443370527,24.80876301975533,7.342108492457403e-05,0.0019122810684148706,0.005111240365453798,0.0005410888416093424,running
sparse_exact_polynomial,sparse_signed_bad_data_stress,303,26,0.006184227019647031,0.004608083970979613,0.004927488028221742,24.798041554212833,6.555763213663504e-05,0.001942918716347403,0.005111240365453798,0.0005279774411691984,running
sparse_exact_polynomial,sparse_signed_bad_data_stress,303,27,0.006186348219548844,0.00460776128518136,0.004930830305909552,24.78858266180159,5.853408430928805e-05,0.0019699214569404325,0.005111240365453798,0.0005152607230356395,running
sparse_exact_polynomial,sparse_signed_bad_data_stress,303,28,0.006188239242335194,0.004607460838471746,0.004933819942232079,24.780235135430402,5.22601269904361e-05,0.001993693390329808,0.005111240365453798,0.0005030233042614572,running
sparse_exact_polynomial,sparse_signed_bad_data_stress,303,29,0.006189920331311074,0.004607182740098354,0.004936486384463483,24.772867036236264,4.665534679211193e-05,0.0020145967496791478,0.005111240365453798,0.0004913257337589865,running
sparse_qsvt_statevector_closed_loop,sparse_signed_bad_data_stress,303,0,0.007363449092045407,0.00477085595926476,0.006421955287960037,46.29106258401931,0.013959444461648346,0.008252349756149292,0.005111240365453798,0.0016176350180368325,running
sparse_qsvt_statevector_closed_loop,sparse_signed_bad_data_stress,303,1,0.006353205269055619,0.004693479051335045,0.005097039863691743,28.477905719120624,0.004250013421820824,0.0035078915458160967,0.005111240365453798,0.0002475338220977875,running
sparse_qsvt_statevector_closed_loop,sparse_signed_bad_data_stress,303,2,0.006233068515209167,0.004616284345899367,0.004990752487660946,27.051348943248602,0.00153948521946704,0.002493376471907061,0.005111240365453798,0.0004116417106825067,running
sparse_qsvt_statevector_closed_loop,sparse_signed_bad_data_stress,303,3,0.006185829699526997,0.004604381255295804,0.004933013324652877,26.637121330713203,0.0009846941053206454,0.0019633541734219257,0.005111240365453798,0.00027265829025229676,running
sparse_qsvt_statevector_closed_loop,sparse_signed_bad_data_stress,303,4,0.006153827461871635,0.0046032957412810525,0.004887698888114829,26.275013029943292,0.0008244101931752456,0.0015048938554876991,0.005111240365453798,2.1174559636034018e-05,running
sparse_qsvt_statevector_closed_loop,sparse_signed_bad_data_stress,303,5,0.006133587951745366,0.00460318466906153,0.004858440894382453,26.024816468571704,0.0007251915909675833,0.0011239877131191053,0.005111240365453798,0.00015829754336925105,running
sparse_qsvt_statevector_closed_loop,sparse_signed_bad_data_stress,303,6,0.006121568735549395,0.004604204547931373,0.004840069507763836,25.840387523653607,0.0006434335772320461,0.0008186906955729283,0.005111240365453798,0.00028411795007395664,running
sparse_qsvt_statevector_closed_loop,sparse_signed_bad_data_stress,303,7,0.0061151860142184865,0.004605667719609786,0.00482948307439821,25.688275579607158,0.0005725823402477631,0.0005964637244392372,0.005111240365453798,0.00038169370430243875,running
sparse_qsvt_statevector_closed_loop,sparse_signed_bad_data_stress,303,8,0.006112836692626638,0.0046071772385410815,0.0048247221780938505,25.558167659246923,0.0005099903975091629,0.0004899972058987777,0.005111240365453798,0.000459307544359849,running
sparse_qsvt_statevector_closed_loop,sparse_signed_bad_data_stress,303,9,0.006113394286649063,0.00460854256388559,0.004824324117062728,25.446810517070784,0.0004543570869800256,0.0005172495148117708,0.005111240365453798,0.0005196514778039521,running
sparse_qsvt_statevector_closed_loop,sparse_signed_bad_data_stress,303,10,0.00611599036512421,0.004609676597917439,0.004827102701317164,25.351619001750326,0.0004048831201875659,0.0006287943908207031,0.005111240365453798,0.000565105119013272,running
sparse_qsvt_statevector_closed_loop,sparse_signed_bad_data_stress,303,11,0.006119955248397715,0.004610549093888452,0.004832107469182925,25.270064512851867,0.0003608916329027403,0.0007685861916650303,0.005111240365453798,0.0005981243102459611,running
sparse_qsvt_statevector_closed_loop,sparse_signed_bad_data_stress,303,12,0.006124783499325605,0.004611163644728544,0.00483859632651846,25.199951353912216,0.0003217648280916402,0.0009103705460983894,0.005111240365453798,0.0006209095479976673,running
sparse_qsvt_statevector_closed_loop,sparse_signed_bad_data_stress,303,13,0.006130099651618254,0.00461154313809794,0.004845999757754356,25.139473785612335,0.0002869496243302342,0.001044555758439002,0.005111240365453798,0.0006353242277599343,running
sparse_qsvt_statevector_closed_loop,sparse_signed_bad_data_stress,303,14,0.006135628428306803,0.004611719888829019,0.004853886661145004,25.08715132423077,0.00025595755556287057,0.0011679692536017653,0.005111240365453798,0.000642938863352265,running
sparse_qsvt_statevector_closed_loop,sparse_signed_bad_data_stress,303,15,0.0061411712861097175,0.004611729273070718,0.004861935878331868,25.041760059596566,0.00022835789153345136,0.0012799024031344233,0.005111240365453798,0.0006450811741575885,running
sparse_qsvt_statevector_closed_loop,sparse_signed_bad_data_stress,303,16,0.006146588281964335,0.004611605881519473,0.004869913047413503,25.002282122387907,0.00020377021768465961,0.0013806395298902798,0.005111240365453798,0.0006428722985887222,running
sparse_qsvt_statevector_closed_loop,sparse_signed_bad_data_stress,303,17,0.006151783990196212,0.0046113813737837465,0.004877651781279104,24.967867645624757,0.00018185817732655556,0.0014708685504516176,0.005111240365453798,0.0006372553510616284,running
sparse_qsvt_statevector_closed_loop,sparse_signed_bad_data_stress,303,18,0.006156696551279107,0.004611083443561228,0.004885038424792119,24.93780438991922,0.0001623241800746959,0.0015514257055863603,0.005111240365453798,0.0006290201765695209,running
sparse_qsvt_statevector_closed_loop,sparse_signed_bad_data_stress,303,19,0.006161289181533453,0.004610735488115005,0.004891999805865282,24.911493069884322,0.00014490479106021544,0.0016231786990890552,0.005111240365453798,0.0006188251246729073,running
sparse_qsvt_statevector_closed_loop,sparse_signed_bad_data_stress,303,20,0.006165543616983177,0.0046103567048787165,0.004898493468700735,24.88842734587137,0.00012936667578734555,0.0016869718649325642,0.005111240365453798,0.0006072160383118652,running
sparse_qsvt_statevector_closed_loop,sparse_signed_bad_data_stress,303,21,0.006169455070648177,0.004609962428540678,0.004904499940352423,24.86817762606711,0.00011550303583416743,0.0017436008949051067,0.005111240365453798,0.0005946427250406232,running
sparse_qsvt_statevector_closed_loop,sparse_signed_bad_data_stress,303,22,0.0061730283703000585,0.004609564585624249,0.004910016648062343,24.850377937532265,0.0001031304793416936,0.0017938023015238583,0.005111240365453798,0.0005814732197498851,running
sparse_qsvt_statevector_closed_loop,sparse_signed_bad_data_stress,303,23,0.0061762750151350245,0.0046091721880020895,0.004915053167964464,24.834715258062534,9.208627323079652e-05,0.0018382504377874274,0.005111240365453798,0.0005680061217341233,running
sparse_qsvt_statevector_closed_loop,sparse_signed_bad_data_stress,303,24,0.006179210946493359,0.004608791817344074,0.004919627541546284,24.8209208227759,8.222592951555229e-05,0.0018775584264798504,0.005111240365453798,0.0005544812512829915,running
sparse_qsvt_statevector_closed_loop,sparse_signed_bad_data_stress,303,25,0.006181854872317316,0.004608428073176593,0.0049237634439990964,24.80876301793854,7.342108404270437e-05,0.0019122810736523028,0.005111240365453798,0.0005410888394922699,running
sparse_qsvt_statevector_closed_loop,sparse_signed_bad_data_stress,303,26,0.006184227020022187,0.004608083970926245,0.004927488028809751,24.798041552546003,6.55576313015241e-05,0.001942918721155465,0.005111240365453798,0.0005279774390284068,running
sparse_qsvt_statevector_closed_loop,sparse_signed_bad_data_stress,303,27,0.006186348219896999,0.004607761285129613,0.004930830306456969,24.788582660274113,5.853408352105141e-05,0.0019699214613428167,0.005111240365453798,0.000515260720892143,running
sparse_qsvt_statevector_closed_loop,sparse_signed_bad_data_stress,303,28,0.006188239242656918,0.0046074608384219585,0.004933819942739475,24.780235134032047,5.226012624848585e-05,0.001993693394350682,0.005111240365453798,0.0005030233021329991,running
sparse_qsvt_statevector_closed_loop,sparse_signed_bad_data_stress,303,29,0.006189920331607209,0.004607182740050764,0.004936486384931914,24.77286703495766,4.665534609553055e-05,0.002014596753342816,0.005111240365453798,0.0004913257316611244,running
